lot_id,product_id,supplier_id,warehouse_id,production_date,received_date,expiry_date
1,1,4,3,2024-07-06,2024-07-07,2024-07-14
2,1,4,3,2024-07-09,2024-07-12,2024-07-17
3,1,4,3,2024-07-16,2024-07-17,2024-07-24
4,1,4,1,2024-07-26,2024-07-29,2024-08-03
5,1,4,1,2024-08-03,2024-08-04,2024-08-11
6,1,4,3,2024-08-10,2024-08-12,2024-08-18
7,1,4,3,2024-08-18,2024-08-19,2024-08-26
8,1,4,1,2024-08-23,2024-08-25,2024-08-31
9,1,4,1,2024-08-26,2024-08-29,2024-09-03
10,1,4,1,2024-09-04,2024-09-07,2024-09-12
11,1,4,3,2024-09-15,2024-09-17,2024-09-23
12,1,4,3,2024-09-22,2024-09-25,2024-09-30
13,1,4,3,2024-09-28,2024-09-29,2024-10-06
14,1,4,1,2024-10-02,2024-10-03,2024-10-10
15,1,4,1,2024-10-08,2024-10-09,2024-10-16
16,1,4,1,2024-10-14,2024-10-16,2024-10-22
17,1,4,3,2024-10-22,2024-10-23,2024-10-30
18,1,4,3,2024-11-02,2024-11-03,2024-11-10
19,1,4,1,2024-11-10,2024-11-12,2024-11-18
20,1,4,1,2024-11-11,2024-11-12,2024-11-19
21,1,4,3,2024-11-19,2024-11-21,2024-11-27
22,1,4,3,2024-12-01,2024-12-02,2024-12-09
23,1,4,3,2024-12-05,2024-12-06,2024-12-13
24,1,4,3,2024-12-12,2024-12-13,2024-12-20
25,1,4,1,2024-12-22,2024-12-25,2024-12-30
26,1,4,3,2024-12-24,2024-12-26,2025-01-01
27,1,4,3,2025-01-02,2025-01-05,2025-01-10
28,1,4,1,2025-01-12,2025-01-14,2025-01-20
29,1,4,1,2025-01-14,2025-01-17,2025-01-22
30,1,4,1,2025-01-21,2025-01-22,2025-01-29
31,1,4,1,2025-01-31,2025-02-03,2025-02-08
32,1,4,3,2025-02-08,2025-02-10,2025-02-16
33,1,4,1,2025-02-11,2025-02-12,2025-02-19
34,1,4,1,2025-02-19,2025-02-20,2025-02-27
35,1,4,3,2025-02-27,2025-03-01,2025-03-07
36,1,4,3,2025-03-07,2025-03-10,2025-03-15
37,1,4,3,2025-03-10,2025-03-13,2025-03-18
38,1,4,3,2025-03-17,2025-03-18,2025-03-25
39,1,4,1,2025-03-24,2025-03-27,2025-04-01
40,1,4,1,2025-04-03,2025-04-05,2025-04-11
41,1,4,3,2025-04-10,2025-04-11,2025-04-18
42,1,4,1,2025-04-14,2025-04-16,2025-04-22
43,1,4,1,2025-04-26,2025-04-29,2025-05-04
44,1,4,3,2025-04-30,2025-05-02,2025-05-08
45,1,4,1,2025-05-09,2025-05-11,2025-05-17
46,1,4,3,2025-05-18,2025-05-21,2025-05-26
47,1,4,3,2025-05-24,2025-05-26,2025-06-01
48,1,4,3,2025-05-26,2025-05-29,2025-06-03
49,1,4,3,2025-06-07,2025-06-09,2025-06-15
50,1,4,3,2025-06-12,2025-06-15,2025-06-20
51,1,4,3,2025-06-20,2025-06-21,2025-06-28
52,1,4,3,2025-06-23,2025-06-25,2025-07-01
53,1,4,3,2025-07-06,2025-07-08,2025-07-14
54,1,4,1,2025-07-09,2025-07-10,2025-07-17
55,1,4,1,2025-07-14,2025-07-16,2025-07-22
56,1,4,3,2025-07-25,2025-07-26,2025-08-02
57,1,4,3,2025-08-02,2025-08-05,2025-08-10
58,1,4,3,2025-08-09,2025-08-12,2025-08-17
59,1,4,3,2025-08-17,2025-08-18,2025-08-25
60,1,4,3,2025-08-18,2025-08-19,2025-08-26
61,1,4,3,2025-08-26,2025-08-29,2025-09-03
62,1,4,3,2025-09-07,2025-09-10,2025-09-15
63,1,4,1,2025-09-10,2025-09-11,2025-09-18
64,1,4,3,2025-09-15,2025-09-18,2025-09-23
65,1,4,1,2025-09-25,2025-09-27,2025-10-03
66,1,4,1,2025-10-03,2025-10-06,2025-10-11
67,1,4,1,2025-10-12,2025-10-15,2025-10-20
68,1,4,3,2025-10-13,2025-10-14,2025-10-21
69,1,4,3,2025-10-25,2025-10-26,2025-11-02
70,1,4,1,2025-11-02,2025-11-04,2025-11-10
71,1,4,1,2025-11-03,2025-11-06,2025-11-11
72,1,4,1,2025-11-14,2025-11-15,2025-11-22
73,1,4,1,2025-11-18,2025-11-20,2025-11-26
74,1,4,3,2025-11-29,2025-12-02,2025-12-07
75,1,4,1,2025-12-01,2025-12-04,2025-12-09
76,1,4,1,2025-12-08,2025-12-10,2025-12-16
77,1,4,1,2025-12-15,2025-12-18,2025-12-23
78,1,4,3,2025-12-28,2025-12-30,2026-01-05
79,1,4,3,2026-01-02,2026-01-03,2026-01-10
80,1,4,1,2026-01-06,2026-01-08,2026-01-14
81,1,4,3,2026-01-13,2026-01-16,2026-01-21
82,1,4,3,2026-01-24,2026-01-25,2026-02-01
83,1,4,1,2026-01-30,2026-01-31,2026-02-07
84,1,4,1,2026-02-07,2026-02-08,2026-02-15
85,1,4,1,2026-02-11,2026-02-12,2026-02-19
86,1,4,3,2026-02-17,2026-02-18,2026-02-25
87,1,4,1,2026-02-23,2026-02-26,2026-03-03
88,1,4,3,2026-03-04,2026-03-05,2026-03-12
89,1,4,1,2026-03-09,2026-03-11,2026-03-17
90,1,4,1,2026-03-17,2026-03-19,2026-03-25
91,1,4,3,2026-03-26,2026-03-27,2026-04-03
92,1,4,1,2026-04-01,2026-04-03,2026-04-09
93,1,4,1,2026-04-08,2026-04-11,2026-04-16
94,1,4,1,2026-04-19,2026-04-20,2026-04-27
95,1,4,1,2026-04-23,2026-04-25,2026-05-01
96,1,4,1,2026-04-27,2026-04-29,2026-05-05
97,1,4,3,2026-05-06,2026-05-08,2026-05-14
98,1,4,3,2026-05-17,2026-05-20,2026-05-25
99,1,4,1,2026-05-20,2026-05-22,2026-05-28
100,1,4,1,2026-05-30,2026-06-02,2026-06-07
101,1,4,1,2026-06-01,2026-06-04,2026-06-09
102,1,4,1,2026-06-10,2026-06-13,2026-06-18
103,1,4,1,2026-06-18,2026-06-21,2026-06-26
104,1,4,3,2026-06-22,2026-06-23,2026-06-30
105,1,4,4,2024-07-07,2024-07-08,2024-07-15
106,1,4,4,2024-07-13,2024-07-16,2024-07-21
107,1,4,4,2024-07-21,2024-07-22,2024-07-29
108,1,4,4,2024-07-25,2024-07-27,2024-08-02
109,1,4,4,2024-08-02,2024-08-05,2024-08-10
110,1,4,4,2024-08-08,2024-08-09,2024-08-16
111,1,4,4,2024-08-16,2024-08-18,2024-08-24
112,1,4,4,2024-08-22,2024-08-24,2024-08-30
113,1,4,4,2024-08-26,2024-08-28,2024-09-03
114,1,4,4,2024-09-06,2024-09-07,2024-09-14
115,1,4,4,2024-09-15,2024-09-18,2024-09-23
116,1,4,4,2024-09-21,2024-09-22,2024-09-29
117,1,4,4,2024-09-25,2024-09-28,2024-10-03
118,1,4,4,2024-10-04,2024-10-05,2024-10-12
119,1,4,4,2024-10-08,2024-10-10,2024-10-16
120,1,4,4,2024-10-16,2024-10-17,2024-10-24
121,1,4,4,2024-10-21,2024-10-22,2024-10-29
122,1,4,4,2024-10-28,2024-10-30,2024-11-05
123,1,4,4,2024-11-06,2024-11-07,2024-11-14
124,1,4,4,2024-11-12,2024-11-15,2024-11-20
125,1,4,4,2024-11-20,2024-11-23,2024-11-28
126,1,4,4,2024-11-26,2024-11-28,2024-12-04
127,1,4,4,2024-12-04,2024-12-07,2024-12-12
128,1,4,4,2024-12-15,2024-12-16,2024-12-23
129,1,4,4,2024-12-19,2024-12-20,2024-12-27
130,1,4,4,2024-12-26,2024-12-29,2025-01-03
131,1,4,4,2025-01-03,2025-01-04,2025-01-11
132,1,4,4,2025-01-10,2025-01-11,2025-01-18
133,1,4,4,2025-01-17,2025-01-19,2025-01-25
134,1,4,4,2025-01-22,2025-01-23,2025-01-30
135,1,4,4,2025-02-01,2025-02-02,2025-02-09
136,1,4,4,2025-02-08,2025-02-09,2025-02-16
137,1,4,4,2025-02-14,2025-02-17,2025-02-22
138,1,4,4,2025-02-20,2025-02-23,2025-02-28
139,1,4,4,2025-02-26,2025-02-28,2025-03-06
140,1,4,4,2025-03-05,2025-03-08,2025-03-13
141,1,4,4,2025-03-15,2025-03-18,2025-03-23
142,1,4,4,2025-03-20,2025-03-23,2025-03-28
143,1,4,4,2025-03-26,2025-03-27,2025-04-03
144,1,4,4,2025-04-02,2025-04-04,2025-04-10
145,1,4,4,2025-04-08,2025-04-10,2025-04-16
146,1,4,4,2025-04-15,2025-04-17,2025-04-23
147,1,4,4,2025-04-26,2025-04-28,2025-05-04
148,1,4,4,2025-05-02,2025-05-04,2025-05-10
149,1,4,4,2025-05-07,2025-05-09,2025-05-15
150,1,4,4,2025-05-18,2025-05-20,2025-05-26
151,1,4,4,2025-05-24,2025-05-27,2025-06-01
152,1,4,4,2025-05-26,2025-05-29,2025-06-03
153,1,4,4,2025-06-03,2025-06-05,2025-06-11
154,1,4,4,2025-06-12,2025-06-13,2025-06-20
155,1,4,4,2025-06-22,2025-06-24,2025-06-30
156,1,4,4,2025-06-27,2025-06-28,2025-07-05
157,1,4,4,2025-07-01,2025-07-03,2025-07-09
158,1,4,4,2025-07-10,2025-07-11,2025-07-18
159,1,4,4,2025-07-15,2025-07-16,2025-07-23
160,1,4,4,2025-07-24,2025-07-25,2025-08-01
161,1,4,4,2025-08-02,2025-08-04,2025-08-10
162,1,4,4,2025-08-09,2025-08-10,2025-08-17
163,1,4,4,2025-08-17,2025-08-19,2025-08-25
164,1,4,4,2025-08-23,2025-08-26,2025-08-31
165,1,4,4,2025-08-27,2025-08-29,2025-09-04
166,1,4,4,2025-09-05,2025-09-08,2025-09-13
167,1,4,4,2025-09-14,2025-09-15,2025-09-22
168,1,4,4,2025-09-18,2025-09-21,2025-09-26
169,1,4,4,2025-09-28,2025-09-29,2025-10-06
170,1,4,4,2025-09-30,2025-10-01,2025-10-08
171,1,4,4,2025-10-11,2025-10-13,2025-10-19
172,1,4,4,2025-10-13,2025-10-16,2025-10-21
173,1,4,4,2025-10-24,2025-10-27,2025-11-01
174,1,4,4,2025-10-28,2025-10-29,2025-11-05
175,1,4,4,2025-11-09,2025-11-11,2025-11-17
176,1,4,4,2025-11-12,2025-11-13,2025-11-20
177,1,4,4,2025-11-21,2025-11-23,2025-11-29
178,1,4,4,2025-11-27,2025-11-28,2025-12-05
179,1,4,4,2025-12-05,2025-12-08,2025-12-13
180,1,4,4,2025-12-13,2025-12-16,2025-12-21
181,1,4,4,2025-12-15,2025-12-18,2025-12-23
182,1,4,4,2025-12-25,2025-12-28,2026-01-02
183,1,4,4,2026-01-04,2026-01-07,2026-01-12
184,1,4,4,2026-01-06,2026-01-09,2026-01-14
185,1,4,4,2026-01-18,2026-01-19,2026-01-26
186,1,4,4,2026-01-25,2026-01-26,2026-02-02
187,1,4,4,2026-02-01,2026-02-03,2026-02-09
188,1,4,4,2026-02-03,2026-02-06,2026-02-11
189,1,4,4,2026-02-12,2026-02-13,2026-02-20
190,1,4,4,2026-02-19,2026-02-21,2026-02-27
191,1,4,4,2026-02-23,2026-02-24,2026-03-03
192,1,4,4,2026-03-05,2026-03-06,2026-03-13
193,1,4,4,2026-03-12,2026-03-15,2026-03-20
194,1,4,4,2026-03-21,2026-03-24,2026-03-29
195,1,4,4,2026-03-29,2026-04-01,2026-04-06
196,1,4,4,2026-04-01,2026-04-03,2026-04-09
197,1,4,4,2026-04-06,2026-04-08,2026-04-14
198,1,4,4,2026-04-15,2026-04-18,2026-04-23
199,1,4,4,2026-04-23,2026-04-24,2026-05-01
200,1,4,4,2026-05-02,2026-05-03,2026-05-10
201,1,4,4,2026-05-09,2026-05-10,2026-05-17
202,1,4,4,2026-05-16,2026-05-19,2026-05-24
203,1,4,4,2026-05-24,2026-05-25,2026-06-01
204,1,4,4,2026-05-29,2026-06-01,2026-06-06
205,1,4,4,2026-06-04,2026-06-07,2026-06-12
206,1,4,4,2026-06-14,2026-06-17,2026-06-22
207,1,4,4,2026-06-20,2026-06-21,2026-06-28
208,1,4,4,2026-06-26,2026-06-28,2026-07-04
209,1,4,5,2024-07-02,2024-07-03,2024-07-10
210,1,4,5,2024-07-10,2024-07-11,2024-07-18
211,1,4,5,2024-07-16,2024-07-17,2024-07-24
212,1,4,5,2024-07-25,2024-07-26,2024-08-02
213,1,4,5,2024-08-04,2024-08-05,2024-08-12
214,1,4,5,2024-08-11,2024-08-12,2024-08-19
215,1,4,5,2024-08-12,2024-08-14,2024-08-20
216,1,4,5,2024-08-21,2024-08-24,2024-08-29
217,1,4,5,2024-08-29,2024-08-30,2024-09-06
218,1,4,5,2024-09-03,2024-09-04,2024-09-11
219,1,4,5,2024-09-12,2024-09-13,2024-09-20
220,1,4,5,2024-09-20,2024-09-21,2024-09-28
221,1,4,5,2024-09-24,2024-09-26,2024-10-02
222,1,4,5,2024-10-03,2024-10-04,2024-10-11
223,1,4,5,2024-10-10,2024-10-12,2024-10-18
224,1,4,5,2024-10-17,2024-10-19,2024-10-25
225,1,4,5,2024-10-25,2024-10-27,2024-11-02
226,1,4,5,2024-10-31,2024-11-01,2024-11-08
227,1,4,5,2024-11-08,2024-11-09,2024-11-16
228,1,4,5,2024-11-11,2024-11-12,2024-11-19
229,1,4,5,2024-11-23,2024-11-25,2024-12-01
230,1,4,5,2024-11-30,2024-12-03,2024-12-08
231,1,4,5,2024-12-05,2024-12-07,2024-12-13
232,1,4,5,2024-12-09,2024-12-12,2024-12-17
233,1,4,5,2024-12-17,2024-12-19,2024-12-25
234,1,4,5,2024-12-28,2024-12-31,2025-01-05
235,1,4,5,2025-01-05,2025-01-07,2025-01-13
236,1,4,5,2025-01-10,2025-01-11,2025-01-18
237,1,4,5,2025-01-16,2025-01-17,2025-01-24
238,1,4,5,2025-01-26,2025-01-27,2025-02-03
239,1,4,5,2025-02-02,2025-02-03,2025-02-10
240,1,4,5,2025-02-09,2025-02-12,2025-02-17
241,1,4,5,2025-02-11,2025-02-13,2025-02-19
242,1,4,5,2025-02-22,2025-02-25,2025-03-02
243,1,4,5,2025-03-01,2025-03-02,2025-03-09
244,1,4,5,2025-03-05,2025-03-07,2025-03-13
245,1,4,5,2025-03-13,2025-03-15,2025-03-21
246,1,4,5,2025-03-19,2025-03-22,2025-03-27
247,1,4,5,2025-03-28,2025-03-29,2025-04-05
248,1,4,5,2025-04-03,2025-04-05,2025-04-11
249,1,4,5,2025-04-10,2025-04-13,2025-04-18
250,1,4,5,2025-04-16,2025-04-19,2025-04-24
251,1,4,5,2025-04-27,2025-04-30,2025-05-05
252,1,4,5,2025-04-30,2025-05-03,2025-05-08
253,1,4,5,2025-05-10,2025-05-11,2025-05-18
254,1,4,5,2025-05-18,2025-05-19,2025-05-26
255,1,4,5,2025-05-24,2025-05-27,2025-06-01
256,1,4,5,2025-05-31,2025-06-03,2025-06-08
257,1,4,5,2025-06-07,2025-06-08,2025-06-15
258,1,4,5,2025-06-15,2025-06-17,2025-06-23
259,1,4,5,2025-06-17,2025-06-18,2025-06-25
260,1,4,5,2025-06-26,2025-06-29,2025-07-04
261,1,4,5,2025-07-05,2025-07-08,2025-07-13
262,1,4,5,2025-07-12,2025-07-15,2025-07-20
263,1,4,5,2025-07-14,2025-07-17,2025-07-22
264,1,4,5,2025-07-24,2025-07-26,2025-08-01
265,1,4,5,2025-07-30,2025-08-01,2025-08-07
266,1,4,5,2025-08-05,2025-08-07,2025-08-13
267,1,4,5,2025-08-13,2025-08-14,2025-08-21
268,1,4,5,2025-08-19,2025-08-22,2025-08-27
269,1,4,5,2025-08-28,2025-08-31,2025-09-05
270,1,4,5,2025-09-07,2025-09-10,2025-09-15
271,1,4,5,2025-09-09,2025-09-11,2025-09-17
272,1,4,5,2025-09-21,2025-09-22,2025-09-29
273,1,4,5,2025-09-26,2025-09-28,2025-10-04
274,1,4,5,2025-10-03,2025-10-05,2025-10-11
275,1,4,5,2025-10-10,2025-10-12,2025-10-18
276,1,4,5,2025-10-13,2025-10-16,2025-10-21
277,1,4,5,2025-10-25,2025-10-28,2025-11-02
278,1,4,5,2025-10-27,2025-10-28,2025-11-04
279,1,4,5,2025-11-08,2025-11-11,2025-11-16
280,1,4,5,2025-11-11,2025-11-12,2025-11-19
281,1,4,5,2025-11-18,2025-11-21,2025-11-26
282,1,4,5,2025-11-28,2025-11-30,2025-12-06
283,1,4,5,2025-12-07,2025-12-09,2025-12-15
284,1,4,5,2025-12-13,2025-12-14,2025-12-21
285,1,4,5,2025-12-15,2025-12-17,2025-12-23
286,1,4,5,2025-12-23,2025-12-26,2025-12-31
287,1,4,5,2026-01-02,2026-01-04,2026-01-10
288,1,4,5,2026-01-10,2026-01-11,2026-01-18
289,1,4,5,2026-01-16,2026-01-18,2026-01-24
290,1,4,5,2026-01-23,2026-01-25,2026-01-31
291,1,4,5,2026-01-28,2026-01-31,2026-02-05
292,1,4,5,2026-02-07,2026-02-10,2026-02-15
293,1,4,5,2026-02-14,2026-02-16,2026-02-22
294,1,4,5,2026-02-18,2026-02-21,2026-02-26
295,1,4,5,2026-02-26,2026-02-27,2026-03-06
296,1,4,5,2026-03-02,2026-03-03,2026-03-10
297,1,4,5,2026-03-14,2026-03-17,2026-03-22
298,1,4,5,2026-03-21,2026-03-24,2026-03-29
299,1,4,5,2026-03-28,2026-03-29,2026-04-05
300,1,4,5,2026-04-05,2026-04-08,2026-04-13
301,1,4,5,2026-04-09,2026-04-12,2026-04-17
302,1,4,5,2026-04-17,2026-04-18,2026-04-25
303,1,4,5,2026-04-23,2026-04-25,2026-05-01
304,1,4,5,2026-04-27,2026-04-30,2026-05-05
305,1,4,5,2026-05-09,2026-05-11,2026-05-17
306,1,4,5,2026-05-15,2026-05-18,2026-05-23
307,1,4,5,2026-05-21,2026-05-24,2026-05-29
308,1,4,5,2026-05-29,2026-06-01,2026-06-06
309,1,4,5,2026-06-06,2026-06-08,2026-06-14
310,1,4,5,2026-06-09,2026-06-10,2026-06-17
311,1,4,5,2026-06-21,2026-06-22,2026-06-29
312,1,4,5,2026-06-28,2026-07-01,2026-07-06
313,1,4,7,2024-07-04,2024-07-07,2024-07-12
314,1,4,9,2024-07-09,2024-07-11,2024-07-17
315,1,4,7,2024-07-15,2024-07-16,2024-07-23
316,1,4,9,2024-07-24,2024-07-25,2024-08-01
317,1,4,7,2024-07-29,2024-08-01,2024-08-06
318,1,4,7,2024-08-05,2024-08-06,2024-08-13
319,1,4,7,2024-08-17,2024-08-20,2024-08-25
320,1,4,9,2024-08-21,2024-08-23,2024-08-29
321,1,4,9,2024-08-26,2024-08-27,2024-09-03
322,1,4,7,2024-09-06,2024-09-07,2024-09-14
323,1,4,7,2024-09-09,2024-09-11,2024-09-17
324,1,4,9,2024-09-22,2024-09-24,2024-09-30
325,1,4,7,2024-09-23,2024-09-25,2024-10-01
326,1,4,7,2024-10-06,2024-10-09,2024-10-14
327,1,4,7,2024-10-13,2024-10-15,2024-10-21
328,1,4,7,2024-10-20,2024-10-21,2024-10-28
329,1,4,9,2024-10-26,2024-10-28,2024-11-03
330,1,4,9,2024-10-30,2024-11-02,2024-11-07
331,1,4,7,2024-11-08,2024-11-09,2024-11-16
332,1,4,7,2024-11-12,2024-11-15,2024-11-20
333,1,4,9,2024-11-24,2024-11-26,2024-12-02
334,1,4,7,2024-11-28,2024-12-01,2024-12-06
335,1,4,7,2024-12-08,2024-12-09,2024-12-16
336,1,4,7,2024-12-14,2024-12-16,2024-12-22
337,1,4,9,2024-12-17,2024-12-19,2024-12-25
338,1,4,9,2024-12-27,2024-12-30,2025-01-04
339,1,4,9,2024-12-31,2025-01-03,2025-01-08
340,1,4,9,2025-01-11,2025-01-14,2025-01-19
341,1,4,7,2025-01-14,2025-01-17,2025-01-22
342,1,4,7,2025-01-23,2025-01-26,2025-01-31
343,1,4,9,2025-01-31,2025-02-03,2025-02-08
344,1,4,9,2025-02-09,2025-02-11,2025-02-17
345,1,4,7,2025-02-16,2025-02-17,2025-02-24
346,1,4,7,2025-02-23,2025-02-25,2025-03-03
347,1,4,9,2025-03-02,2025-03-05,2025-03-10
348,1,4,7,2025-03-03,2025-03-04,2025-03-11
349,1,4,9,2025-03-11,2025-03-12,2025-03-19
350,1,4,7,2025-03-23,2025-03-24,2025-03-31
351,1,4,9,2025-03-30,2025-04-02,2025-04-07
352,1,4,7,2025-04-02,2025-04-04,2025-04-10
353,1,4,9,2025-04-11,2025-04-13,2025-04-19
354,1,4,7,2025-04-16,2025-04-17,2025-04-24
355,1,4,7,2025-04-24,2025-04-27,2025-05-02
356,1,4,7,2025-04-29,2025-05-02,2025-05-07
357,1,4,9,2025-05-05,2025-05-07,2025-05-13
358,1,4,9,2025-05-15,2025-05-17,2025-05-23
359,1,4,7,2025-05-23,2025-05-25,2025-05-31
360,1,4,7,2025-05-27,2025-05-30,2025-06-04
361,1,4,9,2025-06-07,2025-06-10,2025-06-15
362,1,4,7,2025-06-13,2025-06-16,2025-06-21
363,1,4,9,2025-06-21,2025-06-24,2025-06-29
364,1,4,9,2025-06-27,2025-06-30,2025-07-05
365,1,4,7,2025-07-04,2025-07-06,2025-07-12
366,1,4,9,2025-07-07,2025-07-10,2025-07-15
367,1,4,9,2025-07-20,2025-07-22,2025-07-28
368,1,4,7,2025-07-26,2025-07-27,2025-08-03
369,1,4,7,2025-08-01,2025-08-04,2025-08-09
370,1,4,7,2025-08-05,2025-08-07,2025-08-13
371,1,4,9,2025-08-13,2025-08-15,2025-08-21
372,1,4,9,2025-08-21,2025-08-23,2025-08-29
373,1,4,9,2025-08-27,2025-08-28,2025-09-04
374,1,4,7,2025-09-05,2025-09-06,2025-09-13
375,1,4,7,2025-09-08,2025-09-10,2025-09-16
376,1,4,7,2025-09-21,2025-09-23,2025-09-29
377,1,4,7,2025-09-25,2025-09-26,2025-10-03
378,1,4,7,2025-09-30,2025-10-01,2025-10-08
379,1,4,7,2025-10-08,2025-10-10,2025-10-16
380,1,4,7,2025-10-17,2025-10-19,2025-10-25
381,1,4,9,2025-10-22,2025-10-24,2025-10-30
382,1,4,7,2025-10-28,2025-10-30,2025-11-05
383,1,4,7,2025-11-08,2025-11-10,2025-11-16
384,1,4,7,2025-11-16,2025-11-19,2025-11-24
385,1,4,7,2025-11-22,2025-11-23,2025-11-30
386,1,4,7,2025-11-26,2025-11-29,2025-12-04
387,1,4,9,2025-12-01,2025-12-04,2025-12-09
388,1,4,7,2025-12-13,2025-12-14,2025-12-21
389,1,4,9,2025-12-19,2025-12-22,2025-12-27
390,1,4,9,2025-12-27,2025-12-29,2026-01-04
391,1,4,9,2025-12-29,2026-01-01,2026-01-06
392,1,4,7,2026-01-08,2026-01-10,2026-01-16
393,1,4,9,2026-01-17,2026-01-18,2026-01-25
394,1,4,9,2026-01-19,2026-01-22,2026-01-27
395,1,4,7,2026-01-28,2026-01-30,2026-02-05
396,1,4,7,2026-02-07,2026-02-10,2026-02-15
397,1,4,7,2026-02-10,2026-02-11,2026-02-18
398,1,4,9,2026-02-22,2026-02-23,2026-03-02
399,1,4,9,2026-02-26,2026-03-01,2026-03-06
400,1,4,7,2026-03-02,2026-03-05,2026-03-10
401,1,4,7,2026-03-10,2026-03-12,2026-03-18
402,1,4,9,2026-03-22,2026-03-24,2026-03-30
403,1,4,7,2026-03-24,2026-03-25,2026-04-01
404,1,4,7,2026-04-02,2026-04-03,2026-04-10
405,1,4,9,2026-04-10,2026-04-13,2026-04-18
406,1,4,9,2026-04-18,2026-04-19,2026-04-26
407,1,4,7,2026-04-21,2026-04-22,2026-04-29
408,1,4,9,2026-05-03,2026-05-05,2026-05-11
409,1,4,9,2026-05-06,2026-05-08,2026-05-14
410,1,4,9,2026-05-13,2026-05-14,2026-05-21
411,1,4,9,2026-05-21,2026-05-22,2026-05-29
412,1,4,7,2026-05-28,2026-05-29,2026-06-05
413,1,4,9,2026-06-01,2026-06-04,2026-06-09
414,1,4,9,2026-06-13,2026-06-16,2026-06-21
415,1,4,7,2026-06-15,2026-06-18,2026-06-23
416,1,4,7,2026-06-25,2026-06-26,2026-07-03
417,1,4,9,2026-06-30,2026-07-02,2026-07-08
418,1,4,10,2024-07-07,2024-07-10,2024-07-15
419,1,4,10,2024-07-14,2024-07-17,2024-07-22
420,1,4,10,2024-07-20,2024-07-22,2024-07-28
421,1,4,10,2024-07-25,2024-07-27,2024-08-02
422,1,4,10,2024-07-31,2024-08-01,2024-08-08
423,1,4,10,2024-08-07,2024-08-08,2024-08-15
424,1,4,10,2024-08-14,2024-08-15,2024-08-22
425,1,4,10,2024-08-20,2024-08-21,2024-08-28
426,1,4,10,2024-08-28,2024-08-30,2024-09-05
427,1,4,10,2024-09-06,2024-09-07,2024-09-14
428,1,4,10,2024-09-12,2024-09-15,2024-09-20
429,1,4,10,2024-09-21,2024-09-22,2024-09-29
430,1,4,10,2024-09-26,2024-09-27,2024-10-04
431,1,4,10,2024-10-05,2024-10-07,2024-10-13
432,1,4,10,2024-10-11,2024-10-13,2024-10-19
433,1,4,10,2024-10-17,2024-10-19,2024-10-25
434,1,4,10,2024-10-25,2024-10-27,2024-11-02
435,1,4,10,2024-11-02,2024-11-03,2024-11-10
436,1,4,10,2024-11-04,2024-11-07,2024-11-12
437,1,4,10,2024-11-11,2024-11-13,2024-11-19
438,1,4,10,2024-11-23,2024-11-26,2024-12-01
439,1,4,10,2024-12-01,2024-12-02,2024-12-09
440,1,4,10,2024-12-08,2024-12-11,2024-12-16
441,1,4,10,2024-12-15,2024-12-18,2024-12-23
442,1,4,10,2024-12-18,2024-12-21,2024-12-26
443,1,4,10,2024-12-25,2024-12-27,2025-01-02
444,1,4,10,2024-12-30,2025-01-01,2025-01-07
445,1,4,10,2025-01-08,2025-01-10,2025-01-16
446,1,4,10,2025-01-17,2025-01-19,2025-01-25
447,1,4,10,2025-01-20,2025-01-23,2025-01-28
448,1,4,10,2025-01-27,2025-01-30,2025-02-04
449,1,4,10,2025-02-03,2025-02-06,2025-02-11
450,1,4,10,2025-02-11,2025-02-13,2025-02-19
451,1,4,10,2025-02-20,2025-02-23,2025-02-28
452,1,4,10,2025-02-26,2025-03-01,2025-03-06
453,1,4,10,2025-03-07,2025-03-08,2025-03-15
454,1,4,10,2025-03-13,2025-03-15,2025-03-21
455,1,4,10,2025-03-19,2025-03-20,2025-03-27
456,1,4,10,2025-03-26,2025-03-27,2025-04-03
457,1,4,10,2025-04-04,2025-04-06,2025-04-12
458,1,4,10,2025-04-13,2025-04-16,2025-04-21
459,1,4,10,2025-04-14,2025-04-16,2025-04-22
460,1,4,10,2025-04-22,2025-04-23,2025-04-30
461,1,4,10,2025-05-03,2025-05-05,2025-05-11
462,1,4,10,2025-05-10,2025-05-11,2025-05-18
463,1,4,10,2025-05-15,2025-05-17,2025-05-23
464,1,4,10,2025-05-20,2025-05-22,2025-05-28
465,1,4,10,2025-05-31,2025-06-01,2025-06-08
466,1,4,10,2025-06-02,2025-06-05,2025-06-10
467,1,4,10,2025-06-14,2025-06-17,2025-06-22
468,1,4,10,2025-06-17,2025-06-19,2025-06-25
469,1,4,10,2025-06-24,2025-06-27,2025-07-02
470,1,4,10,2025-07-03,2025-07-04,2025-07-11
471,1,4,10,2025-07-08,2025-07-10,2025-07-16
472,1,4,10,2025-07-17,2025-07-18,2025-07-25
473,1,4,10,2025-07-21,2025-07-22,2025-07-29
474,1,4,10,2025-08-03,2025-08-06,2025-08-11
475,1,4,10,2025-08-08,2025-08-10,2025-08-16
476,1,4,10,2025-08-12,2025-08-13,2025-08-20
477,1,4,10,2025-08-19,2025-08-21,2025-08-27
478,1,4,10,2025-08-25,2025-08-26,2025-09-02
479,1,4,10,2025-09-01,2025-09-04,2025-09-09
480,1,4,10,2025-09-09,2025-09-10,2025-09-17
481,1,4,10,2025-09-15,2025-09-17,2025-09-23
482,1,4,10,2025-09-23,2025-09-25,2025-10-01
483,1,4,10,2025-10-02,2025-10-03,2025-10-10
484,1,4,10,2025-10-08,2025-10-10,2025-10-16
485,1,4,10,2025-10-13,2025-10-14,2025-10-21
486,1,4,10,2025-10-23,2025-10-25,2025-10-31
487,1,4,10,2025-11-02,2025-11-04,2025-11-10
488,1,4,10,2025-11-04,2025-11-07,2025-11-12
489,1,4,10,2025-11-16,2025-11-18,2025-11-24
490,1,4,10,2025-11-19,2025-11-20,2025-11-27
491,1,4,10,2025-11-28,2025-11-30,2025-12-06
492,1,4,10,2025-12-06,2025-12-09,2025-12-14
493,1,4,10,2025-12-11,2025-12-13,2025-12-19
494,1,4,10,2025-12-19,2025-12-21,2025-12-27
495,1,4,10,2025-12-28,2025-12-29,2026-01-05
496,1,4,10,2026-01-03,2026-01-06,2026-01-11
497,1,4,10,2026-01-10,2026-01-13,2026-01-18
498,1,4,10,2026-01-13,2026-01-16,2026-01-21
499,1,4,10,2026-01-24,2026-01-27,2026-02-01
500,1,4,10,2026-01-31,2026-02-02,2026-02-08
501,1,4,10,2026-02-05,2026-02-06,2026-02-13
502,1,4,10,2026-02-09,2026-02-11,2026-02-17
503,1,4,10,2026-02-21,2026-02-24,2026-03-01
504,1,4,10,2026-02-23,2026-02-26,2026-03-03
505,1,4,10,2026-03-03,2026-03-05,2026-03-11
506,1,4,10,2026-03-11,2026-03-13,2026-03-19
507,1,4,10,2026-03-19,2026-03-22,2026-03-27
508,1,4,10,2026-03-26,2026-03-27,2026-04-03
509,1,4,10,2026-04-03,2026-04-05,2026-04-11
510,1,4,10,2026-04-07,2026-04-09,2026-04-15
511,1,4,10,2026-04-14,2026-04-16,2026-04-22
512,1,4,10,2026-04-26,2026-04-29,2026-05-04
513,1,4,10,2026-05-01,2026-05-02,2026-05-09
514,1,4,10,2026-05-10,2026-05-12,2026-05-18
515,1,4,10,2026-05-11,2026-05-13,2026-05-19
516,1,4,10,2026-05-23,2026-05-24,2026-05-31
517,1,4,10,2026-05-25,2026-05-26,2026-06-02
518,1,4,10,2026-06-01,2026-06-04,2026-06-09
519,1,4,10,2026-06-12,2026-06-13,2026-06-20
520,1,4,10,2026-06-15,2026-06-18,2026-06-23
521,1,4,10,2026-06-28,2026-06-30,2026-07-06
522,2,16,1,2024-09-06,2024-09-09,2026-10-31
523,2,16,1,2024-11-14,2024-11-17,2027-01-08
524,2,23,1,2025-05-18,2025-05-20,2027-07-12
525,2,2,1,2025-08-23,2025-08-24,2027-10-17
526,2,16,4,2026-01-06,2026-01-08,2028-03-01
527,2,16,7,2026-05-31,2026-06-02,2028-07-24
528,3,12,5,2024-09-06,2024-09-09,2026-08-31
529,3,9,1,2025-02-13,2025-02-14,2027-02-07
530,3,9,1,2025-05-26,2025-05-28,2027-05-20
531,3,12,8,2025-08-31,2025-09-03,2027-08-25
532,3,9,8,2025-12-06,2025-12-07,2027-11-30
533,3,9,1,2026-05-25,2026-05-26,2028-05-18
534,4,1,5,2024-10-21,2024-10-24,2027-10-10
535,4,1,8,2024-11-10,2024-11-12,2027-10-30
536,4,1,8,2025-06-10,2025-06-12,2028-05-29
537,4,13,2,2025-09-16,2025-09-18,2028-09-04
538,4,13,5,2026-02-02,2026-02-05,2029-01-21
539,4,13,8,2026-05-15,2026-05-18,2029-05-03
540,5,2,2,2024-07-08,2024-07-09,2026-12-25
541,5,2,4,2024-11-30,2024-12-02,2027-05-19
542,5,2,6,2025-06-10,2025-06-11,2027-11-27
543,5,9,2,2025-07-01,2025-07-02,2027-12-18
544,5,9,4,2025-12-13,2025-12-15,2028-05-31
545,5,2,2,2026-04-17,2026-04-20,2028-10-03
546,6,6,6,2024-09-02,2024-09-03,2026-06-10
547,6,21,1,2024-12-05,2024-12-07,2026-09-12
548,6,6,10,2025-05-02,2025-05-05,2027-02-07
549,6,21,1,2025-09-21,2025-09-22,2027-06-29
550,6,6,6,2026-01-23,2026-01-24,2027-10-31
551,6,21,1,2026-03-18,2026-03-19,2027-12-24
552,6,15,6,2026-06-25,2026-06-26,2028-04-01
553,7,8,4,2024-07-04,2024-07-06,2025-10-13
554,7,20,8,2025-02-22,2025-02-25,2026-06-03
555,7,15,6,2025-05-31,2025-06-03,2026-09-09
556,7,15,8,2025-08-07,2025-08-09,2026-11-16
557,7,15,8,2026-01-12,2026-01-13,2027-04-23
558,7,20,4,2026-04-27,2026-04-30,2027-08-06
559,8,24,4,2024-08-23,2024-08-26,2027-07-13
560,8,16,7,2024-10-29,2024-10-31,2027-09-18
561,8,9,10,2025-05-30,2025-05-31,2028-04-18
562,8,16,4,2025-08-04,2025-08-06,2028-06-23
563,8,18,10,2025-12-24,2025-12-26,2028-11-12
564,8,16,4,2026-04-28,2026-04-29,2029-03-17
565,9,13,8,2024-10-28,2024-10-31,2027-06-11
566,9,13,2,2025-01-27,2025-01-30,2027-09-10
567,9,13,2,2025-05-27,2025-05-29,2028-01-08
568,9,13,10,2025-08-14,2025-08-15,2028-03-27
569,9,13,2,2026-01-17,2026-01-18,2028-08-30
570,9,13,10,2026-05-28,2026-05-29,2029-01-08
571,10,2,4,2024-10-25,2024-10-26,2027-07-29
572,10,23,10,2024-12-20,2024-12-23,2027-09-23
573,10,2,6,2025-03-18,2025-03-20,2027-12-20
574,10,23,6,2025-09-19,2025-09-20,2028-06-22
575,10,23,4,2026-01-28,2026-01-29,2028-10-31
576,10,2,10,2026-05-02,2026-05-04,2029-02-02
577,10,23,10,2026-06-23,2026-06-24,2029-03-26
578,11,12,1,2024-07-25,2024-07-27,2026-10-26
579,11,12,1,2024-11-18,2024-11-21,2027-02-19
580,11,12,1,2025-05-25,2025-05-26,2027-08-26
581,11,12,2,2025-09-20,2025-09-23,2027-12-22
582,11,12,1,2026-01-30,2026-02-01,2028-05-02
583,11,12,10,2026-06-07,2026-06-10,2028-09-07
584,12,8,7,2024-09-16,2024-09-18,2025-11-12
585,12,3,2,2024-11-04,2024-11-05,2025-12-31
586,12,8,7,2025-06-13,2025-06-14,2026-08-09
587,12,8,7,2025-10-06,2025-10-07,2026-12-02
588,12,16,2,2025-12-25,2025-12-28,2027-02-20
589,12,15,7,2026-04-06,2026-04-07,2027-06-02
590,13,12,1,2024-07-06,2024-07-09,2024-10-03
591,13,12,3,2024-10-03,2024-10-06,2024-12-31
592,13,12,1,2024-12-12,2024-12-14,2025-03-11
593,13,12,1,2024-12-31,2025-01-02,2025-03-30
594,13,12,1,2025-03-17,2025-03-19,2025-06-14
595,13,12,3,2025-05-18,2025-05-20,2025-08-15
596,13,12,1,2025-07-10,2025-07-13,2025-10-07
597,13,12,1,2025-10-08,2025-10-10,2026-01-05
598,13,12,3,2025-11-09,2025-11-12,2026-02-06
599,13,12,1,2025-12-27,2025-12-29,2026-03-26
600,13,12,3,2026-02-26,2026-02-28,2026-05-26
601,13,12,3,2026-05-22,2026-05-24,2026-08-19
602,13,12,4,2024-08-08,2024-08-10,2024-11-05
603,13,12,4,2024-09-13,2024-09-15,2024-12-11
604,13,12,4,2024-11-15,2024-11-18,2025-02-12
605,13,12,4,2025-01-19,2025-01-20,2025-04-18
606,13,12,4,2025-04-20,2025-04-23,2025-07-18
607,13,12,4,2025-05-20,2025-05-22,2025-08-17
608,13,12,4,2025-08-16,2025-08-19,2025-11-13
609,13,12,4,2025-08-28,2025-08-29,2025-11-25
610,13,12,4,2025-11-14,2025-11-17,2026-02-11
611,13,12,4,2026-01-12,2026-01-14,2026-04-11
612,13,12,4,2026-03-02,2026-03-03,2026-05-30
613,13,12,4,2026-05-10,2026-05-13,2026-08-07
614,13,12,5,2024-08-16,2024-08-18,2024-11-13
615,13,12,5,2024-09-23,2024-09-24,2024-12-21
616,13,12,5,2024-11-13,2024-11-14,2025-02-10
617,13,12,5,2025-02-02,2025-02-04,2025-05-02
618,13,12,5,2025-03-21,2025-03-24,2025-06-18
619,13,12,5,2025-05-19,2025-05-20,2025-08-16
620,13,12,5,2025-07-04,2025-07-05,2025-10-01
621,13,12,5,2025-10-12,2025-10-15,2026-01-09
622,13,12,5,2025-11-20,2025-11-22,2026-02-17
623,13,12,5,2026-02-10,2026-02-12,2026-05-10
624,13,12,5,2026-04-08,2026-04-10,2026-07-06
625,13,12,5,2026-05-21,2026-05-23,2026-08-18
626,13,12,7,2024-07-22,2024-07-23,2024-10-19
627,13,12,9,2024-09-17,2024-09-20,2024-12-15
628,13,12,9,2024-11-03,2024-11-04,2025-01-31
629,13,12,9,2025-01-11,2025-01-13,2025-04-10
630,13,12,7,2025-02-26,2025-02-27,2025-05-26
631,13,12,9,2025-06-17,2025-06-19,2025-09-14
632,13,12,9,2025-07-13,2025-07-15,2025-10-10
633,13,12,9,2025-09-19,2025-09-20,2025-12-17
634,13,12,9,2025-11-02,2025-11-05,2026-01-30
635,13,12,9,2026-02-17,2026-02-18,2026-05-17
636,13,12,7,2026-04-02,2026-04-04,2026-06-30
637,13,12,9,2026-05-31,2026-06-03,2026-08-28
638,13,12,10,2024-07-14,2024-07-17,2024-10-11
639,13,12,10,2024-10-13,2024-10-15,2025-01-10
640,13,12,10,2024-12-14,2024-12-15,2025-03-13
641,13,12,10,2025-01-24,2025-01-26,2025-04-23
642,13,12,10,2025-02-27,2025-03-02,2025-05-27
643,13,12,10,2025-06-05,2025-06-07,2025-09-02
644,13,12,10,2025-07-30,2025-08-01,2025-10-27
645,13,12,10,2025-10-07,2025-10-08,2026-01-04
646,13,12,10,2025-10-31,2025-11-01,2026-01-28
647,13,12,10,2026-01-12,2026-01-15,2026-04-11
648,13,12,10,2026-03-24,2026-03-27,2026-06-21
649,13,12,10,2026-06-05,2026-06-08,2026-09-02
650,14,17,3,2024-07-01,2024-07-04,2024-07-13
651,14,13,3,2024-07-15,2024-07-16,2024-07-27
652,14,6,1,2024-07-24,2024-07-25,2024-08-05
653,14,13,3,2024-08-02,2024-08-03,2024-08-14
654,14,17,1,2024-08-08,2024-08-09,2024-08-20
655,14,6,3,2024-08-18,2024-08-19,2024-08-30
656,14,17,1,2024-08-27,2024-08-30,2024-09-08
657,14,6,1,2024-09-06,2024-09-07,2024-09-18
658,14,13,1,2024-09-11,2024-09-14,2024-09-23
659,14,6,3,2024-09-28,2024-09-30,2024-10-10
660,14,6,1,2024-10-04,2024-10-05,2024-10-16
661,14,6,3,2024-10-08,2024-10-09,2024-10-20
662,14,17,3,2024-10-22,2024-10-23,2024-11-03
663,14,17,1,2024-10-29,2024-10-31,2024-11-10
664,14,6,1,2024-11-08,2024-11-11,2024-11-20
665,14,13,3,2024-11-19,2024-11-22,2024-12-01
666,14,17,3,2024-11-28,2024-11-29,2024-12-10
667,14,13,1,2024-12-02,2024-12-05,2024-12-14
668,14,17,3,2024-12-14,2024-12-15,2024-12-26
669,14,17,1,2024-12-19,2024-12-20,2024-12-31
670,14,6,1,2024-12-31,2025-01-02,2025-01-12
671,14,13,3,2025-01-10,2025-01-13,2025-01-22
672,14,6,3,2025-01-17,2025-01-18,2025-01-29
673,14,13,3,2025-02-01,2025-02-03,2025-02-13
674,14,6,3,2025-02-05,2025-02-08,2025-02-17
675,14,13,3,2025-02-15,2025-02-16,2025-02-27
676,14,6,3,2025-02-20,2025-02-21,2025-03-04
677,14,13,1,2025-03-02,2025-03-03,2025-03-14
678,14,17,3,2025-03-13,2025-03-14,2025-03-25
679,14,6,3,2025-03-27,2025-03-30,2025-04-08
680,14,13,3,2025-03-28,2025-03-30,2025-04-09
681,14,17,1,2025-04-14,2025-04-15,2025-04-26
682,14,13,3,2025-04-20,2025-04-21,2025-05-02
683,14,17,1,2025-04-24,2025-04-25,2025-05-06
684,14,13,1,2025-05-04,2025-05-06,2025-05-16
685,14,6,3,2025-05-20,2025-05-22,2025-06-01
686,14,6,1,2025-05-27,2025-05-30,2025-06-08
687,14,6,1,2025-05-31,2025-06-01,2025-06-12
688,14,6,1,2025-06-10,2025-06-13,2025-06-22
689,14,17,3,2025-06-23,2025-06-24,2025-07-05
690,14,13,3,2025-06-29,2025-07-02,2025-07-11
691,14,6,3,2025-07-12,2025-07-13,2025-07-24
692,14,17,3,2025-07-15,2025-07-16,2025-07-27
693,14,17,1,2025-07-25,2025-07-27,2025-08-06
694,14,17,1,2025-08-05,2025-08-07,2025-08-17
695,14,17,1,2025-08-14,2025-08-15,2025-08-26
696,14,17,3,2025-08-19,2025-08-21,2025-08-31
697,14,6,1,2025-08-30,2025-09-02,2025-09-11
698,14,13,1,2025-09-07,2025-09-09,2025-09-19
699,14,6,3,2025-09-22,2025-09-24,2025-10-04
700,14,17,1,2025-09-26,2025-09-27,2025-10-08
701,14,6,3,2025-10-06,2025-10-08,2025-10-18
702,14,17,1,2025-10-17,2025-10-20,2025-10-29
703,14,17,3,2025-10-21,2025-10-24,2025-11-02
704,14,13,1,2025-11-05,2025-11-07,2025-11-17
705,14,17,3,2025-11-14,2025-11-16,2025-11-26
706,14,13,3,2025-11-22,2025-11-25,2025-12-04
707,14,6,3,2025-12-01,2025-12-03,2025-12-13
708,14,6,1,2025-12-11,2025-12-14,2025-12-23
709,14,13,1,2025-12-14,2025-12-17,2025-12-26
710,14,13,3,2025-12-31,2026-01-01,2026-01-12
711,14,13,3,2026-01-02,2026-01-05,2026-01-14
712,14,6,3,2026-01-14,2026-01-16,2026-01-26
713,14,17,1,2026-01-20,2026-01-22,2026-02-01
714,14,6,1,2026-01-31,2026-02-03,2026-02-12
715,14,17,3,2026-02-13,2026-02-16,2026-02-25
716,14,6,1,2026-02-15,2026-02-16,2026-02-27
717,14,6,1,2026-03-03,2026-03-04,2026-03-15
718,14,13,3,2026-03-08,2026-03-11,2026-03-20
719,14,6,1,2026-03-22,2026-03-23,2026-04-03
720,14,6,1,2026-03-26,2026-03-27,2026-04-07
721,14,17,1,2026-04-02,2026-04-05,2026-04-14
722,14,17,1,2026-04-14,2026-04-15,2026-04-26
723,14,13,3,2026-04-27,2026-04-30,2026-05-09
724,14,6,1,2026-04-28,2026-04-30,2026-05-10
725,14,17,1,2026-05-11,2026-05-13,2026-05-23
726,14,13,1,2026-05-22,2026-05-24,2026-06-03
727,14,17,3,2026-05-28,2026-05-31,2026-06-09
728,14,6,1,2026-06-09,2026-06-12,2026-06-21
729,14,13,1,2026-06-13,2026-06-16,2026-06-25
730,14,17,1,2026-06-27,2026-06-30,2026-07-09
731,14,6,4,2024-07-07,2024-07-09,2024-07-19
732,14,17,4,2024-07-13,2024-07-16,2024-07-25
733,14,13,4,2024-07-22,2024-07-24,2024-08-03
734,14,6,4,2024-07-29,2024-07-31,2024-08-10
735,14,17,4,2024-08-06,2024-08-07,2024-08-18
736,14,6,4,2024-08-23,2024-08-26,2024-09-04
737,14,17,4,2024-08-26,2024-08-27,2024-09-07
738,14,13,4,2024-09-10,2024-09-13,2024-09-22
739,14,17,4,2024-09-16,2024-09-17,2024-09-28
740,14,6,4,2024-09-25,2024-09-27,2024-10-07
741,14,13,4,2024-10-03,2024-10-06,2024-10-15
742,14,17,4,2024-10-11,2024-10-13,2024-10-23
743,14,6,4,2024-10-22,2024-10-23,2024-11-03
744,14,6,4,2024-10-28,2024-10-31,2024-11-09
745,14,6,4,2024-11-05,2024-11-07,2024-11-17
746,14,17,4,2024-11-21,2024-11-22,2024-12-03
747,14,6,4,2024-11-29,2024-11-30,2024-12-11
748,14,17,4,2024-12-08,2024-12-09,2024-12-20
749,14,6,4,2024-12-14,2024-12-17,2024-12-26
750,14,6,4,2024-12-20,2024-12-22,2025-01-01
751,14,6,4,2024-12-30,2025-01-02,2025-01-11
752,14,6,4,2025-01-08,2025-01-10,2025-01-20
753,14,6,4,2025-01-22,2025-01-25,2025-02-03
754,14,6,4,2025-01-27,2025-01-29,2025-02-08
755,14,17,4,2025-02-05,2025-02-07,2025-02-17
756,14,13,4,2025-02-15,2025-02-17,2025-02-27
757,14,17,4,2025-02-27,2025-02-28,2025-03-11
758,14,6,4,2025-03-08,2025-03-10,2025-03-20
759,14,13,4,2025-03-10,2025-03-12,2025-03-22
760,14,6,4,2025-03-19,2025-03-21,2025-03-31
761,14,17,4,2025-03-28,2025-03-30,2025-04-09
762,14,13,4,2025-04-07,2025-04-09,2025-04-19
763,14,13,4,2025-04-19,2025-04-21,2025-05-01
764,14,17,4,2025-04-26,2025-04-27,2025-05-08
765,14,13,4,2025-05-06,2025-05-07,2025-05-18
766,14,13,4,2025-05-15,2025-05-17,2025-05-27
767,14,6,4,2025-05-23,2025-05-25,2025-06-04
768,14,17,4,2025-06-02,2025-06-04,2025-06-14
769,14,6,4,2025-06-12,2025-06-15,2025-06-24
770,14,13,4,2025-06-21,2025-06-22,2025-07-03
771,14,13,4,2025-07-02,2025-07-04,2025-07-14
772,14,13,4,2025-07-06,2025-07-08,2025-07-18
773,14,17,4,2025-07-19,2025-07-21,2025-07-31
774,14,13,4,2025-07-23,2025-07-25,2025-08-04
775,14,13,4,2025-08-07,2025-08-09,2025-08-19
776,14,13,4,2025-08-13,2025-08-16,2025-08-25
777,14,13,4,2025-08-23,2025-08-26,2025-09-04
778,14,6,4,2025-08-31,2025-09-03,2025-09-12
779,14,13,4,2025-09-10,2025-09-12,2025-09-22
780,14,6,4,2025-09-20,2025-09-22,2025-10-02
781,14,6,4,2025-09-27,2025-09-28,2025-10-09
782,14,6,4,2025-10-09,2025-10-11,2025-10-21
783,14,17,4,2025-10-14,2025-10-15,2025-10-26
784,14,6,4,2025-10-29,2025-10-30,2025-11-10
785,14,13,4,2025-11-07,2025-11-10,2025-11-19
786,14,17,4,2025-11-14,2025-11-15,2025-11-26
787,14,13,4,2025-11-20,2025-11-21,2025-12-02
788,14,17,4,2025-12-01,2025-12-02,2025-12-13
789,14,6,4,2025-12-09,2025-12-12,2025-12-21
790,14,6,4,2025-12-21,2025-12-24,2026-01-02
791,14,13,4,2025-12-24,2025-12-25,2026-01-05
792,14,17,4,2026-01-04,2026-01-06,2026-01-16
793,14,17,4,2026-01-10,2026-01-11,2026-01-22
794,14,6,4,2026-01-21,2026-01-22,2026-02-02
795,14,13,4,2026-02-02,2026-02-03,2026-02-14
796,14,13,4,2026-02-07,2026-02-09,2026-02-19
797,14,13,4,2026-02-19,2026-02-21,2026-03-03
798,14,13,4,2026-03-01,2026-03-04,2026-03-13
799,14,17,4,2026-03-12,2026-03-15,2026-03-24
800,14,6,4,2026-03-21,2026-03-24,2026-04-02
801,14,6,4,2026-03-27,2026-03-29,2026-04-08
802,14,13,4,2026-04-03,2026-04-06,2026-04-15
803,14,13,4,2026-04-18,2026-04-19,2026-04-30
804,14,6,4,2026-04-26,2026-04-28,2026-05-08
805,14,13,4,2026-05-04,2026-05-07,2026-05-16
806,14,6,4,2026-05-15,2026-05-17,2026-05-27
807,14,13,4,2026-05-23,2026-05-24,2026-06-04
808,14,17,4,2026-05-26,2026-05-27,2026-06-07
809,14,17,4,2026-06-06,2026-06-08,2026-06-18
810,14,6,4,2026-06-12,2026-06-15,2026-06-24
811,14,17,4,2026-06-21,2026-06-23,2026-07-03
812,14,13,5,2024-07-04,2024-07-06,2024-07-16
813,14,13,5,2024-07-16,2024-07-18,2024-07-28
814,14,13,5,2024-07-20,2024-07-22,2024-08-01
815,14,6,5,2024-07-29,2024-08-01,2024-08-10
816,14,13,5,2024-08-14,2024-08-16,2024-08-26
817,14,6,5,2024-08-22,2024-08-25,2024-09-03
818,14,17,5,2024-08-28,2024-08-29,2024-09-09
819,14,13,5,2024-09-07,2024-09-08,2024-09-19
820,14,6,5,2024-09-15,2024-09-17,2024-09-27
821,14,13,5,2024-09-22,2024-09-23,2024-10-04
822,14,6,5,2024-09-29,2024-10-02,2024-10-11
823,14,6,5,2024-10-09,2024-10-11,2024-10-21
824,14,6,5,2024-10-23,2024-10-24,2024-11-04
825,14,17,5,2024-10-28,2024-10-29,2024-11-09
826,14,17,5,2024-11-05,2024-11-08,2024-11-17
827,14,13,5,2024-11-13,2024-11-15,2024-11-25
828,14,17,5,2024-11-25,2024-11-26,2024-12-07
829,14,13,5,2024-12-07,2024-12-09,2024-12-19
830,14,6,5,2024-12-15,2024-12-16,2024-12-27
831,14,13,5,2024-12-25,2024-12-28,2025-01-06
832,14,17,5,2025-01-05,2025-01-08,2025-01-17
833,14,13,5,2025-01-07,2025-01-09,2025-01-19
834,14,6,5,2025-01-16,2025-01-17,2025-01-28
835,14,17,5,2025-01-29,2025-02-01,2025-02-10
836,14,17,5,2025-02-06,2025-02-07,2025-02-18
837,14,6,5,2025-02-17,2025-02-20,2025-03-01
838,14,17,5,2025-02-23,2025-02-25,2025-03-07
839,14,13,5,2025-03-09,2025-03-11,2025-03-21
840,14,17,5,2025-03-17,2025-03-18,2025-03-29
841,14,6,5,2025-03-27,2025-03-30,2025-04-08
842,14,6,5,2025-03-28,2025-03-29,2025-04-09
843,14,13,5,2025-04-09,2025-04-12,2025-04-21
844,14,13,5,2025-04-22,2025-04-23,2025-05-04
845,14,17,5,2025-05-01,2025-05-04,2025-05-13
846,14,6,5,2025-05-09,2025-05-10,2025-05-21
847,14,6,5,2025-05-20,2025-05-23,2025-06-01
848,14,13,5,2025-05-24,2025-05-26,2025-06-05
849,14,13,5,2025-06-03,2025-06-06,2025-06-15
850,14,17,5,2025-06-08,2025-06-09,2025-06-20
851,14,17,5,2025-06-25,2025-06-26,2025-07-07
852,14,6,5,2025-07-04,2025-07-07,2025-07-16
853,14,6,5,2025-07-11,2025-07-13,2025-07-23
854,14,6,5,2025-07-19,2025-07-20,2025-07-31
855,14,17,5,2025-07-30,2025-07-31,2025-08-11
856,14,6,5,2025-08-07,2025-08-08,2025-08-19
857,14,6,5,2025-08-16,2025-08-17,2025-08-28
858,14,6,5,2025-08-20,2025-08-23,2025-09-01
859,14,6,5,2025-08-29,2025-08-30,2025-09-10
860,14,13,5,2025-09-07,2025-09-09,2025-09-19
861,14,13,5,2025-09-20,2025-09-22,2025-10-02
862,14,17,5,2025-10-02,2025-10-05,2025-10-14
863,14,17,5,2025-10-10,2025-10-13,2025-10-22
864,14,17,5,2025-10-18,2025-10-19,2025-10-30
865,14,17,5,2025-10-24,2025-10-25,2025-11-05
866,14,13,5,2025-11-03,2025-11-06,2025-11-15
867,14,13,5,2025-11-13,2025-11-14,2025-11-25
868,14,13,5,2025-11-25,2025-11-28,2025-12-07
869,14,13,5,2025-11-30,2025-12-02,2025-12-12
870,14,13,5,2025-12-10,2025-12-12,2025-12-22
871,14,6,5,2025-12-22,2025-12-23,2026-01-03
872,14,17,5,2025-12-27,2025-12-29,2026-01-08
873,14,13,5,2026-01-04,2026-01-06,2026-01-16
874,14,17,5,2026-01-15,2026-01-16,2026-01-27
875,14,13,5,2026-01-19,2026-01-21,2026-01-31
876,14,17,5,2026-02-04,2026-02-07,2026-02-16
877,14,17,5,2026-02-14,2026-02-15,2026-02-26
878,14,17,5,2026-02-22,2026-02-24,2026-03-06
879,14,17,5,2026-02-25,2026-02-27,2026-03-09
880,14,6,5,2026-03-05,2026-03-06,2026-03-17
881,14,13,5,2026-03-14,2026-03-16,2026-03-26
882,14,13,5,2026-03-27,2026-03-30,2026-04-08
883,14,17,5,2026-04-06,2026-04-09,2026-04-18
884,14,13,5,2026-04-13,2026-04-14,2026-04-25
885,14,13,5,2026-04-27,2026-04-28,2026-05-09
886,14,13,5,2026-05-03,2026-05-05,2026-05-15
887,14,17,5,2026-05-07,2026-05-10,2026-05-19
888,14,13,5,2026-05-23,2026-05-26,2026-06-04
889,14,6,5,2026-06-02,2026-06-04,2026-06-14
890,14,6,5,2026-06-10,2026-06-13,2026-06-22
891,14,17,5,2026-06-17,2026-06-19,2026-06-29
892,14,6,5,2026-06-23,2026-06-26,2026-07-05
893,14,13,7,2024-07-01,2024-07-03,2024-07-13
894,14,13,7,2024-07-11,2024-07-12,2024-07-23
895,14,6,9,2024-07-22,2024-07-23,2024-08-03
896,14,13,9,2024-08-04,2024-08-07,2024-08-16
897,14,13,7,2024-08-12,2024-08-13,2024-08-24
898,14,13,9,2024-08-22,2024-08-23,2024-09-03
899,14,17,9,2024-08-30,2024-09-01,2024-09-11
900,14,6,7,2024-09-09,2024-09-10,2024-09-21
901,14,6,7,2024-09-15,2024-09-17,2024-09-27
902,14,6,7,2024-09-25,2024-09-27,2024-10-07
903,14,6,7,2024-10-06,2024-10-09,2024-10-18
904,14,6,7,2024-10-09,2024-10-11,2024-10-21
905,14,17,9,2024-10-21,2024-10-22,2024-11-02
906,14,6,9,2024-10-29,2024-11-01,2024-11-10
907,14,6,9,2024-11-10,2024-11-13,2024-11-22
908,14,6,7,2024-11-19,2024-11-20,2024-12-01
909,14,6,9,2024-11-28,2024-12-01,2024-12-10
910,14,17,7,2024-12-02,2024-12-05,2024-12-14
911,14,13,7,2024-12-15,2024-12-18,2024-12-27
912,14,17,9,2024-12-20,2024-12-21,2025-01-01
913,14,6,9,2025-01-05,2025-01-06,2025-01-17
914,14,13,7,2025-01-10,2025-01-13,2025-01-22
915,14,6,9,2025-01-15,2025-01-17,2025-01-27
916,14,6,7,2025-01-28,2025-01-29,2025-02-09
917,14,13,9,2025-02-02,2025-02-04,2025-02-14
918,14,6,9,2025-02-16,2025-02-19,2025-02-28
919,14,13,7,2025-02-23,2025-02-24,2025-03-07
920,14,6,7,2025-03-05,2025-03-07,2025-03-17
921,14,13,9,2025-03-14,2025-03-15,2025-03-26
922,14,6,7,2025-03-27,2025-03-28,2025-04-08
923,14,6,7,2025-04-03,2025-04-06,2025-04-15
924,14,13,9,2025-04-13,2025-04-16,2025-04-25
925,14,13,7,2025-04-19,2025-04-22,2025-05-01
926,14,13,9,2025-04-29,2025-04-30,2025-05-11
927,14,13,7,2025-05-07,2025-05-08,2025-05-19
928,14,13,7,2025-05-14,2025-05-17,2025-05-26
929,14,13,7,2025-05-22,2025-05-23,2025-06-03
930,14,6,9,2025-05-31,2025-06-02,2025-06-12
931,14,17,7,2025-06-11,2025-06-13,2025-06-23
932,14,13,9,2025-06-20,2025-06-21,2025-07-02
933,14,13,7,2025-06-28,2025-06-30,2025-07-10
934,14,13,9,2025-07-08,2025-07-10,2025-07-20
935,14,6,7,2025-07-18,2025-07-19,2025-07-30
936,14,6,9,2025-07-25,2025-07-26,2025-08-06
937,14,6,7,2025-08-01,2025-08-03,2025-08-13
938,14,6,7,2025-08-17,2025-08-19,2025-08-29
939,14,13,9,2025-08-25,2025-08-27,2025-09-06
940,14,6,9,2025-09-03,2025-09-04,2025-09-15
941,14,6,7,2025-09-13,2025-09-14,2025-09-25
942,14,13,7,2025-09-19,2025-09-20,2025-10-01
943,14,17,9,2025-09-30,2025-10-02,2025-10-12
944,14,17,7,2025-10-06,2025-10-07,2025-10-18
945,14,13,9,2025-10-12,2025-10-13,2025-10-24
946,14,17,9,2025-10-27,2025-10-28,2025-11-08
947,14,13,9,2025-11-07,2025-11-08,2025-11-19
948,14,6,7,2025-11-13,2025-11-14,2025-11-25
949,14,17,9,2025-11-24,2025-11-27,2025-12-06
950,14,13,9,2025-11-28,2025-12-01,2025-12-10
951,14,6,9,2025-12-05,2025-12-06,2025-12-17
952,14,6,9,2025-12-21,2025-12-23,2026-01-02
953,14,6,9,2025-12-28,2025-12-29,2026-01-09
954,14,13,7,2026-01-05,2026-01-07,2026-01-17
955,14,6,7,2026-01-14,2026-01-16,2026-01-26
956,14,13,7,2026-01-19,2026-01-21,2026-01-31
957,14,6,9,2026-01-30,2026-02-01,2026-02-11
958,14,17,9,2026-02-14,2026-02-16,2026-02-26
959,14,13,7,2026-02-20,2026-02-22,2026-03-04
960,14,13,7,2026-02-27,2026-02-28,2026-03-11
961,14,13,7,2026-03-13,2026-03-15,2026-03-25
962,14,17,9,2026-03-20,2026-03-22,2026-04-01
963,14,13,7,2026-03-31,2026-04-02,2026-04-12
964,14,13,7,2026-04-03,2026-04-04,2026-04-15
965,14,17,9,2026-04-14,2026-04-17,2026-04-26
966,14,6,9,2026-04-26,2026-04-27,2026-05-08
967,14,6,9,2026-05-01,2026-05-02,2026-05-13
968,14,13,7,2026-05-09,2026-05-12,2026-05-21
969,14,13,7,2026-05-19,2026-05-21,2026-05-31
970,14,13,9,2026-06-02,2026-06-04,2026-06-14
971,14,6,9,2026-06-05,2026-06-07,2026-06-17
972,14,13,7,2026-06-12,2026-06-13,2026-06-24
973,14,17,9,2026-06-25,2026-06-28,2026-07-07
974,14,6,10,2024-07-04,2024-07-05,2024-07-16
975,14,6,10,2024-07-12,2024-07-14,2024-07-24
976,14,17,10,2024-07-22,2024-07-24,2024-08-03
977,14,17,10,2024-08-01,2024-08-03,2024-08-13
978,14,13,10,2024-08-09,2024-08-11,2024-08-21
979,14,13,10,2024-08-15,2024-08-17,2024-08-27
980,14,13,10,2024-08-29,2024-08-30,2024-09-10
981,14,6,10,2024-09-09,2024-09-10,2024-09-21
982,14,13,10,2024-09-11,2024-09-14,2024-09-23
983,14,17,10,2024-09-27,2024-09-29,2024-10-09
984,14,13,10,2024-10-07,2024-10-10,2024-10-19
985,14,17,10,2024-10-13,2024-10-15,2024-10-25
986,14,17,10,2024-10-24,2024-10-25,2024-11-05
987,14,6,10,2024-11-02,2024-11-03,2024-11-14
988,14,6,10,2024-11-10,2024-11-12,2024-11-22
989,14,6,10,2024-11-19,2024-11-21,2024-12-01
990,14,17,10,2024-11-30,2024-12-03,2024-12-12
991,14,6,10,2024-12-05,2024-12-08,2024-12-17
992,14,17,10,2024-12-17,2024-12-18,2024-12-29
993,14,13,10,2024-12-27,2024-12-30,2025-01-08
994,14,13,10,2025-01-03,2025-01-06,2025-01-15
995,14,17,10,2025-01-06,2025-01-09,2025-01-18
996,14,6,10,2025-01-21,2025-01-23,2025-02-02
997,14,17,10,2025-01-28,2025-01-31,2025-02-09
998,14,17,10,2025-02-08,2025-02-09,2025-02-20
999,14,17,10,2025-02-13,2025-02-16,2025-02-25
1000,14,6,10,2025-02-27,2025-02-28,2025-03-11
1001,14,6,10,2025-03-03,2025-03-04,2025-03-15
1002,14,13,10,2025-03-12,2025-03-13,2025-03-24
1003,14,13,10,2025-03-21,2025-03-22,2025-04-02
1004,14,13,10,2025-04-04,2025-04-06,2025-04-16
1005,14,13,10,2025-04-13,2025-04-16,2025-04-25
1006,14,13,10,2025-04-20,2025-04-22,2025-05-02
1007,14,17,10,2025-04-26,2025-04-27,2025-05-08
1008,14,17,10,2025-05-11,2025-05-14,2025-05-23
1009,14,6,10,2025-05-19,2025-05-22,2025-05-31
1010,14,6,10,2025-05-24,2025-05-26,2025-06-05
1011,14,6,10,2025-06-06,2025-06-07,2025-06-18
1012,14,17,10,2025-06-14,2025-06-16,2025-06-26
1013,14,17,10,2025-06-20,2025-06-21,2025-07-02
1014,14,6,10,2025-06-26,2025-06-28,2025-07-08
1015,14,17,10,2025-07-10,2025-07-11,2025-07-22
1016,14,6,10,2025-07-22,2025-07-24,2025-08-03
1017,14,17,10,2025-07-24,2025-07-27,2025-08-05
1018,14,17,10,2025-08-04,2025-08-05,2025-08-16
1019,14,13,10,2025-08-18,2025-08-19,2025-08-30
1020,14,13,10,2025-08-27,2025-08-29,2025-09-08
1021,14,13,10,2025-09-01,2025-09-03,2025-09-13
1022,14,6,10,2025-09-06,2025-09-07,2025-09-18
1023,14,17,10,2025-09-20,2025-09-22,2025-10-02
1024,14,6,10,2025-09-28,2025-10-01,2025-10-10
1025,14,13,10,2025-10-06,2025-10-07,2025-10-18
1026,14,6,10,2025-10-20,2025-10-21,2025-11-01
1027,14,13,10,2025-10-27,2025-10-29,2025-11-08
1028,14,6,10,2025-11-05,2025-11-08,2025-11-17
1029,14,6,10,2025-11-08,2025-11-11,2025-11-20
1030,14,13,10,2025-11-17,2025-11-19,2025-11-29
1031,14,13,10,2025-12-01,2025-12-02,2025-12-13
1032,14,17,10,2025-12-11,2025-12-13,2025-12-23
1033,14,13,10,2025-12-15,2025-12-17,2025-12-27
1034,14,6,10,2025-12-30,2025-12-31,2026-01-11
1035,14,17,10,2026-01-08,2026-01-11,2026-01-20
1036,14,6,10,2026-01-17,2026-01-18,2026-01-29
1037,14,13,10,2026-01-22,2026-01-23,2026-02-03
1038,14,13,10,2026-01-30,2026-01-31,2026-02-11
1039,14,13,10,2026-02-14,2026-02-17,2026-02-26
1040,14,6,10,2026-02-17,2026-02-18,2026-03-01
1041,14,6,10,2026-03-01,2026-03-02,2026-03-13
1042,14,13,10,2026-03-07,2026-03-10,2026-03-19
1043,14,6,10,2026-03-20,2026-03-21,2026-04-01
1044,14,6,10,2026-03-30,2026-03-31,2026-04-11
1045,14,6,10,2026-04-01,2026-04-02,2026-04-13
1046,14,17,10,2026-04-11,2026-04-14,2026-04-23
1047,14,6,10,2026-04-21,2026-04-22,2026-05-03
1048,14,17,10,2026-05-01,2026-05-04,2026-05-13
1049,14,6,10,2026-05-11,2026-05-13,2026-05-23
1050,14,17,10,2026-05-18,2026-05-21,2026-05-30
1051,14,6,10,2026-05-30,2026-06-01,2026-06-11
1052,14,6,10,2026-06-04,2026-06-06,2026-06-16
1053,14,17,10,2026-06-18,2026-06-19,2026-06-30
1054,14,17,10,2026-06-27,2026-06-28,2026-07-09
1055,15,7,2,2024-10-16,2024-10-19,2027-07-27
1056,15,7,2,2025-02-12,2025-02-14,2027-11-23
1057,15,11,2,2025-06-16,2025-06-18,2028-03-26
1058,15,7,4,2025-07-01,2025-07-03,2028-04-10
1059,15,11,6,2025-12-21,2025-12-24,2028-09-30
1060,15,11,4,2026-04-19,2026-04-20,2029-01-27
1061,16,4,1,2024-07-01,2024-07-03,2024-07-08
1062,16,4,3,2024-07-14,2024-07-16,2024-07-21
1063,16,4,3,2024-07-20,2024-07-21,2024-07-27
1064,16,4,1,2024-07-28,2024-07-29,2024-08-04
1065,16,4,3,2024-08-02,2024-08-03,2024-08-09
1066,16,4,1,2024-08-10,2024-08-11,2024-08-17
1067,16,4,1,2024-08-17,2024-08-18,2024-08-24
1068,16,4,1,2024-08-23,2024-08-24,2024-08-30
1069,16,4,1,2024-08-26,2024-08-29,2024-09-02
1070,16,4,1,2024-09-06,2024-09-07,2024-09-13
1071,16,4,1,2024-09-11,2024-09-13,2024-09-18
1072,16,4,1,2024-09-16,2024-09-17,2024-09-23
1073,16,4,3,2024-09-24,2024-09-25,2024-10-01
1074,16,4,1,2024-10-06,2024-10-07,2024-10-13
1075,16,4,1,2024-10-11,2024-10-12,2024-10-18
1076,16,4,1,2024-10-14,2024-10-17,2024-10-21
1077,16,4,3,2024-10-24,2024-10-27,2024-10-31
1078,16,4,1,2024-11-03,2024-11-04,2024-11-10
1079,16,4,3,2024-11-05,2024-11-08,2024-11-12
1080,16,4,1,2024-11-14,2024-11-17,2024-11-21
1081,16,4,1,2024-11-24,2024-11-26,2024-12-01
1082,16,4,1,2024-12-01,2024-12-04,2024-12-08
1083,16,4,1,2024-12-03,2024-12-04,2024-12-10
1084,16,4,3,2024-12-09,2024-12-12,2024-12-16
1085,16,4,3,2024-12-20,2024-12-21,2024-12-27
1086,16,4,3,2024-12-28,2024-12-31,2025-01-04
1087,16,4,3,2025-01-03,2025-01-06,2025-01-10
1088,16,4,3,2025-01-08,2025-01-09,2025-01-15
1089,16,4,1,2025-01-13,2025-01-14,2025-01-20
1090,16,4,3,2025-01-23,2025-01-26,2025-01-30
1091,16,4,1,2025-01-30,2025-01-31,2025-02-06
1092,16,4,3,2025-02-06,2025-02-09,2025-02-13
1093,16,4,1,2025-02-11,2025-02-14,2025-02-18
1094,16,4,1,2025-02-19,2025-02-21,2025-02-26
1095,16,4,3,2025-02-28,2025-03-02,2025-03-07
1096,16,4,1,2025-03-09,2025-03-10,2025-03-16
1097,16,4,3,2025-03-15,2025-03-18,2025-03-22
1098,16,4,3,2025-03-21,2025-03-24,2025-03-28
1099,16,4,1,2025-03-24,2025-03-27,2025-03-31
1100,16,4,3,2025-04-01,2025-04-04,2025-04-08
1101,16,4,1,2025-04-07,2025-04-09,2025-04-14
1102,16,4,3,2025-04-14,2025-04-16,2025-04-21
1103,16,4,1,2025-04-24,2025-04-26,2025-05-01
1104,16,4,1,2025-05-03,2025-05-04,2025-05-10
1105,16,4,3,2025-05-07,2025-05-09,2025-05-14
1106,16,4,1,2025-05-14,2025-05-16,2025-05-21
1107,16,4,3,2025-05-23,2025-05-25,2025-05-30
1108,16,4,1,2025-05-28,2025-05-31,2025-06-04
1109,16,4,1,2025-06-05,2025-06-06,2025-06-12
1110,16,4,1,2025-06-15,2025-06-16,2025-06-22
1111,16,4,1,2025-06-18,2025-06-20,2025-06-25
1112,16,4,1,2025-06-27,2025-06-30,2025-07-04
1113,16,4,1,2025-07-02,2025-07-05,2025-07-09
1114,16,4,1,2025-07-11,2025-07-12,2025-07-18
1115,16,4,1,2025-07-16,2025-07-17,2025-07-23
1116,16,4,1,2025-07-26,2025-07-27,2025-08-02
1117,16,4,1,2025-07-30,2025-07-31,2025-08-06
1118,16,4,1,2025-08-10,2025-08-12,2025-08-17
1119,16,4,3,2025-08-13,2025-08-14,2025-08-20
1120,16,4,3,2025-08-21,2025-08-22,2025-08-28
1121,16,4,1,2025-08-31,2025-09-02,2025-09-07
1122,16,4,3,2025-09-02,2025-09-03,2025-09-09
1123,16,4,1,2025-09-12,2025-09-14,2025-09-19
1124,16,4,1,2025-09-20,2025-09-23,2025-09-27
1125,16,4,3,2025-09-28,2025-09-29,2025-10-05
1126,16,4,1,2025-10-05,2025-10-08,2025-10-12
1127,16,4,1,2025-10-06,2025-10-07,2025-10-13
1128,16,4,1,2025-10-18,2025-10-21,2025-10-25
1129,16,4,1,2025-10-21,2025-10-22,2025-10-28
1130,16,4,1,2025-11-01,2025-11-03,2025-11-08
1131,16,4,3,2025-11-09,2025-11-12,2025-11-16
1132,16,4,1,2025-11-15,2025-11-16,2025-11-22
1133,16,4,1,2025-11-18,2025-11-21,2025-11-25
1134,16,4,1,2025-11-28,2025-11-30,2025-12-05
1135,16,4,3,2025-12-04,2025-12-06,2025-12-11
1136,16,4,3,2025-12-14,2025-12-16,2025-12-21
1137,16,4,1,2025-12-21,2025-12-24,2025-12-28
1138,16,4,1,2025-12-25,2025-12-27,2026-01-01
1139,16,4,3,2025-12-31,2026-01-02,2026-01-07
1140,16,4,3,2026-01-08,2026-01-09,2026-01-15
1141,16,4,1,2026-01-14,2026-01-15,2026-01-21
1142,16,4,1,2026-01-25,2026-01-27,2026-02-01
1143,16,4,3,2026-01-30,2026-02-02,2026-02-06
1144,16,4,3,2026-02-05,2026-02-08,2026-02-12
1145,16,4,1,2026-02-09,2026-02-12,2026-02-16
1146,16,4,1,2026-02-18,2026-02-20,2026-02-25
1147,16,4,3,2026-02-23,2026-02-25,2026-03-02
1148,16,4,1,2026-03-08,2026-03-11,2026-03-15
1149,16,4,3,2026-03-13,2026-03-16,2026-03-20
1150,16,4,1,2026-03-22,2026-03-25,2026-03-29
1151,16,4,1,2026-03-24,2026-03-26,2026-03-31
1152,16,4,1,2026-04-04,2026-04-06,2026-04-11
1153,16,4,3,2026-04-06,2026-04-07,2026-04-13
1154,16,4,1,2026-04-18,2026-04-19,2026-04-25
1155,16,4,1,2026-04-21,2026-04-22,2026-04-28
1156,16,4,1,2026-05-03,2026-05-06,2026-05-10
1157,16,4,3,2026-05-05,2026-05-07,2026-05-12
1158,16,4,3,2026-05-15,2026-05-16,2026-05-22
1159,16,4,1,2026-05-19,2026-05-21,2026-05-26
1160,16,4,1,2026-05-25,2026-05-28,2026-06-01
1161,16,4,3,2026-06-02,2026-06-05,2026-06-09
1162,16,4,3,2026-06-08,2026-06-11,2026-06-15
1163,16,4,1,2026-06-21,2026-06-22,2026-06-28
1164,16,4,1,2026-06-25,2026-06-28,2026-07-02
1165,16,4,4,2024-07-04,2024-07-06,2024-07-11
1166,16,4,4,2024-07-12,2024-07-13,2024-07-19
1167,16,4,4,2024-07-17,2024-07-18,2024-07-24
1168,16,4,4,2024-07-25,2024-07-26,2024-08-01
1169,16,4,4,2024-08-03,2024-08-04,2024-08-10
1170,16,4,4,2024-08-06,2024-08-08,2024-08-13
1171,16,4,4,2024-08-14,2024-08-16,2024-08-21
1172,16,4,4,2024-08-24,2024-08-26,2024-08-31
1173,16,4,4,2024-08-28,2024-08-29,2024-09-04
1174,16,4,4,2024-09-02,2024-09-03,2024-09-09
1175,16,4,4,2024-09-09,2024-09-10,2024-09-16
1176,16,4,4,2024-09-21,2024-09-23,2024-09-28
1177,16,4,4,2024-09-28,2024-10-01,2024-10-05
1178,16,4,4,2024-10-02,2024-10-04,2024-10-09
1179,16,4,4,2024-10-10,2024-10-13,2024-10-17
1180,16,4,4,2024-10-18,2024-10-19,2024-10-25
1181,16,4,4,2024-10-22,2024-10-23,2024-10-29
1182,16,4,4,2024-10-30,2024-11-01,2024-11-06
1183,16,4,4,2024-11-05,2024-11-07,2024-11-12
1184,16,4,4,2024-11-15,2024-11-16,2024-11-22
1185,16,4,4,2024-11-24,2024-11-25,2024-12-01
1186,16,4,4,2024-11-25,2024-11-26,2024-12-02
1187,16,4,4,2024-12-04,2024-12-06,2024-12-11
1188,16,4,4,2024-12-13,2024-12-16,2024-12-20
1189,16,4,4,2024-12-20,2024-12-23,2024-12-27
1190,16,4,4,2024-12-26,2024-12-28,2025-01-02
1191,16,4,4,2025-01-04,2025-01-07,2025-01-11
1192,16,4,4,2025-01-08,2025-01-11,2025-01-15
1193,16,4,4,2025-01-19,2025-01-21,2025-01-26
1194,16,4,4,2025-01-25,2025-01-27,2025-02-01
1195,16,4,4,2025-02-02,2025-02-03,2025-02-09
1196,16,4,4,2025-02-04,2025-02-05,2025-02-11
1197,16,4,4,2025-02-14,2025-02-17,2025-02-21
1198,16,4,4,2025-02-19,2025-02-21,2025-02-26
1199,16,4,4,2025-02-27,2025-03-01,2025-03-06
1200,16,4,4,2025-03-06,2025-03-07,2025-03-13
1201,16,4,4,2025-03-15,2025-03-16,2025-03-22
1202,16,4,4,2025-03-23,2025-03-25,2025-03-30
1203,16,4,4,2025-03-24,2025-03-26,2025-03-31
1204,16,4,4,2025-04-04,2025-04-05,2025-04-11
1205,16,4,4,2025-04-10,2025-04-12,2025-04-17
1206,16,4,4,2025-04-15,2025-04-17,2025-04-22
1207,16,4,4,2025-04-25,2025-04-26,2025-05-02
1208,16,4,4,2025-04-28,2025-04-30,2025-05-05
1209,16,4,4,2025-05-11,2025-05-12,2025-05-18
1210,16,4,4,2025-05-18,2025-05-21,2025-05-25
1211,16,4,4,2025-05-25,2025-05-27,2025-06-01
1212,16,4,4,2025-05-28,2025-05-31,2025-06-04
1213,16,4,4,2025-06-06,2025-06-08,2025-06-13
1214,16,4,4,2025-06-15,2025-06-18,2025-06-22
1215,16,4,4,2025-06-22,2025-06-24,2025-06-29
1216,16,4,4,2025-06-25,2025-06-26,2025-07-02
1217,16,4,4,2025-07-01,2025-07-03,2025-07-08
1218,16,4,4,2025-07-07,2025-07-08,2025-07-14
1219,16,4,4,2025-07-19,2025-07-22,2025-07-26
1220,16,4,4,2025-07-23,2025-07-25,2025-07-30
1221,16,4,4,2025-08-03,2025-08-05,2025-08-10
1222,16,4,4,2025-08-07,2025-08-09,2025-08-14
1223,16,4,4,2025-08-12,2025-08-13,2025-08-19
1224,16,4,4,2025-08-23,2025-08-24,2025-08-30
1225,16,4,4,2025-08-26,2025-08-29,2025-09-02
1226,16,4,4,2025-09-02,2025-09-04,2025-09-09
1227,16,4,4,2025-09-13,2025-09-16,2025-09-20
1228,16,4,4,2025-09-15,2025-09-16,2025-09-22
1229,16,4,4,2025-09-26,2025-09-29,2025-10-03
1230,16,4,4,2025-10-05,2025-10-07,2025-10-12
1231,16,4,4,2025-10-10,2025-10-13,2025-10-17
1232,16,4,4,2025-10-13,2025-10-14,2025-10-20
1233,16,4,4,2025-10-21,2025-10-24,2025-10-28
1234,16,4,4,2025-10-29,2025-10-30,2025-11-05
1235,16,4,4,2025-11-08,2025-11-11,2025-11-15
1236,16,4,4,2025-11-15,2025-11-18,2025-11-22
1237,16,4,4,2025-11-20,2025-11-21,2025-11-27
1238,16,4,4,2025-11-27,2025-11-28,2025-12-04
1239,16,4,4,2025-12-02,2025-12-04,2025-12-09
1240,16,4,4,2025-12-08,2025-12-11,2025-12-15
1241,16,4,4,2025-12-16,2025-12-18,2025-12-23
1242,16,4,4,2025-12-23,2025-12-26,2025-12-30
1243,16,4,4,2025-12-31,2026-01-01,2026-01-07
1244,16,4,4,2026-01-11,2026-01-12,2026-01-18
1245,16,4,4,2026-01-17,2026-01-19,2026-01-24
1246,16,4,4,2026-01-20,2026-01-22,2026-01-27
1247,16,4,4,2026-01-30,2026-01-31,2026-02-06
1248,16,4,4,2026-02-08,2026-02-11,2026-02-15
1249,16,4,4,2026-02-10,2026-02-13,2026-02-17
1250,16,4,4,2026-02-22,2026-02-25,2026-03-01
1251,16,4,4,2026-02-25,2026-02-27,2026-03-04
1252,16,4,4,2026-03-04,2026-03-06,2026-03-11
1253,16,4,4,2026-03-11,2026-03-13,2026-03-18
1254,16,4,4,2026-03-21,2026-03-22,2026-03-28
1255,16,4,4,2026-03-29,2026-03-30,2026-04-05
1256,16,4,4,2026-04-02,2026-04-04,2026-04-09
1257,16,4,4,2026-04-09,2026-04-11,2026-04-16
1258,16,4,4,2026-04-16,2026-04-18,2026-04-23
1259,16,4,4,2026-04-23,2026-04-26,2026-04-30
1260,16,4,4,2026-05-03,2026-05-06,2026-05-10
1261,16,4,4,2026-05-10,2026-05-12,2026-05-17
1262,16,4,4,2026-05-12,2026-05-13,2026-05-19
1263,16,4,4,2026-05-21,2026-05-22,2026-05-28
1264,16,4,4,2026-05-28,2026-05-31,2026-06-04
1265,16,4,4,2026-06-05,2026-06-08,2026-06-12
1266,16,4,4,2026-06-09,2026-06-11,2026-06-16
1267,16,4,4,2026-06-16,2026-06-18,2026-06-23
1268,16,4,4,2026-06-22,2026-06-25,2026-06-29
1269,16,4,5,2024-07-05,2024-07-06,2024-07-12
1270,16,4,5,2024-07-08,2024-07-10,2024-07-15
1271,16,4,5,2024-07-18,2024-07-20,2024-07-25
1272,16,4,5,2024-07-26,2024-07-29,2024-08-02
1273,16,4,5,2024-07-29,2024-08-01,2024-08-05
1274,16,4,5,2024-08-11,2024-08-13,2024-08-18
1275,16,4,5,2024-08-17,2024-08-18,2024-08-24
1276,16,4,5,2024-08-23,2024-08-25,2024-08-30
1277,16,4,5,2024-08-26,2024-08-28,2024-09-02
1278,16,4,5,2024-09-06,2024-09-07,2024-09-13
1279,16,4,5,2024-09-10,2024-09-12,2024-09-17
1280,16,4,5,2024-09-16,2024-09-17,2024-09-23
1281,16,4,5,2024-09-27,2024-09-29,2024-10-04
1282,16,4,5,2024-09-30,2024-10-03,2024-10-07
1283,16,4,5,2024-10-10,2024-10-13,2024-10-17
1284,16,4,5,2024-10-16,2024-10-19,2024-10-23
1285,16,4,5,2024-10-24,2024-10-26,2024-10-31
1286,16,4,5,2024-10-31,2024-11-01,2024-11-07
1287,16,4,5,2024-11-06,2024-11-07,2024-11-13
1288,16,4,5,2024-11-17,2024-11-18,2024-11-24
1289,16,4,5,2024-11-19,2024-11-20,2024-11-26
1290,16,4,5,2024-11-30,2024-12-03,2024-12-07
1291,16,4,5,2024-12-02,2024-12-03,2024-12-09
1292,16,4,5,2024-12-10,2024-12-11,2024-12-17
1293,16,4,5,2024-12-22,2024-12-24,2024-12-29
1294,16,4,5,2024-12-25,2024-12-27,2025-01-01
1295,16,4,5,2025-01-02,2025-01-03,2025-01-09
1296,16,4,5,2025-01-12,2025-01-15,2025-01-19
1297,16,4,5,2025-01-13,2025-01-16,2025-01-20
1298,16,4,5,2025-01-23,2025-01-25,2025-01-30
1299,16,4,5,2025-01-31,2025-02-01,2025-02-07
1300,16,4,5,2025-02-08,2025-02-10,2025-02-15
1301,16,4,5,2025-02-11,2025-02-13,2025-02-18
1302,16,4,5,2025-02-18,2025-02-20,2025-02-25
1303,16,4,5,2025-02-25,2025-02-27,2025-03-04
1304,16,4,5,2025-03-09,2025-03-10,2025-03-16
1305,16,4,5,2025-03-14,2025-03-15,2025-03-21
1306,16,4,5,2025-03-19,2025-03-20,2025-03-26
1307,16,4,5,2025-03-29,2025-03-30,2025-04-05
1308,16,4,5,2025-04-05,2025-04-06,2025-04-12
1309,16,4,5,2025-04-10,2025-04-11,2025-04-17
1310,16,4,5,2025-04-20,2025-04-22,2025-04-27
1311,16,4,5,2025-04-27,2025-04-30,2025-05-04
1312,16,4,5,2025-04-28,2025-04-30,2025-05-05
1313,16,4,5,2025-05-07,2025-05-10,2025-05-14
1314,16,4,5,2025-05-15,2025-05-18,2025-05-22
1315,16,4,5,2025-05-19,2025-05-21,2025-05-26
1316,16,4,5,2025-05-30,2025-05-31,2025-06-06
1317,16,4,5,2025-06-05,2025-06-06,2025-06-12
1318,16,4,5,2025-06-09,2025-06-12,2025-06-16
1319,16,4,5,2025-06-16,2025-06-17,2025-06-23
1320,16,4,5,2025-06-26,2025-06-29,2025-07-03
1321,16,4,5,2025-07-05,2025-07-07,2025-07-12
1322,16,4,5,2025-07-09,2025-07-11,2025-07-16
1323,16,4,5,2025-07-17,2025-07-19,2025-07-24
1324,16,4,5,2025-07-27,2025-07-28,2025-08-03
1325,16,4,5,2025-08-01,2025-08-03,2025-08-08
1326,16,4,5,2025-08-08,2025-08-11,2025-08-15
1327,16,4,5,2025-08-16,2025-08-18,2025-08-23
1328,16,4,5,2025-08-20,2025-08-23,2025-08-27
1329,16,4,5,2025-08-29,2025-08-31,2025-09-05
1330,16,4,5,2025-09-02,2025-09-04,2025-09-09
1331,16,4,5,2025-09-13,2025-09-16,2025-09-20
1332,16,4,5,2025-09-20,2025-09-21,2025-09-27
1333,16,4,5,2025-09-24,2025-09-26,2025-10-01
1334,16,4,5,2025-10-04,2025-10-07,2025-10-11
1335,16,4,5,2025-10-10,2025-10-11,2025-10-17
1336,16,4,5,2025-10-19,2025-10-20,2025-10-26
1337,16,4,5,2025-10-26,2025-10-27,2025-11-02
1338,16,4,5,2025-11-01,2025-11-02,2025-11-08
1339,16,4,5,2025-11-07,2025-11-09,2025-11-14
1340,16,4,5,2025-11-16,2025-11-19,2025-11-23
1341,16,4,5,2025-11-21,2025-11-24,2025-11-28
1342,16,4,5,2025-11-26,2025-11-28,2025-12-03
1343,16,4,5,2025-12-04,2025-12-07,2025-12-11
1344,16,4,5,2025-12-13,2025-12-16,2025-12-20
1345,16,4,5,2025-12-20,2025-12-21,2025-12-27
1346,16,4,5,2025-12-27,2025-12-28,2026-01-03
1347,16,4,5,2026-01-02,2026-01-03,2026-01-09
1348,16,4,5,2026-01-06,2026-01-07,2026-01-13
1349,16,4,5,2026-01-15,2026-01-16,2026-01-22
1350,16,4,5,2026-01-21,2026-01-24,2026-01-28
1351,16,4,5,2026-01-30,2026-01-31,2026-02-06
1352,16,4,5,2026-02-07,2026-02-09,2026-02-14
1353,16,4,5,2026-02-13,2026-02-15,2026-02-20
1354,16,4,5,2026-02-20,2026-02-21,2026-02-27
1355,16,4,5,2026-02-26,2026-02-28,2026-03-05
1356,16,4,5,2026-03-05,2026-03-06,2026-03-12
1357,16,4,5,2026-03-10,2026-03-12,2026-03-17
1358,16,4,5,2026-03-20,2026-03-23,2026-03-27
1359,16,4,5,2026-03-24,2026-03-26,2026-03-31
1360,16,4,5,2026-04-04,2026-04-06,2026-04-11
1361,16,4,5,2026-04-11,2026-04-14,2026-04-18
1362,16,4,5,2026-04-18,2026-04-19,2026-04-25
1363,16,4,5,2026-04-24,2026-04-27,2026-05-01
1364,16,4,5,2026-04-30,2026-05-01,2026-05-07
1365,16,4,5,2026-05-08,2026-05-09,2026-05-15
1366,16,4,5,2026-05-16,2026-05-18,2026-05-23
1367,16,4,5,2026-05-20,2026-05-23,2026-05-27
1368,16,4,5,2026-05-31,2026-06-01,2026-06-07
1369,16,4,5,2026-06-04,2026-06-05,2026-06-11
1370,16,4,5,2026-06-13,2026-06-16,2026-06-20
1371,16,4,5,2026-06-17,2026-06-20,2026-06-24
1372,16,4,5,2026-06-28,2026-06-29,2026-07-05
1373,16,4,5,2026-06-29,2026-06-30,2026-07-06
1374,16,4,7,2024-07-04,2024-07-06,2024-07-11
1375,16,4,7,2024-07-08,2024-07-09,2024-07-15
1376,16,4,7,2024-07-20,2024-07-22,2024-07-27
1377,16,4,7,2024-07-24,2024-07-27,2024-07-31
1378,16,4,9,2024-07-31,2024-08-01,2024-08-07
1379,16,4,7,2024-08-05,2024-08-08,2024-08-12
1380,16,4,7,2024-08-17,2024-08-18,2024-08-24
1381,16,4,7,2024-08-24,2024-08-25,2024-08-31
1382,16,4,9,2024-08-29,2024-08-30,2024-09-05
1383,16,4,9,2024-09-07,2024-09-10,2024-09-14
1384,16,4,9,2024-09-14,2024-09-15,2024-09-21
1385,16,4,7,2024-09-18,2024-09-21,2024-09-25
1386,16,4,7,2024-09-25,2024-09-26,2024-10-02
1387,16,4,9,2024-10-03,2024-10-04,2024-10-10
1388,16,4,9,2024-10-10,2024-10-12,2024-10-17
1389,16,4,7,2024-10-18,2024-10-20,2024-10-25
1390,16,4,9,2024-10-25,2024-10-28,2024-11-01
1391,16,4,7,2024-11-01,2024-11-03,2024-11-08
1392,16,4,7,2024-11-06,2024-11-08,2024-11-13
1393,16,4,7,2024-11-15,2024-11-16,2024-11-22
1394,16,4,9,2024-11-22,2024-11-24,2024-11-29
1395,16,4,9,2024-11-30,2024-12-03,2024-12-07
1396,16,4,9,2024-12-06,2024-12-09,2024-12-13
1397,16,4,9,2024-12-15,2024-12-16,2024-12-22
1398,16,4,7,2024-12-16,2024-12-17,2024-12-23
1399,16,4,7,2024-12-25,2024-12-27,2025-01-01
1400,16,4,9,2024-12-30,2025-01-02,2025-01-06
1401,16,4,7,2025-01-09,2025-01-12,2025-01-16
1402,16,4,9,2025-01-19,2025-01-22,2025-01-26
1403,16,4,7,2025-01-22,2025-01-24,2025-01-29
1404,16,4,9,2025-01-29,2025-01-31,2025-02-05
1405,16,4,9,2025-02-09,2025-02-10,2025-02-16
1406,16,4,7,2025-02-11,2025-02-12,2025-02-18
1407,16,4,7,2025-02-18,2025-02-20,2025-02-25
1408,16,4,9,2025-02-27,2025-03-02,2025-03-06
1409,16,4,9,2025-03-07,2025-03-10,2025-03-14
1410,16,4,9,2025-03-11,2025-03-12,2025-03-18
1411,16,4,7,2025-03-19,2025-03-21,2025-03-26
1412,16,4,7,2025-03-27,2025-03-28,2025-04-03
1413,16,4,7,2025-04-04,2025-04-05,2025-04-11
1414,16,4,7,2025-04-13,2025-04-14,2025-04-20
1415,16,4,7,2025-04-15,2025-04-17,2025-04-22
1416,16,4,9,2025-04-27,2025-04-29,2025-05-04
1417,16,4,7,2025-05-04,2025-05-06,2025-05-11
1418,16,4,7,2025-05-05,2025-05-07,2025-05-12
1419,16,4,9,2025-05-15,2025-05-17,2025-05-22
1420,16,4,9,2025-05-21,2025-05-24,2025-05-28
1421,16,4,9,2025-06-01,2025-06-03,2025-06-08
1422,16,4,9,2025-06-06,2025-06-09,2025-06-13
1423,16,4,7,2025-06-13,2025-06-16,2025-06-20
1424,16,4,9,2025-06-21,2025-06-22,2025-06-28
1425,16,4,9,2025-06-28,2025-07-01,2025-07-05
1426,16,4,7,2025-07-02,2025-07-03,2025-07-09
1427,16,4,7,2025-07-12,2025-07-14,2025-07-19
1428,16,4,7,2025-07-19,2025-07-20,2025-07-26
1429,16,4,9,2025-07-22,2025-07-23,2025-07-29
1430,16,4,7,2025-07-30,2025-07-31,2025-08-06
1431,16,4,7,2025-08-10,2025-08-11,2025-08-17
1432,16,4,7,2025-08-11,2025-08-13,2025-08-18
1433,16,4,9,2025-08-20,2025-08-22,2025-08-27
1434,16,4,9,2025-08-30,2025-09-01,2025-09-06
1435,16,4,7,2025-09-01,2025-09-02,2025-09-08
1436,16,4,9,2025-09-09,2025-09-10,2025-09-16
1437,16,4,9,2025-09-17,2025-09-20,2025-09-24
1438,16,4,7,2025-09-27,2025-09-30,2025-10-04
1439,16,4,9,2025-10-05,2025-10-08,2025-10-12
1440,16,4,7,2025-10-06,2025-10-09,2025-10-13
1441,16,4,7,2025-10-13,2025-10-16,2025-10-20
1442,16,4,7,2025-10-26,2025-10-29,2025-11-02
1443,16,4,7,2025-10-27,2025-10-29,2025-11-03
1444,16,4,9,2025-11-05,2025-11-08,2025-11-12
1445,16,4,7,2025-11-13,2025-11-14,2025-11-20
1446,16,4,7,2025-11-19,2025-11-21,2025-11-26
1447,16,4,7,2025-11-28,2025-11-29,2025-12-05
1448,16,4,9,2025-12-01,2025-12-02,2025-12-08
1449,16,4,9,2025-12-12,2025-12-13,2025-12-19
1450,16,4,9,2025-12-21,2025-12-23,2025-12-28
1451,16,4,7,2025-12-27,2025-12-29,2026-01-03
1452,16,4,7,2026-01-04,2026-01-07,2026-01-11
1453,16,4,9,2026-01-05,2026-01-07,2026-01-12
1454,16,4,7,2026-01-17,2026-01-20,2026-01-24
1455,16,4,7,2026-01-19,2026-01-20,2026-01-26
1456,16,4,7,2026-01-31,2026-02-01,2026-02-07
1457,16,4,7,2026-02-03,2026-02-04,2026-02-10
1458,16,4,7,2026-02-09,2026-02-10,2026-02-16
1459,16,4,9,2026-02-19,2026-02-20,2026-02-26
1460,16,4,7,2026-02-26,2026-02-28,2026-03-05
1461,16,4,7,2026-03-04,2026-03-05,2026-03-11
1462,16,4,9,2026-03-15,2026-03-18,2026-03-22
1463,16,4,9,2026-03-21,2026-03-24,2026-03-28
1464,16,4,7,2026-03-26,2026-03-29,2026-04-02
1465,16,4,9,2026-04-01,2026-04-02,2026-04-08
1466,16,4,9,2026-04-10,2026-04-13,2026-04-17
1467,16,4,9,2026-04-15,2026-04-16,2026-04-22
1468,16,4,7,2026-04-20,2026-04-22,2026-04-27
1469,16,4,9,2026-05-03,2026-05-06,2026-05-10
1470,16,4,9,2026-05-04,2026-05-07,2026-05-11
1471,16,4,7,2026-05-16,2026-05-18,2026-05-23
1472,16,4,7,2026-05-21,2026-05-24,2026-05-28
1473,16,4,7,2026-05-25,2026-05-28,2026-06-01
1474,16,4,7,2026-06-03,2026-06-06,2026-06-10
1475,16,4,9,2026-06-11,2026-06-13,2026-06-18
1476,16,4,7,2026-06-17,2026-06-19,2026-06-24
1477,16,4,7,2026-06-27,2026-06-30,2026-07-04
1478,16,4,7,2026-06-29,2026-06-30,2026-07-06
1479,16,4,10,2024-07-06,2024-07-08,2024-07-13
1480,16,4,10,2024-07-14,2024-07-16,2024-07-21
1481,16,4,10,2024-07-20,2024-07-23,2024-07-27
1482,16,4,10,2024-07-24,2024-07-26,2024-07-31
1483,16,4,10,2024-07-29,2024-07-31,2024-08-05
1484,16,4,10,2024-08-11,2024-08-14,2024-08-18
1485,16,4,10,2024-08-12,2024-08-14,2024-08-19
1486,16,4,10,2024-08-21,2024-08-24,2024-08-28
1487,16,4,10,2024-08-31,2024-09-01,2024-09-07
1488,16,4,10,2024-09-07,2024-09-08,2024-09-14
1489,16,4,10,2024-09-10,2024-09-11,2024-09-17
1490,16,4,10,2024-09-16,2024-09-18,2024-09-23
1491,16,4,10,2024-09-25,2024-09-27,2024-10-02
1492,16,4,10,2024-10-02,2024-10-03,2024-10-09
1493,16,4,10,2024-10-11,2024-10-14,2024-10-18
1494,16,4,10,2024-10-20,2024-10-22,2024-10-27
1495,16,4,10,2024-10-26,2024-10-28,2024-11-02
1496,16,4,10,2024-10-31,2024-11-01,2024-11-07
1497,16,4,10,2024-11-09,2024-11-11,2024-11-16
1498,16,4,10,2024-11-16,2024-11-18,2024-11-23
1499,16,4,10,2024-11-18,2024-11-19,2024-11-25
1500,16,4,10,2024-11-29,2024-12-01,2024-12-06
1501,16,4,10,2024-12-03,2024-12-04,2024-12-10
1502,16,4,10,2024-12-09,2024-12-11,2024-12-16
1503,16,4,10,2024-12-21,2024-12-22,2024-12-28
1504,16,4,10,2024-12-24,2024-12-27,2024-12-31
1505,16,4,10,2025-01-05,2025-01-08,2025-01-12
1506,16,4,10,2025-01-12,2025-01-15,2025-01-19
1507,16,4,10,2025-01-13,2025-01-16,2025-01-20
1508,16,4,10,2025-01-26,2025-01-29,2025-02-02
1509,16,4,10,2025-01-27,2025-01-30,2025-02-03
1510,16,4,10,2025-02-06,2025-02-07,2025-02-13
1511,16,4,10,2025-02-15,2025-02-17,2025-02-22
1512,16,4,10,2025-02-23,2025-02-25,2025-03-02
1513,16,4,10,2025-02-28,2025-03-02,2025-03-07
1514,16,4,10,2025-03-08,2025-03-09,2025-03-15
1515,16,4,10,2025-03-12,2025-03-13,2025-03-19
1516,16,4,10,2025-03-17,2025-03-20,2025-03-24
1517,16,4,10,2025-03-27,2025-03-30,2025-04-03
1518,16,4,10,2025-04-01,2025-04-03,2025-04-08
1519,16,4,10,2025-04-07,2025-04-09,2025-04-14
1520,16,4,10,2025-04-15,2025-04-16,2025-04-22
1521,16,4,10,2025-04-27,2025-04-30,2025-05-04
1522,16,4,10,2025-04-30,2025-05-03,2025-05-07
1523,16,4,10,2025-05-08,2025-05-10,2025-05-15
1524,16,4,10,2025-05-17,2025-05-19,2025-05-24
1525,16,4,10,2025-05-20,2025-05-21,2025-05-27
1526,16,4,10,2025-05-27,2025-05-30,2025-06-03
1527,16,4,10,2025-06-07,2025-06-10,2025-06-14
1528,16,4,10,2025-06-13,2025-06-15,2025-06-20
1529,16,4,10,2025-06-18,2025-06-19,2025-06-25
1530,16,4,10,2025-06-25,2025-06-27,2025-07-02
1531,16,4,10,2025-07-05,2025-07-06,2025-07-12
1532,16,4,10,2025-07-08,2025-07-10,2025-07-15
1533,16,4,10,2025-07-19,2025-07-20,2025-07-26
1534,16,4,10,2025-07-21,2025-07-22,2025-07-28
1535,16,4,10,2025-08-02,2025-08-05,2025-08-09
1536,16,4,10,2025-08-07,2025-08-08,2025-08-14
1537,16,4,10,2025-08-12,2025-08-14,2025-08-19
1538,16,4,10,2025-08-23,2025-08-25,2025-08-30
1539,16,4,10,2025-08-30,2025-09-02,2025-09-06
1540,16,4,10,2025-09-03,2025-09-04,2025-09-10
1541,16,4,10,2025-09-09,2025-09-10,2025-09-16
1542,16,4,10,2025-09-19,2025-09-21,2025-09-26
1543,16,4,10,2025-09-22,2025-09-24,2025-09-29
1544,16,4,10,2025-10-03,2025-10-04,2025-10-10
1545,16,4,10,2025-10-06,2025-10-07,2025-10-13
1546,16,4,10,2025-10-15,2025-10-16,2025-10-22
1547,16,4,10,2025-10-20,2025-10-23,2025-10-27
1548,16,4,10,2025-10-30,2025-11-01,2025-11-06
1549,16,4,10,2025-11-08,2025-11-10,2025-11-15
1550,16,4,10,2025-11-13,2025-11-16,2025-11-20
1551,16,4,10,2025-11-23,2025-11-26,2025-11-30
1552,16,4,10,2025-11-26,2025-11-27,2025-12-03
1553,16,4,10,2025-12-06,2025-12-07,2025-12-13
1554,16,4,10,2025-12-09,2025-12-10,2025-12-16
1555,16,4,10,2025-12-16,2025-12-17,2025-12-23
1556,16,4,10,2025-12-24,2025-12-27,2025-12-31
1557,16,4,10,2025-12-30,2026-01-01,2026-01-06
1558,16,4,10,2026-01-11,2026-01-13,2026-01-18
1559,16,4,10,2026-01-16,2026-01-17,2026-01-23
1560,16,4,10,2026-01-23,2026-01-26,2026-01-30
1561,16,4,10,2026-01-28,2026-01-29,2026-02-04
1562,16,4,10,2026-02-03,2026-02-04,2026-02-10
1563,16,4,10,2026-02-13,2026-02-16,2026-02-20
1564,16,4,10,2026-02-21,2026-02-23,2026-02-28
1565,16,4,10,2026-02-27,2026-03-02,2026-03-06
1566,16,4,10,2026-03-08,2026-03-10,2026-03-15
1567,16,4,10,2026-03-11,2026-03-13,2026-03-18
1568,16,4,10,2026-03-22,2026-03-24,2026-03-29
1569,16,4,10,2026-03-28,2026-03-29,2026-04-04
1570,16,4,10,2026-04-05,2026-04-06,2026-04-12
1571,16,4,10,2026-04-10,2026-04-11,2026-04-17
1572,16,4,10,2026-04-18,2026-04-19,2026-04-25
1573,16,4,10,2026-04-26,2026-04-27,2026-05-03
1574,16,4,10,2026-04-30,2026-05-03,2026-05-07
1575,16,4,10,2026-05-06,2026-05-07,2026-05-13
1576,16,4,10,2026-05-15,2026-05-18,2026-05-22
1577,16,4,10,2026-05-20,2026-05-22,2026-05-27
1578,16,4,10,2026-05-25,2026-05-26,2026-06-01
1579,16,4,10,2026-06-02,2026-06-05,2026-06-09
1580,16,4,10,2026-06-09,2026-06-11,2026-06-16
1581,16,4,10,2026-06-20,2026-06-21,2026-06-27
1582,16,4,10,2026-06-24,2026-06-26,2026-07-01
1583,17,24,6,2024-08-27,2024-08-29,2027-06-02
1584,17,24,8,2025-01-21,2025-01-22,2027-10-27
1585,17,24,8,2025-03-04,2025-03-07,2027-12-08
1586,17,24,10,2025-08-01,2025-08-02,2028-05-06
1587,17,24,6,2026-01-22,2026-01-23,2028-10-27
1588,17,24,6,2026-03-21,2026-03-24,2028-12-24
1589,18,9,6,2024-07-17,2024-07-19,2025-03-11
1590,18,9,2,2024-11-04,2024-11-06,2025-06-29
1591,18,9,10,2025-03-28,2025-03-29,2025-11-20
1592,18,9,2,2025-08-10,2025-08-13,2026-04-04
1593,18,16,2,2026-01-09,2026-01-11,2026-09-03
1594,18,16,2,2026-04-13,2026-04-16,2026-12-06
1595,19,24,1,2024-07-06,2024-07-09,2024-07-14
1596,19,23,1,2024-07-10,2024-07-11,2024-07-18
1597,19,24,3,2024-07-17,2024-07-18,2024-07-25
1598,19,23,3,2024-07-27,2024-07-30,2024-08-04
1599,19,24,3,2024-07-29,2024-08-01,2024-08-06
1600,19,11,1,2024-08-11,2024-08-14,2024-08-19
1601,19,23,3,2024-08-18,2024-08-20,2024-08-26
1602,19,24,1,2024-08-22,2024-08-23,2024-08-30
1603,19,24,3,2024-08-28,2024-08-29,2024-09-05
1604,19,11,1,2024-09-06,2024-09-07,2024-09-14
1605,19,11,3,2024-09-10,2024-09-12,2024-09-18
1606,19,23,1,2024-09-19,2024-09-21,2024-09-27
1607,19,23,3,2024-09-29,2024-09-30,2024-10-07
1608,19,23,3,2024-10-03,2024-10-05,2024-10-11
1609,19,11,3,2024-10-11,2024-10-14,2024-10-19
1610,19,24,1,2024-10-19,2024-10-20,2024-10-27
1611,19,23,1,2024-10-26,2024-10-29,2024-11-03
1612,19,24,3,2024-11-02,2024-11-03,2024-11-10
1613,19,23,1,2024-11-09,2024-11-11,2024-11-17
1614,19,24,1,2024-11-17,2024-11-19,2024-11-25
1615,19,11,1,2024-11-19,2024-11-20,2024-11-27
1616,19,24,1,2024-11-27,2024-11-30,2024-12-05
1617,19,23,3,2024-12-08,2024-12-09,2024-12-16
1618,19,11,3,2024-12-15,2024-12-16,2024-12-23
1619,19,11,1,2024-12-21,2024-12-22,2024-12-29
1620,19,24,3,2024-12-27,2024-12-30,2025-01-04
1621,19,24,1,2024-12-31,2025-01-02,2025-01-08
1622,19,11,3,2025-01-12,2025-01-14,2025-01-20
1623,19,24,3,2025-01-16,2025-01-19,2025-01-24
1624,19,11,3,2025-01-21,2025-01-22,2025-01-29
1625,19,24,1,2025-01-27,2025-01-30,2025-02-04
1626,19,11,3,2025-02-06,2025-02-08,2025-02-14
1627,19,23,3,2025-02-14,2025-02-16,2025-02-22
1628,19,23,1,2025-02-22,2025-02-25,2025-03-02
1629,19,23,3,2025-02-24,2025-02-25,2025-03-04
1630,19,24,1,2025-03-04,2025-03-07,2025-03-12
1631,19,11,1,2025-03-16,2025-03-18,2025-03-24
1632,19,11,3,2025-03-18,2025-03-19,2025-03-26
1633,19,24,3,2025-03-27,2025-03-30,2025-04-04
1634,19,11,1,2025-03-31,2025-04-03,2025-04-08
1635,19,23,3,2025-04-09,2025-04-12,2025-04-17
1636,19,24,3,2025-04-20,2025-04-22,2025-04-28
1637,19,24,1,2025-04-26,2025-04-27,2025-05-04
1638,19,24,3,2025-04-28,2025-05-01,2025-05-06
1639,19,23,1,2025-05-07,2025-05-10,2025-05-15
1640,19,23,3,2025-05-17,2025-05-18,2025-05-25
1641,19,23,3,2025-05-24,2025-05-27,2025-06-01
1642,19,24,1,2025-05-31,2025-06-01,2025-06-08
1643,19,24,3,2025-06-06,2025-06-07,2025-06-14
1644,19,24,3,2025-06-09,2025-06-11,2025-06-17
1645,19,11,1,2025-06-22,2025-06-24,2025-06-30
1646,19,11,1,2025-06-25,2025-06-28,2025-07-03
1647,19,11,1,2025-07-01,2025-07-04,2025-07-09
1648,19,23,3,2025-07-13,2025-07-16,2025-07-21
1649,19,23,3,2025-07-16,2025-07-18,2025-07-24
1650,19,23,1,2025-07-24,2025-07-26,2025-08-01
1651,19,11,1,2025-08-01,2025-08-03,2025-08-09
1652,19,23,1,2025-08-09,2025-08-12,2025-08-17
1653,19,23,3,2025-08-11,2025-08-13,2025-08-19
1654,19,11,3,2025-08-24,2025-08-26,2025-09-01
1655,19,24,3,2025-08-27,2025-08-30,2025-09-04
1656,19,11,3,2025-09-04,2025-09-05,2025-09-12
1657,19,23,1,2025-09-14,2025-09-17,2025-09-22
1658,19,23,1,2025-09-16,2025-09-18,2025-09-24
1659,19,23,3,2025-09-28,2025-09-29,2025-10-06
1660,19,24,3,2025-10-04,2025-10-06,2025-10-12
1661,19,24,3,2025-10-09,2025-10-11,2025-10-17
1662,19,23,1,2025-10-14,2025-10-16,2025-10-22
1663,19,11,3,2025-10-25,2025-10-28,2025-11-02
1664,19,24,3,2025-10-31,2025-11-01,2025-11-08
1665,19,23,1,2025-11-05,2025-11-08,2025-11-13
1666,19,24,1,2025-11-14,2025-11-15,2025-11-22
1667,19,24,1,2025-11-19,2025-11-22,2025-11-27
1668,19,23,1,2025-11-27,2025-11-30,2025-12-05
1669,19,23,3,2025-12-07,2025-12-08,2025-12-15
1670,19,23,1,2025-12-09,2025-12-12,2025-12-17
1671,19,23,1,2025-12-16,2025-12-17,2025-12-24
1672,19,11,3,2025-12-28,2025-12-29,2026-01-05
1673,19,24,1,2025-12-31,2026-01-01,2026-01-08
1674,19,23,3,2026-01-08,2026-01-11,2026-01-16
1675,19,11,3,2026-01-15,2026-01-18,2026-01-23
1676,19,11,1,2026-01-24,2026-01-27,2026-02-01
1677,19,23,3,2026-02-01,2026-02-03,2026-02-09
1678,19,24,3,2026-02-07,2026-02-09,2026-02-15
1679,19,23,1,2026-02-13,2026-02-14,2026-02-21
1680,19,11,1,2026-02-22,2026-02-23,2026-03-02
1681,19,23,3,2026-02-24,2026-02-27,2026-03-04
1682,19,11,3,2026-03-04,2026-03-07,2026-03-12
1683,19,23,3,2026-03-13,2026-03-15,2026-03-21
1684,19,24,3,2026-03-19,2026-03-20,2026-03-27
1685,19,24,3,2026-03-24,2026-03-25,2026-04-01
1686,19,11,3,2026-04-04,2026-04-07,2026-04-12
1687,19,11,3,2026-04-08,2026-04-09,2026-04-16
1688,19,23,3,2026-04-18,2026-04-20,2026-04-26
1689,19,23,1,2026-04-22,2026-04-24,2026-04-30
1690,19,11,1,2026-05-03,2026-05-05,2026-05-11
1691,19,23,1,2026-05-07,2026-05-10,2026-05-15
1692,19,24,1,2026-05-14,2026-05-16,2026-05-22
1693,19,24,1,2026-05-19,2026-05-20,2026-05-27
1694,19,23,1,2026-05-26,2026-05-29,2026-06-03
1695,19,23,1,2026-06-06,2026-06-09,2026-06-14
1696,19,11,3,2026-06-12,2026-06-14,2026-06-20
1697,19,23,3,2026-06-16,2026-06-19,2026-06-24
1698,19,24,1,2026-06-23,2026-06-25,2026-07-01
1699,19,11,3,2026-06-30,2026-07-03,2026-07-08
1700,19,24,4,2024-07-06,2024-07-09,2024-07-14
1701,19,11,4,2024-07-08,2024-07-10,2024-07-16
1702,19,24,4,2024-07-19,2024-07-20,2024-07-27
1703,19,24,4,2024-07-27,2024-07-30,2024-08-04
1704,19,11,4,2024-08-04,2024-08-07,2024-08-12
1705,19,11,4,2024-08-07,2024-08-10,2024-08-15
1706,19,11,4,2024-08-17,2024-08-19,2024-08-25
1707,19,24,4,2024-08-23,2024-08-26,2024-08-31
1708,19,24,4,2024-08-31,2024-09-02,2024-09-08
1709,19,11,4,2024-09-03,2024-09-06,2024-09-11
1710,19,23,4,2024-09-13,2024-09-14,2024-09-21
1711,19,24,4,2024-09-22,2024-09-23,2024-09-30
1712,19,23,4,2024-09-24,2024-09-27,2024-10-02
1713,19,23,4,2024-10-01,2024-10-03,2024-10-09
1714,19,24,4,2024-10-07,2024-10-09,2024-10-15
1715,19,11,4,2024-10-17,2024-10-18,2024-10-25
1716,19,24,4,2024-10-25,2024-10-28,2024-11-02
1717,19,11,4,2024-11-02,2024-11-03,2024-11-10
1718,19,23,4,2024-11-05,2024-11-07,2024-11-13
1719,19,24,4,2024-11-14,2024-11-16,2024-11-22
1720,19,24,4,2024-11-19,2024-11-22,2024-11-27
1721,19,24,4,2024-11-26,2024-11-29,2024-12-04
1722,19,23,4,2024-12-07,2024-12-08,2024-12-15
1723,19,11,4,2024-12-14,2024-12-16,2024-12-22
1724,19,11,4,2024-12-19,2024-12-21,2024-12-27
1725,19,23,4,2024-12-28,2024-12-31,2025-01-05
1726,19,24,4,2025-01-04,2025-01-06,2025-01-12
1727,19,24,4,2025-01-11,2025-01-12,2025-01-19
1728,19,11,4,2025-01-18,2025-01-19,2025-01-26
1729,19,23,4,2025-01-20,2025-01-21,2025-01-28
1730,19,11,4,2025-01-28,2025-01-29,2025-02-05
1731,19,11,4,2025-02-09,2025-02-10,2025-02-17
1732,19,23,4,2025-02-12,2025-02-13,2025-02-20
1733,19,24,4,2025-02-21,2025-02-23,2025-03-01
1734,19,11,4,2025-02-25,2025-02-27,2025-03-05
1735,19,11,4,2025-03-07,2025-03-09,2025-03-15
1736,19,11,4,2025-03-10,2025-03-13,2025-03-18
1737,19,24,4,2025-03-19,2025-03-20,2025-03-27
1738,19,24,4,2025-03-26,2025-03-28,2025-04-03
1739,19,11,4,2025-04-03,2025-04-05,2025-04-11
1740,19,11,4,2025-04-11,2025-04-14,2025-04-19
1741,19,24,4,2025-04-19,2025-04-21,2025-04-27
1742,19,24,4,2025-04-21,2025-04-22,2025-04-29
1743,19,24,4,2025-05-02,2025-05-05,2025-05-10
1744,19,23,4,2025-05-06,2025-05-09,2025-05-14
1745,19,11,4,2025-05-16,2025-05-17,2025-05-24
1746,19,23,4,2025-05-21,2025-05-24,2025-05-29
1747,19,23,4,2025-05-28,2025-05-29,2025-06-05
1748,19,23,4,2025-06-04,2025-06-07,2025-06-12
1749,19,24,4,2025-06-13,2025-06-15,2025-06-21
1750,19,23,4,2025-06-20,2025-06-21,2025-06-28
1751,19,23,4,2025-06-23,2025-06-25,2025-07-01
1752,19,23,4,2025-07-03,2025-07-04,2025-07-11
1753,19,11,4,2025-07-10,2025-07-13,2025-07-18
1754,19,24,4,2025-07-16,2025-07-18,2025-07-24
1755,19,24,4,2025-07-21,2025-07-22,2025-07-29
1756,19,23,4,2025-07-30,2025-07-31,2025-08-07
1757,19,24,4,2025-08-08,2025-08-11,2025-08-16
1758,19,23,4,2025-08-16,2025-08-18,2025-08-24
1759,19,23,4,2025-08-23,2025-08-25,2025-08-31
1760,19,11,4,2025-08-26,2025-08-29,2025-09-03
1761,19,11,4,2025-09-01,2025-09-04,2025-09-09
1762,19,23,4,2025-09-11,2025-09-12,2025-09-19
1763,19,24,4,2025-09-15,2025-09-16,2025-09-23
1764,19,24,4,2025-09-25,2025-09-26,2025-10-03
1765,19,23,4,2025-10-04,2025-10-07,2025-10-12
1766,19,24,4,2025-10-09,2025-10-12,2025-10-17
1767,19,23,4,2025-10-17,2025-10-19,2025-10-25
1768,19,23,4,2025-10-21,2025-10-22,2025-10-29
1769,19,23,4,2025-10-29,2025-10-31,2025-11-06
1770,19,23,4,2025-11-08,2025-11-10,2025-11-16
1771,19,24,4,2025-11-13,2025-11-16,2025-11-21
1772,19,24,4,2025-11-22,2025-11-24,2025-11-30
1773,19,24,4,2025-11-30,2025-12-03,2025-12-08
1774,19,23,4,2025-12-04,2025-12-07,2025-12-12
1775,19,23,4,2025-12-11,2025-12-12,2025-12-19
1776,19,24,4,2025-12-19,2025-12-22,2025-12-27
1777,19,24,4,2025-12-28,2025-12-30,2026-01-05
1778,19,24,4,2026-01-01,2026-01-04,2026-01-09
1779,19,11,4,2026-01-07,2026-01-08,2026-01-15
1780,19,24,4,2026-01-16,2026-01-18,2026-01-24
1781,19,24,4,2026-01-22,2026-01-25,2026-01-30
1782,19,11,4,2026-01-27,2026-01-29,2026-02-04
1783,19,24,4,2026-02-08,2026-02-10,2026-02-16
1784,19,23,4,2026-02-11,2026-02-14,2026-02-19
1785,19,23,4,2026-02-16,2026-02-18,2026-02-24
1786,19,24,4,2026-02-27,2026-03-02,2026-03-07
1787,19,11,4,2026-03-02,2026-03-03,2026-03-10
1788,19,24,4,2026-03-13,2026-03-16,2026-03-21
1789,19,23,4,2026-03-19,2026-03-21,2026-03-27
1790,19,23,4,2026-03-25,2026-03-27,2026-04-02
1791,19,24,4,2026-04-04,2026-04-07,2026-04-12
1792,19,11,4,2026-04-08,2026-04-11,2026-04-16
1793,19,23,4,2026-04-13,2026-04-14,2026-04-21
1794,19,24,4,2026-04-25,2026-04-26,2026-05-03
1795,19,24,4,2026-04-30,2026-05-02,2026-05-08
1796,19,24,4,2026-05-07,2026-05-10,2026-05-15
1797,19,11,4,2026-05-15,2026-05-18,2026-05-23
1798,19,24,4,2026-05-24,2026-05-27,2026-06-01
1799,19,24,4,2026-05-26,2026-05-28,2026-06-03
1800,19,23,4,2026-06-04,2026-06-06,2026-06-12
1801,19,11,4,2026-06-12,2026-06-15,2026-06-20
1802,19,23,4,2026-06-16,2026-06-17,2026-06-24
1803,19,24,4,2026-06-27,2026-06-30,2026-07-05
1804,19,23,5,2024-07-07,2024-07-08,2024-07-15
1805,19,11,5,2024-07-08,2024-07-11,2024-07-16
1806,19,24,5,2024-07-17,2024-07-18,2024-07-25
1807,19,11,5,2024-07-22,2024-07-23,2024-07-30
1808,19,24,5,2024-08-01,2024-08-04,2024-08-09
1809,19,11,5,2024-08-09,2024-08-10,2024-08-17
1810,19,24,5,2024-08-16,2024-08-18,2024-08-24
1811,19,24,5,2024-08-22,2024-08-23,2024-08-30
1812,19,24,5,2024-08-28,2024-08-29,2024-09-05
1813,19,23,5,2024-09-04,2024-09-06,2024-09-12
1814,19,24,5,2024-09-09,2024-09-11,2024-09-17
1815,19,23,5,2024-09-17,2024-09-20,2024-09-25
1816,19,23,5,2024-09-26,2024-09-28,2024-10-04
1817,19,11,5,2024-10-06,2024-10-07,2024-10-14
1818,19,23,5,2024-10-12,2024-10-13,2024-10-20
1819,19,24,5,2024-10-17,2024-10-20,2024-10-25
1820,19,23,5,2024-10-25,2024-10-27,2024-11-02
1821,19,11,5,2024-11-02,2024-11-03,2024-11-10
1822,19,11,5,2024-11-04,2024-11-05,2024-11-12
1823,19,24,5,2024-11-11,2024-11-13,2024-11-19
1824,19,23,5,2024-11-22,2024-11-24,2024-11-30
1825,19,23,5,2024-11-29,2024-12-02,2024-12-07
1826,19,23,5,2024-12-03,2024-12-06,2024-12-11
1827,19,24,5,2024-12-09,2024-12-10,2024-12-17
1828,19,24,5,2024-12-16,2024-12-18,2024-12-24
1829,19,11,5,2024-12-27,2024-12-29,2025-01-04
1830,19,24,5,2025-01-04,2025-01-05,2025-01-12
1831,19,23,5,2025-01-07,2025-01-08,2025-01-15
1832,19,23,5,2025-01-19,2025-01-22,2025-01-27
1833,19,23,5,2025-01-24,2025-01-25,2025-02-01
1834,19,11,5,2025-01-27,2025-01-30,2025-02-04
1835,19,23,5,2025-02-03,2025-02-06,2025-02-11
1836,19,24,5,2025-02-16,2025-02-18,2025-02-24
1837,19,11,5,2025-02-21,2025-02-22,2025-03-01
1838,19,23,5,2025-02-24,2025-02-26,2025-03-04
1839,19,23,5,2025-03-07,2025-03-08,2025-03-15
1840,19,24,5,2025-03-15,2025-03-16,2025-03-23
1841,19,23,5,2025-03-21,2025-03-23,2025-03-29
1842,19,24,5,2025-03-25,2025-03-28,2025-04-02
1843,19,23,5,2025-04-06,2025-04-08,2025-04-14
1844,19,11,5,2025-04-09,2025-04-12,2025-04-17
1845,19,23,5,2025-04-16,2025-04-19,2025-04-24
1846,19,11,5,2025-04-25,2025-04-28,2025-05-03
1847,19,11,5,2025-04-28,2025-04-29,2025-05-06
1848,19,23,5,2025-05-10,2025-05-12,2025-05-18
1849,19,23,5,2025-05-15,2025-05-17,2025-05-23
1850,19,23,5,2025-05-25,2025-05-26,2025-06-02
1851,19,11,5,2025-05-26,2025-05-27,2025-06-03
1852,19,11,5,2025-06-03,2025-06-05,2025-06-11
1853,19,23,5,2025-06-15,2025-06-18,2025-06-23
1854,19,24,5,2025-06-16,2025-06-17,2025-06-24
1855,19,11,5,2025-06-25,2025-06-28,2025-07-03
1856,19,23,5,2025-07-02,2025-07-04,2025-07-10
1857,19,11,5,2025-07-07,2025-07-09,2025-07-15
1858,19,24,5,2025-07-20,2025-07-21,2025-07-28
1859,19,24,5,2025-07-27,2025-07-29,2025-08-04
1860,19,24,5,2025-08-01,2025-08-04,2025-08-09
1861,19,11,5,2025-08-10,2025-08-13,2025-08-18
1862,19,24,5,2025-08-16,2025-08-19,2025-08-24
1863,19,23,5,2025-08-24,2025-08-25,2025-09-01
1864,19,24,5,2025-08-28,2025-08-30,2025-09-05
1865,19,23,5,2025-09-02,2025-09-03,2025-09-10
1866,19,23,5,2025-09-13,2025-09-16,2025-09-21
1867,19,11,5,2025-09-17,2025-09-20,2025-09-25
1868,19,24,5,2025-09-28,2025-09-30,2025-10-06
1869,19,11,5,2025-09-30,2025-10-01,2025-10-08
1870,19,11,5,2025-10-11,2025-10-12,2025-10-19
1871,19,23,5,2025-10-14,2025-10-16,2025-10-22
1872,19,24,5,2025-10-25,2025-10-26,2025-11-02
1873,19,11,5,2025-10-29,2025-10-30,2025-11-06
1874,19,23,5,2025-11-07,2025-11-08,2025-11-15
1875,19,24,5,2025-11-14,2025-11-16,2025-11-22
1876,19,23,5,2025-11-21,2025-11-22,2025-11-29
1877,19,23,5,2025-11-30,2025-12-03,2025-12-08
1878,19,24,5,2025-12-04,2025-12-07,2025-12-12
1879,19,11,5,2025-12-08,2025-12-09,2025-12-16
1880,19,23,5,2025-12-19,2025-12-22,2025-12-27
1881,19,23,5,2025-12-23,2025-12-26,2025-12-31
1882,19,23,5,2025-12-31,2026-01-01,2026-01-08
1883,19,23,5,2026-01-05,2026-01-08,2026-01-13
1884,19,11,5,2026-01-13,2026-01-14,2026-01-21
1885,19,11,5,2026-01-20,2026-01-23,2026-01-28
1886,19,23,5,2026-01-27,2026-01-30,2026-02-04
1887,19,24,5,2026-02-05,2026-02-08,2026-02-13
1888,19,11,5,2026-02-14,2026-02-16,2026-02-22
1889,19,24,5,2026-02-19,2026-02-21,2026-02-27
1890,19,24,5,2026-02-28,2026-03-02,2026-03-08
1891,19,11,5,2026-03-04,2026-03-05,2026-03-12
1892,19,24,5,2026-03-15,2026-03-17,2026-03-23
1893,19,11,5,2026-03-17,2026-03-19,2026-03-25
1894,19,24,5,2026-03-29,2026-03-30,2026-04-06
1895,19,24,5,2026-04-02,2026-04-05,2026-04-10
1896,19,11,5,2026-04-06,2026-04-08,2026-04-14
1897,19,23,5,2026-04-16,2026-04-18,2026-04-24
1898,19,11,5,2026-04-26,2026-04-27,2026-05-04
1899,19,24,5,2026-05-01,2026-05-03,2026-05-09
1900,19,23,5,2026-05-10,2026-05-13,2026-05-18
1901,19,11,5,2026-05-14,2026-05-15,2026-05-22
1902,19,24,5,2026-05-23,2026-05-26,2026-05-31
1903,19,23,5,2026-05-25,2026-05-28,2026-06-02
1904,19,11,5,2026-06-06,2026-06-08,2026-06-14
1905,19,11,5,2026-06-09,2026-06-11,2026-06-17
1906,19,23,5,2026-06-19,2026-06-22,2026-06-27
1907,19,23,5,2026-06-25,2026-06-26,2026-07-03
1908,19,24,7,2024-07-07,2024-07-08,2024-07-15
1909,19,23,9,2024-07-10,2024-07-12,2024-07-18
1910,19,11,7,2024-07-20,2024-07-21,2024-07-28
1911,19,11,7,2024-07-26,2024-07-27,2024-08-03
1912,19,11,7,2024-07-31,2024-08-01,2024-08-08
1913,19,24,7,2024-08-09,2024-08-12,2024-08-17
1914,19,23,7,2024-08-18,2024-08-21,2024-08-26
1915,19,11,7,2024-08-24,2024-08-26,2024-09-01
1916,19,23,9,2024-09-01,2024-09-03,2024-09-09
1917,19,23,9,2024-09-07,2024-09-10,2024-09-15
1918,19,11,9,2024-09-10,2024-09-13,2024-09-18
1919,19,23,9,2024-09-20,2024-09-23,2024-09-28
1920,19,23,9,2024-09-25,2024-09-28,2024-10-03
1921,19,23,9,2024-10-05,2024-10-08,2024-10-13
1922,19,11,9,2024-10-13,2024-10-16,2024-10-21
1923,19,24,7,2024-10-19,2024-10-22,2024-10-27
1924,19,23,7,2024-10-22,2024-10-25,2024-10-30
1925,19,24,7,2024-10-28,2024-10-31,2024-11-05
1926,19,24,9,2024-11-05,2024-11-06,2024-11-13
1927,19,23,9,2024-11-17,2024-11-20,2024-11-25
1928,19,23,9,2024-11-24,2024-11-27,2024-12-02
1929,19,24,7,2024-11-28,2024-12-01,2024-12-06
1930,19,11,9,2024-12-03,2024-12-05,2024-12-11
1931,19,23,7,2024-12-10,2024-12-12,2024-12-18
1932,19,11,9,2024-12-18,2024-12-20,2024-12-26
1933,19,11,7,2024-12-28,2024-12-31,2025-01-05
1934,19,24,9,2024-12-30,2025-01-01,2025-01-07
1935,19,23,7,2025-01-11,2025-01-13,2025-01-19
1936,19,23,9,2025-01-15,2025-01-16,2025-01-23
1937,19,24,7,2025-01-20,2025-01-21,2025-01-28
1938,19,11,7,2025-01-31,2025-02-02,2025-02-08
1939,19,23,7,2025-02-06,2025-02-07,2025-02-14
1940,19,23,7,2025-02-15,2025-02-18,2025-02-23
1941,19,23,9,2025-02-18,2025-02-19,2025-02-26
1942,19,11,9,2025-02-26,2025-02-27,2025-03-06
1943,19,11,7,2025-03-04,2025-03-06,2025-03-12
1944,19,11,9,2025-03-15,2025-03-16,2025-03-23
1945,19,24,9,2025-03-19,2025-03-20,2025-03-27
1946,19,24,7,2025-03-29,2025-04-01,2025-04-06
1947,19,11,7,2025-04-04,2025-04-06,2025-04-12
1948,19,23,7,2025-04-08,2025-04-10,2025-04-16
1949,19,24,7,2025-04-17,2025-04-20,2025-04-25
1950,19,11,9,2025-04-27,2025-04-29,2025-05-05
1951,19,11,9,2025-05-02,2025-05-03,2025-05-10
1952,19,11,7,2025-05-09,2025-05-11,2025-05-17
1953,19,11,9,2025-05-12,2025-05-14,2025-05-20
1954,19,24,7,2025-05-24,2025-05-27,2025-06-01
1955,19,23,7,2025-05-28,2025-05-30,2025-06-05
1956,19,11,7,2025-06-02,2025-06-05,2025-06-10
1957,19,11,7,2025-06-12,2025-06-13,2025-06-20
1958,19,24,9,2025-06-19,2025-06-21,2025-06-27
1959,19,11,7,2025-06-27,2025-06-28,2025-07-05
1960,19,11,9,2025-06-30,2025-07-01,2025-07-08
1961,19,11,9,2025-07-11,2025-07-14,2025-07-19
1962,19,24,9,2025-07-19,2025-07-21,2025-07-27
1963,19,24,9,2025-07-21,2025-07-23,2025-07-29
1964,19,23,7,2025-07-29,2025-07-31,2025-08-06
1965,19,24,9,2025-08-04,2025-08-06,2025-08-12
1966,19,11,7,2025-08-14,2025-08-16,2025-08-22
1967,19,24,7,2025-08-24,2025-08-26,2025-09-01
1968,19,11,9,2025-08-29,2025-08-31,2025-09-06
1969,19,23,7,2025-09-03,2025-09-06,2025-09-11
1970,19,24,9,2025-09-13,2025-09-16,2025-09-21
1971,19,24,7,2025-09-15,2025-09-18,2025-09-23
1972,19,24,7,2025-09-22,2025-09-25,2025-09-30
1973,19,24,9,2025-09-29,2025-10-01,2025-10-07
1974,19,23,9,2025-10-08,2025-10-10,2025-10-16
1975,19,24,9,2025-10-16,2025-10-18,2025-10-24
1976,19,24,9,2025-10-26,2025-10-28,2025-11-03
1977,19,11,7,2025-10-27,2025-10-29,2025-11-04
1978,19,11,9,2025-11-08,2025-11-11,2025-11-16
1979,19,11,9,2025-11-15,2025-11-17,2025-11-23
1980,19,23,7,2025-11-23,2025-11-25,2025-12-01
1981,19,23,9,2025-11-29,2025-12-02,2025-12-07
1982,19,23,9,2025-12-06,2025-12-09,2025-12-14
1983,19,11,7,2025-12-10,2025-12-11,2025-12-18
1984,19,24,7,2025-12-20,2025-12-21,2025-12-28
1985,19,23,7,2025-12-24,2025-12-25,2026-01-01
1986,19,24,9,2026-01-04,2026-01-06,2026-01-12
1987,19,23,9,2026-01-06,2026-01-09,2026-01-14
1988,19,24,9,2026-01-18,2026-01-21,2026-01-26
1989,19,24,7,2026-01-25,2026-01-28,2026-02-02
1990,19,24,9,2026-01-31,2026-02-02,2026-02-08
1991,19,11,9,2026-02-07,2026-02-08,2026-02-15
1992,19,23,7,2026-02-14,2026-02-15,2026-02-22
1993,19,24,9,2026-02-16,2026-02-19,2026-02-24
1994,19,23,9,2026-02-25,2026-02-28,2026-03-05
1995,19,24,7,2026-03-08,2026-03-09,2026-03-16
1996,19,24,7,2026-03-14,2026-03-15,2026-03-22
1997,19,11,7,2026-03-17,2026-03-18,2026-03-25
1998,19,24,7,2026-03-28,2026-03-30,2026-04-05
1999,19,11,9,2026-04-02,2026-04-03,2026-04-10
2000,19,23,9,2026-04-08,2026-04-10,2026-04-16
2001,19,24,7,2026-04-18,2026-04-19,2026-04-26
2002,19,23,9,2026-04-21,2026-04-24,2026-04-29
2003,19,23,7,2026-05-02,2026-05-05,2026-05-10
2004,19,11,7,2026-05-06,2026-05-07,2026-05-14
2005,19,23,7,2026-05-15,2026-05-17,2026-05-23
2006,19,11,7,2026-05-21,2026-05-23,2026-05-29
2007,19,23,7,2026-05-25,2026-05-26,2026-06-02
2008,19,24,9,2026-06-02,2026-06-03,2026-06-10
2009,19,11,9,2026-06-11,2026-06-14,2026-06-19
2010,19,24,9,2026-06-19,2026-06-21,2026-06-27
2011,19,24,7,2026-06-27,2026-06-29,2026-07-05
2012,19,24,9,2026-06-29,2026-07-01,2026-07-07
2013,19,24,10,2024-07-01,2024-07-03,2024-07-09
2014,19,23,10,2024-07-13,2024-07-14,2024-07-21
2015,19,11,10,2024-07-21,2024-07-23,2024-07-29
2016,19,24,10,2024-07-25,2024-07-27,2024-08-02
2017,19,24,10,2024-08-02,2024-08-03,2024-08-10
2018,19,11,10,2024-08-11,2024-08-13,2024-08-19
2019,19,11,10,2024-08-17,2024-08-19,2024-08-25
2020,19,11,10,2024-08-25,2024-08-26,2024-09-02
2021,19,23,10,2024-08-31,2024-09-03,2024-09-08
2022,19,24,10,2024-09-07,2024-09-10,2024-09-15
2023,19,23,10,2024-09-11,2024-09-12,2024-09-19
2024,19,11,10,2024-09-22,2024-09-23,2024-09-30
2025,19,23,10,2024-09-29,2024-09-30,2024-10-07
2026,19,24,10,2024-10-01,2024-10-03,2024-10-09
2027,19,24,10,2024-10-12,2024-10-13,2024-10-20
2028,19,24,10,2024-10-20,2024-10-23,2024-10-28
2029,19,11,10,2024-10-22,2024-10-25,2024-10-30
2030,19,23,10,2024-11-03,2024-11-05,2024-11-11
2031,19,23,10,2024-11-04,2024-11-06,2024-11-12
2032,19,24,10,2024-11-12,2024-11-14,2024-11-20
2033,19,24,10,2024-11-20,2024-11-22,2024-11-28
2034,19,23,10,2024-12-01,2024-12-04,2024-12-09
2035,19,24,10,2024-12-03,2024-12-06,2024-12-11
2036,19,11,10,2024-12-15,2024-12-18,2024-12-23
2037,19,23,10,2024-12-18,2024-12-19,2024-12-26
2038,19,23,10,2024-12-29,2024-12-30,2025-01-06
2039,19,23,10,2024-12-31,2025-01-02,2025-01-08
2040,19,11,10,2025-01-08,2025-01-11,2025-01-16
2041,19,24,10,2025-01-13,2025-01-15,2025-01-21
2042,19,11,10,2025-01-24,2025-01-25,2025-02-01
2043,19,11,10,2025-01-29,2025-01-30,2025-02-06
2044,19,24,10,2025-02-04,2025-02-07,2025-02-12
2045,19,24,10,2025-02-11,2025-02-12,2025-02-19
2046,19,23,10,2025-02-19,2025-02-21,2025-02-27
2047,19,11,10,2025-02-24,2025-02-27,2025-03-04
2048,19,11,10,2025-03-04,2025-03-05,2025-03-12
2049,19,11,10,2025-03-13,2025-03-16,2025-03-21
2050,19,24,10,2025-03-19,2025-03-20,2025-03-27
2051,19,11,10,2025-03-29,2025-03-30,2025-04-06
2052,19,24,10,2025-04-04,2025-04-07,2025-04-12
2053,19,23,10,2025-04-07,2025-04-08,2025-04-15
2054,19,24,10,2025-04-18,2025-04-19,2025-04-26
2055,19,24,10,2025-04-21,2025-04-23,2025-04-29
2056,19,24,10,2025-05-02,2025-05-05,2025-05-10
2057,19,23,10,2025-05-07,2025-05-10,2025-05-15
2058,19,24,10,2025-05-13,2025-05-14,2025-05-21
2059,19,23,10,2025-05-23,2025-05-26,2025-05-31
2060,19,24,10,2025-05-31,2025-06-02,2025-06-08
2061,19,11,10,2025-06-05,2025-06-06,2025-06-13
2062,19,11,10,2025-06-15,2025-06-17,2025-06-23
2063,19,24,10,2025-06-17,2025-06-19,2025-06-25
2064,19,23,10,2025-06-25,2025-06-26,2025-07-03
2065,19,24,10,2025-06-30,2025-07-03,2025-07-08
2066,19,23,10,2025-07-13,2025-07-16,2025-07-21
2067,19,11,10,2025-07-20,2025-07-22,2025-07-28
2068,19,24,10,2025-07-24,2025-07-26,2025-08-01
2069,19,11,10,2025-07-31,2025-08-01,2025-08-08
2070,19,24,10,2025-08-04,2025-08-06,2025-08-12
2071,19,23,10,2025-08-14,2025-08-17,2025-08-22
2072,19,24,10,2025-08-22,2025-08-24,2025-08-30
2073,19,24,10,2025-08-28,2025-08-30,2025-09-05
2074,19,23,10,2025-09-06,2025-09-07,2025-09-14
2075,19,11,10,2025-09-12,2025-09-14,2025-09-20
2076,19,11,10,2025-09-18,2025-09-19,2025-09-26
2077,19,24,10,2025-09-25,2025-09-27,2025-10-03
2078,19,11,10,2025-10-05,2025-10-06,2025-10-13
2079,19,24,10,2025-10-11,2025-10-13,2025-10-19
2080,19,11,10,2025-10-17,2025-10-20,2025-10-25
2081,19,11,10,2025-10-23,2025-10-24,2025-10-31
2082,19,24,10,2025-10-28,2025-10-29,2025-11-05
2083,19,23,10,2025-11-04,2025-11-07,2025-11-12
2084,19,23,10,2025-11-10,2025-11-13,2025-11-18
2085,19,11,10,2025-11-22,2025-11-25,2025-11-30
2086,19,11,10,2025-11-27,2025-11-28,2025-12-05
2087,19,24,10,2025-12-07,2025-12-10,2025-12-15
2088,19,24,10,2025-12-12,2025-12-14,2025-12-20
2089,19,24,10,2025-12-16,2025-12-18,2025-12-24
2090,19,24,10,2025-12-25,2025-12-26,2026-01-02
2091,19,23,10,2026-01-01,2026-01-04,2026-01-09
2092,19,24,10,2026-01-11,2026-01-12,2026-01-19
2093,19,23,10,2026-01-16,2026-01-18,2026-01-24
2094,19,23,10,2026-01-22,2026-01-23,2026-01-30
2095,19,24,10,2026-01-27,2026-01-30,2026-02-04
2096,19,11,10,2026-02-04,2026-02-06,2026-02-12
2097,19,11,10,2026-02-11,2026-02-13,2026-02-19
2098,19,23,10,2026-02-16,2026-02-19,2026-02-24
2099,19,23,10,2026-02-26,2026-02-27,2026-03-06
2100,19,24,10,2026-03-03,2026-03-04,2026-03-11
2101,19,24,10,2026-03-15,2026-03-17,2026-03-23
2102,19,23,10,2026-03-19,2026-03-21,2026-03-27
2103,19,23,10,2026-03-23,2026-03-25,2026-03-31
2104,19,11,10,2026-04-02,2026-04-05,2026-04-10
2105,19,23,10,2026-04-10,2026-04-13,2026-04-18
2106,19,23,10,2026-04-15,2026-04-16,2026-04-23
2107,19,23,10,2026-04-20,2026-04-22,2026-04-28
2108,19,24,10,2026-04-30,2026-05-01,2026-05-08
2109,19,11,10,2026-05-04,2026-05-06,2026-05-12
2110,19,11,10,2026-05-15,2026-05-16,2026-05-23
2111,19,23,10,2026-05-21,2026-05-24,2026-05-29
2112,19,11,10,2026-05-29,2026-06-01,2026-06-06
2113,19,24,10,2026-06-05,2026-06-07,2026-06-13
2114,19,24,10,2026-06-09,2026-06-11,2026-06-17
2115,19,11,10,2026-06-16,2026-06-18,2026-06-24
2116,19,11,10,2026-06-28,2026-06-29,2026-07-06
2117,19,23,10,2026-06-30,2026-07-02,2026-07-08
2118,20,12,3,2024-07-04,2024-07-06,2024-07-11
2119,20,3,3,2024-07-10,2024-07-11,2024-07-17
2120,20,12,1,2024-07-21,2024-07-22,2024-07-28
2121,20,12,3,2024-07-27,2024-07-28,2024-08-03
2122,20,12,1,2024-08-01,2024-08-04,2024-08-08
2123,20,3,3,2024-08-09,2024-08-10,2024-08-16
2124,20,3,1,2024-08-12,2024-08-13,2024-08-19
2125,20,12,3,2024-08-22,2024-08-25,2024-08-29
2126,20,12,1,2024-08-26,2024-08-27,2024-09-02
2127,20,12,1,2024-09-06,2024-09-08,2024-09-13
2128,20,12,1,2024-09-11,2024-09-14,2024-09-18
2129,20,3,3,2024-09-20,2024-09-22,2024-09-27
2130,20,12,1,2024-09-28,2024-10-01,2024-10-05
2131,20,3,1,2024-10-01,2024-10-03,2024-10-08
2132,20,12,3,2024-10-08,2024-10-09,2024-10-15
2133,20,12,1,2024-10-18,2024-10-21,2024-10-25
2134,20,3,1,2024-10-22,2024-10-25,2024-10-29
2135,20,12,1,2024-11-01,2024-11-04,2024-11-08
2136,20,12,1,2024-11-06,2024-11-09,2024-11-13
2137,20,12,1,2024-11-11,2024-11-13,2024-11-18
2138,20,3,1,2024-11-24,2024-11-26,2024-12-01
2139,20,12,1,2024-11-29,2024-11-30,2024-12-06
2140,20,12,3,2024-12-05,2024-12-07,2024-12-12
2141,20,12,3,2024-12-11,2024-12-14,2024-12-18
2142,20,12,3,2024-12-19,2024-12-20,2024-12-26
2143,20,12,3,2024-12-23,2024-12-26,2024-12-30
2144,20,12,1,2024-12-30,2025-01-02,2025-01-06
2145,20,3,3,2025-01-11,2025-01-13,2025-01-18
2146,20,12,1,2025-01-15,2025-01-16,2025-01-22
2147,20,3,3,2025-01-20,2025-01-21,2025-01-27
2148,20,12,3,2025-01-29,2025-02-01,2025-02-05
2149,20,3,3,2025-02-03,2025-02-06,2025-02-10
2150,20,12,1,2025-02-10,2025-02-12,2025-02-17
2151,20,3,1,2025-02-22,2025-02-24,2025-03-01
2152,20,3,3,2025-02-25,2025-02-26,2025-03-04
2153,20,3,3,2025-03-09,2025-03-10,2025-03-16
2154,20,12,3,2025-03-13,2025-03-15,2025-03-20
2155,20,12,3,2025-03-20,2025-03-22,2025-03-27
2156,20,12,1,2025-03-30,2025-03-31,2025-04-06
2157,20,3,3,2025-03-31,2025-04-01,2025-04-07
2158,20,12,1,2025-04-08,2025-04-09,2025-04-15
2159,20,12,3,2025-04-14,2025-04-15,2025-04-21
2160,20,3,1,2025-04-24,2025-04-27,2025-05-01
2161,20,12,1,2025-05-04,2025-05-05,2025-05-11
2162,20,3,1,2025-05-05,2025-05-06,2025-05-12
2163,20,12,3,2025-05-12,2025-05-14,2025-05-19
2164,20,3,3,2025-05-24,2025-05-27,2025-05-31
2165,20,3,3,2025-05-28,2025-05-29,2025-06-04
2166,20,12,1,2025-06-04,2025-06-07,2025-06-11
2167,20,3,1,2025-06-11,2025-06-13,2025-06-18
2168,20,12,1,2025-06-17,2025-06-18,2025-06-24
2169,20,3,1,2025-06-23,2025-06-24,2025-06-30
2170,20,3,1,2025-07-05,2025-07-08,2025-07-12
2171,20,3,1,2025-07-07,2025-07-09,2025-07-14
2172,20,12,1,2025-07-15,2025-07-17,2025-07-22
2173,20,12,1,2025-07-23,2025-07-24,2025-07-30
2174,20,12,3,2025-07-31,2025-08-01,2025-08-07
2175,20,3,1,2025-08-05,2025-08-08,2025-08-12
2176,20,12,1,2025-08-17,2025-08-19,2025-08-24
2177,20,3,1,2025-08-24,2025-08-27,2025-08-31
2178,20,12,1,2025-08-25,2025-08-28,2025-09-01
2179,20,3,1,2025-09-06,2025-09-08,2025-09-13
2180,20,3,1,2025-09-14,2025-09-17,2025-09-21
2181,20,12,1,2025-09-20,2025-09-21,2025-09-27
2182,20,12,1,2025-09-23,2025-09-25,2025-09-30
2183,20,12,3,2025-10-04,2025-10-07,2025-10-11
2184,20,12,3,2025-10-06,2025-10-07,2025-10-13
2185,20,12,1,2025-10-14,2025-10-15,2025-10-21
2186,20,3,3,2025-10-20,2025-10-23,2025-10-27
2187,20,3,3,2025-11-01,2025-11-04,2025-11-08
2188,20,3,3,2025-11-09,2025-11-12,2025-11-16
2189,20,12,1,2025-11-12,2025-11-15,2025-11-19
2190,20,12,1,2025-11-22,2025-11-25,2025-11-29
2191,20,12,3,2025-11-26,2025-11-28,2025-12-03
2192,20,3,3,2025-12-05,2025-12-08,2025-12-12
2193,20,12,3,2025-12-09,2025-12-10,2025-12-16
2194,20,12,1,2025-12-21,2025-12-24,2025-12-28
2195,20,3,1,2025-12-22,2025-12-25,2025-12-29
2196,20,12,3,2026-01-04,2026-01-05,2026-01-11
2197,20,3,1,2026-01-10,2026-01-13,2026-01-17
2198,20,12,3,2026-01-15,2026-01-17,2026-01-22
2199,20,3,1,2026-01-22,2026-01-23,2026-01-29
2200,20,12,3,2026-02-01,2026-02-02,2026-02-08
2201,20,3,3,2026-02-08,2026-02-09,2026-02-15
2202,20,3,1,2026-02-10,2026-02-12,2026-02-17
2203,20,3,3,2026-02-19,2026-02-21,2026-02-26
2204,20,3,3,2026-02-26,2026-02-27,2026-03-05
2205,20,3,3,2026-03-03,2026-03-04,2026-03-10
2206,20,12,1,2026-03-10,2026-03-13,2026-03-17
2207,20,12,1,2026-03-16,2026-03-18,2026-03-23
2208,20,3,1,2026-03-26,2026-03-28,2026-04-02
2209,20,12,1,2026-04-04,2026-04-05,2026-04-11
2210,20,3,1,2026-04-08,2026-04-10,2026-04-15
2211,20,3,1,2026-04-16,2026-04-19,2026-04-23
2212,20,12,1,2026-04-22,2026-04-24,2026-04-29
2213,20,3,3,2026-05-01,2026-05-03,2026-05-08
2214,20,12,3,2026-05-08,2026-05-10,2026-05-15
2215,20,12,3,2026-05-15,2026-05-18,2026-05-22
2216,20,12,3,2026-05-24,2026-05-26,2026-05-31
2217,20,3,1,2026-05-31,2026-06-02,2026-06-07
2218,20,12,3,2026-06-06,2026-06-09,2026-06-13
2219,20,12,1,2026-06-14,2026-06-17,2026-06-21
2220,20,12,1,2026-06-21,2026-06-24,2026-06-28
2221,20,3,3,2026-06-23,2026-06-25,2026-06-30
2222,20,12,4,2024-07-01,2024-07-04,2024-07-08
2223,20,3,4,2024-07-10,2024-07-13,2024-07-17
2224,20,12,4,2024-07-16,2024-07-17,2024-07-23
2225,20,12,4,2024-07-23,2024-07-24,2024-07-30
2226,20,3,4,2024-08-01,2024-08-03,2024-08-08
2227,20,12,4,2024-08-11,2024-08-13,2024-08-18
2228,20,3,4,2024-08-18,2024-08-21,2024-08-25
2229,20,12,4,2024-08-20,2024-08-21,2024-08-27
2230,20,12,4,2024-08-31,2024-09-01,2024-09-07
2231,20,3,4,2024-09-03,2024-09-05,2024-09-10
2232,20,3,4,2024-09-10,2024-09-13,2024-09-17
2233,20,3,4,2024-09-17,2024-09-20,2024-09-24
2234,20,3,4,2024-09-23,2024-09-25,2024-09-30
2235,20,12,4,2024-10-05,2024-10-06,2024-10-12
2236,20,12,4,2024-10-08,2024-10-09,2024-10-15
2237,20,3,4,2024-10-14,2024-10-15,2024-10-21
2238,20,12,4,2024-10-22,2024-10-25,2024-10-29
2239,20,3,4,2024-10-30,2024-11-01,2024-11-06
2240,20,12,4,2024-11-07,2024-11-09,2024-11-14
2241,20,12,4,2024-11-12,2024-11-15,2024-11-19
2242,20,3,4,2024-11-21,2024-11-23,2024-11-28
2243,20,12,4,2024-12-01,2024-12-03,2024-12-08
2244,20,3,4,2024-12-05,2024-12-08,2024-12-12
2245,20,3,4,2024-12-14,2024-12-16,2024-12-21
2246,20,3,4,2024-12-16,2024-12-19,2024-12-23
2247,20,12,4,2024-12-24,2024-12-27,2024-12-31
2248,20,3,4,2025-01-05,2025-01-07,2025-01-12
2249,20,3,4,2025-01-07,2025-01-09,2025-01-14
2250,20,12,4,2025-01-16,2025-01-17,2025-01-23
2251,20,3,4,2025-01-21,2025-01-24,2025-01-28
2252,20,12,4,2025-02-01,2025-02-02,2025-02-08
2253,20,12,4,2025-02-09,2025-02-11,2025-02-16
2254,20,3,4,2025-02-13,2025-02-16,2025-02-20
2255,20,3,4,2025-02-22,2025-02-24,2025-03-01
2256,20,3,4,2025-02-28,2025-03-02,2025-03-07
2257,20,3,4,2025-03-09,2025-03-12,2025-03-16
2258,20,3,4,2025-03-10,2025-03-12,2025-03-17
2259,20,3,4,2025-03-22,2025-03-24,2025-03-29
2260,20,3,4,2025-03-29,2025-03-31,2025-04-05
2261,20,12,4,2025-04-06,2025-04-07,2025-04-13
2262,20,12,4,2025-04-13,2025-04-14,2025-04-20
2263,20,3,4,2025-04-19,2025-04-22,2025-04-26
2264,20,12,4,2025-04-21,2025-04-24,2025-04-28
2265,20,3,4,2025-05-04,2025-05-06,2025-05-11
2266,20,3,4,2025-05-11,2025-05-14,2025-05-18
2267,20,3,4,2025-05-16,2025-05-17,2025-05-23
2268,20,3,4,2025-05-21,2025-05-22,2025-05-28
2269,20,3,4,2025-05-30,2025-05-31,2025-06-06
2270,20,3,4,2025-06-04,2025-06-07,2025-06-11
2271,20,3,4,2025-06-13,2025-06-14,2025-06-20
2272,20,12,4,2025-06-16,2025-06-17,2025-06-23
2273,20,12,4,2025-06-29,2025-06-30,2025-07-06
2274,20,12,4,2025-07-01,2025-07-04,2025-07-08
2275,20,12,4,2025-07-12,2025-07-13,2025-07-19
2276,20,3,4,2025-07-19,2025-07-21,2025-07-26
2277,20,3,4,2025-07-23,2025-07-26,2025-07-30
2278,20,12,4,2025-08-03,2025-08-05,2025-08-10
2279,20,12,4,2025-08-07,2025-08-08,2025-08-14
2280,20,12,4,2025-08-15,2025-08-17,2025-08-22
2281,20,12,4,2025-08-20,2025-08-23,2025-08-27
2282,20,3,4,2025-08-30,2025-09-02,2025-09-06
2283,20,12,4,2025-09-06,2025-09-07,2025-09-13
2284,20,12,4,2025-09-14,2025-09-16,2025-09-21
2285,20,12,4,2025-09-20,2025-09-21,2025-09-27
2286,20,12,4,2025-09-25,2025-09-26,2025-10-02
2287,20,12,4,2025-10-02,2025-10-03,2025-10-09
2288,20,3,4,2025-10-08,2025-10-11,2025-10-15
2289,20,12,4,2025-10-16,2025-10-17,2025-10-23
2290,20,3,4,2025-10-22,2025-10-24,2025-10-29
2291,20,12,4,2025-10-31,2025-11-01,2025-11-07
2292,20,3,4,2025-11-08,2025-11-11,2025-11-15
2293,20,12,4,2025-11-12,2025-11-15,2025-11-19
2294,20,12,4,2025-11-20,2025-11-21,2025-11-27
2295,20,3,4,2025-11-24,2025-11-27,2025-12-01
2296,20,12,4,2025-12-05,2025-12-06,2025-12-12
2297,20,12,4,2025-12-12,2025-12-13,2025-12-19
2298,20,12,4,2025-12-19,2025-12-22,2025-12-26
2299,20,12,4,2025-12-24,2025-12-25,2025-12-31
2300,20,3,4,2026-01-01,2026-01-04,2026-01-08
2301,20,3,4,2026-01-08,2026-01-09,2026-01-15
2302,20,12,4,2026-01-14,2026-01-17,2026-01-21
2303,20,3,4,2026-01-19,2026-01-21,2026-01-26
2304,20,12,4,2026-01-27,2026-01-29,2026-02-03
2305,20,12,4,2026-02-02,2026-02-04,2026-02-09
2306,20,12,4,2026-02-13,2026-02-14,2026-02-20
2307,20,3,4,2026-02-19,2026-02-22,2026-02-26
2308,20,12,4,2026-02-27,2026-02-28,2026-03-06
2309,20,12,4,2026-03-07,2026-03-09,2026-03-14
2310,20,12,4,2026-03-12,2026-03-15,2026-03-19
2311,20,3,4,2026-03-20,2026-03-23,2026-03-27
2312,20,3,4,2026-03-26,2026-03-27,2026-04-02
2313,20,12,4,2026-04-03,2026-04-04,2026-04-10
2314,20,3,4,2026-04-06,2026-04-07,2026-04-13
2315,20,3,4,2026-04-13,2026-04-16,2026-04-20
2316,20,3,4,2026-04-25,2026-04-26,2026-05-02
2317,20,12,4,2026-04-29,2026-04-30,2026-05-06
2318,20,3,4,2026-05-04,2026-05-06,2026-05-11
2319,20,12,4,2026-05-13,2026-05-14,2026-05-20
2320,20,12,4,2026-05-22,2026-05-25,2026-05-29
2321,20,12,4,2026-05-31,2026-06-01,2026-06-07
2322,20,3,4,2026-06-04,2026-06-05,2026-06-11
2323,20,12,4,2026-06-09,2026-06-11,2026-06-16
2324,20,12,4,2026-06-17,2026-06-19,2026-06-24
2325,20,3,4,2026-06-22,2026-06-24,2026-06-29
2326,20,3,5,2024-07-07,2024-07-08,2024-07-14
2327,20,12,5,2024-07-09,2024-07-11,2024-07-16
2328,20,12,5,2024-07-18,2024-07-19,2024-07-25
2329,20,12,5,2024-07-28,2024-07-30,2024-08-04
2330,20,3,5,2024-08-01,2024-08-03,2024-08-08
2331,20,3,5,2024-08-05,2024-08-07,2024-08-12
2332,20,12,5,2024-08-18,2024-08-20,2024-08-25
2333,20,12,5,2024-08-25,2024-08-28,2024-09-01
2334,20,3,5,2024-08-27,2024-08-28,2024-09-03
2335,20,3,5,2024-09-05,2024-09-07,2024-09-12
2336,20,12,5,2024-09-11,2024-09-14,2024-09-18
2337,20,12,5,2024-09-21,2024-09-24,2024-09-28
2338,20,12,5,2024-09-25,2024-09-27,2024-10-02
2339,20,3,5,2024-10-05,2024-10-06,2024-10-12
2340,20,3,5,2024-10-08,2024-10-09,2024-10-15
2341,20,12,5,2024-10-20,2024-10-22,2024-10-27
2342,20,12,5,2024-10-27,2024-10-29,2024-11-03
2343,20,3,5,2024-10-30,2024-10-31,2024-11-06
2344,20,12,5,2024-11-10,2024-11-11,2024-11-17
2345,20,12,5,2024-11-17,2024-11-18,2024-11-24
2346,20,3,5,2024-11-24,2024-11-25,2024-12-01
2347,20,3,5,2024-11-28,2024-11-30,2024-12-05
2348,20,3,5,2024-12-06,2024-12-08,2024-12-13
2349,20,12,5,2024-12-11,2024-12-13,2024-12-18
2350,20,3,5,2024-12-22,2024-12-24,2024-12-29
2351,20,12,5,2024-12-27,2024-12-30,2025-01-03
2352,20,3,5,2024-12-31,2025-01-01,2025-01-07
2353,20,3,5,2025-01-06,2025-01-08,2025-01-13
2354,20,12,5,2025-01-17,2025-01-20,2025-01-24
2355,20,12,5,2025-01-23,2025-01-26,2025-01-30
2356,20,12,5,2025-02-01,2025-02-03,2025-02-08
2357,20,12,5,2025-02-06,2025-02-08,2025-02-13
2358,20,3,5,2025-02-10,2025-02-11,2025-02-17
2359,20,12,5,2025-02-22,2025-02-25,2025-03-01
2360,20,3,5,2025-02-26,2025-02-27,2025-03-05
2361,20,12,5,2025-03-07,2025-03-08,2025-03-14
2362,20,3,5,2025-03-14,2025-03-15,2025-03-21
2363,20,12,5,2025-03-21,2025-03-22,2025-03-28
2364,20,12,5,2025-03-25,2025-03-28,2025-04-01
2365,20,3,5,2025-03-31,2025-04-02,2025-04-07
2366,20,3,5,2025-04-08,2025-04-10,2025-04-15
2367,20,12,5,2025-04-18,2025-04-19,2025-04-25
2368,20,3,5,2025-04-23,2025-04-26,2025-04-30
2369,20,3,5,2025-04-28,2025-05-01,2025-05-05
2370,20,12,5,2025-05-10,2025-05-11,2025-05-17
2371,20,3,5,2025-05-18,2025-05-19,2025-05-25
2372,20,12,5,2025-05-19,2025-05-21,2025-05-26
2373,20,3,5,2025-05-27,2025-05-30,2025-06-03
2374,20,3,5,2025-06-07,2025-06-09,2025-06-14
2375,20,12,5,2025-06-11,2025-06-13,2025-06-18
2376,20,12,5,2025-06-22,2025-06-24,2025-06-29
2377,20,12,5,2025-06-27,2025-06-30,2025-07-04
2378,20,12,5,2025-07-05,2025-07-08,2025-07-12
2379,20,12,5,2025-07-07,2025-07-10,2025-07-14
2380,20,3,5,2025-07-14,2025-07-16,2025-07-21
2381,20,12,5,2025-07-21,2025-07-24,2025-07-28
2382,20,3,5,2025-07-30,2025-08-01,2025-08-06
2383,20,12,5,2025-08-04,2025-08-06,2025-08-11
2384,20,3,5,2025-08-11,2025-08-13,2025-08-18
2385,20,12,5,2025-08-20,2025-08-21,2025-08-27
2386,20,12,5,2025-08-30,2025-08-31,2025-09-06
2387,20,12,5,2025-09-06,2025-09-08,2025-09-13
2388,20,12,5,2025-09-10,2025-09-11,2025-09-17
2389,20,12,5,2025-09-15,2025-09-18,2025-09-22
2390,20,12,5,2025-09-22,2025-09-23,2025-09-29
2391,20,12,5,2025-10-02,2025-10-05,2025-10-09
2392,20,12,5,2025-10-06,2025-10-08,2025-10-13
2393,20,3,5,2025-10-14,2025-10-16,2025-10-21
2394,20,12,5,2025-10-24,2025-10-27,2025-10-31
2395,20,3,5,2025-10-27,2025-10-30,2025-11-03
2396,20,3,5,2025-11-06,2025-11-09,2025-11-13
2397,20,3,5,2025-11-12,2025-11-15,2025-11-19
2398,20,12,5,2025-11-17,2025-11-20,2025-11-24
2399,20,3,5,2025-11-26,2025-11-28,2025-12-03
2400,20,12,5,2025-12-02,2025-12-03,2025-12-09
2401,20,3,5,2025-12-09,2025-12-11,2025-12-16
2402,20,12,5,2025-12-20,2025-12-22,2025-12-27
2403,20,3,5,2025-12-22,2025-12-25,2025-12-29
2404,20,12,5,2026-01-01,2026-01-04,2026-01-08
2405,20,12,5,2026-01-05,2026-01-08,2026-01-12
2406,20,3,5,2026-01-13,2026-01-16,2026-01-20
2407,20,3,5,2026-01-23,2026-01-26,2026-01-30
2408,20,3,5,2026-01-30,2026-02-02,2026-02-06
2409,20,3,5,2026-02-05,2026-02-07,2026-02-12
2410,20,3,5,2026-02-12,2026-02-14,2026-02-19
2411,20,12,5,2026-02-22,2026-02-23,2026-03-01
2412,20,12,5,2026-02-23,2026-02-24,2026-03-02
2413,20,12,5,2026-03-04,2026-03-07,2026-03-11
2414,20,12,5,2026-03-09,2026-03-12,2026-03-16
2415,20,12,5,2026-03-20,2026-03-22,2026-03-27
2416,20,12,5,2026-03-23,2026-03-26,2026-03-30
2417,20,12,5,2026-04-04,2026-04-06,2026-04-11
2418,20,12,5,2026-04-12,2026-04-15,2026-04-19
2419,20,3,5,2026-04-15,2026-04-17,2026-04-22
2420,20,3,5,2026-04-20,2026-04-21,2026-04-27
2421,20,12,5,2026-05-01,2026-05-03,2026-05-08
2422,20,12,5,2026-05-10,2026-05-11,2026-05-17
2423,20,12,5,2026-05-17,2026-05-20,2026-05-24
2424,20,12,5,2026-05-19,2026-05-21,2026-05-26
2425,20,12,5,2026-05-26,2026-05-28,2026-06-02
2426,20,3,5,2026-06-04,2026-06-05,2026-06-11
2427,20,12,5,2026-06-08,2026-06-11,2026-06-15
2428,20,3,5,2026-06-21,2026-06-22,2026-06-28
2429,20,12,5,2026-06-26,2026-06-29,2026-07-03
2430,20,12,9,2024-07-05,2024-07-06,2024-07-12
2431,20,3,9,2024-07-11,2024-07-13,2024-07-18
2432,20,3,7,2024-07-20,2024-07-21,2024-07-27
2433,20,12,7,2024-07-25,2024-07-27,2024-08-01
2434,20,3,9,2024-08-04,2024-08-07,2024-08-11
2435,20,3,7,2024-08-07,2024-08-08,2024-08-14
2436,20,3,9,2024-08-14,2024-08-15,2024-08-21
2437,20,3,9,2024-08-21,2024-08-22,2024-08-28
2438,20,3,7,2024-08-26,2024-08-29,2024-09-02
2439,20,12,7,2024-09-04,2024-09-07,2024-09-11
2440,20,12,7,2024-09-14,2024-09-16,2024-09-21
2441,20,12,7,2024-09-17,2024-09-20,2024-09-24
2442,20,12,9,2024-09-29,2024-10-01,2024-10-06
2443,20,3,7,2024-10-04,2024-10-05,2024-10-11
2444,20,12,7,2024-10-09,2024-10-12,2024-10-16
2445,20,12,7,2024-10-14,2024-10-16,2024-10-21
2446,20,3,9,2024-10-27,2024-10-29,2024-11-03
2447,20,3,7,2024-10-30,2024-10-31,2024-11-06
2448,20,12,7,2024-11-08,2024-11-11,2024-11-15
2449,20,12,9,2024-11-15,2024-11-16,2024-11-22
2450,20,12,9,2024-11-18,2024-11-21,2024-11-25
2451,20,12,9,2024-11-26,2024-11-27,2024-12-03
2452,20,3,9,2024-12-06,2024-12-09,2024-12-13
2453,20,3,7,2024-12-12,2024-12-13,2024-12-19
2454,20,3,9,2024-12-22,2024-12-24,2024-12-29
2455,20,12,7,2024-12-29,2025-01-01,2025-01-05
2456,20,12,9,2025-01-04,2025-01-06,2025-01-11
2457,20,3,7,2025-01-11,2025-01-14,2025-01-18
2458,20,12,9,2025-01-17,2025-01-19,2025-01-24
2459,20,12,9,2025-01-21,2025-01-22,2025-01-28
2460,20,12,9,2025-02-02,2025-02-03,2025-02-09
2461,20,3,9,2025-02-07,2025-02-08,2025-02-14
2462,20,3,7,2025-02-15,2025-02-16,2025-02-22
2463,20,12,9,2025-02-19,2025-02-20,2025-02-26
2464,20,3,7,2025-03-02,2025-03-03,2025-03-09
2465,20,12,9,2025-03-08,2025-03-09,2025-03-15
2466,20,3,9,2025-03-15,2025-03-18,2025-03-22
2467,20,12,9,2025-03-19,2025-03-21,2025-03-26
2468,20,12,9,2025-03-30,2025-03-31,2025-04-06
2469,20,12,9,2025-04-05,2025-04-08,2025-04-12
2470,20,3,7,2025-04-08,2025-04-11,2025-04-15
2471,20,12,7,2025-04-16,2025-04-19,2025-04-23
2472,20,12,7,2025-04-25,2025-04-26,2025-05-02
2473,20,3,9,2025-05-03,2025-05-04,2025-05-10
2474,20,12,9,2025-05-05,2025-05-07,2025-05-12
2475,20,3,7,2025-05-17,2025-05-18,2025-05-24
2476,20,12,9,2025-05-20,2025-05-22,2025-05-27
2477,20,12,7,2025-05-29,2025-05-30,2025-06-05
2478,20,3,9,2025-06-05,2025-06-07,2025-06-12
2479,20,3,9,2025-06-12,2025-06-15,2025-06-19
2480,20,12,9,2025-06-22,2025-06-24,2025-06-29
2481,20,12,7,2025-06-29,2025-07-02,2025-07-06
2482,20,3,7,2025-06-30,2025-07-01,2025-07-07
2483,20,12,9,2025-07-13,2025-07-16,2025-07-20
2484,20,3,7,2025-07-19,2025-07-22,2025-07-26
2485,20,3,7,2025-07-22,2025-07-23,2025-07-29
2486,20,12,7,2025-07-30,2025-07-31,2025-08-06
2487,20,3,7,2025-08-10,2025-08-13,2025-08-17
2488,20,12,7,2025-08-11,2025-08-13,2025-08-18
2489,20,3,7,2025-08-22,2025-08-23,2025-08-29
2490,20,3,9,2025-08-30,2025-09-02,2025-09-06
2491,20,3,7,2025-09-07,2025-09-09,2025-09-14
2492,20,12,7,2025-09-10,2025-09-12,2025-09-17
2493,20,3,7,2025-09-20,2025-09-21,2025-09-27
2494,20,3,9,2025-09-27,2025-09-29,2025-10-04
2495,20,3,9,2025-09-30,2025-10-01,2025-10-07
2496,20,12,9,2025-10-06,2025-10-07,2025-10-13
2497,20,12,7,2025-10-16,2025-10-17,2025-10-23
2498,20,12,7,2025-10-26,2025-10-27,2025-11-02
2499,20,12,9,2025-10-31,2025-11-01,2025-11-07
2500,20,3,9,2025-11-06,2025-11-09,2025-11-13
2501,20,12,7,2025-11-13,2025-11-16,2025-11-20
2502,20,3,7,2025-11-21,2025-11-22,2025-11-28
2503,20,3,7,2025-11-24,2025-11-27,2025-12-01
2504,20,12,7,2025-12-03,2025-12-05,2025-12-10
2505,20,12,7,2025-12-13,2025-12-14,2025-12-20
2506,20,3,7,2025-12-20,2025-12-22,2025-12-27
2507,20,12,7,2025-12-28,2025-12-31,2026-01-04
2508,20,12,9,2026-01-02,2026-01-04,2026-01-09
2509,20,12,7,2026-01-10,2026-01-12,2026-01-17
2510,20,12,7,2026-01-18,2026-01-21,2026-01-25
2511,20,12,9,2026-01-25,2026-01-26,2026-02-01
2512,20,3,9,2026-01-31,2026-02-02,2026-02-07
2513,20,3,7,2026-02-06,2026-02-07,2026-02-13
2514,20,12,7,2026-02-15,2026-02-16,2026-02-22
2515,20,3,7,2026-02-16,2026-02-17,2026-02-23
2516,20,3,9,2026-02-25,2026-02-26,2026-03-04
2517,20,12,9,2026-03-06,2026-03-08,2026-03-13
2518,20,3,7,2026-03-10,2026-03-13,2026-03-17
2519,20,12,9,2026-03-22,2026-03-23,2026-03-29
2520,20,12,9,2026-03-28,2026-03-30,2026-04-04
2521,20,3,9,2026-04-05,2026-04-06,2026-04-12
2522,20,3,9,2026-04-06,2026-04-08,2026-04-13
2523,20,3,9,2026-04-14,2026-04-17,2026-04-21
2524,20,3,7,2026-04-22,2026-04-24,2026-04-29
2525,20,3,9,2026-04-30,2026-05-01,2026-05-07
2526,20,3,7,2026-05-08,2026-05-10,2026-05-15
2527,20,3,7,2026-05-17,2026-05-20,2026-05-24
2528,20,3,9,2026-05-19,2026-05-22,2026-05-26
2529,20,3,7,2026-05-29,2026-05-31,2026-06-05
2530,20,12,7,2026-06-03,2026-06-06,2026-06-10
2531,20,12,9,2026-06-09,2026-06-11,2026-06-16
2532,20,3,9,2026-06-19,2026-06-20,2026-06-26
2533,20,3,9,2026-06-22,2026-06-25,2026-06-29
2534,20,12,10,2024-07-01,2024-07-04,2024-07-08
2535,20,3,10,2024-07-14,2024-07-16,2024-07-21
2536,20,12,10,2024-07-16,2024-07-17,2024-07-23
2537,20,3,10,2024-07-25,2024-07-26,2024-08-01
2538,20,3,10,2024-07-31,2024-08-02,2024-08-07
2539,20,12,10,2024-08-11,2024-08-13,2024-08-18
2540,20,3,10,2024-08-16,2024-08-17,2024-08-23
2541,20,3,10,2024-08-19,2024-08-22,2024-08-26
2542,20,12,10,2024-08-28,2024-08-30,2024-09-04
2543,20,12,10,2024-09-04,2024-09-06,2024-09-11
2544,20,3,10,2024-09-15,2024-09-16,2024-09-22
2545,20,3,10,2024-09-22,2024-09-24,2024-09-29
2546,20,3,10,2024-09-23,2024-09-26,2024-09-30
2547,20,12,10,2024-10-01,2024-10-02,2024-10-08
2548,20,3,10,2024-10-13,2024-10-14,2024-10-20
2549,20,12,10,2024-10-19,2024-10-21,2024-10-26
2550,20,3,10,2024-10-24,2024-10-26,2024-10-31
2551,20,12,10,2024-10-29,2024-11-01,2024-11-05
2552,20,12,10,2024-11-10,2024-11-11,2024-11-17
2553,20,12,10,2024-11-17,2024-11-18,2024-11-24
2554,20,3,10,2024-11-23,2024-11-25,2024-11-30
2555,20,3,10,2024-11-26,2024-11-29,2024-12-03
2556,20,12,10,2024-12-06,2024-12-09,2024-12-13
2557,20,3,10,2024-12-12,2024-12-14,2024-12-19
2558,20,3,10,2024-12-19,2024-12-22,2024-12-26
2559,20,3,10,2024-12-24,2024-12-27,2024-12-31
2560,20,3,10,2024-12-31,2025-01-01,2025-01-07
2561,20,12,10,2025-01-10,2025-01-13,2025-01-17
2562,20,3,10,2025-01-13,2025-01-15,2025-01-20
2563,20,12,10,2025-01-23,2025-01-24,2025-01-30
2564,20,3,10,2025-01-29,2025-01-30,2025-02-05
2565,20,12,10,2025-02-05,2025-02-08,2025-02-12
2566,20,12,10,2025-02-15,2025-02-18,2025-02-22
2567,20,12,10,2025-02-20,2025-02-21,2025-02-27
2568,20,12,10,2025-02-28,2025-03-03,2025-03-07
2569,20,3,10,2025-03-09,2025-03-10,2025-03-16
2570,20,3,10,2025-03-16,2025-03-17,2025-03-23
2571,20,3,10,2025-03-20,2025-03-23,2025-03-27
2572,20,12,10,2025-03-25,2025-03-28,2025-04-01
2573,20,3,10,2025-04-05,2025-04-06,2025-04-12
2574,20,12,10,2025-04-11,2025-04-14,2025-04-18
2575,20,3,10,2025-04-19,2025-04-22,2025-04-26
2576,20,3,10,2025-04-27,2025-04-28,2025-05-04
2577,20,3,10,2025-05-01,2025-05-03,2025-05-08
2578,20,3,10,2025-05-08,2025-05-10,2025-05-15
2579,20,3,10,2025-05-16,2025-05-17,2025-05-23
2580,20,3,10,2025-05-20,2025-05-21,2025-05-27
2581,20,12,10,2025-05-28,2025-05-29,2025-06-04
2582,20,12,10,2025-06-07,2025-06-08,2025-06-14
2583,20,3,10,2025-06-15,2025-06-17,2025-06-22
2584,20,12,10,2025-06-18,2025-06-19,2025-06-25
2585,20,3,10,2025-06-27,2025-06-30,2025-07-04
2586,20,12,10,2025-07-03,2025-07-04,2025-07-10
2587,20,3,10,2025-07-13,2025-07-14,2025-07-20
2588,20,12,10,2025-07-14,2025-07-16,2025-07-21
2589,20,3,10,2025-07-23,2025-07-26,2025-07-30
2590,20,3,10,2025-07-30,2025-07-31,2025-08-06
2591,20,3,10,2025-08-06,2025-08-09,2025-08-13
2592,20,3,10,2025-08-11,2025-08-13,2025-08-18
2593,20,3,10,2025-08-19,2025-08-20,2025-08-26
2594,20,3,10,2025-08-29,2025-08-30,2025-09-05
2595,20,3,10,2025-09-05,2025-09-08,2025-09-12
2596,20,3,10,2025-09-08,2025-09-10,2025-09-15
2597,20,12,10,2025-09-20,2025-09-21,2025-09-27
2598,20,12,10,2025-09-24,2025-09-27,2025-10-01
2599,20,12,10,2025-10-04,2025-10-07,2025-10-11
2600,20,12,10,2025-10-07,2025-10-09,2025-10-14
2601,20,3,10,2025-10-14,2025-10-16,2025-10-21
2602,20,12,10,2025-10-24,2025-10-25,2025-10-31
2603,20,12,10,2025-10-30,2025-11-01,2025-11-06
2604,20,12,10,2025-11-04,2025-11-07,2025-11-11
2605,20,3,10,2025-11-14,2025-11-15,2025-11-21
2606,20,3,10,2025-11-20,2025-11-22,2025-11-27
2607,20,12,10,2025-11-24,2025-11-26,2025-12-01
2608,20,3,10,2025-12-05,2025-12-06,2025-12-12
2609,20,3,10,2025-12-13,2025-12-16,2025-12-20
2610,20,12,10,2025-12-18,2025-12-21,2025-12-25
2611,20,12,10,2025-12-23,2025-12-25,2025-12-30
2612,20,12,10,2026-01-01,2026-01-03,2026-01-08
2613,20,3,10,2026-01-09,2026-01-11,2026-01-16
2614,20,3,10,2026-01-18,2026-01-20,2026-01-25
2615,20,12,10,2026-01-24,2026-01-26,2026-01-31
2616,20,3,10,2026-02-01,2026-02-02,2026-02-08
2617,20,3,10,2026-02-08,2026-02-09,2026-02-15
2618,20,12,10,2026-02-11,2026-02-14,2026-02-18
2619,20,3,10,2026-02-18,2026-02-21,2026-02-25
2620,20,3,10,2026-02-24,2026-02-27,2026-03-03
2621,20,12,10,2026-03-06,2026-03-09,2026-03-13
2622,20,3,10,2026-03-14,2026-03-17,2026-03-21
2623,20,3,10,2026-03-17,2026-03-20,2026-03-24
2624,20,3,10,2026-03-24,2026-03-26,2026-03-31
2625,20,12,10,2026-03-31,2026-04-03,2026-04-07
2626,20,12,10,2026-04-09,2026-04-12,2026-04-16
2627,20,3,10,2026-04-18,2026-04-20,2026-04-25
2628,20,3,10,2026-04-25,2026-04-26,2026-05-02
2629,20,3,10,2026-04-28,2026-05-01,2026-05-05
2630,20,3,10,2026-05-07,2026-05-09,2026-05-14
2631,20,3,10,2026-05-12,2026-05-14,2026-05-19
2632,20,12,10,2026-05-24,2026-05-27,2026-05-31
2633,20,12,10,2026-05-25,2026-05-28,2026-06-01
2634,20,12,10,2026-06-03,2026-06-04,2026-06-10
2635,20,12,10,2026-06-12,2026-06-14,2026-06-19
2636,20,3,10,2026-06-16,2026-06-18,2026-06-23
2637,20,3,10,2026-06-25,2026-06-27,2026-07-02
2638,21,24,3,2024-07-07,2024-07-08,2024-07-16
2639,21,6,3,2024-07-10,2024-07-13,2024-07-19
2640,21,6,1,2024-07-19,2024-07-20,2024-07-28
2641,21,24,3,2024-07-23,2024-07-26,2024-08-01
2642,21,24,3,2024-07-31,2024-08-03,2024-08-09
2643,21,1,1,2024-08-05,2024-08-06,2024-08-14
2644,21,1,3,2024-08-17,2024-08-18,2024-08-26
2645,21,1,3,2024-08-25,2024-08-28,2024-09-03
2646,21,1,3,2024-08-31,2024-09-01,2024-09-09
2647,21,24,1,2024-09-04,2024-09-06,2024-09-13
2648,21,24,1,2024-09-09,2024-09-11,2024-09-18
2649,21,6,1,2024-09-16,2024-09-17,2024-09-25
2650,21,1,3,2024-09-28,2024-10-01,2024-10-07
2651,21,1,3,2024-10-03,2024-10-05,2024-10-12
2652,21,24,3,2024-10-13,2024-10-14,2024-10-22
2653,21,1,3,2024-10-17,2024-10-19,2024-10-26
2654,21,24,1,2024-10-22,2024-10-23,2024-10-31
2655,21,6,3,2024-10-28,2024-10-29,2024-11-06
2656,21,1,3,2024-11-10,2024-11-13,2024-11-19
2657,21,6,3,2024-11-12,2024-11-15,2024-11-21
2658,21,6,1,2024-11-21,2024-11-23,2024-11-30
2659,21,1,1,2024-11-26,2024-11-28,2024-12-05
2660,21,6,1,2024-12-07,2024-12-09,2024-12-16
2661,21,6,3,2024-12-09,2024-12-12,2024-12-18
2662,21,1,3,2024-12-21,2024-12-24,2024-12-30
2663,21,1,3,2024-12-23,2024-12-26,2025-01-01
2664,21,1,1,2025-01-04,2025-01-07,2025-01-13
2665,21,24,1,2025-01-09,2025-01-10,2025-01-18
2666,21,24,3,2025-01-16,2025-01-17,2025-01-25
2667,21,6,3,2025-01-23,2025-01-26,2025-02-01
2668,21,6,1,2025-01-28,2025-01-30,2025-02-06
2669,21,24,1,2025-02-08,2025-02-11,2025-02-17
2670,21,24,3,2025-02-13,2025-02-14,2025-02-22
2671,21,1,1,2025-02-22,2025-02-24,2025-03-03
2672,21,6,1,2025-02-28,2025-03-03,2025-03-09
2673,21,1,1,2025-03-06,2025-03-07,2025-03-15
2674,21,1,3,2025-03-13,2025-03-16,2025-03-22
2675,21,6,1,2025-03-22,2025-03-25,2025-03-31
2676,21,6,3,2025-03-25,2025-03-27,2025-04-03
2677,21,24,3,2025-03-31,2025-04-01,2025-04-09
2678,21,1,1,2025-04-13,2025-04-15,2025-04-22
2679,21,6,3,2025-04-20,2025-04-22,2025-04-29
2680,21,24,1,2025-04-26,2025-04-27,2025-05-05
2681,21,6,3,2025-04-28,2025-04-29,2025-05-07
2682,21,6,3,2025-05-10,2025-05-12,2025-05-19
2683,21,6,3,2025-05-12,2025-05-15,2025-05-21
2684,21,1,1,2025-05-20,2025-05-22,2025-05-29
2685,21,6,3,2025-05-29,2025-05-30,2025-06-07
2686,21,24,3,2025-06-03,2025-06-04,2025-06-12
2687,21,6,3,2025-06-15,2025-06-16,2025-06-24
2688,21,24,3,2025-06-21,2025-06-24,2025-06-30
2689,21,6,1,2025-06-29,2025-06-30,2025-07-08
2690,21,24,1,2025-06-30,2025-07-02,2025-07-09
2691,21,1,3,2025-07-07,2025-07-08,2025-07-16
2692,21,6,1,2025-07-16,2025-07-17,2025-07-25
2693,21,6,3,2025-07-22,2025-07-25,2025-07-31
2694,21,6,3,2025-07-29,2025-07-31,2025-08-07
2695,21,1,3,2025-08-08,2025-08-09,2025-08-17
2696,21,1,1,2025-08-16,2025-08-18,2025-08-25
2697,21,24,3,2025-08-18,2025-08-20,2025-08-27
2698,21,1,3,2025-08-29,2025-08-31,2025-09-07
2699,21,24,1,2025-09-07,2025-09-10,2025-09-16
2700,21,6,1,2025-09-12,2025-09-13,2025-09-21
2701,21,6,3,2025-09-21,2025-09-24,2025-09-30
2702,21,1,3,2025-09-26,2025-09-28,2025-10-05
2703,21,24,3,2025-10-02,2025-10-05,2025-10-11
2704,21,24,1,2025-10-10,2025-10-12,2025-10-19
2705,21,1,3,2025-10-19,2025-10-20,2025-10-28
2706,21,6,3,2025-10-25,2025-10-28,2025-11-03
2707,21,1,3,2025-11-01,2025-11-04,2025-11-10
2708,21,1,3,2025-11-09,2025-11-10,2025-11-18
2709,21,6,3,2025-11-14,2025-11-17,2025-11-23
2710,21,1,1,2025-11-17,2025-11-18,2025-11-26
2711,21,1,3,2025-11-29,2025-12-02,2025-12-08
2712,21,1,3,2025-12-04,2025-12-07,2025-12-13
2713,21,6,3,2025-12-10,2025-12-12,2025-12-19
2714,21,24,3,2025-12-19,2025-12-22,2025-12-28
2715,21,1,1,2025-12-23,2025-12-24,2026-01-01
2716,21,6,3,2026-01-03,2026-01-06,2026-01-12
2717,21,1,3,2026-01-11,2026-01-14,2026-01-20
2718,21,6,3,2026-01-16,2026-01-18,2026-01-25
2719,21,6,3,2026-01-24,2026-01-27,2026-02-02
2720,21,6,3,2026-01-31,2026-02-03,2026-02-09
2721,21,6,3,2026-02-05,2026-02-08,2026-02-14
2722,21,24,3,2026-02-11,2026-02-12,2026-02-20
2723,21,1,3,2026-02-16,2026-02-19,2026-02-25
2724,21,24,3,2026-02-26,2026-02-27,2026-03-07
2725,21,6,3,2026-03-07,2026-03-10,2026-03-16
2726,21,1,3,2026-03-13,2026-03-15,2026-03-22
2727,21,6,3,2026-03-20,2026-03-23,2026-03-29
2728,21,1,3,2026-03-28,2026-03-29,2026-04-06
2729,21,1,1,2026-04-04,2026-04-07,2026-04-13
2730,21,24,1,2026-04-08,2026-04-09,2026-04-17
2731,21,24,3,2026-04-15,2026-04-17,2026-04-24
2732,21,1,3,2026-04-20,2026-04-22,2026-04-29
2733,21,24,3,2026-05-01,2026-05-04,2026-05-10
2734,21,24,1,2026-05-09,2026-05-10,2026-05-18
2735,21,6,1,2026-05-14,2026-05-17,2026-05-23
2736,21,24,1,2026-05-19,2026-05-21,2026-05-28
2737,21,1,1,2026-05-30,2026-06-02,2026-06-08
2738,21,1,3,2026-06-01,2026-06-02,2026-06-10
2739,21,1,3,2026-06-08,2026-06-09,2026-06-17
2740,21,6,3,2026-06-19,2026-06-21,2026-06-28
2741,21,6,3,2026-06-28,2026-07-01,2026-07-07
2742,21,1,4,2024-07-04,2024-07-05,2024-07-13
2743,21,6,4,2024-07-12,2024-07-15,2024-07-21
2744,21,1,4,2024-07-18,2024-07-20,2024-07-27
2745,21,6,4,2024-07-22,2024-07-23,2024-07-31
2746,21,6,4,2024-08-01,2024-08-02,2024-08-10
2747,21,1,4,2024-08-06,2024-08-08,2024-08-15
2748,21,6,4,2024-08-14,2024-08-15,2024-08-23
2749,21,6,4,2024-08-23,2024-08-24,2024-09-01
2750,21,1,4,2024-08-30,2024-09-02,2024-09-08
2751,21,6,4,2024-09-03,2024-09-06,2024-09-12
2752,21,24,4,2024-09-11,2024-09-12,2024-09-20
2753,21,24,4,2024-09-20,2024-09-21,2024-09-29
2754,21,1,4,2024-09-23,2024-09-25,2024-10-02
2755,21,6,4,2024-10-02,2024-10-05,2024-10-11
2756,21,24,4,2024-10-08,2024-10-11,2024-10-17
2757,21,6,4,2024-10-14,2024-10-16,2024-10-23
2758,21,6,4,2024-10-21,2024-10-23,2024-10-30
2759,21,1,4,2024-11-02,2024-11-05,2024-11-11
2760,21,24,4,2024-11-09,2024-11-11,2024-11-18
2761,21,1,4,2024-11-17,2024-11-20,2024-11-26
2762,21,24,4,2024-11-19,2024-11-20,2024-11-28
2763,21,1,4,2024-11-27,2024-11-30,2024-12-06
2764,21,24,4,2024-12-04,2024-12-06,2024-12-13
2765,21,6,4,2024-12-10,2024-12-12,2024-12-19
2766,21,6,4,2024-12-20,2024-12-22,2024-12-29
2767,21,6,4,2024-12-24,2024-12-27,2025-01-02
2768,21,6,4,2024-12-31,2025-01-03,2025-01-09
2769,21,1,4,2025-01-10,2025-01-11,2025-01-19
2770,21,6,4,2025-01-15,2025-01-17,2025-01-24
2771,21,24,4,2025-01-25,2025-01-28,2025-02-03
2772,21,6,4,2025-01-29,2025-02-01,2025-02-07
2773,21,6,4,2025-02-07,2025-02-10,2025-02-16
2774,21,6,4,2025-02-13,2025-02-14,2025-02-22
2775,21,6,4,2025-02-22,2025-02-24,2025-03-03
2776,21,6,4,2025-03-02,2025-03-05,2025-03-11
2777,21,1,4,2025-03-03,2025-03-04,2025-03-12
2778,21,6,4,2025-03-10,2025-03-11,2025-03-19
2779,21,1,4,2025-03-22,2025-03-23,2025-03-31
2780,21,1,4,2025-03-25,2025-03-27,2025-04-03
2781,21,24,4,2025-04-02,2025-04-05,2025-04-11
2782,21,24,4,2025-04-08,2025-04-11,2025-04-17
2783,21,6,4,2025-04-19,2025-04-22,2025-04-28
2784,21,1,4,2025-04-25,2025-04-28,2025-05-04
2785,21,1,4,2025-05-02,2025-05-04,2025-05-11
2786,21,1,4,2025-05-09,2025-05-11,2025-05-18
2787,21,24,4,2025-05-15,2025-05-17,2025-05-24
2788,21,24,4,2025-05-24,2025-05-25,2025-06-02
2789,21,6,4,2025-06-01,2025-06-04,2025-06-10
2790,21,1,4,2025-06-08,2025-06-11,2025-06-17
2791,21,6,4,2025-06-09,2025-06-10,2025-06-18
2792,21,6,4,2025-06-22,2025-06-25,2025-07-01
2793,21,24,4,2025-06-29,2025-07-02,2025-07-08
2794,21,24,4,2025-07-02,2025-07-05,2025-07-11
2795,21,6,4,2025-07-12,2025-07-15,2025-07-21
2796,21,1,4,2025-07-20,2025-07-21,2025-07-29
2797,21,24,4,2025-07-21,2025-07-23,2025-07-30
2798,21,6,4,2025-08-03,2025-08-04,2025-08-12
2799,21,6,4,2025-08-04,2025-08-07,2025-08-13
2800,21,1,4,2025-08-15,2025-08-16,2025-08-24
2801,21,24,4,2025-08-22,2025-08-23,2025-08-31
2802,21,1,4,2025-08-25,2025-08-28,2025-09-03
2803,21,1,4,2025-09-02,2025-09-05,2025-09-11
2804,21,24,4,2025-09-11,2025-09-13,2025-09-20
2805,21,24,4,2025-09-17,2025-09-18,2025-09-26
2806,21,1,4,2025-09-23,2025-09-25,2025-10-02
2807,21,6,4,2025-10-02,2025-10-05,2025-10-11
2808,21,6,4,2025-10-12,2025-10-15,2025-10-21
2809,21,6,4,2025-10-19,2025-10-21,2025-10-28
2810,21,1,4,2025-10-22,2025-10-25,2025-10-31
2811,21,1,4,2025-10-31,2025-11-01,2025-11-09
2812,21,24,4,2025-11-07,2025-11-08,2025-11-16
2813,21,6,4,2025-11-15,2025-11-18,2025-11-24
2814,21,24,4,2025-11-21,2025-11-24,2025-11-30
2815,21,24,4,2025-11-30,2025-12-03,2025-12-09
2816,21,1,4,2025-12-03,2025-12-04,2025-12-12
2817,21,6,4,2025-12-08,2025-12-10,2025-12-17
2818,21,6,4,2025-12-16,2025-12-18,2025-12-25
2819,21,24,4,2025-12-28,2025-12-29,2026-01-06
2820,21,6,4,2025-12-29,2025-12-31,2026-01-07
2821,21,6,4,2026-01-07,2026-01-08,2026-01-16
2822,21,1,4,2026-01-13,2026-01-14,2026-01-22
2823,21,1,4,2026-01-19,2026-01-20,2026-01-28
2824,21,1,4,2026-01-29,2026-01-31,2026-02-07
2825,21,24,4,2026-02-02,2026-02-05,2026-02-11
2826,21,24,4,2026-02-13,2026-02-14,2026-02-22
2827,21,1,4,2026-02-20,2026-02-21,2026-03-01
2828,21,6,4,2026-02-25,2026-02-28,2026-03-06
2829,21,1,4,2026-03-06,2026-03-07,2026-03-15
2830,21,24,4,2026-03-10,2026-03-11,2026-03-19
2831,21,24,4,2026-03-22,2026-03-23,2026-03-31
2832,21,24,4,2026-03-25,2026-03-26,2026-04-03
2833,21,24,4,2026-03-31,2026-04-03,2026-04-09
2834,21,24,4,2026-04-06,2026-04-08,2026-04-15
2835,21,24,4,2026-04-13,2026-04-14,2026-04-22
2836,21,24,4,2026-04-20,2026-04-22,2026-04-29
2837,21,6,4,2026-05-01,2026-05-03,2026-05-10
2838,21,1,4,2026-05-06,2026-05-07,2026-05-15
2839,21,24,4,2026-05-15,2026-05-17,2026-05-24
2840,21,6,4,2026-05-24,2026-05-26,2026-06-02
2841,21,6,4,2026-05-30,2026-06-02,2026-06-08
2842,21,24,4,2026-06-04,2026-06-07,2026-06-13
2843,21,6,4,2026-06-12,2026-06-15,2026-06-21
2844,21,1,4,2026-06-16,2026-06-17,2026-06-25
2845,21,6,4,2026-06-23,2026-06-25,2026-07-02
2846,21,24,5,2024-07-01,2024-07-02,2024-07-10
2847,21,24,5,2024-07-09,2024-07-11,2024-07-18
2848,21,1,5,2024-07-19,2024-07-20,2024-07-28
2849,21,24,5,2024-07-22,2024-07-25,2024-07-31
2850,21,1,5,2024-08-01,2024-08-04,2024-08-10
2851,21,6,5,2024-08-08,2024-08-11,2024-08-17
2852,21,6,5,2024-08-14,2024-08-17,2024-08-23
2853,21,24,5,2024-08-22,2024-08-25,2024-08-31
2854,21,6,5,2024-08-26,2024-08-29,2024-09-04
2855,21,1,5,2024-09-06,2024-09-07,2024-09-15
2856,21,6,5,2024-09-10,2024-09-13,2024-09-19
2857,21,24,5,2024-09-22,2024-09-25,2024-10-01
2858,21,6,5,2024-09-23,2024-09-25,2024-10-02
2859,21,24,5,2024-10-03,2024-10-06,2024-10-12
2860,21,6,5,2024-10-10,2024-10-13,2024-10-19
2861,21,1,5,2024-10-20,2024-10-23,2024-10-29
2862,21,24,5,2024-10-27,2024-10-28,2024-11-05
2863,21,1,5,2024-10-29,2024-10-30,2024-11-07
2864,21,6,5,2024-11-09,2024-11-12,2024-11-18
2865,21,24,5,2024-11-13,2024-11-16,2024-11-22
2866,21,1,5,2024-11-18,2024-11-20,2024-11-27
2867,21,6,5,2024-11-25,2024-11-27,2024-12-04
2868,21,6,5,2024-12-05,2024-12-07,2024-12-14
2869,21,6,5,2024-12-09,2024-12-12,2024-12-18
2870,21,6,5,2024-12-17,2024-12-18,2024-12-26
2871,21,1,5,2024-12-27,2024-12-29,2025-01-05
2872,21,6,5,2024-12-31,2025-01-03,2025-01-09
2873,21,24,5,2025-01-11,2025-01-12,2025-01-20
2874,21,24,5,2025-01-15,2025-01-17,2025-01-24
2875,21,1,5,2025-01-22,2025-01-24,2025-01-31
2876,21,6,5,2025-01-29,2025-01-30,2025-02-07
2877,21,1,5,2025-02-05,2025-02-08,2025-02-14
2878,21,1,5,2025-02-10,2025-02-12,2025-02-19
2879,21,6,5,2025-02-22,2025-02-24,2025-03-03
2880,21,24,5,2025-02-27,2025-02-28,2025-03-08
2881,21,6,5,2025-03-09,2025-03-12,2025-03-18
2882,21,6,5,2025-03-12,2025-03-13,2025-03-21
2883,21,6,5,2025-03-19,2025-03-20,2025-03-28
2884,21,24,5,2025-03-30,2025-04-01,2025-04-08
2885,21,1,5,2025-04-06,2025-04-08,2025-04-15
2886,21,6,5,2025-04-13,2025-04-14,2025-04-22
2887,21,1,5,2025-04-15,2025-04-16,2025-04-24
2888,21,1,5,2025-04-23,2025-04-26,2025-05-02
2889,21,1,5,2025-04-28,2025-04-29,2025-05-07
2890,21,1,5,2025-05-06,2025-05-09,2025-05-15
2891,21,6,5,2025-05-12,2025-05-13,2025-05-21
2892,21,24,5,2025-05-23,2025-05-24,2025-06-01
2893,21,1,5,2025-05-30,2025-06-02,2025-06-08
2894,21,1,5,2025-06-05,2025-06-07,2025-06-14
2895,21,6,5,2025-06-15,2025-06-18,2025-06-24
2896,21,6,5,2025-06-17,2025-06-20,2025-06-26
2897,21,1,5,2025-06-28,2025-06-30,2025-07-07
2898,21,6,5,2025-07-02,2025-07-04,2025-07-11
2899,21,1,5,2025-07-09,2025-07-11,2025-07-18
2900,21,24,5,2025-07-19,2025-07-20,2025-07-28
2901,21,1,5,2025-07-21,2025-07-23,2025-07-30
2902,21,24,5,2025-07-29,2025-07-30,2025-08-07
2903,21,1,5,2025-08-04,2025-08-07,2025-08-13
2904,21,24,5,2025-08-12,2025-08-13,2025-08-21
2905,21,1,5,2025-08-21,2025-08-22,2025-08-30
2906,21,1,5,2025-08-29,2025-08-30,2025-09-07
2907,21,1,5,2025-09-06,2025-09-09,2025-09-15
2908,21,6,5,2025-09-12,2025-09-15,2025-09-21
2909,21,24,5,2025-09-19,2025-09-21,2025-09-28
2910,21,24,5,2025-09-22,2025-09-23,2025-10-01
2911,21,24,5,2025-10-02,2025-10-03,2025-10-11
2912,21,1,5,2025-10-12,2025-10-14,2025-10-21
2913,21,24,5,2025-10-18,2025-10-19,2025-10-27
2914,21,1,5,2025-10-23,2025-10-26,2025-11-01
2915,21,1,5,2025-10-27,2025-10-28,2025-11-05
2916,21,1,5,2025-11-07,2025-11-10,2025-11-16
2917,21,6,5,2025-11-15,2025-11-18,2025-11-24
2918,21,1,5,2025-11-20,2025-11-22,2025-11-29
2919,21,6,5,2025-11-25,2025-11-27,2025-12-04
2920,21,24,5,2025-12-04,2025-12-05,2025-12-13
2921,21,6,5,2025-12-09,2025-12-10,2025-12-18
2922,21,6,5,2025-12-18,2025-12-21,2025-12-27
2923,21,1,5,2025-12-25,2025-12-28,2026-01-03
2924,21,6,5,2026-01-01,2026-01-02,2026-01-10
2925,21,6,5,2026-01-10,2026-01-11,2026-01-19
2926,21,6,5,2026-01-13,2026-01-16,2026-01-22
2927,21,1,5,2026-01-20,2026-01-21,2026-01-29
2928,21,1,5,2026-01-27,2026-01-29,2026-02-05
2929,21,1,5,2026-02-04,2026-02-05,2026-02-13
2930,21,1,5,2026-02-10,2026-02-12,2026-02-19
2931,21,24,5,2026-02-22,2026-02-25,2026-03-03
2932,21,24,5,2026-02-23,2026-02-24,2026-03-04
2933,21,24,5,2026-03-06,2026-03-09,2026-03-15
2934,21,24,5,2026-03-10,2026-03-13,2026-03-19
2935,21,6,5,2026-03-21,2026-03-22,2026-03-30
2936,21,6,5,2026-03-29,2026-04-01,2026-04-07
2937,21,1,5,2026-04-03,2026-04-06,2026-04-12
2938,21,6,5,2026-04-08,2026-04-10,2026-04-17
2939,21,1,5,2026-04-17,2026-04-19,2026-04-26
2940,21,24,5,2026-04-23,2026-04-24,2026-05-02
2941,21,24,5,2026-04-27,2026-04-30,2026-05-06
2942,21,1,5,2026-05-10,2026-05-12,2026-05-19
2943,21,6,5,2026-05-16,2026-05-19,2026-05-25
2944,21,6,5,2026-05-20,2026-05-22,2026-05-29
2945,21,1,5,2026-05-31,2026-06-01,2026-06-09
2946,21,1,5,2026-06-03,2026-06-05,2026-06-12
2947,21,1,5,2026-06-10,2026-06-13,2026-06-19
2948,21,1,5,2026-06-20,2026-06-23,2026-06-29
2949,21,24,5,2026-06-25,2026-06-28,2026-07-04
2950,21,24,7,2024-07-02,2024-07-03,2024-07-11
2951,21,6,7,2024-07-14,2024-07-15,2024-07-23
2952,21,24,9,2024-07-15,2024-07-17,2024-07-24
2953,21,6,9,2024-07-24,2024-07-26,2024-08-02
2954,21,1,9,2024-07-30,2024-08-02,2024-08-08
2955,21,6,9,2024-08-07,2024-08-08,2024-08-16
2956,21,6,9,2024-08-12,2024-08-13,2024-08-21
2957,21,24,7,2024-08-23,2024-08-24,2024-09-01
2958,21,1,7,2024-09-01,2024-09-02,2024-09-10
2959,21,6,9,2024-09-05,2024-09-06,2024-09-14
2960,21,1,9,2024-09-09,2024-09-10,2024-09-18
2961,21,24,9,2024-09-18,2024-09-20,2024-09-27
2962,21,24,7,2024-09-27,2024-09-29,2024-10-06
2963,21,24,9,2024-10-03,2024-10-05,2024-10-12
2964,21,1,7,2024-10-11,2024-10-13,2024-10-20
2965,21,1,9,2024-10-20,2024-10-22,2024-10-29
2966,21,6,7,2024-10-25,2024-10-26,2024-11-03
2967,21,1,9,2024-10-30,2024-10-31,2024-11-08
2968,21,1,9,2024-11-05,2024-11-06,2024-11-14
2969,21,24,9,2024-11-15,2024-11-18,2024-11-24
2970,21,24,9,2024-11-18,2024-11-20,2024-11-27
2971,21,24,9,2024-11-25,2024-11-26,2024-12-04
2972,21,6,7,2024-12-07,2024-12-09,2024-12-16
2973,21,1,7,2024-12-09,2024-12-11,2024-12-18
2974,21,24,7,2024-12-16,2024-12-18,2024-12-25
2975,21,24,7,2024-12-28,2024-12-30,2025-01-06
2976,21,6,7,2024-12-30,2024-12-31,2025-01-08
2977,21,1,9,2025-01-07,2025-01-08,2025-01-16
2978,21,24,7,2025-01-19,2025-01-20,2025-01-28
2979,21,1,7,2025-01-25,2025-01-27,2025-02-03
2980,21,6,7,2025-02-02,2025-02-04,2025-02-11
2981,21,1,9,2025-02-07,2025-02-10,2025-02-16
2982,21,6,7,2025-02-13,2025-02-16,2025-02-22
2983,21,1,9,2025-02-22,2025-02-24,2025-03-03
2984,21,1,7,2025-02-28,2025-03-01,2025-03-09
2985,21,6,9,2025-03-05,2025-03-08,2025-03-14
2986,21,6,9,2025-03-12,2025-03-14,2025-03-21
2987,21,6,9,2025-03-23,2025-03-26,2025-04-01
2988,21,24,7,2025-03-27,2025-03-30,2025-04-05
2989,21,6,9,2025-04-05,2025-04-08,2025-04-14
2990,21,1,7,2025-04-11,2025-04-12,2025-04-20
2991,21,24,9,2025-04-18,2025-04-21,2025-04-27
2992,21,6,7,2025-04-27,2025-04-29,2025-05-06
2993,21,1,7,2025-05-01,2025-05-04,2025-05-10
2994,21,1,9,2025-05-10,2025-05-12,2025-05-19
2995,21,24,7,2025-05-15,2025-05-16,2025-05-24
2996,21,1,9,2025-05-23,2025-05-24,2025-06-01
2997,21,24,9,2025-05-27,2025-05-30,2025-06-05
2998,21,1,7,2025-06-06,2025-06-08,2025-06-15
2999,21,1,7,2025-06-14,2025-06-17,2025-06-23
3000,21,1,7,2025-06-21,2025-06-23,2025-06-30
3001,21,6,7,2025-06-27,2025-06-29,2025-07-06
3002,21,6,9,2025-07-04,2025-07-05,2025-07-13
3003,21,6,7,2025-07-13,2025-07-15,2025-07-22
3004,21,6,7,2025-07-16,2025-07-18,2025-07-25
3005,21,24,9,2025-07-27,2025-07-28,2025-08-05
3006,21,24,9,2025-07-31,2025-08-03,2025-08-09
3007,21,1,9,2025-08-07,2025-08-09,2025-08-16
3008,21,6,9,2025-08-12,2025-08-13,2025-08-21
3009,21,1,7,2025-08-19,2025-08-21,2025-08-28
3010,21,24,9,2025-08-26,2025-08-28,2025-09-04
3011,21,1,9,2025-09-01,2025-09-03,2025-09-10
3012,21,1,9,2025-09-11,2025-09-13,2025-09-20
3013,21,1,7,2025-09-15,2025-09-16,2025-09-24
3014,21,1,9,2025-09-27,2025-09-29,2025-10-06
3015,21,1,7,2025-10-01,2025-10-03,2025-10-10
3016,21,6,9,2025-10-11,2025-10-12,2025-10-20
3017,21,6,9,2025-10-17,2025-10-20,2025-10-26
3018,21,1,7,2025-10-20,2025-10-21,2025-10-29
3019,21,24,9,2025-10-30,2025-11-01,2025-11-08
3020,21,1,9,2025-11-09,2025-11-11,2025-11-18
3021,21,1,7,2025-11-14,2025-11-16,2025-11-23
3022,21,24,9,2025-11-22,2025-11-23,2025-12-01
3023,21,1,7,2025-11-26,2025-11-29,2025-12-05
3024,21,6,7,2025-12-02,2025-12-05,2025-12-11
3025,21,1,9,2025-12-11,2025-12-14,2025-12-20
3026,21,6,7,2025-12-20,2025-12-23,2025-12-29
3027,21,24,9,2025-12-23,2025-12-26,2026-01-01
3028,21,1,9,2026-01-04,2026-01-05,2026-01-13
3029,21,24,9,2026-01-10,2026-01-12,2026-01-19
3030,21,6,9,2026-01-15,2026-01-18,2026-01-24
3031,21,6,7,2026-01-20,2026-01-22,2026-01-29
3032,21,1,9,2026-01-30,2026-02-01,2026-02-08
3033,21,24,7,2026-02-03,2026-02-04,2026-02-12
3034,21,24,9,2026-02-12,2026-02-15,2026-02-21
3035,21,1,9,2026-02-16,2026-02-17,2026-02-25
3036,21,24,9,2026-02-28,2026-03-02,2026-03-09
3037,21,1,9,2026-03-03,2026-03-05,2026-03-12
3038,21,1,7,2026-03-15,2026-03-17,2026-03-24
3039,21,6,7,2026-03-18,2026-03-19,2026-03-27
3040,21,1,7,2026-03-25,2026-03-27,2026-04-03
3041,21,1,7,2026-04-04,2026-04-07,2026-04-13
3042,21,24,9,2026-04-07,2026-04-09,2026-04-16
3043,21,1,9,2026-04-18,2026-04-20,2026-04-27
3044,21,1,7,2026-04-24,2026-04-26,2026-05-03
3045,21,6,9,2026-05-03,2026-05-06,2026-05-12
3046,21,1,9,2026-05-10,2026-05-12,2026-05-19
3047,21,24,9,2026-05-11,2026-05-14,2026-05-20
3048,21,6,9,2026-05-20,2026-05-23,2026-05-29
3049,21,6,9,2026-05-30,2026-06-01,2026-06-08
3050,21,6,9,2026-06-03,2026-06-06,2026-06-12
3051,21,1,7,2026-06-14,2026-06-16,2026-06-23
3052,21,24,7,2026-06-20,2026-06-21,2026-06-29
3053,21,1,9,2026-06-26,2026-06-28,2026-07-05
3054,21,1,10,2024-07-04,2024-07-05,2024-07-13
3055,21,24,10,2024-07-12,2024-07-13,2024-07-21
3056,21,1,10,2024-07-16,2024-07-19,2024-07-25
3057,21,24,10,2024-07-28,2024-07-30,2024-08-06
3058,21,6,10,2024-08-01,2024-08-04,2024-08-10
3059,21,1,10,2024-08-11,2024-08-12,2024-08-20
3060,21,1,10,2024-08-13,2024-08-15,2024-08-22
3061,21,1,10,2024-08-20,2024-08-22,2024-08-29
3062,21,6,10,2024-08-30,2024-09-01,2024-09-08
3063,21,24,10,2024-09-06,2024-09-08,2024-09-15
3064,21,1,10,2024-09-14,2024-09-15,2024-09-23
3065,21,6,10,2024-09-20,2024-09-23,2024-09-29
3066,21,1,10,2024-09-26,2024-09-27,2024-10-05
3067,21,24,10,2024-10-01,2024-10-03,2024-10-10
3068,21,24,10,2024-10-12,2024-10-14,2024-10-21
3069,21,24,10,2024-10-19,2024-10-22,2024-10-28
3070,21,24,10,2024-10-21,2024-10-22,2024-10-30
3071,21,1,10,2024-10-30,2024-11-01,2024-11-08
3072,21,6,10,2024-11-10,2024-11-13,2024-11-19
3073,21,24,10,2024-11-13,2024-11-16,2024-11-22
3074,21,1,10,2024-11-18,2024-11-20,2024-11-27
3075,21,24,10,2024-12-01,2024-12-02,2024-12-10
3076,21,24,10,2024-12-06,2024-12-08,2024-12-15
3077,21,6,10,2024-12-12,2024-12-14,2024-12-21
3078,21,24,10,2024-12-22,2024-12-25,2024-12-31
3079,21,6,10,2024-12-29,2025-01-01,2025-01-07
3080,21,24,10,2025-01-01,2025-01-02,2025-01-10
3081,21,1,10,2025-01-10,2025-01-11,2025-01-19
3082,21,24,10,2025-01-13,2025-01-16,2025-01-22
3083,21,24,10,2025-01-24,2025-01-25,2025-02-02
3084,21,24,10,2025-01-30,2025-02-02,2025-02-08
3085,21,6,10,2025-02-04,2025-02-06,2025-02-13
3086,21,24,10,2025-02-14,2025-02-16,2025-02-23
3087,21,1,10,2025-02-20,2025-02-22,2025-03-01
3088,21,24,10,2025-03-02,2025-03-05,2025-03-11
3089,21,1,10,2025-03-05,2025-03-07,2025-03-14
3090,21,24,10,2025-03-11,2025-03-13,2025-03-20
3091,21,6,10,2025-03-19,2025-03-21,2025-03-28
3092,21,1,10,2025-03-26,2025-03-27,2025-04-04
3093,21,6,10,2025-03-31,2025-04-03,2025-04-09
3094,21,24,10,2025-04-12,2025-04-13,2025-04-21
3095,21,1,10,2025-04-14,2025-04-15,2025-04-23
3096,21,1,10,2025-04-27,2025-04-30,2025-05-06
3097,21,24,10,2025-04-30,2025-05-03,2025-05-09
3098,21,24,10,2025-05-05,2025-05-08,2025-05-14
3099,21,1,10,2025-05-18,2025-05-19,2025-05-27
3100,21,24,10,2025-05-25,2025-05-28,2025-06-03
3101,21,1,10,2025-05-26,2025-05-28,2025-06-04
3102,21,24,10,2025-06-02,2025-06-05,2025-06-11
3103,21,1,10,2025-06-12,2025-06-13,2025-06-21
3104,21,6,10,2025-06-20,2025-06-23,2025-06-29
3105,21,1,10,2025-06-28,2025-07-01,2025-07-07
3106,21,24,10,2025-06-30,2025-07-02,2025-07-09
3107,21,24,10,2025-07-12,2025-07-13,2025-07-21
3108,21,24,10,2025-07-16,2025-07-18,2025-07-25
3109,21,6,10,2025-07-27,2025-07-30,2025-08-05
3110,21,1,10,2025-07-28,2025-07-29,2025-08-06
3111,21,1,10,2025-08-10,2025-08-11,2025-08-19
3112,21,1,10,2025-08-15,2025-08-18,2025-08-24
3113,21,24,10,2025-08-19,2025-08-20,2025-08-28
3114,21,1,10,2025-08-25,2025-08-28,2025-09-03
3115,21,6,10,2025-09-01,2025-09-04,2025-09-10
3116,21,1,10,2025-09-13,2025-09-14,2025-09-22
3117,21,6,10,2025-09-18,2025-09-20,2025-09-27
3118,21,1,10,2025-09-25,2025-09-27,2025-10-04
3119,21,24,10,2025-10-03,2025-10-06,2025-10-12
3120,21,24,10,2025-10-10,2025-10-11,2025-10-19
3121,21,24,10,2025-10-17,2025-10-18,2025-10-26
3122,21,1,10,2025-10-25,2025-10-28,2025-11-03
3123,21,24,10,2025-10-31,2025-11-01,2025-11-09
3124,21,24,10,2025-11-08,2025-11-11,2025-11-17
3125,21,24,10,2025-11-13,2025-11-16,2025-11-22
3126,21,24,10,2025-11-17,2025-11-18,2025-11-26
3127,21,1,10,2025-11-24,2025-11-26,2025-12-03
3128,21,6,10,2025-12-02,2025-12-04,2025-12-11
3129,21,24,10,2025-12-10,2025-12-12,2025-12-19
3130,21,1,10,2025-12-17,2025-12-18,2025-12-26
3131,21,24,10,2025-12-24,2025-12-27,2026-01-02
3132,21,1,10,2026-01-04,2026-01-05,2026-01-13
3133,21,1,10,2026-01-10,2026-01-12,2026-01-19
3134,21,24,10,2026-01-15,2026-01-18,2026-01-24
3135,21,24,10,2026-01-22,2026-01-24,2026-01-31
3136,21,6,10,2026-01-26,2026-01-28,2026-02-04
3137,21,1,10,2026-02-07,2026-02-09,2026-02-16
3138,21,6,10,2026-02-15,2026-02-16,2026-02-24
3139,21,1,10,2026-02-19,2026-02-22,2026-02-28
3140,21,24,10,2026-02-27,2026-02-28,2026-03-08
3141,21,6,10,2026-03-02,2026-03-04,2026-03-11
3142,21,1,10,2026-03-12,2026-03-14,2026-03-21
3143,21,24,10,2026-03-19,2026-03-21,2026-03-28
3144,21,6,10,2026-03-29,2026-03-30,2026-04-07
3145,21,6,10,2026-04-04,2026-04-05,2026-04-13
3146,21,24,10,2026-04-11,2026-04-13,2026-04-20
3147,21,24,10,2026-04-16,2026-04-19,2026-04-25
3148,21,6,10,2026-04-25,2026-04-28,2026-05-04
3149,21,24,10,2026-04-27,2026-04-30,2026-05-06
3150,21,6,10,2026-05-07,2026-05-08,2026-05-16
3151,21,24,10,2026-05-15,2026-05-16,2026-05-24
3152,21,6,10,2026-05-22,2026-05-23,2026-05-31
3153,21,24,10,2026-05-29,2026-05-30,2026-06-07
3154,21,24,10,2026-06-01,2026-06-02,2026-06-10
3155,21,24,10,2026-06-14,2026-06-17,2026-06-23
3156,21,24,10,2026-06-16,2026-06-18,2026-06-25
3157,21,24,10,2026-06-27,2026-06-29,2026-07-06
3158,21,6,10,2026-06-30,2026-07-01,2026-07-09
3159,22,23,1,2024-07-05,2024-07-06,2024-07-17
3160,22,24,3,2024-07-11,2024-07-14,2024-07-23
3161,22,24,1,2024-07-23,2024-07-26,2024-08-04
3162,22,23,1,2024-08-04,2024-08-07,2024-08-16
3163,22,24,1,2024-08-13,2024-08-14,2024-08-25
3164,22,23,1,2024-08-16,2024-08-19,2024-08-28
3165,22,24,3,2024-08-29,2024-08-31,2024-09-10
3166,22,24,3,2024-09-07,2024-09-10,2024-09-19
3167,22,24,1,2024-09-19,2024-09-22,2024-10-01
3168,22,23,1,2024-09-24,2024-09-25,2024-10-06
3169,22,23,3,2024-10-07,2024-10-10,2024-10-19
3170,22,23,1,2024-10-14,2024-10-16,2024-10-26
3171,22,24,3,2024-10-20,2024-10-23,2024-11-01
3172,22,24,3,2024-11-01,2024-11-04,2024-11-13
3173,22,23,1,2024-11-07,2024-11-08,2024-11-19
3174,22,23,1,2024-11-17,2024-11-18,2024-11-29
3175,22,24,3,2024-11-22,2024-11-24,2024-12-04
3176,22,24,1,2024-12-06,2024-12-09,2024-12-18
3177,22,24,3,2024-12-18,2024-12-21,2024-12-30
3178,22,23,1,2024-12-21,2024-12-24,2025-01-02
3179,22,23,1,2024-12-28,2024-12-31,2025-01-09
3180,22,23,1,2025-01-08,2025-01-10,2025-01-20
3181,22,24,3,2025-01-23,2025-01-25,2025-02-04
3182,22,24,3,2025-02-01,2025-02-04,2025-02-13
3183,22,23,3,2025-02-07,2025-02-09,2025-02-19
3184,22,24,3,2025-02-17,2025-02-19,2025-03-01
3185,22,23,3,2025-02-24,2025-02-27,2025-03-08
3186,22,23,3,2025-03-08,2025-03-11,2025-03-20
3187,22,23,1,2025-03-12,2025-03-14,2025-03-24
3188,22,24,1,2025-03-22,2025-03-24,2025-04-03
3189,22,24,1,2025-04-05,2025-04-06,2025-04-17
3190,22,23,3,2025-04-13,2025-04-14,2025-04-25
3191,22,24,1,2025-04-23,2025-04-24,2025-05-05
3192,22,23,3,2025-04-29,2025-05-02,2025-05-11
3193,22,24,1,2025-05-06,2025-05-08,2025-05-18
3194,22,24,1,2025-05-15,2025-05-18,2025-05-27
3195,22,23,1,2025-05-27,2025-05-29,2025-06-08
3196,22,23,1,2025-06-07,2025-06-08,2025-06-19
3197,22,24,1,2025-06-16,2025-06-19,2025-06-28
3198,22,23,3,2025-06-18,2025-06-19,2025-06-30
3199,22,23,1,2025-06-28,2025-06-30,2025-07-10
3200,22,24,3,2025-07-11,2025-07-12,2025-07-23
3201,22,24,1,2025-07-15,2025-07-16,2025-07-27
3202,22,24,3,2025-07-29,2025-08-01,2025-08-10
3203,22,23,1,2025-08-03,2025-08-04,2025-08-15
3204,22,24,3,2025-08-13,2025-08-16,2025-08-25
3205,22,24,3,2025-08-24,2025-08-26,2025-09-05
3206,22,23,1,2025-09-03,2025-09-05,2025-09-15
3207,22,23,3,2025-09-12,2025-09-13,2025-09-24
3208,22,24,1,2025-09-22,2025-09-25,2025-10-04
3209,22,24,1,2025-09-29,2025-10-02,2025-10-11
3210,22,23,3,2025-10-10,2025-10-12,2025-10-22
3211,22,23,1,2025-10-17,2025-10-19,2025-10-29
3212,22,24,1,2025-10-23,2025-10-26,2025-11-04
3213,22,23,1,2025-11-03,2025-11-06,2025-11-15
3214,22,23,1,2025-11-13,2025-11-15,2025-11-25
3215,22,24,1,2025-11-21,2025-11-24,2025-12-03
3216,22,24,3,2025-11-29,2025-11-30,2025-12-11
3217,22,24,1,2025-12-06,2025-12-07,2025-12-18
3218,22,24,3,2025-12-16,2025-12-18,2025-12-28
3219,22,24,1,2025-12-29,2025-12-31,2026-01-10
3220,22,24,1,2026-01-01,2026-01-04,2026-01-13
3221,22,24,3,2026-01-15,2026-01-16,2026-01-27
3222,22,24,1,2026-01-23,2026-01-26,2026-02-04
3223,22,23,1,2026-02-01,2026-02-04,2026-02-13
3224,22,24,3,2026-02-13,2026-02-14,2026-02-25
3225,22,23,1,2026-02-20,2026-02-22,2026-03-04
3226,22,24,3,2026-03-03,2026-03-05,2026-03-15
3227,22,23,1,2026-03-09,2026-03-12,2026-03-21
3228,22,23,3,2026-03-15,2026-03-17,2026-03-27
3229,22,23,1,2026-03-30,2026-04-02,2026-04-11
3230,22,24,3,2026-04-07,2026-04-09,2026-04-19
3231,22,23,3,2026-04-15,2026-04-16,2026-04-27
3232,22,23,3,2026-04-26,2026-04-27,2026-05-08
3233,22,24,3,2026-04-29,2026-05-01,2026-05-11
3234,22,23,1,2026-05-11,2026-05-12,2026-05-23
3235,22,24,3,2026-05-20,2026-05-22,2026-06-01
3236,22,23,3,2026-05-25,2026-05-28,2026-06-06
3237,22,23,1,2026-06-10,2026-06-11,2026-06-22
3238,22,23,1,2026-06-14,2026-06-17,2026-06-26
3239,22,24,1,2026-06-28,2026-06-30,2026-07-10
3240,22,24,4,2024-07-02,2024-07-05,2024-07-14
3241,22,23,4,2024-07-14,2024-07-17,2024-07-26
3242,22,24,4,2024-07-21,2024-07-24,2024-08-02
3243,22,24,4,2024-08-01,2024-08-02,2024-08-13
3244,22,23,4,2024-08-06,2024-08-07,2024-08-18
3245,22,23,4,2024-08-22,2024-08-24,2024-09-03
3246,22,23,4,2024-08-27,2024-08-30,2024-09-08
3247,22,23,4,2024-09-03,2024-09-04,2024-09-15
3248,22,24,4,2024-09-11,2024-09-13,2024-09-23
3249,22,24,4,2024-09-26,2024-09-29,2024-10-08
3250,22,23,4,2024-10-02,2024-10-03,2024-10-14
3251,22,23,4,2024-10-15,2024-10-18,2024-10-27
3252,22,24,4,2024-10-23,2024-10-26,2024-11-04
3253,22,23,4,2024-10-26,2024-10-27,2024-11-07
3254,22,23,4,2024-11-04,2024-11-06,2024-11-16
3255,22,24,4,2024-11-16,2024-11-18,2024-11-28
3256,22,24,4,2024-11-25,2024-11-28,2024-12-07
3257,22,24,4,2024-12-03,2024-12-05,2024-12-15
3258,22,23,4,2024-12-14,2024-12-15,2024-12-26
3259,22,23,4,2024-12-25,2024-12-26,2025-01-06
3260,22,24,4,2024-12-30,2025-01-02,2025-01-11
3261,22,23,4,2025-01-09,2025-01-12,2025-01-21
3262,22,24,4,2025-01-23,2025-01-24,2025-02-04
3263,22,23,4,2025-01-28,2025-01-31,2025-02-09
3264,22,23,4,2025-02-04,2025-02-05,2025-02-16
3265,22,23,4,2025-02-16,2025-02-17,2025-02-28
3266,22,23,4,2025-02-26,2025-02-28,2025-03-10
3267,22,23,4,2025-03-07,2025-03-08,2025-03-19
3268,22,23,4,2025-03-11,2025-03-13,2025-03-23
3269,22,24,4,2025-03-23,2025-03-26,2025-04-04
3270,22,23,4,2025-04-05,2025-04-06,2025-04-17
3271,22,23,4,2025-04-13,2025-04-15,2025-04-25
3272,22,23,4,2025-04-20,2025-04-23,2025-05-02
3273,22,24,4,2025-04-26,2025-04-29,2025-05-08
3274,22,24,4,2025-05-11,2025-05-13,2025-05-23
3275,22,23,4,2025-05-14,2025-05-16,2025-05-26
3276,22,23,4,2025-05-29,2025-05-30,2025-06-10
3277,22,23,4,2025-06-04,2025-06-05,2025-06-16
3278,22,23,4,2025-06-13,2025-06-14,2025-06-25
3279,22,23,4,2025-06-25,2025-06-28,2025-07-07
3280,22,23,4,2025-07-03,2025-07-04,2025-07-15
3281,22,23,4,2025-07-07,2025-07-08,2025-07-19
3282,22,24,4,2025-07-19,2025-07-22,2025-07-31
3283,22,24,4,2025-07-26,2025-07-29,2025-08-07
3284,22,24,4,2025-08-06,2025-08-09,2025-08-18
3285,22,24,4,2025-08-12,2025-08-14,2025-08-24
3286,22,24,4,2025-08-26,2025-08-27,2025-09-07
3287,22,24,4,2025-08-29,2025-09-01,2025-09-10
3288,22,23,4,2025-09-12,2025-09-13,2025-09-24
3289,22,24,4,2025-09-18,2025-09-20,2025-09-30
3290,22,24,4,2025-09-27,2025-09-29,2025-10-09
3291,22,24,4,2025-10-05,2025-10-06,2025-10-17
3292,22,24,4,2025-10-12,2025-10-14,2025-10-24
3293,22,24,4,2025-10-23,2025-10-24,2025-11-04
3294,22,24,4,2025-11-05,2025-11-08,2025-11-17
3295,22,23,4,2025-11-14,2025-11-17,2025-11-26
3296,22,24,4,2025-11-19,2025-11-20,2025-12-01
3297,22,24,4,2025-11-27,2025-11-30,2025-12-09
3298,22,24,4,2025-12-06,2025-12-07,2025-12-18
3299,22,24,4,2025-12-20,2025-12-22,2026-01-01
3300,22,23,4,2025-12-30,2026-01-02,2026-01-11
3301,22,23,4,2026-01-06,2026-01-07,2026-01-18
3302,22,24,4,2026-01-13,2026-01-16,2026-01-25
3303,22,24,4,2026-01-26,2026-01-28,2026-02-07
3304,22,23,4,2026-02-02,2026-02-04,2026-02-14
3305,22,23,4,2026-02-09,2026-02-11,2026-02-21
3306,22,24,4,2026-02-22,2026-02-24,2026-03-06
3307,22,23,4,2026-03-01,2026-03-03,2026-03-13
3308,22,24,4,2026-03-12,2026-03-13,2026-03-24
3309,22,24,4,2026-03-16,2026-03-17,2026-03-28
3310,22,23,4,2026-03-24,2026-03-26,2026-04-05
3311,22,23,4,2026-04-07,2026-04-10,2026-04-19
3312,22,24,4,2026-04-16,2026-04-18,2026-04-28
3313,22,24,4,2026-04-23,2026-04-25,2026-05-05
3314,22,23,4,2026-05-05,2026-05-07,2026-05-17
3315,22,23,4,2026-05-10,2026-05-11,2026-05-22
3316,22,23,4,2026-05-23,2026-05-25,2026-06-04
3317,22,24,4,2026-06-02,2026-06-05,2026-06-14
3318,22,23,4,2026-06-08,2026-06-10,2026-06-20
3319,22,24,4,2026-06-12,2026-06-15,2026-06-24
3320,22,24,4,2026-06-25,2026-06-26,2026-07-07
3321,22,23,5,2024-07-08,2024-07-11,2024-07-20
3322,22,23,5,2024-07-15,2024-07-18,2024-07-27
3323,22,23,5,2024-07-22,2024-07-23,2024-08-03
3324,22,24,5,2024-08-02,2024-08-05,2024-08-14
3325,22,23,5,2024-08-11,2024-08-12,2024-08-23
3326,22,23,5,2024-08-15,2024-08-16,2024-08-27
3327,22,24,5,2024-08-31,2024-09-03,2024-09-12
3328,22,24,5,2024-09-07,2024-09-09,2024-09-19
3329,22,23,5,2024-09-14,2024-09-16,2024-09-26
3330,22,23,5,2024-09-20,2024-09-23,2024-10-02
3331,22,24,5,2024-10-07,2024-10-09,2024-10-19
3332,22,24,5,2024-10-14,2024-10-15,2024-10-26
3333,22,24,5,2024-10-18,2024-10-19,2024-10-30
3334,22,24,5,2024-10-31,2024-11-02,2024-11-12
3335,22,24,5,2024-11-05,2024-11-07,2024-11-17
3336,22,24,5,2024-11-21,2024-11-24,2024-12-03
3337,22,24,5,2024-11-24,2024-11-26,2024-12-06
3338,22,23,5,2024-12-02,2024-12-03,2024-12-14
3339,22,24,5,2024-12-16,2024-12-18,2024-12-28
3340,22,23,5,2024-12-26,2024-12-27,2025-01-07
3341,22,24,5,2024-12-31,2025-01-01,2025-01-12
3342,22,24,5,2025-01-07,2025-01-09,2025-01-19
3343,22,23,5,2025-01-15,2025-01-18,2025-01-27
3344,22,24,5,2025-01-24,2025-01-25,2025-02-05
3345,22,24,5,2025-02-04,2025-02-05,2025-02-16
3346,22,23,5,2025-02-15,2025-02-18,2025-02-27
3347,22,24,5,2025-02-28,2025-03-01,2025-03-12
3348,22,24,5,2025-03-09,2025-03-11,2025-03-21
3349,22,23,5,2025-03-18,2025-03-19,2025-03-30
3350,22,23,5,2025-03-24,2025-03-25,2025-04-05
3351,22,24,5,2025-03-29,2025-04-01,2025-04-10
3352,22,23,5,2025-04-12,2025-04-15,2025-04-24
3353,22,23,5,2025-04-21,2025-04-23,2025-05-03
3354,22,24,5,2025-05-02,2025-05-05,2025-05-14
3355,22,23,5,2025-05-09,2025-05-10,2025-05-21
3356,22,23,5,2025-05-18,2025-05-19,2025-05-30
3357,22,24,5,2025-05-23,2025-05-24,2025-06-04
3358,22,23,5,2025-06-01,2025-06-04,2025-06-13
3359,22,23,5,2025-06-12,2025-06-15,2025-06-24
3360,22,24,5,2025-06-23,2025-06-26,2025-07-05
3361,22,23,5,2025-06-26,2025-06-29,2025-07-08
3362,22,23,5,2025-07-06,2025-07-09,2025-07-18
3363,22,24,5,2025-07-22,2025-07-24,2025-08-03
3364,22,24,5,2025-07-26,2025-07-29,2025-08-07
3365,22,24,5,2025-08-03,2025-08-05,2025-08-15
3366,22,23,5,2025-08-15,2025-08-18,2025-08-27
3367,22,24,5,2025-08-22,2025-08-24,2025-09-03
3368,22,23,5,2025-08-30,2025-09-02,2025-09-11
3369,22,23,5,2025-09-13,2025-09-14,2025-09-25
3370,22,24,5,2025-09-18,2025-09-21,2025-09-30
3371,22,23,5,2025-09-27,2025-09-30,2025-10-09
3372,22,24,5,2025-10-08,2025-10-10,2025-10-20
3373,22,24,5,2025-10-15,2025-10-18,2025-10-27
3374,22,24,5,2025-10-27,2025-10-29,2025-11-08
3375,22,23,5,2025-11-06,2025-11-09,2025-11-18
3376,22,24,5,2025-11-08,2025-11-10,2025-11-20
3377,22,23,5,2025-11-25,2025-11-26,2025-12-07
3378,22,24,5,2025-12-04,2025-12-06,2025-12-16
3379,22,23,5,2025-12-11,2025-12-12,2025-12-23
3380,22,24,5,2025-12-20,2025-12-23,2026-01-01
3381,22,23,5,2025-12-31,2026-01-01,2026-01-12
3382,22,23,5,2026-01-04,2026-01-06,2026-01-16
3383,22,23,5,2026-01-16,2026-01-18,2026-01-28
3384,22,24,5,2026-01-27,2026-01-29,2026-02-08
3385,22,23,5,2026-01-30,2026-01-31,2026-02-11
3386,22,24,5,2026-02-10,2026-02-11,2026-02-22
3387,22,23,5,2026-02-19,2026-02-20,2026-03-03
3388,22,23,5,2026-03-02,2026-03-03,2026-03-14
3389,22,24,5,2026-03-07,2026-03-10,2026-03-19
3390,22,24,5,2026-03-17,2026-03-20,2026-03-29
3391,22,24,5,2026-03-28,2026-03-29,2026-04-09
3392,22,23,5,2026-04-07,2026-04-09,2026-04-19
3393,22,23,5,2026-04-15,2026-04-17,2026-04-27
3394,22,24,5,2026-04-26,2026-04-27,2026-05-08
3395,22,23,5,2026-05-01,2026-05-02,2026-05-13
3396,22,23,5,2026-05-15,2026-05-16,2026-05-27
3397,22,24,5,2026-05-19,2026-05-22,2026-05-31
3398,22,23,5,2026-05-25,2026-05-27,2026-06-06
3399,22,24,5,2026-06-05,2026-06-06,2026-06-17
3400,22,23,5,2026-06-13,2026-06-16,2026-06-25
3401,22,24,5,2026-06-24,2026-06-25,2026-07-06
3402,22,24,7,2024-07-02,2024-07-04,2024-07-14
3403,22,24,7,2024-07-11,2024-07-14,2024-07-23
3404,22,24,7,2024-07-19,2024-07-20,2024-07-31
3405,22,23,7,2024-08-05,2024-08-06,2024-08-17
3406,22,23,9,2024-08-11,2024-08-12,2024-08-23
3407,22,24,9,2024-08-18,2024-08-19,2024-08-30
3408,22,24,7,2024-08-31,2024-09-01,2024-09-12
3409,22,23,7,2024-09-09,2024-09-10,2024-09-21
3410,22,24,9,2024-09-19,2024-09-21,2024-10-01
3411,22,23,9,2024-09-22,2024-09-23,2024-10-04
3412,22,24,9,2024-10-05,2024-10-06,2024-10-17
3413,22,24,7,2024-10-10,2024-10-11,2024-10-22
3414,22,23,7,2024-10-21,2024-10-23,2024-11-02
3415,22,23,9,2024-10-30,2024-11-01,2024-11-11
3416,22,23,7,2024-11-10,2024-11-13,2024-11-22
3417,22,24,9,2024-11-20,2024-11-23,2024-12-02
3418,22,23,9,2024-11-23,2024-11-25,2024-12-05
3419,22,24,7,2024-12-08,2024-12-09,2024-12-20
3420,22,24,9,2024-12-16,2024-12-17,2024-12-28
3421,22,24,7,2024-12-26,2024-12-28,2025-01-07
3422,22,23,9,2024-12-30,2025-01-01,2025-01-11
3423,22,23,7,2025-01-09,2025-01-10,2025-01-21
3424,22,24,9,2025-01-15,2025-01-16,2025-01-27
3425,22,23,9,2025-01-27,2025-01-30,2025-02-08
3426,22,24,9,2025-02-04,2025-02-07,2025-02-16
3427,22,23,9,2025-02-11,2025-02-12,2025-02-23
3428,22,24,9,2025-02-28,2025-03-02,2025-03-12
3429,22,23,9,2025-03-01,2025-03-02,2025-03-13
3430,22,23,9,2025-03-18,2025-03-20,2025-03-30
3431,22,24,9,2025-03-19,2025-03-22,2025-03-31
3432,22,23,9,2025-03-28,2025-03-29,2025-04-09
3433,22,24,7,2025-04-13,2025-04-15,2025-04-25
3434,22,23,7,2025-04-22,2025-04-23,2025-05-04
3435,22,24,9,2025-05-01,2025-05-03,2025-05-13
3436,22,24,7,2025-05-05,2025-05-08,2025-05-17
3437,22,24,7,2025-05-18,2025-05-21,2025-05-30
3438,22,23,7,2025-05-29,2025-05-30,2025-06-10
3439,22,24,7,2025-06-02,2025-06-03,2025-06-14
3440,22,23,7,2025-06-15,2025-06-16,2025-06-27
3441,22,23,9,2025-06-23,2025-06-24,2025-07-05
3442,22,23,7,2025-06-29,2025-07-01,2025-07-11
3443,22,24,7,2025-07-09,2025-07-11,2025-07-21
3444,22,23,9,2025-07-18,2025-07-20,2025-07-30
3445,22,23,9,2025-07-23,2025-07-24,2025-08-04
3446,22,23,7,2025-08-07,2025-08-08,2025-08-19
3447,22,23,7,2025-08-10,2025-08-13,2025-08-22
3448,22,23,9,2025-08-27,2025-08-29,2025-09-08
3449,22,23,9,2025-08-31,2025-09-02,2025-09-12
3450,22,23,7,2025-09-09,2025-09-12,2025-09-21
3451,22,23,7,2025-09-23,2025-09-26,2025-10-05
3452,22,24,9,2025-09-29,2025-09-30,2025-10-11
3453,22,23,9,2025-10-09,2025-10-11,2025-10-21
3454,22,23,9,2025-10-13,2025-10-16,2025-10-25
3455,22,23,9,2025-10-28,2025-10-30,2025-11-09
3456,22,23,9,2025-11-01,2025-11-03,2025-11-13
3457,22,23,7,2025-11-08,2025-11-09,2025-11-20
3458,22,23,7,2025-11-22,2025-11-23,2025-12-04
3459,22,24,9,2025-12-02,2025-12-03,2025-12-14
3460,22,23,9,2025-12-08,2025-12-09,2025-12-20
3461,22,24,7,2025-12-15,2025-12-18,2025-12-27
3462,22,24,9,2025-12-28,2025-12-30,2026-01-09
3463,22,24,9,2026-01-05,2026-01-07,2026-01-17
3464,22,23,9,2026-01-17,2026-01-19,2026-01-29
3465,22,23,7,2026-01-19,2026-01-20,2026-01-31
3466,22,24,9,2026-02-03,2026-02-04,2026-02-15
3467,22,24,9,2026-02-10,2026-02-12,2026-02-22
3468,22,23,7,2026-02-21,2026-02-22,2026-03-05
3469,22,24,9,2026-02-25,2026-02-28,2026-03-09
3470,22,24,7,2026-03-12,2026-03-15,2026-03-24
3471,22,23,9,2026-03-21,2026-03-22,2026-04-02
3472,22,23,7,2026-03-27,2026-03-30,2026-04-08
3473,22,23,7,2026-04-01,2026-04-04,2026-04-13
3474,22,24,7,2026-04-10,2026-04-13,2026-04-22
3475,22,23,9,2026-04-25,2026-04-26,2026-05-07
3476,22,24,9,2026-04-29,2026-05-01,2026-05-11
3477,22,23,7,2026-05-07,2026-05-09,2026-05-19
3478,22,23,9,2026-05-24,2026-05-27,2026-06-05
3479,22,23,7,2026-05-26,2026-05-27,2026-06-07
3480,22,23,7,2026-06-08,2026-06-11,2026-06-20
3481,22,24,7,2026-06-14,2026-06-17,2026-06-26
3482,22,23,7,2026-06-26,2026-06-28,2026-07-08
3483,22,23,10,2024-07-02,2024-07-03,2024-07-14
3484,22,24,10,2024-07-18,2024-07-21,2024-07-30
3485,22,24,10,2024-07-20,2024-07-22,2024-08-01
3486,22,23,10,2024-08-02,2024-08-05,2024-08-14
3487,22,24,10,2024-08-08,2024-08-10,2024-08-20
3488,22,23,10,2024-08-17,2024-08-18,2024-08-29
3489,22,23,10,2024-08-31,2024-09-03,2024-09-12
3490,22,23,10,2024-09-06,2024-09-08,2024-09-18
3491,22,23,10,2024-09-15,2024-09-17,2024-09-27
3492,22,23,10,2024-09-24,2024-09-25,2024-10-06
3493,22,24,10,2024-10-07,2024-10-10,2024-10-19
3494,22,23,10,2024-10-15,2024-10-18,2024-10-27
3495,22,23,10,2024-10-23,2024-10-24,2024-11-04
3496,22,24,10,2024-10-26,2024-10-27,2024-11-07
3497,22,23,10,2024-11-10,2024-11-13,2024-11-22
3498,22,23,10,2024-11-18,2024-11-20,2024-11-30
3499,22,24,10,2024-11-22,2024-11-24,2024-12-04
3500,22,24,10,2024-12-01,2024-12-04,2024-12-13
3501,22,24,10,2024-12-15,2024-12-18,2024-12-27
3502,22,23,10,2024-12-19,2024-12-22,2024-12-31
3503,22,24,10,2024-12-29,2025-01-01,2025-01-10
3504,22,24,10,2025-01-06,2025-01-08,2025-01-18
3505,22,24,10,2025-01-21,2025-01-24,2025-02-02
3506,22,23,10,2025-01-25,2025-01-28,2025-02-06
3507,22,24,10,2025-02-02,2025-02-04,2025-02-14
3508,22,23,10,2025-02-11,2025-02-13,2025-02-23
3509,22,24,10,2025-02-21,2025-02-22,2025-03-05
3510,22,23,10,2025-03-07,2025-03-09,2025-03-19
3511,22,23,10,2025-03-15,2025-03-18,2025-03-27
3512,22,23,10,2025-03-20,2025-03-21,2025-04-01
3513,22,24,10,2025-04-02,2025-04-03,2025-04-14
3514,22,23,10,2025-04-07,2025-04-09,2025-04-19
3515,22,23,10,2025-04-15,2025-04-17,2025-04-27
3516,22,23,10,2025-04-25,2025-04-28,2025-05-07
3517,22,23,10,2025-05-10,2025-05-12,2025-05-22
3518,22,23,10,2025-05-20,2025-05-23,2025-06-01
3519,22,23,10,2025-05-21,2025-05-22,2025-06-02
3520,22,24,10,2025-05-30,2025-05-31,2025-06-11
3521,22,24,10,2025-06-15,2025-06-18,2025-06-27
3522,22,24,10,2025-06-19,2025-06-21,2025-07-01
3523,22,24,10,2025-06-29,2025-07-01,2025-07-11
3524,22,23,10,2025-07-08,2025-07-09,2025-07-20
3525,22,24,10,2025-07-16,2025-07-18,2025-07-28
3526,22,24,10,2025-07-24,2025-07-27,2025-08-05
3527,22,23,10,2025-08-09,2025-08-11,2025-08-21
3528,22,23,10,2025-08-16,2025-08-19,2025-08-28
3529,22,23,10,2025-08-24,2025-08-25,2025-09-05
3530,22,24,10,2025-08-28,2025-08-29,2025-09-09
3531,22,24,10,2025-09-09,2025-09-10,2025-09-21
3532,22,24,10,2025-09-17,2025-09-18,2025-09-29
3533,22,23,10,2025-09-30,2025-10-01,2025-10-12
3534,22,24,10,2025-10-08,2025-10-09,2025-10-20
3535,22,23,10,2025-10-16,2025-10-19,2025-10-28
3536,22,24,10,2025-10-26,2025-10-28,2025-11-07
3537,22,24,10,2025-11-04,2025-11-07,2025-11-16
3538,22,24,10,2025-11-09,2025-11-12,2025-11-21
3539,22,24,10,2025-11-22,2025-11-23,2025-12-04
3540,22,24,10,2025-12-01,2025-12-02,2025-12-13
3541,22,24,10,2025-12-05,2025-12-07,2025-12-17
3542,22,23,10,2025-12-22,2025-12-25,2026-01-03
3543,22,23,10,2025-12-26,2025-12-27,2026-01-07
3544,22,24,10,2026-01-04,2026-01-05,2026-01-16
3545,22,23,10,2026-01-10,2026-01-13,2026-01-22
3546,22,23,10,2026-01-25,2026-01-27,2026-02-06
3547,22,23,10,2026-01-31,2026-02-02,2026-02-12
3548,22,23,10,2026-02-14,2026-02-17,2026-02-26
3549,22,24,10,2026-02-21,2026-02-24,2026-03-05
3550,22,24,10,2026-02-28,2026-03-01,2026-03-12
3551,22,23,10,2026-03-09,2026-03-12,2026-03-21
3552,22,23,10,2026-03-18,2026-03-19,2026-03-30
3553,22,23,10,2026-03-28,2026-03-29,2026-04-09
3554,22,24,10,2026-04-03,2026-04-05,2026-04-15
3555,22,24,10,2026-04-17,2026-04-18,2026-04-29
3556,22,24,10,2026-04-21,2026-04-22,2026-05-03
3557,22,24,10,2026-05-06,2026-05-08,2026-05-18
3558,22,23,10,2026-05-15,2026-05-16,2026-05-27
3559,22,24,10,2026-05-16,2026-05-18,2026-05-28
3560,22,24,10,2026-06-02,2026-06-04,2026-06-14
3561,22,23,10,2026-06-04,2026-06-05,2026-06-16
3562,22,23,10,2026-06-17,2026-06-19,2026-06-29
3563,22,24,10,2026-06-22,2026-06-23,2026-07-04
3564,23,5,10,2024-07-30,2024-08-02,2025-07-11
3565,23,1,10,2025-02-05,2025-02-07,2026-01-17
3566,23,1,7,2025-06-21,2025-06-24,2026-06-02
3567,23,5,10,2025-10-19,2025-10-22,2026-09-30
3568,23,1,4,2025-10-30,2025-11-01,2026-10-11
3569,23,5,7,2026-05-08,2026-05-09,2027-04-19
3570,24,12,5,2024-09-23,2024-09-25,2026-04-12
3571,24,16,4,2024-11-27,2024-11-29,2026-06-16
3572,24,16,8,2025-06-21,2025-06-22,2027-01-08
3573,24,23,5,2025-09-18,2025-09-21,2027-04-07
3574,24,23,4,2026-01-21,2026-01-22,2027-08-10
3575,24,16,8,2026-05-02,2026-05-03,2027-11-19
3576,25,6,3,2024-07-15,2024-07-17,2024-10-27
3577,25,3,1,2024-09-22,2024-09-25,2025-01-04
3578,25,3,3,2024-12-01,2024-12-02,2025-03-15
3579,25,3,3,2025-01-24,2025-01-26,2025-05-08
3580,25,6,3,2025-04-08,2025-04-10,2025-07-21
3581,25,6,3,2025-05-23,2025-05-25,2025-09-04
3582,25,3,1,2025-08-02,2025-08-03,2025-11-14
3583,25,3,3,2025-10-03,2025-10-04,2026-01-15
3584,25,6,1,2025-11-20,2025-11-22,2026-03-04
3585,25,6,3,2026-02-17,2026-02-20,2026-06-01
3586,25,6,1,2026-04-07,2026-04-09,2026-07-20
3587,25,3,3,2026-05-01,2026-05-04,2026-08-13
3588,25,3,4,2024-07-04,2024-07-05,2024-10-16
3589,25,3,4,2024-10-24,2024-10-27,2025-02-05
3590,25,6,4,2024-12-13,2024-12-14,2025-03-27
3591,25,6,4,2025-02-23,2025-02-25,2025-06-07
3592,25,6,4,2025-04-10,2025-04-11,2025-07-23
3593,25,6,4,2025-06-07,2025-06-08,2025-09-19
3594,25,3,4,2025-07-06,2025-07-08,2025-10-18
3595,25,3,4,2025-09-04,2025-09-06,2025-12-17
3596,25,6,4,2025-12-13,2025-12-16,2026-03-27
3597,25,6,4,2026-01-16,2026-01-17,2026-04-30
3598,25,3,4,2026-04-17,2026-04-19,2026-07-30
3599,25,3,4,2026-06-18,2026-06-21,2026-09-30
3600,25,6,5,2024-07-14,2024-07-17,2024-10-26
3601,25,6,5,2024-09-02,2024-09-04,2024-12-15
3602,25,3,5,2024-12-03,2024-12-06,2025-03-17
3603,25,3,5,2025-01-02,2025-01-05,2025-04-16
3604,25,6,5,2025-03-29,2025-03-31,2025-07-11
3605,25,6,5,2025-05-07,2025-05-10,2025-08-19
3606,25,6,5,2025-06-29,2025-07-02,2025-10-11
3607,25,6,5,2025-08-27,2025-08-30,2025-12-09
3608,25,6,5,2025-11-28,2025-11-30,2026-03-12
3609,25,6,5,2026-01-29,2026-01-30,2026-05-13
3610,25,3,5,2026-03-25,2026-03-28,2026-07-07
3611,25,3,5,2026-04-30,2026-05-01,2026-08-12
3612,25,6,9,2024-07-06,2024-07-07,2024-10-18
3613,25,6,7,2024-10-15,2024-10-17,2025-01-27
3614,25,6,7,2024-12-12,2024-12-15,2025-03-26
3615,25,6,9,2025-02-15,2025-02-18,2025-05-30
3616,25,3,9,2025-04-23,2025-04-26,2025-08-05
3617,25,6,9,2025-05-23,2025-05-25,2025-09-04
3618,25,3,7,2025-08-19,2025-08-20,2025-12-01
3619,25,6,7,2025-09-10,2025-09-13,2025-12-23
3620,25,3,7,2025-11-24,2025-11-26,2026-03-08
3621,25,6,9,2026-01-10,2026-01-12,2026-04-24
3622,25,3,7,2026-03-09,2026-03-10,2026-06-21
3623,25,3,9,2026-06-03,2026-06-06,2026-09-15
3624,25,6,10,2024-07-24,2024-07-26,2024-11-05
3625,25,6,10,2024-10-07,2024-10-10,2025-01-19
3626,25,6,10,2024-11-27,2024-11-28,2025-03-11
3627,25,6,10,2025-02-05,2025-02-06,2025-05-20
3628,25,3,10,2025-04-22,2025-04-24,2025-08-04
3629,25,3,10,2025-06-25,2025-06-28,2025-10-07
3630,25,6,10,2025-07-18,2025-07-19,2025-10-30
3631,25,3,10,2025-10-18,2025-10-20,2026-01-30
3632,25,3,10,2025-12-12,2025-12-15,2026-03-26
3633,25,3,10,2026-02-10,2026-02-13,2026-05-25
3634,25,6,10,2026-04-15,2026-04-18,2026-07-28
3635,25,3,10,2026-06-08,2026-06-09,2026-09-20
3636,26,14,4,2024-09-02,2024-09-03,2026-01-15
3637,26,14,4,2025-01-21,2025-01-24,2026-06-05
3638,26,14,10,2025-06-01,2025-06-04,2026-10-14
3639,26,14,5,2025-10-19,2025-10-21,2027-03-03
3640,26,14,5,2026-02-10,2026-02-12,2027-06-25
3641,26,14,10,2026-03-21,2026-03-23,2027-08-03
3642,27,5,7,2024-10-28,2024-10-29,2026-02-06
3643,27,14,7,2024-12-16,2024-12-18,2026-03-27
3644,27,8,5,2025-05-25,2025-05-27,2026-09-03
3645,27,8,5,2025-08-08,2025-08-09,2026-11-17
3646,27,5,5,2026-01-25,2026-01-28,2027-05-06
3647,27,14,7,2026-03-17,2026-03-20,2027-06-26
3648,28,6,5,2024-09-25,2024-09-28,2026-11-23
3649,28,3,7,2024-12-07,2024-12-10,2027-02-04
3650,28,3,5,2025-05-02,2025-05-05,2027-06-30
3651,28,3,7,2025-08-04,2025-08-07,2027-10-02
3652,28,6,10,2025-11-07,2025-11-10,2028-01-05
3653,28,1,7,2026-03-30,2026-03-31,2028-05-27
3654,29,9,1,2024-07-06,2024-07-07,2024-07-21
3655,29,6,3,2024-07-20,2024-07-23,2024-08-04
3656,29,13,3,2024-07-31,2024-08-03,2024-08-15
3657,29,9,3,2024-08-03,2024-08-04,2024-08-18
3658,29,6,3,2024-08-15,2024-08-16,2024-08-30
3659,29,6,3,2024-09-03,2024-09-05,2024-09-18
3660,29,6,1,2024-09-15,2024-09-18,2024-09-30
3661,29,6,1,2024-09-23,2024-09-24,2024-10-08
3662,29,6,1,2024-09-30,2024-10-03,2024-10-15
3663,29,6,1,2024-10-11,2024-10-14,2024-10-26
3664,29,13,3,2024-10-19,2024-10-22,2024-11-03
3665,29,9,3,2024-11-08,2024-11-09,2024-11-23
3666,29,9,3,2024-11-16,2024-11-18,2024-12-01
3667,29,13,1,2024-11-21,2024-11-23,2024-12-06
3668,29,13,1,2024-12-04,2024-12-05,2024-12-19
3669,29,6,1,2024-12-13,2024-12-15,2024-12-28
3670,29,13,1,2024-12-28,2024-12-29,2025-01-12
3671,29,9,3,2025-01-08,2025-01-09,2025-01-23
3672,29,6,3,2025-01-17,2025-01-20,2025-02-01
3673,29,9,1,2025-02-05,2025-02-08,2025-02-20
3674,29,6,1,2025-02-15,2025-02-17,2025-03-02
3675,29,13,1,2025-02-21,2025-02-23,2025-03-08
3676,29,13,1,2025-03-10,2025-03-11,2025-03-25
3677,29,9,3,2025-03-18,2025-03-19,2025-04-02
3678,29,6,3,2025-04-01,2025-04-02,2025-04-16
3679,29,9,1,2025-04-09,2025-04-12,2025-04-24
3680,29,6,1,2025-04-17,2025-04-18,2025-05-02
3681,29,6,3,2025-04-28,2025-04-30,2025-05-13
3682,29,6,1,2025-05-11,2025-05-12,2025-05-26
3683,29,9,1,2025-05-16,2025-05-17,2025-05-31
3684,29,13,1,2025-06-04,2025-06-07,2025-06-19
3685,29,6,1,2025-06-09,2025-06-11,2025-06-24
3686,29,13,1,2025-06-26,2025-06-29,2025-07-11
3687,29,13,1,2025-07-02,2025-07-05,2025-07-17
3688,29,6,3,2025-07-11,2025-07-14,2025-07-26
3689,29,9,3,2025-07-23,2025-07-24,2025-08-07
3690,29,6,3,2025-08-10,2025-08-11,2025-08-25
3691,29,9,3,2025-08-22,2025-08-25,2025-09-06
3692,29,13,1,2025-08-28,2025-08-29,2025-09-12
3693,29,6,3,2025-09-07,2025-09-08,2025-09-22
3694,29,9,3,2025-09-17,2025-09-19,2025-10-02
3695,29,6,3,2025-09-30,2025-10-02,2025-10-15
3696,29,9,1,2025-10-12,2025-10-15,2025-10-27
3697,29,6,3,2025-10-20,2025-10-21,2025-11-04
3698,29,13,3,2025-10-29,2025-11-01,2025-11-13
3699,29,9,3,2025-11-11,2025-11-12,2025-11-26
3700,29,13,3,2025-11-23,2025-11-25,2025-12-08
3701,29,13,1,2025-12-02,2025-12-03,2025-12-17
3702,29,13,3,2025-12-11,2025-12-13,2025-12-26
3703,29,13,1,2025-12-28,2025-12-29,2026-01-12
3704,29,13,1,2026-01-06,2026-01-08,2026-01-21
3705,29,13,3,2026-01-22,2026-01-23,2026-02-06
3706,29,13,1,2026-01-25,2026-01-26,2026-02-09
3707,29,9,1,2026-02-06,2026-02-07,2026-02-21
3708,29,9,1,2026-02-17,2026-02-19,2026-03-04
3709,29,6,1,2026-03-05,2026-03-07,2026-03-20
3710,29,6,1,2026-03-09,2026-03-11,2026-03-24
3711,29,6,1,2026-03-29,2026-04-01,2026-04-13
3712,29,9,3,2026-04-10,2026-04-12,2026-04-25
3713,29,13,3,2026-04-15,2026-04-16,2026-04-30
3714,29,6,3,2026-04-25,2026-04-27,2026-05-10
3715,29,13,3,2026-05-03,2026-05-05,2026-05-18
3716,29,6,1,2026-05-24,2026-05-25,2026-06-08
3717,29,13,1,2026-05-31,2026-06-02,2026-06-15
3718,29,13,1,2026-06-15,2026-06-16,2026-06-30
3719,29,6,3,2026-06-17,2026-06-20,2026-07-02
3720,29,13,4,2024-07-07,2024-07-10,2024-07-22
3721,29,6,4,2024-07-14,2024-07-16,2024-07-29
3722,29,9,4,2024-08-01,2024-08-02,2024-08-16
3723,29,13,4,2024-08-06,2024-08-08,2024-08-21
3724,29,6,4,2024-08-14,2024-08-15,2024-08-29
3725,29,6,4,2024-09-04,2024-09-06,2024-09-19
3726,29,9,4,2024-09-09,2024-09-10,2024-09-24
3727,29,9,4,2024-09-20,2024-09-22,2024-10-05
3728,29,9,4,2024-09-30,2024-10-02,2024-10-15
3729,29,6,4,2024-10-17,2024-10-18,2024-11-01
3730,29,13,4,2024-10-20,2024-10-22,2024-11-04
3731,29,9,4,2024-11-08,2024-11-09,2024-11-23
3732,29,13,4,2024-11-16,2024-11-19,2024-12-01
3733,29,9,4,2024-11-23,2024-11-25,2024-12-08
3734,29,6,4,2024-12-09,2024-12-12,2024-12-24
3735,29,13,4,2024-12-14,2024-12-16,2024-12-29
3736,29,13,4,2024-12-25,2024-12-27,2025-01-09
3737,29,9,4,2025-01-04,2025-01-06,2025-01-19
3738,29,13,4,2025-01-17,2025-01-18,2025-02-01
3739,29,9,4,2025-01-30,2025-02-01,2025-02-14
3740,29,9,4,2025-02-15,2025-02-16,2025-03-02
3741,29,9,4,2025-02-20,2025-02-22,2025-03-07
3742,29,13,4,2025-03-08,2025-03-11,2025-03-23
3743,29,13,4,2025-03-18,2025-03-21,2025-04-02
3744,29,9,4,2025-03-31,2025-04-01,2025-04-15
3745,29,13,4,2025-04-09,2025-04-12,2025-04-24
3746,29,13,4,2025-04-23,2025-04-24,2025-05-08
3747,29,13,4,2025-04-26,2025-04-29,2025-05-11
3748,29,6,4,2025-05-09,2025-05-11,2025-05-24
3749,29,13,4,2025-05-21,2025-05-22,2025-06-05
3750,29,13,4,2025-06-04,2025-06-06,2025-06-19
3751,29,6,4,2025-06-16,2025-06-18,2025-07-01
3752,29,6,4,2025-06-19,2025-06-21,2025-07-04
3753,29,9,4,2025-06-29,2025-06-30,2025-07-14
3754,29,9,4,2025-07-13,2025-07-14,2025-07-28
3755,29,9,4,2025-07-31,2025-08-03,2025-08-15
3756,29,9,4,2025-08-06,2025-08-09,2025-08-21
3757,29,13,4,2025-08-12,2025-08-14,2025-08-27
3758,29,6,4,2025-08-27,2025-08-28,2025-09-11
3759,29,13,4,2025-09-11,2025-09-13,2025-09-26
3760,29,13,4,2025-09-15,2025-09-17,2025-09-30
3761,29,13,4,2025-09-30,2025-10-03,2025-10-15
3762,29,9,4,2025-10-14,2025-10-15,2025-10-29
3763,29,13,4,2025-10-25,2025-10-27,2025-11-09
3764,29,9,4,2025-10-30,2025-10-31,2025-11-14
3765,29,13,4,2025-11-17,2025-11-19,2025-12-02
3766,29,6,4,2025-11-19,2025-11-22,2025-12-04
3767,29,9,4,2025-12-08,2025-12-09,2025-12-23
3768,29,13,4,2025-12-11,2025-12-13,2025-12-26
3769,29,9,4,2025-12-29,2025-12-30,2026-01-13
3770,29,13,4,2026-01-12,2026-01-15,2026-01-27
3771,29,9,4,2026-01-14,2026-01-17,2026-01-29
3772,29,6,4,2026-01-24,2026-01-26,2026-02-08
3773,29,6,4,2026-02-09,2026-02-10,2026-02-24
3774,29,13,4,2026-02-15,2026-02-18,2026-03-02
3775,29,6,4,2026-03-05,2026-03-06,2026-03-20
3776,29,9,4,2026-03-15,2026-03-17,2026-03-30
3777,29,6,4,2026-03-25,2026-03-28,2026-04-09
3778,29,9,4,2026-04-09,2026-04-11,2026-04-24
3779,29,13,4,2026-04-11,2026-04-12,2026-04-26
3780,29,9,4,2026-04-29,2026-04-30,2026-05-14
3781,29,9,4,2026-05-03,2026-05-06,2026-05-18
3782,29,6,4,2026-05-19,2026-05-22,2026-06-03
3783,29,13,4,2026-05-29,2026-06-01,2026-06-13
3784,29,13,4,2026-06-14,2026-06-15,2026-06-29
3785,29,13,4,2026-06-16,2026-06-18,2026-07-01
3786,29,6,4,2026-06-29,2026-06-30,2026-07-14
3787,29,6,5,2024-07-09,2024-07-11,2024-07-24
3788,29,9,5,2024-07-22,2024-07-24,2024-08-06
3789,29,6,5,2024-07-26,2024-07-27,2024-08-10
3790,29,6,5,2024-08-10,2024-08-12,2024-08-25
3791,29,9,5,2024-08-17,2024-08-20,2024-09-01
3792,29,13,5,2024-09-04,2024-09-06,2024-09-19
3793,29,13,5,2024-09-15,2024-09-18,2024-09-30
3794,29,9,5,2024-09-18,2024-09-20,2024-10-03
3795,29,6,5,2024-10-04,2024-10-07,2024-10-19
3796,29,6,5,2024-10-17,2024-10-18,2024-11-01
3797,29,9,5,2024-10-19,2024-10-22,2024-11-03
3798,29,13,5,2024-11-04,2024-11-07,2024-11-19
3799,29,9,5,2024-11-12,2024-11-13,2024-11-27
3800,29,6,5,2024-11-24,2024-11-26,2024-12-09
3801,29,13,5,2024-12-09,2024-12-10,2024-12-24
3802,29,6,5,2024-12-20,2024-12-21,2025-01-04
3803,29,9,5,2024-12-28,2024-12-30,2025-01-12
3804,29,6,5,2025-01-09,2025-01-12,2025-01-24
3805,29,6,5,2025-01-21,2025-01-24,2025-02-05
3806,29,9,5,2025-01-31,2025-02-01,2025-02-15
3807,29,13,5,2025-02-15,2025-02-18,2025-03-02
3808,29,13,5,2025-02-21,2025-02-23,2025-03-08
3809,29,13,5,2025-03-04,2025-03-07,2025-03-19
3810,29,9,5,2025-03-20,2025-03-23,2025-04-04
3811,29,6,5,2025-03-26,2025-03-29,2025-04-10
3812,29,6,5,2025-04-12,2025-04-14,2025-04-27
3813,29,9,5,2025-04-13,2025-04-15,2025-04-28
3814,29,9,5,2025-04-25,2025-04-26,2025-05-10
3815,29,6,5,2025-05-06,2025-05-07,2025-05-21
3816,29,13,5,2025-05-25,2025-05-26,2025-06-09
3817,29,9,5,2025-05-28,2025-05-30,2025-06-12
3818,29,6,5,2025-06-17,2025-06-20,2025-07-02
3819,29,9,5,2025-06-21,2025-06-22,2025-07-06
3820,29,13,5,2025-06-30,2025-07-01,2025-07-15
3821,29,6,5,2025-07-18,2025-07-20,2025-08-02
3822,29,9,5,2025-07-29,2025-07-31,2025-08-13
3823,29,13,5,2025-08-11,2025-08-14,2025-08-26
3824,29,9,5,2025-08-21,2025-08-24,2025-09-05
3825,29,9,5,2025-08-26,2025-08-28,2025-09-10
3826,29,13,5,2025-09-06,2025-09-08,2025-09-21
3827,29,6,5,2025-09-21,2025-09-22,2025-10-06
3828,29,6,5,2025-10-05,2025-10-08,2025-10-20
3829,29,9,5,2025-10-10,2025-10-12,2025-10-25
3830,29,9,5,2025-10-23,2025-10-26,2025-11-07
3831,29,6,5,2025-11-02,2025-11-04,2025-11-17
3832,29,9,5,2025-11-14,2025-11-15,2025-11-29
3833,29,6,5,2025-11-23,2025-11-25,2025-12-08
3834,29,13,5,2025-12-03,2025-12-04,2025-12-18
3835,29,9,5,2025-12-19,2025-12-21,2026-01-03
3836,29,6,5,2025-12-24,2025-12-26,2026-01-08
3837,29,9,5,2026-01-09,2026-01-11,2026-01-24
3838,29,6,5,2026-01-23,2026-01-25,2026-02-07
3839,29,9,5,2026-01-28,2026-01-29,2026-02-12
3840,29,9,5,2026-02-11,2026-02-14,2026-02-26
3841,29,6,5,2026-02-19,2026-02-21,2026-03-06
3842,29,9,5,2026-03-07,2026-03-09,2026-03-22
3843,29,13,5,2026-03-19,2026-03-21,2026-04-03
3844,29,13,5,2026-03-27,2026-03-30,2026-04-11
3845,29,6,5,2026-04-01,2026-04-02,2026-04-16
3846,29,9,5,2026-04-20,2026-04-22,2026-05-05
3847,29,9,5,2026-04-30,2026-05-02,2026-05-15
3848,29,9,5,2026-05-11,2026-05-14,2026-05-26
3849,29,6,5,2026-05-16,2026-05-18,2026-05-31
3850,29,6,5,2026-05-27,2026-05-30,2026-06-11
3851,29,9,5,2026-06-12,2026-06-13,2026-06-27
3852,29,6,5,2026-06-19,2026-06-22,2026-07-04
3853,29,9,5,2026-06-27,2026-06-30,2026-07-12
3854,29,13,7,2024-07-04,2024-07-05,2024-07-19
3855,29,6,7,2024-07-21,2024-07-24,2024-08-05
3856,29,6,7,2024-08-01,2024-08-03,2024-08-16
3857,29,13,7,2024-08-03,2024-08-06,2024-08-18
3858,29,13,7,2024-08-15,2024-08-18,2024-08-30
3859,29,9,7,2024-09-03,2024-09-06,2024-09-18
3860,29,13,7,2024-09-07,2024-09-09,2024-09-22
3861,29,9,7,2024-09-21,2024-09-22,2024-10-06
3862,29,6,7,2024-10-05,2024-10-08,2024-10-20
3863,29,9,9,2024-10-11,2024-10-14,2024-10-26
3864,29,9,7,2024-10-24,2024-10-26,2024-11-08
3865,29,9,7,2024-11-05,2024-11-06,2024-11-20
3866,29,9,7,2024-11-20,2024-11-23,2024-12-05
3867,29,13,9,2024-11-27,2024-11-29,2024-12-12
3868,29,6,9,2024-12-09,2024-12-12,2024-12-24
3869,29,6,7,2024-12-13,2024-12-15,2024-12-28
3870,29,9,7,2024-12-28,2024-12-30,2025-01-12
3871,29,9,7,2025-01-05,2025-01-08,2025-01-20
3872,29,9,9,2025-01-21,2025-01-24,2025-02-05
3873,29,9,7,2025-02-01,2025-02-03,2025-02-16
3874,29,9,9,2025-02-06,2025-02-09,2025-02-21
3875,29,6,7,2025-02-21,2025-02-22,2025-03-08
3876,29,9,7,2025-03-09,2025-03-10,2025-03-24
3877,29,9,9,2025-03-11,2025-03-14,2025-03-26
3878,29,13,9,2025-03-29,2025-04-01,2025-04-13
3879,29,13,9,2025-04-10,2025-04-12,2025-04-25
3880,29,13,9,2025-04-14,2025-04-15,2025-04-29
3881,29,6,7,2025-05-03,2025-05-06,2025-05-18
3882,29,9,7,2025-05-14,2025-05-17,2025-05-29
3883,29,13,9,2025-05-19,2025-05-21,2025-06-03
3884,29,6,9,2025-06-04,2025-06-05,2025-06-19
3885,29,9,9,2025-06-16,2025-06-19,2025-07-01
3886,29,9,7,2025-06-20,2025-06-22,2025-07-05
3887,29,6,9,2025-06-30,2025-07-03,2025-07-15
3888,29,6,9,2025-07-12,2025-07-15,2025-07-27
3889,29,13,9,2025-07-31,2025-08-02,2025-08-15
3890,29,9,9,2025-08-07,2025-08-08,2025-08-22
3891,29,13,9,2025-08-15,2025-08-17,2025-08-30
3892,29,13,7,2025-08-29,2025-08-31,2025-09-13
3893,29,13,9,2025-09-06,2025-09-09,2025-09-21
3894,29,13,7,2025-09-17,2025-09-20,2025-10-02
3895,29,6,7,2025-10-02,2025-10-03,2025-10-17
3896,29,6,9,2025-10-15,2025-10-17,2025-10-30
3897,29,9,7,2025-10-18,2025-10-20,2025-11-02
3898,29,6,9,2025-11-03,2025-11-05,2025-11-18
3899,29,13,9,2025-11-09,2025-11-10,2025-11-24
3900,29,9,9,2025-11-26,2025-11-27,2025-12-11
3901,29,13,7,2025-12-10,2025-12-12,2025-12-25
3902,29,9,9,2025-12-14,2025-12-16,2025-12-29
3903,29,6,7,2025-12-24,2025-12-26,2026-01-08
3904,29,6,7,2026-01-09,2026-01-10,2026-01-24
3905,29,9,9,2026-01-17,2026-01-19,2026-02-01
3906,29,9,9,2026-01-31,2026-02-01,2026-02-15
3907,29,13,9,2026-02-07,2026-02-08,2026-02-22
3908,29,13,9,2026-02-23,2026-02-26,2026-03-10
3909,29,6,7,2026-02-28,2026-03-01,2026-03-15
3910,29,9,7,2026-03-10,2026-03-12,2026-03-25
3911,29,13,7,2026-03-22,2026-03-23,2026-04-06
3912,29,9,7,2026-04-06,2026-04-07,2026-04-21
3913,29,13,9,2026-04-17,2026-04-18,2026-05-02
3914,29,9,7,2026-04-26,2026-04-27,2026-05-11
3915,29,9,7,2026-05-05,2026-05-08,2026-05-20
3916,29,6,9,2026-05-16,2026-05-19,2026-05-31
3917,29,9,9,2026-05-29,2026-05-31,2026-06-13
3918,29,13,7,2026-06-05,2026-06-06,2026-06-20
3919,29,6,7,2026-06-19,2026-06-20,2026-07-04
3920,29,13,9,2026-06-27,2026-06-28,2026-07-12
3921,29,6,10,2024-07-11,2024-07-13,2024-07-26
3922,29,13,10,2024-07-14,2024-07-15,2024-07-29
3923,29,9,10,2024-07-24,2024-07-27,2024-08-08
3924,29,6,10,2024-08-13,2024-08-14,2024-08-28
3925,29,6,10,2024-08-24,2024-08-25,2024-09-08
3926,29,9,10,2024-08-27,2024-08-28,2024-09-11
3927,29,9,10,2024-09-10,2024-09-12,2024-09-25
3928,29,13,10,2024-09-16,2024-09-17,2024-10-01
3929,29,6,10,2024-10-04,2024-10-05,2024-10-19
3930,29,9,10,2024-10-10,2024-10-12,2024-10-25
3931,29,6,10,2024-10-20,2024-10-23,2024-11-04
3932,29,9,10,2024-11-02,2024-11-04,2024-11-17
3933,29,9,10,2024-11-13,2024-11-14,2024-11-28
3934,29,13,10,2024-11-23,2024-11-24,2024-12-08
3935,29,13,10,2024-12-05,2024-12-07,2024-12-20
3936,29,6,10,2024-12-13,2024-12-16,2024-12-28
3937,29,9,10,2024-12-29,2025-01-01,2025-01-13
3938,29,13,10,2025-01-10,2025-01-12,2025-01-25
3939,29,13,10,2025-01-24,2025-01-25,2025-02-08
3940,29,6,10,2025-02-05,2025-02-07,2025-02-20
3941,29,6,10,2025-02-15,2025-02-16,2025-03-02
3942,29,13,10,2025-02-24,2025-02-25,2025-03-11
3943,29,6,10,2025-03-07,2025-03-09,2025-03-22
3944,29,13,10,2025-03-12,2025-03-15,2025-03-27
3945,29,6,10,2025-03-23,2025-03-25,2025-04-07
3946,29,13,10,2025-04-08,2025-04-11,2025-04-23
3947,29,6,10,2025-04-14,2025-04-15,2025-04-29
3948,29,13,10,2025-05-03,2025-05-04,2025-05-18
3949,29,6,10,2025-05-05,2025-05-07,2025-05-20
3950,29,6,10,2025-05-22,2025-05-24,2025-06-06
3951,29,9,10,2025-06-04,2025-06-06,2025-06-19
3952,29,13,10,2025-06-11,2025-06-12,2025-06-26
3953,29,6,10,2025-06-19,2025-06-20,2025-07-04
3954,29,6,10,2025-07-04,2025-07-06,2025-07-19
3955,29,13,10,2025-07-12,2025-07-13,2025-07-27
3956,29,13,10,2025-07-22,2025-07-25,2025-08-06
3957,29,6,10,2025-08-10,2025-08-11,2025-08-25
3958,29,6,10,2025-08-18,2025-08-20,2025-09-02
3959,29,6,10,2025-08-28,2025-08-30,2025-09-12
3960,29,6,10,2025-09-11,2025-09-12,2025-09-26
3961,29,13,10,2025-09-15,2025-09-17,2025-09-30
3962,29,9,10,2025-10-02,2025-10-03,2025-10-17
3963,29,9,10,2025-10-07,2025-10-09,2025-10-22
3964,29,9,10,2025-10-24,2025-10-26,2025-11-08
3965,29,9,10,2025-11-05,2025-11-07,2025-11-20
3966,29,9,10,2025-11-12,2025-11-14,2025-11-27
3967,29,13,10,2025-11-22,2025-11-23,2025-12-07
3968,29,13,10,2025-12-05,2025-12-06,2025-12-20
3969,29,13,10,2025-12-12,2025-12-14,2025-12-27
3970,29,6,10,2025-12-27,2025-12-28,2026-01-11
3971,29,9,10,2026-01-10,2026-01-13,2026-01-25
3972,29,6,10,2026-01-17,2026-01-19,2026-02-01
3973,29,13,10,2026-01-29,2026-01-30,2026-02-13
3974,29,6,10,2026-02-14,2026-02-16,2026-03-01
3975,29,6,10,2026-02-15,2026-02-17,2026-03-02
3976,29,9,10,2026-03-06,2026-03-09,2026-03-21
3977,29,13,10,2026-03-16,2026-03-18,2026-03-31
3978,29,13,10,2026-03-21,2026-03-23,2026-04-05
3979,29,9,10,2026-03-31,2026-04-01,2026-04-15
3980,29,9,10,2026-04-14,2026-04-17,2026-04-29
3981,29,13,10,2026-04-28,2026-05-01,2026-05-13
3982,29,13,10,2026-05-07,2026-05-09,2026-05-22
3983,29,6,10,2026-05-15,2026-05-16,2026-05-30
3984,29,6,10,2026-05-29,2026-05-31,2026-06-13
3985,29,13,10,2026-06-12,2026-06-13,2026-06-27
3986,29,9,10,2026-06-21,2026-06-24,2026-07-06
3987,29,9,10,2026-06-30,2026-07-03,2026-07-15
3988,30,16,4,2024-09-09,2024-09-12,2027-04-14
3989,30,16,4,2024-12-12,2024-12-14,2027-07-17
3990,30,3,8,2025-04-25,2025-04-26,2027-11-28
3991,30,16,8,2025-07-02,2025-07-05,2028-02-04
3992,30,3,8,2025-12-21,2025-12-22,2028-07-25
3993,30,3,8,2026-03-21,2026-03-24,2028-10-23
3994,31,12,3,2024-08-11,2024-08-13,2024-10-26
3995,31,12,1,2024-10-16,2024-10-18,2024-12-31
3996,31,12,3,2024-11-25,2024-11-28,2025-02-09
3997,31,12,1,2025-01-25,2025-01-26,2025-04-11
3998,31,12,1,2025-03-05,2025-03-08,2025-05-20
3999,31,12,3,2025-06-07,2025-06-10,2025-08-22
4000,31,12,1,2025-07-16,2025-07-18,2025-09-30
4001,31,12,1,2025-08-23,2025-08-24,2025-11-07
4002,31,12,1,2025-10-14,2025-10-16,2025-12-29
4003,31,12,3,2025-12-15,2025-12-17,2026-03-01
4004,31,12,3,2026-01-28,2026-01-31,2026-04-14
4005,31,12,1,2026-04-03,2026-04-05,2026-06-18
4006,31,12,4,2024-07-25,2024-07-28,2024-10-09
4007,31,12,4,2024-08-31,2024-09-02,2024-11-15
4008,31,12,4,2024-12-16,2024-12-19,2025-03-02
4009,31,12,4,2025-02-07,2025-02-08,2025-04-24
4010,31,12,4,2025-03-28,2025-03-30,2025-06-12
4011,31,12,4,2025-06-05,2025-06-07,2025-08-20
4012,31,12,4,2025-07-21,2025-07-24,2025-10-05
4013,31,12,4,2025-09-09,2025-09-12,2025-11-24
4014,31,12,4,2025-10-23,2025-10-25,2026-01-07
4015,31,12,4,2026-01-07,2026-01-10,2026-03-24
4016,31,12,4,2026-02-28,2026-03-02,2026-05-15
4017,31,12,4,2026-04-07,2026-04-10,2026-06-22
4018,31,12,4,2026-06-16,2026-06-18,2026-08-31
4019,31,12,5,2024-08-21,2024-08-23,2024-11-05
4020,31,12,5,2024-10-22,2024-10-24,2025-01-06
4021,31,12,5,2024-11-08,2024-11-11,2025-01-23
4022,31,12,5,2025-01-10,2025-01-11,2025-03-27
4023,31,12,5,2025-03-20,2025-03-23,2025-06-04
4024,31,12,5,2025-05-06,2025-05-08,2025-07-21
4025,31,12,5,2025-06-09,2025-06-10,2025-08-24
4026,31,12,5,2025-08-11,2025-08-13,2025-10-26
4027,31,12,5,2025-11-23,2025-11-25,2026-02-07
4028,31,12,5,2026-01-05,2026-01-08,2026-03-22
4029,31,12,5,2026-03-10,2026-03-11,2026-05-25
4030,31,12,5,2026-03-28,2026-03-29,2026-06-12
4031,31,12,5,2026-06-18,2026-06-19,2026-09-02
4032,31,12,7,2024-07-26,2024-07-28,2024-10-10
4033,31,12,9,2024-09-26,2024-09-28,2024-12-11
4034,31,12,7,2024-11-04,2024-11-06,2025-01-19
4035,31,12,7,2024-12-26,2024-12-27,2025-03-12
4036,31,12,7,2025-03-22,2025-03-24,2025-06-06
4037,31,12,7,2025-04-17,2025-04-19,2025-07-02
4038,31,12,9,2025-07-22,2025-07-24,2025-10-06
4039,31,12,9,2025-08-18,2025-08-21,2025-11-02
4040,31,12,9,2025-11-18,2025-11-21,2026-02-02
4041,31,12,7,2026-01-20,2026-01-22,2026-04-06
4042,31,12,7,2026-03-17,2026-03-19,2026-06-01
4043,31,12,9,2026-03-27,2026-03-30,2026-06-11
4044,31,12,10,2024-07-22,2024-07-23,2024-10-06
4045,31,12,10,2024-09-27,2024-09-30,2024-12-12
4046,31,12,10,2024-10-31,2024-11-03,2025-01-15
4047,31,12,10,2025-01-09,2025-01-11,2025-03-26
4048,31,12,10,2025-04-08,2025-04-11,2025-06-23
4049,31,12,10,2025-06-07,2025-06-09,2025-08-22
4050,31,12,10,2025-06-13,2025-06-14,2025-08-28
4051,31,12,10,2025-09-26,2025-09-27,2025-12-11
4052,31,12,10,2025-10-21,2025-10-24,2026-01-05
4053,31,12,10,2026-01-10,2026-01-13,2026-03-27
4054,31,12,10,2026-03-18,2026-03-19,2026-06-02
4055,31,12,10,2026-04-09,2026-04-10,2026-06-24
4056,31,12,10,2026-06-12,2026-06-15,2026-08-27
4057,32,11,8,2024-09-18,2024-09-20,2026-03-20
4058,32,22,10,2024-12-07,2024-12-08,2026-06-08
4059,32,18,10,2025-06-04,2025-06-07,2026-12-04
4060,32,6,4,2025-10-07,2025-10-08,2027-04-08
4061,32,11,8,2025-12-01,2025-12-02,2027-06-02
4062,32,22,8,2026-05-17,2026-05-20,2027-11-16
4063,33,12,1,2024-07-03,2024-07-04,2024-07-15
4064,33,12,3,2024-07-13,2024-07-15,2024-07-25
4065,33,12,3,2024-07-21,2024-07-24,2024-08-02
4066,33,12,3,2024-07-31,2024-08-03,2024-08-12
4067,33,9,1,2024-08-06,2024-08-07,2024-08-18
4068,33,9,1,2024-08-15,2024-08-16,2024-08-27
4069,33,9,3,2024-08-25,2024-08-26,2024-09-06
4070,33,12,1,2024-09-02,2024-09-04,2024-09-14
4071,33,9,1,2024-09-17,2024-09-20,2024-09-29
4072,33,12,1,2024-09-23,2024-09-24,2024-10-05
4073,33,12,1,2024-10-02,2024-10-03,2024-10-14
4074,33,12,1,2024-10-15,2024-10-16,2024-10-27
4075,33,12,3,2024-10-25,2024-10-27,2024-11-06
4076,33,12,3,2024-10-30,2024-11-02,2024-11-11
4077,33,12,3,2024-11-08,2024-11-09,2024-11-20
4078,33,12,3,2024-11-17,2024-11-19,2024-11-29
4079,33,12,3,2024-11-28,2024-11-29,2024-12-10
4080,33,12,1,2024-12-01,2024-12-02,2024-12-13
4081,33,12,1,2024-12-14,2024-12-15,2024-12-26
4082,33,12,1,2024-12-22,2024-12-24,2025-01-03
4083,33,9,1,2024-12-30,2025-01-02,2025-01-11
4084,33,12,3,2025-01-10,2025-01-11,2025-01-22
4085,33,9,3,2025-01-23,2025-01-25,2025-02-04
4086,33,9,3,2025-01-29,2025-01-31,2025-02-10
4087,33,9,3,2025-02-04,2025-02-07,2025-02-16
4088,33,9,3,2025-02-19,2025-02-21,2025-03-03
4089,33,12,3,2025-02-20,2025-02-23,2025-03-04
4090,33,12,1,2025-03-03,2025-03-06,2025-03-15
4091,33,9,1,2025-03-17,2025-03-20,2025-03-29
4092,33,12,1,2025-03-22,2025-03-23,2025-04-03
4093,33,9,1,2025-04-04,2025-04-07,2025-04-16
4094,33,12,1,2025-04-12,2025-04-14,2025-04-24
4095,33,9,1,2025-04-23,2025-04-24,2025-05-05
4096,33,9,3,2025-04-25,2025-04-27,2025-05-07
4097,33,9,1,2025-05-10,2025-05-12,2025-05-22
4098,33,12,1,2025-05-16,2025-05-17,2025-05-28
4099,33,9,3,2025-05-25,2025-05-28,2025-06-06
4100,33,9,3,2025-06-06,2025-06-08,2025-06-18
4101,33,9,1,2025-06-10,2025-06-11,2025-06-22
4102,33,9,1,2025-06-21,2025-06-23,2025-07-03
4103,33,12,1,2025-07-04,2025-07-05,2025-07-16
4104,33,12,3,2025-07-08,2025-07-09,2025-07-20
4105,33,12,3,2025-07-22,2025-07-25,2025-08-03
4106,33,12,3,2025-07-23,2025-07-24,2025-08-04
4107,33,9,1,2025-08-06,2025-08-08,2025-08-18
4108,33,12,1,2025-08-12,2025-08-14,2025-08-24
4109,33,12,1,2025-08-25,2025-08-28,2025-09-06
4110,33,9,3,2025-09-01,2025-09-02,2025-09-13
4111,33,12,3,2025-09-10,2025-09-11,2025-09-22
4112,33,12,3,2025-09-22,2025-09-25,2025-10-04
4113,33,12,1,2025-10-02,2025-10-04,2025-10-14
4114,33,9,3,2025-10-08,2025-10-10,2025-10-20
4115,33,12,3,2025-10-19,2025-10-20,2025-10-31
4116,33,9,1,2025-10-23,2025-10-25,2025-11-04
4117,33,12,1,2025-11-05,2025-11-08,2025-11-17
4118,33,12,3,2025-11-16,2025-11-19,2025-11-28
4119,33,9,1,2025-11-22,2025-11-23,2025-12-04
4120,33,12,3,2025-12-01,2025-12-02,2025-12-13
4121,33,12,1,2025-12-09,2025-12-11,2025-12-21
4122,33,12,1,2025-12-22,2025-12-24,2026-01-03
4123,33,9,1,2025-12-29,2025-12-30,2026-01-10
4124,33,12,1,2026-01-06,2026-01-09,2026-01-18
4125,33,12,3,2026-01-14,2026-01-17,2026-01-26
4126,33,12,3,2026-01-25,2026-01-27,2026-02-06
4127,33,12,1,2026-01-29,2026-01-31,2026-02-10
4128,33,12,1,2026-02-14,2026-02-16,2026-02-26
4129,33,12,3,2026-02-15,2026-02-16,2026-02-27
4130,33,12,3,2026-02-25,2026-02-27,2026-03-09
4131,33,9,3,2026-03-08,2026-03-11,2026-03-20
4132,33,12,3,2026-03-15,2026-03-17,2026-03-27
4133,33,9,3,2026-03-26,2026-03-27,2026-04-07
4134,33,9,1,2026-04-02,2026-04-03,2026-04-14
4135,33,9,1,2026-04-15,2026-04-17,2026-04-27
4136,33,9,3,2026-04-22,2026-04-25,2026-05-04
4137,33,12,3,2026-05-05,2026-05-06,2026-05-17
4138,33,12,3,2026-05-13,2026-05-16,2026-05-25
4139,33,9,1,2026-05-20,2026-05-21,2026-06-01
4140,33,9,3,2026-05-27,2026-05-30,2026-06-08
4141,33,12,3,2026-06-10,2026-06-11,2026-06-22
4142,33,12,1,2026-06-14,2026-06-17,2026-06-26
4143,33,12,1,2026-06-22,2026-06-24,2026-07-04
4144,33,9,4,2024-07-06,2024-07-08,2024-07-18
4145,33,9,4,2024-07-18,2024-07-19,2024-07-30
4146,33,12,4,2024-07-21,2024-07-22,2024-08-02
4147,33,9,4,2024-08-01,2024-08-04,2024-08-13
4148,33,9,4,2024-08-10,2024-08-12,2024-08-22
4149,33,9,4,2024-08-15,2024-08-18,2024-08-27
4150,33,12,4,2024-08-30,2024-08-31,2024-09-11
4151,33,12,4,2024-09-06,2024-09-09,2024-09-18
4152,33,12,4,2024-09-14,2024-09-15,2024-09-26
4153,33,9,4,2024-09-24,2024-09-25,2024-10-06
4154,33,12,4,2024-10-05,2024-10-07,2024-10-17
4155,33,9,4,2024-10-16,2024-10-18,2024-10-28
4156,33,9,4,2024-10-24,2024-10-25,2024-11-05
4157,33,12,4,2024-10-28,2024-10-31,2024-11-09
4158,33,12,4,2024-11-04,2024-11-05,2024-11-16
4159,33,12,4,2024-11-21,2024-11-24,2024-12-03
4160,33,9,4,2024-11-28,2024-11-29,2024-12-10
4161,33,9,4,2024-12-06,2024-12-09,2024-12-18
4162,33,9,4,2024-12-16,2024-12-18,2024-12-28
4163,33,9,4,2024-12-27,2024-12-30,2025-01-08
4164,33,9,4,2024-12-29,2024-12-30,2025-01-10
4165,33,9,4,2025-01-11,2025-01-14,2025-01-23
4166,33,9,4,2025-01-22,2025-01-25,2025-02-03
4167,33,9,4,2025-01-25,2025-01-28,2025-02-06
4168,33,9,4,2025-02-02,2025-02-05,2025-02-14
4169,33,9,4,2025-02-15,2025-02-18,2025-02-27
4170,33,12,4,2025-02-26,2025-02-28,2025-03-10
4171,33,12,4,2025-03-07,2025-03-08,2025-03-19
4172,33,12,4,2025-03-13,2025-03-14,2025-03-25
4173,33,9,4,2025-03-26,2025-03-27,2025-04-07
4174,33,12,4,2025-04-02,2025-04-03,2025-04-14
4175,33,9,4,2025-04-14,2025-04-16,2025-04-26
4176,33,9,4,2025-04-21,2025-04-24,2025-05-03
4177,33,9,4,2025-05-01,2025-05-02,2025-05-13
4178,33,12,4,2025-05-10,2025-05-11,2025-05-22
4179,33,9,4,2025-05-12,2025-05-15,2025-05-24
4180,33,12,4,2025-05-25,2025-05-28,2025-06-06
4181,33,9,4,2025-05-31,2025-06-01,2025-06-12
4182,33,12,4,2025-06-14,2025-06-16,2025-06-26
4183,33,12,4,2025-06-21,2025-06-24,2025-07-03
4184,33,9,4,2025-06-30,2025-07-01,2025-07-12
4185,33,9,4,2025-07-06,2025-07-07,2025-07-18
4186,33,9,4,2025-07-14,2025-07-15,2025-07-26
4187,33,12,4,2025-07-31,2025-08-01,2025-08-12
4188,33,12,4,2025-08-05,2025-08-07,2025-08-17
4189,33,9,4,2025-08-17,2025-08-19,2025-08-29
4190,33,12,4,2025-08-22,2025-08-24,2025-09-03
4191,33,12,4,2025-09-03,2025-09-06,2025-09-15
4192,33,12,4,2025-09-12,2025-09-15,2025-09-24
4193,33,12,4,2025-09-22,2025-09-24,2025-10-04
4194,33,9,4,2025-10-01,2025-10-04,2025-10-13
4195,33,12,4,2025-10-06,2025-10-09,2025-10-18
4196,33,12,4,2025-10-17,2025-10-18,2025-10-29
4197,33,12,4,2025-10-28,2025-10-30,2025-11-09
4198,33,12,4,2025-11-06,2025-11-07,2025-11-18
4199,33,9,4,2025-11-10,2025-11-12,2025-11-22
4200,33,12,4,2025-11-17,2025-11-19,2025-11-29
4201,33,9,4,2025-12-02,2025-12-03,2025-12-14
4202,33,9,4,2025-12-11,2025-12-12,2025-12-23
4203,33,12,4,2025-12-14,2025-12-16,2025-12-26
4204,33,12,4,2025-12-27,2025-12-29,2026-01-08
4205,33,12,4,2026-01-03,2026-01-05,2026-01-15
4206,33,9,4,2026-01-13,2026-01-14,2026-01-25
4207,33,12,4,2026-01-24,2026-01-25,2026-02-05
4208,33,9,4,2026-02-05,2026-02-08,2026-02-17
4209,33,9,4,2026-02-08,2026-02-11,2026-02-20
4210,33,9,4,2026-02-19,2026-02-21,2026-03-03
4211,33,9,4,2026-03-04,2026-03-07,2026-03-16
4212,33,9,4,2026-03-09,2026-03-12,2026-03-21
4213,33,9,4,2026-03-15,2026-03-18,2026-03-27
4214,33,9,4,2026-03-25,2026-03-26,2026-04-06
4215,33,12,4,2026-04-01,2026-04-02,2026-04-13
4216,33,12,4,2026-04-14,2026-04-16,2026-04-26
4217,33,12,4,2026-04-20,2026-04-22,2026-05-02
4218,33,12,4,2026-05-04,2026-05-07,2026-05-16
4219,33,12,4,2026-05-14,2026-05-16,2026-05-26
4220,33,12,4,2026-05-24,2026-05-27,2026-06-05
4221,33,9,4,2026-05-28,2026-05-30,2026-06-09
4222,33,12,4,2026-06-09,2026-06-10,2026-06-21
4223,33,12,4,2026-06-17,2026-06-18,2026-06-29
4224,33,12,4,2026-06-29,2026-07-02,2026-07-11
4225,33,12,5,2024-07-01,2024-07-04,2024-07-13
4226,33,9,5,2024-07-18,2024-07-19,2024-07-30
4227,33,12,5,2024-07-21,2024-07-22,2024-08-02
4228,33,12,5,2024-08-03,2024-08-04,2024-08-15
4229,33,12,5,2024-08-10,2024-08-12,2024-08-22
4230,33,9,5,2024-08-23,2024-08-25,2024-09-04
4231,33,9,5,2024-08-27,2024-08-29,2024-09-08
4232,33,9,5,2024-09-02,2024-09-04,2024-09-14
4233,33,9,5,2024-09-17,2024-09-18,2024-09-29
4234,33,9,5,2024-09-21,2024-09-24,2024-10-03
4235,33,9,5,2024-10-03,2024-10-05,2024-10-15
4236,33,9,5,2024-10-15,2024-10-18,2024-10-27
4237,33,12,5,2024-10-17,2024-10-20,2024-10-29
4238,33,12,5,2024-11-01,2024-11-03,2024-11-13
4239,33,12,5,2024-11-06,2024-11-07,2024-11-18
4240,33,9,5,2024-11-15,2024-11-16,2024-11-27
4241,33,9,5,2024-11-24,2024-11-27,2024-12-06
4242,33,12,5,2024-12-04,2024-12-06,2024-12-16
4243,33,9,5,2024-12-16,2024-12-18,2024-12-28
4244,33,12,5,2024-12-20,2024-12-22,2025-01-01
4245,33,9,5,2025-01-04,2025-01-05,2025-01-16
4246,33,12,5,2025-01-12,2025-01-15,2025-01-24
4247,33,9,5,2025-01-22,2025-01-25,2025-02-03
4248,33,9,5,2025-01-31,2025-02-01,2025-02-12
4249,33,9,5,2025-02-06,2025-02-08,2025-02-18
4250,33,9,5,2025-02-11,2025-02-12,2025-02-23
4251,33,12,5,2025-02-22,2025-02-24,2025-03-06
4252,33,12,5,2025-03-03,2025-03-06,2025-03-15
4253,33,12,5,2025-03-10,2025-03-12,2025-03-22
4254,33,9,5,2025-03-25,2025-03-28,2025-04-06
4255,33,12,5,2025-04-01,2025-04-03,2025-04-13
4256,33,9,5,2025-04-06,2025-04-08,2025-04-18
4257,33,12,5,2025-04-22,2025-04-25,2025-05-04
4258,33,12,5,2025-04-25,2025-04-26,2025-05-07
4259,33,9,5,2025-05-08,2025-05-09,2025-05-20
4260,33,9,5,2025-05-14,2025-05-16,2025-05-26
4261,33,12,5,2025-05-29,2025-05-31,2025-06-10
4262,33,9,5,2025-05-30,2025-06-02,2025-06-11
4263,33,9,5,2025-06-08,2025-06-10,2025-06-20
4264,33,9,5,2025-06-23,2025-06-24,2025-07-05
4265,33,12,5,2025-07-01,2025-07-02,2025-07-13
4266,33,9,5,2025-07-05,2025-07-08,2025-07-17
4267,33,12,5,2025-07-21,2025-07-24,2025-08-02
4268,33,12,5,2025-07-27,2025-07-28,2025-08-08
4269,33,9,5,2025-08-05,2025-08-07,2025-08-17
4270,33,9,5,2025-08-18,2025-08-20,2025-08-30
4271,33,9,5,2025-08-25,2025-08-26,2025-09-06
4272,33,9,5,2025-09-01,2025-09-04,2025-09-13
4273,33,12,5,2025-09-06,2025-09-09,2025-09-18
4274,33,9,5,2025-09-23,2025-09-25,2025-10-05
4275,33,12,5,2025-09-26,2025-09-28,2025-10-08
4276,33,12,5,2025-10-04,2025-10-07,2025-10-16
4277,33,9,5,2025-10-17,2025-10-19,2025-10-29
4278,33,9,5,2025-10-27,2025-10-28,2025-11-08
4279,33,12,5,2025-11-03,2025-11-06,2025-11-15
4280,33,9,5,2025-11-11,2025-11-14,2025-11-23
4281,33,12,5,2025-11-20,2025-11-21,2025-12-02
4282,33,12,5,2025-11-27,2025-11-29,2025-12-09
4283,33,12,5,2025-12-08,2025-12-09,2025-12-20
4284,33,12,5,2025-12-19,2025-12-20,2025-12-31
4285,33,9,5,2025-12-23,2025-12-26,2026-01-04
4286,33,12,5,2026-01-02,2026-01-05,2026-01-14
4287,33,12,5,2026-01-16,2026-01-19,2026-01-28
4288,33,9,5,2026-01-22,2026-01-24,2026-02-03
4289,33,12,5,2026-02-05,2026-02-06,2026-02-17
4290,33,12,5,2026-02-12,2026-02-15,2026-02-24
4291,33,12,5,2026-02-17,2026-02-19,2026-03-01
4292,33,9,5,2026-03-02,2026-03-04,2026-03-14
4293,33,9,5,2026-03-06,2026-03-07,2026-03-18
4294,33,12,5,2026-03-15,2026-03-18,2026-03-27
4295,33,9,5,2026-03-26,2026-03-28,2026-04-07
4296,33,9,5,2026-04-03,2026-04-06,2026-04-15
4297,33,9,5,2026-04-13,2026-04-16,2026-04-25
4298,33,9,5,2026-04-19,2026-04-21,2026-05-01
4299,33,12,5,2026-04-30,2026-05-03,2026-05-12
4300,33,9,5,2026-05-14,2026-05-17,2026-05-26
4301,33,9,5,2026-05-18,2026-05-21,2026-05-30
4302,33,12,5,2026-05-27,2026-05-28,2026-06-08
4303,33,12,5,2026-06-04,2026-06-07,2026-06-16
4304,33,9,5,2026-06-13,2026-06-15,2026-06-25
4305,33,12,5,2026-06-29,2026-07-01,2026-07-11
4306,33,12,9,2024-07-09,2024-07-10,2024-07-21
4307,33,12,9,2024-07-15,2024-07-16,2024-07-27
4308,33,12,7,2024-07-27,2024-07-29,2024-08-08
4309,33,12,7,2024-08-03,2024-08-04,2024-08-15
4310,33,12,7,2024-08-09,2024-08-11,2024-08-21
4311,33,12,7,2024-08-16,2024-08-18,2024-08-28
4312,33,12,9,2024-08-25,2024-08-27,2024-09-06
4313,33,12,9,2024-09-07,2024-09-09,2024-09-19
4314,33,9,9,2024-09-19,2024-09-22,2024-10-01
4315,33,9,9,2024-09-27,2024-09-30,2024-10-09
4316,33,9,7,2024-10-06,2024-10-07,2024-10-18
4317,33,12,9,2024-10-13,2024-10-15,2024-10-25
4318,33,12,7,2024-10-19,2024-10-22,2024-10-31
4319,33,12,9,2024-10-28,2024-10-31,2024-11-09
4320,33,9,7,2024-11-07,2024-11-09,2024-11-19
4321,33,9,7,2024-11-14,2024-11-16,2024-11-26
4322,33,9,9,2024-11-30,2024-12-02,2024-12-12
4323,33,12,9,2024-12-06,2024-12-07,2024-12-18
4324,33,12,7,2024-12-15,2024-12-18,2024-12-27
4325,33,12,7,2024-12-22,2024-12-23,2025-01-03
4326,33,9,9,2025-01-05,2025-01-07,2025-01-17
4327,33,9,9,2025-01-06,2025-01-07,2025-01-18
4328,33,12,9,2025-01-23,2025-01-24,2025-02-04
4329,33,9,7,2025-02-01,2025-02-04,2025-02-13
4330,33,12,7,2025-02-03,2025-02-05,2025-02-15
4331,33,12,7,2025-02-18,2025-02-21,2025-03-02
4332,33,12,7,2025-02-25,2025-02-27,2025-03-09
4333,33,9,9,2025-03-03,2025-03-04,2025-03-15
4334,33,12,9,2025-03-16,2025-03-18,2025-03-28
4335,33,9,9,2025-03-19,2025-03-22,2025-03-31
4336,33,9,9,2025-03-29,2025-03-30,2025-04-10
4337,33,9,7,2025-04-09,2025-04-11,2025-04-21
4338,33,12,7,2025-04-19,2025-04-21,2025-05-01
4339,33,12,7,2025-04-29,2025-05-01,2025-05-11
4340,33,12,9,2025-05-08,2025-05-09,2025-05-20
4341,33,12,9,2025-05-12,2025-05-13,2025-05-24
4342,33,12,7,2025-05-22,2025-05-23,2025-06-03
4343,33,12,7,2025-06-03,2025-06-05,2025-06-15
4344,33,9,7,2025-06-12,2025-06-13,2025-06-24
4345,33,9,7,2025-06-24,2025-06-25,2025-07-06
4346,33,12,7,2025-07-02,2025-07-04,2025-07-14
4347,33,9,9,2025-07-09,2025-07-12,2025-07-21
4348,33,9,9,2025-07-22,2025-07-25,2025-08-03
4349,33,12,7,2025-07-31,2025-08-03,2025-08-12
4350,33,9,7,2025-08-02,2025-08-03,2025-08-14
4351,33,12,7,2025-08-10,2025-08-11,2025-08-22
4352,33,12,7,2025-08-19,2025-08-22,2025-08-31
4353,33,9,7,2025-09-02,2025-09-03,2025-09-14
4354,33,9,7,2025-09-12,2025-09-15,2025-09-24
4355,33,12,9,2025-09-21,2025-09-23,2025-10-03
4356,33,12,7,2025-09-28,2025-09-29,2025-10-10
4357,33,12,7,2025-10-05,2025-10-08,2025-10-17
4358,33,12,9,2025-10-20,2025-10-22,2025-11-01
4359,33,9,7,2025-10-23,2025-10-24,2025-11-04
4360,33,12,9,2025-10-31,2025-11-01,2025-11-12
4361,33,12,7,2025-11-16,2025-11-19,2025-11-28
4362,33,9,9,2025-11-20,2025-11-23,2025-12-02
4363,33,12,7,2025-12-02,2025-12-05,2025-12-14
4364,33,12,9,2025-12-07,2025-12-08,2025-12-19
4365,33,9,9,2025-12-17,2025-12-20,2025-12-29
4366,33,12,7,2025-12-29,2025-12-30,2026-01-10
4367,33,9,9,2026-01-09,2026-01-11,2026-01-21
4368,33,9,9,2026-01-14,2026-01-16,2026-01-26
4369,33,9,7,2026-01-25,2026-01-26,2026-02-06
4370,33,12,7,2026-01-30,2026-02-01,2026-02-11
4371,33,9,9,2026-02-08,2026-02-09,2026-02-20
4372,33,12,9,2026-02-20,2026-02-22,2026-03-04
4373,33,9,7,2026-02-27,2026-03-01,2026-03-11
4374,33,12,9,2026-03-08,2026-03-11,2026-03-20
4375,33,9,9,2026-03-15,2026-03-17,2026-03-27
4376,33,12,9,2026-03-23,2026-03-24,2026-04-04
4377,33,9,7,2026-04-02,2026-04-05,2026-04-14
4378,33,12,9,2026-04-18,2026-04-19,2026-04-30
4379,33,12,7,2026-04-26,2026-04-27,2026-05-08
4380,33,9,9,2026-05-06,2026-05-09,2026-05-18
4381,33,12,7,2026-05-10,2026-05-11,2026-05-22
4382,33,9,7,2026-05-21,2026-05-22,2026-06-02
4383,33,9,9,2026-06-02,2026-06-03,2026-06-14
4384,33,12,7,2026-06-06,2026-06-08,2026-06-18
4385,33,12,7,2026-06-18,2026-06-20,2026-06-30
4386,33,12,9,2026-06-29,2026-06-30,2026-07-11
4387,33,12,10,2024-07-06,2024-07-08,2024-07-18
4388,33,12,10,2024-07-18,2024-07-20,2024-07-30
4389,33,12,10,2024-07-21,2024-07-23,2024-08-02
4390,33,12,10,2024-08-05,2024-08-08,2024-08-17
4391,33,12,10,2024-08-14,2024-08-17,2024-08-26
4392,33,12,10,2024-08-21,2024-08-24,2024-09-02
4393,33,9,10,2024-08-28,2024-08-29,2024-09-09
4394,33,12,10,2024-09-05,2024-09-07,2024-09-17
4395,33,12,10,2024-09-13,2024-09-16,2024-09-25
4396,33,12,10,2024-09-21,2024-09-22,2024-10-03
4397,33,12,10,2024-09-30,2024-10-01,2024-10-12
4398,33,9,10,2024-10-09,2024-10-10,2024-10-21
4399,33,12,10,2024-10-22,2024-10-24,2024-11-03
4400,33,12,10,2024-10-27,2024-10-29,2024-11-08
4401,33,9,10,2024-11-10,2024-11-11,2024-11-22
4402,33,12,10,2024-11-21,2024-11-23,2024-12-03
4403,33,12,10,2024-11-22,2024-11-25,2024-12-04
4404,33,12,10,2024-12-04,2024-12-06,2024-12-16
4405,33,12,10,2024-12-13,2024-12-15,2024-12-25
4406,33,12,10,2024-12-19,2024-12-20,2024-12-31
4407,33,12,10,2025-01-04,2025-01-05,2025-01-16
4408,33,12,10,2025-01-13,2025-01-16,2025-01-25
4409,33,12,10,2025-01-19,2025-01-21,2025-01-31
4410,33,12,10,2025-01-28,2025-01-29,2025-02-09
4411,33,12,10,2025-02-10,2025-02-11,2025-02-22
4412,33,12,10,2025-02-14,2025-02-16,2025-02-26
4413,33,12,10,2025-02-23,2025-02-24,2025-03-07
4414,33,12,10,2025-03-05,2025-03-07,2025-03-17
4415,33,9,10,2025-03-12,2025-03-14,2025-03-24
4416,33,9,10,2025-03-19,2025-03-20,2025-03-31
4417,33,12,10,2025-04-02,2025-04-03,2025-04-14
4418,33,9,10,2025-04-11,2025-04-12,2025-04-23
4419,33,9,10,2025-04-17,2025-04-20,2025-04-29
4420,33,9,10,2025-05-01,2025-05-02,2025-05-13
4421,33,9,10,2025-05-11,2025-05-13,2025-05-23
4422,33,9,10,2025-05-17,2025-05-18,2025-05-29
4423,33,9,10,2025-05-21,2025-05-23,2025-06-02
4424,33,9,10,2025-06-02,2025-06-05,2025-06-14
4425,33,12,10,2025-06-13,2025-06-15,2025-06-25
4426,33,9,10,2025-06-19,2025-06-21,2025-07-01
4427,33,9,10,2025-06-30,2025-07-01,2025-07-12
4428,33,9,10,2025-07-05,2025-07-06,2025-07-17
4429,33,12,10,2025-07-22,2025-07-25,2025-08-03
4430,33,12,10,2025-07-29,2025-08-01,2025-08-10
4431,33,12,10,2025-08-08,2025-08-11,2025-08-20
4432,33,12,10,2025-08-10,2025-08-11,2025-08-22
4433,33,12,10,2025-08-21,2025-08-24,2025-09-02
4434,33,12,10,2025-09-01,2025-09-04,2025-09-13
4435,33,9,10,2025-09-09,2025-09-11,2025-09-21
4436,33,9,10,2025-09-16,2025-09-17,2025-09-28
4437,33,12,10,2025-09-26,2025-09-27,2025-10-08
4438,33,9,10,2025-10-11,2025-10-14,2025-10-23
4439,33,9,10,2025-10-13,2025-10-16,2025-10-25
4440,33,12,10,2025-10-28,2025-10-31,2025-11-09
4441,33,9,10,2025-10-31,2025-11-01,2025-11-12
4442,33,9,10,2025-11-15,2025-11-16,2025-11-27
4443,33,9,10,2025-11-19,2025-11-20,2025-12-01
4444,33,12,10,2025-11-28,2025-12-01,2025-12-10
4445,33,12,10,2025-12-13,2025-12-14,2025-12-25
4446,33,12,10,2025-12-19,2025-12-22,2025-12-31
4447,33,9,10,2025-12-25,2025-12-26,2026-01-06
4448,33,12,10,2026-01-03,2026-01-06,2026-01-15
4449,33,9,10,2026-01-11,2026-01-13,2026-01-23
4450,33,9,10,2026-01-24,2026-01-26,2026-02-05
4451,33,12,10,2026-02-02,2026-02-03,2026-02-14
4452,33,9,10,2026-02-09,2026-02-12,2026-02-21
4453,33,9,10,2026-02-18,2026-02-19,2026-03-02
4454,33,12,10,2026-02-27,2026-03-02,2026-03-11
4455,33,9,10,2026-03-06,2026-03-07,2026-03-18
4456,33,9,10,2026-03-21,2026-03-23,2026-04-02
4457,33,9,10,2026-03-29,2026-03-30,2026-04-10
4458,33,12,10,2026-04-04,2026-04-07,2026-04-16
4459,33,12,10,2026-04-10,2026-04-13,2026-04-22
4460,33,9,10,2026-04-20,2026-04-23,2026-05-02
4461,33,12,10,2026-05-01,2026-05-03,2026-05-13
4462,33,9,10,2026-05-10,2026-05-11,2026-05-22
4463,33,9,10,2026-05-23,2026-05-25,2026-06-04
4464,33,12,10,2026-05-25,2026-05-27,2026-06-06
4465,33,9,10,2026-06-10,2026-06-13,2026-06-22
4466,33,12,10,2026-06-18,2026-06-19,2026-06-30
4467,33,9,10,2026-06-26,2026-06-27,2026-07-08
4468,34,12,8,2024-09-08,2024-09-11,2025-12-16
4469,34,10,7,2025-02-13,2025-02-16,2026-05-23
4470,34,10,10,2025-04-02,2025-04-04,2026-07-10
4471,34,13,8,2025-07-12,2025-07-15,2026-10-19
4472,34,10,8,2026-01-09,2026-01-11,2027-04-18
4473,34,10,7,2026-02-21,2026-02-23,2027-05-31
4474,35,7,8,2024-09-02,2024-09-04,2025-09-12
4475,35,16,8,2024-11-13,2024-11-15,2025-11-23
4476,35,16,5,2025-06-01,2025-06-04,2026-06-11
4477,35,1,7,2025-09-12,2025-09-13,2026-09-22
4478,35,7,8,2025-12-22,2025-12-25,2027-01-01
4479,35,1,7,2026-05-22,2026-05-23,2027-06-01
4480,36,23,7,2024-09-20,2024-09-21,2026-08-22
4481,36,9,8,2025-02-19,2025-02-22,2027-01-21
4482,36,18,7,2025-06-19,2025-06-20,2027-05-21
4483,36,18,7,2025-09-22,2025-09-24,2027-08-24
4484,36,23,7,2026-01-10,2026-01-11,2027-12-12
4485,36,18,7,2026-05-08,2026-05-10,2028-04-08
4486,37,6,4,2024-10-25,2024-10-26,2026-05-26
4487,37,16,5,2024-12-24,2024-12-27,2026-07-25
4488,37,6,5,2025-05-08,2025-05-10,2026-12-07
4489,37,16,4,2025-09-01,2025-09-02,2027-04-02
4490,37,6,5,2025-11-16,2025-11-19,2027-06-17
4491,37,16,5,2026-03-09,2026-03-12,2027-10-08
4492,38,15,5,2024-08-17,2024-08-20,2026-03-18
4493,38,10,1,2025-02-03,2025-02-04,2026-09-04
4494,38,15,1,2025-03-01,2025-03-04,2026-09-30
4495,38,22,7,2025-08-10,2025-08-12,2027-03-11
4496,38,10,1,2025-11-16,2025-11-19,2027-06-17
4497,38,10,7,2026-03-28,2026-03-30,2027-10-27
4498,39,23,1,2024-07-09,2024-07-10,2024-08-03
4499,39,23,3,2024-08-02,2024-08-05,2024-08-27
4500,39,11,3,2024-08-20,2024-08-22,2024-09-14
4501,39,11,1,2024-08-27,2024-08-29,2024-09-21
4502,39,11,3,2024-09-25,2024-09-26,2024-10-20
4503,39,23,3,2024-10-06,2024-10-07,2024-10-31
4504,39,23,3,2024-10-25,2024-10-28,2024-11-19
4505,39,11,1,2024-11-13,2024-11-15,2024-12-08
4506,39,11,3,2024-11-22,2024-11-24,2024-12-17
4507,39,23,1,2024-12-24,2024-12-25,2025-01-18
4508,39,11,1,2024-12-29,2024-12-30,2025-01-23
4509,39,23,3,2025-01-16,2025-01-18,2025-02-10
4510,39,23,1,2025-02-07,2025-02-09,2025-03-04
4511,39,11,3,2025-03-05,2025-03-07,2025-03-30
4512,39,23,3,2025-03-15,2025-03-17,2025-04-09
4513,39,11,1,2025-04-12,2025-04-15,2025-05-07
4514,39,23,1,2025-04-30,2025-05-01,2025-05-25
4515,39,11,1,2025-05-15,2025-05-17,2025-06-09
4516,39,11,1,2025-05-24,2025-05-26,2025-06-18
4517,39,23,1,2025-06-13,2025-06-14,2025-07-08
4518,39,23,3,2025-07-04,2025-07-05,2025-07-29
4519,39,11,1,2025-07-17,2025-07-19,2025-08-11
4520,39,11,1,2025-08-14,2025-08-15,2025-09-08
4521,39,11,3,2025-08-24,2025-08-26,2025-09-18
4522,39,23,3,2025-09-14,2025-09-16,2025-10-09
4523,39,11,3,2025-09-24,2025-09-27,2025-10-19
4524,39,23,1,2025-10-24,2025-10-25,2025-11-18
4525,39,23,1,2025-11-08,2025-11-10,2025-12-03
4526,39,23,3,2025-11-29,2025-12-01,2025-12-24
4527,39,23,1,2025-12-09,2025-12-12,2026-01-03
4528,39,11,1,2026-01-02,2026-01-03,2026-01-27
4529,39,11,3,2026-01-20,2026-01-22,2026-02-14
4530,39,11,3,2026-02-04,2026-02-05,2026-03-01
4531,39,11,3,2026-02-24,2026-02-26,2026-03-21
4532,39,11,1,2026-03-18,2026-03-19,2026-04-12
4533,39,23,1,2026-04-01,2026-04-03,2026-04-26
4534,39,23,1,2026-04-17,2026-04-18,2026-05-12
4535,39,23,3,2026-05-10,2026-05-11,2026-06-04
4536,39,11,1,2026-05-28,2026-05-30,2026-06-22
4537,39,11,1,2026-06-17,2026-06-20,2026-07-12
4538,39,11,4,2024-07-02,2024-07-05,2024-07-27
4539,39,23,4,2024-07-30,2024-08-01,2024-08-24
4540,39,23,4,2024-08-17,2024-08-18,2024-09-11
4541,39,11,4,2024-08-31,2024-09-01,2024-09-25
4542,39,11,4,2024-09-26,2024-09-27,2024-10-21
4543,39,23,4,2024-09-30,2024-10-02,2024-10-25
4544,39,23,4,2024-10-17,2024-10-20,2024-11-11
4545,39,23,4,2024-11-09,2024-11-11,2024-12-04
4546,39,11,4,2024-12-01,2024-12-02,2024-12-26
4547,39,11,4,2024-12-27,2024-12-30,2025-01-21
4548,39,23,4,2025-01-09,2025-01-10,2025-02-03
4549,39,23,4,2025-01-15,2025-01-18,2025-02-09
4550,39,11,4,2025-02-14,2025-02-17,2025-03-11
4551,39,11,4,2025-03-02,2025-03-03,2025-03-27
4552,39,11,4,2025-03-17,2025-03-18,2025-04-11
4553,39,11,4,2025-03-28,2025-03-29,2025-04-22
4554,39,11,4,2025-04-22,2025-04-25,2025-05-17
4555,39,23,4,2025-05-12,2025-05-15,2025-06-06
4556,39,11,4,2025-05-25,2025-05-28,2025-06-19
4557,39,23,4,2025-06-18,2025-06-19,2025-07-13
4558,39,23,4,2025-07-08,2025-07-09,2025-08-02
4559,39,23,4,2025-07-21,2025-07-24,2025-08-15
4560,39,11,4,2025-08-05,2025-08-06,2025-08-30
4561,39,23,4,2025-09-05,2025-09-06,2025-09-30
4562,39,23,4,2025-09-16,2025-09-19,2025-10-11
4563,39,11,4,2025-10-03,2025-10-05,2025-10-28
4564,39,11,4,2025-10-17,2025-10-20,2025-11-11
4565,39,11,4,2025-11-01,2025-11-04,2025-11-26
4566,39,23,4,2025-11-17,2025-11-18,2025-12-12
4567,39,23,4,2025-12-19,2025-12-20,2026-01-13
4568,39,11,4,2026-01-03,2026-01-06,2026-01-28
4569,39,23,4,2026-01-20,2026-01-21,2026-02-14
4570,39,11,4,2026-01-30,2026-01-31,2026-02-24
4571,39,11,4,2026-02-28,2026-03-01,2026-03-25
4572,39,11,4,2026-03-12,2026-03-14,2026-04-06
4573,39,23,4,2026-04-06,2026-04-07,2026-05-01
4574,39,11,4,2026-04-25,2026-04-28,2026-05-20
4575,39,11,4,2026-05-06,2026-05-08,2026-05-31
4576,39,23,4,2026-05-29,2026-05-30,2026-06-23
4577,39,11,4,2026-06-18,2026-06-20,2026-07-13
4578,39,11,5,2024-07-04,2024-07-05,2024-07-29
4579,39,23,5,2024-08-03,2024-08-04,2024-08-28
4580,39,23,5,2024-08-20,2024-08-22,2024-09-14
4581,39,11,5,2024-09-01,2024-09-02,2024-09-26
4582,39,11,5,2024-09-22,2024-09-23,2024-10-17
4583,39,11,5,2024-10-08,2024-10-10,2024-11-02
4584,39,23,5,2024-10-18,2024-10-19,2024-11-12
4585,39,23,5,2024-11-19,2024-11-21,2024-12-14
4586,39,11,5,2024-11-29,2024-12-02,2024-12-24
4587,39,11,5,2024-12-17,2024-12-18,2025-01-11
4588,39,23,5,2025-01-06,2025-01-08,2025-01-31
4589,39,23,5,2025-01-22,2025-01-24,2025-02-16
4590,39,11,5,2025-02-16,2025-02-18,2025-03-13
4591,39,23,5,2025-02-26,2025-02-27,2025-03-23
4592,39,11,5,2025-03-16,2025-03-17,2025-04-10
4593,39,11,5,2025-04-05,2025-04-06,2025-04-30
4594,39,11,5,2025-04-22,2025-04-25,2025-05-17
4595,39,11,5,2025-05-13,2025-05-14,2025-06-07
4596,39,23,5,2025-06-06,2025-06-07,2025-07-01
4597,39,23,5,2025-06-22,2025-06-25,2025-07-17
4598,39,23,5,2025-06-29,2025-07-01,2025-07-24
4599,39,11,5,2025-07-22,2025-07-24,2025-08-16
4600,39,23,5,2025-08-13,2025-08-14,2025-09-07
4601,39,23,5,2025-08-22,2025-08-24,2025-09-16
4602,39,11,5,2025-09-06,2025-09-08,2025-10-01
4603,39,23,5,2025-10-04,2025-10-06,2025-10-29
4604,39,11,5,2025-10-26,2025-10-29,2025-11-20
4605,39,11,5,2025-10-30,2025-11-02,2025-11-24
4606,39,11,5,2025-12-01,2025-12-04,2025-12-26
4607,39,23,5,2025-12-14,2025-12-16,2026-01-08
4608,39,23,5,2025-12-27,2025-12-30,2026-01-21
4609,39,11,5,2026-01-14,2026-01-16,2026-02-08
4610,39,11,5,2026-01-31,2026-02-01,2026-02-25
4611,39,11,5,2026-02-15,2026-02-17,2026-03-12
4612,39,11,5,2026-03-22,2026-03-25,2026-04-16
4613,39,11,5,2026-04-03,2026-04-05,2026-04-28
4614,39,11,5,2026-04-10,2026-04-12,2026-05-05
4615,39,23,5,2026-05-07,2026-05-10,2026-06-01
4616,39,11,5,2026-05-31,2026-06-03,2026-06-25
4617,39,23,5,2026-06-19,2026-06-22,2026-07-14
4618,39,11,9,2024-07-18,2024-07-20,2024-08-12
4619,39,11,9,2024-08-01,2024-08-04,2024-08-26
4620,39,11,7,2024-08-08,2024-08-11,2024-09-02
4621,39,11,9,2024-08-27,2024-08-29,2024-09-21
4622,39,11,9,2024-09-11,2024-09-12,2024-10-06
4623,39,11,9,2024-10-01,2024-10-04,2024-10-26
4624,39,23,9,2024-10-21,2024-10-22,2024-11-15
4625,39,11,9,2024-11-20,2024-11-23,2024-12-15
4626,39,23,7,2024-12-06,2024-12-07,2024-12-31
4627,39,23,7,2024-12-22,2024-12-24,2025-01-16
4628,39,23,9,2025-01-10,2025-01-11,2025-02-04
4629,39,11,9,2025-01-23,2025-01-24,2025-02-17
4630,39,11,9,2025-02-16,2025-02-18,2025-03-13
4631,39,11,9,2025-02-23,2025-02-24,2025-03-20
4632,39,23,7,2025-03-22,2025-03-25,2025-04-16
4633,39,23,7,2025-04-06,2025-04-09,2025-05-01
4634,39,11,9,2025-04-25,2025-04-27,2025-05-20
4635,39,11,7,2025-05-17,2025-05-18,2025-06-11
4636,39,23,9,2025-05-26,2025-05-28,2025-06-20
4637,39,23,7,2025-06-08,2025-06-11,2025-07-03
4638,39,23,9,2025-06-29,2025-06-30,2025-07-24
4639,39,23,7,2025-07-30,2025-08-02,2025-08-24
4640,39,11,9,2025-08-09,2025-08-11,2025-09-03
4641,39,11,9,2025-08-23,2025-08-24,2025-09-17
4642,39,23,7,2025-09-09,2025-09-12,2025-10-04
4643,39,23,7,2025-10-11,2025-10-12,2025-11-05
4644,39,11,9,2025-10-20,2025-10-22,2025-11-14
4645,39,11,9,2025-11-10,2025-11-11,2025-12-05
4646,39,11,7,2025-11-23,2025-11-25,2025-12-18
4647,39,11,7,2025-12-18,2025-12-21,2026-01-12
4648,39,11,7,2026-01-05,2026-01-07,2026-01-30
4649,39,23,7,2026-01-17,2026-01-18,2026-02-11
4650,39,11,9,2026-02-14,2026-02-16,2026-03-11
4651,39,11,9,2026-02-17,2026-02-18,2026-03-14
4652,39,23,7,2026-03-10,2026-03-11,2026-04-04
4653,39,23,9,2026-03-29,2026-03-30,2026-04-23
4654,39,11,7,2026-04-20,2026-04-23,2026-05-15
4655,39,23,7,2026-05-12,2026-05-13,2026-06-06
4656,39,23,9,2026-05-22,2026-05-24,2026-06-16
4657,39,11,7,2026-06-09,2026-06-10,2026-07-04
4658,39,11,10,2024-07-01,2024-07-02,2024-07-26
4659,39,23,10,2024-07-25,2024-07-27,2024-08-19
4660,39,11,10,2024-08-13,2024-08-14,2024-09-07
4661,39,11,10,2024-09-05,2024-09-06,2024-09-30
4662,39,23,10,2024-09-27,2024-09-29,2024-10-22
4663,39,23,10,2024-10-13,2024-10-14,2024-11-07
4664,39,23,10,2024-10-20,2024-10-23,2024-11-14
4665,39,23,10,2024-11-15,2024-11-18,2024-12-10
4666,39,23,10,2024-11-23,2024-11-26,2024-12-18
4667,39,23,10,2024-12-18,2024-12-19,2025-01-12
4668,39,11,10,2025-01-14,2025-01-16,2025-02-08
4669,39,23,10,2025-01-28,2025-01-29,2025-02-22
4670,39,23,10,2025-02-16,2025-02-17,2025-03-13
4671,39,23,10,2025-02-22,2025-02-24,2025-03-19
4672,39,11,10,2025-03-19,2025-03-22,2025-04-13
4673,39,11,10,2025-04-04,2025-04-07,2025-04-29
4674,39,23,10,2025-04-28,2025-05-01,2025-05-23
4675,39,23,10,2025-05-09,2025-05-11,2025-06-03
4676,39,23,10,2025-06-06,2025-06-09,2025-07-01
4677,39,11,10,2025-06-11,2025-06-14,2025-07-06
4678,39,23,10,2025-06-26,2025-06-27,2025-07-21
4679,39,11,10,2025-07-28,2025-07-31,2025-08-22
4680,39,23,10,2025-08-10,2025-08-11,2025-09-04
4681,39,11,10,2025-08-29,2025-09-01,2025-09-23
4682,39,23,10,2025-09-10,2025-09-11,2025-10-05
4683,39,11,10,2025-09-24,2025-09-27,2025-10-19
4684,39,23,10,2025-10-23,2025-10-25,2025-11-17
4685,39,23,10,2025-11-07,2025-11-09,2025-12-02
4686,39,23,10,2025-12-01,2025-12-02,2025-12-26
4687,39,23,10,2025-12-20,2025-12-23,2026-01-14
4688,39,11,10,2026-01-07,2026-01-09,2026-02-01
4689,39,11,10,2026-01-12,2026-01-15,2026-02-06
4690,39,23,10,2026-02-06,2026-02-07,2026-03-03
4691,39,23,10,2026-02-20,2026-02-22,2026-03-17
4692,39,11,10,2026-03-10,2026-03-13,2026-04-04
4693,39,11,10,2026-04-01,2026-04-03,2026-04-26
4694,39,11,10,2026-04-15,2026-04-17,2026-05-10
4695,39,11,10,2026-05-06,2026-05-09,2026-05-31
4696,39,23,10,2026-05-28,2026-05-31,2026-06-22
4697,39,23,10,2026-06-20,2026-06-22,2026-07-15
4698,39,11,10,2026-06-29,2026-06-30,2026-07-24
4699,40,8,6,2024-08-30,2024-09-01,2026-03-09
4700,40,8,5,2024-11-30,2024-12-01,2026-06-09
4701,40,8,5,2025-06-05,2025-06-07,2026-12-13
4702,40,8,5,2025-09-08,2025-09-11,2027-03-18
4703,40,8,6,2025-12-24,2025-12-26,2027-07-03
4704,40,8,4,2026-05-29,2026-05-30,2027-12-06
4705,41,16,2,2024-09-19,2024-09-20,2025-04-23
4706,41,16,4,2024-12-22,2024-12-25,2025-07-26
4707,41,16,2,2025-05-14,2025-05-15,2025-12-16
4708,41,16,6,2025-07-20,2025-07-21,2026-02-21
4709,41,16,6,2025-11-18,2025-11-19,2026-06-22
4710,41,16,6,2026-02-25,2026-02-27,2026-09-29
4711,41,16,4,2026-06-24,2026-06-26,2027-01-26
4712,42,6,1,2024-07-12,2024-07-14,2024-09-29
4713,42,6,3,2024-10-14,2024-10-15,2025-01-01
4714,42,6,3,2024-12-24,2024-12-25,2025-03-13
4715,42,23,3,2025-02-06,2025-02-09,2025-04-26
4716,42,6,1,2025-03-12,2025-03-13,2025-05-30
4717,42,6,3,2025-06-10,2025-06-13,2025-08-28
4718,42,23,1,2025-07-22,2025-07-23,2025-10-09
4719,42,6,3,2025-09-19,2025-09-22,2025-12-07
4720,42,6,3,2025-10-16,2025-10-17,2026-01-03
4721,42,23,1,2025-12-28,2025-12-29,2026-03-17
4722,42,6,3,2026-03-09,2026-03-12,2026-05-27
4723,42,23,3,2026-06-04,2026-06-07,2026-08-22
4724,42,23,3,2026-06-22,2026-06-25,2026-09-09
4725,42,6,4,2024-07-29,2024-07-30,2024-10-16
4726,42,6,4,2024-10-16,2024-10-17,2025-01-03
4727,42,23,4,2024-11-07,2024-11-10,2025-01-25
4728,42,6,4,2025-01-29,2025-01-31,2025-04-18
4729,42,23,4,2025-03-07,2025-03-09,2025-05-25
4730,42,23,4,2025-06-05,2025-06-06,2025-08-23
4731,42,23,4,2025-08-13,2025-08-16,2025-10-31
4732,42,6,4,2025-09-13,2025-09-15,2025-12-01
4733,42,6,4,2025-10-21,2025-10-22,2026-01-08
4734,42,6,4,2026-01-19,2026-01-21,2026-04-08
4735,42,23,4,2026-03-07,2026-03-09,2026-05-25
4736,42,6,4,2026-04-13,2026-04-16,2026-07-01
4737,42,23,4,2026-06-10,2026-06-13,2026-08-28
4738,42,23,5,2024-08-08,2024-08-11,2024-10-26
4739,42,6,5,2024-10-22,2024-10-24,2025-01-09
4740,42,23,5,2024-11-27,2024-11-28,2025-02-14
4741,42,23,5,2025-01-30,2025-01-31,2025-04-19
4742,42,6,5,2025-02-24,2025-02-26,2025-05-14
4743,42,6,5,2025-05-09,2025-05-10,2025-07-27
4744,42,6,5,2025-07-13,2025-07-14,2025-09-30
4745,42,6,5,2025-09-18,2025-09-19,2025-12-06
4746,42,6,5,2025-11-20,2025-11-22,2026-02-07
4747,42,6,5,2026-01-02,2026-01-03,2026-03-22
4748,42,23,5,2026-03-01,2026-03-04,2026-05-19
4749,42,6,5,2026-04-27,2026-04-29,2026-07-15
4750,42,6,5,2026-06-15,2026-06-16,2026-09-02
4751,42,23,9,2024-08-26,2024-08-28,2024-11-13
4752,42,23,7,2024-10-24,2024-10-26,2025-01-11
4753,42,6,9,2024-11-29,2024-12-02,2025-02-16
4754,42,6,9,2025-02-01,2025-02-02,2025-04-21
4755,42,23,9,2025-04-09,2025-04-11,2025-06-27
4756,42,23,9,2025-05-04,2025-05-06,2025-07-22
4757,42,6,9,2025-08-15,2025-08-17,2025-11-02
4758,42,6,7,2025-08-18,2025-08-20,2025-11-05
4759,42,23,9,2025-11-29,2025-12-01,2026-02-16
4760,42,6,7,2025-12-31,2026-01-03,2026-03-20
4761,42,6,9,2026-03-10,2026-03-11,2026-05-28
4762,42,23,7,2026-05-26,2026-05-29,2026-08-13
4763,42,23,10,2024-07-20,2024-07-23,2024-10-07
4764,42,23,10,2024-10-26,2024-10-29,2025-01-13
4765,42,6,10,2024-10-31,2024-11-01,2025-01-18
4766,42,23,10,2025-02-06,2025-02-09,2025-04-26
4767,42,6,10,2025-04-20,2025-04-23,2025-07-08
4768,42,6,10,2025-06-13,2025-06-14,2025-08-31
4769,42,23,10,2025-06-30,2025-07-02,2025-09-17
4770,42,6,10,2025-08-30,2025-08-31,2025-11-17
4771,42,23,10,2025-12-03,2025-12-04,2026-02-20
4772,42,23,10,2025-12-31,2026-01-01,2026-03-20
4773,42,6,10,2026-02-12,2026-02-13,2026-05-02
4774,42,23,10,2026-05-18,2026-05-19,2026-08-05
4775,43,23,1,2024-07-03,2024-07-06,2024-07-13
4776,43,23,3,2024-07-11,2024-07-14,2024-07-21
4777,43,1,3,2024-07-19,2024-07-22,2024-07-29
4778,43,1,3,2024-07-23,2024-07-24,2024-08-02
4779,43,23,1,2024-07-29,2024-07-31,2024-08-08
4780,43,23,3,2024-08-08,2024-08-10,2024-08-18
4781,43,1,3,2024-08-12,2024-08-15,2024-08-22
4782,43,1,1,2024-08-22,2024-08-23,2024-09-01
4783,43,23,3,2024-08-27,2024-08-30,2024-09-06
4784,43,1,1,2024-09-06,2024-09-09,2024-09-16
4785,43,23,1,2024-09-15,2024-09-18,2024-09-25
4786,43,23,3,2024-09-22,2024-09-24,2024-10-02
4787,43,1,3,2024-09-28,2024-10-01,2024-10-08
4788,43,1,3,2024-10-05,2024-10-08,2024-10-15
4789,43,1,3,2024-10-12,2024-10-14,2024-10-22
4790,43,23,1,2024-10-18,2024-10-20,2024-10-28
4791,43,23,1,2024-10-27,2024-10-30,2024-11-06
4792,43,23,3,2024-10-28,2024-10-30,2024-11-07
4793,43,23,3,2024-11-06,2024-11-09,2024-11-16
4794,43,23,1,2024-11-14,2024-11-15,2024-11-24
4795,43,1,1,2024-11-18,2024-11-21,2024-11-28
4796,43,1,1,2024-11-26,2024-11-28,2024-12-06
4797,43,23,3,2024-12-07,2024-12-09,2024-12-17
4798,43,1,1,2024-12-15,2024-12-18,2024-12-25
4799,43,23,3,2024-12-18,2024-12-19,2024-12-28
4800,43,1,3,2024-12-28,2024-12-31,2025-01-07
4801,43,23,1,2025-01-05,2025-01-06,2025-01-15
4802,43,23,3,2025-01-09,2025-01-11,2025-01-19
4803,43,1,1,2025-01-14,2025-01-15,2025-01-24
4804,43,23,1,2025-01-23,2025-01-26,2025-02-02
4805,43,1,3,2025-01-27,2025-01-28,2025-02-06
4806,43,23,3,2025-02-09,2025-02-10,2025-02-19
4807,43,23,1,2025-02-12,2025-02-14,2025-02-22
4808,43,1,1,2025-02-21,2025-02-24,2025-03-03
4809,43,23,1,2025-03-02,2025-03-03,2025-03-12
4810,43,23,3,2025-03-04,2025-03-06,2025-03-14
4811,43,1,3,2025-03-10,2025-03-12,2025-03-20
4812,43,1,1,2025-03-23,2025-03-25,2025-04-02
4813,43,23,3,2025-03-28,2025-03-31,2025-04-07
4814,43,23,1,2025-03-31,2025-04-02,2025-04-10
4815,43,23,1,2025-04-11,2025-04-12,2025-04-21
4816,43,1,1,2025-04-14,2025-04-17,2025-04-24
4817,43,1,3,2025-04-23,2025-04-26,2025-05-03
4818,43,1,3,2025-04-29,2025-05-01,2025-05-09
4819,43,23,1,2025-05-07,2025-05-09,2025-05-17
4820,43,1,1,2025-05-12,2025-05-14,2025-05-22
4821,43,1,1,2025-05-20,2025-05-21,2025-05-30
4822,43,1,3,2025-05-27,2025-05-30,2025-06-06
4823,43,1,1,2025-06-04,2025-06-07,2025-06-14
4824,43,1,1,2025-06-09,2025-06-10,2025-06-19
4825,43,1,3,2025-06-16,2025-06-18,2025-06-26
4826,43,23,1,2025-06-23,2025-06-26,2025-07-03
4827,43,23,1,2025-07-02,2025-07-03,2025-07-12
4828,43,1,3,2025-07-10,2025-07-11,2025-07-20
4829,43,23,1,2025-07-20,2025-07-23,2025-07-30
4830,43,23,3,2025-07-23,2025-07-24,2025-08-02
4831,43,1,3,2025-08-02,2025-08-05,2025-08-12
4832,43,1,1,2025-08-08,2025-08-11,2025-08-18
4833,43,1,3,2025-08-14,2025-08-15,2025-08-24
4834,43,1,3,2025-08-23,2025-08-26,2025-09-02
4835,43,1,1,2025-08-31,2025-09-02,2025-09-10
4836,43,23,1,2025-09-03,2025-09-06,2025-09-13
4837,43,23,3,2025-09-11,2025-09-14,2025-09-21
4838,43,23,1,2025-09-20,2025-09-22,2025-09-30
4839,43,1,3,2025-09-25,2025-09-27,2025-10-05
4840,43,1,3,2025-10-04,2025-10-07,2025-10-14
4841,43,1,3,2025-10-09,2025-10-11,2025-10-19
4842,43,1,3,2025-10-18,2025-10-19,2025-10-28
4843,43,1,1,2025-10-23,2025-10-24,2025-11-02
4844,43,23,3,2025-10-30,2025-11-01,2025-11-09
4845,43,1,3,2025-11-09,2025-11-10,2025-11-19
4846,43,1,1,2025-11-14,2025-11-15,2025-11-24
4847,43,23,3,2025-11-17,2025-11-18,2025-11-27
4848,43,23,3,2025-11-27,2025-11-30,2025-12-07
4849,43,23,3,2025-12-01,2025-12-02,2025-12-11
4850,43,1,1,2025-12-11,2025-12-13,2025-12-21
4851,43,1,1,2025-12-19,2025-12-22,2025-12-29
4852,43,23,3,2025-12-25,2025-12-27,2026-01-04
4853,43,1,1,2025-12-31,2026-01-02,2026-01-10
4854,43,1,3,2026-01-07,2026-01-08,2026-01-17
4855,43,23,1,2026-01-16,2026-01-18,2026-01-26
4856,43,1,1,2026-01-21,2026-01-22,2026-01-31
4857,43,1,3,2026-01-30,2026-02-02,2026-02-09
4858,43,23,1,2026-02-02,2026-02-04,2026-02-12
4859,43,23,1,2026-02-12,2026-02-15,2026-02-22
4860,43,23,3,2026-02-16,2026-02-19,2026-02-26
4861,43,23,3,2026-02-23,2026-02-25,2026-03-05
4862,43,23,3,2026-03-03,2026-03-05,2026-03-13
4863,43,1,3,2026-03-14,2026-03-15,2026-03-24
4864,43,23,3,2026-03-18,2026-03-21,2026-03-28
4865,43,23,1,2026-03-29,2026-03-31,2026-04-08
4866,43,23,1,2026-04-02,2026-04-04,2026-04-12
4867,43,23,3,2026-04-07,2026-04-10,2026-04-17
4868,43,1,3,2026-04-18,2026-04-19,2026-04-28
4869,43,1,3,2026-04-23,2026-04-25,2026-05-03
4870,43,1,3,2026-04-28,2026-05-01,2026-05-08
4871,43,23,3,2026-05-08,2026-05-11,2026-05-18
4872,43,23,1,2026-05-16,2026-05-18,2026-05-26
4873,43,23,1,2026-05-21,2026-05-22,2026-05-31
4874,43,1,1,2026-05-30,2026-05-31,2026-06-09
4875,43,23,3,2026-06-06,2026-06-08,2026-06-16
4876,43,1,1,2026-06-13,2026-06-16,2026-06-23
4877,43,1,3,2026-06-15,2026-06-17,2026-06-25
4878,43,1,3,2026-06-27,2026-06-30,2026-07-07
4879,43,1,3,2026-06-30,2026-07-02,2026-07-10
4880,43,1,4,2024-07-03,2024-07-05,2024-07-13
4881,43,23,4,2024-07-10,2024-07-12,2024-07-20
4882,43,23,4,2024-07-15,2024-07-18,2024-07-25
4883,43,23,4,2024-07-24,2024-07-27,2024-08-03
4884,43,1,4,2024-07-29,2024-08-01,2024-08-08
4885,43,1,4,2024-08-11,2024-08-13,2024-08-21
4886,43,23,4,2024-08-15,2024-08-17,2024-08-25
4887,43,1,4,2024-08-23,2024-08-26,2024-09-02
4888,43,23,4,2024-08-27,2024-08-28,2024-09-06
4889,43,23,4,2024-09-05,2024-09-06,2024-09-15
4890,43,1,4,2024-09-15,2024-09-17,2024-09-25
4891,43,1,4,2024-09-21,2024-09-22,2024-10-01
4892,43,1,4,2024-09-29,2024-10-02,2024-10-09
4893,43,1,4,2024-10-03,2024-10-05,2024-10-13
4894,43,23,4,2024-10-11,2024-10-12,2024-10-21
4895,43,1,4,2024-10-14,2024-10-16,2024-10-24
4896,43,1,4,2024-10-23,2024-10-24,2024-11-02
4897,43,23,4,2024-11-01,2024-11-04,2024-11-11
4898,43,1,4,2024-11-08,2024-11-11,2024-11-18
4899,43,1,4,2024-11-13,2024-11-16,2024-11-23
4900,43,1,4,2024-11-22,2024-11-24,2024-12-02
4901,43,23,4,2024-11-28,2024-11-30,2024-12-08
4902,43,23,4,2024-12-02,2024-12-03,2024-12-12
4903,43,1,4,2024-12-12,2024-12-15,2024-12-22
4904,43,23,4,2024-12-16,2024-12-18,2024-12-26
4905,43,23,4,2024-12-29,2024-12-30,2025-01-08
4906,43,23,4,2024-12-30,2025-01-01,2025-01-09
4907,43,1,4,2025-01-09,2025-01-12,2025-01-19
4908,43,23,4,2025-01-16,2025-01-19,2025-01-26
4909,43,1,4,2025-01-22,2025-01-24,2025-02-01
4910,43,23,4,2025-02-01,2025-02-03,2025-02-11
4911,43,1,4,2025-02-04,2025-02-06,2025-02-14
4912,43,23,4,2025-02-13,2025-02-14,2025-02-23
4913,43,1,4,2025-02-18,2025-02-19,2025-02-28
4914,43,1,4,2025-02-25,2025-02-26,2025-03-07
4915,43,23,4,2025-03-09,2025-03-10,2025-03-19
4916,43,23,4,2025-03-14,2025-03-17,2025-03-24
4917,43,23,4,2025-03-18,2025-03-21,2025-03-28
4918,43,1,4,2025-03-28,2025-03-29,2025-04-07
4919,43,1,4,2025-04-06,2025-04-09,2025-04-16
4920,43,23,4,2025-04-12,2025-04-13,2025-04-22
4921,43,1,4,2025-04-17,2025-04-19,2025-04-27
4922,43,23,4,2025-04-26,2025-04-27,2025-05-06
4923,43,1,4,2025-04-28,2025-04-29,2025-05-08
4924,43,1,4,2025-05-05,2025-05-06,2025-05-15
4925,43,1,4,2025-05-15,2025-05-18,2025-05-25
4926,43,1,4,2025-05-19,2025-05-22,2025-05-29
4927,43,1,4,2025-05-28,2025-05-31,2025-06-07
4928,43,1,4,2025-06-08,2025-06-09,2025-06-18
4929,43,1,4,2025-06-10,2025-06-12,2025-06-20
4930,43,1,4,2025-06-18,2025-06-20,2025-06-28
4931,43,23,4,2025-06-25,2025-06-26,2025-07-05
4932,43,1,4,2025-07-03,2025-07-06,2025-07-13
4933,43,23,4,2025-07-07,2025-07-10,2025-07-17
4934,43,1,4,2025-07-18,2025-07-19,2025-07-28
4935,43,1,4,2025-07-23,2025-07-26,2025-08-02
4936,43,23,4,2025-07-29,2025-07-31,2025-08-08
4937,43,1,4,2025-08-04,2025-08-05,2025-08-14
4938,43,23,4,2025-08-17,2025-08-18,2025-08-27
4939,43,1,4,2025-08-21,2025-08-22,2025-08-31
4940,43,1,4,2025-08-27,2025-08-28,2025-09-06
4941,43,1,4,2025-09-02,2025-09-05,2025-09-12
4942,43,1,4,2025-09-14,2025-09-17,2025-09-24
4943,43,23,4,2025-09-15,2025-09-16,2025-09-25
4944,43,1,4,2025-09-23,2025-09-24,2025-10-03
4945,43,23,4,2025-10-05,2025-10-08,2025-10-15
4946,43,1,4,2025-10-12,2025-10-13,2025-10-22
4947,43,1,4,2025-10-15,2025-10-17,2025-10-25
4948,43,1,4,2025-10-21,2025-10-24,2025-10-31
4949,43,1,4,2025-11-01,2025-11-04,2025-11-11
4950,43,1,4,2025-11-08,2025-11-11,2025-11-18
4951,43,1,4,2025-11-12,2025-11-15,2025-11-22
4952,43,23,4,2025-11-23,2025-11-25,2025-12-03
4953,43,23,4,2025-11-27,2025-11-29,2025-12-07
4954,43,1,4,2025-12-03,2025-12-06,2025-12-13
4955,43,23,4,2025-12-13,2025-12-16,2025-12-23
4956,43,1,4,2025-12-18,2025-12-21,2025-12-28
4957,43,23,4,2025-12-28,2025-12-30,2026-01-07
4958,43,23,4,2026-01-01,2026-01-02,2026-01-11
4959,43,23,4,2026-01-06,2026-01-08,2026-01-16
4960,43,23,4,2026-01-18,2026-01-21,2026-01-28
4961,43,1,4,2026-01-20,2026-01-22,2026-01-30
4962,43,23,4,2026-01-29,2026-01-30,2026-02-08
4963,43,23,4,2026-02-04,2026-02-06,2026-02-14
4964,43,1,4,2026-02-14,2026-02-16,2026-02-24
4965,43,1,4,2026-02-17,2026-02-18,2026-02-27
4966,43,23,4,2026-02-23,2026-02-26,2026-03-05
4967,43,23,4,2026-03-03,2026-03-06,2026-03-13
4968,43,1,4,2026-03-14,2026-03-16,2026-03-24
4969,43,1,4,2026-03-17,2026-03-18,2026-03-27
4970,43,23,4,2026-03-27,2026-03-28,2026-04-06
4971,43,23,4,2026-04-03,2026-04-06,2026-04-13
4972,43,1,4,2026-04-07,2026-04-09,2026-04-17
4973,43,1,4,2026-04-17,2026-04-19,2026-04-27
4974,43,23,4,2026-04-26,2026-04-28,2026-05-06
4975,43,23,4,2026-04-29,2026-04-30,2026-05-09
4976,43,23,4,2026-05-05,2026-05-07,2026-05-15
4977,43,1,4,2026-05-13,2026-05-14,2026-05-23
4978,43,23,4,2026-05-23,2026-05-26,2026-06-02
4979,43,1,4,2026-05-31,2026-06-03,2026-06-10
4980,43,23,4,2026-06-05,2026-06-06,2026-06-15
4981,43,23,4,2026-06-10,2026-06-13,2026-06-20
4982,43,1,4,2026-06-17,2026-06-20,2026-06-27
4983,43,1,4,2026-06-22,2026-06-25,2026-07-02
4984,43,1,5,2024-07-02,2024-07-05,2024-07-12
4985,43,1,5,2024-07-10,2024-07-12,2024-07-20
4986,43,1,5,2024-07-15,2024-07-18,2024-07-25
4987,43,23,5,2024-07-27,2024-07-29,2024-08-06
4988,43,1,5,2024-07-30,2024-07-31,2024-08-09
4989,43,1,5,2024-08-07,2024-08-08,2024-08-17
4990,43,23,5,2024-08-13,2024-08-15,2024-08-23
4991,43,1,5,2024-08-19,2024-08-22,2024-08-29
4992,43,1,5,2024-08-30,2024-08-31,2024-09-09
4993,43,1,5,2024-09-06,2024-09-09,2024-09-16
4994,43,23,5,2024-09-10,2024-09-12,2024-09-20
4995,43,1,5,2024-09-17,2024-09-18,2024-09-27
4996,43,23,5,2024-09-25,2024-09-28,2024-10-05
4997,43,23,5,2024-10-03,2024-10-04,2024-10-13
4998,43,1,5,2024-10-07,2024-10-09,2024-10-17
4999,43,23,5,2024-10-17,2024-10-18,2024-10-27
5000,43,23,5,2024-10-27,2024-10-29,2024-11-06
5001,43,23,5,2024-11-03,2024-11-06,2024-11-13
5002,43,23,5,2024-11-08,2024-11-11,2024-11-18
5003,43,1,5,2024-11-11,2024-11-13,2024-11-21
5004,43,23,5,2024-11-20,2024-11-21,2024-11-30
5005,43,1,5,2024-11-29,2024-12-02,2024-12-09
5006,43,1,5,2024-12-06,2024-12-07,2024-12-16
5007,43,23,5,2024-12-14,2024-12-16,2024-12-24
5008,43,1,5,2024-12-20,2024-12-23,2024-12-30
5009,43,23,5,2024-12-25,2024-12-28,2025-01-04
5010,43,1,5,2025-01-02,2025-01-05,2025-01-12
5011,43,23,5,2025-01-07,2025-01-08,2025-01-17
5012,43,1,5,2025-01-14,2025-01-16,2025-01-24
5013,43,23,5,2025-01-26,2025-01-27,2025-02-05
5014,43,1,5,2025-01-30,2025-02-01,2025-02-09
5015,43,23,5,2025-02-09,2025-02-11,2025-02-19
5016,43,23,5,2025-02-13,2025-02-15,2025-02-23
5017,43,23,5,2025-02-17,2025-02-18,2025-02-27
5018,43,1,5,2025-02-28,2025-03-01,2025-03-10
5019,43,23,5,2025-03-04,2025-03-07,2025-03-14
5020,43,23,5,2025-03-15,2025-03-17,2025-03-25
5021,43,1,5,2025-03-23,2025-03-25,2025-04-02
5022,43,23,5,2025-03-30,2025-03-31,2025-04-09
5023,43,1,5,2025-04-02,2025-04-03,2025-04-12
5024,43,23,5,2025-04-09,2025-04-10,2025-04-19
5025,43,23,5,2025-04-17,2025-04-20,2025-04-27
5026,43,1,5,2025-04-21,2025-04-23,2025-05-01
5027,43,1,5,2025-05-01,2025-05-03,2025-05-11
5028,43,1,5,2025-05-08,2025-05-11,2025-05-18
5029,43,23,5,2025-05-17,2025-05-18,2025-05-27
5030,43,1,5,2025-05-23,2025-05-25,2025-06-02
5031,43,1,5,2025-05-27,2025-05-29,2025-06-06
5032,43,23,5,2025-06-03,2025-06-04,2025-06-13
5033,43,23,5,2025-06-09,2025-06-10,2025-06-19
5034,43,23,5,2025-06-16,2025-06-18,2025-06-26
5035,43,1,5,2025-06-24,2025-06-25,2025-07-04
5036,43,1,5,2025-06-30,2025-07-02,2025-07-10
5037,43,1,5,2025-07-11,2025-07-14,2025-07-21
5038,43,23,5,2025-07-18,2025-07-19,2025-07-28
5039,43,23,5,2025-07-27,2025-07-28,2025-08-06
5040,43,23,5,2025-07-31,2025-08-03,2025-08-10
5041,43,23,5,2025-08-10,2025-08-11,2025-08-20
5042,43,1,5,2025-08-15,2025-08-17,2025-08-25
5043,43,1,5,2025-08-22,2025-08-25,2025-09-01
5044,43,23,5,2025-08-29,2025-08-30,2025-09-08
5045,43,1,5,2025-09-04,2025-09-05,2025-09-14
5046,43,1,5,2025-09-09,2025-09-12,2025-09-19
5047,43,23,5,2025-09-21,2025-09-22,2025-10-01
5048,43,23,5,2025-09-26,2025-09-28,2025-10-06
5049,43,23,5,2025-10-03,2025-10-04,2025-10-13
5050,43,1,5,2025-10-08,2025-10-10,2025-10-18
5051,43,23,5,2025-10-18,2025-10-20,2025-10-28
5052,43,23,5,2025-10-24,2025-10-25,2025-11-03
5053,43,1,5,2025-11-02,2025-11-04,2025-11-12
5054,43,1,5,2025-11-04,2025-11-06,2025-11-14
5055,43,23,5,2025-11-12,2025-11-15,2025-11-22
5056,43,23,5,2025-11-21,2025-11-22,2025-12-01
5057,43,1,5,2025-11-26,2025-11-29,2025-12-06
5058,43,1,5,2025-12-01,2025-12-02,2025-12-11
5059,43,1,5,2025-12-11,2025-12-14,2025-12-21
5060,43,1,5,2025-12-18,2025-12-19,2025-12-28
5061,43,23,5,2025-12-27,2025-12-29,2026-01-06
5062,43,23,5,2025-12-29,2025-12-30,2026-01-08
5063,43,23,5,2026-01-11,2026-01-12,2026-01-21
5064,43,1,5,2026-01-17,2026-01-19,2026-01-27
5065,43,23,5,2026-01-24,2026-01-27,2026-02-03
5066,43,23,5,2026-01-29,2026-02-01,2026-02-08
5067,43,1,5,2026-02-03,2026-02-05,2026-02-13
5068,43,23,5,2026-02-10,2026-02-12,2026-02-20
5069,43,1,5,2026-02-20,2026-02-21,2026-03-02
5070,43,1,5,2026-03-01,2026-03-03,2026-03-11
5071,43,23,5,2026-03-05,2026-03-07,2026-03-15
5072,43,1,5,2026-03-09,2026-03-12,2026-03-19
5073,43,1,5,2026-03-16,2026-03-18,2026-03-26
5074,43,23,5,2026-03-28,2026-03-30,2026-04-07
5075,43,1,5,2026-04-04,2026-04-05,2026-04-14
5076,43,23,5,2026-04-09,2026-04-12,2026-04-19
5077,43,1,5,2026-04-16,2026-04-18,2026-04-26
5078,43,23,5,2026-04-23,2026-04-24,2026-05-03
5079,43,1,5,2026-04-28,2026-04-29,2026-05-08
5080,43,1,5,2026-05-10,2026-05-13,2026-05-20
5081,43,23,5,2026-05-13,2026-05-14,2026-05-23
5082,43,23,5,2026-05-24,2026-05-26,2026-06-03
5083,43,1,5,2026-05-26,2026-05-27,2026-06-05
5084,43,23,5,2026-06-05,2026-06-08,2026-06-15
5085,43,1,5,2026-06-09,2026-06-11,2026-06-19
5086,43,23,5,2026-06-21,2026-06-24,2026-07-01
5087,43,23,5,2026-06-22,2026-06-24,2026-07-02
5088,43,1,5,2026-06-29,2026-07-01,2026-07-09
5089,43,23,9,2024-07-01,2024-07-03,2024-07-11
5090,43,1,7,2024-07-10,2024-07-12,2024-07-20
5091,43,1,7,2024-07-19,2024-07-20,2024-07-29
5092,43,1,9,2024-07-25,2024-07-27,2024-08-04
5093,43,23,9,2024-07-31,2024-08-01,2024-08-10
5094,43,1,9,2024-08-07,2024-08-09,2024-08-17
5095,43,23,7,2024-08-16,2024-08-18,2024-08-26
5096,43,23,9,2024-08-22,2024-08-23,2024-09-01
5097,43,23,7,2024-08-29,2024-08-30,2024-09-08
5098,43,1,9,2024-09-02,2024-09-05,2024-09-12
5099,43,1,7,2024-09-13,2024-09-15,2024-09-23
5100,43,1,9,2024-09-17,2024-09-20,2024-09-27
5101,43,1,9,2024-09-23,2024-09-26,2024-10-03
5102,43,23,7,2024-10-04,2024-10-07,2024-10-14
5103,43,23,9,2024-10-11,2024-10-13,2024-10-21
5104,43,23,9,2024-10-18,2024-10-19,2024-10-28
5105,43,1,7,2024-10-26,2024-10-28,2024-11-05
5106,43,1,7,2024-11-03,2024-11-04,2024-11-13
5107,43,1,7,2024-11-09,2024-11-11,2024-11-19
5108,43,1,9,2024-11-13,2024-11-15,2024-11-23
5109,43,1,9,2024-11-24,2024-11-25,2024-12-04
5110,43,23,9,2024-12-01,2024-12-03,2024-12-11
5111,43,1,7,2024-12-08,2024-12-11,2024-12-18
5112,43,23,7,2024-12-15,2024-12-18,2024-12-25
5113,43,1,9,2024-12-20,2024-12-21,2024-12-30
5114,43,23,9,2024-12-29,2024-12-31,2025-01-08
5115,43,1,7,2025-01-01,2025-01-02,2025-01-11
5116,43,23,7,2025-01-06,2025-01-09,2025-01-16
5117,43,23,7,2025-01-16,2025-01-18,2025-01-26
5118,43,1,9,2025-01-20,2025-01-21,2025-01-30
5119,43,23,7,2025-02-01,2025-02-03,2025-02-11
5120,43,1,7,2025-02-05,2025-02-07,2025-02-15
5121,43,1,7,2025-02-16,2025-02-18,2025-02-26
5122,43,1,7,2025-02-21,2025-02-24,2025-03-03
5123,43,1,7,2025-03-01,2025-03-03,2025-03-11
5124,43,1,7,2025-03-07,2025-03-08,2025-03-17
5125,43,1,7,2025-03-16,2025-03-19,2025-03-26
5126,43,23,9,2025-03-17,2025-03-20,2025-03-27
5127,43,23,7,2025-03-24,2025-03-27,2025-04-03
5128,43,1,7,2025-04-05,2025-04-08,2025-04-15
5129,43,23,9,2025-04-11,2025-04-12,2025-04-21
5130,43,1,9,2025-04-15,2025-04-16,2025-04-25
5131,43,1,9,2025-04-23,2025-04-26,2025-05-03
5132,43,23,9,2025-05-04,2025-05-07,2025-05-14
5133,43,1,7,2025-05-11,2025-05-14,2025-05-21
5134,43,1,9,2025-05-16,2025-05-19,2025-05-26
5135,43,23,9,2025-05-21,2025-05-23,2025-05-31
5136,43,1,9,2025-05-26,2025-05-27,2025-06-05
5137,43,1,7,2025-06-08,2025-06-11,2025-06-18
5138,43,23,7,2025-06-15,2025-06-16,2025-06-25
5139,43,23,9,2025-06-19,2025-06-22,2025-06-29
5140,43,23,9,2025-06-24,2025-06-27,2025-07-04
5141,43,23,9,2025-07-04,2025-07-07,2025-07-14
5142,43,1,9,2025-07-08,2025-07-11,2025-07-18
5143,43,1,7,2025-07-20,2025-07-21,2025-07-30
5144,43,23,9,2025-07-26,2025-07-27,2025-08-05
5145,43,1,9,2025-08-02,2025-08-05,2025-08-12
5146,43,1,7,2025-08-05,2025-08-08,2025-08-15
5147,43,23,9,2025-08-13,2025-08-15,2025-08-23
5148,43,1,9,2025-08-18,2025-08-20,2025-08-28
5149,43,1,9,2025-08-30,2025-08-31,2025-09-09
5150,43,1,9,2025-09-07,2025-09-09,2025-09-17
5151,43,1,9,2025-09-11,2025-09-13,2025-09-21
5152,43,23,7,2025-09-18,2025-09-21,2025-09-28
5153,43,23,7,2025-09-24,2025-09-26,2025-10-04
5154,43,1,7,2025-10-04,2025-10-06,2025-10-14
5155,43,23,7,2025-10-11,2025-10-13,2025-10-21
5156,43,23,9,2025-10-14,2025-10-15,2025-10-24
5157,43,1,7,2025-10-25,2025-10-26,2025-11-04
5158,43,23,9,2025-10-30,2025-10-31,2025-11-09
5159,43,23,7,2025-11-07,2025-11-08,2025-11-17
5160,43,23,7,2025-11-11,2025-11-14,2025-11-21
5161,43,1,7,2025-11-21,2025-11-24,2025-12-01
5162,43,23,7,2025-11-30,2025-12-03,2025-12-10
5163,43,23,9,2025-12-05,2025-12-07,2025-12-15
5164,43,23,9,2025-12-08,2025-12-09,2025-12-18
5165,43,23,7,2025-12-15,2025-12-18,2025-12-25
5166,43,1,7,2025-12-24,2025-12-25,2026-01-03
5167,43,23,9,2026-01-01,2026-01-04,2026-01-11
5168,43,1,9,2026-01-05,2026-01-07,2026-01-15
5169,43,23,9,2026-01-12,2026-01-15,2026-01-22
5170,43,23,7,2026-01-19,2026-01-22,2026-01-29
5171,43,23,9,2026-01-31,2026-02-02,2026-02-10
5172,43,1,7,2026-02-02,2026-02-04,2026-02-12
5173,43,1,7,2026-02-13,2026-02-14,2026-02-23
5174,43,23,9,2026-02-17,2026-02-20,2026-02-27
5175,43,1,9,2026-02-24,2026-02-27,2026-03-06
5176,43,23,9,2026-03-06,2026-03-07,2026-03-16
5177,43,1,7,2026-03-14,2026-03-16,2026-03-24
5178,43,1,7,2026-03-17,2026-03-20,2026-03-27
5179,43,23,9,2026-03-27,2026-03-29,2026-04-06
5180,43,23,7,2026-04-01,2026-04-03,2026-04-11
5181,43,23,7,2026-04-06,2026-04-07,2026-04-16
5182,43,1,9,2026-04-19,2026-04-20,2026-04-29
5183,43,23,7,2026-04-26,2026-04-27,2026-05-06
5184,43,1,7,2026-05-02,2026-05-03,2026-05-12
5185,43,1,7,2026-05-10,2026-05-11,2026-05-20
5186,43,23,9,2026-05-13,2026-05-15,2026-05-23
5187,43,1,9,2026-05-23,2026-05-24,2026-06-02
5188,43,23,9,2026-05-31,2026-06-01,2026-06-10
5189,43,23,7,2026-06-05,2026-06-08,2026-06-15
5190,43,23,9,2026-06-11,2026-06-13,2026-06-21
5191,43,23,7,2026-06-17,2026-06-18,2026-06-27
5192,43,1,7,2026-06-23,2026-06-26,2026-07-03
5193,43,23,10,2024-07-02,2024-07-05,2024-07-12
5194,43,1,10,2024-07-14,2024-07-16,2024-07-24
5195,43,23,10,2024-07-21,2024-07-23,2024-07-31
5196,43,1,10,2024-07-27,2024-07-28,2024-08-06
5197,43,1,10,2024-08-01,2024-08-03,2024-08-11
5198,43,1,10,2024-08-10,2024-08-12,2024-08-20
5199,43,1,10,2024-08-17,2024-08-18,2024-08-27
5200,43,1,10,2024-08-20,2024-08-23,2024-08-30
5201,43,23,10,2024-09-01,2024-09-03,2024-09-11
5202,43,1,10,2024-09-07,2024-09-08,2024-09-17
5203,43,1,10,2024-09-09,2024-09-10,2024-09-19
5204,43,1,10,2024-09-21,2024-09-23,2024-10-01
5205,43,23,10,2024-09-27,2024-09-29,2024-10-07
5206,43,1,10,2024-10-02,2024-10-03,2024-10-12
5207,43,1,10,2024-10-09,2024-10-12,2024-10-19
5208,43,23,10,2024-10-17,2024-10-19,2024-10-27
5209,43,23,10,2024-10-21,2024-10-24,2024-10-31
5210,43,23,10,2024-10-31,2024-11-01,2024-11-10
5211,43,1,10,2024-11-05,2024-11-06,2024-11-15
5212,43,23,10,2024-11-14,2024-11-17,2024-11-24
5213,43,23,10,2024-11-24,2024-11-27,2024-12-04
5214,43,23,10,2024-11-27,2024-11-28,2024-12-07
5215,43,23,10,2024-12-07,2024-12-09,2024-12-17
5216,43,23,10,2024-12-09,2024-12-12,2024-12-19
5217,43,1,10,2024-12-20,2024-12-23,2024-12-30
5218,43,1,10,2024-12-27,2024-12-29,2025-01-06
5219,43,1,10,2025-01-05,2025-01-08,2025-01-15
5220,43,1,10,2025-01-09,2025-01-10,2025-01-19
5221,43,23,10,2025-01-15,2025-01-17,2025-01-25
5222,43,1,10,2025-01-25,2025-01-28,2025-02-04
5223,43,1,10,2025-01-29,2025-01-30,2025-02-08
5224,43,1,10,2025-02-03,2025-02-04,2025-02-13
5225,43,23,10,2025-02-10,2025-02-11,2025-02-20
5226,43,1,10,2025-02-20,2025-02-22,2025-03-02
5227,43,23,10,2025-02-28,2025-03-01,2025-03-10
5228,43,23,10,2025-03-08,2025-03-11,2025-03-18
5229,43,1,10,2025-03-11,2025-03-12,2025-03-21
5230,43,1,10,2025-03-21,2025-03-23,2025-03-31
5231,43,23,10,2025-03-30,2025-03-31,2025-04-09
5232,43,23,10,2025-04-05,2025-04-06,2025-04-15
5233,43,1,10,2025-04-08,2025-04-09,2025-04-18
5234,43,23,10,2025-04-19,2025-04-22,2025-04-29
5235,43,23,10,2025-04-24,2025-04-26,2025-05-04
5236,43,23,10,2025-05-02,2025-05-04,2025-05-12
5237,43,23,10,2025-05-11,2025-05-13,2025-05-21
5238,43,23,10,2025-05-12,2025-05-14,2025-05-22
5239,43,23,10,2025-05-20,2025-05-21,2025-05-30
5240,43,1,10,2025-05-30,2025-05-31,2025-06-09
5241,43,1,10,2025-06-08,2025-06-11,2025-06-18
5242,43,1,10,2025-06-09,2025-06-12,2025-06-19
5243,43,1,10,2025-06-18,2025-06-19,2025-06-28
5244,43,1,10,2025-06-23,2025-06-26,2025-07-03
5245,43,23,10,2025-07-04,2025-07-07,2025-07-14
5246,43,23,10,2025-07-08,2025-07-10,2025-07-18
5247,43,23,10,2025-07-17,2025-07-20,2025-07-27
5248,43,1,10,2025-07-22,2025-07-25,2025-08-01
5249,43,1,10,2025-08-03,2025-08-05,2025-08-13
5250,43,23,10,2025-08-04,2025-08-05,2025-08-14
5251,43,1,10,2025-08-11,2025-08-12,2025-08-21
5252,43,23,10,2025-08-24,2025-08-25,2025-09-03
5253,43,23,10,2025-08-28,2025-08-29,2025-09-07
5254,43,23,10,2025-09-02,2025-09-05,2025-09-12
5255,43,23,10,2025-09-13,2025-09-16,2025-09-23
5256,43,23,10,2025-09-21,2025-09-24,2025-10-01
5257,43,1,10,2025-09-28,2025-09-30,2025-10-08
5258,43,1,10,2025-09-30,2025-10-01,2025-10-10
5259,43,23,10,2025-10-11,2025-10-14,2025-10-21
5260,43,1,10,2025-10-19,2025-10-21,2025-10-29
5261,43,1,10,2025-10-20,2025-10-21,2025-10-30
5262,43,1,10,2025-11-02,2025-11-03,2025-11-12
5263,43,23,10,2025-11-05,2025-11-06,2025-11-15
5264,43,1,10,2025-11-10,2025-11-13,2025-11-20
5265,43,1,10,2025-11-19,2025-11-20,2025-11-29
5266,43,1,10,2025-11-25,2025-11-28,2025-12-05
5267,43,1,10,2025-12-02,2025-12-04,2025-12-12
5268,43,23,10,2025-12-11,2025-12-12,2025-12-21
5269,43,23,10,2025-12-15,2025-12-16,2025-12-25
5270,43,1,10,2025-12-22,2025-12-23,2026-01-01
5271,43,23,10,2025-12-29,2025-12-30,2026-01-08
5272,43,23,10,2026-01-07,2026-01-09,2026-01-17
5273,43,23,10,2026-01-18,2026-01-21,2026-01-28
5274,43,23,10,2026-01-23,2026-01-24,2026-02-02
5275,43,23,10,2026-01-30,2026-02-02,2026-02-09
5276,43,23,10,2026-02-04,2026-02-05,2026-02-14
5277,43,23,10,2026-02-13,2026-02-16,2026-02-23
5278,43,23,10,2026-02-18,2026-02-19,2026-02-28
5279,43,1,10,2026-02-24,2026-02-27,2026-03-06
5280,43,23,10,2026-03-06,2026-03-08,2026-03-16
5281,43,23,10,2026-03-09,2026-03-12,2026-03-19
5282,43,23,10,2026-03-18,2026-03-21,2026-03-28
5283,43,1,10,2026-03-27,2026-03-28,2026-04-06
5284,43,1,10,2026-03-31,2026-04-03,2026-04-10
5285,43,23,10,2026-04-10,2026-04-12,2026-04-20
5286,43,23,10,2026-04-17,2026-04-18,2026-04-27
5287,43,1,10,2026-04-26,2026-04-27,2026-05-06
5288,43,1,10,2026-05-01,2026-05-02,2026-05-11
5289,43,23,10,2026-05-09,2026-05-12,2026-05-19
5290,43,23,10,2026-05-16,2026-05-18,2026-05-26
5291,43,23,10,2026-05-19,2026-05-20,2026-05-29
5292,43,23,10,2026-05-29,2026-06-01,2026-06-08
5293,43,1,10,2026-06-02,2026-06-04,2026-06-12
5294,43,1,10,2026-06-12,2026-06-15,2026-06-22
5295,43,23,10,2026-06-21,2026-06-24,2026-07-01
5296,43,23,10,2026-06-26,2026-06-27,2026-07-06
5297,44,24,1,2024-07-05,2024-07-07,2024-07-21
5298,44,24,3,2024-07-19,2024-07-21,2024-08-04
5299,44,24,1,2024-07-27,2024-07-30,2024-08-12
5300,44,24,3,2024-08-08,2024-08-11,2024-08-24
5301,44,24,3,2024-08-28,2024-08-31,2024-09-13
5302,44,24,3,2024-08-31,2024-09-01,2024-09-16
5303,44,24,3,2024-09-17,2024-09-20,2024-10-03
5304,44,24,1,2024-09-26,2024-09-29,2024-10-12
5305,44,24,1,2024-10-11,2024-10-13,2024-10-27
5306,44,24,3,2024-10-19,2024-10-21,2024-11-04
5307,44,24,1,2024-11-03,2024-11-04,2024-11-19
5308,44,24,3,2024-11-16,2024-11-17,2024-12-02
5309,44,24,1,2024-11-25,2024-11-28,2024-12-11
5310,44,24,3,2024-12-09,2024-12-10,2024-12-25
5311,44,24,1,2024-12-24,2024-12-26,2025-01-09
5312,44,24,1,2025-01-01,2025-01-02,2025-01-17
5313,44,24,1,2025-01-10,2025-01-13,2025-01-26
5314,44,24,1,2025-01-30,2025-02-02,2025-02-15
5315,44,24,1,2025-02-13,2025-02-15,2025-03-01
5316,44,24,3,2025-02-24,2025-02-26,2025-03-12
5317,44,24,1,2025-03-06,2025-03-07,2025-03-22
5318,44,24,1,2025-03-15,2025-03-17,2025-03-31
5319,44,24,1,2025-03-24,2025-03-27,2025-04-09
5320,44,24,1,2025-04-13,2025-04-15,2025-04-29
5321,44,24,3,2025-04-22,2025-04-23,2025-05-08
5322,44,24,1,2025-04-29,2025-05-01,2025-05-15
5323,44,24,3,2025-05-09,2025-05-11,2025-05-25
5324,44,24,3,2025-05-28,2025-05-31,2025-06-13
5325,44,24,3,2025-06-09,2025-06-10,2025-06-25
5326,44,24,1,2025-06-25,2025-06-27,2025-07-11
5327,44,24,1,2025-06-30,2025-07-03,2025-07-16
5328,44,24,1,2025-07-12,2025-07-15,2025-07-28
5329,44,24,1,2025-07-27,2025-07-30,2025-08-12
5330,44,24,3,2025-08-10,2025-08-11,2025-08-26
5331,44,24,1,2025-08-23,2025-08-24,2025-09-08
5332,44,24,3,2025-08-28,2025-08-29,2025-09-13
5333,44,24,1,2025-09-11,2025-09-12,2025-09-27
5334,44,24,3,2025-09-19,2025-09-21,2025-10-05
5335,44,24,1,2025-10-02,2025-10-05,2025-10-18
5336,44,24,1,2025-10-21,2025-10-23,2025-11-06
5337,44,24,1,2025-10-24,2025-10-27,2025-11-09
5338,44,24,1,2025-11-08,2025-11-09,2025-11-24
5339,44,24,3,2025-11-18,2025-11-19,2025-12-04
5340,44,24,3,2025-12-06,2025-12-07,2025-12-22
5341,44,24,1,2025-12-18,2025-12-21,2026-01-03
5342,44,24,3,2025-12-28,2025-12-31,2026-01-13
5343,44,24,3,2026-01-12,2026-01-15,2026-01-28
5344,44,24,1,2026-01-21,2026-01-22,2026-02-06
5345,44,24,3,2026-01-31,2026-02-01,2026-02-16
5346,44,24,1,2026-02-18,2026-02-20,2026-03-06
5347,44,24,3,2026-02-22,2026-02-23,2026-03-10
5348,44,24,3,2026-03-12,2026-03-14,2026-03-28
5349,44,24,1,2026-03-17,2026-03-20,2026-04-02
5350,44,24,1,2026-04-09,2026-04-11,2026-04-25
5351,44,24,3,2026-04-11,2026-04-13,2026-04-27
5352,44,24,3,2026-05-02,2026-05-04,2026-05-18
5353,44,24,1,2026-05-14,2026-05-16,2026-05-30
5354,44,24,1,2026-05-25,2026-05-26,2026-06-10
5355,44,24,3,2026-06-08,2026-06-09,2026-06-24
5356,44,24,3,2026-06-17,2026-06-18,2026-07-03
5357,44,24,3,2026-06-26,2026-06-27,2026-07-12
5358,44,24,4,2024-07-12,2024-07-14,2024-07-28
5359,44,24,4,2024-07-15,2024-07-18,2024-07-31
5360,44,24,4,2024-08-03,2024-08-06,2024-08-19
5361,44,24,4,2024-08-14,2024-08-15,2024-08-30
5362,44,24,4,2024-08-28,2024-08-30,2024-09-13
5363,44,24,4,2024-09-07,2024-09-10,2024-09-23
5364,44,24,4,2024-09-21,2024-09-22,2024-10-07
5365,44,24,4,2024-09-30,2024-10-02,2024-10-16
5366,44,24,4,2024-10-13,2024-10-14,2024-10-29
5367,44,24,4,2024-10-25,2024-10-27,2024-11-10
5368,44,24,4,2024-11-09,2024-11-11,2024-11-25
5369,44,24,4,2024-11-17,2024-11-19,2024-12-03
5370,44,24,4,2024-11-26,2024-11-29,2024-12-12
5371,44,24,4,2024-12-06,2024-12-07,2024-12-22
5372,44,24,4,2024-12-19,2024-12-22,2025-01-04
5373,44,24,4,2024-12-28,2024-12-30,2025-01-13
5374,44,24,4,2025-01-16,2025-01-17,2025-02-01
5375,44,24,4,2025-01-26,2025-01-29,2025-02-11
5376,44,24,4,2025-02-13,2025-02-16,2025-03-01
5377,44,24,4,2025-02-25,2025-02-26,2025-03-13
5378,44,24,4,2025-03-02,2025-03-03,2025-03-18
5379,44,24,4,2025-03-18,2025-03-19,2025-04-03
5380,44,24,4,2025-03-26,2025-03-29,2025-04-11
5381,44,24,4,2025-04-06,2025-04-07,2025-04-22
5382,44,24,4,2025-04-21,2025-04-22,2025-05-07
5383,44,24,4,2025-04-29,2025-04-30,2025-05-15
5384,44,24,4,2025-05-12,2025-05-13,2025-05-28
5385,44,24,4,2025-05-29,2025-05-31,2025-06-14
5386,44,24,4,2025-06-13,2025-06-15,2025-06-29
5387,44,24,4,2025-06-19,2025-06-22,2025-07-05
5388,44,24,4,2025-06-26,2025-06-28,2025-07-12
5389,44,24,4,2025-07-11,2025-07-12,2025-07-27
5390,44,24,4,2025-07-26,2025-07-29,2025-08-11
5391,44,24,4,2025-08-12,2025-08-13,2025-08-28
5392,44,24,4,2025-08-21,2025-08-24,2025-09-06
5393,44,24,4,2025-08-30,2025-09-02,2025-09-15
5394,44,24,4,2025-09-16,2025-09-19,2025-10-02
5395,44,24,4,2025-09-28,2025-09-29,2025-10-14
5396,44,24,4,2025-10-10,2025-10-13,2025-10-26
5397,44,24,4,2025-10-17,2025-10-20,2025-11-02
5398,44,24,4,2025-10-24,2025-10-25,2025-11-09
5399,44,24,4,2025-11-05,2025-11-06,2025-11-21
5400,44,24,4,2025-11-22,2025-11-24,2025-12-08
5401,44,24,4,2025-11-30,2025-12-03,2025-12-16
5402,44,24,4,2025-12-21,2025-12-24,2026-01-06
5403,44,24,4,2025-12-29,2025-12-31,2026-01-14
5404,44,24,4,2026-01-06,2026-01-08,2026-01-22
5405,44,24,4,2026-01-20,2026-01-23,2026-02-05
5406,44,24,4,2026-02-02,2026-02-05,2026-02-18
5407,44,24,4,2026-02-19,2026-02-22,2026-03-07
5408,44,24,4,2026-02-22,2026-02-25,2026-03-10
5409,44,24,4,2026-03-12,2026-03-15,2026-03-28
5410,44,24,4,2026-03-20,2026-03-22,2026-04-05
5411,44,24,4,2026-04-09,2026-04-12,2026-04-25
5412,44,24,4,2026-04-11,2026-04-13,2026-04-27
5413,44,24,4,2026-04-24,2026-04-26,2026-05-10
5414,44,24,4,2026-05-11,2026-05-14,2026-05-27
5415,44,24,4,2026-05-23,2026-05-24,2026-06-08
5416,44,24,4,2026-05-31,2026-06-02,2026-06-16
5417,44,24,4,2026-06-17,2026-06-19,2026-07-03
5418,44,24,4,2026-06-26,2026-06-27,2026-07-12
5419,44,24,5,2024-07-11,2024-07-13,2024-07-27
5420,44,24,5,2024-07-13,2024-07-15,2024-07-29
5421,44,24,5,2024-07-31,2024-08-02,2024-08-16
5422,44,24,5,2024-08-15,2024-08-18,2024-08-31
5423,44,24,5,2024-08-27,2024-08-30,2024-09-12
5424,44,24,5,2024-09-03,2024-09-05,2024-09-19
5425,44,24,5,2024-09-16,2024-09-17,2024-10-02
5426,44,24,5,2024-10-02,2024-10-04,2024-10-18
5427,44,24,5,2024-10-13,2024-10-14,2024-10-29
5428,44,24,5,2024-10-21,2024-10-22,2024-11-06
5429,44,24,5,2024-11-06,2024-11-08,2024-11-22
5430,44,24,5,2024-11-21,2024-11-23,2024-12-07
5431,44,24,5,2024-11-23,2024-11-26,2024-12-09
5432,44,24,5,2024-12-09,2024-12-12,2024-12-25
5433,44,24,5,2024-12-24,2024-12-26,2025-01-09
5434,44,24,5,2025-01-07,2025-01-10,2025-01-23
5435,44,24,5,2025-01-09,2025-01-11,2025-01-25
5436,44,24,5,2025-01-28,2025-01-30,2025-02-13
5437,44,24,5,2025-02-05,2025-02-08,2025-02-21
5438,44,24,5,2025-02-21,2025-02-22,2025-03-09
5439,44,24,5,2025-03-05,2025-03-08,2025-03-21
5440,44,24,5,2025-03-20,2025-03-21,2025-04-05
5441,44,24,5,2025-04-01,2025-04-02,2025-04-17
5442,44,24,5,2025-04-10,2025-04-12,2025-04-26
5443,44,24,5,2025-04-15,2025-04-18,2025-05-01
5444,44,24,5,2025-05-03,2025-05-05,2025-05-19
5445,44,24,5,2025-05-19,2025-05-22,2025-06-04
5446,44,24,5,2025-05-21,2025-05-24,2025-06-06
5447,44,24,5,2025-06-07,2025-06-09,2025-06-23
5448,44,24,5,2025-06-22,2025-06-24,2025-07-08
5449,44,24,5,2025-06-28,2025-06-30,2025-07-14
5450,44,24,5,2025-07-09,2025-07-10,2025-07-25
5451,44,24,5,2025-07-23,2025-07-26,2025-08-08
5452,44,24,5,2025-08-06,2025-08-07,2025-08-22
5453,44,24,5,2025-08-20,2025-08-23,2025-09-05
5454,44,24,5,2025-08-29,2025-09-01,2025-09-14
5455,44,24,5,2025-09-09,2025-09-10,2025-09-25
5456,44,24,5,2025-09-28,2025-09-29,2025-10-14
5457,44,24,5,2025-10-11,2025-10-13,2025-10-27
5458,44,24,5,2025-10-13,2025-10-16,2025-10-29
5459,44,24,5,2025-11-03,2025-11-04,2025-11-19
5460,44,24,5,2025-11-11,2025-11-12,2025-11-27
5461,44,24,5,2025-11-28,2025-11-30,2025-12-14
5462,44,24,5,2025-12-06,2025-12-07,2025-12-22
5463,44,24,5,2025-12-12,2025-12-15,2025-12-28
5464,44,24,5,2025-12-23,2025-12-26,2026-01-08
5465,44,24,5,2026-01-08,2026-01-10,2026-01-24
5466,44,24,5,2026-01-17,2026-01-18,2026-02-02
5467,44,24,5,2026-01-29,2026-02-01,2026-02-14
5468,44,24,5,2026-02-15,2026-02-16,2026-03-03
5469,44,24,5,2026-02-25,2026-02-28,2026-03-13
5470,44,24,5,2026-03-13,2026-03-14,2026-03-29
5471,44,24,5,2026-03-21,2026-03-24,2026-04-06
5472,44,24,5,2026-03-31,2026-04-01,2026-04-16
5473,44,24,5,2026-04-20,2026-04-23,2026-05-06
5474,44,24,5,2026-04-23,2026-04-24,2026-05-09
5475,44,24,5,2026-05-05,2026-05-06,2026-05-21
5476,44,24,5,2026-05-25,2026-05-28,2026-06-10
5477,44,24,5,2026-05-30,2026-06-01,2026-06-15
5478,44,24,5,2026-06-19,2026-06-20,2026-07-05
5479,44,24,5,2026-06-24,2026-06-27,2026-07-10
5480,44,24,9,2024-07-05,2024-07-07,2024-07-21
5481,44,24,7,2024-07-17,2024-07-18,2024-08-02
5482,44,24,7,2024-07-29,2024-07-30,2024-08-14
5483,44,24,7,2024-08-08,2024-08-11,2024-08-24
5484,44,24,9,2024-08-29,2024-09-01,2024-09-14
5485,44,24,9,2024-08-31,2024-09-01,2024-09-16
5486,44,24,7,2024-09-20,2024-09-21,2024-10-06
5487,44,24,7,2024-10-03,2024-10-04,2024-10-19
5488,44,24,9,2024-10-16,2024-10-17,2024-11-01
5489,44,24,7,2024-10-17,2024-10-20,2024-11-02
5490,44,24,7,2024-11-01,2024-11-04,2024-11-17
5491,44,24,9,2024-11-16,2024-11-19,2024-12-02
5492,44,24,9,2024-11-23,2024-11-25,2024-12-09
5493,44,24,7,2024-12-10,2024-12-13,2024-12-26
5494,44,24,7,2024-12-20,2024-12-23,2025-01-05
5495,44,24,7,2025-01-08,2025-01-11,2025-01-24
5496,44,24,9,2025-01-10,2025-01-11,2025-01-26
5497,44,24,9,2025-01-29,2025-02-01,2025-02-14
5498,44,24,9,2025-02-08,2025-02-10,2025-02-24
5499,44,24,9,2025-02-15,2025-02-18,2025-03-03
5500,44,24,7,2025-03-02,2025-03-04,2025-03-18
5501,44,24,9,2025-03-12,2025-03-14,2025-03-28
5502,44,24,9,2025-03-22,2025-03-23,2025-04-07
5503,44,24,7,2025-04-10,2025-04-12,2025-04-26
5504,44,24,7,2025-04-20,2025-04-21,2025-05-06
5505,44,24,7,2025-05-05,2025-05-06,2025-05-21
5506,44,24,7,2025-05-18,2025-05-20,2025-06-03
5507,44,24,7,2025-05-25,2025-05-28,2025-06-10
5508,44,24,7,2025-06-02,2025-06-03,2025-06-18
5509,44,24,7,2025-06-22,2025-06-25,2025-07-08
5510,44,24,7,2025-07-02,2025-07-05,2025-07-18
5511,44,24,9,2025-07-17,2025-07-19,2025-08-02
5512,44,24,9,2025-07-25,2025-07-26,2025-08-10
5513,44,24,9,2025-08-07,2025-08-10,2025-08-23
5514,44,24,7,2025-08-21,2025-08-22,2025-09-06
5515,44,24,7,2025-08-28,2025-08-30,2025-09-13
5516,44,24,7,2025-09-13,2025-09-14,2025-09-29
5517,44,24,9,2025-09-24,2025-09-27,2025-10-10
5518,44,24,7,2025-10-08,2025-10-09,2025-10-24
5519,44,24,7,2025-10-15,2025-10-17,2025-10-31
5520,44,24,7,2025-11-04,2025-11-05,2025-11-20
5521,44,24,9,2025-11-08,2025-11-09,2025-11-24
5522,44,24,9,2025-11-19,2025-11-21,2025-12-05
5523,44,24,7,2025-12-01,2025-12-02,2025-12-17
5524,44,24,7,2025-12-22,2025-12-23,2026-01-07
5525,44,24,9,2025-12-26,2025-12-27,2026-01-11
5526,44,24,7,2026-01-05,2026-01-07,2026-01-21
5527,44,24,7,2026-01-26,2026-01-29,2026-02-11
5528,44,24,7,2026-01-31,2026-02-01,2026-02-16
5529,44,24,7,2026-02-19,2026-02-21,2026-03-07
5530,44,24,9,2026-02-22,2026-02-23,2026-03-10
5531,44,24,7,2026-03-12,2026-03-13,2026-03-28
5532,44,24,7,2026-03-24,2026-03-25,2026-04-09
5533,44,24,7,2026-04-05,2026-04-08,2026-04-21
5534,44,24,9,2026-04-16,2026-04-17,2026-05-02
5535,44,24,9,2026-04-24,2026-04-27,2026-05-10
5536,44,24,9,2026-05-09,2026-05-11,2026-05-25
5537,44,24,7,2026-05-22,2026-05-24,2026-06-07
5538,44,24,9,2026-06-07,2026-06-09,2026-06-23
5539,44,24,7,2026-06-14,2026-06-15,2026-06-30
5540,44,24,10,2024-07-01,2024-07-04,2024-07-17
5541,44,24,10,2024-07-15,2024-07-17,2024-07-31
5542,44,24,10,2024-07-30,2024-08-02,2024-08-15
5543,44,24,10,2024-08-09,2024-08-12,2024-08-25
5544,44,24,10,2024-08-25,2024-08-28,2024-09-10
5545,44,24,10,2024-09-02,2024-09-03,2024-09-18
5546,44,24,10,2024-09-15,2024-09-16,2024-10-01
5547,44,24,10,2024-10-02,2024-10-04,2024-10-18
5548,44,24,10,2024-10-16,2024-10-18,2024-11-01
5549,44,24,10,2024-10-17,2024-10-19,2024-11-02
5550,44,24,10,2024-10-29,2024-10-30,2024-11-14
5551,44,24,10,2024-11-17,2024-11-20,2024-12-03
5552,44,24,10,2024-12-02,2024-12-04,2024-12-18
5553,44,24,10,2024-12-07,2024-12-09,2024-12-23
5554,44,24,10,2024-12-16,2024-12-19,2025-01-01
5555,44,24,10,2025-01-01,2025-01-04,2025-01-17
5556,44,24,10,2025-01-12,2025-01-14,2025-01-28
5557,44,24,10,2025-01-23,2025-01-25,2025-02-08
5558,44,24,10,2025-02-02,2025-02-05,2025-02-18
5559,44,24,10,2025-02-16,2025-02-17,2025-03-04
5560,44,24,10,2025-03-03,2025-03-05,2025-03-19
5561,44,24,10,2025-03-16,2025-03-19,2025-04-01
5562,44,24,10,2025-03-24,2025-03-25,2025-04-09
5563,44,24,10,2025-04-13,2025-04-16,2025-04-29
5564,44,24,10,2025-04-17,2025-04-19,2025-05-03
5565,44,24,10,2025-05-05,2025-05-06,2025-05-21
5566,44,24,10,2025-05-15,2025-05-18,2025-05-31
5567,44,24,10,2025-05-23,2025-05-24,2025-06-08
5568,44,24,10,2025-06-08,2025-06-09,2025-06-24
5569,44,24,10,2025-06-20,2025-06-21,2025-07-06
5570,44,24,10,2025-07-03,2025-07-04,2025-07-19
5571,44,24,10,2025-07-09,2025-07-12,2025-07-25
5572,44,24,10,2025-07-27,2025-07-28,2025-08-12
5573,44,24,10,2025-08-02,2025-08-05,2025-08-18
5574,44,24,10,2025-08-17,2025-08-18,2025-09-02
5575,44,24,10,2025-08-25,2025-08-28,2025-09-10
5576,44,24,10,2025-09-08,2025-09-09,2025-09-24
5577,44,24,10,2025-09-28,2025-09-29,2025-10-14
5578,44,24,10,2025-10-03,2025-10-06,2025-10-19
5579,44,24,10,2025-10-14,2025-10-16,2025-10-30
5580,44,24,10,2025-10-30,2025-11-02,2025-11-15
5581,44,24,10,2025-11-15,2025-11-18,2025-12-01
5582,44,24,10,2025-11-24,2025-11-26,2025-12-10
5583,44,24,10,2025-12-05,2025-12-07,2025-12-21
5584,44,24,10,2025-12-19,2025-12-20,2026-01-04
5585,44,24,10,2025-12-29,2025-12-30,2026-01-14
5586,44,24,10,2026-01-04,2026-01-07,2026-01-20
5587,44,24,10,2026-01-16,2026-01-18,2026-02-01
5588,44,24,10,2026-02-06,2026-02-08,2026-02-22
5589,44,24,10,2026-02-17,2026-02-19,2026-03-05
5590,44,24,10,2026-02-21,2026-02-23,2026-03-09
5591,44,24,10,2026-03-08,2026-03-10,2026-03-24
5592,44,24,10,2026-03-21,2026-03-24,2026-04-06
5593,44,24,10,2026-04-07,2026-04-08,2026-04-23
5594,44,24,10,2026-04-21,2026-04-24,2026-05-07
5595,44,24,10,2026-04-26,2026-04-29,2026-05-12
5596,44,24,10,2026-05-07,2026-05-10,2026-05-23
5597,44,24,10,2026-05-17,2026-05-18,2026-06-02
5598,44,24,10,2026-05-31,2026-06-03,2026-06-16
5599,44,24,10,2026-06-19,2026-06-22,2026-07-05
5600,45,8,4,2024-09-25,2024-09-26,2027-09-13
5601,45,8,7,2025-01-21,2025-01-22,2028-01-09
5602,45,8,5,2025-05-05,2025-05-06,2028-04-22
5603,45,8,7,2025-08-18,2025-08-19,2028-08-05
5604,45,23,4,2025-12-05,2025-12-07,2028-11-22
5605,45,4,4,2026-04-25,2026-04-26,2029-04-12
5606,46,6,6,2024-09-08,2024-09-11,2026-02-14
5607,46,6,6,2025-02-03,2025-02-06,2026-07-12
5608,46,21,6,2025-06-23,2025-06-26,2026-11-29
5609,46,21,7,2025-08-16,2025-08-17,2027-01-22
5610,46,21,7,2025-11-22,2025-11-24,2027-04-30
5611,46,21,5,2026-05-10,2026-05-11,2027-10-16
5612,47,2,2,2024-09-08,2024-09-10,2027-03-25
5613,47,2,1,2024-11-05,2024-11-07,2027-05-22
5614,47,2,2,2025-04-06,2025-04-09,2027-10-21
5615,47,2,2,2025-09-07,2025-09-09,2028-03-23
5616,47,2,8,2025-11-12,2025-11-14,2028-05-28
5617,47,2,2,2026-06-05,2026-06-08,2028-12-19
5618,48,9,1,2024-07-03,2024-07-06,2024-07-10
5619,48,13,1,2024-07-09,2024-07-11,2024-07-16
5620,48,9,1,2024-07-18,2024-07-20,2024-07-25
5621,48,9,3,2024-07-24,2024-07-27,2024-07-31
5622,48,13,1,2024-07-31,2024-08-01,2024-08-07
5623,48,9,1,2024-08-07,2024-08-09,2024-08-14
5624,48,9,1,2024-08-18,2024-08-20,2024-08-25
5625,48,13,3,2024-08-22,2024-08-25,2024-08-29
5626,48,13,3,2024-08-27,2024-08-29,2024-09-03
5627,48,13,1,2024-09-02,2024-09-03,2024-09-09
5628,48,9,3,2024-09-09,2024-09-11,2024-09-16
5629,48,13,1,2024-09-21,2024-09-24,2024-09-28
5630,48,13,1,2024-09-26,2024-09-29,2024-10-03
5631,48,13,3,2024-10-05,2024-10-06,2024-10-12
5632,48,13,3,2024-10-09,2024-10-12,2024-10-16
5633,48,9,1,2024-10-19,2024-10-22,2024-10-26
5634,48,13,3,2024-10-25,2024-10-27,2024-11-01
5635,48,13,3,2024-10-29,2024-10-31,2024-11-05
5636,48,9,3,2024-11-09,2024-11-11,2024-11-16
5637,48,9,1,2024-11-15,2024-11-16,2024-11-22
5638,48,13,3,2024-11-19,2024-11-21,2024-11-26
5639,48,9,1,2024-11-29,2024-12-02,2024-12-06
5640,48,9,1,2024-12-03,2024-12-04,2024-12-10
5641,48,13,3,2024-12-11,2024-12-14,2024-12-18
5642,48,9,3,2024-12-21,2024-12-24,2024-12-28
5643,48,9,3,2024-12-24,2024-12-27,2024-12-31
5644,48,13,1,2024-12-31,2025-01-03,2025-01-07
5645,48,9,1,2025-01-11,2025-01-12,2025-01-18
5646,48,9,3,2025-01-18,2025-01-21,2025-01-25
5647,48,13,3,2025-01-20,2025-01-21,2025-01-27
5648,48,9,1,2025-01-27,2025-01-29,2025-02-03
5649,48,9,3,2025-02-07,2025-02-08,2025-02-14
5650,48,9,1,2025-02-10,2025-02-12,2025-02-17
5651,48,9,1,2025-02-22,2025-02-25,2025-03-01
5652,48,9,1,2025-02-24,2025-02-26,2025-03-03
5653,48,13,1,2025-03-05,2025-03-08,2025-03-12
5654,48,9,1,2025-03-11,2025-03-13,2025-03-18
5655,48,13,3,2025-03-23,2025-03-24,2025-03-30
5656,48,13,1,2025-03-30,2025-03-31,2025-04-06
5657,48,13,1,2025-04-06,2025-04-08,2025-04-13
5658,48,13,1,2025-04-10,2025-04-11,2025-04-17
5659,48,9,3,2025-04-16,2025-04-17,2025-04-23
5660,48,9,1,2025-04-21,2025-04-22,2025-04-28
5661,48,9,3,2025-05-04,2025-05-06,2025-05-11
5662,48,9,3,2025-05-06,2025-05-07,2025-05-13
5663,48,13,1,2025-05-18,2025-05-19,2025-05-25
5664,48,13,1,2025-05-25,2025-05-26,2025-06-01
5665,48,13,3,2025-05-26,2025-05-28,2025-06-02
5666,48,9,3,2025-06-08,2025-06-10,2025-06-15
5667,48,13,1,2025-06-14,2025-06-15,2025-06-21
5668,48,13,3,2025-06-16,2025-06-19,2025-06-23
5669,48,13,3,2025-06-24,2025-06-27,2025-07-01
5670,48,9,1,2025-07-03,2025-07-06,2025-07-10
5671,48,9,1,2025-07-12,2025-07-14,2025-07-19
5672,48,13,1,2025-07-19,2025-07-21,2025-07-26
5673,48,13,3,2025-07-25,2025-07-27,2025-08-01
5674,48,13,3,2025-07-28,2025-07-30,2025-08-04
5675,48,13,1,2025-08-10,2025-08-13,2025-08-17
5676,48,9,1,2025-08-11,2025-08-13,2025-08-18
5677,48,13,3,2025-08-19,2025-08-20,2025-08-26
5678,48,13,1,2025-08-26,2025-08-28,2025-09-02
5679,48,13,1,2025-09-03,2025-09-05,2025-09-10
5680,48,9,1,2025-09-11,2025-09-14,2025-09-18
5681,48,9,3,2025-09-18,2025-09-20,2025-09-25
5682,48,13,3,2025-09-28,2025-10-01,2025-10-05
5683,48,9,1,2025-10-03,2025-10-04,2025-10-10
5684,48,13,3,2025-10-07,2025-10-10,2025-10-14
5685,48,13,3,2025-10-15,2025-10-17,2025-10-22
5686,48,9,3,2025-10-20,2025-10-21,2025-10-27
5687,48,9,3,2025-11-01,2025-11-02,2025-11-08
5688,48,9,3,2025-11-06,2025-11-08,2025-11-13
5689,48,9,1,2025-11-12,2025-11-14,2025-11-19
5690,48,13,3,2025-11-17,2025-11-20,2025-11-24
5691,48,9,3,2025-11-28,2025-11-30,2025-12-05
5692,48,9,1,2025-12-01,2025-12-02,2025-12-08
5693,48,13,1,2025-12-08,2025-12-11,2025-12-15
5694,48,9,1,2025-12-18,2025-12-21,2025-12-25
5695,48,13,1,2025-12-23,2025-12-26,2025-12-30
5696,48,9,3,2026-01-02,2026-01-05,2026-01-09
5697,48,13,3,2026-01-08,2026-01-09,2026-01-15
5698,48,13,3,2026-01-13,2026-01-14,2026-01-20
5699,48,13,3,2026-01-20,2026-01-22,2026-01-27
5700,48,9,1,2026-01-28,2026-01-31,2026-02-04
5701,48,13,3,2026-02-07,2026-02-09,2026-02-14
5702,48,9,3,2026-02-14,2026-02-17,2026-02-21
5703,48,9,1,2026-02-16,2026-02-17,2026-02-23
5704,48,9,1,2026-02-28,2026-03-02,2026-03-07
5705,48,13,1,2026-03-06,2026-03-09,2026-03-13
5706,48,9,1,2026-03-09,2026-03-10,2026-03-16
5707,48,13,1,2026-03-18,2026-03-19,2026-03-25
5708,48,9,3,2026-03-29,2026-03-31,2026-04-05
5709,48,9,1,2026-04-02,2026-04-03,2026-04-09
5710,48,9,3,2026-04-09,2026-04-12,2026-04-16
5711,48,13,3,2026-04-13,2026-04-15,2026-04-20
5712,48,13,3,2026-04-21,2026-04-22,2026-04-28
5713,48,9,3,2026-04-29,2026-04-30,2026-05-06
5714,48,13,3,2026-05-04,2026-05-07,2026-05-11
5715,48,13,1,2026-05-11,2026-05-13,2026-05-18
5716,48,9,1,2026-05-23,2026-05-25,2026-05-30
5717,48,13,3,2026-05-29,2026-05-30,2026-06-05
5718,48,13,1,2026-06-05,2026-06-07,2026-06-12
5719,48,9,3,2026-06-10,2026-06-12,2026-06-17
5720,48,13,3,2026-06-17,2026-06-18,2026-06-24
5721,48,9,1,2026-06-22,2026-06-24,2026-06-29
5722,48,9,3,2026-06-29,2026-07-02,2026-07-06
5723,48,9,4,2024-07-03,2024-07-05,2024-07-10
5724,48,9,4,2024-07-10,2024-07-12,2024-07-17
5725,48,13,4,2024-07-17,2024-07-20,2024-07-24
5726,48,13,4,2024-07-24,2024-07-27,2024-07-31
5727,48,13,4,2024-08-02,2024-08-05,2024-08-09
5728,48,9,4,2024-08-07,2024-08-09,2024-08-14
5729,48,9,4,2024-08-14,2024-08-15,2024-08-21
5730,48,9,4,2024-08-22,2024-08-25,2024-08-29
5731,48,13,4,2024-08-30,2024-08-31,2024-09-06
5732,48,13,4,2024-09-04,2024-09-07,2024-09-11
5733,48,13,4,2024-09-13,2024-09-15,2024-09-20
5734,48,13,4,2024-09-16,2024-09-18,2024-09-23
5735,48,13,4,2024-09-23,2024-09-26,2024-09-30
5736,48,13,4,2024-10-04,2024-10-05,2024-10-11
5737,48,13,4,2024-10-13,2024-10-16,2024-10-20
5738,48,13,4,2024-10-17,2024-10-18,2024-10-24
5739,48,9,4,2024-10-22,2024-10-23,2024-10-29
5740,48,9,4,2024-11-03,2024-11-06,2024-11-10
5741,48,9,4,2024-11-10,2024-11-12,2024-11-17
5742,48,13,4,2024-11-17,2024-11-20,2024-11-24
5743,48,13,4,2024-11-23,2024-11-26,2024-11-30
5744,48,13,4,2024-11-27,2024-11-30,2024-12-04
5745,48,9,4,2024-12-07,2024-12-10,2024-12-14
5746,48,9,4,2024-12-13,2024-12-15,2024-12-20
5747,48,9,4,2024-12-20,2024-12-23,2024-12-27
5748,48,13,4,2024-12-24,2024-12-25,2024-12-31
5749,48,13,4,2025-01-04,2025-01-05,2025-01-11
5750,48,9,4,2025-01-11,2025-01-13,2025-01-18
5751,48,13,4,2025-01-18,2025-01-20,2025-01-25
5752,48,9,4,2025-01-20,2025-01-23,2025-01-27
5753,48,13,4,2025-01-27,2025-01-30,2025-02-03
5754,48,9,4,2025-02-04,2025-02-07,2025-02-11
5755,48,13,4,2025-02-15,2025-02-16,2025-02-22
5756,48,13,4,2025-02-19,2025-02-21,2025-02-26
5757,48,9,4,2025-02-24,2025-02-25,2025-03-03
5758,48,13,4,2025-03-07,2025-03-08,2025-03-14
5759,48,9,4,2025-03-15,2025-03-16,2025-03-22
5760,48,13,4,2025-03-21,2025-03-23,2025-03-28
5761,48,9,4,2025-03-27,2025-03-28,2025-04-03
5762,48,9,4,2025-04-03,2025-04-04,2025-04-10
5763,48,13,4,2025-04-12,2025-04-15,2025-04-19
5764,48,9,4,2025-04-17,2025-04-18,2025-04-24
5765,48,13,4,2025-04-21,2025-04-23,2025-04-28
5766,48,13,4,2025-04-28,2025-05-01,2025-05-05
5767,48,9,4,2025-05-10,2025-05-12,2025-05-17
5768,48,13,4,2025-05-17,2025-05-20,2025-05-24
5769,48,13,4,2025-05-24,2025-05-27,2025-05-31
5770,48,9,4,2025-05-30,2025-06-02,2025-06-06
5771,48,9,4,2025-06-04,2025-06-07,2025-06-11
5772,48,13,4,2025-06-10,2025-06-12,2025-06-17
5773,48,9,4,2025-06-18,2025-06-20,2025-06-25
5774,48,13,4,2025-06-25,2025-06-28,2025-07-02
5775,48,13,4,2025-07-06,2025-07-09,2025-07-13
5776,48,13,4,2025-07-07,2025-07-09,2025-07-14
5777,48,13,4,2025-07-19,2025-07-22,2025-07-26
5778,48,13,4,2025-07-22,2025-07-23,2025-07-29
5779,48,9,4,2025-08-02,2025-08-05,2025-08-09
5780,48,9,4,2025-08-06,2025-08-09,2025-08-13
5781,48,13,4,2025-08-16,2025-08-19,2025-08-23
5782,48,13,4,2025-08-22,2025-08-24,2025-08-29
5783,48,13,4,2025-08-30,2025-08-31,2025-09-06
5784,48,9,4,2025-09-04,2025-09-07,2025-09-11
5785,48,9,4,2025-09-10,2025-09-12,2025-09-17
5786,48,9,4,2025-09-21,2025-09-24,2025-09-28
5787,48,9,4,2025-09-25,2025-09-27,2025-10-02
5788,48,13,4,2025-10-04,2025-10-06,2025-10-11
5789,48,9,4,2025-10-10,2025-10-13,2025-10-17
5790,48,13,4,2025-10-14,2025-10-15,2025-10-21
5791,48,13,4,2025-10-22,2025-10-23,2025-10-29
5792,48,9,4,2025-10-30,2025-11-01,2025-11-06
5793,48,9,4,2025-11-03,2025-11-05,2025-11-10
5794,48,9,4,2025-11-12,2025-11-15,2025-11-19
5795,48,13,4,2025-11-17,2025-11-18,2025-11-24
5796,48,9,4,2025-11-25,2025-11-26,2025-12-02
5797,48,13,4,2025-12-07,2025-12-08,2025-12-14
5798,48,9,4,2025-12-13,2025-12-14,2025-12-20
5799,48,13,4,2025-12-15,2025-12-18,2025-12-22
5800,48,9,4,2025-12-25,2025-12-27,2026-01-01
5801,48,13,4,2026-01-02,2026-01-04,2026-01-09
5802,48,13,4,2026-01-05,2026-01-08,2026-01-12
5803,48,13,4,2026-01-17,2026-01-20,2026-01-24
5804,48,13,4,2026-01-22,2026-01-23,2026-01-29
5805,48,9,4,2026-01-30,2026-01-31,2026-02-06
5806,48,13,4,2026-02-06,2026-02-08,2026-02-13
5807,48,9,4,2026-02-13,2026-02-15,2026-02-20
5808,48,9,4,2026-02-20,2026-02-22,2026-02-27
5809,48,13,4,2026-02-28,2026-03-01,2026-03-07
5810,48,9,4,2026-03-06,2026-03-09,2026-03-13
5811,48,9,4,2026-03-09,2026-03-10,2026-03-16
5812,48,13,4,2026-03-16,2026-03-18,2026-03-23
5813,48,9,4,2026-03-23,2026-03-26,2026-03-30
5814,48,9,4,2026-04-01,2026-04-03,2026-04-08
5815,48,9,4,2026-04-07,2026-04-08,2026-04-14
5816,48,9,4,2026-04-18,2026-04-20,2026-04-25
5817,48,9,4,2026-04-26,2026-04-28,2026-05-03
5818,48,13,4,2026-05-01,2026-05-02,2026-05-08
5819,48,13,4,2026-05-08,2026-05-10,2026-05-15
5820,48,9,4,2026-05-16,2026-05-17,2026-05-23
5821,48,13,4,2026-05-21,2026-05-23,2026-05-28
5822,48,13,4,2026-05-29,2026-05-30,2026-06-05
5823,48,13,4,2026-06-02,2026-06-03,2026-06-09
5824,48,9,4,2026-06-10,2026-06-13,2026-06-17
5825,48,13,4,2026-06-19,2026-06-20,2026-06-26
5826,48,13,4,2026-06-24,2026-06-25,2026-07-01
5827,48,9,5,2024-07-02,2024-07-05,2024-07-09
5828,48,13,5,2024-07-08,2024-07-09,2024-07-15
5829,48,13,5,2024-07-19,2024-07-22,2024-07-26
5830,48,13,5,2024-07-28,2024-07-29,2024-08-04
5831,48,13,5,2024-08-01,2024-08-03,2024-08-08
5832,48,9,5,2024-08-08,2024-08-09,2024-08-15
5833,48,13,5,2024-08-14,2024-08-16,2024-08-21
5834,48,13,5,2024-08-20,2024-08-21,2024-08-27
5835,48,9,5,2024-08-30,2024-08-31,2024-09-06
5836,48,9,5,2024-09-02,2024-09-05,2024-09-09
5837,48,9,5,2024-09-09,2024-09-11,2024-09-16
5838,48,9,5,2024-09-19,2024-09-21,2024-09-26
5839,48,13,5,2024-09-26,2024-09-28,2024-10-03
5840,48,9,5,2024-10-05,2024-10-08,2024-10-12
5841,48,13,5,2024-10-12,2024-10-14,2024-10-19
5842,48,13,5,2024-10-16,2024-10-18,2024-10-23
5843,48,13,5,2024-10-21,2024-10-24,2024-10-28
5844,48,9,5,2024-11-02,2024-11-03,2024-11-09
5845,48,13,5,2024-11-06,2024-11-07,2024-11-13
5846,48,9,5,2024-11-17,2024-11-18,2024-11-24
5847,48,9,5,2024-11-22,2024-11-25,2024-11-29
5848,48,9,5,2024-11-27,2024-11-28,2024-12-04
5849,48,13,5,2024-12-05,2024-12-08,2024-12-12
5850,48,13,5,2024-12-13,2024-12-14,2024-12-20
5851,48,9,5,2024-12-19,2024-12-20,2024-12-26
5852,48,9,5,2024-12-27,2024-12-30,2025-01-03
5853,48,9,5,2025-01-02,2025-01-03,2025-01-09
5854,48,13,5,2025-01-08,2025-01-09,2025-01-15
5855,48,9,5,2025-01-19,2025-01-20,2025-01-26
5856,48,13,5,2025-01-24,2025-01-25,2025-01-31
5857,48,9,5,2025-01-30,2025-02-01,2025-02-06
5858,48,13,5,2025-02-05,2025-02-08,2025-02-12
5859,48,9,5,2025-02-16,2025-02-19,2025-02-23
5860,48,9,5,2025-02-19,2025-02-21,2025-02-26
5861,48,13,5,2025-02-28,2025-03-02,2025-03-07
5862,48,9,5,2025-03-05,2025-03-07,2025-03-12
5863,48,13,5,2025-03-10,2025-03-12,2025-03-17
5864,48,13,5,2025-03-21,2025-03-24,2025-03-28
5865,48,13,5,2025-03-27,2025-03-28,2025-04-03
5866,48,13,5,2025-04-04,2025-04-06,2025-04-11
5867,48,9,5,2025-04-12,2025-04-15,2025-04-19
5868,48,9,5,2025-04-17,2025-04-18,2025-04-24
5869,48,13,5,2025-04-22,2025-04-25,2025-04-29
5870,48,9,5,2025-04-29,2025-04-30,2025-05-06
5871,48,9,5,2025-05-09,2025-05-11,2025-05-16
5872,48,13,5,2025-05-13,2025-05-16,2025-05-20
5873,48,13,5,2025-05-24,2025-05-25,2025-05-31
5874,48,9,5,2025-05-26,2025-05-29,2025-06-02
5875,48,9,5,2025-06-04,2025-06-05,2025-06-11
5876,48,13,5,2025-06-13,2025-06-15,2025-06-20
5877,48,9,5,2025-06-22,2025-06-23,2025-06-29
5878,48,13,5,2025-06-23,2025-06-25,2025-06-30
5879,48,13,5,2025-07-05,2025-07-06,2025-07-12
5880,48,13,5,2025-07-07,2025-07-09,2025-07-14
5881,48,9,5,2025-07-17,2025-07-19,2025-07-24
5882,48,13,5,2025-07-27,2025-07-30,2025-08-03
5883,48,13,5,2025-08-01,2025-08-04,2025-08-08
5884,48,9,5,2025-08-05,2025-08-06,2025-08-12
5885,48,9,5,2025-08-16,2025-08-18,2025-08-23
5886,48,13,5,2025-08-22,2025-08-25,2025-08-29
5887,48,9,5,2025-08-31,2025-09-03,2025-09-07
5888,48,13,5,2025-09-06,2025-09-09,2025-09-13
5889,48,13,5,2025-09-14,2025-09-16,2025-09-21
5890,48,9,5,2025-09-15,2025-09-17,2025-09-22
5891,48,9,5,2025-09-27,2025-09-29,2025-10-04
5892,48,13,5,2025-10-02,2025-10-04,2025-10-09
5893,48,9,5,2025-10-11,2025-10-12,2025-10-18
5894,48,9,5,2025-10-17,2025-10-18,2025-10-24
5895,48,13,5,2025-10-22,2025-10-23,2025-10-29
5896,48,9,5,2025-10-31,2025-11-02,2025-11-07
5897,48,9,5,2025-11-03,2025-11-04,2025-11-10
5898,48,13,5,2025-11-16,2025-11-17,2025-11-23
5899,48,13,5,2025-11-18,2025-11-19,2025-11-25
5900,48,9,5,2025-11-27,2025-11-29,2025-12-04
5901,48,9,5,2025-12-02,2025-12-04,2025-12-09
5902,48,9,5,2025-12-14,2025-12-15,2025-12-21
5903,48,13,5,2025-12-18,2025-12-21,2025-12-25
5904,48,9,5,2025-12-26,2025-12-28,2026-01-02
5905,48,13,5,2025-12-31,2026-01-02,2026-01-07
5906,48,9,5,2026-01-07,2026-01-10,2026-01-14
5907,48,9,5,2026-01-18,2026-01-19,2026-01-25
5908,48,9,5,2026-01-24,2026-01-25,2026-01-31
5909,48,9,5,2026-01-30,2026-02-02,2026-02-06
5910,48,13,5,2026-02-04,2026-02-06,2026-02-11
5911,48,9,5,2026-02-15,2026-02-16,2026-02-22
5912,48,9,5,2026-02-17,2026-02-19,2026-02-24
5913,48,9,5,2026-02-24,2026-02-26,2026-03-03
5914,48,9,5,2026-03-04,2026-03-06,2026-03-11
5915,48,13,5,2026-03-11,2026-03-14,2026-03-18
5916,48,9,5,2026-03-17,2026-03-20,2026-03-24
5917,48,13,5,2026-03-29,2026-03-31,2026-04-05
5918,48,9,5,2026-03-31,2026-04-02,2026-04-07
5919,48,9,5,2026-04-06,2026-04-08,2026-04-13
5920,48,13,5,2026-04-14,2026-04-16,2026-04-21
5921,48,9,5,2026-04-23,2026-04-26,2026-04-30
5922,48,13,5,2026-04-29,2026-05-01,2026-05-06
5923,48,13,5,2026-05-04,2026-05-05,2026-05-11
5924,48,9,5,2026-05-13,2026-05-16,2026-05-20
5925,48,9,5,2026-05-18,2026-05-20,2026-05-25
5926,48,9,5,2026-05-26,2026-05-28,2026-06-02
5927,48,9,5,2026-06-04,2026-06-06,2026-06-11
5928,48,13,5,2026-06-12,2026-06-13,2026-06-19
5929,48,9,5,2026-06-18,2026-06-19,2026-06-25
5930,48,13,5,2026-06-23,2026-06-24,2026-06-30
5931,48,9,5,2026-06-29,2026-06-30,2026-07-06
5932,48,13,7,2024-07-01,2024-07-03,2024-07-08
5933,48,13,7,2024-07-12,2024-07-13,2024-07-19
5934,48,13,9,2024-07-18,2024-07-20,2024-07-25
5935,48,9,7,2024-07-22,2024-07-25,2024-07-29
5936,48,13,9,2024-07-30,2024-08-01,2024-08-06
5937,48,9,9,2024-08-06,2024-08-08,2024-08-13
5938,48,9,7,2024-08-15,2024-08-18,2024-08-22
5939,48,9,9,2024-08-21,2024-08-22,2024-08-28
5940,48,9,9,2024-08-28,2024-08-31,2024-09-04
5941,48,9,9,2024-09-04,2024-09-07,2024-09-11
5942,48,13,7,2024-09-11,2024-09-12,2024-09-18
5943,48,9,9,2024-09-16,2024-09-18,2024-09-23
5944,48,13,9,2024-09-23,2024-09-26,2024-09-30
5945,48,9,9,2024-10-02,2024-10-05,2024-10-09
5946,48,13,9,2024-10-10,2024-10-12,2024-10-17
5947,48,9,9,2024-10-14,2024-10-15,2024-10-21
5948,48,9,7,2024-10-21,2024-10-23,2024-10-28
5949,48,13,7,2024-10-29,2024-10-31,2024-11-05
5950,48,9,9,2024-11-04,2024-11-07,2024-11-11
5951,48,13,7,2024-11-17,2024-11-20,2024-11-24
5952,48,9,7,2024-11-22,2024-11-24,2024-11-29
5953,48,13,9,2024-11-30,2024-12-03,2024-12-07
5954,48,9,7,2024-12-08,2024-12-10,2024-12-15
5955,48,9,7,2024-12-11,2024-12-12,2024-12-18
5956,48,13,7,2024-12-16,2024-12-19,2024-12-23
5957,48,13,7,2024-12-26,2024-12-29,2025-01-02
5958,48,9,9,2025-01-02,2025-01-05,2025-01-09
5959,48,13,9,2025-01-08,2025-01-11,2025-01-15
5960,48,9,9,2025-01-15,2025-01-16,2025-01-22
5961,48,13,9,2025-01-21,2025-01-24,2025-01-28
5962,48,13,9,2025-02-01,2025-02-04,2025-02-08
5963,48,9,9,2025-02-07,2025-02-10,2025-02-14
5964,48,9,7,2025-02-14,2025-02-15,2025-02-21
5965,48,13,9,2025-02-21,2025-02-24,2025-02-28
5966,48,9,9,2025-02-28,2025-03-03,2025-03-07
5967,48,13,7,2025-03-05,2025-03-07,2025-03-12
5968,48,9,7,2025-03-10,2025-03-11,2025-03-17
5969,48,13,7,2025-03-18,2025-03-20,2025-03-25
5970,48,9,9,2025-03-26,2025-03-28,2025-04-02
5971,48,9,7,2025-04-03,2025-04-05,2025-04-10
5972,48,9,7,2025-04-13,2025-04-14,2025-04-20
5973,48,9,7,2025-04-16,2025-04-17,2025-04-23
5974,48,9,7,2025-04-25,2025-04-28,2025-05-02
5975,48,9,9,2025-05-02,2025-05-05,2025-05-09
5976,48,13,9,2025-05-08,2025-05-09,2025-05-15
5977,48,9,9,2025-05-16,2025-05-18,2025-05-23
5978,48,9,7,2025-05-21,2025-05-24,2025-05-28
5979,48,13,7,2025-05-29,2025-05-30,2025-06-05
5980,48,13,9,2025-06-03,2025-06-05,2025-06-10
5981,48,9,7,2025-06-09,2025-06-11,2025-06-16
5982,48,9,7,2025-06-22,2025-06-24,2025-06-29
5983,48,13,9,2025-06-28,2025-06-30,2025-07-05
5984,48,9,9,2025-06-30,2025-07-01,2025-07-07
5985,48,13,7,2025-07-10,2025-07-12,2025-07-17
5986,48,13,7,2025-07-14,2025-07-15,2025-07-21
5987,48,9,9,2025-07-21,2025-07-22,2025-07-28
5988,48,9,7,2025-07-28,2025-07-30,2025-08-04
5989,48,13,9,2025-08-09,2025-08-11,2025-08-16
5990,48,13,9,2025-08-15,2025-08-17,2025-08-22
5991,48,13,9,2025-08-21,2025-08-22,2025-08-28
5992,48,13,9,2025-08-30,2025-09-02,2025-09-06
5993,48,13,9,2025-09-06,2025-09-08,2025-09-13
5994,48,9,9,2025-09-08,2025-09-09,2025-09-15
5995,48,9,7,2025-09-16,2025-09-17,2025-09-23
5996,48,13,7,2025-09-23,2025-09-26,2025-09-30
5997,48,9,7,2025-09-30,2025-10-03,2025-10-07
5998,48,13,9,2025-10-08,2025-10-11,2025-10-15
5999,48,13,7,2025-10-14,2025-10-15,2025-10-21
6000,48,9,7,2025-10-22,2025-10-25,2025-10-29
6001,48,13,7,2025-10-29,2025-11-01,2025-11-05
6002,48,9,7,2025-11-05,2025-11-07,2025-11-12
6003,48,13,9,2025-11-12,2025-11-13,2025-11-19
6004,48,9,7,2025-11-23,2025-11-25,2025-11-30
6005,48,9,7,2025-11-24,2025-11-25,2025-12-01
6006,48,9,7,2025-12-06,2025-12-07,2025-12-13
6007,48,9,7,2025-12-12,2025-12-14,2025-12-19
6008,48,9,7,2025-12-16,2025-12-18,2025-12-23
6009,48,9,7,2025-12-23,2025-12-24,2025-12-30
6010,48,13,9,2026-01-04,2026-01-05,2026-01-11
6011,48,9,9,2026-01-06,2026-01-08,2026-01-13
6012,48,13,7,2026-01-14,2026-01-15,2026-01-21
6013,48,9,9,2026-01-23,2026-01-24,2026-01-30
6014,48,9,7,2026-02-01,2026-02-03,2026-02-08
6015,48,13,9,2026-02-04,2026-02-05,2026-02-11
6016,48,13,7,2026-02-15,2026-02-16,2026-02-22
6017,48,13,9,2026-02-18,2026-02-20,2026-02-25
6018,48,13,7,2026-02-24,2026-02-27,2026-03-03
6019,48,13,7,2026-03-04,2026-03-07,2026-03-11
6020,48,13,9,2026-03-13,2026-03-14,2026-03-20
6021,48,9,9,2026-03-19,2026-03-20,2026-03-26
6022,48,9,7,2026-03-27,2026-03-29,2026-04-03
6023,48,9,7,2026-03-30,2026-03-31,2026-04-06
6024,48,13,7,2026-04-07,2026-04-10,2026-04-14
6025,48,9,7,2026-04-13,2026-04-16,2026-04-20
6026,48,9,7,2026-04-20,2026-04-22,2026-04-27
6027,48,13,7,2026-04-28,2026-04-29,2026-05-05
6028,48,9,7,2026-05-05,2026-05-06,2026-05-12
6029,48,13,9,2026-05-12,2026-05-14,2026-05-19
6030,48,9,7,2026-05-18,2026-05-20,2026-05-25
6031,48,13,9,2026-05-30,2026-06-02,2026-06-06
6032,48,13,7,2026-06-02,2026-06-05,2026-06-09
6033,48,13,9,2026-06-13,2026-06-15,2026-06-20
6034,48,13,7,2026-06-19,2026-06-22,2026-06-26
6035,48,9,7,2026-06-26,2026-06-27,2026-07-03
6036,48,13,10,2024-07-06,2024-07-09,2024-07-13
6037,48,13,10,2024-07-09,2024-07-10,2024-07-16
6038,48,9,10,2024-07-17,2024-07-20,2024-07-24
6039,48,13,10,2024-07-28,2024-07-29,2024-08-04
6040,48,13,10,2024-08-01,2024-08-04,2024-08-08
6041,48,9,10,2024-08-08,2024-08-11,2024-08-15
6042,48,9,10,2024-08-12,2024-08-14,2024-08-19
6043,48,9,10,2024-08-25,2024-08-28,2024-09-01
6044,48,13,10,2024-08-28,2024-08-30,2024-09-04
6045,48,9,10,2024-09-02,2024-09-04,2024-09-09
6046,48,9,10,2024-09-13,2024-09-14,2024-09-20
6047,48,13,10,2024-09-22,2024-09-23,2024-09-29
6048,48,13,10,2024-09-28,2024-09-29,2024-10-05
6049,48,9,10,2024-10-05,2024-10-07,2024-10-12
6050,48,9,10,2024-10-10,2024-10-11,2024-10-17
6051,48,9,10,2024-10-19,2024-10-20,2024-10-26
6052,48,9,10,2024-10-21,2024-10-22,2024-10-28
6053,48,13,10,2024-10-31,2024-11-03,2024-11-07
6054,48,13,10,2024-11-09,2024-11-12,2024-11-16
6055,48,13,10,2024-11-17,2024-11-20,2024-11-24
6056,48,13,10,2024-11-24,2024-11-25,2024-12-01
6057,48,13,10,2024-12-01,2024-12-03,2024-12-08
6058,48,9,10,2024-12-02,2024-12-05,2024-12-09
6059,48,9,10,2024-12-11,2024-12-13,2024-12-18
6060,48,13,10,2024-12-16,2024-12-19,2024-12-23
6061,48,9,10,2024-12-24,2024-12-25,2024-12-31
6062,48,13,10,2025-01-02,2025-01-03,2025-01-09
6063,48,9,10,2025-01-12,2025-01-14,2025-01-19
6064,48,13,10,2025-01-19,2025-01-22,2025-01-26
6065,48,13,10,2025-01-20,2025-01-22,2025-01-27
6066,48,13,10,2025-01-29,2025-01-31,2025-02-05
6067,48,9,10,2025-02-03,2025-02-06,2025-02-10
6068,48,13,10,2025-02-10,2025-02-11,2025-02-17
6069,48,13,10,2025-02-19,2025-02-21,2025-02-26
6070,48,9,10,2025-02-28,2025-03-02,2025-03-07
6071,48,9,10,2025-03-04,2025-03-07,2025-03-11
6072,48,9,10,2025-03-11,2025-03-12,2025-03-18
6073,48,13,10,2025-03-23,2025-03-24,2025-03-30
6074,48,13,10,2025-03-27,2025-03-28,2025-04-03
6075,48,13,10,2025-04-02,2025-04-03,2025-04-09
6076,48,9,10,2025-04-10,2025-04-13,2025-04-17
6077,48,13,10,2025-04-19,2025-04-21,2025-04-26
6078,48,9,10,2025-04-22,2025-04-24,2025-04-29
6079,48,13,10,2025-04-30,2025-05-02,2025-05-07
6080,48,13,10,2025-05-05,2025-05-08,2025-05-12
6081,48,9,10,2025-05-15,2025-05-17,2025-05-22
6082,48,13,10,2025-05-25,2025-05-28,2025-06-01
6083,48,13,10,2025-05-30,2025-06-01,2025-06-06
6084,48,13,10,2025-06-02,2025-06-04,2025-06-09
6085,48,9,10,2025-06-10,2025-06-12,2025-06-17
6086,48,9,10,2025-06-16,2025-06-18,2025-06-23
6087,48,9,10,2025-06-29,2025-07-02,2025-07-06
6088,48,13,10,2025-07-02,2025-07-05,2025-07-09
6089,48,13,10,2025-07-08,2025-07-09,2025-07-15
6090,48,13,10,2025-07-15,2025-07-17,2025-07-22
6091,48,13,10,2025-07-25,2025-07-28,2025-08-01
6092,48,9,10,2025-07-29,2025-07-30,2025-08-05
6093,48,9,10,2025-08-06,2025-08-09,2025-08-13
6094,48,13,10,2025-08-13,2025-08-16,2025-08-20
6095,48,13,10,2025-08-21,2025-08-23,2025-08-28
6096,48,13,10,2025-08-26,2025-08-27,2025-09-02
6097,48,9,10,2025-09-02,2025-09-03,2025-09-09
6098,48,13,10,2025-09-13,2025-09-15,2025-09-20
6099,48,9,10,2025-09-16,2025-09-19,2025-09-23
6100,48,9,10,2025-09-27,2025-09-29,2025-10-04
6101,48,9,10,2025-10-05,2025-10-06,2025-10-12
6102,48,9,10,2025-10-08,2025-10-10,2025-10-15
6103,48,9,10,2025-10-15,2025-10-18,2025-10-22
6104,48,13,10,2025-10-23,2025-10-24,2025-10-30
6105,48,13,10,2025-10-27,2025-10-29,2025-11-03
6106,48,9,10,2025-11-03,2025-11-05,2025-11-10
6107,48,13,10,2025-11-13,2025-11-14,2025-11-20
6108,48,9,10,2025-11-19,2025-11-20,2025-11-26
6109,48,13,10,2025-11-30,2025-12-02,2025-12-07
6110,48,9,10,2025-12-07,2025-12-08,2025-12-14
6111,48,13,10,2025-12-14,2025-12-17,2025-12-21
6112,48,9,10,2025-12-18,2025-12-20,2025-12-25
6113,48,13,10,2025-12-24,2025-12-25,2025-12-31
6114,48,9,10,2026-01-04,2026-01-05,2026-01-11
6115,48,13,10,2026-01-08,2026-01-10,2026-01-15
6116,48,9,10,2026-01-14,2026-01-16,2026-01-21
6117,48,9,10,2026-01-21,2026-01-24,2026-01-28
6118,48,9,10,2026-01-27,2026-01-29,2026-02-03
6119,48,9,10,2026-02-04,2026-02-06,2026-02-11
6120,48,13,10,2026-02-12,2026-02-13,2026-02-19
6121,48,9,10,2026-02-18,2026-02-20,2026-02-25
6122,48,13,10,2026-03-01,2026-03-03,2026-03-08
6123,48,9,10,2026-03-05,2026-03-07,2026-03-12
6124,48,13,10,2026-03-12,2026-03-14,2026-03-19
6125,48,9,10,2026-03-20,2026-03-22,2026-03-27
6126,48,13,10,2026-03-23,2026-03-24,2026-03-30
6127,48,13,10,2026-03-30,2026-03-31,2026-04-06
6128,48,13,10,2026-04-08,2026-04-10,2026-04-15
6129,48,9,10,2026-04-19,2026-04-20,2026-04-26
6130,48,9,10,2026-04-23,2026-04-24,2026-04-30
6131,48,13,10,2026-04-29,2026-05-01,2026-05-06
6132,48,9,10,2026-05-07,2026-05-09,2026-05-14
6133,48,13,10,2026-05-15,2026-05-18,2026-05-22
6134,48,9,10,2026-05-18,2026-05-20,2026-05-25
6135,48,13,10,2026-05-25,2026-05-28,2026-06-01
6136,48,13,10,2026-06-01,2026-06-03,2026-06-08
6137,48,13,10,2026-06-10,2026-06-13,2026-06-17
6138,48,13,10,2026-06-21,2026-06-24,2026-06-28
6139,48,13,10,2026-06-26,2026-06-27,2026-07-03
6140,49,6,7,2024-10-24,2024-10-27,2027-04-23
6141,49,6,7,2024-11-21,2024-11-23,2027-05-21
6142,49,6,5,2025-04-08,2025-04-10,2027-10-06
6143,49,6,6,2025-08-01,2025-08-02,2028-01-29
6144,49,6,5,2025-11-08,2025-11-09,2028-05-07
6145,49,6,6,2026-06-17,2026-06-18,2028-12-14
6146,49,6,5,2026-06-24,2026-06-25,2028-12-21
6147,50,14,10,2024-10-12,2024-10-13,2025-12-30
6148,50,14,8,2024-12-08,2024-12-09,2026-02-25
6149,50,14,6,2025-05-03,2025-05-04,2026-07-21
6150,50,14,6,2025-08-27,2025-08-28,2026-11-14
6151,50,14,6,2025-11-27,2025-11-28,2027-02-14
6152,50,14,6,2026-04-22,2026-04-25,2027-07-10
6153,51,12,3,2024-07-07,2024-07-09,2024-07-16
6154,51,1,3,2024-07-09,2024-07-12,2024-07-18
6155,51,1,3,2024-07-21,2024-07-24,2024-07-30
6156,51,1,1,2024-07-22,2024-07-24,2024-07-31
6157,51,24,1,2024-07-30,2024-08-01,2024-08-08
6158,51,24,3,2024-08-06,2024-08-07,2024-08-15
6159,51,24,1,2024-08-16,2024-08-18,2024-08-25
6160,51,12,1,2024-08-20,2024-08-22,2024-08-29
6161,51,1,3,2024-08-30,2024-09-01,2024-09-08
6162,51,24,1,2024-09-06,2024-09-09,2024-09-15
6163,51,24,1,2024-09-15,2024-09-16,2024-09-24
6164,51,1,3,2024-09-19,2024-09-21,2024-09-28
6165,51,1,3,2024-09-27,2024-09-30,2024-10-06
6166,51,12,3,2024-10-01,2024-10-04,2024-10-10
6167,51,1,3,2024-10-07,2024-10-09,2024-10-16
6168,51,12,3,2024-10-14,2024-10-17,2024-10-23
6169,51,12,3,2024-10-26,2024-10-27,2024-11-04
6170,51,1,1,2024-10-31,2024-11-03,2024-11-09
6171,51,12,1,2024-11-04,2024-11-06,2024-11-13
6172,51,12,3,2024-11-17,2024-11-20,2024-11-26
6173,51,12,1,2024-11-20,2024-11-22,2024-11-29
6174,51,1,3,2024-11-30,2024-12-01,2024-12-09
6175,51,1,3,2024-12-06,2024-12-07,2024-12-15
6176,51,1,3,2024-12-14,2024-12-15,2024-12-23
6177,51,1,1,2024-12-19,2024-12-21,2024-12-28
6178,51,24,1,2024-12-23,2024-12-24,2025-01-01
6179,51,12,3,2024-12-31,2025-01-03,2025-01-09
6180,51,1,1,2025-01-10,2025-01-12,2025-01-19
6181,51,1,3,2025-01-13,2025-01-14,2025-01-22
6182,51,12,1,2025-01-26,2025-01-28,2025-02-04
6183,51,24,3,2025-02-02,2025-02-05,2025-02-11
6184,51,1,1,2025-02-05,2025-02-06,2025-02-14
6185,51,24,1,2025-02-12,2025-02-13,2025-02-21
6186,51,1,1,2025-02-21,2025-02-23,2025-03-02
6187,51,24,3,2025-03-02,2025-03-03,2025-03-11
6188,51,1,1,2025-03-07,2025-03-09,2025-03-16
6189,51,12,1,2025-03-11,2025-03-12,2025-03-20
6190,51,12,3,2025-03-23,2025-03-24,2025-04-01
6191,51,12,1,2025-03-27,2025-03-28,2025-04-05
6192,51,12,3,2025-03-31,2025-04-01,2025-04-09
6193,51,12,1,2025-04-13,2025-04-14,2025-04-22
6194,51,24,1,2025-04-15,2025-04-17,2025-04-24
6195,51,12,3,2025-04-27,2025-04-30,2025-05-06
6196,51,24,1,2025-05-03,2025-05-06,2025-05-12
6197,51,1,1,2025-05-11,2025-05-13,2025-05-20
6198,51,12,3,2025-05-12,2025-05-14,2025-05-21
6199,51,24,1,2025-05-23,2025-05-26,2025-06-01
6200,51,24,3,2025-05-28,2025-05-29,2025-06-06
6201,51,1,1,2025-06-07,2025-06-08,2025-06-16
6202,51,12,1,2025-06-14,2025-06-16,2025-06-23
6203,51,24,1,2025-06-22,2025-06-24,2025-07-01
6204,51,12,3,2025-06-26,2025-06-27,2025-07-05
6205,51,12,3,2025-07-03,2025-07-05,2025-07-12
6206,51,24,3,2025-07-13,2025-07-15,2025-07-22
6207,51,1,1,2025-07-17,2025-07-19,2025-07-26
6208,51,12,3,2025-07-23,2025-07-24,2025-08-01
6209,51,12,3,2025-08-01,2025-08-03,2025-08-10
6210,51,12,1,2025-08-10,2025-08-13,2025-08-19
6211,51,12,1,2025-08-13,2025-08-14,2025-08-22
6212,51,24,3,2025-08-24,2025-08-26,2025-09-02
6213,51,1,1,2025-08-31,2025-09-03,2025-09-09
6214,51,1,3,2025-09-07,2025-09-08,2025-09-16
6215,51,12,3,2025-09-14,2025-09-16,2025-09-23
6216,51,24,3,2025-09-17,2025-09-19,2025-09-26
6217,51,24,1,2025-09-25,2025-09-27,2025-10-04
6218,51,1,1,2025-10-04,2025-10-07,2025-10-13
6219,51,24,1,2025-10-10,2025-10-12,2025-10-19
6220,51,12,3,2025-10-14,2025-10-17,2025-10-23
6221,51,1,3,2025-10-26,2025-10-29,2025-11-04
6222,51,12,3,2025-10-30,2025-11-02,2025-11-08
6223,51,24,1,2025-11-06,2025-11-09,2025-11-15
6224,51,1,1,2025-11-16,2025-11-19,2025-11-25
6225,51,24,1,2025-11-19,2025-11-21,2025-11-28
6226,51,24,1,2025-11-26,2025-11-29,2025-12-05
6227,51,12,3,2025-12-03,2025-12-04,2025-12-12
6228,51,24,1,2025-12-14,2025-12-16,2025-12-23
6229,51,24,1,2025-12-15,2025-12-16,2025-12-24
6230,51,24,3,2025-12-24,2025-12-27,2026-01-02
6231,51,1,1,2025-12-31,2026-01-01,2026-01-09
6232,51,24,3,2026-01-11,2026-01-14,2026-01-20
6233,51,12,1,2026-01-16,2026-01-17,2026-01-25
6234,51,24,3,2026-01-19,2026-01-21,2026-01-28
6235,51,1,3,2026-01-28,2026-01-31,2026-02-06
6236,51,1,3,2026-02-03,2026-02-05,2026-02-12
6237,51,1,3,2026-02-12,2026-02-13,2026-02-21
6238,51,1,1,2026-02-20,2026-02-23,2026-03-01
6239,51,24,3,2026-03-01,2026-03-03,2026-03-10
6240,51,12,1,2026-03-04,2026-03-07,2026-03-13
6241,51,12,1,2026-03-11,2026-03-13,2026-03-20
6242,51,1,3,2026-03-22,2026-03-24,2026-03-31
6243,51,12,1,2026-03-29,2026-03-31,2026-04-07
6244,51,1,1,2026-04-04,2026-04-05,2026-04-13
6245,51,12,1,2026-04-11,2026-04-12,2026-04-20
6246,51,12,3,2026-04-17,2026-04-19,2026-04-26
6247,51,12,3,2026-04-21,2026-04-22,2026-04-30
6248,51,1,3,2026-05-01,2026-05-04,2026-05-10
6249,51,1,3,2026-05-04,2026-05-06,2026-05-13
6250,51,12,3,2026-05-17,2026-05-19,2026-05-26
6251,51,12,1,2026-05-23,2026-05-26,2026-06-01
6252,51,24,3,2026-05-31,2026-06-02,2026-06-09
6253,51,24,3,2026-06-02,2026-06-04,2026-06-11
6254,51,12,1,2026-06-09,2026-06-10,2026-06-18
6255,51,24,1,2026-06-20,2026-06-22,2026-06-29
6256,51,12,3,2026-06-28,2026-06-30,2026-07-07
6257,51,1,4,2024-07-01,2024-07-02,2024-07-10
6258,51,1,4,2024-07-09,2024-07-10,2024-07-18
6259,51,1,4,2024-07-19,2024-07-20,2024-07-28
6260,51,12,4,2024-07-26,2024-07-27,2024-08-04
6261,51,24,4,2024-08-03,2024-08-04,2024-08-12
6262,51,1,4,2024-08-09,2024-08-11,2024-08-18
6263,51,1,4,2024-08-16,2024-08-18,2024-08-25
6264,51,24,4,2024-08-25,2024-08-26,2024-09-03
6265,51,12,4,2024-08-31,2024-09-02,2024-09-09
6266,51,1,4,2024-09-06,2024-09-07,2024-09-15
6267,51,24,4,2024-09-11,2024-09-12,2024-09-20
6268,51,12,4,2024-09-18,2024-09-21,2024-09-27
6269,51,12,4,2024-09-28,2024-09-29,2024-10-07
6270,51,12,4,2024-10-03,2024-10-04,2024-10-12
6271,51,24,4,2024-10-09,2024-10-10,2024-10-18
6272,51,1,4,2024-10-20,2024-10-22,2024-10-29
6273,51,12,4,2024-10-27,2024-10-30,2024-11-05
6274,51,1,4,2024-10-29,2024-10-30,2024-11-07
6275,51,12,4,2024-11-08,2024-11-09,2024-11-17
6276,51,1,4,2024-11-14,2024-11-16,2024-11-23
6277,51,24,4,2024-11-24,2024-11-26,2024-12-03
6278,51,12,4,2024-11-25,2024-11-27,2024-12-04
6279,51,24,4,2024-12-07,2024-12-10,2024-12-16
6280,51,12,4,2024-12-14,2024-12-17,2024-12-23
6281,51,12,4,2024-12-22,2024-12-24,2024-12-31
6282,51,12,4,2024-12-28,2024-12-31,2025-01-06
6283,51,12,4,2025-01-04,2025-01-05,2025-01-13
6284,51,1,4,2025-01-06,2025-01-07,2025-01-15
6285,51,24,4,2025-01-17,2025-01-19,2025-01-26
6286,51,12,4,2025-01-21,2025-01-23,2025-01-30
6287,51,24,4,2025-01-28,2025-01-29,2025-02-06
6288,51,24,4,2025-02-09,2025-02-10,2025-02-18
6289,51,1,4,2025-02-16,2025-02-19,2025-02-25
6290,51,12,4,2025-02-17,2025-02-19,2025-02-26
6291,51,12,4,2025-02-28,2025-03-01,2025-03-09
6292,51,12,4,2025-03-06,2025-03-07,2025-03-15
6293,51,24,4,2025-03-12,2025-03-14,2025-03-21
6294,51,24,4,2025-03-22,2025-03-24,2025-03-31
6295,51,1,4,2025-03-25,2025-03-27,2025-04-03
6296,51,12,4,2025-04-02,2025-04-04,2025-04-11
6297,51,24,4,2025-04-13,2025-04-16,2025-04-22
6298,51,12,4,2025-04-20,2025-04-21,2025-04-29
6299,51,1,4,2025-04-26,2025-04-28,2025-05-05
6300,51,12,4,2025-05-01,2025-05-02,2025-05-10
6301,51,1,4,2025-05-10,2025-05-13,2025-05-19
6302,51,24,4,2025-05-15,2025-05-17,2025-05-24
6303,51,24,4,2025-05-24,2025-05-26,2025-06-02
6304,51,1,4,2025-06-01,2025-06-04,2025-06-10
6305,51,1,4,2025-06-07,2025-06-10,2025-06-16
6306,51,24,4,2025-06-12,2025-06-14,2025-06-21
6307,51,24,4,2025-06-19,2025-06-22,2025-06-28
6308,51,1,4,2025-06-29,2025-07-01,2025-07-08
6309,51,12,4,2025-07-02,2025-07-03,2025-07-11
6310,51,12,4,2025-07-09,2025-07-12,2025-07-18
6311,51,1,4,2025-07-16,2025-07-19,2025-07-25
6312,51,12,4,2025-07-26,2025-07-27,2025-08-04
6313,51,12,4,2025-07-30,2025-07-31,2025-08-08
6314,51,24,4,2025-08-09,2025-08-10,2025-08-18
6315,51,1,4,2025-08-13,2025-08-14,2025-08-22
6316,51,1,4,2025-08-19,2025-08-20,2025-08-28
6317,51,24,4,2025-08-27,2025-08-29,2025-09-05
6318,51,1,4,2025-09-03,2025-09-04,2025-09-12
6319,51,12,4,2025-09-09,2025-09-11,2025-09-18
6320,51,12,4,2025-09-15,2025-09-16,2025-09-24
6321,51,12,4,2025-09-23,2025-09-25,2025-10-02
6322,51,1,4,2025-10-02,2025-10-05,2025-10-11
6323,51,12,4,2025-10-12,2025-10-15,2025-10-21
6324,51,24,4,2025-10-18,2025-10-21,2025-10-27
6325,51,1,4,2025-10-20,2025-10-23,2025-10-29
6326,51,12,4,2025-10-27,2025-10-30,2025-11-05
6327,51,24,4,2025-11-07,2025-11-10,2025-11-16
6328,51,1,4,2025-11-10,2025-11-11,2025-11-19
6329,51,12,4,2025-11-22,2025-11-23,2025-12-01
6330,51,24,4,2025-11-25,2025-11-28,2025-12-04
6331,51,12,4,2025-12-07,2025-12-10,2025-12-16
6332,51,12,4,2025-12-08,2025-12-09,2025-12-17
6333,51,12,4,2025-12-20,2025-12-21,2025-12-29
6334,51,12,4,2025-12-25,2025-12-26,2026-01-03
6335,51,1,4,2025-12-29,2025-12-30,2026-01-07
6336,51,1,4,2026-01-08,2026-01-10,2026-01-17
6337,51,12,4,2026-01-15,2026-01-18,2026-01-24
6338,51,24,4,2026-01-25,2026-01-26,2026-02-03
6339,51,12,4,2026-01-29,2026-01-30,2026-02-07
6340,51,1,4,2026-02-06,2026-02-09,2026-02-15
6341,51,12,4,2026-02-11,2026-02-13,2026-02-20
6342,51,12,4,2026-02-21,2026-02-24,2026-03-02
6343,51,24,4,2026-02-23,2026-02-25,2026-03-04
6344,51,12,4,2026-03-02,2026-03-03,2026-03-11
6345,51,12,4,2026-03-12,2026-03-13,2026-03-21
6346,51,24,4,2026-03-16,2026-03-18,2026-03-25
6347,51,1,4,2026-03-26,2026-03-29,2026-04-04
6348,51,1,4,2026-04-04,2026-04-06,2026-04-13
6349,51,24,4,2026-04-11,2026-04-13,2026-04-20
6350,51,12,4,2026-04-14,2026-04-16,2026-04-23
6351,51,12,4,2026-04-23,2026-04-26,2026-05-02
6352,51,24,4,2026-04-28,2026-04-30,2026-05-07
6353,51,12,4,2026-05-06,2026-05-09,2026-05-15
6354,51,1,4,2026-05-14,2026-05-17,2026-05-23
6355,51,12,4,2026-05-21,2026-05-23,2026-05-30
6356,51,12,4,2026-05-28,2026-05-30,2026-06-06
6357,51,1,4,2026-06-01,2026-06-04,2026-06-10
6358,51,12,4,2026-06-09,2026-06-12,2026-06-18
6359,51,24,4,2026-06-17,2026-06-18,2026-06-26
6360,51,24,4,2026-06-23,2026-06-25,2026-07-02
6361,51,12,4,2026-06-29,2026-06-30,2026-07-08
6362,51,24,5,2024-07-05,2024-07-08,2024-07-14
6363,51,24,5,2024-07-09,2024-07-11,2024-07-18
6364,51,1,5,2024-07-19,2024-07-22,2024-07-28
6365,51,24,5,2024-07-26,2024-07-29,2024-08-04
6366,51,12,5,2024-08-01,2024-08-03,2024-08-10
6367,51,1,5,2024-08-05,2024-08-08,2024-08-14
6368,51,1,5,2024-08-12,2024-08-15,2024-08-21
6369,51,24,5,2024-08-25,2024-08-28,2024-09-03
6370,51,24,5,2024-08-27,2024-08-28,2024-09-05
6371,51,12,5,2024-09-08,2024-09-09,2024-09-17
6372,51,24,5,2024-09-11,2024-09-13,2024-09-20
6373,51,1,5,2024-09-16,2024-09-19,2024-09-25
6374,51,12,5,2024-09-26,2024-09-28,2024-10-05
6375,51,1,5,2024-10-04,2024-10-06,2024-10-13
6376,51,1,5,2024-10-09,2024-10-10,2024-10-18
6377,51,24,5,2024-10-18,2024-10-21,2024-10-27
6378,51,1,5,2024-10-27,2024-10-29,2024-11-05
6379,51,24,5,2024-11-01,2024-11-04,2024-11-10
6380,51,1,5,2024-11-06,2024-11-09,2024-11-15
6381,51,24,5,2024-11-11,2024-11-13,2024-11-20
6382,51,24,5,2024-11-19,2024-11-20,2024-11-28
6383,51,1,5,2024-11-28,2024-11-29,2024-12-07
6384,51,12,5,2024-12-03,2024-12-05,2024-12-12
6385,51,24,5,2024-12-12,2024-12-14,2024-12-21
6386,51,12,5,2024-12-19,2024-12-21,2024-12-28
6387,51,24,5,2024-12-23,2024-12-24,2025-01-01
6388,51,1,5,2024-12-30,2024-12-31,2025-01-08
6389,51,24,5,2025-01-07,2025-01-09,2025-01-16
6390,51,24,5,2025-01-15,2025-01-18,2025-01-24
6391,51,12,5,2025-01-24,2025-01-27,2025-02-02
6392,51,1,5,2025-01-30,2025-02-02,2025-02-08
6393,51,24,5,2025-02-05,2025-02-08,2025-02-14
6394,51,24,5,2025-02-13,2025-02-16,2025-02-22
6395,51,24,5,2025-02-22,2025-02-25,2025-03-03
6396,51,24,5,2025-02-26,2025-03-01,2025-03-07
6397,51,12,5,2025-03-08,2025-03-09,2025-03-17
6398,51,1,5,2025-03-13,2025-03-15,2025-03-22
6399,51,12,5,2025-03-17,2025-03-18,2025-03-26
6400,51,12,5,2025-03-30,2025-04-01,2025-04-08
6401,51,1,5,2025-04-04,2025-04-07,2025-04-13
6402,51,24,5,2025-04-11,2025-04-13,2025-04-20
6403,51,24,5,2025-04-15,2025-04-17,2025-04-24
6404,51,1,5,2025-04-21,2025-04-22,2025-04-30
6405,51,1,5,2025-05-03,2025-05-04,2025-05-12
6406,51,24,5,2025-05-08,2025-05-11,2025-05-17
6407,51,24,5,2025-05-12,2025-05-15,2025-05-21
6408,51,24,5,2025-05-19,2025-05-22,2025-05-28
6409,51,12,5,2025-05-29,2025-06-01,2025-06-07
6410,51,24,5,2025-06-02,2025-06-03,2025-06-11
6411,51,12,5,2025-06-13,2025-06-15,2025-06-22
6412,51,1,5,2025-06-18,2025-06-19,2025-06-27
6413,51,24,5,2025-06-23,2025-06-24,2025-07-02
6414,51,12,5,2025-06-30,2025-07-03,2025-07-09
6415,51,1,5,2025-07-09,2025-07-12,2025-07-18
6416,51,1,5,2025-07-19,2025-07-21,2025-07-28
6417,51,1,5,2025-07-23,2025-07-25,2025-08-01
6418,51,1,5,2025-07-30,2025-08-01,2025-08-08
6419,51,12,5,2025-08-09,2025-08-12,2025-08-18
6420,51,12,5,2025-08-12,2025-08-15,2025-08-21
6421,51,1,5,2025-08-24,2025-08-26,2025-09-02
6422,51,1,5,2025-08-26,2025-08-27,2025-09-04
6423,51,24,5,2025-09-02,2025-09-04,2025-09-11
6424,51,12,5,2025-09-12,2025-09-14,2025-09-21
6425,51,12,5,2025-09-17,2025-09-19,2025-09-26
6426,51,12,5,2025-09-22,2025-09-25,2025-10-01
6427,51,1,5,2025-09-30,2025-10-01,2025-10-09
6428,51,12,5,2025-10-12,2025-10-15,2025-10-21
6429,51,24,5,2025-10-17,2025-10-20,2025-10-26
6430,51,24,5,2025-10-21,2025-10-22,2025-10-30
6431,51,1,5,2025-10-29,2025-11-01,2025-11-07
6432,51,24,5,2025-11-07,2025-11-08,2025-11-16
6433,51,12,5,2025-11-16,2025-11-18,2025-11-25
6434,51,24,5,2025-11-17,2025-11-18,2025-11-26
6435,51,12,5,2025-11-26,2025-11-28,2025-12-05
6436,51,12,5,2025-12-03,2025-12-06,2025-12-12
6437,51,24,5,2025-12-14,2025-12-17,2025-12-23
6438,51,12,5,2025-12-20,2025-12-22,2025-12-29
6439,51,12,5,2025-12-22,2025-12-23,2025-12-31
6440,51,24,5,2026-01-03,2026-01-05,2026-01-12
6441,51,12,5,2026-01-08,2026-01-09,2026-01-17
6442,51,1,5,2026-01-14,2026-01-16,2026-01-23
6443,51,24,5,2026-01-21,2026-01-24,2026-01-30
6444,51,12,5,2026-01-29,2026-01-30,2026-02-07
6445,51,1,5,2026-02-06,2026-02-09,2026-02-15
6446,51,24,5,2026-02-15,2026-02-17,2026-02-24
6447,51,12,5,2026-02-22,2026-02-25,2026-03-03
6448,51,24,5,2026-03-01,2026-03-04,2026-03-10
6449,51,12,5,2026-03-07,2026-03-10,2026-03-16
6450,51,1,5,2026-03-14,2026-03-17,2026-03-23
6451,51,24,5,2026-03-19,2026-03-22,2026-03-28
6452,51,12,5,2026-03-23,2026-03-25,2026-04-01
6453,51,24,5,2026-04-02,2026-04-05,2026-04-11
6454,51,1,5,2026-04-07,2026-04-10,2026-04-16
6455,51,24,5,2026-04-16,2026-04-18,2026-04-25
6456,51,1,5,2026-04-21,2026-04-22,2026-04-30
6457,51,1,5,2026-05-01,2026-05-04,2026-05-10
6458,51,24,5,2026-05-08,2026-05-09,2026-05-17
6459,51,1,5,2026-05-14,2026-05-16,2026-05-23
6460,51,24,5,2026-05-24,2026-05-26,2026-06-02
6461,51,12,5,2026-05-28,2026-05-30,2026-06-06
6462,51,24,5,2026-06-02,2026-06-05,2026-06-11
6463,51,24,5,2026-06-14,2026-06-16,2026-06-23
6464,51,24,5,2026-06-20,2026-06-22,2026-06-29
6465,51,12,5,2026-06-27,2026-06-28,2026-07-06
6466,51,12,7,2024-07-07,2024-07-10,2024-07-16
6467,51,1,7,2024-07-14,2024-07-16,2024-07-23
6468,51,1,9,2024-07-15,2024-07-16,2024-07-24
6469,51,24,9,2024-07-23,2024-07-24,2024-08-01
6470,51,12,7,2024-08-02,2024-08-05,2024-08-11
6471,51,1,7,2024-08-08,2024-08-11,2024-08-17
6472,51,1,9,2024-08-13,2024-08-16,2024-08-22
6473,51,12,9,2024-08-19,2024-08-20,2024-08-28
6474,51,1,9,2024-08-26,2024-08-27,2024-09-04
6475,51,24,9,2024-09-03,2024-09-04,2024-09-12
6476,51,1,7,2024-09-12,2024-09-14,2024-09-21
6477,51,12,9,2024-09-16,2024-09-19,2024-09-25
6478,51,24,7,2024-09-29,2024-09-30,2024-10-08
6479,51,24,9,2024-10-03,2024-10-05,2024-10-12
6480,51,12,7,2024-10-08,2024-10-09,2024-10-17
6481,51,1,9,2024-10-16,2024-10-19,2024-10-25
6482,51,1,7,2024-10-26,2024-10-28,2024-11-04
6483,51,12,7,2024-11-01,2024-11-03,2024-11-10
6484,51,24,7,2024-11-05,2024-11-06,2024-11-14
6485,51,24,9,2024-11-17,2024-11-18,2024-11-26
6486,51,24,9,2024-11-19,2024-11-21,2024-11-28
6487,51,12,9,2024-11-28,2024-12-01,2024-12-07
6488,51,12,9,2024-12-08,2024-12-11,2024-12-17
6489,51,24,7,2024-12-13,2024-12-16,2024-12-22
6490,51,1,9,2024-12-19,2024-12-21,2024-12-28
6491,51,12,9,2024-12-26,2024-12-29,2025-01-04
6492,51,1,9,2025-01-04,2025-01-06,2025-01-13
6493,51,1,9,2025-01-09,2025-01-12,2025-01-18
6494,51,12,7,2025-01-15,2025-01-18,2025-01-24
6495,51,1,9,2025-01-26,2025-01-28,2025-02-04
6496,51,1,9,2025-01-30,2025-01-31,2025-02-08
6497,51,12,7,2025-02-09,2025-02-11,2025-02-18
6498,51,24,9,2025-02-16,2025-02-19,2025-02-25
6499,51,1,7,2025-02-23,2025-02-25,2025-03-04
6500,51,24,9,2025-02-26,2025-02-28,2025-03-07
6501,51,12,7,2025-03-05,2025-03-07,2025-03-14
6502,51,1,7,2025-03-16,2025-03-18,2025-03-25
6503,51,1,9,2025-03-19,2025-03-21,2025-03-28
6504,51,12,9,2025-03-24,2025-03-25,2025-04-02
6505,51,1,9,2025-04-03,2025-04-04,2025-04-12
6506,51,1,9,2025-04-11,2025-04-13,2025-04-20
6507,51,1,7,2025-04-19,2025-04-22,2025-04-28
6508,51,1,9,2025-04-24,2025-04-26,2025-05-03
6509,51,12,7,2025-04-30,2025-05-03,2025-05-09
6510,51,12,9,2025-05-11,2025-05-12,2025-05-20
6511,51,1,7,2025-05-16,2025-05-19,2025-05-25
6512,51,12,7,2025-05-21,2025-05-22,2025-05-30
6513,51,12,7,2025-05-29,2025-05-31,2025-06-07
6514,51,1,7,2025-06-02,2025-06-04,2025-06-11
6515,51,1,9,2025-06-11,2025-06-14,2025-06-20
6516,51,1,9,2025-06-21,2025-06-22,2025-06-30
6517,51,24,9,2025-06-28,2025-07-01,2025-07-07
6518,51,1,9,2025-07-03,2025-07-06,2025-07-12
6519,51,12,7,2025-07-12,2025-07-15,2025-07-21
6520,51,12,9,2025-07-14,2025-07-17,2025-07-23
6521,51,24,9,2025-07-24,2025-07-26,2025-08-02
6522,51,1,9,2025-08-01,2025-08-04,2025-08-10
6523,51,24,9,2025-08-09,2025-08-10,2025-08-18
6524,51,12,9,2025-08-12,2025-08-14,2025-08-21
6525,51,24,7,2025-08-24,2025-08-25,2025-09-02
6526,51,12,7,2025-08-30,2025-08-31,2025-09-08
6527,51,24,7,2025-09-04,2025-09-07,2025-09-13
6528,51,24,9,2025-09-08,2025-09-09,2025-09-17
6529,51,1,7,2025-09-19,2025-09-22,2025-09-28
6530,51,12,7,2025-09-23,2025-09-25,2025-10-02
6531,51,12,7,2025-10-01,2025-10-02,2025-10-10
6532,51,12,7,2025-10-07,2025-10-10,2025-10-16
6533,51,12,9,2025-10-13,2025-10-16,2025-10-22
6534,51,24,9,2025-10-20,2025-10-22,2025-10-29
6535,51,24,7,2025-10-28,2025-10-30,2025-11-06
6536,51,12,9,2025-11-08,2025-11-10,2025-11-17
6537,51,12,7,2025-11-15,2025-11-17,2025-11-24
6538,51,1,7,2025-11-23,2025-11-25,2025-12-02
6539,51,24,9,2025-11-25,2025-11-28,2025-12-04
6540,51,1,9,2025-12-01,2025-12-02,2025-12-10
6541,51,24,7,2025-12-13,2025-12-16,2025-12-22
6542,51,12,9,2025-12-19,2025-12-20,2025-12-28
6543,51,12,7,2025-12-22,2025-12-24,2025-12-31
6544,51,12,7,2025-12-31,2026-01-01,2026-01-09
6545,51,1,9,2026-01-06,2026-01-07,2026-01-15
6546,51,24,7,2026-01-12,2026-01-15,2026-01-21
6547,51,24,7,2026-01-25,2026-01-27,2026-02-03
6548,51,1,9,2026-01-29,2026-02-01,2026-02-07
6549,51,1,9,2026-02-07,2026-02-10,2026-02-16
6550,51,24,9,2026-02-12,2026-02-15,2026-02-21
6551,51,12,7,2026-02-21,2026-02-23,2026-03-02
6552,51,1,9,2026-03-01,2026-03-04,2026-03-10
6553,51,12,7,2026-03-04,2026-03-07,2026-03-13
6554,51,24,7,2026-03-10,2026-03-12,2026-03-19
6555,51,24,9,2026-03-21,2026-03-22,2026-03-30
6556,51,12,9,2026-03-24,2026-03-25,2026-04-02
6557,51,1,9,2026-03-30,2026-04-01,2026-04-08
6558,51,24,9,2026-04-11,2026-04-12,2026-04-20
6559,51,1,9,2026-04-18,2026-04-19,2026-04-27
6560,51,12,7,2026-04-25,2026-04-28,2026-05-04
6561,51,1,9,2026-05-03,2026-05-06,2026-05-12
6562,51,12,7,2026-05-04,2026-05-07,2026-05-13
6563,51,1,9,2026-05-17,2026-05-19,2026-05-26
6564,51,1,9,2026-05-24,2026-05-27,2026-06-02
6565,51,24,7,2026-05-25,2026-05-27,2026-06-03
6566,51,24,9,2026-06-06,2026-06-08,2026-06-15
6567,51,24,9,2026-06-12,2026-06-15,2026-06-21
6568,51,1,9,2026-06-17,2026-06-19,2026-06-26
6569,51,12,9,2026-06-23,2026-06-25,2026-07-02
6570,51,1,9,2026-06-30,2026-07-02,2026-07-09
6571,51,12,10,2024-07-03,2024-07-04,2024-07-12
6572,51,24,10,2024-07-10,2024-07-12,2024-07-19
6573,51,12,10,2024-07-16,2024-07-17,2024-07-25
6574,51,1,10,2024-07-22,2024-07-23,2024-07-31
6575,51,12,10,2024-07-29,2024-07-30,2024-08-07
6576,51,12,10,2024-08-08,2024-08-09,2024-08-17
6577,51,12,10,2024-08-17,2024-08-19,2024-08-26
6578,51,1,10,2024-08-25,2024-08-26,2024-09-03
6579,51,12,10,2024-08-27,2024-08-30,2024-09-05
6580,51,24,10,2024-09-05,2024-09-07,2024-09-14
6581,51,12,10,2024-09-11,2024-09-12,2024-09-20
6582,51,24,10,2024-09-21,2024-09-23,2024-09-30
6583,51,24,10,2024-09-23,2024-09-24,2024-10-02
6584,51,1,10,2024-10-06,2024-10-09,2024-10-15
6585,51,24,10,2024-10-11,2024-10-13,2024-10-20
6586,51,12,10,2024-10-18,2024-10-20,2024-10-27
6587,51,24,10,2024-10-23,2024-10-26,2024-11-01
6588,51,1,10,2024-11-03,2024-11-05,2024-11-12
6589,51,1,10,2024-11-06,2024-11-08,2024-11-15
6590,51,12,10,2024-11-11,2024-11-14,2024-11-20
6591,51,12,10,2024-11-18,2024-11-20,2024-11-27
6592,51,12,10,2024-11-28,2024-11-30,2024-12-07
6593,51,24,10,2024-12-08,2024-12-11,2024-12-17
6594,51,12,10,2024-12-12,2024-12-13,2024-12-21
6595,51,12,10,2024-12-19,2024-12-21,2024-12-28
6596,51,12,10,2024-12-28,2024-12-29,2025-01-06
6597,51,12,10,2025-01-04,2025-01-07,2025-01-13
6598,51,24,10,2025-01-09,2025-01-11,2025-01-18
6599,51,24,10,2025-01-16,2025-01-19,2025-01-25
6600,51,12,10,2025-01-24,2025-01-26,2025-02-02
6601,51,12,10,2025-01-27,2025-01-29,2025-02-05
6602,51,12,10,2025-02-07,2025-02-08,2025-02-16
6603,51,12,10,2025-02-16,2025-02-18,2025-02-25
6604,51,1,10,2025-02-23,2025-02-26,2025-03-04
6605,51,24,10,2025-02-24,2025-02-27,2025-03-05
6606,51,12,10,2025-03-05,2025-03-07,2025-03-14
6607,51,1,10,2025-03-15,2025-03-17,2025-03-24
6608,51,24,10,2025-03-19,2025-03-22,2025-03-28
6609,51,24,10,2025-03-27,2025-03-30,2025-04-05
6610,51,24,10,2025-04-04,2025-04-07,2025-04-13
6611,51,24,10,2025-04-09,2025-04-11,2025-04-18
6612,51,12,10,2025-04-20,2025-04-22,2025-04-29
6613,51,24,10,2025-04-27,2025-04-28,2025-05-06
6614,51,12,10,2025-04-30,2025-05-03,2025-05-09
6615,51,1,10,2025-05-10,2025-05-13,2025-05-19
6616,51,12,10,2025-05-17,2025-05-18,2025-05-26
6617,51,24,10,2025-05-24,2025-05-27,2025-06-02
6618,51,24,10,2025-05-28,2025-05-29,2025-06-06
6619,51,12,10,2025-06-04,2025-06-05,2025-06-13
6620,51,1,10,2025-06-10,2025-06-13,2025-06-19
6621,51,12,10,2025-06-22,2025-06-25,2025-07-01
6622,51,12,10,2025-06-29,2025-07-01,2025-07-08
6623,51,24,10,2025-07-03,2025-07-05,2025-07-12
6624,51,12,10,2025-07-08,2025-07-09,2025-07-17
6625,51,1,10,2025-07-19,2025-07-21,2025-07-28
6626,51,24,10,2025-07-25,2025-07-28,2025-08-03
6627,51,24,10,2025-07-29,2025-07-31,2025-08-07
6628,51,24,10,2025-08-07,2025-08-10,2025-08-16
6629,51,1,10,2025-08-11,2025-08-14,2025-08-20
6630,51,24,10,2025-08-23,2025-08-24,2025-09-01
6631,51,12,10,2025-08-30,2025-08-31,2025-09-08
6632,51,12,10,2025-09-04,2025-09-06,2025-09-13
6633,51,12,10,2025-09-11,2025-09-13,2025-09-20
6634,51,1,10,2025-09-17,2025-09-18,2025-09-26
6635,51,12,10,2025-09-23,2025-09-26,2025-10-02
6636,51,12,10,2025-10-04,2025-10-06,2025-10-13
6637,51,12,10,2025-10-06,2025-10-09,2025-10-15
6638,51,1,10,2025-10-17,2025-10-18,2025-10-26
6639,51,24,10,2025-10-20,2025-10-22,2025-10-29
6640,51,12,10,2025-11-02,2025-11-04,2025-11-11
6641,51,1,10,2025-11-03,2025-11-06,2025-11-12
6642,51,24,10,2025-11-16,2025-11-17,2025-11-25
6643,51,1,10,2025-11-19,2025-11-21,2025-11-28
6644,51,1,10,2025-11-26,2025-11-29,2025-12-05
6645,51,24,10,2025-12-03,2025-12-05,2025-12-12
6646,51,24,10,2025-12-09,2025-12-11,2025-12-18
6647,51,12,10,2025-12-19,2025-12-20,2025-12-28
6648,51,12,10,2025-12-26,2025-12-27,2026-01-04
6649,51,12,10,2025-12-30,2025-12-31,2026-01-08
6650,51,1,10,2026-01-11,2026-01-12,2026-01-20
6651,51,12,10,2026-01-13,2026-01-16,2026-01-22
6652,51,1,10,2026-01-25,2026-01-26,2026-02-03
6653,51,24,10,2026-01-27,2026-01-29,2026-02-05
6654,51,12,10,2026-02-02,2026-02-04,2026-02-11
6655,51,12,10,2026-02-11,2026-02-12,2026-02-20
6656,51,1,10,2026-02-20,2026-02-22,2026-03-01
6657,51,12,10,2026-02-23,2026-02-26,2026-03-04
6658,51,1,10,2026-03-05,2026-03-08,2026-03-14
6659,51,1,10,2026-03-13,2026-03-16,2026-03-22
6660,51,12,10,2026-03-20,2026-03-21,2026-03-29
6661,51,1,10,2026-03-28,2026-03-30,2026-04-06
6662,51,24,10,2026-03-31,2026-04-01,2026-04-09
6663,51,12,10,2026-04-09,2026-04-10,2026-04-18
6664,51,12,10,2026-04-19,2026-04-22,2026-04-28
6665,51,1,10,2026-04-20,2026-04-23,2026-04-29
6666,51,12,10,2026-04-29,2026-04-30,2026-05-08
6667,51,24,10,2026-05-05,2026-05-07,2026-05-14
6668,51,12,10,2026-05-16,2026-05-17,2026-05-25
6669,51,1,10,2026-05-23,2026-05-26,2026-06-01
6670,51,24,10,2026-05-30,2026-05-31,2026-06-08
6671,51,24,10,2026-06-07,2026-06-10,2026-06-16
6672,51,12,10,2026-06-11,2026-06-13,2026-06-20
6673,51,24,10,2026-06-18,2026-06-21,2026-06-27
6674,51,24,10,2026-06-28,2026-06-30,2026-07-07
6675,52,3,3,2024-07-03,2024-07-05,2024-07-10
6676,52,3,3,2024-07-09,2024-07-10,2024-07-16
6677,52,24,3,2024-07-19,2024-07-20,2024-07-26
6678,52,3,1,2024-07-23,2024-07-24,2024-07-30
6679,52,3,3,2024-08-02,2024-08-04,2024-08-09
6680,52,3,3,2024-08-08,2024-08-11,2024-08-15
6681,52,3,1,2024-08-16,2024-08-17,2024-08-23
6682,52,3,3,2024-08-20,2024-08-21,2024-08-27
6683,52,3,3,2024-08-28,2024-08-31,2024-09-04
6684,52,3,1,2024-09-04,2024-09-07,2024-09-11
6685,52,24,3,2024-09-12,2024-09-13,2024-09-19
6686,52,24,1,2024-09-20,2024-09-23,2024-09-27
6687,52,3,1,2024-09-26,2024-09-28,2024-10-03
6688,52,3,3,2024-10-01,2024-10-04,2024-10-08
6689,52,24,1,2024-10-13,2024-10-15,2024-10-20
6690,52,24,1,2024-10-15,2024-10-18,2024-10-22
6691,52,3,3,2024-10-27,2024-10-28,2024-11-03
6692,52,24,3,2024-11-02,2024-11-05,2024-11-09
6693,52,24,1,2024-11-10,2024-11-12,2024-11-17
6694,52,3,3,2024-11-13,2024-11-15,2024-11-20
6695,52,24,3,2024-11-24,2024-11-27,2024-12-01
6696,52,3,1,2024-11-25,2024-11-26,2024-12-02
6697,52,3,3,2024-12-04,2024-12-07,2024-12-11
6698,52,24,3,2024-12-13,2024-12-15,2024-12-20
6699,52,24,1,2024-12-17,2024-12-18,2024-12-24
6700,52,3,3,2024-12-28,2024-12-29,2025-01-04
6701,52,24,1,2024-12-30,2024-12-31,2025-01-06
6702,52,24,1,2025-01-10,2025-01-12,2025-01-17
6703,52,24,3,2025-01-19,2025-01-20,2025-01-26
6704,52,24,1,2025-01-23,2025-01-26,2025-01-30
6705,52,3,1,2025-01-31,2025-02-01,2025-02-07
6706,52,3,3,2025-02-06,2025-02-07,2025-02-13
6707,52,24,3,2025-02-13,2025-02-16,2025-02-20
6708,52,24,3,2025-02-17,2025-02-18,2025-02-24
6709,52,24,3,2025-02-26,2025-02-27,2025-03-05
6710,52,3,1,2025-03-04,2025-03-05,2025-03-11
6711,52,24,1,2025-03-14,2025-03-15,2025-03-21
6712,52,3,3,2025-03-22,2025-03-24,2025-03-29
6713,52,24,1,2025-03-26,2025-03-29,2025-04-02
6714,52,3,1,2025-04-02,2025-04-05,2025-04-09
6715,52,3,1,2025-04-09,2025-04-10,2025-04-16
6716,52,3,3,2025-04-19,2025-04-20,2025-04-26
6717,52,24,1,2025-04-25,2025-04-28,2025-05-02
6718,52,24,1,2025-05-04,2025-05-05,2025-05-11
6719,52,3,1,2025-05-06,2025-05-08,2025-05-13
6720,52,24,1,2025-05-15,2025-05-17,2025-05-22
6721,52,3,3,2025-05-23,2025-05-24,2025-05-30
6722,52,24,1,2025-06-01,2025-06-03,2025-06-08
6723,52,3,1,2025-06-06,2025-06-07,2025-06-13
6724,52,3,1,2025-06-10,2025-06-12,2025-06-17
6725,52,24,1,2025-06-19,2025-06-21,2025-06-26
6726,52,24,1,2025-06-29,2025-07-01,2025-07-06
6727,52,24,3,2025-07-03,2025-07-05,2025-07-10
6728,52,24,1,2025-07-08,2025-07-10,2025-07-15
6729,52,24,3,2025-07-19,2025-07-20,2025-07-26
6730,52,24,1,2025-07-25,2025-07-28,2025-08-01
6731,52,24,1,2025-07-30,2025-08-02,2025-08-06
6732,52,24,1,2025-08-09,2025-08-10,2025-08-16
6733,52,24,3,2025-08-11,2025-08-12,2025-08-18
6734,52,3,1,2025-08-23,2025-08-25,2025-08-30
6735,52,24,3,2025-08-25,2025-08-28,2025-09-01
6736,52,24,3,2025-09-05,2025-09-06,2025-09-12
6737,52,24,3,2025-09-08,2025-09-10,2025-09-15
6738,52,24,3,2025-09-16,2025-09-19,2025-09-23
6739,52,24,1,2025-09-24,2025-09-27,2025-10-01
6740,52,3,3,2025-10-05,2025-10-06,2025-10-12
6741,52,3,3,2025-10-08,2025-10-11,2025-10-15
6742,52,3,3,2025-10-16,2025-10-19,2025-10-23
6743,52,3,1,2025-10-24,2025-10-26,2025-10-31
6744,52,3,1,2025-11-02,2025-11-05,2025-11-09
6745,52,3,1,2025-11-07,2025-11-09,2025-11-14
6746,52,24,3,2025-11-15,2025-11-18,2025-11-22
6747,52,24,3,2025-11-21,2025-11-23,2025-11-28
6748,52,24,1,2025-11-30,2025-12-01,2025-12-07
6749,52,3,3,2025-12-05,2025-12-08,2025-12-12
6750,52,24,1,2025-12-09,2025-12-10,2025-12-16
6751,52,24,3,2025-12-16,2025-12-17,2025-12-23
6752,52,3,1,2025-12-24,2025-12-26,2025-12-31
6753,52,24,1,2025-12-31,2026-01-01,2026-01-07
6754,52,24,1,2026-01-06,2026-01-08,2026-01-13
6755,52,24,1,2026-01-15,2026-01-16,2026-01-22
6756,52,24,3,2026-01-21,2026-01-24,2026-01-28
6757,52,3,3,2026-01-28,2026-01-30,2026-02-04
6758,52,24,3,2026-02-05,2026-02-06,2026-02-12
6759,52,24,3,2026-02-10,2026-02-13,2026-02-17
6760,52,3,1,2026-02-18,2026-02-19,2026-02-25
6761,52,24,1,2026-02-27,2026-03-01,2026-03-06
6762,52,3,1,2026-03-02,2026-03-05,2026-03-09
6763,52,24,1,2026-03-11,2026-03-12,2026-03-18
6764,52,3,1,2026-03-21,2026-03-24,2026-03-28
6765,52,3,3,2026-03-27,2026-03-29,2026-04-03
6766,52,3,1,2026-04-05,2026-04-06,2026-04-12
6767,52,3,3,2026-04-09,2026-04-12,2026-04-16
6768,52,3,1,2026-04-15,2026-04-16,2026-04-22
6769,52,3,3,2026-04-24,2026-04-26,2026-05-01
6770,52,3,3,2026-05-02,2026-05-03,2026-05-09
6771,52,3,1,2026-05-06,2026-05-08,2026-05-13
6772,52,3,3,2026-05-16,2026-05-18,2026-05-23
6773,52,3,3,2026-05-24,2026-05-27,2026-05-31
6774,52,24,3,2026-05-25,2026-05-26,2026-06-01
6775,52,24,1,2026-06-05,2026-06-07,2026-06-12
6776,52,24,3,2026-06-09,2026-06-11,2026-06-16
6777,52,3,1,2026-06-21,2026-06-22,2026-06-28
6778,52,24,3,2026-06-28,2026-06-30,2026-07-05
6779,52,3,4,2024-07-06,2024-07-09,2024-07-13
6780,52,3,4,2024-07-10,2024-07-11,2024-07-17
6781,52,3,4,2024-07-17,2024-07-18,2024-07-24
6782,52,24,4,2024-07-27,2024-07-30,2024-08-03
6783,52,3,4,2024-07-30,2024-07-31,2024-08-06
6784,52,3,4,2024-08-09,2024-08-11,2024-08-16
6785,52,24,4,2024-08-13,2024-08-15,2024-08-20
6786,52,3,4,2024-08-19,2024-08-21,2024-08-26
6787,52,24,4,2024-08-30,2024-09-01,2024-09-06
6788,52,24,4,2024-09-08,2024-09-10,2024-09-15
6789,52,24,4,2024-09-09,2024-09-10,2024-09-16
6790,52,24,4,2024-09-16,2024-09-19,2024-09-23
6791,52,24,4,2024-09-26,2024-09-28,2024-10-03
6792,52,24,4,2024-10-06,2024-10-08,2024-10-13
6793,52,24,4,2024-10-08,2024-10-11,2024-10-15
6794,52,24,4,2024-10-18,2024-10-21,2024-10-25
6795,52,24,4,2024-10-26,2024-10-29,2024-11-02
6796,52,24,4,2024-10-29,2024-11-01,2024-11-05
6797,52,3,4,2024-11-06,2024-11-08,2024-11-13
6798,52,3,4,2024-11-14,2024-11-17,2024-11-21
6799,52,24,4,2024-11-21,2024-11-22,2024-11-28
6800,52,3,4,2024-11-25,2024-11-28,2024-12-02
6801,52,3,4,2024-12-08,2024-12-10,2024-12-15
6802,52,24,4,2024-12-11,2024-12-14,2024-12-18
6803,52,3,4,2024-12-22,2024-12-25,2024-12-29
6804,52,3,4,2024-12-24,2024-12-27,2024-12-31
6805,52,3,4,2025-01-01,2025-01-04,2025-01-08
6806,52,3,4,2025-01-09,2025-01-10,2025-01-16
6807,52,24,4,2025-01-16,2025-01-19,2025-01-23
6808,52,3,4,2025-01-26,2025-01-27,2025-02-02
6809,52,24,4,2025-02-02,2025-02-04,2025-02-09
6810,52,24,4,2025-02-06,2025-02-09,2025-02-13
6811,52,24,4,2025-02-10,2025-02-13,2025-02-17
6812,52,24,4,2025-02-17,2025-02-20,2025-02-24
6813,52,3,4,2025-02-27,2025-02-28,2025-03-06
6814,52,3,4,2025-03-05,2025-03-07,2025-03-12
6815,52,3,4,2025-03-15,2025-03-16,2025-03-22
6816,52,3,4,2025-03-20,2025-03-21,2025-03-27
6817,52,24,4,2025-03-30,2025-04-02,2025-04-06
6818,52,3,4,2025-03-31,2025-04-03,2025-04-07
6819,52,24,4,2025-04-09,2025-04-12,2025-04-16
6820,52,24,4,2025-04-16,2025-04-18,2025-04-23
6821,52,3,4,2025-04-25,2025-04-26,2025-05-02
6822,52,24,4,2025-04-28,2025-04-30,2025-05-05
6823,52,3,4,2025-05-09,2025-05-11,2025-05-16
6824,52,3,4,2025-05-16,2025-05-19,2025-05-23
6825,52,24,4,2025-05-25,2025-05-27,2025-06-01
6826,52,3,4,2025-05-28,2025-05-29,2025-06-04
6827,52,24,4,2025-06-06,2025-06-09,2025-06-13
6828,52,24,4,2025-06-15,2025-06-18,2025-06-22
6829,52,3,4,2025-06-18,2025-06-20,2025-06-25
6830,52,24,4,2025-06-26,2025-06-27,2025-07-03
6831,52,3,4,2025-07-06,2025-07-07,2025-07-13
6832,52,3,4,2025-07-11,2025-07-12,2025-07-18
6833,52,24,4,2025-07-17,2025-07-20,2025-07-24
6834,52,3,4,2025-07-21,2025-07-23,2025-07-28
6835,52,24,4,2025-07-30,2025-07-31,2025-08-06
6836,52,24,4,2025-08-04,2025-08-06,2025-08-11
6837,52,24,4,2025-08-17,2025-08-18,2025-08-24
6838,52,24,4,2025-08-23,2025-08-24,2025-08-30
6839,52,24,4,2025-08-25,2025-08-26,2025-09-01
6840,52,24,4,2025-09-06,2025-09-09,2025-09-13
6841,52,3,4,2025-09-14,2025-09-17,2025-09-21
6842,52,24,4,2025-09-15,2025-09-18,2025-09-22
6843,52,24,4,2025-09-22,2025-09-24,2025-09-29
6844,52,3,4,2025-10-01,2025-10-04,2025-10-08
6845,52,24,4,2025-10-06,2025-10-08,2025-10-13
6846,52,3,4,2025-10-17,2025-10-18,2025-10-24
6847,52,24,4,2025-10-25,2025-10-28,2025-11-01
6848,52,24,4,2025-10-30,2025-11-02,2025-11-06
6849,52,24,4,2025-11-08,2025-11-09,2025-11-15
6850,52,24,4,2025-11-16,2025-11-18,2025-11-23
6851,52,3,4,2025-11-17,2025-11-18,2025-11-24
6852,52,3,4,2025-11-29,2025-12-01,2025-12-06
6853,52,24,4,2025-12-07,2025-12-09,2025-12-14
6854,52,24,4,2025-12-09,2025-12-12,2025-12-16
6855,52,24,4,2025-12-18,2025-12-19,2025-12-25
6856,52,3,4,2025-12-24,2025-12-25,2025-12-31
6857,52,3,4,2025-12-30,2026-01-02,2026-01-06
6858,52,3,4,2026-01-10,2026-01-12,2026-01-17
6859,52,3,4,2026-01-17,2026-01-20,2026-01-24
6860,52,24,4,2026-01-19,2026-01-22,2026-01-26
6861,52,24,4,2026-01-29,2026-01-30,2026-02-05
6862,52,3,4,2026-02-05,2026-02-06,2026-02-12
6863,52,3,4,2026-02-12,2026-02-15,2026-02-19
6864,52,3,4,2026-02-17,2026-02-19,2026-02-24
6865,52,3,4,2026-02-28,2026-03-02,2026-03-07
6866,52,3,4,2026-03-04,2026-03-06,2026-03-11
6867,52,24,4,2026-03-10,2026-03-12,2026-03-17
6868,52,24,4,2026-03-18,2026-03-19,2026-03-25
6869,52,24,4,2026-03-27,2026-03-30,2026-04-03
6870,52,24,4,2026-04-03,2026-04-04,2026-04-10
6871,52,3,4,2026-04-11,2026-04-13,2026-04-18
6872,52,24,4,2026-04-13,2026-04-15,2026-04-20
6873,52,24,4,2026-04-22,2026-04-23,2026-04-29
6874,52,24,4,2026-05-03,2026-05-04,2026-05-10
6875,52,3,4,2026-05-10,2026-05-13,2026-05-17
6876,52,24,4,2026-05-11,2026-05-12,2026-05-18
6877,52,3,4,2026-05-20,2026-05-23,2026-05-27
6878,52,24,4,2026-05-25,2026-05-27,2026-06-01
6879,52,3,4,2026-06-04,2026-06-06,2026-06-11
6880,52,3,4,2026-06-14,2026-06-17,2026-06-21
6881,52,3,4,2026-06-18,2026-06-19,2026-06-25
6882,52,24,4,2026-06-28,2026-07-01,2026-07-05
6883,52,3,4,2026-06-30,2026-07-02,2026-07-07
6884,52,24,5,2024-07-03,2024-07-05,2024-07-10
6885,52,3,5,2024-07-12,2024-07-13,2024-07-19
6886,52,24,5,2024-07-15,2024-07-17,2024-07-22
6887,52,3,5,2024-07-24,2024-07-26,2024-07-31
6888,52,24,5,2024-08-01,2024-08-03,2024-08-08
6889,52,3,5,2024-08-05,2024-08-06,2024-08-12
6890,52,3,5,2024-08-18,2024-08-19,2024-08-25
6891,52,24,5,2024-08-22,2024-08-23,2024-08-29
6892,52,24,5,2024-09-01,2024-09-02,2024-09-08
6893,52,24,5,2024-09-04,2024-09-05,2024-09-11
6894,52,3,5,2024-09-09,2024-09-11,2024-09-16
6895,52,3,5,2024-09-20,2024-09-22,2024-09-27
6896,52,3,5,2024-09-27,2024-09-30,2024-10-04
6897,52,24,5,2024-10-04,2024-10-06,2024-10-11
6898,52,24,5,2024-10-07,2024-10-10,2024-10-14
6899,52,3,5,2024-10-19,2024-10-22,2024-10-26
6900,52,3,5,2024-10-27,2024-10-28,2024-11-03
6901,52,3,5,2024-10-28,2024-10-30,2024-11-04
6902,52,3,5,2024-11-07,2024-11-10,2024-11-14
6903,52,3,5,2024-11-13,2024-11-16,2024-11-20
6904,52,3,5,2024-11-19,2024-11-21,2024-11-26
6905,52,24,5,2024-11-30,2024-12-01,2024-12-07
6906,52,24,5,2024-12-03,2024-12-04,2024-12-10
6907,52,3,5,2024-12-15,2024-12-17,2024-12-22
6908,52,3,5,2024-12-19,2024-12-22,2024-12-26
6909,52,24,5,2024-12-26,2024-12-28,2025-01-02
6910,52,24,5,2025-01-04,2025-01-05,2025-01-11
6911,52,3,5,2025-01-10,2025-01-12,2025-01-17
6912,52,24,5,2025-01-14,2025-01-15,2025-01-21
6913,52,24,5,2025-01-20,2025-01-21,2025-01-27
6914,52,3,5,2025-01-30,2025-01-31,2025-02-06
6915,52,3,5,2025-02-09,2025-02-12,2025-02-16
6916,52,3,5,2025-02-12,2025-02-13,2025-02-19
6917,52,24,5,2025-02-21,2025-02-22,2025-02-28
6918,52,3,5,2025-03-02,2025-03-03,2025-03-09
6919,52,3,5,2025-03-06,2025-03-09,2025-03-13
6920,52,24,5,2025-03-13,2025-03-15,2025-03-20
6921,52,24,5,2025-03-19,2025-03-22,2025-03-26
6922,52,24,5,2025-03-30,2025-04-02,2025-04-06
6923,52,3,5,2025-04-05,2025-04-08,2025-04-12
6924,52,3,5,2025-04-12,2025-04-13,2025-04-19
6925,52,3,5,2025-04-19,2025-04-21,2025-04-26
6926,52,3,5,2025-04-23,2025-04-25,2025-04-30
6927,52,3,5,2025-05-02,2025-05-05,2025-05-09
6928,52,3,5,2025-05-09,2025-05-10,2025-05-16
6929,52,3,5,2025-05-16,2025-05-17,2025-05-23
6930,52,24,5,2025-05-25,2025-05-28,2025-06-01
6931,52,3,5,2025-05-30,2025-06-01,2025-06-06
6932,52,3,5,2025-06-04,2025-06-06,2025-06-11
6933,52,3,5,2025-06-15,2025-06-16,2025-06-22
6934,52,24,5,2025-06-21,2025-06-24,2025-06-28
6935,52,24,5,2025-06-23,2025-06-25,2025-06-30
6936,52,24,5,2025-07-02,2025-07-05,2025-07-09
6937,52,3,5,2025-07-07,2025-07-10,2025-07-14
6938,52,24,5,2025-07-15,2025-07-17,2025-07-22
6939,52,3,5,2025-07-24,2025-07-25,2025-07-31
6940,52,3,5,2025-08-02,2025-08-05,2025-08-09
6941,52,3,5,2025-08-10,2025-08-12,2025-08-17
6942,52,3,5,2025-08-13,2025-08-15,2025-08-20
6943,52,24,5,2025-08-22,2025-08-25,2025-08-29
6944,52,3,5,2025-08-28,2025-08-31,2025-09-04
6945,52,3,5,2025-09-04,2025-09-05,2025-09-11
6946,52,24,5,2025-09-09,2025-09-10,2025-09-16
6947,52,24,5,2025-09-15,2025-09-18,2025-09-22
6948,52,24,5,2025-09-28,2025-09-29,2025-10-05
6949,52,24,5,2025-10-02,2025-10-04,2025-10-09
6950,52,24,5,2025-10-09,2025-10-12,2025-10-16
6951,52,3,5,2025-10-15,2025-10-17,2025-10-22
6952,52,24,5,2025-10-24,2025-10-27,2025-10-31
6953,52,24,5,2025-10-27,2025-10-29,2025-11-03
6954,52,3,5,2025-11-04,2025-11-05,2025-11-11
6955,52,24,5,2025-11-12,2025-11-13,2025-11-19
6956,52,3,5,2025-11-21,2025-11-23,2025-11-28
6957,52,3,5,2025-11-28,2025-11-29,2025-12-05
6958,52,3,5,2025-12-07,2025-12-10,2025-12-14
6959,52,3,5,2025-12-12,2025-12-14,2025-12-19
6960,52,24,5,2025-12-21,2025-12-22,2025-12-28
6961,52,3,5,2025-12-26,2025-12-27,2026-01-02
6962,52,24,5,2026-01-01,2026-01-04,2026-01-08
6963,52,24,5,2026-01-10,2026-01-11,2026-01-17
6964,52,3,5,2026-01-14,2026-01-16,2026-01-21
6965,52,3,5,2026-01-21,2026-01-24,2026-01-28
6966,52,24,5,2026-01-29,2026-01-30,2026-02-05
6967,52,3,5,2026-02-04,2026-02-06,2026-02-11
6968,52,3,5,2026-02-14,2026-02-16,2026-02-21
6969,52,24,5,2026-02-17,2026-02-20,2026-02-24
6970,52,3,5,2026-02-28,2026-03-03,2026-03-07
6971,52,3,5,2026-03-08,2026-03-09,2026-03-15
6972,52,24,5,2026-03-15,2026-03-16,2026-03-22
6973,52,3,5,2026-03-17,2026-03-20,2026-03-24
6974,52,24,5,2026-03-26,2026-03-27,2026-04-02
6975,52,3,5,2026-04-01,2026-04-02,2026-04-08
6976,52,24,5,2026-04-08,2026-04-11,2026-04-15
6977,52,24,5,2026-04-18,2026-04-19,2026-04-25
6978,52,24,5,2026-04-22,2026-04-25,2026-04-29
6979,52,3,5,2026-05-01,2026-05-04,2026-05-08
6980,52,3,5,2026-05-08,2026-05-10,2026-05-15
6981,52,24,5,2026-05-12,2026-05-13,2026-05-19
6982,52,3,5,2026-05-18,2026-05-21,2026-05-25
6983,52,3,5,2026-05-27,2026-05-29,2026-06-03
6984,52,24,5,2026-06-03,2026-06-04,2026-06-10
6985,52,3,5,2026-06-10,2026-06-12,2026-06-17
6986,52,24,5,2026-06-18,2026-06-19,2026-06-25
6987,52,3,5,2026-06-25,2026-06-26,2026-07-02
6988,52,3,9,2024-07-04,2024-07-06,2024-07-11
6989,52,24,7,2024-07-08,2024-07-11,2024-07-15
6990,52,3,7,2024-07-15,2024-07-18,2024-07-22
6991,52,3,9,2024-07-28,2024-07-31,2024-08-04
6992,52,3,7,2024-08-03,2024-08-05,2024-08-10
6993,52,3,7,2024-08-06,2024-08-09,2024-08-13
6994,52,3,7,2024-08-18,2024-08-20,2024-08-25
6995,52,3,9,2024-08-22,2024-08-23,2024-08-29
6996,52,24,9,2024-08-30,2024-09-01,2024-09-06
6997,52,3,7,2024-09-07,2024-09-09,2024-09-14
6998,52,3,7,2024-09-10,2024-09-13,2024-09-17
6999,52,3,9,2024-09-17,2024-09-20,2024-09-24
7000,52,24,9,2024-09-27,2024-09-30,2024-10-04
7001,52,24,7,2024-10-02,2024-10-05,2024-10-09
7002,52,24,9,2024-10-13,2024-10-14,2024-10-20
7003,52,3,9,2024-10-14,2024-10-16,2024-10-21
7004,52,3,9,2024-10-22,2024-10-25,2024-10-29
7005,52,24,9,2024-10-29,2024-10-31,2024-11-05
7006,52,3,7,2024-11-10,2024-11-12,2024-11-17
7007,52,24,7,2024-11-14,2024-11-15,2024-11-21
7008,52,3,7,2024-11-23,2024-11-24,2024-11-30
7009,52,3,9,2024-11-25,2024-11-28,2024-12-02
7010,52,3,7,2024-12-07,2024-12-09,2024-12-14
7011,52,24,9,2024-12-15,2024-12-17,2024-12-22
7012,52,24,9,2024-12-20,2024-12-21,2024-12-27
7013,52,3,7,2024-12-26,2024-12-28,2025-01-02
7014,52,3,9,2025-01-04,2025-01-05,2025-01-11
7015,52,24,9,2025-01-11,2025-01-14,2025-01-18
7016,52,24,7,2025-01-15,2025-01-18,2025-01-22
7017,52,24,7,2025-01-21,2025-01-24,2025-01-28
7018,52,24,7,2025-01-29,2025-02-01,2025-02-05
7019,52,24,9,2025-02-06,2025-02-07,2025-02-13
7020,52,24,9,2025-02-11,2025-02-14,2025-02-18
7021,52,24,9,2025-02-17,2025-02-20,2025-02-24
7022,52,24,7,2025-03-01,2025-03-04,2025-03-08
7023,52,3,9,2025-03-05,2025-03-07,2025-03-12
7024,52,3,9,2025-03-14,2025-03-15,2025-03-21
7025,52,3,9,2025-03-23,2025-03-25,2025-03-30
7026,52,24,7,2025-03-25,2025-03-26,2025-04-01
7027,52,3,7,2025-04-03,2025-04-04,2025-04-10
7028,52,24,9,2025-04-07,2025-04-10,2025-04-14
7029,52,3,7,2025-04-20,2025-04-23,2025-04-27
7030,52,3,9,2025-04-22,2025-04-23,2025-04-29
7031,52,3,9,2025-04-28,2025-04-30,2025-05-05
7032,52,3,9,2025-05-11,2025-05-12,2025-05-18
7033,52,3,7,2025-05-17,2025-05-19,2025-05-24
7034,52,3,9,2025-05-23,2025-05-25,2025-05-30
7035,52,3,7,2025-05-28,2025-05-29,2025-06-04
7036,52,3,9,2025-06-08,2025-06-09,2025-06-15
7037,52,3,7,2025-06-12,2025-06-13,2025-06-19
7038,52,24,9,2025-06-17,2025-06-19,2025-06-24
7039,52,3,9,2025-06-26,2025-06-27,2025-07-03
7040,52,24,9,2025-07-05,2025-07-06,2025-07-12
7041,52,3,9,2025-07-10,2025-07-11,2025-07-17
7042,52,24,7,2025-07-18,2025-07-21,2025-07-25
7043,52,24,7,2025-07-21,2025-07-24,2025-07-28
7044,52,24,7,2025-08-01,2025-08-04,2025-08-08
7045,52,3,7,2025-08-10,2025-08-12,2025-08-17
7046,52,3,7,2025-08-17,2025-08-18,2025-08-24
7047,52,3,9,2025-08-21,2025-08-23,2025-08-28
7048,52,24,9,2025-08-28,2025-08-31,2025-09-04
7049,52,3,9,2025-09-01,2025-09-03,2025-09-08
7050,52,24,9,2025-09-08,2025-09-11,2025-09-15
7051,52,24,9,2025-09-17,2025-09-19,2025-09-24
7052,52,3,7,2025-09-27,2025-09-28,2025-10-04
7053,52,24,9,2025-09-29,2025-10-01,2025-10-06
7054,52,24,9,2025-10-11,2025-10-13,2025-10-18
7055,52,3,7,2025-10-14,2025-10-16,2025-10-21
7056,52,24,7,2025-10-24,2025-10-26,2025-10-31
7057,52,24,9,2025-11-01,2025-11-03,2025-11-08
7058,52,24,7,2025-11-07,2025-11-09,2025-11-14
7059,52,3,7,2025-11-11,2025-11-13,2025-11-18
7060,52,24,9,2025-11-20,2025-11-22,2025-11-27
7061,52,3,9,2025-11-27,2025-11-30,2025-12-04
7062,52,24,9,2025-12-04,2025-12-07,2025-12-11
7063,52,24,7,2025-12-11,2025-12-14,2025-12-18
7064,52,3,7,2025-12-21,2025-12-22,2025-12-28
7065,52,3,7,2025-12-22,2025-12-24,2025-12-29
7066,52,24,7,2025-12-31,2026-01-01,2026-01-07
7067,52,24,7,2026-01-11,2026-01-13,2026-01-18
7068,52,3,9,2026-01-15,2026-01-16,2026-01-22
7069,52,24,7,2026-01-19,2026-01-20,2026-01-26
7070,52,3,7,2026-01-27,2026-01-28,2026-02-03
7071,52,3,9,2026-02-07,2026-02-09,2026-02-14
7072,52,3,9,2026-02-14,2026-02-15,2026-02-21
7073,52,3,7,2026-02-18,2026-02-19,2026-02-25
7074,52,24,7,2026-02-26,2026-02-28,2026-03-05
7075,52,24,7,2026-03-05,2026-03-06,2026-03-12
7076,52,3,9,2026-03-13,2026-03-14,2026-03-20
7077,52,24,9,2026-03-17,2026-03-19,2026-03-24
7078,52,3,9,2026-03-24,2026-03-26,2026-03-31
7079,52,24,9,2026-03-30,2026-04-01,2026-04-06
7080,52,24,7,2026-04-12,2026-04-13,2026-04-19
7081,52,24,9,2026-04-15,2026-04-18,2026-04-22
7082,52,24,7,2026-04-23,2026-04-26,2026-04-30
7083,52,24,7,2026-04-30,2026-05-03,2026-05-07
7084,52,3,7,2026-05-07,2026-05-09,2026-05-14
7085,52,24,7,2026-05-12,2026-05-15,2026-05-19
7086,52,24,9,2026-05-18,2026-05-20,2026-05-25
7087,52,24,7,2026-05-26,2026-05-27,2026-06-02
7088,52,3,7,2026-06-02,2026-06-04,2026-06-09
7089,52,24,9,2026-06-09,2026-06-11,2026-06-16
7090,52,24,9,2026-06-16,2026-06-19,2026-06-23
7091,52,24,7,2026-06-25,2026-06-26,2026-07-02
7092,52,24,9,2026-06-30,2026-07-01,2026-07-07
7093,52,24,10,2024-07-05,2024-07-07,2024-07-12
7094,52,24,10,2024-07-11,2024-07-14,2024-07-18
7095,52,3,10,2024-07-20,2024-07-22,2024-07-27
7096,52,3,10,2024-07-28,2024-07-30,2024-08-04
7097,52,24,10,2024-08-02,2024-08-03,2024-08-09
7098,52,3,10,2024-08-11,2024-08-14,2024-08-18
7099,52,24,10,2024-08-15,2024-08-18,2024-08-22
7100,52,24,10,2024-08-24,2024-08-27,2024-08-31
7101,52,3,10,2024-08-30,2024-08-31,2024-09-06
7102,52,3,10,2024-09-05,2024-09-08,2024-09-12
7103,52,24,10,2024-09-13,2024-09-16,2024-09-20
7104,52,24,10,2024-09-19,2024-09-20,2024-09-26
7105,52,24,10,2024-09-25,2024-09-27,2024-10-02
7106,52,3,10,2024-10-01,2024-10-04,2024-10-08
7107,52,3,10,2024-10-10,2024-10-11,2024-10-17
7108,52,3,10,2024-10-14,2024-10-17,2024-10-21
7109,52,24,10,2024-10-27,2024-10-30,2024-11-03
7110,52,24,10,2024-10-29,2024-10-31,2024-11-05
7111,52,3,10,2024-11-07,2024-11-08,2024-11-14
7112,52,3,10,2024-11-12,2024-11-14,2024-11-19
7113,52,24,10,2024-11-22,2024-11-23,2024-11-29
7114,52,3,10,2024-12-01,2024-12-04,2024-12-08
7115,52,24,10,2024-12-03,2024-12-05,2024-12-10
7116,52,3,10,2024-12-11,2024-12-13,2024-12-18
7117,52,24,10,2024-12-19,2024-12-20,2024-12-26
7118,52,3,10,2024-12-23,2024-12-26,2024-12-30
7119,52,3,10,2025-01-03,2025-01-06,2025-01-10
7120,52,3,10,2025-01-12,2025-01-14,2025-01-19
7121,52,3,10,2025-01-17,2025-01-20,2025-01-24
7122,52,24,10,2025-01-22,2025-01-23,2025-01-29
7123,52,24,10,2025-02-02,2025-02-03,2025-02-09
7124,52,3,10,2025-02-07,2025-02-09,2025-02-14
7125,52,3,10,2025-02-10,2025-02-12,2025-02-17
7126,52,24,10,2025-02-23,2025-02-25,2025-03-02
7127,52,24,10,2025-03-01,2025-03-04,2025-03-08
7128,52,24,10,2025-03-08,2025-03-10,2025-03-15
7129,52,24,10,2025-03-12,2025-03-14,2025-03-19
7130,52,3,10,2025-03-22,2025-03-24,2025-03-29
7131,52,3,10,2025-03-26,2025-03-29,2025-04-02
7132,52,3,10,2025-04-02,2025-04-03,2025-04-09
7133,52,3,10,2025-04-12,2025-04-13,2025-04-19
7134,52,3,10,2025-04-20,2025-04-21,2025-04-27
7135,52,3,10,2025-04-25,2025-04-27,2025-05-02
7136,52,3,10,2025-04-30,2025-05-03,2025-05-07
7137,52,3,10,2025-05-06,2025-05-08,2025-05-13
7138,52,24,10,2025-05-15,2025-05-18,2025-05-22
7139,52,3,10,2025-05-23,2025-05-24,2025-05-30
7140,52,3,10,2025-05-29,2025-06-01,2025-06-05
7141,52,3,10,2025-06-06,2025-06-07,2025-06-13
7142,52,3,10,2025-06-12,2025-06-14,2025-06-19
7143,52,24,10,2025-06-16,2025-06-19,2025-06-23
7144,52,3,10,2025-06-27,2025-06-28,2025-07-04
7145,52,24,10,2025-07-03,2025-07-04,2025-07-10
7146,52,3,10,2025-07-10,2025-07-11,2025-07-17
7147,52,24,10,2025-07-20,2025-07-21,2025-07-27
7148,52,24,10,2025-07-23,2025-07-25,2025-07-30
7149,52,24,10,2025-07-28,2025-07-29,2025-08-04
7150,52,3,10,2025-08-10,2025-08-13,2025-08-17
7151,52,24,10,2025-08-14,2025-08-15,2025-08-21
7152,52,3,10,2025-08-24,2025-08-25,2025-08-31
7153,52,3,10,2025-08-30,2025-08-31,2025-09-06
7154,52,24,10,2025-09-06,2025-09-09,2025-09-13
7155,52,24,10,2025-09-11,2025-09-13,2025-09-18
7156,52,24,10,2025-09-16,2025-09-18,2025-09-23
7157,52,24,10,2025-09-24,2025-09-27,2025-10-01
7158,52,3,10,2025-10-05,2025-10-07,2025-10-12
7159,52,3,10,2025-10-11,2025-10-14,2025-10-18
7160,52,24,10,2025-10-16,2025-10-19,2025-10-23
7161,52,3,10,2025-10-20,2025-10-23,2025-10-27
7162,52,3,10,2025-10-28,2025-10-31,2025-11-04
7163,52,3,10,2025-11-06,2025-11-07,2025-11-13
7164,52,3,10,2025-11-16,2025-11-19,2025-11-23
7165,52,24,10,2025-11-20,2025-11-21,2025-11-27
7166,52,24,10,2025-11-26,2025-11-27,2025-12-03
7167,52,3,10,2025-12-03,2025-12-06,2025-12-10
7168,52,3,10,2025-12-14,2025-12-16,2025-12-21
7169,52,24,10,2025-12-17,2025-12-20,2025-12-24
7170,52,3,10,2025-12-27,2025-12-29,2026-01-03
7171,52,3,10,2026-01-04,2026-01-05,2026-01-11
7172,52,3,10,2026-01-05,2026-01-06,2026-01-12
7173,52,24,10,2026-01-16,2026-01-19,2026-01-23
7174,52,3,10,2026-01-19,2026-01-21,2026-01-26
7175,52,3,10,2026-02-01,2026-02-02,2026-02-08
7176,52,3,10,2026-02-06,2026-02-09,2026-02-13
7177,52,24,10,2026-02-10,2026-02-11,2026-02-17
7178,52,24,10,2026-02-21,2026-02-23,2026-02-28
7179,52,3,10,2026-02-28,2026-03-03,2026-03-07
7180,52,24,10,2026-03-08,2026-03-10,2026-03-15
7181,52,3,10,2026-03-11,2026-03-12,2026-03-18
7182,52,3,10,2026-03-20,2026-03-23,2026-03-27
7183,52,3,10,2026-03-28,2026-03-29,2026-04-04
7184,52,24,10,2026-04-03,2026-04-04,2026-04-10
7185,52,24,10,2026-04-10,2026-04-13,2026-04-17
7186,52,24,10,2026-04-16,2026-04-17,2026-04-23
7187,52,3,10,2026-04-24,2026-04-26,2026-05-01
7188,52,3,10,2026-04-28,2026-05-01,2026-05-05
7189,52,24,10,2026-05-08,2026-05-11,2026-05-15
7190,52,24,10,2026-05-15,2026-05-17,2026-05-22
7191,52,3,10,2026-05-18,2026-05-19,2026-05-25
7192,52,3,10,2026-05-31,2026-06-01,2026-06-07
7193,52,24,10,2026-06-04,2026-06-06,2026-06-11
7194,52,24,10,2026-06-10,2026-06-12,2026-06-17
7195,52,24,10,2026-06-15,2026-06-18,2026-06-22
7196,52,3,10,2026-06-23,2026-06-25,2026-06-30
7197,53,15,2,2024-07-08,2024-07-11,2025-12-01
7198,53,15,2,2024-11-19,2024-11-21,2026-04-14
7199,53,15,5,2025-06-06,2025-06-08,2026-10-30
7200,53,4,4,2025-07-04,2025-07-07,2026-11-27
7201,53,15,5,2025-11-01,2025-11-04,2027-03-27
7202,53,15,5,2026-05-16,2026-05-18,2027-10-09
7203,54,24,4,2024-07-06,2024-07-08,2025-02-11
7204,54,3,8,2024-12-21,2024-12-24,2025-07-29
7205,54,3,8,2025-02-14,2025-02-17,2025-09-22
7206,54,3,8,2025-08-03,2025-08-05,2026-03-11
7207,54,3,1,2025-10-25,2025-10-26,2026-06-02
7208,54,24,8,2026-03-26,2026-03-28,2026-11-01
7209,54,24,4,2026-05-29,2026-05-30,2027-01-04
7210,55,15,4,2024-10-19,2024-10-20,2027-04-16
7211,55,6,6,2025-02-04,2025-02-05,2027-08-02
7212,55,15,10,2025-05-12,2025-05-15,2027-11-07
7213,55,6,4,2025-09-18,2025-09-21,2028-03-15
7214,55,6,4,2025-11-17,2025-11-18,2028-05-14
7215,55,15,6,2026-05-21,2026-05-22,2028-11-15
7216,56,3,6,2024-09-26,2024-09-27,2026-05-10
7217,56,19,8,2025-02-15,2025-02-17,2026-09-29
7218,56,3,8,2025-06-21,2025-06-24,2027-02-02
7219,56,3,8,2025-07-19,2025-07-21,2027-03-02
7220,56,3,8,2025-10-30,2025-10-31,2027-06-13
7221,56,3,6,2026-06-16,2026-06-19,2028-01-28
7222,57,1,1,2024-07-04,2024-07-05,2024-07-20
7223,57,1,1,2024-07-13,2024-07-16,2024-07-29
7224,57,11,3,2024-07-26,2024-07-28,2024-08-11
7225,57,3,3,2024-08-11,2024-08-12,2024-08-27
7226,57,1,1,2024-08-22,2024-08-25,2024-09-07
7227,57,11,1,2024-09-03,2024-09-06,2024-09-19
7228,57,1,1,2024-09-19,2024-09-22,2024-10-05
7229,57,11,3,2024-09-25,2024-09-26,2024-10-11
7230,57,1,3,2024-10-07,2024-10-08,2024-10-23
7231,57,11,1,2024-10-22,2024-10-24,2024-11-07
7232,57,1,1,2024-10-30,2024-11-02,2024-11-15
7233,57,3,1,2024-11-18,2024-11-20,2024-12-04
7234,57,1,1,2024-11-30,2024-12-03,2024-12-16
7235,57,3,3,2024-12-12,2024-12-15,2024-12-28
7236,57,3,1,2024-12-18,2024-12-21,2025-01-03
7237,57,1,1,2025-01-03,2025-01-06,2025-01-19
7238,57,3,3,2025-01-16,2025-01-18,2025-02-01
7239,57,1,3,2025-01-27,2025-01-28,2025-02-12
7240,57,3,1,2025-02-09,2025-02-10,2025-02-25
7241,57,3,1,2025-02-22,2025-02-24,2025-03-10
7242,57,11,3,2025-02-26,2025-03-01,2025-03-14
7243,57,1,1,2025-03-12,2025-03-13,2025-03-28
7244,57,3,1,2025-03-30,2025-03-31,2025-04-15
7245,57,11,3,2025-04-03,2025-04-04,2025-04-19
7246,57,11,3,2025-04-22,2025-04-25,2025-05-08
7247,57,3,1,2025-04-27,2025-04-30,2025-05-13
7248,57,11,3,2025-05-11,2025-05-12,2025-05-27
7249,57,3,1,2025-05-30,2025-06-01,2025-06-15
7250,57,11,3,2025-06-10,2025-06-12,2025-06-26
7251,57,11,1,2025-06-20,2025-06-22,2025-07-06
7252,57,1,1,2025-07-03,2025-07-04,2025-07-19
7253,57,3,1,2025-07-19,2025-07-22,2025-08-04
7254,57,3,1,2025-07-22,2025-07-23,2025-08-07
7255,57,1,3,2025-08-02,2025-08-04,2025-08-18
7256,57,3,1,2025-08-21,2025-08-23,2025-09-06
7257,57,3,3,2025-08-25,2025-08-27,2025-09-10
7258,57,3,1,2025-09-06,2025-09-07,2025-09-22
7259,57,3,3,2025-09-24,2025-09-26,2025-10-10
7260,57,11,1,2025-10-03,2025-10-05,2025-10-19
7261,57,11,3,2025-10-20,2025-10-23,2025-11-05
7262,57,1,1,2025-10-24,2025-10-27,2025-11-09
7263,57,11,1,2025-11-13,2025-11-16,2025-11-29
7264,57,3,3,2025-11-27,2025-11-28,2025-12-13
7265,57,11,3,2025-12-02,2025-12-04,2025-12-18
7266,57,1,1,2025-12-17,2025-12-18,2026-01-02
7267,57,11,1,2025-12-27,2025-12-29,2026-01-12
7268,57,3,1,2026-01-12,2026-01-14,2026-01-28
7269,57,11,1,2026-01-18,2026-01-19,2026-02-03
7270,57,11,1,2026-02-03,2026-02-06,2026-02-19
7271,57,3,1,2026-02-14,2026-02-15,2026-03-02
7272,57,3,1,2026-02-22,2026-02-24,2026-03-10
7273,57,1,3,2026-03-12,2026-03-13,2026-03-28
7274,57,1,3,2026-03-19,2026-03-21,2026-04-04
7275,57,1,1,2026-04-09,2026-04-10,2026-04-25
7276,57,3,1,2026-04-18,2026-04-20,2026-05-04
7277,57,1,3,2026-05-02,2026-05-04,2026-05-18
7278,57,11,1,2026-05-08,2026-05-09,2026-05-24
7279,57,11,1,2026-05-27,2026-05-29,2026-06-12
7280,57,1,1,2026-06-06,2026-06-07,2026-06-22
7281,57,11,3,2026-06-12,2026-06-15,2026-06-28
7282,57,1,1,2026-06-25,2026-06-28,2026-07-11
7283,57,11,4,2024-07-12,2024-07-14,2024-07-28
7284,57,1,4,2024-07-14,2024-07-15,2024-07-30
7285,57,1,4,2024-07-28,2024-07-30,2024-08-13
7286,57,11,4,2024-08-14,2024-08-17,2024-08-30
7287,57,11,4,2024-08-24,2024-08-26,2024-09-09
7288,57,3,4,2024-09-08,2024-09-11,2024-09-24
7289,57,3,4,2024-09-19,2024-09-20,2024-10-05
7290,57,3,4,2024-09-28,2024-09-29,2024-10-14
7291,57,1,4,2024-10-14,2024-10-15,2024-10-30
7292,57,1,4,2024-10-25,2024-10-26,2024-11-10
7293,57,3,4,2024-11-05,2024-11-06,2024-11-21
7294,57,3,4,2024-11-16,2024-11-18,2024-12-02
7295,57,11,4,2024-11-28,2024-12-01,2024-12-14
7296,57,1,4,2024-12-06,2024-12-07,2024-12-22
7297,57,1,4,2024-12-23,2024-12-24,2025-01-08
7298,57,11,4,2025-01-07,2025-01-09,2025-01-23
7299,57,3,4,2025-01-13,2025-01-14,2025-01-29
7300,57,1,4,2025-01-29,2025-01-30,2025-02-14
7301,57,3,4,2025-02-09,2025-02-11,2025-02-25
7302,57,3,4,2025-02-14,2025-02-16,2025-03-02
7303,57,11,4,2025-02-28,2025-03-03,2025-03-16
7304,57,1,4,2025-03-12,2025-03-14,2025-03-28
7305,57,1,4,2025-03-23,2025-03-25,2025-04-08
7306,57,11,4,2025-04-10,2025-04-12,2025-04-26
7307,57,11,4,2025-04-24,2025-04-26,2025-05-10
7308,57,3,4,2025-05-02,2025-05-03,2025-05-18
7309,57,3,4,2025-05-20,2025-05-23,2025-06-05
7310,57,1,4,2025-05-23,2025-05-26,2025-06-08
7311,57,11,4,2025-06-03,2025-06-05,2025-06-19
7312,57,3,4,2025-06-17,2025-06-20,2025-07-03
7313,57,1,4,2025-07-06,2025-07-08,2025-07-22
7314,57,11,4,2025-07-12,2025-07-15,2025-07-28
7315,57,3,4,2025-07-24,2025-07-26,2025-08-09
7316,57,11,4,2025-08-03,2025-08-06,2025-08-19
7317,57,1,4,2025-08-16,2025-08-19,2025-09-01
7318,57,1,4,2025-09-02,2025-09-05,2025-09-18
7319,57,1,4,2025-09-13,2025-09-15,2025-09-29
7320,57,1,4,2025-09-19,2025-09-22,2025-10-05
7321,57,1,4,2025-10-03,2025-10-04,2025-10-19
7322,57,3,4,2025-10-20,2025-10-22,2025-11-05
7323,57,1,4,2025-10-29,2025-11-01,2025-11-14
7324,57,11,4,2025-11-14,2025-11-16,2025-11-30
7325,57,1,4,2025-11-21,2025-11-22,2025-12-07
7326,57,1,4,2025-12-04,2025-12-07,2025-12-20
7327,57,11,4,2025-12-16,2025-12-18,2026-01-01
7328,57,3,4,2025-12-30,2026-01-01,2026-01-15
7329,57,11,4,2026-01-14,2026-01-16,2026-01-30
7330,57,3,4,2026-01-18,2026-01-20,2026-02-03
7331,57,3,4,2026-02-07,2026-02-09,2026-02-23
7332,57,3,4,2026-02-20,2026-02-23,2026-03-08
7333,57,3,4,2026-03-04,2026-03-07,2026-03-20
7334,57,3,4,2026-03-12,2026-03-14,2026-03-28
7335,57,3,4,2026-03-17,2026-03-19,2026-04-02
7336,57,1,4,2026-03-30,2026-04-02,2026-04-15
7337,57,1,4,2026-04-10,2026-04-11,2026-04-26
7338,57,1,4,2026-04-22,2026-04-24,2026-05-08
7339,57,1,4,2026-05-05,2026-05-07,2026-05-21
7340,57,3,4,2026-05-27,2026-05-30,2026-06-12
7341,57,11,4,2026-06-02,2026-06-04,2026-06-18
7342,57,11,4,2026-06-13,2026-06-14,2026-06-29
7343,57,1,4,2026-06-27,2026-06-30,2026-07-13
7344,57,1,5,2024-07-02,2024-07-04,2024-07-18
7345,57,11,5,2024-07-14,2024-07-15,2024-07-30
7346,57,3,5,2024-07-25,2024-07-28,2024-08-10
7347,57,3,5,2024-08-13,2024-08-15,2024-08-29
7348,57,1,5,2024-08-21,2024-08-22,2024-09-06
7349,57,11,5,2024-09-01,2024-09-04,2024-09-17
7350,57,1,5,2024-09-17,2024-09-20,2024-10-03
7351,57,1,5,2024-10-04,2024-10-05,2024-10-20
7352,57,1,5,2024-10-08,2024-10-11,2024-10-24
7353,57,1,5,2024-10-20,2024-10-22,2024-11-05
7354,57,11,5,2024-11-09,2024-11-11,2024-11-25
7355,57,3,5,2024-11-16,2024-11-18,2024-12-02
7356,57,11,5,2024-12-02,2024-12-05,2024-12-18
7357,57,1,5,2024-12-06,2024-12-09,2024-12-22
7358,57,1,5,2024-12-26,2024-12-28,2025-01-11
7359,57,1,5,2025-01-07,2025-01-10,2025-01-23
7360,57,1,5,2025-01-14,2025-01-17,2025-01-30
7361,57,1,5,2025-01-30,2025-02-01,2025-02-15
7362,57,3,5,2025-02-02,2025-02-04,2025-02-18
7363,57,11,5,2025-02-24,2025-02-25,2025-03-12
7364,57,1,5,2025-03-07,2025-03-10,2025-03-23
7365,57,11,5,2025-03-20,2025-03-21,2025-04-05
7366,57,3,5,2025-03-24,2025-03-27,2025-04-09
7367,57,3,5,2025-04-14,2025-04-17,2025-04-30
7368,57,1,5,2025-04-26,2025-04-27,2025-05-12
7369,57,1,5,2025-05-01,2025-05-03,2025-05-17
7370,57,3,5,2025-05-10,2025-05-13,2025-05-26
7371,57,11,5,2025-05-27,2025-05-29,2025-06-12
7372,57,11,5,2025-06-09,2025-06-12,2025-06-25
7373,57,3,5,2025-06-25,2025-06-27,2025-07-11
7374,57,3,5,2025-07-02,2025-07-04,2025-07-18
7375,57,1,5,2025-07-15,2025-07-16,2025-07-31
7376,57,3,5,2025-07-31,2025-08-01,2025-08-16
7377,57,11,5,2025-08-10,2025-08-11,2025-08-26
7378,57,1,5,2025-08-16,2025-08-18,2025-09-01
7379,57,3,5,2025-08-27,2025-08-30,2025-09-12
7380,57,11,5,2025-09-07,2025-09-10,2025-09-23
7381,57,1,5,2025-09-25,2025-09-28,2025-10-11
7382,57,11,5,2025-10-10,2025-10-12,2025-10-26
7383,57,11,5,2025-10-16,2025-10-18,2025-11-01
7384,57,1,5,2025-11-03,2025-11-05,2025-11-19
7385,57,3,5,2025-11-15,2025-11-16,2025-12-01
7386,57,3,5,2025-11-28,2025-11-29,2025-12-14
7387,57,11,5,2025-12-10,2025-12-12,2025-12-26
7388,57,1,5,2025-12-18,2025-12-20,2026-01-03
7389,57,1,5,2025-12-31,2026-01-02,2026-01-16
7390,57,3,5,2026-01-06,2026-01-07,2026-01-22
7391,57,3,5,2026-01-21,2026-01-23,2026-02-06
7392,57,11,5,2026-02-06,2026-02-08,2026-02-22
7393,57,11,5,2026-02-13,2026-02-16,2026-03-01
7394,57,11,5,2026-02-21,2026-02-24,2026-03-09
7395,57,3,5,2026-03-16,2026-03-19,2026-04-01
7396,57,11,5,2026-03-23,2026-03-26,2026-04-08
7397,57,11,5,2026-04-09,2026-04-10,2026-04-25
7398,57,11,5,2026-04-14,2026-04-15,2026-04-30
7399,57,11,5,2026-04-22,2026-04-23,2026-05-08
7400,57,11,5,2026-05-09,2026-05-10,2026-05-25
7401,57,3,5,2026-05-17,2026-05-19,2026-06-02
7402,57,1,5,2026-05-28,2026-05-29,2026-06-13
7403,57,1,5,2026-06-12,2026-06-14,2026-06-28
7404,57,3,5,2026-06-22,2026-06-23,2026-07-08
7405,57,11,7,2024-07-08,2024-07-09,2024-07-24
7406,57,1,7,2024-07-24,2024-07-27,2024-08-09
7407,57,1,7,2024-08-04,2024-08-05,2024-08-20
7408,57,1,7,2024-08-16,2024-08-17,2024-09-01
7409,57,11,9,2024-08-21,2024-08-22,2024-09-06
7410,57,11,9,2024-09-09,2024-09-11,2024-09-25
7411,57,3,7,2024-09-17,2024-09-18,2024-10-03
7412,57,1,9,2024-09-23,2024-09-26,2024-10-09
7413,57,1,7,2024-10-06,2024-10-09,2024-10-22
7414,57,11,9,2024-10-18,2024-10-21,2024-11-03
7415,57,1,7,2024-10-31,2024-11-03,2024-11-16
7416,57,3,7,2024-11-12,2024-11-13,2024-11-28
7417,57,3,9,2024-11-22,2024-11-24,2024-12-08
7418,57,3,7,2024-12-14,2024-12-16,2024-12-30
7419,57,11,9,2024-12-27,2024-12-29,2025-01-12
7420,57,3,9,2025-01-02,2025-01-03,2025-01-18
7421,57,3,9,2025-01-19,2025-01-20,2025-02-04
7422,57,11,7,2025-02-01,2025-02-04,2025-02-17
7423,57,3,9,2025-02-05,2025-02-08,2025-02-21
7424,57,3,9,2025-02-14,2025-02-15,2025-03-02
7425,57,11,7,2025-03-05,2025-03-08,2025-03-21
7426,57,1,7,2025-03-10,2025-03-13,2025-03-26
7427,57,3,9,2025-03-28,2025-03-31,2025-04-13
7428,57,11,7,2025-04-13,2025-04-14,2025-04-29
7429,57,3,9,2025-04-23,2025-04-24,2025-05-09
7430,57,1,7,2025-05-03,2025-05-06,2025-05-19
7431,57,1,7,2025-05-16,2025-05-18,2025-06-01
7432,57,11,9,2025-05-25,2025-05-28,2025-06-10
7433,57,1,7,2025-06-12,2025-06-13,2025-06-28
7434,57,3,7,2025-06-23,2025-06-25,2025-07-09
7435,57,11,7,2025-07-02,2025-07-05,2025-07-18
7436,57,3,7,2025-07-13,2025-07-14,2025-07-29
7437,57,1,9,2025-07-31,2025-08-03,2025-08-16
7438,57,11,7,2025-08-11,2025-08-14,2025-08-27
7439,57,3,9,2025-08-17,2025-08-18,2025-09-02
7440,57,3,9,2025-08-30,2025-08-31,2025-09-15
7441,57,1,9,2025-09-09,2025-09-11,2025-09-25
7442,57,3,7,2025-09-22,2025-09-24,2025-10-08
7443,57,3,7,2025-09-30,2025-10-01,2025-10-16
7444,57,11,9,2025-10-20,2025-10-22,2025-11-05
7445,57,11,7,2025-10-28,2025-10-31,2025-11-13
7446,57,3,7,2025-11-12,2025-11-14,2025-11-28
7447,57,1,7,2025-11-25,2025-11-27,2025-12-11
7448,57,3,7,2025-12-06,2025-12-07,2025-12-22
7449,57,1,9,2025-12-19,2025-12-22,2026-01-04
7450,57,1,9,2026-01-02,2026-01-05,2026-01-18
7451,57,11,7,2026-01-04,2026-01-07,2026-01-20
7452,57,1,7,2026-01-27,2026-01-29,2026-02-12
7453,57,1,9,2026-02-04,2026-02-07,2026-02-20
7454,57,1,9,2026-02-14,2026-02-16,2026-03-02
7455,57,1,9,2026-02-24,2026-02-26,2026-03-12
7456,57,1,7,2026-03-09,2026-03-11,2026-03-25
7457,57,1,9,2026-03-27,2026-03-28,2026-04-12
7458,57,1,9,2026-03-30,2026-04-02,2026-04-15
7459,57,1,9,2026-04-12,2026-04-15,2026-04-28
7460,57,3,9,2026-04-28,2026-04-29,2026-05-14
7461,57,11,7,2026-05-08,2026-05-10,2026-05-24
7462,57,1,9,2026-05-18,2026-05-21,2026-06-03
7463,57,11,9,2026-05-30,2026-05-31,2026-06-15
7464,57,11,9,2026-06-16,2026-06-17,2026-07-02
7465,57,3,7,2026-06-29,2026-07-02,2026-07-15
7466,57,1,10,2024-07-11,2024-07-13,2024-07-27
7467,57,11,10,2024-07-20,2024-07-22,2024-08-05
7468,57,3,10,2024-07-25,2024-07-28,2024-08-10
7469,57,11,10,2024-08-11,2024-08-14,2024-08-27
7470,57,1,10,2024-08-23,2024-08-25,2024-09-08
7471,57,1,10,2024-09-01,2024-09-03,2024-09-17
7472,57,3,10,2024-09-21,2024-09-22,2024-10-07
7473,57,3,10,2024-09-30,2024-10-01,2024-10-16
7474,57,3,10,2024-10-15,2024-10-18,2024-10-31
7475,57,1,10,2024-10-27,2024-10-28,2024-11-12
7476,57,3,10,2024-11-08,2024-11-10,2024-11-24
7477,57,3,10,2024-11-19,2024-11-22,2024-12-05
7478,57,1,10,2024-12-01,2024-12-04,2024-12-17
7479,57,3,10,2024-12-13,2024-12-16,2024-12-29
7480,57,11,10,2024-12-26,2024-12-27,2025-01-11
7481,57,11,10,2025-01-06,2025-01-09,2025-01-22
7482,57,3,10,2025-01-19,2025-01-22,2025-02-04
7483,57,3,10,2025-01-29,2025-01-30,2025-02-14
7484,57,3,10,2025-02-12,2025-02-14,2025-02-28
7485,57,3,10,2025-02-21,2025-02-22,2025-03-09
7486,57,1,10,2025-03-03,2025-03-05,2025-03-19
7487,57,11,10,2025-03-10,2025-03-11,2025-03-26
7488,57,3,10,2025-03-22,2025-03-25,2025-04-07
7489,57,11,10,2025-04-09,2025-04-12,2025-04-25
7490,57,1,10,2025-04-24,2025-04-27,2025-05-10
7491,57,1,10,2025-05-08,2025-05-11,2025-05-24
7492,57,11,10,2025-05-14,2025-05-15,2025-05-30
7493,57,11,10,2025-05-26,2025-05-27,2025-06-11
7494,57,1,10,2025-06-04,2025-06-06,2025-06-20
7495,57,11,10,2025-06-19,2025-06-20,2025-07-05
7496,57,11,10,2025-06-30,2025-07-01,2025-07-16
7497,57,3,10,2025-07-10,2025-07-11,2025-07-26
7498,57,3,10,2025-07-24,2025-07-26,2025-08-09
7499,57,11,10,2025-08-06,2025-08-09,2025-08-22
7500,57,1,10,2025-08-20,2025-08-22,2025-09-05
7501,57,3,10,2025-08-31,2025-09-03,2025-09-16
7502,57,11,10,2025-09-07,2025-09-09,2025-09-23
7503,57,1,10,2025-09-25,2025-09-27,2025-10-11
7504,57,1,10,2025-10-05,2025-10-08,2025-10-21
7505,57,11,10,2025-10-21,2025-10-22,2025-11-06
7506,57,11,10,2025-11-04,2025-11-07,2025-11-20
7507,57,3,10,2025-11-16,2025-11-17,2025-12-02
7508,57,3,10,2025-11-27,2025-11-29,2025-12-13
7509,57,11,10,2025-12-08,2025-12-11,2025-12-24
7510,57,11,10,2025-12-18,2025-12-20,2026-01-03
7511,57,3,10,2026-01-02,2026-01-03,2026-01-18
7512,57,1,10,2026-01-12,2026-01-15,2026-01-28
7513,57,1,10,2026-01-27,2026-01-29,2026-02-12
7514,57,1,10,2026-01-30,2026-02-02,2026-02-15
7515,57,1,10,2026-02-12,2026-02-13,2026-02-28
7516,57,11,10,2026-02-27,2026-02-28,2026-03-15
7517,57,1,10,2026-03-11,2026-03-12,2026-03-27
7518,57,3,10,2026-03-18,2026-03-20,2026-04-03
7519,57,11,10,2026-04-06,2026-04-08,2026-04-22
7520,57,3,10,2026-04-11,2026-04-14,2026-04-27
7521,57,3,10,2026-05-01,2026-05-03,2026-05-17
7522,57,3,10,2026-05-06,2026-05-09,2026-05-22
7523,57,3,10,2026-05-17,2026-05-18,2026-06-02
7524,57,1,10,2026-06-06,2026-06-07,2026-06-22
7525,57,1,10,2026-06-09,2026-06-10,2026-06-25
7526,57,1,10,2026-06-26,2026-06-28,2026-07-12
7527,58,4,3,2024-07-03,2024-07-05,2024-07-29
7528,58,4,3,2024-07-27,2024-07-28,2024-08-22
7529,58,4,1,2024-08-26,2024-08-29,2024-09-21
7530,58,4,3,2024-09-08,2024-09-11,2024-10-04
7531,58,4,3,2024-09-19,2024-09-21,2024-10-15
7532,58,23,1,2024-10-04,2024-10-07,2024-10-30
7533,58,23,1,2024-11-07,2024-11-08,2024-12-03
7534,58,23,3,2024-11-22,2024-11-25,2024-12-18
7535,58,4,3,2024-12-13,2024-12-15,2025-01-08
7536,58,23,1,2024-12-24,2024-12-27,2025-01-19
7537,58,23,1,2025-01-25,2025-01-27,2025-02-20
7538,58,4,3,2025-02-13,2025-02-15,2025-03-11
7539,58,23,3,2025-02-19,2025-02-22,2025-03-17
7540,58,4,1,2025-03-16,2025-03-17,2025-04-11
7541,58,23,1,2025-04-02,2025-04-04,2025-04-28
7542,58,4,1,2025-04-27,2025-04-29,2025-05-23
7543,58,13,3,2025-05-16,2025-05-18,2025-06-11
7544,58,4,3,2025-05-25,2025-05-27,2025-06-20
7545,58,13,3,2025-06-15,2025-06-18,2025-07-11
7546,58,23,3,2025-07-12,2025-07-14,2025-08-07
7547,58,23,1,2025-07-28,2025-07-29,2025-08-23
7548,58,23,1,2025-08-19,2025-08-22,2025-09-14
7549,58,23,3,2025-09-05,2025-09-08,2025-10-01
7550,58,13,3,2025-09-20,2025-09-23,2025-10-16
7551,58,4,3,2025-10-11,2025-10-14,2025-11-06
7552,58,13,1,2025-10-25,2025-10-26,2025-11-20
7553,58,13,3,2025-11-21,2025-11-23,2025-12-17
7554,58,13,3,2025-11-29,2025-11-30,2025-12-25
7555,58,4,3,2025-12-19,2025-12-21,2026-01-14
7556,58,13,3,2026-01-16,2026-01-18,2026-02-11
7557,58,13,1,2026-02-02,2026-02-04,2026-02-28
7558,58,13,3,2026-02-28,2026-03-02,2026-03-26
7559,58,23,3,2026-03-12,2026-03-13,2026-04-07
7560,58,23,3,2026-03-23,2026-03-25,2026-04-18
7561,58,13,3,2026-04-09,2026-04-12,2026-05-05
7562,58,13,3,2026-05-03,2026-05-04,2026-05-29
7563,58,4,1,2026-05-20,2026-05-21,2026-06-15
7564,58,23,3,2026-06-20,2026-06-22,2026-07-16
7565,58,13,1,2026-06-23,2026-06-25,2026-07-19
7566,58,13,4,2024-07-08,2024-07-11,2024-08-03
7567,58,13,4,2024-07-27,2024-07-28,2024-08-22
7568,58,13,4,2024-08-17,2024-08-20,2024-09-12
7569,58,13,4,2024-09-04,2024-09-05,2024-09-30
7570,58,23,4,2024-09-30,2024-10-01,2024-10-26
7571,58,23,4,2024-10-06,2024-10-09,2024-11-01
7572,58,4,4,2024-11-06,2024-11-09,2024-12-02
7573,58,4,4,2024-11-24,2024-11-25,2024-12-20
7574,58,4,4,2024-12-17,2024-12-20,2025-01-12
7575,58,4,4,2025-01-02,2025-01-03,2025-01-28
7576,58,4,4,2025-01-23,2025-01-25,2025-02-18
7577,58,23,4,2025-02-04,2025-02-06,2025-03-02
7578,58,4,4,2025-03-04,2025-03-05,2025-03-30
7579,58,23,4,2025-03-12,2025-03-14,2025-04-07
7580,58,23,4,2025-04-03,2025-04-05,2025-04-29
7581,58,4,4,2025-04-14,2025-04-16,2025-05-10
7582,58,4,4,2025-05-01,2025-05-03,2025-05-27
7583,58,4,4,2025-05-26,2025-05-29,2025-06-21
7584,58,13,4,2025-06-09,2025-06-12,2025-07-05
7585,58,23,4,2025-07-14,2025-07-15,2025-08-09
7586,58,23,4,2025-07-31,2025-08-01,2025-08-26
7587,58,23,4,2025-08-18,2025-08-19,2025-09-13
7588,58,23,4,2025-08-29,2025-08-31,2025-09-24
7589,58,13,4,2025-09-11,2025-09-12,2025-10-07
7590,58,13,4,2025-10-06,2025-10-09,2025-11-01
7591,58,13,4,2025-10-29,2025-11-01,2025-11-24
7592,58,4,4,2025-11-16,2025-11-18,2025-12-12
7593,58,4,4,2025-12-01,2025-12-04,2025-12-27
7594,58,13,4,2025-12-27,2025-12-29,2026-01-22
7595,58,13,4,2026-01-19,2026-01-22,2026-02-14
7596,58,13,4,2026-02-08,2026-02-11,2026-03-06
7597,58,4,4,2026-02-20,2026-02-21,2026-03-18
7598,58,13,4,2026-03-07,2026-03-10,2026-04-02
7599,58,4,4,2026-04-02,2026-04-03,2026-04-28
7600,58,23,4,2026-04-10,2026-04-12,2026-05-06
7601,58,4,4,2026-05-10,2026-05-12,2026-06-05
7602,58,23,4,2026-06-03,2026-06-05,2026-06-29
7603,58,13,4,2026-06-22,2026-06-23,2026-07-18
7604,58,13,4,2026-06-29,2026-06-30,2026-07-25
7605,58,23,5,2024-07-14,2024-07-16,2024-08-09
7606,58,23,5,2024-07-24,2024-07-26,2024-08-19
7607,58,4,5,2024-08-23,2024-08-25,2024-09-18
7608,58,23,5,2024-09-09,2024-09-12,2024-10-05
7609,58,23,5,2024-09-23,2024-09-24,2024-10-19
7610,58,23,5,2024-10-16,2024-10-17,2024-11-11
7611,58,23,5,2024-10-28,2024-10-29,2024-11-23
7612,58,23,5,2024-11-28,2024-11-29,2024-12-24
7613,58,23,5,2024-12-04,2024-12-06,2024-12-30
7614,58,23,5,2024-12-21,2024-12-23,2025-01-16
7615,58,23,5,2025-01-13,2025-01-16,2025-02-08
7616,58,4,5,2025-02-02,2025-02-03,2025-02-28
7617,58,13,5,2025-03-02,2025-03-04,2025-03-28
7618,58,23,5,2025-03-10,2025-03-13,2025-04-05
7619,58,13,5,2025-04-06,2025-04-08,2025-05-02
7620,58,23,5,2025-04-29,2025-04-30,2025-05-25
7621,58,4,5,2025-05-12,2025-05-14,2025-06-07
7622,58,4,5,2025-06-07,2025-06-10,2025-07-03
7623,58,4,5,2025-06-14,2025-06-15,2025-07-10
7624,58,13,5,2025-07-13,2025-07-16,2025-08-08
7625,58,13,5,2025-08-03,2025-08-06,2025-08-29
7626,58,13,5,2025-08-13,2025-08-14,2025-09-08
7627,58,13,5,2025-09-02,2025-09-04,2025-09-28
7628,58,13,5,2025-09-17,2025-09-18,2025-10-13
7629,58,4,5,2025-10-14,2025-10-17,2025-11-09
7630,58,4,5,2025-11-03,2025-11-04,2025-11-29
7631,58,4,5,2025-11-08,2025-11-11,2025-12-04
7632,58,4,5,2025-12-11,2025-12-14,2026-01-06
7633,58,13,5,2025-12-24,2025-12-26,2026-01-19
7634,58,13,5,2026-01-08,2026-01-09,2026-02-03
7635,58,23,5,2026-02-03,2026-02-04,2026-03-01
7636,58,13,5,2026-02-17,2026-02-18,2026-03-15
7637,58,23,5,2026-03-19,2026-03-22,2026-04-14
7638,58,13,5,2026-04-01,2026-04-04,2026-04-27
7639,58,13,5,2026-04-21,2026-04-24,2026-05-17
7640,58,23,5,2026-04-29,2026-05-01,2026-05-25
7641,58,23,5,2026-06-02,2026-06-03,2026-06-28
7642,58,23,5,2026-06-12,2026-06-14,2026-07-08
7643,58,23,9,2024-07-15,2024-07-16,2024-08-10
7644,58,13,7,2024-07-21,2024-07-22,2024-08-16
7645,58,4,7,2024-08-11,2024-08-12,2024-09-06
7646,58,13,9,2024-08-27,2024-08-29,2024-09-22
7647,58,13,9,2024-09-16,2024-09-19,2024-10-12
7648,58,13,9,2024-10-17,2024-10-19,2024-11-12
7649,58,13,9,2024-11-08,2024-11-11,2024-12-04
7650,58,23,9,2024-11-27,2024-11-29,2024-12-23
7651,58,23,9,2024-12-11,2024-12-14,2025-01-06
7652,58,23,9,2024-12-24,2024-12-27,2025-01-19
7653,58,23,7,2025-01-24,2025-01-25,2025-02-19
7654,58,23,7,2025-02-09,2025-02-12,2025-03-07
7655,58,4,9,2025-03-04,2025-03-05,2025-03-30
7656,58,4,7,2025-03-23,2025-03-26,2025-04-18
7657,58,23,7,2025-04-01,2025-04-02,2025-04-27
7658,58,13,7,2025-04-14,2025-04-15,2025-05-10
7659,58,13,9,2025-05-11,2025-05-13,2025-06-06
7660,58,13,9,2025-05-21,2025-05-22,2025-06-16
7661,58,4,7,2025-06-25,2025-06-28,2025-07-21
7662,58,13,9,2025-07-08,2025-07-09,2025-08-03
7663,58,23,7,2025-07-22,2025-07-23,2025-08-17
7664,58,4,7,2025-08-16,2025-08-18,2025-09-11
7665,58,4,9,2025-09-08,2025-09-11,2025-10-04
7666,58,13,9,2025-09-19,2025-09-22,2025-10-15
7667,58,13,9,2025-10-17,2025-10-19,2025-11-12
7668,58,4,9,2025-10-19,2025-10-21,2025-11-14
7669,58,4,7,2025-11-09,2025-11-10,2025-12-05
7670,58,4,9,2025-12-11,2025-12-13,2026-01-06
7671,58,13,7,2025-12-15,2025-12-18,2026-01-10
7672,58,4,9,2026-01-21,2026-01-24,2026-02-16
7673,58,23,9,2026-01-26,2026-01-29,2026-02-21
7674,58,4,9,2026-02-16,2026-02-19,2026-03-14
7675,58,4,7,2026-03-17,2026-03-18,2026-04-12
7676,58,13,7,2026-04-02,2026-04-03,2026-04-28
7677,58,4,9,2026-04-10,2026-04-11,2026-05-06
7678,58,13,9,2026-04-27,2026-04-29,2026-05-23
7679,58,4,7,2026-05-25,2026-05-26,2026-06-20
7680,58,13,7,2026-06-06,2026-06-08,2026-07-02
7681,58,23,10,2024-07-17,2024-07-19,2024-08-12
7682,58,13,10,2024-07-31,2024-08-01,2024-08-26
7683,58,23,10,2024-08-16,2024-08-19,2024-09-11
7684,58,23,10,2024-09-13,2024-09-15,2024-10-09
7685,58,4,10,2024-09-16,2024-09-17,2024-10-12
7686,58,23,10,2024-10-21,2024-10-23,2024-11-16
7687,58,13,10,2024-11-07,2024-11-08,2024-12-03
7688,58,4,10,2024-11-25,2024-11-26,2024-12-21
7689,58,23,10,2024-12-04,2024-12-06,2024-12-30
7690,58,13,10,2025-01-02,2025-01-05,2025-01-28
7691,58,13,10,2025-01-15,2025-01-16,2025-02-10
7692,58,13,10,2025-02-06,2025-02-08,2025-03-04
7693,58,23,10,2025-02-20,2025-02-22,2025-03-18
7694,58,13,10,2025-03-07,2025-03-08,2025-04-02
7695,58,4,10,2025-04-09,2025-04-10,2025-05-05
7696,58,4,10,2025-04-19,2025-04-20,2025-05-15
7697,58,4,10,2025-05-10,2025-05-12,2025-06-05
7698,58,13,10,2025-05-22,2025-05-24,2025-06-17
7699,58,23,10,2025-06-13,2025-06-16,2025-07-09
7700,58,23,10,2025-07-01,2025-07-02,2025-07-27
7701,58,13,10,2025-07-17,2025-07-20,2025-08-12
7702,58,23,10,2025-08-14,2025-08-17,2025-09-09
7703,58,13,10,2025-09-04,2025-09-07,2025-09-30
7704,58,13,10,2025-09-26,2025-09-29,2025-10-22
7705,58,23,10,2025-10-01,2025-10-03,2025-10-27
7706,58,13,10,2025-10-29,2025-11-01,2025-11-24
7707,58,23,10,2025-11-14,2025-11-17,2025-12-10
7708,58,4,10,2025-12-06,2025-12-08,2026-01-01
7709,58,23,10,2026-01-01,2026-01-04,2026-01-27
7710,58,4,10,2026-01-09,2026-01-12,2026-02-04
7711,58,13,10,2026-01-24,2026-01-26,2026-02-19
7712,58,23,10,2026-02-10,2026-02-13,2026-03-08
7713,58,13,10,2026-03-14,2026-03-17,2026-04-09
7714,58,13,10,2026-03-28,2026-03-30,2026-04-23
7715,58,23,10,2026-04-24,2026-04-26,2026-05-20
7716,58,13,10,2026-05-01,2026-05-04,2026-05-27
7717,58,23,10,2026-05-26,2026-05-29,2026-06-21
7718,58,4,10,2026-06-06,2026-06-07,2026-07-02
7719,59,13,1,2024-07-11,2024-07-13,2024-10-10
7720,59,17,3,2024-10-28,2024-10-29,2025-01-27
7721,59,17,3,2024-12-16,2024-12-19,2025-03-17
7722,59,13,1,2025-02-04,2025-02-07,2025-05-06
7723,59,17,1,2025-02-28,2025-03-02,2025-05-30
7724,59,13,1,2025-04-29,2025-05-01,2025-07-29
7725,59,17,3,2025-07-17,2025-07-19,2025-10-16
7726,59,17,3,2025-09-17,2025-09-20,2025-12-17
7727,59,17,1,2025-10-25,2025-10-26,2026-01-24
7728,59,17,3,2025-12-31,2026-01-02,2026-04-01
7729,59,17,1,2026-02-28,2026-03-02,2026-05-30
7730,59,17,3,2026-05-29,2026-06-01,2026-08-28
7731,59,17,4,2024-07-16,2024-07-19,2024-10-15
7732,59,17,4,2024-09-24,2024-09-25,2024-12-24
7733,59,13,4,2024-12-08,2024-12-10,2025-03-09
7734,59,17,4,2025-02-12,2025-02-14,2025-05-14
7735,59,17,4,2025-03-09,2025-03-11,2025-06-08
7736,59,13,4,2025-05-31,2025-06-02,2025-08-30
7737,59,13,4,2025-07-23,2025-07-24,2025-10-22
7738,59,17,4,2025-09-10,2025-09-13,2025-12-10
7739,59,13,4,2025-10-24,2025-10-26,2026-01-23
7740,59,17,4,2026-01-20,2026-01-23,2026-04-21
7741,59,17,4,2026-04-20,2026-04-21,2026-07-20
7742,59,13,4,2026-05-02,2026-05-05,2026-08-01
7743,59,13,5,2024-08-28,2024-08-29,2024-11-27
7744,59,13,5,2024-09-29,2024-10-02,2024-12-29
7745,59,13,5,2024-12-09,2024-12-11,2025-03-10
7746,59,13,5,2025-02-18,2025-02-20,2025-05-20
7747,59,13,5,2025-03-25,2025-03-26,2025-06-24
7748,59,17,5,2025-06-17,2025-06-19,2025-09-16
7749,59,17,5,2025-07-16,2025-07-17,2025-10-15
7750,59,13,5,2025-10-06,2025-10-08,2026-01-05
7751,59,13,5,2025-10-27,2025-10-28,2026-01-26
7752,59,17,5,2026-02-11,2026-02-14,2026-05-13
7753,59,13,5,2026-04-13,2026-04-16,2026-07-13
7754,59,17,5,2026-05-18,2026-05-19,2026-08-17
7755,59,13,9,2024-07-25,2024-07-27,2024-10-24
7756,59,13,9,2024-08-31,2024-09-03,2024-11-30
7757,59,13,9,2024-11-24,2024-11-26,2025-02-23
7758,59,13,7,2025-01-22,2025-01-23,2025-04-23
7759,59,17,9,2025-03-28,2025-03-30,2025-06-27
7760,59,17,9,2025-05-27,2025-05-30,2025-08-26
7761,59,17,9,2025-08-20,2025-08-23,2025-11-19
7762,59,17,9,2025-10-12,2025-10-13,2026-01-11
7763,59,13,7,2025-12-03,2025-12-05,2026-03-04
7764,59,13,7,2026-02-06,2026-02-07,2026-05-08
7765,59,17,9,2026-03-10,2026-03-13,2026-06-09
7766,59,17,9,2026-06-12,2026-06-13,2026-09-11
7767,59,13,10,2024-07-26,2024-07-29,2024-10-25
7768,59,13,10,2024-10-27,2024-10-30,2025-01-26
7769,59,17,10,2024-12-09,2024-12-11,2025-03-10
7770,59,17,10,2025-02-02,2025-02-03,2025-05-04
7771,59,13,10,2025-03-30,2025-03-31,2025-06-29
7772,59,13,10,2025-05-21,2025-05-22,2025-08-20
7773,59,13,10,2025-07-23,2025-07-26,2025-10-22
7774,59,13,10,2025-09-10,2025-09-13,2025-12-10
7775,59,17,10,2025-11-10,2025-11-11,2026-02-09
7776,59,17,10,2026-01-10,2026-01-11,2026-04-11
7777,59,17,10,2026-03-16,2026-03-19,2026-06-15
7778,59,13,10,2026-06-12,2026-06-15,2026-09-11
7779,60,18,2,2024-08-29,2024-09-01,2025-12-25
7780,60,23,5,2025-01-22,2025-01-24,2026-05-20
7781,60,18,5,2025-04-26,2025-04-27,2026-08-22
7782,60,18,2,2025-10-16,2025-10-18,2027-02-11
7783,60,23,2,2026-01-20,2026-01-22,2027-05-18
7784,60,18,2,2026-04-09,2026-04-10,2027-08-05
7785,61,24,3,2024-07-06,2024-07-07,2024-07-11
7786,61,4,3,2024-07-11,2024-07-12,2024-07-16
7787,61,24,1,2024-07-15,2024-07-18,2024-07-20
7788,61,12,1,2024-07-26,2024-07-28,2024-07-31
7789,61,12,3,2024-07-30,2024-08-01,2024-08-04
7790,61,24,3,2024-08-10,2024-08-13,2024-08-15
7791,61,12,3,2024-08-13,2024-08-16,2024-08-18
7792,61,12,3,2024-08-19,2024-08-22,2024-08-24
7793,61,12,1,2024-08-26,2024-08-27,2024-08-31
7794,61,12,3,2024-09-02,2024-09-05,2024-09-07
7795,61,24,3,2024-09-10,2024-09-12,2024-09-15
7796,61,4,3,2024-09-18,2024-09-21,2024-09-23
7797,61,12,3,2024-09-27,2024-09-30,2024-10-02
7798,61,4,1,2024-10-06,2024-10-07,2024-10-11
7799,61,12,3,2024-10-08,2024-10-09,2024-10-13
7800,61,24,3,2024-10-19,2024-10-22,2024-10-24
7801,61,24,1,2024-10-22,2024-10-23,2024-10-27
7802,61,12,3,2024-10-30,2024-11-02,2024-11-04
7803,61,24,3,2024-11-06,2024-11-09,2024-11-11
7804,61,24,1,2024-11-17,2024-11-18,2024-11-22
7805,61,24,1,2024-11-22,2024-11-23,2024-11-27
7806,61,12,3,2024-11-25,2024-11-28,2024-11-30
7807,61,4,3,2024-12-04,2024-12-07,2024-12-09
7808,61,24,1,2024-12-13,2024-12-15,2024-12-18
7809,61,4,1,2024-12-21,2024-12-22,2024-12-26
7810,61,24,3,2024-12-24,2024-12-26,2024-12-29
7811,61,24,3,2025-01-05,2025-01-08,2025-01-10
7812,61,24,3,2025-01-10,2025-01-13,2025-01-15
7813,61,4,1,2025-01-13,2025-01-16,2025-01-18
7814,61,4,3,2025-01-20,2025-01-23,2025-01-25
7815,61,24,1,2025-01-29,2025-01-31,2025-02-03
7816,61,24,1,2025-02-05,2025-02-06,2025-02-10
7817,61,12,3,2025-02-12,2025-02-13,2025-02-17
7818,61,12,3,2025-02-21,2025-02-23,2025-02-26
7819,61,24,3,2025-02-24,2025-02-27,2025-03-01
7820,61,4,3,2025-03-05,2025-03-08,2025-03-10
7821,61,24,1,2025-03-15,2025-03-17,2025-03-20
7822,61,12,3,2025-03-23,2025-03-26,2025-03-28
7823,61,12,3,2025-03-30,2025-03-31,2025-04-04
7824,61,12,3,2025-03-31,2025-04-02,2025-04-05
7825,61,24,1,2025-04-13,2025-04-14,2025-04-18
7826,61,4,1,2025-04-14,2025-04-16,2025-04-19
7827,61,4,3,2025-04-22,2025-04-24,2025-04-27
7828,61,12,3,2025-04-28,2025-04-30,2025-05-03
7829,61,12,3,2025-05-07,2025-05-08,2025-05-12
7830,61,12,1,2025-05-14,2025-05-15,2025-05-19
7831,61,4,1,2025-05-23,2025-05-26,2025-05-28
7832,61,4,1,2025-05-26,2025-05-29,2025-05-31
7833,61,4,1,2025-06-02,2025-06-03,2025-06-07
7834,61,12,1,2025-06-14,2025-06-16,2025-06-19
7835,61,12,3,2025-06-16,2025-06-19,2025-06-21
7836,61,12,3,2025-06-29,2025-06-30,2025-07-04
7837,61,4,3,2025-06-30,2025-07-01,2025-07-05
7838,61,12,1,2025-07-07,2025-07-08,2025-07-12
7839,61,12,1,2025-07-14,2025-07-16,2025-07-19
7840,61,24,1,2025-07-24,2025-07-26,2025-07-29
7841,61,12,1,2025-08-03,2025-08-04,2025-08-08
7842,61,24,3,2025-08-06,2025-08-09,2025-08-11
7843,61,24,1,2025-08-13,2025-08-15,2025-08-18
7844,61,4,1,2025-08-18,2025-08-19,2025-08-23
7845,61,24,3,2025-08-25,2025-08-26,2025-08-30
7846,61,4,1,2025-09-02,2025-09-03,2025-09-07
7847,61,12,3,2025-09-12,2025-09-15,2025-09-17
7848,61,12,1,2025-09-18,2025-09-21,2025-09-23
7849,61,4,1,2025-09-24,2025-09-25,2025-09-29
7850,61,12,1,2025-10-03,2025-10-06,2025-10-08
7851,61,12,1,2025-10-10,2025-10-13,2025-10-15
7852,61,12,3,2025-10-18,2025-10-19,2025-10-23
7853,61,24,1,2025-10-22,2025-10-24,2025-10-27
7854,61,4,3,2025-10-30,2025-10-31,2025-11-04
7855,61,12,3,2025-11-07,2025-11-08,2025-11-12
7856,61,4,1,2025-11-15,2025-11-16,2025-11-20
7857,61,4,3,2025-11-19,2025-11-20,2025-11-24
7858,61,4,3,2025-11-28,2025-12-01,2025-12-03
7859,61,12,1,2025-12-05,2025-12-06,2025-12-10
7860,61,12,3,2025-12-14,2025-12-16,2025-12-19
7861,61,24,3,2025-12-16,2025-12-17,2025-12-21
7862,61,12,1,2025-12-27,2025-12-28,2026-01-01
7863,61,4,3,2026-01-04,2026-01-06,2026-01-09
7864,61,4,1,2026-01-11,2026-01-13,2026-01-16
7865,61,12,1,2026-01-13,2026-01-16,2026-01-18
7866,61,12,3,2026-01-21,2026-01-22,2026-01-26
7867,61,24,3,2026-02-01,2026-02-03,2026-02-06
7868,61,24,3,2026-02-08,2026-02-09,2026-02-13
7869,61,4,3,2026-02-09,2026-02-12,2026-02-14
7870,61,24,3,2026-02-20,2026-02-21,2026-02-25
7871,61,24,3,2026-02-23,2026-02-26,2026-02-28
7872,61,24,1,2026-03-07,2026-03-08,2026-03-12
7873,61,4,1,2026-03-12,2026-03-13,2026-03-17
7874,61,24,3,2026-03-20,2026-03-21,2026-03-25
7875,61,4,3,2026-03-23,2026-03-25,2026-03-28
7876,61,24,1,2026-04-01,2026-04-04,2026-04-06
7877,61,12,3,2026-04-10,2026-04-13,2026-04-15
7878,61,24,3,2026-04-17,2026-04-19,2026-04-22
7879,61,24,1,2026-04-26,2026-04-29,2026-05-01
7880,61,4,1,2026-04-27,2026-04-30,2026-05-02
7881,61,24,3,2026-05-04,2026-05-05,2026-05-09
7882,61,12,1,2026-05-15,2026-05-18,2026-05-20
7883,61,12,3,2026-05-24,2026-05-26,2026-05-29
7884,61,12,3,2026-05-30,2026-06-02,2026-06-04
7885,61,24,3,2026-06-03,2026-06-05,2026-06-08
7886,61,24,1,2026-06-14,2026-06-16,2026-06-19
7887,61,24,1,2026-06-20,2026-06-23,2026-06-25
7888,61,24,1,2026-06-25,2026-06-26,2026-06-30
7889,61,4,4,2024-07-01,2024-07-02,2024-07-06
7890,61,4,4,2024-07-09,2024-07-12,2024-07-14
7891,61,24,4,2024-07-16,2024-07-19,2024-07-21
7892,61,12,4,2024-07-23,2024-07-24,2024-07-28
7893,61,4,4,2024-07-29,2024-07-31,2024-08-03
7894,61,4,4,2024-08-08,2024-08-09,2024-08-13
7895,61,24,4,2024-08-17,2024-08-19,2024-08-22
7896,61,24,4,2024-08-21,2024-08-22,2024-08-26
7897,61,24,4,2024-08-29,2024-09-01,2024-09-03
7898,61,12,4,2024-09-02,2024-09-05,2024-09-07
7899,61,4,4,2024-09-13,2024-09-14,2024-09-18
7900,61,24,4,2024-09-19,2024-09-22,2024-09-24
7901,61,12,4,2024-09-28,2024-09-29,2024-10-03
7902,61,12,4,2024-09-30,2024-10-02,2024-10-05
7903,61,4,4,2024-10-07,2024-10-09,2024-10-12
7904,61,4,4,2024-10-19,2024-10-21,2024-10-24
7905,61,24,4,2024-10-26,2024-10-28,2024-10-31
7906,61,24,4,2024-11-01,2024-11-04,2024-11-06
7907,61,4,4,2024-11-08,2024-11-10,2024-11-13
7908,61,12,4,2024-11-15,2024-11-17,2024-11-20
7909,61,12,4,2024-11-20,2024-11-23,2024-11-25
7910,61,24,4,2024-11-28,2024-11-30,2024-12-03
7911,61,12,4,2024-12-05,2024-12-06,2024-12-10
7912,61,24,4,2024-12-12,2024-12-15,2024-12-17
7913,61,12,4,2024-12-21,2024-12-23,2024-12-26
7914,61,4,4,2024-12-24,2024-12-27,2024-12-29
7915,61,12,4,2025-01-02,2025-01-05,2025-01-07
7916,61,4,4,2025-01-10,2025-01-12,2025-01-15
7917,61,24,4,2025-01-13,2025-01-16,2025-01-18
7918,61,24,4,2025-01-23,2025-01-25,2025-01-28
7919,61,24,4,2025-02-01,2025-02-03,2025-02-06
7920,61,24,4,2025-02-08,2025-02-09,2025-02-13
7921,61,4,4,2025-02-11,2025-02-14,2025-02-16
7922,61,12,4,2025-02-23,2025-02-24,2025-02-28
7923,61,24,4,2025-02-24,2025-02-25,2025-03-01
7924,61,24,4,2025-03-06,2025-03-08,2025-03-11
7925,61,24,4,2025-03-11,2025-03-13,2025-03-16
7926,61,12,4,2025-03-18,2025-03-21,2025-03-23
7927,61,12,4,2025-03-30,2025-03-31,2025-04-04
7928,61,12,4,2025-04-01,2025-04-03,2025-04-06
7929,61,12,4,2025-04-11,2025-04-12,2025-04-16
7930,61,24,4,2025-04-18,2025-04-19,2025-04-23
7931,61,24,4,2025-04-25,2025-04-26,2025-04-30
7932,61,4,4,2025-05-03,2025-05-06,2025-05-08
7933,61,4,4,2025-05-07,2025-05-10,2025-05-12
7934,61,4,4,2025-05-12,2025-05-13,2025-05-17
7935,61,12,4,2025-05-23,2025-05-24,2025-05-28
7936,61,24,4,2025-05-26,2025-05-29,2025-05-31
7937,61,4,4,2025-06-07,2025-06-10,2025-06-12
7938,61,12,4,2025-06-12,2025-06-14,2025-06-17
7939,61,12,4,2025-06-22,2025-06-25,2025-06-27
7940,61,4,4,2025-06-29,2025-06-30,2025-07-04
7941,61,24,4,2025-07-02,2025-07-04,2025-07-07
7942,61,4,4,2025-07-13,2025-07-16,2025-07-18
7943,61,12,4,2025-07-19,2025-07-20,2025-07-24
7944,61,12,4,2025-07-27,2025-07-28,2025-08-01
7945,61,24,4,2025-07-31,2025-08-02,2025-08-05
7946,61,4,4,2025-08-09,2025-08-12,2025-08-14
7947,61,4,4,2025-08-16,2025-08-19,2025-08-21
7948,61,12,4,2025-08-24,2025-08-25,2025-08-29
7949,61,12,4,2025-08-25,2025-08-28,2025-08-30
7950,61,4,4,2025-09-02,2025-09-05,2025-09-07
7951,61,12,4,2025-09-14,2025-09-16,2025-09-19
7952,61,12,4,2025-09-19,2025-09-22,2025-09-24
7953,61,24,4,2025-09-28,2025-09-29,2025-10-03
7954,61,12,4,2025-10-05,2025-10-06,2025-10-10
7955,61,12,4,2025-10-12,2025-10-15,2025-10-17
7956,61,12,4,2025-10-19,2025-10-21,2025-10-24
7957,61,24,4,2025-10-21,2025-10-24,2025-10-26
7958,61,24,4,2025-10-30,2025-11-02,2025-11-04
7959,61,12,4,2025-11-05,2025-11-08,2025-11-10
7960,61,12,4,2025-11-10,2025-11-13,2025-11-15
7961,61,24,4,2025-11-18,2025-11-20,2025-11-23
7962,61,12,4,2025-11-30,2025-12-02,2025-12-05
7963,61,24,4,2025-12-05,2025-12-06,2025-12-10
7964,61,4,4,2025-12-11,2025-12-14,2025-12-16
7965,61,12,4,2025-12-20,2025-12-21,2025-12-25
7966,61,12,4,2025-12-22,2025-12-25,2025-12-27
7967,61,12,4,2026-01-04,2026-01-06,2026-01-09
7968,61,4,4,2026-01-10,2026-01-13,2026-01-15
7969,61,12,4,2026-01-14,2026-01-17,2026-01-19
7970,61,12,4,2026-01-24,2026-01-27,2026-01-29
7971,61,24,4,2026-01-26,2026-01-29,2026-01-31
7972,61,24,4,2026-02-06,2026-02-09,2026-02-11
7973,61,24,4,2026-02-09,2026-02-10,2026-02-14
7974,61,24,4,2026-02-19,2026-02-22,2026-02-24
7975,61,12,4,2026-02-25,2026-02-26,2026-03-02
7976,61,12,4,2026-03-03,2026-03-06,2026-03-08
7977,61,24,4,2026-03-14,2026-03-17,2026-03-19
7978,61,24,4,2026-03-22,2026-03-24,2026-03-27
7979,61,24,4,2026-03-24,2026-03-25,2026-03-29
7980,61,24,4,2026-04-01,2026-04-02,2026-04-06
7981,61,4,4,2026-04-09,2026-04-11,2026-04-14
7982,61,24,4,2026-04-16,2026-04-18,2026-04-21
7983,61,12,4,2026-04-26,2026-04-28,2026-05-01
7984,61,12,4,2026-04-29,2026-05-02,2026-05-04
7985,61,24,4,2026-05-05,2026-05-06,2026-05-10
7986,61,4,4,2026-05-15,2026-05-16,2026-05-20
7987,61,24,4,2026-05-24,2026-05-26,2026-05-29
7988,61,24,4,2026-05-30,2026-05-31,2026-06-04
7989,61,4,4,2026-06-05,2026-06-06,2026-06-10
7990,61,12,4,2026-06-10,2026-06-13,2026-06-15
7991,61,12,4,2026-06-21,2026-06-22,2026-06-26
7992,61,4,4,2026-06-23,2026-06-25,2026-06-28
7993,61,24,4,2026-06-30,2026-07-01,2026-07-05
7994,61,12,5,2024-07-07,2024-07-09,2024-07-12
7995,61,24,5,2024-07-09,2024-07-10,2024-07-14
7996,61,12,5,2024-07-17,2024-07-19,2024-07-22
7997,61,4,5,2024-07-23,2024-07-24,2024-07-28
7998,61,12,5,2024-07-30,2024-08-01,2024-08-04
7999,61,12,5,2024-08-10,2024-08-12,2024-08-15
8000,61,4,5,2024-08-16,2024-08-18,2024-08-21
8001,61,24,5,2024-08-22,2024-08-24,2024-08-27
8002,61,4,5,2024-08-31,2024-09-01,2024-09-05
8003,61,4,5,2024-09-06,2024-09-08,2024-09-11
8004,61,4,5,2024-09-11,2024-09-14,2024-09-16
8005,61,4,5,2024-09-18,2024-09-19,2024-09-23
8006,61,4,5,2024-09-24,2024-09-27,2024-09-29
8007,61,12,5,2024-09-30,2024-10-01,2024-10-05
8008,61,24,5,2024-10-11,2024-10-12,2024-10-16
8009,61,4,5,2024-10-19,2024-10-20,2024-10-24
8010,61,12,5,2024-10-22,2024-10-23,2024-10-27
8011,61,4,5,2024-11-01,2024-11-02,2024-11-06
8012,61,4,5,2024-11-08,2024-11-09,2024-11-13
8013,61,12,5,2024-11-11,2024-11-14,2024-11-16
8014,61,24,5,2024-11-24,2024-11-27,2024-11-29
8015,61,4,5,2024-11-25,2024-11-28,2024-11-30
8016,61,4,5,2024-12-02,2024-12-05,2024-12-07
8017,61,4,5,2024-12-15,2024-12-18,2024-12-20
8018,61,24,5,2024-12-22,2024-12-23,2024-12-27
8019,61,12,5,2024-12-29,2025-01-01,2025-01-03
8020,61,24,5,2024-12-30,2025-01-01,2025-01-04
8021,61,4,5,2025-01-10,2025-01-13,2025-01-15
8022,61,4,5,2025-01-19,2025-01-21,2025-01-24
8023,61,24,5,2025-01-25,2025-01-26,2025-01-30
8024,61,4,5,2025-02-01,2025-02-02,2025-02-06
8025,61,12,5,2025-02-03,2025-02-04,2025-02-08
8026,61,4,5,2025-02-10,2025-02-12,2025-02-15
8027,61,12,5,2025-02-22,2025-02-23,2025-02-27
8028,61,12,5,2025-02-24,2025-02-26,2025-03-01
8029,61,4,5,2025-03-05,2025-03-06,2025-03-10
8030,61,24,5,2025-03-15,2025-03-16,2025-03-20
8031,61,4,5,2025-03-17,2025-03-20,2025-03-22
8032,61,4,5,2025-03-27,2025-03-30,2025-04-01
8033,61,12,5,2025-04-01,2025-04-02,2025-04-06
8034,61,24,5,2025-04-09,2025-04-10,2025-04-14
8035,61,24,5,2025-04-20,2025-04-23,2025-04-25
8036,61,24,5,2025-04-21,2025-04-24,2025-04-26
8037,61,12,5,2025-05-01,2025-05-04,2025-05-06
8038,61,12,5,2025-05-11,2025-05-14,2025-05-16
8039,61,24,5,2025-05-18,2025-05-20,2025-05-23
8040,61,4,5,2025-05-25,2025-05-26,2025-05-30
8041,61,24,5,2025-05-26,2025-05-28,2025-05-31
8042,61,24,5,2025-06-05,2025-06-08,2025-06-10
8043,61,4,5,2025-06-14,2025-06-15,2025-06-19
8044,61,24,5,2025-06-20,2025-06-23,2025-06-25
8045,61,24,5,2025-06-25,2025-06-26,2025-06-30
8046,61,24,5,2025-07-03,2025-07-04,2025-07-08
8047,61,4,5,2025-07-10,2025-07-11,2025-07-15
8048,61,24,5,2025-07-17,2025-07-20,2025-07-22
8049,61,24,5,2025-07-21,2025-07-24,2025-07-26
8050,61,4,5,2025-07-29,2025-08-01,2025-08-03
8051,61,24,5,2025-08-05,2025-08-07,2025-08-10
8052,61,24,5,2025-08-14,2025-08-17,2025-08-19
8053,61,24,5,2025-08-21,2025-08-22,2025-08-26
8054,61,12,5,2025-08-27,2025-08-28,2025-09-01
8055,61,4,5,2025-09-02,2025-09-04,2025-09-07
8056,61,12,5,2025-09-13,2025-09-15,2025-09-18
8057,61,24,5,2025-09-18,2025-09-20,2025-09-23
8058,61,4,5,2025-09-27,2025-09-30,2025-10-02
8059,61,4,5,2025-10-05,2025-10-07,2025-10-10
8060,61,12,5,2025-10-08,2025-10-10,2025-10-13
8061,61,4,5,2025-10-17,2025-10-20,2025-10-22
8062,61,24,5,2025-10-23,2025-10-25,2025-10-28
8063,61,12,5,2025-10-29,2025-10-30,2025-11-03
8064,61,12,5,2025-11-03,2025-11-05,2025-11-08
8065,61,4,5,2025-11-12,2025-11-13,2025-11-17
8066,61,12,5,2025-11-17,2025-11-20,2025-11-22
8067,61,24,5,2025-11-26,2025-11-27,2025-12-01
8068,61,12,5,2025-12-05,2025-12-08,2025-12-10
8069,61,4,5,2025-12-13,2025-12-15,2025-12-18
8070,61,12,5,2025-12-18,2025-12-21,2025-12-23
8071,61,24,5,2025-12-26,2025-12-28,2025-12-31
8072,61,12,5,2026-01-02,2026-01-04,2026-01-07
8073,61,12,5,2026-01-09,2026-01-12,2026-01-14
8074,61,12,5,2026-01-14,2026-01-16,2026-01-19
8075,61,12,5,2026-01-20,2026-01-22,2026-01-25
8076,61,4,5,2026-01-31,2026-02-03,2026-02-05
8077,61,12,5,2026-02-02,2026-02-05,2026-02-07
8078,61,12,5,2026-02-10,2026-02-12,2026-02-15
8079,61,12,5,2026-02-17,2026-02-19,2026-02-22
8080,61,12,5,2026-02-26,2026-03-01,2026-03-03
8081,61,24,5,2026-03-05,2026-03-07,2026-03-10
8082,61,12,5,2026-03-09,2026-03-10,2026-03-14
8083,61,24,5,2026-03-19,2026-03-21,2026-03-24
8084,61,4,5,2026-03-26,2026-03-28,2026-03-31
8085,61,12,5,2026-04-04,2026-04-05,2026-04-09
8086,61,12,5,2026-04-07,2026-04-09,2026-04-12
8087,61,12,5,2026-04-14,2026-04-17,2026-04-19
8088,61,4,5,2026-04-21,2026-04-23,2026-04-26
8089,61,4,5,2026-04-29,2026-05-01,2026-05-04
8090,61,4,5,2026-05-08,2026-05-11,2026-05-13
8091,61,4,5,2026-05-14,2026-05-17,2026-05-19
8092,61,24,5,2026-05-23,2026-05-25,2026-05-28
8093,61,4,5,2026-05-25,2026-05-26,2026-05-30
8094,61,4,5,2026-06-01,2026-06-03,2026-06-06
8095,61,12,5,2026-06-09,2026-06-10,2026-06-14
8096,61,12,5,2026-06-21,2026-06-22,2026-06-26
8097,61,4,5,2026-06-23,2026-06-26,2026-06-28
8098,61,12,9,2024-07-03,2024-07-05,2024-07-08
8099,61,4,7,2024-07-09,2024-07-11,2024-07-14
8100,61,4,7,2024-07-19,2024-07-22,2024-07-24
8101,61,4,9,2024-07-28,2024-07-30,2024-08-02
8102,61,4,7,2024-07-29,2024-08-01,2024-08-03
8103,61,24,9,2024-08-08,2024-08-09,2024-08-13
8104,61,24,7,2024-08-14,2024-08-15,2024-08-19
8105,61,12,9,2024-08-21,2024-08-24,2024-08-26
8106,61,24,7,2024-08-29,2024-08-31,2024-09-03
8107,61,4,7,2024-09-03,2024-09-05,2024-09-08
8108,61,24,9,2024-09-09,2024-09-10,2024-09-14
8109,61,12,9,2024-09-20,2024-09-22,2024-09-25
8110,61,4,9,2024-09-27,2024-09-30,2024-10-02
8111,61,12,7,2024-10-02,2024-10-05,2024-10-07
8112,61,12,9,2024-10-13,2024-10-15,2024-10-18
8113,61,12,9,2024-10-16,2024-10-18,2024-10-21
8114,61,24,9,2024-10-22,2024-10-24,2024-10-27
8115,61,4,9,2024-11-02,2024-11-04,2024-11-07
8116,61,4,9,2024-11-09,2024-11-11,2024-11-14
8117,61,4,9,2024-11-14,2024-11-17,2024-11-19
8118,61,4,9,2024-11-21,2024-11-22,2024-11-26
8119,61,24,9,2024-12-01,2024-12-04,2024-12-06
8120,61,24,9,2024-12-08,2024-12-09,2024-12-13
8121,61,24,7,2024-12-11,2024-12-12,2024-12-16
8122,61,24,9,2024-12-19,2024-12-21,2024-12-24
8123,61,12,9,2024-12-28,2024-12-30,2025-01-02
8124,61,12,9,2025-01-05,2025-01-06,2025-01-10
8125,61,4,9,2025-01-12,2025-01-14,2025-01-17
8126,61,12,7,2025-01-17,2025-01-20,2025-01-22
8127,61,12,9,2025-01-22,2025-01-23,2025-01-27
8128,61,4,7,2025-02-01,2025-02-04,2025-02-06
8129,61,12,9,2025-02-03,2025-02-04,2025-02-08
8130,61,4,9,2025-02-16,2025-02-19,2025-02-21
8131,61,24,7,2025-02-22,2025-02-25,2025-02-27
8132,61,4,7,2025-03-01,2025-03-03,2025-03-06
8133,61,24,9,2025-03-05,2025-03-08,2025-03-10
8134,61,24,7,2025-03-12,2025-03-14,2025-03-17
8135,61,24,7,2025-03-17,2025-03-20,2025-03-22
8136,61,4,9,2025-03-28,2025-03-31,2025-04-02
8137,61,24,9,2025-04-06,2025-04-07,2025-04-11
8138,61,24,7,2025-04-10,2025-04-13,2025-04-15
8139,61,12,7,2025-04-20,2025-04-22,2025-04-25
8140,61,24,7,2025-04-24,2025-04-26,2025-04-29
8141,61,12,7,2025-05-02,2025-05-05,2025-05-07
8142,61,24,7,2025-05-11,2025-05-12,2025-05-16
8143,61,12,7,2025-05-16,2025-05-18,2025-05-21
8144,61,4,7,2025-05-22,2025-05-24,2025-05-27
8145,61,4,7,2025-05-29,2025-05-31,2025-06-03
8146,61,24,7,2025-06-06,2025-06-07,2025-06-11
8147,61,12,7,2025-06-09,2025-06-12,2025-06-14
8148,61,24,9,2025-06-16,2025-06-19,2025-06-21
8149,61,24,7,2025-06-23,2025-06-24,2025-06-28
8150,61,24,9,2025-06-30,2025-07-03,2025-07-05
8151,61,4,7,2025-07-13,2025-07-16,2025-07-18
8152,61,4,9,2025-07-15,2025-07-17,2025-07-20
8153,61,24,7,2025-07-25,2025-07-26,2025-07-30
8154,61,24,7,2025-07-30,2025-07-31,2025-08-04
8155,61,12,9,2025-08-07,2025-08-10,2025-08-12
8156,61,12,9,2025-08-17,2025-08-19,2025-08-22
8157,61,24,9,2025-08-20,2025-08-23,2025-08-25
8158,61,24,7,2025-08-27,2025-08-30,2025-09-01
8159,61,4,9,2025-09-04,2025-09-06,2025-09-09
8160,61,24,7,2025-09-08,2025-09-10,2025-09-13
8161,61,4,7,2025-09-19,2025-09-20,2025-09-24
8162,61,12,7,2025-09-26,2025-09-29,2025-10-01
8163,61,4,9,2025-09-29,2025-09-30,2025-10-04
8164,61,12,9,2025-10-12,2025-10-13,2025-10-17
8165,61,12,7,2025-10-15,2025-10-18,2025-10-20
8166,61,12,9,2025-10-21,2025-10-23,2025-10-26
8167,61,24,7,2025-10-31,2025-11-02,2025-11-05
8168,61,24,7,2025-11-04,2025-11-06,2025-11-09
8169,61,24,9,2025-11-13,2025-11-15,2025-11-18
8170,61,4,9,2025-11-18,2025-11-20,2025-11-23
8171,61,4,9,2025-11-24,2025-11-27,2025-11-29
8172,61,24,9,2025-12-04,2025-12-07,2025-12-09
8173,61,12,9,2025-12-12,2025-12-14,2025-12-17
8174,61,24,7,2025-12-18,2025-12-19,2025-12-23
8175,61,24,9,2025-12-27,2025-12-30,2026-01-01
8176,61,12,9,2026-01-02,2026-01-05,2026-01-07
8177,61,4,7,2026-01-08,2026-01-10,2026-01-13
8178,61,24,9,2026-01-17,2026-01-18,2026-01-22
8179,61,24,9,2026-01-21,2026-01-24,2026-01-26
8180,61,4,9,2026-01-31,2026-02-01,2026-02-05
8181,61,4,9,2026-02-04,2026-02-07,2026-02-09
8182,61,12,9,2026-02-14,2026-02-16,2026-02-19
8183,61,12,7,2026-02-16,2026-02-19,2026-02-21
8184,61,4,9,2026-02-23,2026-02-26,2026-02-28
8185,61,4,9,2026-03-08,2026-03-10,2026-03-13
8186,61,4,7,2026-03-14,2026-03-16,2026-03-19
8187,61,4,9,2026-03-20,2026-03-21,2026-03-25
8188,61,12,9,2026-03-28,2026-03-29,2026-04-02
8189,61,4,7,2026-04-03,2026-04-04,2026-04-08
8190,61,4,9,2026-04-08,2026-04-09,2026-04-13
8191,61,24,7,2026-04-18,2026-04-21,2026-04-23
8192,61,24,9,2026-04-22,2026-04-23,2026-04-27
8193,61,4,9,2026-04-30,2026-05-02,2026-05-05
8194,61,12,9,2026-05-05,2026-05-07,2026-05-10
8195,61,24,9,2026-05-16,2026-05-17,2026-05-21
8196,61,12,7,2026-05-19,2026-05-22,2026-05-24
8197,61,4,7,2026-05-26,2026-05-28,2026-05-31
8198,61,12,9,2026-06-03,2026-06-06,2026-06-08
8199,61,12,7,2026-06-09,2026-06-11,2026-06-14
8200,61,24,7,2026-06-16,2026-06-19,2026-06-21
8201,61,4,9,2026-06-24,2026-06-27,2026-06-29
8202,61,4,10,2024-07-02,2024-07-04,2024-07-07
8203,61,4,10,2024-07-14,2024-07-16,2024-07-19
8204,61,12,10,2024-07-17,2024-07-20,2024-07-22
8205,61,24,10,2024-07-24,2024-07-25,2024-07-29
8206,61,12,10,2024-08-03,2024-08-04,2024-08-08
8207,61,4,10,2024-08-09,2024-08-11,2024-08-14
8208,61,24,10,2024-08-17,2024-08-18,2024-08-22
8209,61,4,10,2024-08-23,2024-08-25,2024-08-28
8210,61,4,10,2024-08-30,2024-09-01,2024-09-04
8211,61,24,10,2024-09-06,2024-09-08,2024-09-11
8212,61,12,10,2024-09-14,2024-09-17,2024-09-19
8213,61,24,10,2024-09-22,2024-09-24,2024-09-27
8214,61,24,10,2024-09-29,2024-10-01,2024-10-04
8215,61,4,10,2024-10-01,2024-10-02,2024-10-06
8216,61,24,10,2024-10-09,2024-10-11,2024-10-14
8217,61,4,10,2024-10-14,2024-10-16,2024-10-19
8218,61,4,10,2024-10-24,2024-10-26,2024-10-29
8219,61,24,10,2024-10-28,2024-10-29,2024-11-02
8220,61,4,10,2024-11-07,2024-11-09,2024-11-12
8221,61,24,10,2024-11-15,2024-11-17,2024-11-20
8222,61,12,10,2024-11-23,2024-11-25,2024-11-28
8223,61,12,10,2024-11-29,2024-11-30,2024-12-04
8224,61,4,10,2024-12-06,2024-12-08,2024-12-11
8225,61,24,10,2024-12-10,2024-12-13,2024-12-15
8226,61,4,10,2024-12-18,2024-12-20,2024-12-23
8227,61,12,10,2024-12-28,2024-12-30,2025-01-02
8228,61,12,10,2025-01-01,2025-01-02,2025-01-06
8229,61,12,10,2025-01-07,2025-01-10,2025-01-12
8230,61,24,10,2025-01-19,2025-01-22,2025-01-24
8231,61,4,10,2025-01-23,2025-01-24,2025-01-28
8232,61,4,10,2025-01-27,2025-01-28,2025-02-01
8233,61,12,10,2025-02-05,2025-02-06,2025-02-10
8234,61,4,10,2025-02-15,2025-02-18,2025-02-20
8235,61,4,10,2025-02-20,2025-02-22,2025-02-25
8236,61,12,10,2025-02-24,2025-02-25,2025-03-01
8237,61,24,10,2025-03-09,2025-03-12,2025-03-14
8238,61,24,10,2025-03-16,2025-03-18,2025-03-21
8239,61,24,10,2025-03-18,2025-03-21,2025-03-23
8240,61,4,10,2025-03-25,2025-03-26,2025-03-30
8241,61,24,10,2025-04-01,2025-04-04,2025-04-06
8242,61,24,10,2025-04-09,2025-04-10,2025-04-14
8243,61,24,10,2025-04-16,2025-04-17,2025-04-21
8244,61,12,10,2025-04-22,2025-04-24,2025-04-27
8245,61,4,10,2025-04-28,2025-05-01,2025-05-03
8246,61,12,10,2025-05-06,2025-05-08,2025-05-11
8247,61,12,10,2025-05-16,2025-05-18,2025-05-21
8248,61,12,10,2025-05-24,2025-05-25,2025-05-29
8249,61,4,10,2025-06-01,2025-06-03,2025-06-06
8250,61,4,10,2025-06-02,2025-06-04,2025-06-07
8251,61,12,10,2025-06-14,2025-06-15,2025-06-19
8252,61,4,10,2025-06-16,2025-06-18,2025-06-21
8253,61,4,10,2025-06-23,2025-06-24,2025-06-28
8254,61,12,10,2025-07-03,2025-07-04,2025-07-08
8255,61,12,10,2025-07-08,2025-07-10,2025-07-13
8256,61,12,10,2025-07-18,2025-07-21,2025-07-23
8257,61,4,10,2025-07-24,2025-07-26,2025-07-29
8258,61,4,10,2025-08-02,2025-08-04,2025-08-07
8259,61,4,10,2025-08-05,2025-08-08,2025-08-10
8260,61,4,10,2025-08-16,2025-08-18,2025-08-21
8261,61,24,10,2025-08-24,2025-08-25,2025-08-29
8262,61,4,10,2025-08-26,2025-08-27,2025-08-31
8263,61,4,10,2025-09-03,2025-09-06,2025-09-08
8264,61,24,10,2025-09-13,2025-09-15,2025-09-18
8265,61,24,10,2025-09-18,2025-09-21,2025-09-23
8266,61,12,10,2025-09-26,2025-09-28,2025-10-01
8267,61,24,10,2025-10-02,2025-10-03,2025-10-07
8268,61,4,10,2025-10-08,2025-10-10,2025-10-13
8269,61,4,10,2025-10-19,2025-10-21,2025-10-24
8270,61,4,10,2025-10-24,2025-10-26,2025-10-29
8271,61,12,10,2025-10-28,2025-10-30,2025-11-02
8272,61,12,10,2025-11-06,2025-11-08,2025-11-11
8273,61,12,10,2025-11-14,2025-11-17,2025-11-19
8274,61,12,10,2025-11-17,2025-11-18,2025-11-22
8275,61,12,10,2025-11-25,2025-11-28,2025-11-30
8276,61,12,10,2025-12-02,2025-12-03,2025-12-07
8277,61,24,10,2025-12-13,2025-12-14,2025-12-18
8278,61,24,10,2025-12-17,2025-12-19,2025-12-22
8279,61,12,10,2025-12-24,2025-12-25,2025-12-29
8280,61,12,10,2026-01-02,2026-01-05,2026-01-07
8281,61,12,10,2026-01-10,2026-01-11,2026-01-15
8282,61,24,10,2026-01-17,2026-01-20,2026-01-22
8283,61,12,10,2026-01-22,2026-01-24,2026-01-27
8284,61,12,10,2026-01-27,2026-01-29,2026-02-01
8285,61,12,10,2026-02-07,2026-02-10,2026-02-12
8286,61,24,10,2026-02-15,2026-02-17,2026-02-20
8287,61,4,10,2026-02-20,2026-02-23,2026-02-25
8288,61,4,10,2026-02-25,2026-02-27,2026-03-02
8289,61,12,10,2026-03-02,2026-03-03,2026-03-07
8290,61,24,10,2026-03-13,2026-03-15,2026-03-18
8291,61,12,10,2026-03-22,2026-03-23,2026-03-27
8292,61,12,10,2026-03-23,2026-03-26,2026-03-28
8293,61,24,10,2026-03-31,2026-04-02,2026-04-05
8294,61,4,10,2026-04-10,2026-04-11,2026-04-15
8295,61,4,10,2026-04-14,2026-04-16,2026-04-19
8296,61,4,10,2026-04-21,2026-04-24,2026-04-26
8297,61,24,10,2026-04-29,2026-04-30,2026-05-04
8298,61,12,10,2026-05-09,2026-05-11,2026-05-14
8299,61,24,10,2026-05-12,2026-05-13,2026-05-17
8300,61,24,10,2026-05-22,2026-05-23,2026-05-27
8301,61,12,10,2026-05-28,2026-05-30,2026-06-02
8302,61,24,10,2026-06-02,2026-06-04,2026-06-07
8303,61,4,10,2026-06-11,2026-06-12,2026-06-16
8304,61,4,10,2026-06-17,2026-06-20,2026-06-22
8305,61,12,10,2026-06-28,2026-06-29,2026-07-03
8306,62,15,7,2024-08-16,2024-08-19,2025-12-20
8307,62,15,7,2025-01-25,2025-01-26,2026-05-31
8308,62,15,2,2025-04-11,2025-04-14,2026-08-15
8309,62,15,7,2025-10-06,2025-10-09,2027-02-09
8310,62,15,2,2025-12-09,2025-12-12,2027-04-14
8311,62,15,7,2026-06-10,2026-06-11,2027-10-14
8312,63,24,8,2024-09-17,2024-09-18,2026-02-22
8313,63,24,7,2025-01-05,2025-01-08,2026-06-12
8314,63,24,7,2025-03-26,2025-03-28,2026-08-31
8315,63,24,7,2025-08-07,2025-08-10,2027-01-12
8316,63,24,10,2026-01-28,2026-01-30,2027-07-05
8317,63,24,8,2026-05-07,2026-05-08,2027-10-12
8318,64,9,3,2024-07-07,2024-07-08,2024-07-12
8319,64,9,1,2024-07-09,2024-07-12,2024-07-14
8320,64,17,1,2024-07-17,2024-07-18,2024-07-22
8321,64,9,3,2024-07-27,2024-07-29,2024-08-01
8322,64,24,3,2024-08-03,2024-08-05,2024-08-08
8323,64,9,3,2024-08-10,2024-08-12,2024-08-15
8324,64,9,1,2024-08-16,2024-08-19,2024-08-21
8325,64,9,1,2024-08-19,2024-08-22,2024-08-24
8326,64,24,1,2024-08-27,2024-08-28,2024-09-01
8327,64,24,1,2024-09-02,2024-09-03,2024-09-07
8328,64,24,3,2024-09-10,2024-09-13,2024-09-15
8329,64,9,1,2024-09-16,2024-09-17,2024-09-21
8330,64,24,1,2024-09-26,2024-09-27,2024-10-01
8331,64,9,3,2024-10-03,2024-10-06,2024-10-08
8332,64,17,3,2024-10-10,2024-10-13,2024-10-15
8333,64,24,1,2024-10-16,2024-10-17,2024-10-21
8334,64,24,1,2024-10-25,2024-10-27,2024-10-30
8335,64,9,1,2024-11-02,2024-11-03,2024-11-07
8336,64,9,1,2024-11-05,2024-11-06,2024-11-10
8337,64,24,1,2024-11-15,2024-11-16,2024-11-20
8338,64,17,1,2024-11-23,2024-11-26,2024-11-28
8339,64,9,1,2024-11-25,2024-11-26,2024-11-30
8340,64,24,3,2024-12-07,2024-12-09,2024-12-12
8341,64,17,1,2024-12-09,2024-12-11,2024-12-14
8342,64,17,1,2024-12-18,2024-12-21,2024-12-23
8343,64,17,3,2024-12-23,2024-12-24,2024-12-28
8344,64,24,1,2025-01-05,2025-01-08,2025-01-10
8345,64,24,3,2025-01-12,2025-01-14,2025-01-17
8346,64,9,3,2025-01-14,2025-01-17,2025-01-19
8347,64,9,1,2025-01-20,2025-01-21,2025-01-25
8348,64,9,1,2025-01-31,2025-02-01,2025-02-05
8349,64,9,1,2025-02-05,2025-02-06,2025-02-10
8350,64,24,1,2025-02-13,2025-02-15,2025-02-18
8351,64,17,1,2025-02-20,2025-02-22,2025-02-25
8352,64,24,3,2025-02-26,2025-02-27,2025-03-03
8353,64,9,1,2025-03-08,2025-03-11,2025-03-13
8354,64,24,3,2025-03-10,2025-03-12,2025-03-15
8355,64,9,3,2025-03-21,2025-03-23,2025-03-26
8356,64,24,3,2025-03-27,2025-03-29,2025-04-01
8357,64,24,1,2025-03-31,2025-04-02,2025-04-05
8358,64,9,3,2025-04-07,2025-04-10,2025-04-12
8359,64,24,1,2025-04-15,2025-04-18,2025-04-20
8360,64,17,3,2025-04-24,2025-04-26,2025-04-29
8361,64,24,3,2025-04-28,2025-04-29,2025-05-03
8362,64,17,1,2025-05-07,2025-05-10,2025-05-12
8363,64,9,3,2025-05-14,2025-05-15,2025-05-19
8364,64,17,3,2025-05-20,2025-05-21,2025-05-25
8365,64,24,3,2025-06-01,2025-06-02,2025-06-06
8366,64,24,1,2025-06-04,2025-06-05,2025-06-09
8367,64,24,1,2025-06-15,2025-06-16,2025-06-20
8368,64,9,3,2025-06-20,2025-06-21,2025-06-25
8369,64,17,3,2025-06-24,2025-06-26,2025-06-29
8370,64,9,1,2025-07-01,2025-07-03,2025-07-06
8371,64,24,3,2025-07-09,2025-07-12,2025-07-14
8372,64,17,1,2025-07-18,2025-07-21,2025-07-23
8373,64,24,1,2025-07-21,2025-07-22,2025-07-26
8374,64,9,3,2025-07-28,2025-07-29,2025-08-02
8375,64,17,1,2025-08-06,2025-08-08,2025-08-11
8376,64,17,1,2025-08-16,2025-08-17,2025-08-21
8377,64,17,3,2025-08-22,2025-08-24,2025-08-27
8378,64,17,3,2025-08-26,2025-08-28,2025-08-31
8379,64,17,3,2025-09-07,2025-09-09,2025-09-12
8380,64,24,1,2025-09-08,2025-09-10,2025-09-13
8381,64,17,1,2025-09-15,2025-09-16,2025-09-20
8382,64,24,1,2025-09-23,2025-09-25,2025-09-28
8383,64,9,1,2025-09-30,2025-10-03,2025-10-05
8384,64,17,3,2025-10-08,2025-10-10,2025-10-13
8385,64,24,1,2025-10-15,2025-10-17,2025-10-20
8386,64,24,1,2025-10-22,2025-10-25,2025-10-27
8387,64,17,1,2025-10-27,2025-10-28,2025-11-01
8388,64,24,3,2025-11-06,2025-11-07,2025-11-11
8389,64,24,3,2025-11-12,2025-11-13,2025-11-17
8390,64,24,1,2025-11-18,2025-11-19,2025-11-23
8391,64,9,1,2025-11-27,2025-11-29,2025-12-02
8392,64,24,3,2025-12-06,2025-12-09,2025-12-11
8393,64,24,1,2025-12-09,2025-12-10,2025-12-14
8394,64,24,1,2025-12-17,2025-12-18,2025-12-22
8395,64,17,1,2025-12-28,2025-12-31,2026-01-02
8396,64,9,1,2026-01-02,2026-01-04,2026-01-07
8397,64,9,1,2026-01-07,2026-01-09,2026-01-12
8398,64,24,3,2026-01-18,2026-01-21,2026-01-23
8399,64,9,3,2026-01-24,2026-01-25,2026-01-29
8400,64,9,3,2026-01-31,2026-02-03,2026-02-05
8401,64,9,1,2026-02-02,2026-02-04,2026-02-07
8402,64,24,3,2026-02-13,2026-02-15,2026-02-18
8403,64,9,3,2026-02-21,2026-02-22,2026-02-26
8404,64,9,1,2026-03-01,2026-03-03,2026-03-06
8405,64,24,1,2026-03-06,2026-03-07,2026-03-11
8406,64,24,3,2026-03-14,2026-03-15,2026-03-19
8407,64,17,3,2026-03-18,2026-03-21,2026-03-23
8408,64,17,3,2026-03-29,2026-03-30,2026-04-03
8409,64,9,1,2026-04-01,2026-04-04,2026-04-06
8410,64,17,1,2026-04-12,2026-04-14,2026-04-17
8411,64,24,1,2026-04-13,2026-04-16,2026-04-18
8412,64,24,3,2026-04-20,2026-04-22,2026-04-25
8413,64,17,3,2026-04-28,2026-04-30,2026-05-03
8414,64,17,1,2026-05-09,2026-05-10,2026-05-14
8415,64,24,3,2026-05-15,2026-05-16,2026-05-20
8416,64,17,1,2026-05-18,2026-05-21,2026-05-23
8417,64,24,3,2026-05-26,2026-05-27,2026-05-31
8418,64,9,3,2026-06-01,2026-06-03,2026-06-06
8419,64,24,3,2026-06-10,2026-06-12,2026-06-15
8420,64,24,1,2026-06-17,2026-06-18,2026-06-22
8421,64,24,1,2026-06-25,2026-06-27,2026-06-30
8422,64,24,4,2024-07-05,2024-07-06,2024-07-10
8423,64,24,4,2024-07-13,2024-07-14,2024-07-18
8424,64,9,4,2024-07-18,2024-07-20,2024-07-23
8425,64,24,4,2024-07-25,2024-07-26,2024-07-30
8426,64,9,4,2024-08-04,2024-08-07,2024-08-09
8427,64,24,4,2024-08-09,2024-08-10,2024-08-14
8428,64,24,4,2024-08-12,2024-08-15,2024-08-17
8429,64,9,4,2024-08-25,2024-08-27,2024-08-30
8430,64,9,4,2024-09-01,2024-09-03,2024-09-06
8431,64,24,4,2024-09-07,2024-09-09,2024-09-12
8432,64,17,4,2024-09-14,2024-09-17,2024-09-19
8433,64,9,4,2024-09-21,2024-09-22,2024-09-26
8434,64,24,4,2024-09-24,2024-09-26,2024-09-29
8435,64,17,4,2024-10-05,2024-10-07,2024-10-10
8436,64,9,4,2024-10-10,2024-10-11,2024-10-15
8437,64,9,4,2024-10-20,2024-10-23,2024-10-25
8438,64,9,4,2024-10-26,2024-10-28,2024-10-31
8439,64,24,4,2024-10-29,2024-10-31,2024-11-03
8440,64,24,4,2024-11-05,2024-11-08,2024-11-10
8441,64,17,4,2024-11-11,2024-11-13,2024-11-16
8442,64,17,4,2024-11-23,2024-11-25,2024-11-28
8443,64,17,4,2024-11-28,2024-11-30,2024-12-03
8444,64,9,4,2024-12-02,2024-12-03,2024-12-07
8445,64,17,4,2024-12-13,2024-12-14,2024-12-18
8446,64,9,4,2024-12-21,2024-12-24,2024-12-26
8447,64,9,4,2024-12-25,2024-12-26,2024-12-30
8448,64,17,4,2024-12-30,2024-12-31,2025-01-04
8449,64,9,4,2025-01-12,2025-01-13,2025-01-17
8450,64,17,4,2025-01-18,2025-01-21,2025-01-23
8451,64,24,4,2025-01-23,2025-01-26,2025-01-28
8452,64,9,4,2025-01-30,2025-02-02,2025-02-04
8453,64,17,4,2025-02-03,2025-02-04,2025-02-08
8454,64,24,4,2025-02-12,2025-02-13,2025-02-17
8455,64,17,4,2025-02-19,2025-02-21,2025-02-24
8456,64,24,4,2025-03-01,2025-03-03,2025-03-06
8457,64,9,4,2025-03-05,2025-03-07,2025-03-10
8458,64,9,4,2025-03-16,2025-03-17,2025-03-21
8459,64,9,4,2025-03-18,2025-03-20,2025-03-23
8460,64,9,4,2025-03-27,2025-03-30,2025-04-01
8461,64,24,4,2025-04-03,2025-04-06,2025-04-08
8462,64,9,4,2025-04-11,2025-04-14,2025-04-16
8463,64,17,4,2025-04-19,2025-04-21,2025-04-24
8464,64,9,4,2025-04-27,2025-04-28,2025-05-02
8465,64,24,4,2025-05-03,2025-05-04,2025-05-08
8466,64,17,4,2025-05-06,2025-05-09,2025-05-11
8467,64,24,4,2025-05-13,2025-05-14,2025-05-18
8468,64,9,4,2025-05-20,2025-05-22,2025-05-25
8469,64,17,4,2025-05-31,2025-06-03,2025-06-05
8470,64,17,4,2025-06-02,2025-06-03,2025-06-07
8471,64,9,4,2025-06-12,2025-06-13,2025-06-17
8472,64,9,4,2025-06-17,2025-06-19,2025-06-22
8473,64,17,4,2025-06-28,2025-06-30,2025-07-03
8474,64,9,4,2025-07-01,2025-07-04,2025-07-06
8475,64,9,4,2025-07-10,2025-07-12,2025-07-15
8476,64,24,4,2025-07-19,2025-07-21,2025-07-24
8477,64,24,4,2025-07-26,2025-07-29,2025-07-31
8478,64,24,4,2025-08-02,2025-08-05,2025-08-07
8479,64,9,4,2025-08-07,2025-08-09,2025-08-12
8480,64,24,4,2025-08-13,2025-08-14,2025-08-18
8481,64,17,4,2025-08-21,2025-08-24,2025-08-26
8482,64,24,4,2025-08-28,2025-08-30,2025-09-02
8483,64,24,4,2025-09-04,2025-09-06,2025-09-09
8484,64,9,4,2025-09-12,2025-09-15,2025-09-17
8485,64,24,4,2025-09-17,2025-09-18,2025-09-22
8486,64,24,4,2025-09-23,2025-09-25,2025-09-28
8487,64,24,4,2025-10-03,2025-10-06,2025-10-08
8488,64,9,4,2025-10-12,2025-10-13,2025-10-17
8489,64,24,4,2025-10-17,2025-10-20,2025-10-22
8490,64,17,4,2025-10-24,2025-10-26,2025-10-29
8491,64,9,4,2025-10-31,2025-11-03,2025-11-05
8492,64,24,4,2025-11-06,2025-11-08,2025-11-11
8493,64,9,4,2025-11-11,2025-11-13,2025-11-16
8494,64,17,4,2025-11-22,2025-11-23,2025-11-27
8495,64,24,4,2025-11-27,2025-11-28,2025-12-02
8496,64,24,4,2025-12-02,2025-12-05,2025-12-07
8497,64,17,4,2025-12-11,2025-12-12,2025-12-16
8498,64,24,4,2025-12-15,2025-12-17,2025-12-20
8499,64,9,4,2025-12-26,2025-12-28,2025-12-31
8500,64,24,4,2026-01-01,2026-01-04,2026-01-06
8501,64,9,4,2026-01-10,2026-01-11,2026-01-15
8502,64,24,4,2026-01-13,2026-01-16,2026-01-18
8503,64,9,4,2026-01-25,2026-01-28,2026-01-30
8504,64,9,4,2026-01-30,2026-02-02,2026-02-04
8505,64,9,4,2026-02-07,2026-02-08,2026-02-12
8506,64,17,4,2026-02-15,2026-02-18,2026-02-20
8507,64,24,4,2026-02-21,2026-02-23,2026-02-26
8508,64,17,4,2026-02-27,2026-03-01,2026-03-04
8509,64,9,4,2026-03-05,2026-03-07,2026-03-10
8510,64,9,4,2026-03-12,2026-03-14,2026-03-17
8511,64,24,4,2026-03-19,2026-03-21,2026-03-24
8512,64,24,4,2026-03-24,2026-03-27,2026-03-29
8513,64,17,4,2026-04-03,2026-04-06,2026-04-08
8514,64,24,4,2026-04-11,2026-04-12,2026-04-16
8515,64,24,4,2026-04-14,2026-04-15,2026-04-19
8516,64,17,4,2026-04-20,2026-04-22,2026-04-25
8517,64,9,4,2026-04-29,2026-04-30,2026-05-04
8518,64,9,4,2026-05-10,2026-05-11,2026-05-15
8519,64,9,4,2026-05-15,2026-05-16,2026-05-20
8520,64,24,4,2026-05-19,2026-05-21,2026-05-24
8521,64,17,4,2026-05-25,2026-05-26,2026-05-30
8522,64,17,4,2026-06-01,2026-06-03,2026-06-06
8523,64,17,4,2026-06-10,2026-06-12,2026-06-15
8524,64,9,4,2026-06-19,2026-06-20,2026-06-24
8525,64,9,4,2026-06-25,2026-06-26,2026-06-30
8526,64,24,4,2026-06-30,2026-07-03,2026-07-05
8527,64,9,5,2024-07-02,2024-07-04,2024-07-07
8528,64,24,5,2024-07-12,2024-07-15,2024-07-17
8529,64,9,5,2024-07-15,2024-07-16,2024-07-20
8530,64,17,5,2024-07-22,2024-07-25,2024-07-27
8531,64,17,5,2024-07-29,2024-07-31,2024-08-03
8532,64,24,5,2024-08-06,2024-08-08,2024-08-11
8533,64,17,5,2024-08-18,2024-08-19,2024-08-23
8534,64,17,5,2024-08-25,2024-08-26,2024-08-30
8535,64,9,5,2024-08-29,2024-08-31,2024-09-03
8536,64,9,5,2024-09-05,2024-09-07,2024-09-10
8537,64,24,5,2024-09-13,2024-09-14,2024-09-18
8538,64,9,5,2024-09-18,2024-09-20,2024-09-23
8539,64,17,5,2024-09-26,2024-09-27,2024-10-01
8540,64,24,5,2024-10-01,2024-10-02,2024-10-06
8541,64,24,5,2024-10-07,2024-10-08,2024-10-12
8542,64,9,5,2024-10-16,2024-10-19,2024-10-21
8543,64,9,5,2024-10-21,2024-10-23,2024-10-26
8544,64,17,5,2024-11-02,2024-11-05,2024-11-07
8545,64,9,5,2024-11-08,2024-11-11,2024-11-13
8546,64,9,5,2024-11-12,2024-11-13,2024-11-17
8547,64,17,5,2024-11-21,2024-11-23,2024-11-26
8548,64,9,5,2024-11-26,2024-11-27,2024-12-01
8549,64,9,5,2024-12-07,2024-12-09,2024-12-12
8550,64,24,5,2024-12-09,2024-12-12,2024-12-14
8551,64,24,5,2024-12-16,2024-12-19,2024-12-21
8552,64,9,5,2024-12-23,2024-12-25,2024-12-28
8553,64,24,5,2025-01-04,2025-01-07,2025-01-09
8554,64,9,5,2025-01-10,2025-01-11,2025-01-15
8555,64,17,5,2025-01-13,2025-01-14,2025-01-18
8556,64,24,5,2025-01-25,2025-01-27,2025-01-30
8557,64,17,5,2025-02-02,2025-02-05,2025-02-07
8558,64,24,5,2025-02-06,2025-02-07,2025-02-11
8559,64,17,5,2025-02-16,2025-02-17,2025-02-21
8560,64,24,5,2025-02-23,2025-02-24,2025-02-28
8561,64,24,5,2025-02-27,2025-03-01,2025-03-04
8562,64,17,5,2025-03-09,2025-03-12,2025-03-14
8563,64,24,5,2025-03-16,2025-03-17,2025-03-21
8564,64,9,5,2025-03-18,2025-03-21,2025-03-23
8565,64,9,5,2025-03-28,2025-03-30,2025-04-02
8566,64,17,5,2025-04-03,2025-04-05,2025-04-08
8567,64,24,5,2025-04-09,2025-04-12,2025-04-14
8568,64,9,5,2025-04-17,2025-04-20,2025-04-22
8569,64,24,5,2025-04-22,2025-04-23,2025-04-27
8570,64,9,5,2025-04-28,2025-04-30,2025-05-03
8571,64,24,5,2025-05-05,2025-05-08,2025-05-10
8572,64,24,5,2025-05-13,2025-05-15,2025-05-18
8573,64,24,5,2025-05-23,2025-05-26,2025-05-28
8574,64,9,5,2025-05-27,2025-05-29,2025-06-01
8575,64,9,5,2025-06-05,2025-06-07,2025-06-10
8576,64,17,5,2025-06-12,2025-06-14,2025-06-17
8577,64,24,5,2025-06-16,2025-06-19,2025-06-21
8578,64,9,5,2025-06-23,2025-06-26,2025-06-28
8579,64,24,5,2025-07-03,2025-07-04,2025-07-08
8580,64,9,5,2025-07-08,2025-07-09,2025-07-13
8581,64,24,5,2025-07-19,2025-07-22,2025-07-24
8582,64,17,5,2025-07-25,2025-07-26,2025-07-30
8583,64,24,5,2025-07-30,2025-08-01,2025-08-04
8584,64,17,5,2025-08-06,2025-08-07,2025-08-11
8585,64,17,5,2025-08-14,2025-08-15,2025-08-19
8586,64,17,5,2025-08-21,2025-08-24,2025-08-26
8587,64,9,5,2025-08-25,2025-08-26,2025-08-30
8588,64,9,5,2025-09-02,2025-09-05,2025-09-07
8589,64,9,5,2025-09-14,2025-09-17,2025-09-19
8590,64,24,5,2025-09-15,2025-09-18,2025-09-20
8591,64,9,5,2025-09-25,2025-09-27,2025-09-30
8592,64,24,5,2025-10-01,2025-10-02,2025-10-06
8593,64,17,5,2025-10-12,2025-10-14,2025-10-17
8594,64,9,5,2025-10-14,2025-10-15,2025-10-19
8595,64,17,5,2025-10-22,2025-10-23,2025-10-27
8596,64,9,5,2025-10-30,2025-11-02,2025-11-04
8597,64,17,5,2025-11-09,2025-11-11,2025-11-14
8598,64,9,5,2025-11-11,2025-11-14,2025-11-16
8599,64,24,5,2025-11-23,2025-11-26,2025-11-28
8600,64,9,5,2025-11-26,2025-11-27,2025-12-01
8601,64,17,5,2025-12-05,2025-12-07,2025-12-10
8602,64,9,5,2025-12-13,2025-12-15,2025-12-18
8603,64,24,5,2025-12-18,2025-12-19,2025-12-23
8604,64,24,5,2025-12-22,2025-12-23,2025-12-27
8605,64,24,5,2026-01-04,2026-01-06,2026-01-09
8606,64,24,5,2026-01-09,2026-01-11,2026-01-14
8607,64,9,5,2026-01-14,2026-01-15,2026-01-19
8608,64,9,5,2026-01-22,2026-01-25,2026-01-27
8609,64,9,5,2026-01-30,2026-02-01,2026-02-04
8610,64,24,5,2026-02-07,2026-02-08,2026-02-12
8611,64,9,5,2026-02-14,2026-02-15,2026-02-19
8612,64,24,5,2026-02-21,2026-02-24,2026-02-26
8613,64,9,5,2026-02-26,2026-03-01,2026-03-03
8614,64,9,5,2026-03-02,2026-03-05,2026-03-07
8615,64,9,5,2026-03-13,2026-03-14,2026-03-18
8616,64,9,5,2026-03-19,2026-03-21,2026-03-24
8617,64,17,5,2026-03-25,2026-03-28,2026-03-30
8618,64,17,5,2026-04-01,2026-04-04,2026-04-06
8619,64,9,5,2026-04-11,2026-04-13,2026-04-16
8620,64,17,5,2026-04-13,2026-04-16,2026-04-18
8621,64,17,5,2026-04-21,2026-04-24,2026-04-26
8622,64,24,5,2026-04-27,2026-04-28,2026-05-02
8623,64,9,5,2026-05-08,2026-05-11,2026-05-13
8624,64,24,5,2026-05-17,2026-05-19,2026-05-22
8625,64,17,5,2026-05-23,2026-05-25,2026-05-28
8626,64,24,5,2026-05-26,2026-05-29,2026-05-31
8627,64,17,5,2026-06-04,2026-06-05,2026-06-09
8628,64,17,5,2026-06-11,2026-06-14,2026-06-16
8629,64,9,5,2026-06-16,2026-06-18,2026-06-21
8630,64,24,5,2026-06-24,2026-06-27,2026-06-29
8631,64,24,9,2024-07-04,2024-07-06,2024-07-09
8632,64,17,9,2024-07-10,2024-07-13,2024-07-15
8633,64,9,7,2024-07-15,2024-07-16,2024-07-20
8634,64,9,9,2024-07-22,2024-07-25,2024-07-27
8635,64,17,9,2024-07-31,2024-08-03,2024-08-05
8636,64,17,9,2024-08-09,2024-08-11,2024-08-14
8637,64,24,7,2024-08-12,2024-08-13,2024-08-17
8638,64,24,9,2024-08-19,2024-08-20,2024-08-24
8639,64,24,9,2024-08-28,2024-08-30,2024-09-02
8640,64,17,7,2024-09-05,2024-09-06,2024-09-10
8641,64,9,9,2024-09-11,2024-09-12,2024-09-16
8642,64,9,7,2024-09-18,2024-09-21,2024-09-23
8643,64,17,9,2024-09-29,2024-10-01,2024-10-04
8644,64,9,7,2024-10-03,2024-10-05,2024-10-08
8645,64,17,7,2024-10-09,2024-10-12,2024-10-14
8646,64,17,7,2024-10-17,2024-10-20,2024-10-22
8647,64,24,7,2024-10-27,2024-10-30,2024-11-01
8648,64,17,9,2024-10-30,2024-10-31,2024-11-04
8649,64,24,9,2024-11-04,2024-11-05,2024-11-09
8650,64,9,9,2024-11-16,2024-11-19,2024-11-21
8651,64,9,9,2024-11-23,2024-11-26,2024-11-28
8652,64,24,9,2024-11-27,2024-11-28,2024-12-02
8653,64,24,9,2024-12-05,2024-12-06,2024-12-10
8654,64,24,9,2024-12-10,2024-12-12,2024-12-15
8655,64,9,7,2024-12-20,2024-12-22,2024-12-25
8656,64,17,7,2024-12-29,2025-01-01,2025-01-03
8657,64,17,9,2025-01-05,2025-01-08,2025-01-10
8658,64,17,7,2025-01-12,2025-01-15,2025-01-17
8659,64,24,7,2025-01-13,2025-01-16,2025-01-18
8660,64,9,7,2025-01-24,2025-01-27,2025-01-29
8661,64,24,7,2025-01-29,2025-02-01,2025-02-03
8662,64,24,7,2025-02-05,2025-02-08,2025-02-10
8663,64,9,9,2025-02-10,2025-02-12,2025-02-15
8664,64,17,9,2025-02-20,2025-02-21,2025-02-25
8665,64,24,9,2025-02-28,2025-03-03,2025-03-05
8666,64,24,7,2025-03-04,2025-03-05,2025-03-09
8667,64,17,7,2025-03-12,2025-03-13,2025-03-17
8668,64,24,7,2025-03-23,2025-03-24,2025-03-28
8669,64,17,9,2025-03-28,2025-03-30,2025-04-02
8670,64,9,9,2025-04-06,2025-04-08,2025-04-11
8671,64,24,7,2025-04-12,2025-04-13,2025-04-17
8672,64,9,7,2025-04-16,2025-04-17,2025-04-21
8673,64,17,7,2025-04-22,2025-04-24,2025-04-27
8674,64,9,9,2025-05-04,2025-05-07,2025-05-09
8675,64,24,9,2025-05-05,2025-05-07,2025-05-10
8676,64,9,7,2025-05-14,2025-05-16,2025-05-19
8677,64,24,9,2025-05-24,2025-05-26,2025-05-29
8678,64,9,7,2025-05-26,2025-05-28,2025-05-31
8679,64,24,9,2025-06-08,2025-06-09,2025-06-13
8680,64,9,7,2025-06-14,2025-06-17,2025-06-19
8681,64,17,9,2025-06-17,2025-06-18,2025-06-22
8682,64,9,7,2025-06-24,2025-06-26,2025-06-29
8683,64,17,9,2025-07-04,2025-07-07,2025-07-09
8684,64,9,7,2025-07-10,2025-07-12,2025-07-15
8685,64,9,9,2025-07-15,2025-07-18,2025-07-20
8686,64,17,7,2025-07-24,2025-07-26,2025-07-29
8687,64,17,9,2025-08-03,2025-08-05,2025-08-08
8688,64,24,7,2025-08-10,2025-08-13,2025-08-15
8689,64,24,7,2025-08-14,2025-08-16,2025-08-19
8690,64,24,9,2025-08-24,2025-08-25,2025-08-29
8691,64,9,9,2025-08-25,2025-08-28,2025-08-30
8692,64,9,7,2025-09-05,2025-09-07,2025-09-10
8693,64,17,9,2025-09-10,2025-09-12,2025-09-15
8694,64,17,7,2025-09-18,2025-09-19,2025-09-23
8695,64,24,7,2025-09-28,2025-09-30,2025-10-03
8696,64,9,7,2025-10-02,2025-10-04,2025-10-07
8697,64,24,9,2025-10-07,2025-10-10,2025-10-12
8698,64,17,7,2025-10-16,2025-10-17,2025-10-21
8699,64,24,9,2025-10-20,2025-10-21,2025-10-25
8700,64,24,9,2025-10-29,2025-10-30,2025-11-03
8701,64,24,9,2025-11-09,2025-11-10,2025-11-14
8702,64,17,9,2025-11-15,2025-11-17,2025-11-20
8703,64,24,9,2025-11-21,2025-11-23,2025-11-26
8704,64,24,7,2025-11-27,2025-11-28,2025-12-02
8705,64,17,9,2025-12-06,2025-12-08,2025-12-11
8706,64,24,7,2025-12-08,2025-12-09,2025-12-13
8707,64,9,9,2025-12-16,2025-12-18,2025-12-21
8708,64,9,7,2025-12-24,2025-12-25,2025-12-29
8709,64,9,7,2026-01-03,2026-01-06,2026-01-08
8710,64,9,7,2026-01-08,2026-01-11,2026-01-13
8711,64,17,7,2026-01-13,2026-01-15,2026-01-18
8712,64,24,9,2026-01-24,2026-01-25,2026-01-29
8713,64,17,7,2026-01-26,2026-01-28,2026-01-31
8714,64,9,7,2026-02-07,2026-02-10,2026-02-12
8715,64,9,9,2026-02-12,2026-02-15,2026-02-17
8716,64,24,9,2026-02-22,2026-02-24,2026-02-27
8717,64,9,7,2026-02-26,2026-03-01,2026-03-03
8718,64,9,7,2026-03-08,2026-03-11,2026-03-13
8719,64,24,7,2026-03-14,2026-03-17,2026-03-19
8720,64,9,9,2026-03-20,2026-03-22,2026-03-25
8721,64,9,9,2026-03-29,2026-03-31,2026-04-03
8722,64,24,9,2026-04-02,2026-04-04,2026-04-07
8723,64,24,7,2026-04-11,2026-04-12,2026-04-16
8724,64,17,7,2026-04-17,2026-04-20,2026-04-22
8725,64,24,7,2026-04-23,2026-04-24,2026-04-28
8726,64,9,9,2026-05-03,2026-05-05,2026-05-08
8727,64,9,7,2026-05-09,2026-05-10,2026-05-14
8728,64,17,9,2026-05-11,2026-05-14,2026-05-16
8729,64,17,7,2026-05-19,2026-05-22,2026-05-24
8730,64,24,9,2026-05-27,2026-05-28,2026-06-01
8731,64,17,7,2026-06-06,2026-06-07,2026-06-11
8732,64,24,7,2026-06-09,2026-06-12,2026-06-14
8733,64,17,9,2026-06-15,2026-06-16,2026-06-20
8734,64,24,9,2026-06-25,2026-06-28,2026-06-30
8735,64,9,7,2026-06-30,2026-07-02,2026-07-05
8736,64,17,10,2024-07-06,2024-07-09,2024-07-11
8737,64,9,10,2024-07-12,2024-07-14,2024-07-17
8738,64,24,10,2024-07-16,2024-07-17,2024-07-21
8739,64,17,10,2024-07-22,2024-07-23,2024-07-27
8740,64,9,10,2024-07-29,2024-08-01,2024-08-03
8741,64,24,10,2024-08-06,2024-08-08,2024-08-11
8742,64,17,10,2024-08-15,2024-08-17,2024-08-20
8743,64,9,10,2024-08-22,2024-08-25,2024-08-27
8744,64,17,10,2024-08-29,2024-09-01,2024-09-03
8745,64,17,10,2024-09-02,2024-09-03,2024-09-07
8746,64,17,10,2024-09-10,2024-09-11,2024-09-15
8747,64,17,10,2024-09-19,2024-09-20,2024-09-24
8748,64,9,10,2024-09-28,2024-10-01,2024-10-03
8749,64,9,10,2024-09-30,2024-10-01,2024-10-05
8750,64,17,10,2024-10-12,2024-10-14,2024-10-17
8751,64,24,10,2024-10-19,2024-10-22,2024-10-24
8752,64,17,10,2024-10-26,2024-10-29,2024-10-31
8753,64,24,10,2024-10-29,2024-10-30,2024-11-03
8754,64,24,10,2024-11-09,2024-11-10,2024-11-14
8755,64,9,10,2024-11-13,2024-11-16,2024-11-18
8756,64,24,10,2024-11-18,2024-11-20,2024-11-23
8757,64,24,10,2024-11-26,2024-11-28,2024-12-01
8758,64,24,10,2024-12-04,2024-12-05,2024-12-09
8759,64,9,10,2024-12-12,2024-12-13,2024-12-17
8760,64,9,10,2024-12-21,2024-12-24,2024-12-26
8761,64,24,10,2024-12-24,2024-12-27,2024-12-29
8762,64,17,10,2025-01-04,2025-01-05,2025-01-09
8763,64,24,10,2025-01-10,2025-01-11,2025-01-15
8764,64,24,10,2025-01-17,2025-01-18,2025-01-22
8765,64,9,10,2025-01-24,2025-01-25,2025-01-29
8766,64,17,10,2025-01-28,2025-01-29,2025-02-02
8767,64,9,10,2025-02-03,2025-02-05,2025-02-08
8768,64,9,10,2025-02-13,2025-02-16,2025-02-18
8769,64,9,10,2025-02-22,2025-02-23,2025-02-27
8770,64,9,10,2025-03-02,2025-03-05,2025-03-07
8771,64,9,10,2025-03-07,2025-03-10,2025-03-12
8772,64,17,10,2025-03-12,2025-03-15,2025-03-17
8773,64,9,10,2025-03-20,2025-03-21,2025-03-25
8774,64,17,10,2025-03-24,2025-03-25,2025-03-29
8775,64,9,10,2025-04-03,2025-04-04,2025-04-08
8776,64,17,10,2025-04-09,2025-04-10,2025-04-14
8777,64,9,10,2025-04-20,2025-04-21,2025-04-25
8778,64,24,10,2025-04-27,2025-04-30,2025-05-02
8779,64,9,10,2025-05-02,2025-05-03,2025-05-07
8780,64,9,10,2025-05-10,2025-05-11,2025-05-15
8781,64,17,10,2025-05-14,2025-05-17,2025-05-19
8782,64,17,10,2025-05-24,2025-05-27,2025-05-29
8783,64,17,10,2025-05-31,2025-06-02,2025-06-05
8784,64,17,10,2025-06-05,2025-06-06,2025-06-10
8785,64,24,10,2025-06-14,2025-06-17,2025-06-19
8786,64,9,10,2025-06-17,2025-06-18,2025-06-22
8787,64,17,10,2025-06-28,2025-07-01,2025-07-03
8788,64,9,10,2025-07-06,2025-07-09,2025-07-11
8789,64,24,10,2025-07-09,2025-07-12,2025-07-14
8790,64,24,10,2025-07-20,2025-07-21,2025-07-25
8791,64,24,10,2025-07-27,2025-07-29,2025-08-01
8792,64,9,10,2025-07-28,2025-07-31,2025-08-02
8793,64,9,10,2025-08-06,2025-08-08,2025-08-11
8794,64,17,10,2025-08-12,2025-08-13,2025-08-17
8795,64,9,10,2025-08-22,2025-08-23,2025-08-27
8796,64,9,10,2025-08-25,2025-08-28,2025-08-30
8797,64,9,10,2025-09-07,2025-09-09,2025-09-12
8798,64,17,10,2025-09-12,2025-09-15,2025-09-17
8799,64,17,10,2025-09-18,2025-09-19,2025-09-23
8800,64,9,10,2025-09-27,2025-09-29,2025-10-02
8801,64,17,10,2025-10-04,2025-10-05,2025-10-09
8802,64,9,10,2025-10-06,2025-10-08,2025-10-11
8803,64,9,10,2025-10-17,2025-10-20,2025-10-22
8804,64,24,10,2025-10-20,2025-10-21,2025-10-25
8805,64,9,10,2025-10-28,2025-10-30,2025-11-02
8806,64,9,10,2025-11-04,2025-11-07,2025-11-09
8807,64,9,10,2025-11-12,2025-11-13,2025-11-17
8808,64,9,10,2025-11-20,2025-11-22,2025-11-25
8809,64,17,10,2025-11-27,2025-11-28,2025-12-02
8810,64,17,10,2025-12-01,2025-12-02,2025-12-06
8811,64,17,10,2025-12-12,2025-12-13,2025-12-17
8812,64,17,10,2025-12-16,2025-12-18,2025-12-21
8813,64,17,10,2025-12-24,2025-12-25,2025-12-29
8814,64,17,10,2025-12-29,2026-01-01,2026-01-03
8815,64,17,10,2026-01-05,2026-01-07,2026-01-10
8816,64,24,10,2026-01-16,2026-01-18,2026-01-21
8817,64,9,10,2026-01-22,2026-01-25,2026-01-27
8818,64,24,10,2026-01-29,2026-01-31,2026-02-03
8819,64,24,10,2026-02-05,2026-02-06,2026-02-10
8820,64,24,10,2026-02-15,2026-02-17,2026-02-20
8821,64,17,10,2026-02-21,2026-02-22,2026-02-26
8822,64,9,10,2026-02-28,2026-03-02,2026-03-05
8823,64,24,10,2026-03-06,2026-03-09,2026-03-11
8824,64,9,10,2026-03-10,2026-03-12,2026-03-15
8825,64,24,10,2026-03-19,2026-03-21,2026-03-24
8826,64,9,10,2026-03-26,2026-03-27,2026-03-31
8827,64,24,10,2026-04-01,2026-04-02,2026-04-06
8828,64,17,10,2026-04-10,2026-04-12,2026-04-15
8829,64,9,10,2026-04-19,2026-04-22,2026-04-24
8830,64,17,10,2026-04-24,2026-04-25,2026-04-29
8831,64,17,10,2026-04-30,2026-05-02,2026-05-05
8832,64,17,10,2026-05-04,2026-05-07,2026-05-09
8833,64,24,10,2026-05-14,2026-05-16,2026-05-19
8834,64,9,10,2026-05-21,2026-05-22,2026-05-26
8835,64,9,10,2026-05-25,2026-05-26,2026-05-30
8836,64,17,10,2026-06-05,2026-06-08,2026-06-10
8837,64,9,10,2026-06-08,2026-06-11,2026-06-13
8838,64,24,10,2026-06-19,2026-06-20,2026-06-24
8839,64,17,10,2026-06-24,2026-06-27,2026-06-29
8840,65,1,3,2024-07-01,2024-07-04,2024-07-11
8841,65,1,1,2024-07-08,2024-07-10,2024-07-18
8842,65,1,1,2024-07-21,2024-07-24,2024-07-31
8843,65,1,3,2024-07-25,2024-07-28,2024-08-04
8844,65,1,3,2024-08-02,2024-08-05,2024-08-12
8845,65,1,3,2024-08-10,2024-08-13,2024-08-20
8846,65,13,1,2024-08-16,2024-08-19,2024-08-26
8847,65,1,3,2024-08-25,2024-08-26,2024-09-04
8848,65,13,3,2024-08-29,2024-08-30,2024-09-08
8849,65,13,1,2024-09-07,2024-09-08,2024-09-17
8850,65,13,1,2024-09-15,2024-09-18,2024-09-25
8851,65,13,3,2024-09-18,2024-09-19,2024-09-28
8852,65,1,3,2024-09-23,2024-09-26,2024-10-03
8853,65,1,1,2024-09-30,2024-10-01,2024-10-10
8854,65,1,1,2024-10-07,2024-10-09,2024-10-17
8855,65,1,3,2024-10-15,2024-10-17,2024-10-25
8856,65,13,1,2024-10-27,2024-10-29,2024-11-06
8857,65,13,1,2024-11-01,2024-11-02,2024-11-11
8858,65,13,1,2024-11-10,2024-11-13,2024-11-20
8859,65,1,1,2024-11-11,2024-11-12,2024-11-21
8860,65,1,1,2024-11-22,2024-11-23,2024-12-02
8861,65,13,3,2024-11-27,2024-11-29,2024-12-07
8862,65,1,1,2024-12-05,2024-12-08,2024-12-15
8863,65,1,1,2024-12-09,2024-12-11,2024-12-19
8864,65,13,1,2024-12-20,2024-12-22,2024-12-30
8865,65,13,1,2024-12-27,2024-12-28,2025-01-06
8866,65,1,1,2025-01-05,2025-01-08,2025-01-15
8867,65,13,3,2025-01-09,2025-01-11,2025-01-19
8868,65,1,1,2025-01-17,2025-01-19,2025-01-27
8869,65,13,3,2025-01-20,2025-01-22,2025-01-30
8870,65,1,3,2025-01-31,2025-02-02,2025-02-10
8871,65,1,3,2025-02-03,2025-02-06,2025-02-13
8872,65,13,3,2025-02-15,2025-02-16,2025-02-25
8873,65,13,1,2025-02-22,2025-02-25,2025-03-04
8874,65,13,1,2025-02-27,2025-02-28,2025-03-09
8875,65,1,3,2025-03-06,2025-03-08,2025-03-16
8876,65,1,3,2025-03-15,2025-03-17,2025-03-25
8877,65,13,3,2025-03-21,2025-03-24,2025-03-31
8878,65,1,3,2025-03-30,2025-04-01,2025-04-09
8879,65,1,1,2025-04-01,2025-04-04,2025-04-11
8880,65,1,1,2025-04-11,2025-04-14,2025-04-21
8881,65,1,3,2025-04-18,2025-04-20,2025-04-28
8882,65,13,3,2025-04-24,2025-04-26,2025-05-04
8883,65,1,1,2025-05-04,2025-05-06,2025-05-14
8884,65,13,3,2025-05-05,2025-05-07,2025-05-15
8885,65,13,1,2025-05-17,2025-05-20,2025-05-27
8886,65,13,1,2025-05-23,2025-05-26,2025-06-02
8887,65,13,1,2025-05-29,2025-05-31,2025-06-08
8888,65,13,1,2025-06-06,2025-06-07,2025-06-16
8889,65,13,1,2025-06-12,2025-06-13,2025-06-22
8890,65,13,1,2025-06-17,2025-06-20,2025-06-27
8891,65,13,3,2025-06-29,2025-06-30,2025-07-09
8892,65,13,1,2025-07-04,2025-07-07,2025-07-14
8893,65,13,1,2025-07-12,2025-07-15,2025-07-22
8894,65,1,1,2025-07-16,2025-07-18,2025-07-26
8895,65,13,1,2025-07-25,2025-07-27,2025-08-04
8896,65,13,1,2025-07-31,2025-08-02,2025-08-10
8897,65,13,3,2025-08-08,2025-08-09,2025-08-18
8898,65,13,3,2025-08-16,2025-08-19,2025-08-26
8899,65,13,1,2025-08-21,2025-08-24,2025-08-31
8900,65,13,3,2025-08-25,2025-08-27,2025-09-04
8901,65,1,1,2025-09-07,2025-09-10,2025-09-17
8902,65,1,1,2025-09-14,2025-09-15,2025-09-24
8903,65,1,1,2025-09-21,2025-09-23,2025-10-01
8904,65,1,3,2025-09-26,2025-09-27,2025-10-06
8905,65,1,1,2025-10-02,2025-10-05,2025-10-12
8906,65,13,1,2025-10-10,2025-10-12,2025-10-20
8907,65,1,1,2025-10-16,2025-10-17,2025-10-26
8908,65,1,1,2025-10-23,2025-10-26,2025-11-02
8909,65,13,3,2025-10-28,2025-10-29,2025-11-07
8910,65,1,3,2025-11-04,2025-11-06,2025-11-14
8911,65,13,1,2025-11-13,2025-11-16,2025-11-23
8912,65,1,1,2025-11-17,2025-11-20,2025-11-27
8913,65,1,3,2025-11-26,2025-11-27,2025-12-06
8914,65,13,1,2025-12-01,2025-12-02,2025-12-11
8915,65,13,1,2025-12-10,2025-12-12,2025-12-20
8916,65,1,3,2025-12-17,2025-12-20,2025-12-27
8917,65,13,1,2025-12-23,2025-12-26,2026-01-02
8918,65,1,3,2025-12-29,2025-12-30,2026-01-08
8919,65,13,3,2026-01-09,2026-01-12,2026-01-19
8920,65,1,3,2026-01-17,2026-01-18,2026-01-27
8921,65,1,1,2026-01-21,2026-01-23,2026-01-31
8922,65,13,1,2026-02-01,2026-02-02,2026-02-11
8923,65,1,3,2026-02-07,2026-02-09,2026-02-17
8924,65,1,3,2026-02-09,2026-02-10,2026-02-19
8925,65,13,3,2026-02-17,2026-02-19,2026-02-27
8926,65,13,3,2026-02-28,2026-03-03,2026-03-10
8927,65,13,3,2026-03-04,2026-03-05,2026-03-14
8928,65,13,3,2026-03-15,2026-03-16,2026-03-25
8929,65,1,1,2026-03-16,2026-03-18,2026-03-26
8930,65,1,1,2026-03-26,2026-03-28,2026-04-05
8931,65,13,1,2026-04-02,2026-04-05,2026-04-12
8932,65,13,3,2026-04-09,2026-04-10,2026-04-19
8933,65,13,3,2026-04-18,2026-04-19,2026-04-28
8934,65,1,3,2026-04-20,2026-04-22,2026-04-30
8935,65,1,1,2026-05-03,2026-05-04,2026-05-13
8936,65,1,3,2026-05-10,2026-05-12,2026-05-20
8937,65,13,1,2026-05-17,2026-05-18,2026-05-27
8938,65,13,1,2026-05-19,2026-05-21,2026-05-29
8939,65,1,1,2026-05-28,2026-05-30,2026-06-07
8940,65,1,3,2026-06-05,2026-06-08,2026-06-15
8941,65,1,1,2026-06-14,2026-06-15,2026-06-24
8942,65,13,3,2026-06-21,2026-06-22,2026-07-01
8943,65,1,3,2026-06-26,2026-06-29,2026-07-06
8944,65,13,1,2026-06-30,2026-07-01,2026-07-10
8945,65,13,4,2024-07-01,2024-07-02,2024-07-11
8946,65,1,4,2024-07-09,2024-07-12,2024-07-19
8947,65,13,4,2024-07-20,2024-07-23,2024-07-30
8948,65,1,4,2024-07-27,2024-07-28,2024-08-06
8949,65,1,4,2024-08-02,2024-08-04,2024-08-12
8950,65,13,4,2024-08-05,2024-08-06,2024-08-15
8951,65,13,4,2024-08-15,2024-08-16,2024-08-25
8952,65,13,4,2024-08-24,2024-08-25,2024-09-03
8953,65,13,4,2024-08-31,2024-09-03,2024-09-10
8954,65,1,4,2024-09-08,2024-09-09,2024-09-18
8955,65,13,4,2024-09-12,2024-09-15,2024-09-22
8956,65,13,4,2024-09-16,2024-09-19,2024-09-26
8957,65,1,4,2024-09-25,2024-09-28,2024-10-05
8958,65,13,4,2024-10-02,2024-10-04,2024-10-12
8959,65,1,4,2024-10-12,2024-10-14,2024-10-22
8960,65,13,4,2024-10-18,2024-10-20,2024-10-28
8961,65,1,4,2024-10-27,2024-10-28,2024-11-06
8962,65,13,4,2024-11-02,2024-11-05,2024-11-12
8963,65,1,4,2024-11-04,2024-11-07,2024-11-14
8964,65,1,4,2024-11-12,2024-11-15,2024-11-22
8965,65,1,4,2024-11-21,2024-11-23,2024-12-01
8966,65,13,4,2024-11-26,2024-11-28,2024-12-06
8967,65,1,4,2024-12-07,2024-12-10,2024-12-17
8968,65,1,4,2024-12-12,2024-12-15,2024-12-22
8969,65,1,4,2024-12-16,2024-12-17,2024-12-26
8970,65,1,4,2024-12-25,2024-12-28,2025-01-04
8971,65,1,4,2025-01-05,2025-01-08,2025-01-15
8972,65,13,4,2025-01-08,2025-01-10,2025-01-18
8973,65,1,4,2025-01-14,2025-01-15,2025-01-24
8974,65,1,4,2025-01-21,2025-01-23,2025-01-31
8975,65,13,4,2025-02-02,2025-02-05,2025-02-12
8976,65,13,4,2025-02-09,2025-02-10,2025-02-19
8977,65,1,4,2025-02-14,2025-02-15,2025-02-24
8978,65,13,4,2025-02-17,2025-02-19,2025-02-27
8979,65,13,4,2025-03-01,2025-03-03,2025-03-11
8980,65,1,4,2025-03-05,2025-03-07,2025-03-15
8981,65,13,4,2025-03-12,2025-03-13,2025-03-22
8982,65,13,4,2025-03-22,2025-03-25,2025-04-01
8983,65,1,4,2025-03-27,2025-03-30,2025-04-06
8984,65,13,4,2025-04-05,2025-04-06,2025-04-15
8985,65,1,4,2025-04-12,2025-04-15,2025-04-22
8986,65,1,4,2025-04-20,2025-04-23,2025-04-30
8987,65,13,4,2025-04-23,2025-04-25,2025-05-03
8988,65,13,4,2025-04-28,2025-05-01,2025-05-08
8989,65,1,4,2025-05-11,2025-05-12,2025-05-21
8990,65,1,4,2025-05-17,2025-05-18,2025-05-27
8991,65,13,4,2025-05-25,2025-05-28,2025-06-04
8992,65,13,4,2025-05-29,2025-05-30,2025-06-08
8993,65,13,4,2025-06-04,2025-06-06,2025-06-14
8994,65,13,4,2025-06-14,2025-06-16,2025-06-24
8995,65,1,4,2025-06-16,2025-06-18,2025-06-26
8996,65,13,4,2025-06-26,2025-06-27,2025-07-06
8997,65,1,4,2025-07-05,2025-07-07,2025-07-15
8998,65,13,4,2025-07-09,2025-07-12,2025-07-19
8999,65,13,4,2025-07-17,2025-07-18,2025-07-27
9000,65,1,4,2025-07-27,2025-07-30,2025-08-06
9001,65,13,4,2025-08-01,2025-08-04,2025-08-11
9002,65,1,4,2025-08-08,2025-08-09,2025-08-18
9003,65,13,4,2025-08-14,2025-08-16,2025-08-24
9004,65,13,4,2025-08-20,2025-08-23,2025-08-30
9005,65,1,4,2025-08-25,2025-08-26,2025-09-04
9006,65,1,4,2025-09-02,2025-09-04,2025-09-12
9007,65,13,4,2025-09-11,2025-09-12,2025-09-21
9008,65,13,4,2025-09-16,2025-09-18,2025-09-26
9009,65,13,4,2025-09-27,2025-09-28,2025-10-07
9010,65,13,4,2025-10-05,2025-10-07,2025-10-15
9011,65,1,4,2025-10-09,2025-10-10,2025-10-19
9012,65,1,4,2025-10-17,2025-10-19,2025-10-27
9013,65,1,4,2025-10-25,2025-10-26,2025-11-04
9014,65,1,4,2025-10-30,2025-11-02,2025-11-09
9015,65,13,4,2025-11-03,2025-11-04,2025-11-13
9016,65,1,4,2025-11-14,2025-11-17,2025-11-24
9017,65,13,4,2025-11-20,2025-11-23,2025-11-30
9018,65,1,4,2025-11-30,2025-12-02,2025-12-10
9019,65,13,4,2025-12-06,2025-12-07,2025-12-16
9020,65,13,4,2025-12-09,2025-12-12,2025-12-19
9021,65,1,4,2025-12-21,2025-12-23,2025-12-31
9022,65,13,4,2025-12-24,2025-12-25,2026-01-03
9023,65,1,4,2026-01-03,2026-01-06,2026-01-13
9024,65,1,4,2026-01-09,2026-01-10,2026-01-19
9025,65,13,4,2026-01-12,2026-01-14,2026-01-22
9026,65,13,4,2026-01-22,2026-01-24,2026-02-01
9027,65,13,4,2026-01-28,2026-01-30,2026-02-07
9028,65,13,4,2026-02-04,2026-02-05,2026-02-14
9029,65,13,4,2026-02-11,2026-02-12,2026-02-21
9030,65,13,4,2026-02-20,2026-02-23,2026-03-02
9031,65,13,4,2026-02-24,2026-02-25,2026-03-06
9032,65,1,4,2026-03-07,2026-03-09,2026-03-17
9033,65,1,4,2026-03-15,2026-03-18,2026-03-25
9034,65,1,4,2026-03-22,2026-03-25,2026-04-01
9035,65,1,4,2026-03-23,2026-03-25,2026-04-02
9036,65,1,4,2026-04-05,2026-04-08,2026-04-15
9037,65,1,4,2026-04-10,2026-04-11,2026-04-20
9038,65,13,4,2026-04-15,2026-04-16,2026-04-25
9039,65,1,4,2026-04-25,2026-04-26,2026-05-05
9040,65,1,4,2026-04-28,2026-04-29,2026-05-08
9041,65,1,4,2026-05-07,2026-05-10,2026-05-17
9042,65,1,4,2026-05-12,2026-05-14,2026-05-22
9043,65,1,4,2026-05-19,2026-05-20,2026-05-29
9044,65,13,4,2026-05-26,2026-05-29,2026-06-05
9045,65,1,4,2026-06-03,2026-06-04,2026-06-13
9046,65,13,4,2026-06-13,2026-06-15,2026-06-23
9047,65,13,4,2026-06-21,2026-06-22,2026-07-01
9048,65,13,4,2026-06-25,2026-06-26,2026-07-05
9049,65,13,5,2024-07-03,2024-07-06,2024-07-13
9050,65,13,5,2024-07-11,2024-07-13,2024-07-21
9051,65,13,5,2024-07-18,2024-07-20,2024-07-28
9052,65,1,5,2024-07-26,2024-07-29,2024-08-05
9053,65,1,5,2024-08-02,2024-08-05,2024-08-12
9054,65,1,5,2024-08-07,2024-08-08,2024-08-17
9055,65,1,5,2024-08-18,2024-08-19,2024-08-28
9056,65,1,5,2024-08-23,2024-08-25,2024-09-02
9057,65,1,5,2024-08-28,2024-08-31,2024-09-07
9058,65,13,5,2024-09-02,2024-09-03,2024-09-12
9059,65,13,5,2024-09-10,2024-09-11,2024-09-20
9060,65,13,5,2024-09-19,2024-09-20,2024-09-29
9061,65,13,5,2024-09-23,2024-09-24,2024-10-03
9062,65,13,5,2024-10-05,2024-10-06,2024-10-15
9063,65,13,5,2024-10-10,2024-10-11,2024-10-20
9064,65,13,5,2024-10-20,2024-10-22,2024-10-30
9065,65,1,5,2024-10-26,2024-10-29,2024-11-05
9066,65,1,5,2024-11-01,2024-11-03,2024-11-11
9067,65,13,5,2024-11-08,2024-11-09,2024-11-18
9068,65,13,5,2024-11-16,2024-11-17,2024-11-26
9069,65,1,5,2024-11-22,2024-11-23,2024-12-02
9070,65,13,5,2024-11-27,2024-11-29,2024-12-07
9071,65,13,5,2024-12-04,2024-12-07,2024-12-14
9072,65,1,5,2024-12-13,2024-12-14,2024-12-23
9073,65,13,5,2024-12-17,2024-12-19,2024-12-27
9074,65,1,5,2024-12-24,2024-12-26,2025-01-03
9075,65,1,5,2025-01-03,2025-01-05,2025-01-13
9076,65,13,5,2025-01-10,2025-01-12,2025-01-20
9077,65,1,5,2025-01-15,2025-01-16,2025-01-25
9078,65,1,5,2025-01-24,2025-01-27,2025-02-03
9079,65,13,5,2025-01-29,2025-01-31,2025-02-08
9080,65,13,5,2025-02-09,2025-02-11,2025-02-19
9081,65,13,5,2025-02-12,2025-02-13,2025-02-22
9082,65,1,5,2025-02-18,2025-02-19,2025-02-28
9083,65,13,5,2025-03-02,2025-03-04,2025-03-12
9084,65,13,5,2025-03-05,2025-03-07,2025-03-15
9085,65,13,5,2025-03-10,2025-03-11,2025-03-20
9086,65,1,5,2025-03-21,2025-03-23,2025-03-31
9087,65,13,5,2025-03-26,2025-03-29,2025-04-05
9088,65,13,5,2025-04-05,2025-04-08,2025-04-15
9089,65,13,5,2025-04-10,2025-04-12,2025-04-20
9090,65,1,5,2025-04-19,2025-04-22,2025-04-29
9091,65,1,5,2025-04-25,2025-04-27,2025-05-05
9092,65,13,5,2025-04-30,2025-05-02,2025-05-10
9093,65,13,5,2025-05-11,2025-05-12,2025-05-21
9094,65,13,5,2025-05-12,2025-05-14,2025-05-22
9095,65,13,5,2025-05-25,2025-05-27,2025-06-04
9096,65,1,5,2025-05-31,2025-06-01,2025-06-10
9097,65,13,5,2025-06-04,2025-06-07,2025-06-14
9098,65,13,5,2025-06-10,2025-06-11,2025-06-20
9099,65,13,5,2025-06-22,2025-06-24,2025-07-02
9100,65,13,5,2025-06-23,2025-06-24,2025-07-03
9101,65,1,5,2025-07-03,2025-07-05,2025-07-13
9102,65,1,5,2025-07-09,2025-07-10,2025-07-19
9103,65,1,5,2025-07-17,2025-07-19,2025-07-27
9104,65,13,5,2025-07-27,2025-07-28,2025-08-06
9105,65,13,5,2025-08-03,2025-08-05,2025-08-13
9106,65,13,5,2025-08-05,2025-08-07,2025-08-15
9107,65,1,5,2025-08-12,2025-08-13,2025-08-22
9108,65,13,5,2025-08-20,2025-08-22,2025-08-30
9109,65,13,5,2025-08-25,2025-08-26,2025-09-04
9110,65,13,5,2025-09-01,2025-09-04,2025-09-11
9111,65,1,5,2025-09-11,2025-09-14,2025-09-21
9112,65,13,5,2025-09-19,2025-09-21,2025-09-29
9113,65,1,5,2025-09-22,2025-09-23,2025-10-02
9114,65,1,5,2025-10-04,2025-10-06,2025-10-14
9115,65,1,5,2025-10-07,2025-10-08,2025-10-17
9116,65,13,5,2025-10-13,2025-10-14,2025-10-23
9117,65,1,5,2025-10-26,2025-10-29,2025-11-05
9118,65,1,5,2025-11-02,2025-11-03,2025-11-12
9119,65,13,5,2025-11-06,2025-11-08,2025-11-16
9120,65,13,5,2025-11-13,2025-11-15,2025-11-23
9121,65,13,5,2025-11-18,2025-11-19,2025-11-28
9122,65,13,5,2025-11-29,2025-12-02,2025-12-09
9123,65,1,5,2025-12-03,2025-12-06,2025-12-13
9124,65,13,5,2025-12-13,2025-12-16,2025-12-23
9125,65,13,5,2025-12-20,2025-12-21,2025-12-30
9126,65,1,5,2025-12-26,2025-12-29,2026-01-05
9127,65,13,5,2026-01-04,2026-01-05,2026-01-14
9128,65,13,5,2026-01-10,2026-01-13,2026-01-20
9129,65,1,5,2026-01-16,2026-01-17,2026-01-26
9130,65,1,5,2026-01-22,2026-01-23,2026-02-01
9131,65,13,5,2026-01-30,2026-01-31,2026-02-09
9132,65,1,5,2026-02-03,2026-02-04,2026-02-13
9133,65,13,5,2026-02-09,2026-02-10,2026-02-19
9134,65,13,5,2026-02-20,2026-02-22,2026-03-02
9135,65,13,5,2026-02-26,2026-03-01,2026-03-08
9136,65,1,5,2026-03-08,2026-03-09,2026-03-18
9137,65,13,5,2026-03-09,2026-03-10,2026-03-19
9138,65,1,5,2026-03-20,2026-03-23,2026-03-30
9139,65,13,5,2026-03-28,2026-03-30,2026-04-07
9140,65,1,5,2026-04-04,2026-04-06,2026-04-14
9141,65,13,5,2026-04-09,2026-04-11,2026-04-19
9142,65,1,5,2026-04-16,2026-04-19,2026-04-26
9143,65,13,5,2026-04-26,2026-04-29,2026-05-06
9144,65,1,5,2026-05-03,2026-05-04,2026-05-13
9145,65,13,5,2026-05-09,2026-05-11,2026-05-19
9146,65,13,5,2026-05-12,2026-05-14,2026-05-22
9147,65,13,5,2026-05-20,2026-05-23,2026-05-30
9148,65,13,5,2026-05-25,2026-05-28,2026-06-04
9149,65,13,5,2026-06-07,2026-06-09,2026-06-17
9150,65,13,5,2026-06-08,2026-06-10,2026-06-18
9151,65,13,5,2026-06-18,2026-06-20,2026-06-28
9152,65,1,5,2026-06-27,2026-06-29,2026-07-07
9153,65,1,5,2026-06-29,2026-06-30,2026-07-09
9154,65,13,9,2024-07-05,2024-07-08,2024-07-15
9155,65,1,7,2024-07-09,2024-07-10,2024-07-19
9156,65,13,9,2024-07-21,2024-07-22,2024-07-31
9157,65,13,9,2024-07-26,2024-07-28,2024-08-05
9158,65,1,9,2024-07-31,2024-08-03,2024-08-10
9159,65,1,7,2024-08-05,2024-08-06,2024-08-15
9160,65,13,9,2024-08-17,2024-08-19,2024-08-27
9161,65,1,9,2024-08-23,2024-08-24,2024-09-02
9162,65,13,7,2024-09-01,2024-09-02,2024-09-11
9163,65,1,7,2024-09-08,2024-09-09,2024-09-18
9164,65,13,7,2024-09-09,2024-09-12,2024-09-19
9165,65,1,9,2024-09-16,2024-09-17,2024-09-26
9166,65,13,9,2024-09-29,2024-10-01,2024-10-09
9167,65,13,9,2024-10-02,2024-10-05,2024-10-12
9168,65,1,9,2024-10-11,2024-10-13,2024-10-21
9169,65,13,9,2024-10-19,2024-10-22,2024-10-29
9170,65,1,9,2024-10-21,2024-10-22,2024-10-31
9171,65,13,7,2024-11-01,2024-11-04,2024-11-11
9172,65,1,7,2024-11-09,2024-11-11,2024-11-19
9173,65,1,7,2024-11-12,2024-11-14,2024-11-22
9174,65,13,7,2024-11-21,2024-11-24,2024-12-01
9175,65,1,7,2024-11-28,2024-12-01,2024-12-08
9176,65,1,9,2024-12-04,2024-12-06,2024-12-14
9177,65,13,9,2024-12-11,2024-12-13,2024-12-21
9178,65,1,9,2024-12-19,2024-12-20,2024-12-29
9179,65,13,7,2024-12-27,2024-12-28,2025-01-06
9180,65,1,7,2025-01-04,2025-01-07,2025-01-14
9181,65,13,7,2025-01-12,2025-01-15,2025-01-22
9182,65,1,7,2025-01-18,2025-01-21,2025-01-28
9183,65,1,9,2025-01-25,2025-01-26,2025-02-04
9184,65,13,9,2025-02-02,2025-02-05,2025-02-12
9185,65,1,7,2025-02-04,2025-02-06,2025-02-14
9186,65,1,9,2025-02-15,2025-02-18,2025-02-25
9187,65,1,9,2025-02-19,2025-02-21,2025-03-01
9188,65,13,7,2025-02-25,2025-02-26,2025-03-07
9189,65,1,7,2025-03-06,2025-03-09,2025-03-16
9190,65,13,7,2025-03-13,2025-03-16,2025-03-23
9191,65,13,7,2025-03-22,2025-03-24,2025-04-01
9192,65,1,7,2025-03-24,2025-03-25,2025-04-03
9193,65,1,9,2025-04-02,2025-04-05,2025-04-12
9194,65,1,9,2025-04-09,2025-04-11,2025-04-19
9195,65,13,9,2025-04-16,2025-04-19,2025-04-26
9196,65,1,7,2025-04-24,2025-04-26,2025-05-04
9197,65,13,9,2025-04-28,2025-04-30,2025-05-08
9198,65,1,7,2025-05-09,2025-05-10,2025-05-19
9199,65,1,9,2025-05-17,2025-05-20,2025-05-27
9200,65,13,9,2025-05-23,2025-05-26,2025-06-02
9201,65,13,7,2025-05-28,2025-05-29,2025-06-07
9202,65,1,7,2025-06-07,2025-06-09,2025-06-17
9203,65,13,9,2025-06-15,2025-06-16,2025-06-25
9204,65,1,7,2025-06-17,2025-06-20,2025-06-27
9205,65,1,7,2025-06-27,2025-06-30,2025-07-07
9206,65,1,7,2025-07-03,2025-07-05,2025-07-13
9207,65,13,7,2025-07-08,2025-07-11,2025-07-18
9208,65,13,7,2025-07-15,2025-07-17,2025-07-25
9209,65,1,9,2025-07-21,2025-07-24,2025-07-31
9210,65,1,9,2025-07-30,2025-07-31,2025-08-09
9211,65,1,9,2025-08-04,2025-08-05,2025-08-14
9212,65,13,7,2025-08-15,2025-08-18,2025-08-25
9213,65,1,9,2025-08-22,2025-08-25,2025-09-01
9214,65,1,9,2025-08-29,2025-09-01,2025-09-08
9215,65,13,7,2025-09-06,2025-09-09,2025-09-16
9216,65,1,7,2025-09-09,2025-09-12,2025-09-19
9217,65,1,7,2025-09-17,2025-09-18,2025-09-27
9218,65,1,7,2025-09-22,2025-09-24,2025-10-02
9219,65,1,7,2025-09-30,2025-10-01,2025-10-10
9220,65,13,9,2025-10-12,2025-10-13,2025-10-22
9221,65,13,9,2025-10-16,2025-10-18,2025-10-26
9222,65,13,7,2025-10-22,2025-10-23,2025-11-01
9223,65,13,7,2025-10-31,2025-11-02,2025-11-10
9224,65,1,7,2025-11-05,2025-11-07,2025-11-15
9225,65,13,9,2025-11-12,2025-11-15,2025-11-22
9226,65,13,9,2025-11-19,2025-11-22,2025-11-29
9227,65,1,7,2025-11-28,2025-12-01,2025-12-08
9228,65,1,7,2025-12-06,2025-12-09,2025-12-16
9229,65,13,9,2025-12-14,2025-12-15,2025-12-24
9230,65,1,9,2025-12-19,2025-12-21,2025-12-29
9231,65,1,9,2025-12-28,2025-12-29,2026-01-07
9232,65,13,9,2026-01-03,2026-01-04,2026-01-13
9233,65,1,7,2026-01-06,2026-01-08,2026-01-16
9234,65,1,9,2026-01-17,2026-01-19,2026-01-27
9235,65,13,7,2026-01-21,2026-01-24,2026-01-31
9236,65,13,9,2026-02-01,2026-02-02,2026-02-11
9237,65,1,9,2026-02-02,2026-02-03,2026-02-12
9238,65,1,9,2026-02-14,2026-02-16,2026-02-24
9239,65,1,9,2026-02-17,2026-02-19,2026-02-27
9240,65,1,7,2026-02-24,2026-02-25,2026-03-06
9241,65,1,7,2026-03-06,2026-03-08,2026-03-16
9242,65,13,9,2026-03-13,2026-03-15,2026-03-23
9243,65,1,9,2026-03-20,2026-03-23,2026-03-30
9244,65,13,7,2026-03-26,2026-03-28,2026-04-05
9245,65,13,7,2026-03-31,2026-04-01,2026-04-10
9246,65,13,9,2026-04-07,2026-04-09,2026-04-17
9247,65,1,7,2026-04-15,2026-04-16,2026-04-25
9248,65,13,9,2026-04-24,2026-04-26,2026-05-04
9249,65,13,9,2026-04-27,2026-04-30,2026-05-07
9250,65,1,7,2026-05-08,2026-05-11,2026-05-18
9251,65,1,9,2026-05-14,2026-05-15,2026-05-24
9252,65,13,7,2026-05-19,2026-05-21,2026-05-29
9253,65,1,9,2026-05-28,2026-05-29,2026-06-07
9254,65,1,9,2026-06-06,2026-06-08,2026-06-16
9255,65,13,9,2026-06-11,2026-06-14,2026-06-21
9256,65,1,9,2026-06-18,2026-06-20,2026-06-28
9257,65,13,9,2026-06-24,2026-06-25,2026-07-04
9258,65,1,10,2024-07-04,2024-07-05,2024-07-14
9259,65,1,10,2024-07-14,2024-07-16,2024-07-24
9260,65,1,10,2024-07-16,2024-07-19,2024-07-26
9261,65,1,10,2024-07-23,2024-07-24,2024-08-02
9262,65,13,10,2024-07-29,2024-07-30,2024-08-08
9263,65,13,10,2024-08-11,2024-08-12,2024-08-21
9264,65,13,10,2024-08-16,2024-08-19,2024-08-26
9265,65,1,10,2024-08-23,2024-08-26,2024-09-02
9266,65,13,10,2024-08-29,2024-09-01,2024-09-08
9267,65,1,10,2024-09-06,2024-09-07,2024-09-16
9268,65,1,10,2024-09-12,2024-09-15,2024-09-22
9269,65,13,10,2024-09-22,2024-09-23,2024-10-02
9270,65,1,10,2024-09-27,2024-09-28,2024-10-07
9271,65,13,10,2024-09-30,2024-10-01,2024-10-10
9272,65,13,10,2024-10-12,2024-10-13,2024-10-22
9273,65,13,10,2024-10-16,2024-10-17,2024-10-26
9274,65,13,10,2024-10-26,2024-10-27,2024-11-05
9275,65,1,10,2024-11-02,2024-11-05,2024-11-12
9276,65,1,10,2024-11-05,2024-11-06,2024-11-15
9277,65,13,10,2024-11-11,2024-11-12,2024-11-21
9278,65,1,10,2024-11-19,2024-11-22,2024-11-29
9279,65,1,10,2024-11-30,2024-12-02,2024-12-10
9280,65,1,10,2024-12-02,2024-12-05,2024-12-12
9281,65,1,10,2024-12-13,2024-12-15,2024-12-23
9282,65,13,10,2024-12-17,2024-12-18,2024-12-27
9283,65,1,10,2024-12-28,2024-12-29,2025-01-07
9284,65,13,10,2025-01-01,2025-01-04,2025-01-11
9285,65,1,10,2025-01-11,2025-01-13,2025-01-21
9286,65,1,10,2025-01-15,2025-01-16,2025-01-25
9287,65,13,10,2025-01-20,2025-01-23,2025-01-30
9288,65,1,10,2025-01-31,2025-02-03,2025-02-10
9289,65,13,10,2025-02-08,2025-02-09,2025-02-18
9290,65,13,10,2025-02-14,2025-02-15,2025-02-24
9291,65,13,10,2025-02-20,2025-02-22,2025-03-02
9292,65,1,10,2025-02-27,2025-03-01,2025-03-09
9293,65,13,10,2025-03-09,2025-03-10,2025-03-19
9294,65,13,10,2025-03-16,2025-03-19,2025-03-26
9295,65,1,10,2025-03-18,2025-03-20,2025-03-28
9296,65,1,10,2025-03-25,2025-03-27,2025-04-04
9297,65,13,10,2025-03-31,2025-04-03,2025-04-10
9298,65,1,10,2025-04-10,2025-04-12,2025-04-20
9299,65,1,10,2025-04-20,2025-04-23,2025-04-30
9300,65,13,10,2025-04-24,2025-04-27,2025-05-04
9301,65,1,10,2025-04-28,2025-04-29,2025-05-08
9302,65,1,10,2025-05-08,2025-05-11,2025-05-18
9303,65,13,10,2025-05-12,2025-05-13,2025-05-22
9304,65,1,10,2025-05-20,2025-05-23,2025-05-30
9305,65,13,10,2025-05-29,2025-05-30,2025-06-08
9306,65,1,10,2025-06-05,2025-06-07,2025-06-15
9307,65,1,10,2025-06-09,2025-06-11,2025-06-19
9308,65,13,10,2025-06-21,2025-06-24,2025-07-01
9309,65,1,10,2025-06-24,2025-06-26,2025-07-04
9310,65,1,10,2025-07-02,2025-07-05,2025-07-12
9311,65,13,10,2025-07-11,2025-07-12,2025-07-21
9312,65,13,10,2025-07-14,2025-07-15,2025-07-24
9313,65,13,10,2025-07-24,2025-07-27,2025-08-03
9314,65,1,10,2025-08-02,2025-08-03,2025-08-12
9315,65,1,10,2025-08-08,2025-08-11,2025-08-18
9316,65,13,10,2025-08-12,2025-08-15,2025-08-22
9317,65,1,10,2025-08-21,2025-08-23,2025-08-31
9318,65,1,10,2025-08-28,2025-08-29,2025-09-07
9319,65,1,10,2025-09-01,2025-09-04,2025-09-11
9320,65,13,10,2025-09-12,2025-09-14,2025-09-22
9321,65,1,10,2025-09-17,2025-09-18,2025-09-27
9322,65,1,10,2025-09-23,2025-09-25,2025-10-03
9323,65,13,10,2025-10-02,2025-10-04,2025-10-12
9324,65,1,10,2025-10-09,2025-10-11,2025-10-19
9325,65,13,10,2025-10-13,2025-10-15,2025-10-23
9326,65,1,10,2025-10-26,2025-10-29,2025-11-05
9327,65,1,10,2025-11-01,2025-11-02,2025-11-11
9328,65,13,10,2025-11-04,2025-11-05,2025-11-14
9329,65,13,10,2025-11-16,2025-11-18,2025-11-26
9330,65,13,10,2025-11-22,2025-11-23,2025-12-02
9331,65,1,10,2025-11-29,2025-12-02,2025-12-09
9332,65,13,10,2025-12-06,2025-12-07,2025-12-16
9333,65,13,10,2025-12-12,2025-12-15,2025-12-22
9334,65,13,10,2025-12-15,2025-12-17,2025-12-25
9335,65,1,10,2025-12-23,2025-12-26,2026-01-02
9336,65,1,10,2025-12-31,2026-01-02,2026-01-10
9337,65,1,10,2026-01-09,2026-01-10,2026-01-19
9338,65,1,10,2026-01-16,2026-01-19,2026-01-26
9339,65,1,10,2026-01-21,2026-01-24,2026-01-31
9340,65,13,10,2026-01-28,2026-01-30,2026-02-07
9341,65,13,10,2026-02-08,2026-02-11,2026-02-18
9342,65,13,10,2026-02-13,2026-02-14,2026-02-23
9343,65,1,10,2026-02-19,2026-02-20,2026-03-01
9344,65,1,10,2026-02-26,2026-02-28,2026-03-08
9345,65,1,10,2026-03-06,2026-03-08,2026-03-16
9346,65,13,10,2026-03-11,2026-03-13,2026-03-21
9347,65,1,10,2026-03-18,2026-03-19,2026-03-28
9348,65,13,10,2026-03-26,2026-03-28,2026-04-05
9349,65,1,10,2026-04-03,2026-04-05,2026-04-13
9350,65,1,10,2026-04-08,2026-04-09,2026-04-18
9351,65,1,10,2026-04-19,2026-04-21,2026-04-29
9352,65,13,10,2026-04-25,2026-04-28,2026-05-05
9353,65,13,10,2026-05-01,2026-05-02,2026-05-11
9354,65,1,10,2026-05-06,2026-05-07,2026-05-16
9355,65,13,10,2026-05-16,2026-05-19,2026-05-26
9356,65,1,10,2026-05-20,2026-05-23,2026-05-30
9357,65,1,10,2026-05-26,2026-05-27,2026-06-05
9358,65,1,10,2026-06-04,2026-06-05,2026-06-14
9359,65,1,10,2026-06-08,2026-06-09,2026-06-18
9360,65,13,10,2026-06-18,2026-06-21,2026-06-28
9361,65,13,10,2026-06-28,2026-06-30,2026-07-08
9362,65,1,10,2026-06-30,2026-07-01,2026-07-10
9363,66,3,6,2024-10-02,2024-10-04,2027-06-10
9364,66,12,6,2025-01-04,2025-01-05,2027-09-12
9365,66,3,6,2025-04-27,2025-04-30,2028-01-03
9366,66,3,10,2025-10-16,2025-10-17,2028-06-23
9367,66,12,10,2026-02-10,2026-02-11,2028-10-18
9368,66,12,4,2026-02-25,2026-02-27,2028-11-02
9369,67,24,4,2024-08-19,2024-08-21,2025-07-30
9370,67,1,7,2025-01-15,2025-01-16,2025-12-26
9371,67,14,4,2025-04-29,2025-05-02,2026-04-09
9372,67,1,8,2025-06-28,2025-06-30,2026-06-08
9373,67,24,8,2025-12-05,2025-12-06,2026-11-15
9374,67,1,7,2026-03-02,2026-03-04,2027-02-10
9375,68,24,5,2024-07-15,2024-07-18,2024-12-27
9376,68,5,5,2024-11-25,2024-11-27,2025-05-09
9377,68,24,8,2025-02-20,2025-02-22,2025-08-04
9378,68,5,8,2025-04-12,2025-04-14,2025-09-24
9379,68,24,8,2025-05-30,2025-06-02,2025-11-11
9380,68,24,8,2025-08-16,2025-08-17,2026-01-28
9381,68,5,1,2026-01-10,2026-01-12,2026-06-24
9382,68,24,1,2026-02-04,2026-02-07,2026-07-19
9383,68,24,5,2026-06-05,2026-06-07,2026-11-17
9384,69,17,1,2024-10-18,2024-10-21,2027-08-13
9385,69,17,2,2024-12-25,2024-12-27,2027-10-20
9386,69,17,4,2025-03-20,2025-03-21,2028-01-13
9387,69,20,4,2025-10-22,2025-10-23,2028-08-16
9388,69,20,2,2026-01-27,2026-01-30,2028-11-21
9389,69,17,4,2026-02-24,2026-02-25,2028-12-19
9390,70,9,3,2024-07-17,2024-07-18,2024-11-14
9391,70,24,3,2024-10-16,2024-10-17,2025-02-13
9392,70,24,3,2024-12-23,2024-12-26,2025-04-22
9393,70,24,3,2025-02-06,2025-02-08,2025-06-06
9394,70,9,1,2025-03-30,2025-03-31,2025-07-28
9395,70,9,1,2025-05-16,2025-05-17,2025-09-13
9396,70,24,3,2025-07-24,2025-07-25,2025-11-21
9397,70,9,3,2025-09-07,2025-09-08,2026-01-05
9398,70,13,1,2025-11-18,2025-11-21,2026-03-18
9399,70,24,3,2026-01-13,2026-01-14,2026-05-13
9400,70,24,1,2026-04-11,2026-04-14,2026-08-09
9401,70,24,1,2026-04-27,2026-04-29,2026-08-25
9402,70,9,4,2024-08-14,2024-08-15,2024-12-12
9403,70,9,4,2024-09-29,2024-10-01,2025-01-27
9404,70,9,4,2024-12-03,2024-12-06,2025-04-02
9405,70,9,4,2025-01-13,2025-01-15,2025-05-13
9406,70,13,4,2025-04-21,2025-04-22,2025-08-19
9407,70,24,4,2025-06-16,2025-06-17,2025-10-14
9408,70,24,4,2025-08-06,2025-08-09,2025-12-04
9409,70,13,4,2025-10-05,2025-10-06,2026-02-02
9410,70,9,4,2025-10-26,2025-10-29,2026-02-23
9411,70,9,4,2026-02-19,2026-02-22,2026-06-19
9412,70,24,4,2026-03-18,2026-03-20,2026-07-16
9413,70,9,4,2026-05-04,2026-05-07,2026-09-01
9414,70,13,5,2024-08-12,2024-08-14,2024-12-10
9415,70,9,5,2024-10-01,2024-10-03,2025-01-29
9416,70,9,5,2024-12-03,2024-12-06,2025-04-02
9417,70,24,5,2025-01-22,2025-01-24,2025-05-22
9418,70,13,5,2025-04-09,2025-04-11,2025-08-07
9419,70,13,5,2025-06-17,2025-06-19,2025-10-15
9420,70,9,5,2025-07-07,2025-07-08,2025-11-04
9421,70,9,5,2025-10-17,2025-10-18,2026-02-14
9422,70,13,5,2025-11-01,2025-11-03,2026-03-01
9423,70,24,5,2025-12-31,2026-01-01,2026-04-30
9424,70,13,5,2026-04-20,2026-04-21,2026-08-18
9425,70,13,5,2026-06-15,2026-06-16,2026-10-13
9426,70,13,7,2024-08-03,2024-08-06,2024-12-01
9427,70,9,9,2024-09-22,2024-09-25,2025-01-20
9428,70,24,7,2024-12-18,2024-12-21,2025-04-17
9429,70,13,9,2025-02-14,2025-02-17,2025-06-14
9430,70,9,9,2025-03-29,2025-04-01,2025-07-27
9431,70,9,9,2025-05-21,2025-05-24,2025-09-18
9432,70,13,9,2025-08-16,2025-08-17,2025-12-14
9433,70,24,9,2025-09-19,2025-09-20,2026-01-17
9434,70,9,7,2025-12-14,2025-12-17,2026-04-13
9435,70,13,7,2026-02-04,2026-02-06,2026-06-04
9436,70,13,7,2026-04-02,2026-04-05,2026-07-31
9437,70,13,9,2026-06-11,2026-06-12,2026-10-09
9438,70,13,10,2024-07-27,2024-07-30,2024-11-24
9439,70,9,10,2024-10-10,2024-10-13,2025-02-07
9440,70,24,10,2024-12-03,2024-12-04,2025-04-02
9441,70,24,10,2025-01-16,2025-01-19,2025-05-16
9442,70,9,10,2025-03-19,2025-03-21,2025-07-17
9443,70,9,10,2025-05-22,2025-05-24,2025-09-19
9444,70,9,10,2025-08-04,2025-08-07,2025-12-02
9445,70,9,10,2025-09-12,2025-09-14,2026-01-10
9446,70,13,10,2025-11-04,2025-11-05,2026-03-04
9447,70,13,10,2025-12-31,2026-01-03,2026-04-30
9448,70,9,10,2026-04-02,2026-04-05,2026-07-31
9449,70,13,10,2026-05-12,2026-05-14,2026-09-09
9450,71,21,10,2024-07-18,2024-07-21,2027-05-26
9451,71,21,10,2025-01-19,2025-01-20,2027-11-27
9452,71,21,1,2025-03-23,2025-03-26,2028-01-29
9453,71,21,1,2025-08-03,2025-08-06,2028-06-10
9454,71,21,10,2026-02-02,2026-02-03,2028-12-10
9455,71,18,1,2026-04-04,2026-04-05,2029-02-09
9456,72,11,1,2024-08-27,2024-08-29,2024-11-23
9457,72,13,1,2024-09-14,2024-09-16,2024-12-11
9458,72,13,1,2024-11-15,2024-11-16,2025-02-11
9459,72,11,3,2025-02-20,2025-02-21,2025-05-19
9460,72,11,3,2025-03-31,2025-04-02,2025-06-27
9461,72,13,1,2025-05-27,2025-05-30,2025-08-23
9462,72,11,1,2025-07-09,2025-07-11,2025-10-05
9463,72,13,1,2025-10-20,2025-10-21,2026-01-16
9464,72,13,3,2025-12-02,2025-12-05,2026-02-28
9465,72,11,3,2026-02-02,2026-02-03,2026-05-01
9466,72,11,3,2026-03-11,2026-03-13,2026-06-07
9467,72,11,1,2026-05-07,2026-05-09,2026-08-03
9468,72,13,4,2024-08-20,2024-08-23,2024-11-16
9469,72,13,4,2024-10-11,2024-10-12,2025-01-07
9470,72,13,4,2024-11-29,2024-12-02,2025-02-25
9471,72,11,4,2025-01-13,2025-01-14,2025-04-11
9472,72,11,4,2025-03-24,2025-03-27,2025-06-20
9473,72,13,4,2025-06-08,2025-06-11,2025-09-04
9474,72,13,4,2025-07-05,2025-07-07,2025-10-01
9475,72,11,4,2025-08-31,2025-09-02,2025-11-27
9476,72,13,4,2025-12-06,2025-12-08,2026-03-04
9477,72,11,4,2026-02-04,2026-02-07,2026-05-03
9478,72,13,4,2026-03-03,2026-03-04,2026-05-30
9479,72,11,4,2026-05-20,2026-05-21,2026-08-16
9480,72,11,5,2024-07-22,2024-07-25,2024-10-18
9481,72,11,5,2024-10-01,2024-10-03,2024-12-28
9482,72,11,5,2024-11-08,2024-11-09,2025-02-04
9483,72,11,5,2024-12-31,2025-01-02,2025-03-29
9484,72,13,5,2025-03-19,2025-03-21,2025-06-15
9485,72,13,5,2025-06-13,2025-06-15,2025-09-09
9486,72,13,5,2025-06-27,2025-06-28,2025-09-23
9487,72,11,5,2025-09-06,2025-09-07,2025-12-03
9488,72,11,5,2025-11-06,2025-11-08,2026-02-02
9489,72,13,5,2026-01-06,2026-01-08,2026-04-04
9490,72,11,5,2026-04-06,2026-04-07,2026-07-03
9491,72,13,5,2026-05-07,2026-05-10,2026-08-03
9492,72,13,5,2026-06-22,2026-06-24,2026-09-18
9493,72,11,9,2024-08-22,2024-08-24,2024-11-18
9494,72,11,7,2024-09-18,2024-09-19,2024-12-15
9495,72,13,9,2024-12-16,2024-12-18,2025-03-14
9496,72,13,7,2025-01-01,2025-01-02,2025-03-30
9497,72,11,9,2025-03-13,2025-03-14,2025-06-09
9498,72,13,7,2025-06-23,2025-06-26,2025-09-19
9499,72,13,7,2025-08-21,2025-08-23,2025-11-17
9500,72,11,9,2025-09-22,2025-09-25,2025-12-19
9501,72,13,9,2025-11-13,2025-11-15,2026-02-09
9502,72,13,7,2026-01-02,2026-01-04,2026-03-31
9503,72,13,9,2026-04-18,2026-04-21,2026-07-15
9504,72,13,9,2026-04-24,2026-04-25,2026-07-21
9505,72,11,10,2024-07-23,2024-07-25,2024-10-19
9506,72,13,10,2024-09-22,2024-09-24,2024-12-19
9507,72,11,10,2024-10-31,2024-11-03,2025-01-27
9508,72,13,10,2025-02-16,2025-02-18,2025-05-15
9509,72,13,10,2025-03-14,2025-03-15,2025-06-10
9510,72,13,10,2025-05-16,2025-05-19,2025-08-12
9511,72,11,10,2025-08-03,2025-08-05,2025-10-30
9512,72,11,10,2025-10-05,2025-10-06,2026-01-01
9513,72,13,10,2025-12-06,2025-12-07,2026-03-04
9514,72,13,10,2026-01-25,2026-01-26,2026-04-23
9515,72,11,10,2026-03-19,2026-03-22,2026-06-15
9516,72,11,10,2026-05-05,2026-05-07,2026-08-01
9517,73,11,1,2024-07-07,2024-07-10,2024-07-16
9518,73,4,1,2024-07-14,2024-07-16,2024-07-23
9519,73,3,1,2024-07-16,2024-07-17,2024-07-25
9520,73,3,3,2024-07-23,2024-07-26,2024-08-01
9521,73,4,3,2024-07-30,2024-07-31,2024-08-08
9522,73,11,1,2024-08-09,2024-08-11,2024-08-18
9523,73,4,1,2024-08-12,2024-08-13,2024-08-21
9524,73,3,3,2024-08-24,2024-08-25,2024-09-02
9525,73,11,3,2024-08-29,2024-08-30,2024-09-07
9526,73,11,3,2024-09-05,2024-09-06,2024-09-14
9527,73,11,3,2024-09-09,2024-09-10,2024-09-18
9528,73,4,1,2024-09-17,2024-09-20,2024-09-26
9529,73,3,3,2024-09-24,2024-09-27,2024-10-03
9530,73,3,3,2024-10-04,2024-10-07,2024-10-13
9531,73,4,1,2024-10-07,2024-10-09,2024-10-16
9532,73,11,3,2024-10-14,2024-10-16,2024-10-23
9533,73,4,3,2024-10-23,2024-10-26,2024-11-01
9534,73,11,1,2024-11-03,2024-11-05,2024-11-12
9535,73,4,1,2024-11-04,2024-11-05,2024-11-13
9536,73,4,3,2024-11-16,2024-11-19,2024-11-25
9537,73,11,3,2024-11-18,2024-11-21,2024-11-27
9538,73,11,3,2024-11-25,2024-11-27,2024-12-04
9539,73,4,1,2024-12-08,2024-12-10,2024-12-17
9540,73,3,3,2024-12-10,2024-12-11,2024-12-19
9541,73,11,1,2024-12-18,2024-12-21,2024-12-27
9542,73,3,1,2024-12-25,2024-12-26,2025-01-03
9543,73,4,1,2025-01-01,2025-01-03,2025-01-10
9544,73,3,1,2025-01-09,2025-01-12,2025-01-18
9545,73,11,1,2025-01-18,2025-01-21,2025-01-27
9546,73,11,3,2025-01-26,2025-01-27,2025-02-04
9547,73,11,1,2025-02-02,2025-02-03,2025-02-11
9548,73,3,3,2025-02-05,2025-02-07,2025-02-14
9549,73,3,1,2025-02-15,2025-02-17,2025-02-24
9550,73,3,1,2025-02-19,2025-02-20,2025-02-28
9551,73,11,1,2025-03-02,2025-03-04,2025-03-11
9552,73,3,1,2025-03-03,2025-03-06,2025-03-12
9553,73,4,1,2025-03-12,2025-03-15,2025-03-21
9554,73,3,3,2025-03-17,2025-03-20,2025-03-26
9555,73,4,3,2025-03-24,2025-03-25,2025-04-02
9556,73,4,3,2025-04-03,2025-04-06,2025-04-12
9557,73,3,3,2025-04-07,2025-04-08,2025-04-16
9558,73,3,1,2025-04-18,2025-04-19,2025-04-27
9559,73,3,1,2025-04-23,2025-04-24,2025-05-02
9560,73,4,3,2025-05-04,2025-05-07,2025-05-13
9561,73,11,1,2025-05-07,2025-05-08,2025-05-16
9562,73,3,3,2025-05-15,2025-05-17,2025-05-24
9563,73,3,1,2025-05-19,2025-05-20,2025-05-28
9564,73,11,1,2025-05-27,2025-05-28,2025-06-05
9565,73,3,3,2025-06-02,2025-06-05,2025-06-11
9566,73,3,1,2025-06-10,2025-06-12,2025-06-19
9567,73,11,1,2025-06-20,2025-06-22,2025-06-29
9568,73,4,1,2025-06-26,2025-06-28,2025-07-05
9569,73,11,1,2025-07-01,2025-07-03,2025-07-10
9570,73,11,3,2025-07-12,2025-07-15,2025-07-21
9571,73,3,1,2025-07-17,2025-07-20,2025-07-26
9572,73,3,1,2025-07-27,2025-07-30,2025-08-05
9573,73,3,3,2025-07-28,2025-07-30,2025-08-06
9574,73,3,1,2025-08-10,2025-08-11,2025-08-19
9575,73,11,1,2025-08-14,2025-08-17,2025-08-23
9576,73,3,3,2025-08-20,2025-08-21,2025-08-29
9577,73,3,3,2025-08-26,2025-08-29,2025-09-04
9578,73,11,3,2025-09-02,2025-09-04,2025-09-11
9579,73,3,3,2025-09-11,2025-09-12,2025-09-20
9580,73,11,1,2025-09-19,2025-09-21,2025-09-28
9581,73,4,1,2025-09-24,2025-09-27,2025-10-03
9582,73,11,1,2025-09-30,2025-10-02,2025-10-09
9583,73,4,3,2025-10-06,2025-10-09,2025-10-15
9584,73,4,3,2025-10-15,2025-10-17,2025-10-24
9585,73,11,3,2025-10-22,2025-10-24,2025-10-31
9586,73,4,3,2025-10-27,2025-10-28,2025-11-05
9587,73,4,3,2025-11-04,2025-11-07,2025-11-13
9588,73,11,3,2025-11-13,2025-11-15,2025-11-22
9589,73,3,3,2025-11-20,2025-11-21,2025-11-29
9590,73,4,1,2025-11-26,2025-11-29,2025-12-05
9591,73,11,1,2025-12-07,2025-12-08,2025-12-16
9592,73,4,1,2025-12-08,2025-12-11,2025-12-17
9593,73,4,1,2025-12-16,2025-12-18,2025-12-25
9594,73,3,1,2025-12-25,2025-12-28,2026-01-03
9595,73,11,1,2026-01-04,2026-01-07,2026-01-13
9596,73,4,3,2026-01-06,2026-01-09,2026-01-15
9597,73,11,3,2026-01-15,2026-01-17,2026-01-24
9598,73,4,3,2026-01-23,2026-01-25,2026-02-01
9599,73,11,1,2026-01-28,2026-01-29,2026-02-06
9600,73,11,1,2026-02-06,2026-02-09,2026-02-15
9601,73,4,3,2026-02-12,2026-02-15,2026-02-21
9602,73,4,3,2026-02-20,2026-02-22,2026-03-01
9603,73,11,1,2026-02-24,2026-02-26,2026-03-05
9604,73,4,1,2026-03-05,2026-03-08,2026-03-14
9605,73,11,1,2026-03-13,2026-03-16,2026-03-22
9606,73,4,1,2026-03-22,2026-03-25,2026-03-31
9607,73,4,3,2026-03-27,2026-03-29,2026-04-05
9608,73,11,3,2026-03-31,2026-04-03,2026-04-09
9609,73,3,1,2026-04-07,2026-04-08,2026-04-16
9610,73,4,1,2026-04-17,2026-04-20,2026-04-26
9611,73,3,3,2026-04-20,2026-04-21,2026-04-29
9612,73,11,3,2026-04-29,2026-05-01,2026-05-08
9613,73,4,1,2026-05-05,2026-05-06,2026-05-14
9614,73,4,1,2026-05-16,2026-05-17,2026-05-25
9615,73,11,3,2026-05-24,2026-05-27,2026-06-02
9616,73,3,3,2026-05-27,2026-05-28,2026-06-05
9617,73,4,1,2026-06-07,2026-06-08,2026-06-16
9618,73,11,1,2026-06-10,2026-06-11,2026-06-19
9619,73,4,3,2026-06-18,2026-06-19,2026-06-27
9620,73,11,3,2026-06-22,2026-06-25,2026-07-01
9621,73,4,4,2024-07-03,2024-07-04,2024-07-12
9622,73,4,4,2024-07-11,2024-07-12,2024-07-20
9623,73,3,4,2024-07-15,2024-07-16,2024-07-24
9624,73,3,4,2024-07-28,2024-07-29,2024-08-06
9625,73,11,4,2024-07-30,2024-08-01,2024-08-08
9626,73,4,4,2024-08-09,2024-08-11,2024-08-18
9627,73,4,4,2024-08-17,2024-08-19,2024-08-26
9628,73,3,4,2024-08-20,2024-08-22,2024-08-29
9629,73,4,4,2024-08-26,2024-08-27,2024-09-04
9630,73,4,4,2024-09-07,2024-09-08,2024-09-16
9631,73,4,4,2024-09-14,2024-09-15,2024-09-23
9632,73,11,4,2024-09-16,2024-09-19,2024-09-25
9633,73,11,4,2024-09-25,2024-09-27,2024-10-04
9634,73,3,4,2024-09-30,2024-10-02,2024-10-09
9635,73,4,4,2024-10-08,2024-10-10,2024-10-17
9636,73,11,4,2024-10-19,2024-10-21,2024-10-28
9637,73,11,4,2024-10-26,2024-10-27,2024-11-04
9638,73,4,4,2024-10-29,2024-10-31,2024-11-07
9639,73,3,4,2024-11-07,2024-11-10,2024-11-16
9640,73,11,4,2024-11-11,2024-11-14,2024-11-20
9641,73,4,4,2024-11-18,2024-11-20,2024-11-27
9642,73,3,4,2024-11-27,2024-11-30,2024-12-06
9643,73,4,4,2024-12-05,2024-12-07,2024-12-14
9644,73,3,4,2024-12-15,2024-12-18,2024-12-24
9645,73,11,4,2024-12-19,2024-12-22,2024-12-28
9646,73,4,4,2024-12-23,2024-12-24,2025-01-01
9647,73,4,4,2025-01-05,2025-01-07,2025-01-14
9648,73,4,4,2025-01-11,2025-01-12,2025-01-20
9649,73,11,4,2025-01-15,2025-01-18,2025-01-24
9650,73,3,4,2025-01-21,2025-01-24,2025-01-30
9651,73,11,4,2025-01-27,2025-01-30,2025-02-05
9652,73,3,4,2025-02-07,2025-02-08,2025-02-16
9653,73,4,4,2025-02-15,2025-02-17,2025-02-24
9654,73,4,4,2025-02-18,2025-02-20,2025-02-27
9655,73,11,4,2025-02-24,2025-02-25,2025-03-05
9656,73,11,4,2025-03-08,2025-03-09,2025-03-17
9657,73,3,4,2025-03-14,2025-03-17,2025-03-23
9658,73,11,4,2025-03-23,2025-03-25,2025-04-01
9659,73,4,4,2025-03-30,2025-03-31,2025-04-08
9660,73,3,4,2025-03-31,2025-04-01,2025-04-09
9661,73,4,4,2025-04-09,2025-04-12,2025-04-18
9662,73,4,4,2025-04-17,2025-04-18,2025-04-26
9663,73,4,4,2025-04-26,2025-04-29,2025-05-05
9664,73,4,4,2025-04-30,2025-05-03,2025-05-09
9665,73,11,4,2025-05-08,2025-05-09,2025-05-17
9666,73,3,4,2025-05-16,2025-05-19,2025-05-25
9667,73,4,4,2025-05-21,2025-05-23,2025-05-30
9668,73,3,4,2025-06-01,2025-06-03,2025-06-10
9669,73,3,4,2025-06-05,2025-06-06,2025-06-14
9670,73,4,4,2025-06-09,2025-06-12,2025-06-18
9671,73,4,4,2025-06-18,2025-06-19,2025-06-27
9672,73,3,4,2025-06-28,2025-06-29,2025-07-07
9673,73,11,4,2025-07-06,2025-07-07,2025-07-15
9674,73,3,4,2025-07-08,2025-07-11,2025-07-17
9675,73,4,4,2025-07-20,2025-07-23,2025-07-29
9676,73,3,4,2025-07-25,2025-07-27,2025-08-03
9677,73,4,4,2025-07-28,2025-07-29,2025-08-06
9678,73,3,4,2025-08-04,2025-08-05,2025-08-13
9679,73,3,4,2025-08-11,2025-08-12,2025-08-20
9680,73,3,4,2025-08-19,2025-08-22,2025-08-28
9681,73,11,4,2025-08-26,2025-08-27,2025-09-04
9682,73,4,4,2025-09-03,2025-09-05,2025-09-12
9683,73,4,4,2025-09-14,2025-09-17,2025-09-23
9684,73,3,4,2025-09-20,2025-09-23,2025-09-29
9685,73,4,4,2025-09-22,2025-09-23,2025-10-01
9686,73,11,4,2025-10-05,2025-10-07,2025-10-14
9687,73,4,4,2025-10-09,2025-10-11,2025-10-18
9688,73,11,4,2025-10-15,2025-10-17,2025-10-24
9689,73,3,4,2025-10-26,2025-10-27,2025-11-04
9690,73,4,4,2025-11-02,2025-11-05,2025-11-11
9691,73,4,4,2025-11-04,2025-11-06,2025-11-13
9692,73,11,4,2025-11-10,2025-11-12,2025-11-19
9693,73,3,4,2025-11-17,2025-11-19,2025-11-26
9694,73,4,4,2025-11-25,2025-11-28,2025-12-04
9695,73,3,4,2025-12-05,2025-12-08,2025-12-14
9696,73,3,4,2025-12-14,2025-12-15,2025-12-23
9697,73,4,4,2025-12-19,2025-12-20,2025-12-28
9698,73,4,4,2025-12-27,2025-12-28,2026-01-05
9699,73,11,4,2026-01-02,2026-01-05,2026-01-11
9700,73,3,4,2026-01-06,2026-01-07,2026-01-15
9701,73,11,4,2026-01-18,2026-01-19,2026-01-27
9702,73,4,4,2026-01-22,2026-01-23,2026-01-31
9703,73,4,4,2026-01-30,2026-02-02,2026-02-08
9704,73,11,4,2026-02-08,2026-02-10,2026-02-17
9705,73,3,4,2026-02-11,2026-02-14,2026-02-20
9706,73,11,4,2026-02-22,2026-02-25,2026-03-03
9707,73,4,4,2026-02-25,2026-02-28,2026-03-06
9708,73,4,4,2026-03-03,2026-03-04,2026-03-12
9709,73,11,4,2026-03-12,2026-03-13,2026-03-21
9710,73,3,4,2026-03-21,2026-03-22,2026-03-30
9711,73,4,4,2026-03-25,2026-03-27,2026-04-03
9712,73,3,4,2026-03-30,2026-04-01,2026-04-08
9713,73,3,4,2026-04-08,2026-04-09,2026-04-17
9714,73,11,4,2026-04-15,2026-04-17,2026-04-24
9715,73,3,4,2026-04-25,2026-04-27,2026-05-04
9716,73,11,4,2026-04-30,2026-05-01,2026-05-09
9717,73,3,4,2026-05-09,2026-05-12,2026-05-18
9718,73,11,4,2026-05-14,2026-05-16,2026-05-23
9719,73,4,4,2026-05-20,2026-05-21,2026-05-29
9720,73,4,4,2026-05-25,2026-05-26,2026-06-03
9721,73,4,4,2026-06-05,2026-06-08,2026-06-14
9722,73,11,4,2026-06-10,2026-06-12,2026-06-19
9723,73,4,4,2026-06-18,2026-06-20,2026-06-27
9724,73,4,4,2026-06-27,2026-06-30,2026-07-06
9725,73,4,4,2026-06-30,2026-07-01,2026-07-09
9726,73,3,5,2024-07-05,2024-07-07,2024-07-14
9727,73,11,5,2024-07-14,2024-07-16,2024-07-23
9728,73,3,5,2024-07-21,2024-07-22,2024-07-30
9729,73,4,5,2024-07-24,2024-07-26,2024-08-02
9730,73,11,5,2024-07-29,2024-08-01,2024-08-07
9731,73,4,5,2024-08-09,2024-08-12,2024-08-18
9732,73,11,5,2024-08-17,2024-08-19,2024-08-26
9733,73,3,5,2024-08-21,2024-08-22,2024-08-30
9734,73,3,5,2024-08-30,2024-08-31,2024-09-08
9735,73,4,5,2024-09-02,2024-09-05,2024-09-11
9736,73,11,5,2024-09-14,2024-09-15,2024-09-23
9737,73,4,5,2024-09-21,2024-09-24,2024-09-30
9738,73,11,5,2024-09-23,2024-09-26,2024-10-02
9739,73,3,5,2024-10-05,2024-10-06,2024-10-14
9740,73,11,5,2024-10-07,2024-10-10,2024-10-16
9741,73,3,5,2024-10-20,2024-10-21,2024-10-29
9742,73,4,5,2024-10-25,2024-10-28,2024-11-03
9743,73,3,5,2024-11-01,2024-11-04,2024-11-10
9744,73,3,5,2024-11-09,2024-11-11,2024-11-18
9745,73,3,5,2024-11-14,2024-11-16,2024-11-23
9746,73,4,5,2024-11-24,2024-11-27,2024-12-03
9747,73,11,5,2024-11-28,2024-11-29,2024-12-07
9748,73,11,5,2024-12-04,2024-12-07,2024-12-13
9749,73,4,5,2024-12-14,2024-12-17,2024-12-23
9750,73,3,5,2024-12-20,2024-12-21,2024-12-29
9751,73,3,5,2024-12-29,2025-01-01,2025-01-07
9752,73,11,5,2025-01-04,2025-01-05,2025-01-13
9753,73,3,5,2025-01-08,2025-01-10,2025-01-17
9754,73,3,5,2025-01-13,2025-01-14,2025-01-22
9755,73,4,5,2025-01-23,2025-01-25,2025-02-01
9756,73,3,5,2025-01-27,2025-01-28,2025-02-05
9757,73,4,5,2025-02-08,2025-02-11,2025-02-17
9758,73,11,5,2025-02-11,2025-02-13,2025-02-20
9759,73,4,5,2025-02-21,2025-02-22,2025-03-02
9760,73,4,5,2025-02-25,2025-02-28,2025-03-06
9761,73,3,5,2025-03-03,2025-03-06,2025-03-12
9762,73,4,5,2025-03-11,2025-03-14,2025-03-20
9763,73,4,5,2025-03-23,2025-03-25,2025-04-01
9764,73,4,5,2025-03-24,2025-03-25,2025-04-02
9765,73,3,5,2025-04-01,2025-04-03,2025-04-10
9766,73,4,5,2025-04-08,2025-04-10,2025-04-17
9767,73,3,5,2025-04-17,2025-04-18,2025-04-26
9768,73,4,5,2025-04-27,2025-04-29,2025-05-06
9769,73,4,5,2025-04-30,2025-05-01,2025-05-09
9770,73,11,5,2025-05-07,2025-05-09,2025-05-16
9771,73,11,5,2025-05-12,2025-05-13,2025-05-21
9772,73,11,5,2025-05-19,2025-05-20,2025-05-28
9773,73,4,5,2025-05-29,2025-06-01,2025-06-07
9774,73,3,5,2025-06-02,2025-06-04,2025-06-11
9775,73,3,5,2025-06-10,2025-06-13,2025-06-19
9776,73,4,5,2025-06-17,2025-06-19,2025-06-26
9777,73,3,5,2025-06-24,2025-06-26,2025-07-03
9778,73,3,5,2025-07-02,2025-07-05,2025-07-11
9779,73,11,5,2025-07-13,2025-07-16,2025-07-22
9780,73,4,5,2025-07-14,2025-07-17,2025-07-23
9781,73,3,5,2025-07-23,2025-07-26,2025-08-01
9782,73,3,5,2025-07-30,2025-07-31,2025-08-08
9783,73,11,5,2025-08-05,2025-08-06,2025-08-14
9784,73,11,5,2025-08-16,2025-08-18,2025-08-25
9785,73,3,5,2025-08-20,2025-08-21,2025-08-29
9786,73,3,5,2025-08-27,2025-08-29,2025-09-05
9787,73,4,5,2025-09-05,2025-09-06,2025-09-14
9788,73,3,5,2025-09-09,2025-09-10,2025-09-18
9789,73,4,5,2025-09-18,2025-09-20,2025-09-27
9790,73,11,5,2025-09-28,2025-10-01,2025-10-07
9791,73,3,5,2025-10-03,2025-10-04,2025-10-12
9792,73,4,5,2025-10-10,2025-10-12,2025-10-19
9793,73,4,5,2025-10-16,2025-10-19,2025-10-25
9794,73,11,5,2025-10-23,2025-10-24,2025-11-01
9795,73,4,5,2025-11-01,2025-11-04,2025-11-10
9796,73,4,5,2025-11-09,2025-11-10,2025-11-18
9797,73,3,5,2025-11-10,2025-11-13,2025-11-19
9798,73,3,5,2025-11-19,2025-11-22,2025-11-28
9799,73,11,5,2025-11-29,2025-12-02,2025-12-08
9800,73,3,5,2025-12-03,2025-12-05,2025-12-12
9801,73,11,5,2025-12-10,2025-12-12,2025-12-19
9802,73,11,5,2025-12-17,2025-12-18,2025-12-26
9803,73,4,5,2025-12-26,2025-12-28,2026-01-04
9804,73,4,5,2025-12-30,2026-01-02,2026-01-08
9805,73,11,5,2026-01-05,2026-01-06,2026-01-14
9806,73,4,5,2026-01-13,2026-01-15,2026-01-22
9807,73,3,5,2026-01-21,2026-01-22,2026-01-30
9808,73,4,5,2026-02-01,2026-02-02,2026-02-10
9809,73,11,5,2026-02-07,2026-02-10,2026-02-16
9810,73,3,5,2026-02-13,2026-02-16,2026-02-22
9811,73,4,5,2026-02-16,2026-02-18,2026-02-25
9812,73,11,5,2026-02-24,2026-02-26,2026-03-05
9813,73,4,5,2026-03-07,2026-03-08,2026-03-16
9814,73,4,5,2026-03-11,2026-03-12,2026-03-20
9815,73,3,5,2026-03-21,2026-03-23,2026-03-30
9816,73,11,5,2026-03-26,2026-03-27,2026-04-04
9817,73,4,5,2026-04-03,2026-04-05,2026-04-12
9818,73,3,5,2026-04-12,2026-04-13,2026-04-21
9819,73,3,5,2026-04-18,2026-04-19,2026-04-27
9820,73,3,5,2026-04-24,2026-04-26,2026-05-03
9821,73,3,5,2026-04-29,2026-05-02,2026-05-08
9822,73,3,5,2026-05-10,2026-05-13,2026-05-19
9823,73,4,5,2026-05-13,2026-05-16,2026-05-22
9824,73,11,5,2026-05-20,2026-05-23,2026-05-29
9825,73,4,5,2026-05-27,2026-05-28,2026-06-05
9826,73,11,5,2026-06-04,2026-06-07,2026-06-13
9827,73,11,5,2026-06-09,2026-06-10,2026-06-18
9828,73,11,5,2026-06-16,2026-06-18,2026-06-25
9829,73,3,5,2026-06-28,2026-06-29,2026-07-07
9830,73,11,7,2024-07-04,2024-07-05,2024-07-13
9831,73,11,7,2024-07-08,2024-07-09,2024-07-17
9832,73,3,9,2024-07-20,2024-07-21,2024-07-29
9833,73,11,9,2024-07-23,2024-07-25,2024-08-01
9834,73,3,7,2024-08-03,2024-08-05,2024-08-12
9835,73,4,9,2024-08-09,2024-08-10,2024-08-18
9836,73,4,9,2024-08-14,2024-08-16,2024-08-23
9837,73,4,9,2024-08-23,2024-08-26,2024-09-01
9838,73,4,7,2024-09-01,2024-09-04,2024-09-10
9839,73,4,7,2024-09-05,2024-09-07,2024-09-14
9840,73,3,9,2024-09-10,2024-09-12,2024-09-19
9841,73,3,7,2024-09-20,2024-09-23,2024-09-29
9842,73,11,7,2024-09-29,2024-10-01,2024-10-08
9843,73,4,7,2024-10-03,2024-10-05,2024-10-12
9844,73,3,9,2024-10-13,2024-10-15,2024-10-22
9845,73,3,9,2024-10-20,2024-10-23,2024-10-29
9846,73,3,9,2024-10-23,2024-10-26,2024-11-01
9847,73,4,7,2024-10-29,2024-10-30,2024-11-07
9848,73,3,9,2024-11-10,2024-11-12,2024-11-19
9849,73,4,9,2024-11-16,2024-11-18,2024-11-25
9850,73,4,9,2024-11-22,2024-11-24,2024-12-01
9851,73,11,7,2024-11-25,2024-11-28,2024-12-04
9852,73,11,9,2024-12-05,2024-12-07,2024-12-14
9853,73,4,9,2024-12-14,2024-12-15,2024-12-23
9854,73,11,9,2024-12-22,2024-12-25,2024-12-31
9855,73,4,7,2024-12-24,2024-12-25,2025-01-02
9856,73,11,9,2025-01-02,2025-01-03,2025-01-11
9857,73,3,9,2025-01-10,2025-01-13,2025-01-19
9858,73,3,7,2025-01-17,2025-01-19,2025-01-26
9859,73,11,7,2025-01-24,2025-01-26,2025-02-02
9860,73,11,7,2025-02-01,2025-02-04,2025-02-10
9861,73,11,9,2025-02-07,2025-02-09,2025-02-16
9862,73,4,7,2025-02-16,2025-02-18,2025-02-25
9863,73,11,7,2025-02-22,2025-02-24,2025-03-03
9864,73,4,7,2025-03-01,2025-03-02,2025-03-10
9865,73,4,7,2025-03-06,2025-03-09,2025-03-15
9866,73,4,7,2025-03-12,2025-03-14,2025-03-21
9867,73,3,9,2025-03-17,2025-03-18,2025-03-26
9868,73,4,9,2025-03-30,2025-04-02,2025-04-08
9869,73,3,7,2025-04-06,2025-04-08,2025-04-15
9870,73,3,7,2025-04-11,2025-04-14,2025-04-20
9871,73,3,9,2025-04-20,2025-04-22,2025-04-29
9872,73,11,9,2025-04-27,2025-04-29,2025-05-06
9873,73,3,7,2025-04-28,2025-04-30,2025-05-07
9874,73,3,9,2025-05-08,2025-05-10,2025-05-17
9875,73,11,7,2025-05-17,2025-05-20,2025-05-26
9876,73,3,9,2025-05-23,2025-05-26,2025-06-01
9877,73,4,9,2025-05-28,2025-05-29,2025-06-06
9878,73,3,7,2025-06-03,2025-06-04,2025-06-12
9879,73,11,9,2025-06-13,2025-06-15,2025-06-22
9880,73,3,9,2025-06-19,2025-06-20,2025-06-28
9881,73,4,7,2025-06-29,2025-06-30,2025-07-08
9882,73,4,9,2025-07-02,2025-07-05,2025-07-11
9883,73,4,7,2025-07-10,2025-07-12,2025-07-19
9884,73,3,7,2025-07-15,2025-07-18,2025-07-24
9885,73,4,7,2025-07-25,2025-07-26,2025-08-03
9886,73,3,7,2025-08-01,2025-08-03,2025-08-10
9887,73,4,9,2025-08-07,2025-08-08,2025-08-16
9888,73,4,7,2025-08-15,2025-08-16,2025-08-24
9889,73,4,7,2025-08-24,2025-08-27,2025-09-02
9890,73,11,7,2025-08-26,2025-08-27,2025-09-04
9891,73,4,9,2025-09-07,2025-09-09,2025-09-16
9892,73,3,7,2025-09-08,2025-09-10,2025-09-17
9893,73,4,7,2025-09-19,2025-09-20,2025-09-28
9894,73,11,9,2025-09-28,2025-09-30,2025-10-07
9895,73,3,7,2025-10-03,2025-10-05,2025-10-12
9896,73,4,9,2025-10-11,2025-10-13,2025-10-20
9897,73,4,7,2025-10-19,2025-10-21,2025-10-28
9898,73,3,9,2025-10-23,2025-10-26,2025-11-01
9899,73,4,7,2025-10-29,2025-10-30,2025-11-07
9900,73,3,7,2025-11-05,2025-11-06,2025-11-14
9901,73,3,7,2025-11-11,2025-11-13,2025-11-20
9902,73,4,7,2025-11-22,2025-11-24,2025-12-01
9903,73,4,9,2025-11-30,2025-12-03,2025-12-09
9904,73,11,7,2025-12-05,2025-12-07,2025-12-14
9905,73,11,7,2025-12-09,2025-12-11,2025-12-18
9906,73,4,7,2025-12-19,2025-12-21,2025-12-28
9907,73,11,7,2025-12-24,2025-12-25,2026-01-02
9908,73,3,7,2026-01-02,2026-01-05,2026-01-11
9909,73,3,9,2026-01-10,2026-01-12,2026-01-19
9910,73,3,7,2026-01-14,2026-01-15,2026-01-23
9911,73,11,9,2026-01-21,2026-01-23,2026-01-30
9912,73,11,9,2026-01-28,2026-01-29,2026-02-06
9913,73,4,7,2026-02-04,2026-02-05,2026-02-13
9914,73,3,7,2026-02-10,2026-02-11,2026-02-19
9915,73,11,7,2026-02-20,2026-02-23,2026-03-01
9916,73,4,7,2026-02-23,2026-02-25,2026-03-04
9917,73,11,9,2026-03-04,2026-03-07,2026-03-13
9918,73,4,9,2026-03-14,2026-03-17,2026-03-23
9919,73,3,7,2026-03-16,2026-03-19,2026-03-25
9920,73,11,7,2026-03-28,2026-03-30,2026-04-06
9921,73,11,7,2026-04-02,2026-04-03,2026-04-11
9922,73,4,9,2026-04-10,2026-04-13,2026-04-19
9923,73,4,9,2026-04-17,2026-04-19,2026-04-26
9924,73,11,9,2026-04-20,2026-04-21,2026-04-29
9925,73,11,7,2026-04-27,2026-04-28,2026-05-06
9926,73,11,7,2026-05-05,2026-05-07,2026-05-14
9927,73,11,7,2026-05-14,2026-05-17,2026-05-23
9928,73,11,9,2026-05-20,2026-05-22,2026-05-29
9929,73,3,7,2026-05-28,2026-05-31,2026-06-06
9930,73,11,7,2026-06-07,2026-06-10,2026-06-16
9931,73,11,9,2026-06-13,2026-06-14,2026-06-22
9932,73,4,9,2026-06-19,2026-06-22,2026-06-28
9933,73,4,7,2026-06-23,2026-06-25,2026-07-02
9934,73,3,10,2024-07-03,2024-07-06,2024-07-12
9935,73,4,10,2024-07-09,2024-07-11,2024-07-18
9936,73,3,10,2024-07-20,2024-07-21,2024-07-29
9937,73,3,10,2024-07-27,2024-07-30,2024-08-05
9938,73,4,10,2024-08-01,2024-08-04,2024-08-10
9939,73,3,10,2024-08-11,2024-08-12,2024-08-20
9940,73,4,10,2024-08-18,2024-08-19,2024-08-27
9941,73,4,10,2024-08-23,2024-08-24,2024-09-01
9942,73,3,10,2024-08-28,2024-08-31,2024-09-06
9943,73,11,10,2024-09-06,2024-09-08,2024-09-15
9944,73,11,10,2024-09-10,2024-09-13,2024-09-19
9945,73,3,10,2024-09-22,2024-09-23,2024-10-01
9946,73,11,10,2024-09-27,2024-09-30,2024-10-06
9947,73,3,10,2024-10-04,2024-10-05,2024-10-13
9948,73,4,10,2024-10-11,2024-10-12,2024-10-20
9949,73,11,10,2024-10-14,2024-10-16,2024-10-23
9950,73,3,10,2024-10-27,2024-10-30,2024-11-05
9951,73,4,10,2024-10-29,2024-11-01,2024-11-07
9952,73,4,10,2024-11-04,2024-11-06,2024-11-13
9953,73,3,10,2024-11-11,2024-11-12,2024-11-20
9954,73,4,10,2024-11-21,2024-11-22,2024-11-30
9955,73,11,10,2024-11-28,2024-12-01,2024-12-07
9956,73,3,10,2024-12-06,2024-12-09,2024-12-15
9957,73,3,10,2024-12-09,2024-12-10,2024-12-18
9958,73,4,10,2024-12-16,2024-12-17,2024-12-25
9959,73,4,10,2024-12-27,2024-12-30,2025-01-05
9960,73,3,10,2024-12-31,2025-01-02,2025-01-09
9961,73,11,10,2025-01-09,2025-01-11,2025-01-18
9962,73,11,10,2025-01-13,2025-01-14,2025-01-22
9963,73,3,10,2025-01-26,2025-01-29,2025-02-04
9964,73,11,10,2025-02-01,2025-02-04,2025-02-10
9965,73,11,10,2025-02-09,2025-02-12,2025-02-18
9966,73,4,10,2025-02-13,2025-02-16,2025-02-22
9967,73,3,10,2025-02-23,2025-02-26,2025-03-04
9968,73,11,10,2025-02-28,2025-03-01,2025-03-09
9969,73,11,10,2025-03-08,2025-03-09,2025-03-17
9970,73,4,10,2025-03-15,2025-03-17,2025-03-24
9971,73,3,10,2025-03-20,2025-03-23,2025-03-29
9972,73,4,10,2025-03-28,2025-03-30,2025-04-06
9973,73,3,10,2025-04-05,2025-04-08,2025-04-14
9974,73,3,10,2025-04-12,2025-04-13,2025-04-21
9975,73,4,10,2025-04-19,2025-04-22,2025-04-28
9976,73,11,10,2025-04-27,2025-04-29,2025-05-06
9977,73,3,10,2025-04-28,2025-04-29,2025-05-07
9978,73,3,10,2025-05-07,2025-05-10,2025-05-16
9979,73,3,10,2025-05-12,2025-05-13,2025-05-21
9980,73,11,10,2025-05-25,2025-05-28,2025-06-03
9981,73,4,10,2025-05-29,2025-05-31,2025-06-07
9982,73,11,10,2025-06-06,2025-06-09,2025-06-15
9983,73,11,10,2025-06-11,2025-06-12,2025-06-20
9984,73,3,10,2025-06-22,2025-06-24,2025-07-01
9985,73,4,10,2025-06-27,2025-06-30,2025-07-06
9986,73,11,10,2025-07-02,2025-07-03,2025-07-11
9987,73,3,10,2025-07-10,2025-07-11,2025-07-19
9988,73,3,10,2025-07-15,2025-07-16,2025-07-24
9989,73,11,10,2025-07-26,2025-07-27,2025-08-04
9990,73,4,10,2025-08-01,2025-08-02,2025-08-10
9991,73,3,10,2025-08-09,2025-08-12,2025-08-18
9992,73,4,10,2025-08-11,2025-08-14,2025-08-20
9993,73,3,10,2025-08-20,2025-08-22,2025-08-29
9994,73,11,10,2025-08-30,2025-09-02,2025-09-08
9995,73,3,10,2025-09-02,2025-09-03,2025-09-11
9996,73,4,10,2025-09-08,2025-09-10,2025-09-17
9997,73,3,10,2025-09-20,2025-09-23,2025-09-29
9998,73,4,10,2025-09-26,2025-09-27,2025-10-05
9999,73,4,10,2025-10-03,2025-10-06,2025-10-12
10000,73,4,10,2025-10-10,2025-10-13,2025-10-19
10001,73,11,10,2025-10-18,2025-10-19,2025-10-27
10002,73,11,10,2025-10-26,2025-10-28,2025-11-04
10003,73,4,10,2025-11-01,2025-11-04,2025-11-10
10004,73,11,10,2025-11-05,2025-11-06,2025-11-14
10005,73,3,10,2025-11-11,2025-11-12,2025-11-20
10006,73,11,10,2025-11-18,2025-11-20,2025-11-27
10007,73,3,10,2025-11-27,2025-11-30,2025-12-06
10008,73,4,10,2025-12-06,2025-12-07,2025-12-15
10009,73,4,10,2025-12-11,2025-12-12,2025-12-20
10010,73,4,10,2025-12-19,2025-12-20,2025-12-28
10011,73,4,10,2025-12-22,2025-12-24,2025-12-31
10012,73,4,10,2026-01-03,2026-01-06,2026-01-12
10013,73,11,10,2026-01-07,2026-01-08,2026-01-16
10014,73,11,10,2026-01-13,2026-01-16,2026-01-22
10015,73,3,10,2026-01-23,2026-01-24,2026-02-01
10016,73,4,10,2026-01-26,2026-01-27,2026-02-04
10017,73,3,10,2026-02-05,2026-02-08,2026-02-14
10018,73,3,10,2026-02-09,2026-02-11,2026-02-18
10019,73,4,10,2026-02-22,2026-02-25,2026-03-03
10020,73,11,10,2026-02-25,2026-02-27,2026-03-06
10021,73,4,10,2026-03-08,2026-03-10,2026-03-17
10022,73,3,10,2026-03-10,2026-03-12,2026-03-19
10023,73,11,10,2026-03-16,2026-03-18,2026-03-25
10024,73,4,10,2026-03-25,2026-03-26,2026-04-03
10025,73,4,10,2026-04-03,2026-04-04,2026-04-12
10026,73,4,10,2026-04-08,2026-04-09,2026-04-17
10027,73,3,10,2026-04-16,2026-04-19,2026-04-25
10028,73,11,10,2026-04-20,2026-04-22,2026-04-29
10029,73,4,10,2026-05-01,2026-05-03,2026-05-10
10030,73,11,10,2026-05-10,2026-05-12,2026-05-19
10031,73,4,10,2026-05-11,2026-05-12,2026-05-20
10032,73,3,10,2026-05-23,2026-05-24,2026-06-01
10033,73,3,10,2026-05-28,2026-05-30,2026-06-06
10034,73,4,10,2026-06-06,2026-06-08,2026-06-15
10035,73,11,10,2026-06-12,2026-06-14,2026-06-21
10036,73,3,10,2026-06-18,2026-06-21,2026-06-27
10037,73,3,10,2026-06-28,2026-06-30,2026-07-07
10038,73,4,10,2026-06-30,2026-07-01,2026-07-09
10039,74,1,1,2024-07-08,2024-07-11,2024-07-22
10040,74,11,3,2024-07-14,2024-07-16,2024-07-28
10041,74,1,1,2024-07-24,2024-07-27,2024-08-07
10042,74,11,3,2024-08-01,2024-08-04,2024-08-15
10043,74,1,1,2024-08-16,2024-08-17,2024-08-30
10044,74,13,1,2024-08-27,2024-08-28,2024-09-10
10045,74,11,1,2024-09-08,2024-09-11,2024-09-22
10046,74,13,3,2024-09-13,2024-09-15,2024-09-27
10047,74,1,3,2024-09-24,2024-09-27,2024-10-08
10048,74,11,1,2024-10-03,2024-10-04,2024-10-17
10049,74,13,1,2024-10-14,2024-10-16,2024-10-28
10050,74,11,1,2024-10-23,2024-10-26,2024-11-06
10051,74,1,1,2024-11-01,2024-11-04,2024-11-15
10052,74,13,3,2024-11-14,2024-11-15,2024-11-28
10053,74,13,3,2024-11-20,2024-11-23,2024-12-04
10054,74,13,1,2024-12-06,2024-12-07,2024-12-20
10055,74,11,1,2024-12-16,2024-12-17,2024-12-30
10056,74,13,1,2024-12-18,2024-12-21,2025-01-01
10057,74,13,1,2025-01-03,2025-01-04,2025-01-17
10058,74,1,3,2025-01-15,2025-01-17,2025-01-29
10059,74,11,1,2025-01-22,2025-01-24,2025-02-05
10060,74,11,1,2025-01-31,2025-02-03,2025-02-14
10061,74,13,1,2025-02-10,2025-02-13,2025-02-24
10062,74,11,3,2025-02-19,2025-02-21,2025-03-05
10063,74,1,3,2025-03-06,2025-03-07,2025-03-20
10064,74,13,3,2025-03-08,2025-03-10,2025-03-22
10065,74,1,1,2025-03-23,2025-03-25,2025-04-06
10066,74,11,1,2025-03-30,2025-04-01,2025-04-13
10067,74,1,1,2025-04-13,2025-04-15,2025-04-27
10068,74,1,3,2025-04-23,2025-04-25,2025-05-07
10069,74,11,1,2025-05-03,2025-05-04,2025-05-17
10070,74,13,3,2025-05-15,2025-05-18,2025-05-29
10071,74,1,3,2025-05-18,2025-05-21,2025-06-01
10072,74,1,1,2025-05-28,2025-05-29,2025-06-11
10073,74,11,1,2025-06-10,2025-06-13,2025-06-24
10074,74,13,3,2025-06-20,2025-06-23,2025-07-04
10075,74,1,1,2025-07-03,2025-07-06,2025-07-17
10076,74,11,1,2025-07-09,2025-07-12,2025-07-23
10077,74,1,1,2025-07-16,2025-07-18,2025-07-30
10078,74,13,1,2025-07-27,2025-07-30,2025-08-10
10079,74,1,1,2025-08-07,2025-08-08,2025-08-21
10080,74,1,1,2025-08-22,2025-08-23,2025-09-05
10081,74,11,3,2025-09-01,2025-09-02,2025-09-15
10082,74,1,1,2025-09-07,2025-09-10,2025-09-21
10083,74,13,3,2025-09-19,2025-09-22,2025-10-03
10084,74,11,1,2025-10-03,2025-10-06,2025-10-17
10085,74,11,1,2025-10-05,2025-10-06,2025-10-19
10086,74,11,3,2025-10-20,2025-10-22,2025-11-03
10087,74,13,1,2025-10-31,2025-11-02,2025-11-14
10088,74,1,3,2025-11-11,2025-11-13,2025-11-25
10089,74,1,3,2025-11-22,2025-11-25,2025-12-06
10090,74,11,1,2025-12-01,2025-12-04,2025-12-15
10091,74,11,1,2025-12-06,2025-12-08,2025-12-20
10092,74,11,3,2025-12-22,2025-12-24,2026-01-05
10093,74,1,3,2025-12-31,2026-01-02,2026-01-14
10094,74,11,3,2026-01-06,2026-01-08,2026-01-20
10095,74,11,1,2026-01-15,2026-01-18,2026-01-29
10096,74,1,1,2026-01-29,2026-01-31,2026-02-12
10097,74,13,1,2026-02-02,2026-02-04,2026-02-16
10098,74,1,1,2026-02-15,2026-02-18,2026-03-01
10099,74,13,3,2026-03-02,2026-03-05,2026-03-16
10100,74,1,1,2026-03-09,2026-03-12,2026-03-23
10101,74,11,3,2026-03-17,2026-03-20,2026-03-31
10102,74,13,1,2026-03-23,2026-03-26,2026-04-06
10103,74,13,1,2026-04-11,2026-04-13,2026-04-25
10104,74,11,3,2026-04-18,2026-04-19,2026-05-02
10105,74,11,1,2026-04-27,2026-04-28,2026-05-11
10106,74,13,3,2026-05-06,2026-05-08,2026-05-20
10107,74,13,1,2026-05-15,2026-05-16,2026-05-29
10108,74,1,1,2026-05-31,2026-06-02,2026-06-14
10109,74,11,3,2026-06-01,2026-06-02,2026-06-15
10110,74,13,3,2026-06-18,2026-06-20,2026-07-02
10111,74,11,3,2026-06-21,2026-06-24,2026-07-05
10112,74,11,4,2024-07-09,2024-07-11,2024-07-23
10113,74,1,4,2024-07-15,2024-07-17,2024-07-29
10114,74,11,4,2024-07-24,2024-07-25,2024-08-07
10115,74,1,4,2024-08-03,2024-08-04,2024-08-17
10116,74,11,4,2024-08-16,2024-08-17,2024-08-30
10117,74,1,4,2024-08-26,2024-08-27,2024-09-09
10118,74,11,4,2024-08-31,2024-09-03,2024-09-14
10119,74,11,4,2024-09-10,2024-09-11,2024-09-24
10120,74,13,4,2024-09-25,2024-09-28,2024-10-09
10121,74,13,4,2024-10-05,2024-10-08,2024-10-19
10122,74,1,4,2024-10-11,2024-10-13,2024-10-25
10123,74,1,4,2024-10-25,2024-10-27,2024-11-08
10124,74,13,4,2024-10-29,2024-10-30,2024-11-12
10125,74,1,4,2024-11-10,2024-11-11,2024-11-24
10126,74,1,4,2024-11-21,2024-11-23,2024-12-05
10127,74,13,4,2024-11-29,2024-12-01,2024-12-13
10128,74,1,4,2024-12-15,2024-12-18,2024-12-29
10129,74,11,4,2024-12-20,2024-12-22,2025-01-03
10130,74,11,4,2024-12-30,2025-01-01,2025-01-13
10131,74,1,4,2025-01-09,2025-01-10,2025-01-23
10132,74,1,4,2025-01-18,2025-01-20,2025-02-01
10133,74,11,4,2025-01-29,2025-01-31,2025-02-12
10134,74,1,4,2025-02-06,2025-02-08,2025-02-20
10135,74,13,4,2025-02-20,2025-02-22,2025-03-06
10136,74,11,4,2025-03-03,2025-03-05,2025-03-17
10137,74,1,4,2025-03-08,2025-03-11,2025-03-22
10138,74,1,4,2025-03-24,2025-03-25,2025-04-07
10139,74,11,4,2025-04-03,2025-04-05,2025-04-17
10140,74,11,4,2025-04-08,2025-04-10,2025-04-22
10141,74,1,4,2025-04-20,2025-04-23,2025-05-04
10142,74,11,4,2025-05-04,2025-05-07,2025-05-18
10143,74,13,4,2025-05-09,2025-05-12,2025-05-23
10144,74,11,4,2025-05-21,2025-05-22,2025-06-04
10145,74,1,4,2025-05-30,2025-05-31,2025-06-13
10146,74,11,4,2025-06-09,2025-06-12,2025-06-23
10147,74,13,4,2025-06-19,2025-06-21,2025-07-03
10148,74,1,4,2025-06-28,2025-07-01,2025-07-12
10149,74,13,4,2025-07-09,2025-07-12,2025-07-23
10150,74,11,4,2025-07-21,2025-07-24,2025-08-04
10151,74,11,4,2025-08-04,2025-08-05,2025-08-18
10152,74,1,4,2025-08-11,2025-08-13,2025-08-25
10153,74,1,4,2025-08-15,2025-08-16,2025-08-29
10154,74,11,4,2025-08-25,2025-08-28,2025-09-08
10155,74,1,4,2025-09-10,2025-09-12,2025-09-24
10156,74,13,4,2025-09-18,2025-09-20,2025-10-02
10157,74,11,4,2025-09-25,2025-09-27,2025-10-09
10158,74,13,4,2025-10-13,2025-10-14,2025-10-27
10159,74,11,4,2025-10-19,2025-10-20,2025-11-02
10160,74,13,4,2025-11-02,2025-11-04,2025-11-16
10161,74,1,4,2025-11-05,2025-11-06,2025-11-19
10162,74,1,4,2025-11-16,2025-11-18,2025-11-30
10163,74,1,4,2025-11-24,2025-11-25,2025-12-08
10164,74,13,4,2025-12-03,2025-12-06,2025-12-17
10165,74,13,4,2025-12-14,2025-12-16,2025-12-28
10166,74,13,4,2025-12-27,2025-12-30,2026-01-10
10167,74,11,4,2026-01-10,2026-01-11,2026-01-24
10168,74,13,4,2026-01-14,2026-01-15,2026-01-28
10169,74,1,4,2026-01-25,2026-01-26,2026-02-08
10170,74,1,4,2026-02-05,2026-02-08,2026-02-19
10171,74,11,4,2026-02-20,2026-02-23,2026-03-06
10172,74,1,4,2026-02-28,2026-03-02,2026-03-14
10173,74,1,4,2026-03-09,2026-03-12,2026-03-23
10174,74,13,4,2026-03-15,2026-03-17,2026-03-29
10175,74,11,4,2026-03-28,2026-03-29,2026-04-11
10176,74,11,4,2026-04-05,2026-04-08,2026-04-19
10177,74,11,4,2026-04-17,2026-04-18,2026-05-01
10178,74,13,4,2026-04-27,2026-04-30,2026-05-11
10179,74,1,4,2026-05-05,2026-05-07,2026-05-19
10180,74,13,4,2026-05-20,2026-05-23,2026-06-03
10181,74,1,4,2026-05-22,2026-05-23,2026-06-05
10182,74,13,4,2026-06-06,2026-06-07,2026-06-20
10183,74,1,4,2026-06-11,2026-06-12,2026-06-25
10184,74,1,4,2026-06-27,2026-06-28,2026-07-11
10185,74,1,5,2024-07-08,2024-07-09,2024-07-22
10186,74,11,5,2024-07-19,2024-07-21,2024-08-02
10187,74,11,5,2024-07-24,2024-07-27,2024-08-07
10188,74,11,5,2024-08-08,2024-08-09,2024-08-22
10189,74,13,5,2024-08-19,2024-08-21,2024-09-02
10190,74,13,5,2024-08-22,2024-08-25,2024-09-05
10191,74,13,5,2024-09-01,2024-09-03,2024-09-15
10192,74,1,5,2024-09-12,2024-09-13,2024-09-26
10193,74,11,5,2024-09-20,2024-09-21,2024-10-04
10194,74,13,5,2024-10-03,2024-10-06,2024-10-17
10195,74,1,5,2024-10-10,2024-10-13,2024-10-24
10196,74,11,5,2024-10-26,2024-10-27,2024-11-09
10197,74,11,5,2024-11-04,2024-11-06,2024-11-18
10198,74,1,5,2024-11-09,2024-11-12,2024-11-23
10199,74,13,5,2024-11-18,2024-11-21,2024-12-02
10200,74,13,5,2024-11-30,2024-12-03,2024-12-14
10201,74,11,5,2024-12-15,2024-12-17,2024-12-29
10202,74,11,5,2024-12-27,2024-12-28,2025-01-10
10203,74,13,5,2025-01-05,2025-01-08,2025-01-19
10204,74,11,5,2025-01-15,2025-01-16,2025-01-29
10205,74,11,5,2025-01-19,2025-01-21,2025-02-02
10206,74,1,5,2025-02-04,2025-02-06,2025-02-18
10207,74,13,5,2025-02-08,2025-02-09,2025-02-22
10208,74,11,5,2025-02-21,2025-02-22,2025-03-07
10209,74,1,5,2025-03-07,2025-03-09,2025-03-21
10210,74,11,5,2025-03-16,2025-03-19,2025-03-30
10211,74,13,5,2025-03-23,2025-03-25,2025-04-06
10212,74,11,5,2025-04-05,2025-04-07,2025-04-19
10213,74,1,5,2025-04-12,2025-04-15,2025-04-26
10214,74,11,5,2025-04-23,2025-04-25,2025-05-07
10215,74,11,5,2025-05-06,2025-05-08,2025-05-20
10216,74,11,5,2025-05-11,2025-05-14,2025-05-25
10217,74,11,5,2025-05-24,2025-05-26,2025-06-07
10218,74,1,5,2025-05-30,2025-05-31,2025-06-13
10219,74,13,5,2025-06-11,2025-06-12,2025-06-25
10220,74,1,5,2025-06-16,2025-06-19,2025-06-30
10221,74,1,5,2025-06-30,2025-07-03,2025-07-14
10222,74,13,5,2025-07-12,2025-07-14,2025-07-26
10223,74,1,5,2025-07-16,2025-07-19,2025-07-30
10224,74,11,5,2025-08-03,2025-08-04,2025-08-17
10225,74,11,5,2025-08-10,2025-08-11,2025-08-24
10226,74,13,5,2025-08-17,2025-08-20,2025-08-31
10227,74,11,5,2025-08-31,2025-09-01,2025-09-14
10228,74,11,5,2025-09-13,2025-09-14,2025-09-27
10229,74,11,5,2025-09-16,2025-09-18,2025-09-30
10230,74,13,5,2025-09-27,2025-09-28,2025-10-11
10231,74,1,5,2025-10-11,2025-10-13,2025-10-25
10232,74,13,5,2025-10-22,2025-10-23,2025-11-05
10233,74,11,5,2025-11-02,2025-11-04,2025-11-16
10234,74,1,5,2025-11-06,2025-11-09,2025-11-20
10235,74,11,5,2025-11-16,2025-11-17,2025-11-30
10236,74,1,5,2025-11-30,2025-12-02,2025-12-14
10237,74,1,5,2025-12-05,2025-12-07,2025-12-19
10238,74,1,5,2025-12-22,2025-12-23,2026-01-05
10239,74,1,5,2025-12-28,2025-12-31,2026-01-11
10240,74,11,5,2026-01-10,2026-01-11,2026-01-24
10241,74,13,5,2026-01-17,2026-01-19,2026-01-31
10242,74,11,5,2026-01-30,2026-01-31,2026-02-13
10243,74,13,5,2026-02-06,2026-02-08,2026-02-20
10244,74,13,5,2026-02-14,2026-02-17,2026-02-28
10245,74,13,5,2026-02-21,2026-02-24,2026-03-07
10246,74,13,5,2026-03-09,2026-03-11,2026-03-23
10247,74,11,5,2026-03-18,2026-03-21,2026-04-01
10248,74,1,5,2026-03-30,2026-03-31,2026-04-13
10249,74,11,5,2026-04-07,2026-04-10,2026-04-21
10250,74,1,5,2026-04-20,2026-04-23,2026-05-04
10251,74,11,5,2026-04-23,2026-04-26,2026-05-07
10252,74,11,5,2026-05-06,2026-05-08,2026-05-20
10253,74,11,5,2026-05-21,2026-05-23,2026-06-04
10254,74,11,5,2026-05-26,2026-05-29,2026-06-09
10255,74,1,5,2026-06-08,2026-06-11,2026-06-22
10256,74,13,5,2026-06-17,2026-06-18,2026-07-01
10257,74,11,5,2026-06-26,2026-06-28,2026-07-10
10258,74,13,9,2024-07-01,2024-07-03,2024-07-15
10259,74,1,9,2024-07-20,2024-07-22,2024-08-03
10260,74,11,9,2024-07-26,2024-07-27,2024-08-09
10261,74,11,9,2024-08-07,2024-08-08,2024-08-21
10262,74,13,9,2024-08-10,2024-08-11,2024-08-24
10263,74,11,9,2024-08-23,2024-08-26,2024-09-06
10264,74,11,7,2024-09-02,2024-09-05,2024-09-16
10265,74,11,7,2024-09-14,2024-09-16,2024-09-28
10266,74,1,7,2024-09-21,2024-09-22,2024-10-05
10267,74,11,7,2024-10-08,2024-10-11,2024-10-22
10268,74,1,9,2024-10-11,2024-10-13,2024-10-25
10269,74,11,7,2024-10-26,2024-10-27,2024-11-09
10270,74,11,7,2024-11-06,2024-11-08,2024-11-20
10271,74,13,7,2024-11-15,2024-11-17,2024-11-29
10272,74,1,7,2024-11-26,2024-11-29,2024-12-10
10273,74,13,7,2024-12-05,2024-12-06,2024-12-19
10274,74,11,9,2024-12-09,2024-12-11,2024-12-23
10275,74,13,9,2024-12-27,2024-12-28,2025-01-10
10276,74,13,7,2025-01-05,2025-01-06,2025-01-19
10277,74,13,7,2025-01-16,2025-01-18,2025-01-30
10278,74,11,7,2025-01-22,2025-01-25,2025-02-05
10279,74,13,9,2025-01-30,2025-02-02,2025-02-13
10280,74,1,7,2025-02-09,2025-02-12,2025-02-23
10281,74,1,7,2025-02-21,2025-02-22,2025-03-07
10282,74,13,7,2025-03-01,2025-03-03,2025-03-15
10283,74,1,7,2025-03-16,2025-03-17,2025-03-30
10284,74,13,9,2025-03-26,2025-03-29,2025-04-09
10285,74,1,9,2025-04-02,2025-04-04,2025-04-16
10286,74,1,7,2025-04-08,2025-04-11,2025-04-22
10287,74,1,9,2025-04-22,2025-04-23,2025-05-06
10288,74,1,7,2025-05-05,2025-05-07,2025-05-19
10289,74,13,7,2025-05-16,2025-05-19,2025-05-30
10290,74,1,9,2025-05-24,2025-05-27,2025-06-07
10291,74,11,7,2025-05-31,2025-06-01,2025-06-14
10292,74,13,7,2025-06-14,2025-06-17,2025-06-28
10293,74,1,9,2025-06-17,2025-06-19,2025-07-01
10294,74,11,9,2025-06-28,2025-07-01,2025-07-12
10295,74,11,7,2025-07-12,2025-07-14,2025-07-26
10296,74,11,9,2025-07-16,2025-07-17,2025-07-30
10297,74,11,7,2025-07-30,2025-07-31,2025-08-13
10298,74,13,7,2025-08-11,2025-08-13,2025-08-25
10299,74,1,7,2025-08-19,2025-08-22,2025-09-02
10300,74,11,7,2025-08-31,2025-09-03,2025-09-14
10301,74,13,7,2025-09-07,2025-09-08,2025-09-21
10302,74,11,7,2025-09-18,2025-09-19,2025-10-02
10303,74,1,9,2025-09-24,2025-09-25,2025-10-08
10304,74,11,7,2025-10-09,2025-10-11,2025-10-23
10305,74,1,9,2025-10-16,2025-10-18,2025-10-30
10306,74,13,7,2025-10-28,2025-10-30,2025-11-11
10307,74,1,7,2025-11-11,2025-11-14,2025-11-25
10308,74,13,9,2025-11-20,2025-11-23,2025-12-04
10309,74,11,7,2025-11-29,2025-12-02,2025-12-13
10310,74,1,9,2025-12-10,2025-12-12,2025-12-24
10311,74,11,7,2025-12-15,2025-12-16,2025-12-29
10312,74,1,7,2025-12-31,2026-01-02,2026-01-14
10313,74,1,7,2026-01-02,2026-01-04,2026-01-16
10314,74,13,7,2026-01-13,2026-01-14,2026-01-27
10315,74,11,9,2026-01-27,2026-01-28,2026-02-10
10316,74,11,9,2026-02-10,2026-02-12,2026-02-24
10317,74,1,7,2026-02-11,2026-02-13,2026-02-25
10318,74,1,7,2026-02-26,2026-02-27,2026-03-12
10319,74,13,7,2026-03-10,2026-03-13,2026-03-24
10320,74,11,9,2026-03-21,2026-03-23,2026-04-04
10321,74,11,7,2026-04-01,2026-04-02,2026-04-15
10322,74,1,7,2026-04-08,2026-04-09,2026-04-22
10323,74,1,9,2026-04-14,2026-04-17,2026-04-28
10324,74,1,9,2026-04-28,2026-05-01,2026-05-12
10325,74,11,7,2026-05-06,2026-05-07,2026-05-20
10326,74,11,7,2026-05-20,2026-05-23,2026-06-03
10327,74,13,7,2026-05-30,2026-06-01,2026-06-13
10328,74,1,9,2026-06-10,2026-06-13,2026-06-24
10329,74,11,9,2026-06-18,2026-06-20,2026-07-02
10330,74,1,7,2026-06-21,2026-06-22,2026-07-05
10331,74,13,10,2024-07-06,2024-07-08,2024-07-20
10332,74,11,10,2024-07-18,2024-07-21,2024-08-01
10333,74,11,10,2024-07-30,2024-08-02,2024-08-13
10334,74,1,10,2024-08-07,2024-08-08,2024-08-21
10335,74,11,10,2024-08-13,2024-08-15,2024-08-27
10336,74,1,10,2024-08-26,2024-08-29,2024-09-09
10337,74,13,10,2024-09-04,2024-09-06,2024-09-18
10338,74,11,10,2024-09-12,2024-09-15,2024-09-26
10339,74,13,10,2024-09-22,2024-09-24,2024-10-06
10340,74,1,10,2024-10-07,2024-10-09,2024-10-21
10341,74,1,10,2024-10-16,2024-10-17,2024-10-30
10342,74,13,10,2024-10-21,2024-10-22,2024-11-04
10343,74,13,10,2024-11-05,2024-11-06,2024-11-19
10344,74,13,10,2024-11-14,2024-11-15,2024-11-28
10345,74,13,10,2024-11-23,2024-11-25,2024-12-07
10346,74,13,10,2024-12-06,2024-12-09,2024-12-20
10347,74,11,10,2024-12-15,2024-12-17,2024-12-29
10348,74,1,10,2024-12-23,2024-12-26,2025-01-06
10349,74,13,10,2025-01-05,2025-01-08,2025-01-19
10350,74,1,10,2025-01-16,2025-01-18,2025-01-30
10351,74,13,10,2025-01-17,2025-01-19,2025-01-31
10352,74,13,10,2025-01-30,2025-02-01,2025-02-13
10353,74,13,10,2025-02-13,2025-02-14,2025-02-27
10354,74,13,10,2025-02-21,2025-02-24,2025-03-07
10355,74,11,10,2025-03-05,2025-03-08,2025-03-19
10356,74,13,10,2025-03-17,2025-03-20,2025-03-31
10357,74,13,10,2025-03-23,2025-03-26,2025-04-06
10358,74,1,10,2025-04-03,2025-04-05,2025-04-17
10359,74,13,10,2025-04-07,2025-04-10,2025-04-21
10360,74,13,10,2025-04-24,2025-04-25,2025-05-08
10361,74,13,10,2025-05-06,2025-05-07,2025-05-20
10362,74,13,10,2025-05-07,2025-05-10,2025-05-21
10363,74,13,10,2025-05-26,2025-05-27,2025-06-09
10364,74,11,10,2025-05-30,2025-06-01,2025-06-13
10365,74,1,10,2025-06-09,2025-06-11,2025-06-23
10366,74,11,10,2025-06-22,2025-06-23,2025-07-06
10367,74,11,10,2025-06-30,2025-07-01,2025-07-14
10368,74,13,10,2025-07-06,2025-07-09,2025-07-20
10369,74,11,10,2025-07-19,2025-07-21,2025-08-02
10370,74,11,10,2025-07-30,2025-07-31,2025-08-13
10371,74,11,10,2025-08-09,2025-08-11,2025-08-23
10372,74,11,10,2025-08-22,2025-08-23,2025-09-05
10373,74,13,10,2025-08-31,2025-09-02,2025-09-14
10374,74,11,10,2025-09-07,2025-09-09,2025-09-21
10375,74,11,10,2025-09-15,2025-09-17,2025-09-29
10376,74,13,10,2025-09-27,2025-09-30,2025-10-11
10377,74,1,10,2025-10-11,2025-10-13,2025-10-25
10378,74,1,10,2025-10-17,2025-10-19,2025-10-31
10379,74,1,10,2025-11-02,2025-11-05,2025-11-16
10380,74,13,10,2025-11-03,2025-11-04,2025-11-17
10381,74,11,10,2025-11-13,2025-11-15,2025-11-27
10382,74,1,10,2025-11-23,2025-11-24,2025-12-07
10383,74,11,10,2025-12-10,2025-12-12,2025-12-24
10384,74,1,10,2025-12-16,2025-12-18,2025-12-30
10385,74,13,10,2025-12-24,2025-12-27,2026-01-07
10386,74,11,10,2026-01-06,2026-01-07,2026-01-20
10387,74,1,10,2026-01-16,2026-01-17,2026-01-30
10388,74,1,10,2026-01-23,2026-01-26,2026-02-06
10389,74,11,10,2026-02-03,2026-02-04,2026-02-17
10390,74,13,10,2026-02-12,2026-02-13,2026-02-26
10391,74,1,10,2026-02-23,2026-02-25,2026-03-09
10392,74,13,10,2026-03-08,2026-03-09,2026-03-22
10393,74,11,10,2026-03-20,2026-03-22,2026-04-03
10394,74,13,10,2026-03-24,2026-03-26,2026-04-07
10395,74,1,10,2026-04-08,2026-04-10,2026-04-22
10396,74,13,10,2026-04-21,2026-04-23,2026-05-05
10397,74,13,10,2026-04-26,2026-04-29,2026-05-10
10398,74,13,10,2026-05-10,2026-05-12,2026-05-24
10399,74,13,10,2026-05-14,2026-05-15,2026-05-28
10400,74,13,10,2026-05-22,2026-05-24,2026-06-05
10401,74,11,10,2026-06-04,2026-06-06,2026-06-18
10402,74,13,10,2026-06-17,2026-06-19,2026-07-01
10403,74,13,10,2026-06-27,2026-06-29,2026-07-11
10404,75,24,1,2024-08-25,2024-08-27,2024-11-28
10405,75,6,3,2024-09-08,2024-09-11,2024-12-12
10406,75,24,1,2024-12-22,2024-12-23,2025-03-27
10407,75,24,3,2025-02-25,2025-02-26,2025-05-31
10408,75,23,1,2025-04-26,2025-04-28,2025-07-30
10409,75,24,3,2025-05-16,2025-05-17,2025-08-19
10410,75,23,3,2025-07-16,2025-07-19,2025-10-19
10411,75,6,1,2025-10-17,2025-10-18,2026-01-20
10412,75,24,1,2025-11-08,2025-11-10,2026-02-11
10413,75,23,1,2026-01-22,2026-01-24,2026-04-27
10414,75,6,3,2026-03-03,2026-03-05,2026-06-06
10415,75,23,3,2026-04-27,2026-04-29,2026-07-31
10416,75,6,4,2024-08-05,2024-08-06,2024-11-08
10417,75,23,4,2024-10-09,2024-10-12,2025-01-12
10418,75,6,4,2024-11-09,2024-11-12,2025-02-12
10419,75,24,4,2024-12-30,2024-12-31,2025-04-04
10420,75,6,4,2025-04-07,2025-04-09,2025-07-11
10421,75,23,4,2025-05-30,2025-05-31,2025-09-02
10422,75,23,4,2025-07-28,2025-07-31,2025-10-31
10423,75,6,4,2025-09-05,2025-09-06,2025-12-09
10424,75,23,4,2025-11-18,2025-11-19,2026-02-21
10425,75,6,4,2026-01-18,2026-01-20,2026-04-23
10426,75,23,4,2026-03-30,2026-04-01,2026-07-03
10427,75,6,4,2026-04-22,2026-04-24,2026-07-26
10428,75,24,5,2024-07-16,2024-07-17,2024-10-19
10429,75,6,5,2024-08-31,2024-09-02,2024-12-04
10430,75,6,5,2024-12-10,2024-12-11,2025-03-15
10431,75,6,5,2025-02-08,2025-02-09,2025-05-14
10432,75,23,5,2025-03-04,2025-03-05,2025-06-07
10433,75,24,5,2025-06-22,2025-06-25,2025-09-25
10434,75,24,5,2025-07-25,2025-07-27,2025-10-28
10435,75,23,5,2025-08-26,2025-08-27,2025-11-29
10436,75,24,5,2025-12-11,2025-12-13,2026-03-16
10437,75,24,5,2025-12-25,2025-12-26,2026-03-30
10438,75,24,5,2026-04-12,2026-04-14,2026-07-16
10439,75,24,5,2026-05-23,2026-05-24,2026-08-26
10440,75,6,5,2026-06-24,2026-06-27,2026-09-27
10441,75,23,7,2024-07-01,2024-07-02,2024-10-04
10442,75,6,9,2024-09-25,2024-09-27,2024-12-29
10443,75,23,7,2024-11-24,2024-11-25,2025-02-27
10444,75,24,7,2025-02-10,2025-02-12,2025-05-16
10445,75,24,7,2025-03-05,2025-03-07,2025-06-08
10446,75,24,9,2025-05-09,2025-05-12,2025-08-12
10447,75,24,7,2025-07-22,2025-07-25,2025-10-25
10448,75,6,7,2025-10-09,2025-10-11,2026-01-12
10449,75,23,9,2025-11-23,2025-11-25,2026-02-26
10450,75,24,9,2026-01-11,2026-01-13,2026-04-16
10451,75,23,7,2026-04-11,2026-04-12,2026-07-15
10452,75,6,9,2026-05-19,2026-05-21,2026-08-22
10453,75,23,10,2024-07-30,2024-08-02,2024-11-02
10454,75,23,10,2024-09-16,2024-09-19,2024-12-20
10455,75,24,10,2024-12-24,2024-12-25,2025-03-29
10456,75,6,10,2025-02-24,2025-02-25,2025-05-30
10457,75,6,10,2025-02-26,2025-03-01,2025-06-01
10458,75,6,10,2025-05-22,2025-05-23,2025-08-25
10459,75,24,10,2025-07-22,2025-07-23,2025-10-25
10460,75,24,10,2025-10-21,2025-10-23,2026-01-24
10461,75,23,10,2025-12-09,2025-12-11,2026-03-14
10462,75,6,10,2026-02-11,2026-02-13,2026-05-17
10463,75,23,10,2026-03-28,2026-03-30,2026-07-01
10464,75,23,10,2026-06-16,2026-06-17,2026-09-19
10465,76,17,1,2024-09-21,2024-09-22,2026-12-07
10466,76,17,1,2025-01-28,2025-01-29,2027-04-15
10467,76,3,1,2025-05-19,2025-05-20,2027-08-04
10468,76,17,6,2025-09-07,2025-09-09,2027-11-23
10469,76,3,6,2026-01-31,2026-02-01,2028-04-17
10470,76,17,1,2026-05-28,2026-05-29,2028-08-12
10471,77,14,4,2024-09-21,2024-09-22,2026-01-19
10472,77,10,7,2024-12-29,2025-01-01,2026-04-28
10473,77,14,4,2025-04-26,2025-04-28,2026-08-24
10474,77,10,4,2025-10-12,2025-10-15,2027-02-09
10475,77,14,10,2025-12-08,2025-12-09,2027-04-07
10476,77,14,10,2026-03-28,2026-03-30,2027-07-26
10477,77,14,10,2026-06-23,2026-06-26,2027-10-21
10478,78,23,3,2024-07-03,2024-07-04,2024-07-08
10479,78,23,1,2024-07-12,2024-07-14,2024-07-17
10480,78,24,1,2024-07-16,2024-07-18,2024-07-21
10481,78,23,1,2024-07-24,2024-07-27,2024-07-29
10482,78,23,3,2024-08-03,2024-08-04,2024-08-08
10483,78,24,1,2024-08-07,2024-08-10,2024-08-12
10484,78,24,3,2024-08-16,2024-08-19,2024-08-21
10485,78,23,3,2024-08-19,2024-08-20,2024-08-24
10486,78,23,1,2024-08-30,2024-09-02,2024-09-04
10487,78,24,1,2024-09-06,2024-09-07,2024-09-11
10488,78,23,1,2024-09-09,2024-09-11,2024-09-14
10489,78,23,1,2024-09-16,2024-09-17,2024-09-21
10490,78,23,3,2024-09-29,2024-10-02,2024-10-04
10491,78,23,3,2024-10-06,2024-10-07,2024-10-11
10492,78,23,1,2024-10-12,2024-10-15,2024-10-17
10493,78,24,1,2024-10-19,2024-10-22,2024-10-24
10494,78,23,3,2024-10-26,2024-10-28,2024-10-31
10495,78,24,1,2024-11-01,2024-11-03,2024-11-06
10496,78,24,1,2024-11-07,2024-11-08,2024-11-12
10497,78,24,3,2024-11-16,2024-11-18,2024-11-21
10498,78,23,1,2024-11-19,2024-11-20,2024-11-24
10499,78,23,1,2024-11-28,2024-12-01,2024-12-03
10500,78,23,1,2024-12-02,2024-12-04,2024-12-07
10501,78,23,1,2024-12-09,2024-12-11,2024-12-14
10502,78,24,3,2024-12-19,2024-12-22,2024-12-24
10503,78,23,3,2024-12-25,2024-12-28,2024-12-30
10504,78,23,1,2025-01-05,2025-01-06,2025-01-10
10505,78,24,1,2025-01-06,2025-01-07,2025-01-11
10506,78,23,3,2025-01-16,2025-01-17,2025-01-21
10507,78,24,3,2025-01-24,2025-01-26,2025-01-29
10508,78,23,1,2025-01-28,2025-01-30,2025-02-02
10509,78,23,1,2025-02-05,2025-02-07,2025-02-10
10510,78,23,3,2025-02-11,2025-02-14,2025-02-16
10511,78,23,3,2025-02-20,2025-02-22,2025-02-25
10512,78,23,3,2025-02-28,2025-03-03,2025-03-05
10513,78,24,3,2025-03-09,2025-03-10,2025-03-14
10514,78,23,3,2025-03-15,2025-03-18,2025-03-20
10515,78,23,3,2025-03-18,2025-03-21,2025-03-23
10516,78,24,3,2025-03-25,2025-03-27,2025-03-30
10517,78,23,3,2025-03-31,2025-04-02,2025-04-05
10518,78,23,1,2025-04-07,2025-04-09,2025-04-12
10519,78,23,1,2025-04-20,2025-04-22,2025-04-25
10520,78,24,3,2025-04-23,2025-04-24,2025-04-28
10521,78,23,1,2025-05-01,2025-05-02,2025-05-06
10522,78,23,1,2025-05-08,2025-05-09,2025-05-13
10523,78,24,1,2025-05-12,2025-05-15,2025-05-17
10524,78,23,1,2025-05-19,2025-05-21,2025-05-24
10525,78,23,1,2025-06-01,2025-06-02,2025-06-06
10526,78,24,3,2025-06-07,2025-06-08,2025-06-12
10527,78,24,3,2025-06-09,2025-06-11,2025-06-14
10528,78,23,3,2025-06-21,2025-06-24,2025-06-26
10529,78,24,3,2025-06-23,2025-06-26,2025-06-28
10530,78,24,1,2025-06-30,2025-07-01,2025-07-05
10531,78,23,3,2025-07-12,2025-07-15,2025-07-17
10532,78,23,3,2025-07-16,2025-07-19,2025-07-21
10533,78,24,1,2025-07-24,2025-07-26,2025-07-29
10534,78,24,3,2025-08-01,2025-08-03,2025-08-06
10535,78,24,1,2025-08-07,2025-08-08,2025-08-12
10536,78,24,1,2025-08-15,2025-08-18,2025-08-20
10537,78,24,1,2025-08-21,2025-08-23,2025-08-26
10538,78,24,1,2025-08-29,2025-08-30,2025-09-03
10539,78,24,1,2025-09-06,2025-09-07,2025-09-11
10540,78,23,3,2025-09-11,2025-09-12,2025-09-16
10541,78,24,1,2025-09-17,2025-09-19,2025-09-22
10542,78,23,1,2025-09-25,2025-09-26,2025-09-30
10543,78,23,3,2025-10-03,2025-10-06,2025-10-08
10544,78,23,1,2025-10-06,2025-10-08,2025-10-11
10545,78,23,1,2025-10-17,2025-10-19,2025-10-22
10546,78,23,1,2025-10-26,2025-10-28,2025-10-31
10547,78,24,3,2025-10-30,2025-10-31,2025-11-04
10548,78,24,1,2025-11-05,2025-11-07,2025-11-10
10549,78,24,1,2025-11-11,2025-11-13,2025-11-16
10550,78,24,3,2025-11-18,2025-11-19,2025-11-23
10551,78,24,3,2025-11-28,2025-11-29,2025-12-03
10552,78,23,3,2025-12-06,2025-12-07,2025-12-11
10553,78,23,1,2025-12-10,2025-12-13,2025-12-15
10554,78,24,3,2025-12-15,2025-12-18,2025-12-20
10555,78,24,3,2025-12-22,2025-12-24,2025-12-27
10556,78,24,1,2025-12-31,2026-01-01,2026-01-05
10557,78,23,3,2026-01-09,2026-01-10,2026-01-14
10558,78,23,3,2026-01-18,2026-01-20,2026-01-23
10559,78,23,1,2026-01-20,2026-01-21,2026-01-25
10560,78,24,1,2026-01-29,2026-01-31,2026-02-03
10561,78,23,3,2026-02-05,2026-02-06,2026-02-10
10562,78,23,1,2026-02-11,2026-02-14,2026-02-16
10563,78,24,3,2026-02-18,2026-02-20,2026-02-23
10564,78,24,3,2026-02-25,2026-02-27,2026-03-02
10565,78,24,3,2026-03-08,2026-03-10,2026-03-13
10566,78,24,3,2026-03-09,2026-03-11,2026-03-14
10567,78,24,3,2026-03-21,2026-03-23,2026-03-26
10568,78,24,3,2026-03-24,2026-03-25,2026-03-29
10569,78,24,3,2026-03-30,2026-03-31,2026-04-04
10570,78,23,1,2026-04-10,2026-04-13,2026-04-15
10571,78,24,3,2026-04-14,2026-04-15,2026-04-19
10572,78,24,3,2026-04-23,2026-04-26,2026-04-28
10573,78,23,1,2026-05-01,2026-05-03,2026-05-06
10574,78,23,1,2026-05-09,2026-05-12,2026-05-14
10575,78,24,1,2026-05-17,2026-05-20,2026-05-22
10576,78,23,1,2026-05-21,2026-05-24,2026-05-26
10577,78,23,1,2026-05-27,2026-05-29,2026-06-01
10578,78,24,3,2026-06-05,2026-06-07,2026-06-10
10579,78,24,1,2026-06-12,2026-06-13,2026-06-17
10580,78,23,3,2026-06-21,2026-06-23,2026-06-26
10581,78,24,1,2026-06-28,2026-07-01,2026-07-03
10582,78,23,4,2024-07-01,2024-07-03,2024-07-06
10583,78,23,4,2024-07-11,2024-07-13,2024-07-16
10584,78,24,4,2024-07-20,2024-07-21,2024-07-25
10585,78,24,4,2024-07-27,2024-07-28,2024-08-01
10586,78,24,4,2024-08-02,2024-08-05,2024-08-07
10587,78,23,4,2024-08-06,2024-08-08,2024-08-11
10588,78,24,4,2024-08-13,2024-08-16,2024-08-18
10589,78,23,4,2024-08-23,2024-08-25,2024-08-28
10590,78,23,4,2024-08-31,2024-09-01,2024-09-05
10591,78,23,4,2024-09-03,2024-09-04,2024-09-08
10592,78,24,4,2024-09-13,2024-09-15,2024-09-18
10593,78,23,4,2024-09-17,2024-09-19,2024-09-22
10594,78,23,4,2024-09-29,2024-10-01,2024-10-04
10595,78,23,4,2024-10-01,2024-10-04,2024-10-06
10596,78,24,4,2024-10-07,2024-10-10,2024-10-12
10597,78,23,4,2024-10-19,2024-10-21,2024-10-24
10598,78,24,4,2024-10-24,2024-10-27,2024-10-29
10599,78,23,4,2024-11-01,2024-11-03,2024-11-06
10600,78,24,4,2024-11-09,2024-11-12,2024-11-14
10601,78,24,4,2024-11-12,2024-11-15,2024-11-17
10602,78,24,4,2024-11-21,2024-11-23,2024-11-26
10603,78,24,4,2024-12-01,2024-12-02,2024-12-06
10604,78,24,4,2024-12-07,2024-12-08,2024-12-12
10605,78,23,4,2024-12-13,2024-12-15,2024-12-18
10606,78,24,4,2024-12-20,2024-12-22,2024-12-25
10607,78,23,4,2024-12-28,2024-12-31,2025-01-02
10608,78,24,4,2025-01-05,2025-01-08,2025-01-10
10609,78,23,4,2025-01-07,2025-01-09,2025-01-12
10610,78,23,4,2025-01-18,2025-01-20,2025-01-23
10611,78,24,4,2025-01-22,2025-01-24,2025-01-27
10612,78,24,4,2025-02-02,2025-02-04,2025-02-07
10613,78,24,4,2025-02-08,2025-02-10,2025-02-13
10614,78,24,4,2025-02-14,2025-02-15,2025-02-19
10615,78,24,4,2025-02-22,2025-02-24,2025-02-27
10616,78,24,4,2025-03-02,2025-03-03,2025-03-07
10617,78,24,4,2025-03-07,2025-03-10,2025-03-12
10618,78,24,4,2025-03-16,2025-03-18,2025-03-21
10619,78,23,4,2025-03-23,2025-03-26,2025-03-28
10620,78,23,4,2025-03-29,2025-03-31,2025-04-03
10621,78,24,4,2025-03-31,2025-04-03,2025-04-05
10622,78,23,4,2025-04-13,2025-04-16,2025-04-18
10623,78,24,4,2025-04-17,2025-04-19,2025-04-22
10624,78,23,4,2025-04-25,2025-04-27,2025-04-30
10625,78,24,4,2025-05-01,2025-05-04,2025-05-06
10626,78,24,4,2025-05-10,2025-05-12,2025-05-15
10627,78,24,4,2025-05-13,2025-05-16,2025-05-18
10628,78,23,4,2025-05-20,2025-05-23,2025-05-25
10629,78,24,4,2025-05-29,2025-06-01,2025-06-03
10630,78,24,4,2025-06-05,2025-06-07,2025-06-10
10631,78,24,4,2025-06-13,2025-06-15,2025-06-18
10632,78,24,4,2025-06-21,2025-06-22,2025-06-26
10633,78,23,4,2025-06-26,2025-06-27,2025-07-01
10634,78,24,4,2025-06-30,2025-07-02,2025-07-05
10635,78,23,4,2025-07-11,2025-07-13,2025-07-16
10636,78,23,4,2025-07-18,2025-07-19,2025-07-23
10637,78,24,4,2025-07-21,2025-07-23,2025-07-26
10638,78,24,4,2025-07-31,2025-08-02,2025-08-05
10639,78,24,4,2025-08-05,2025-08-06,2025-08-10
10640,78,23,4,2025-08-16,2025-08-17,2025-08-21
10641,78,24,4,2025-08-21,2025-08-24,2025-08-26
10642,78,24,4,2025-08-26,2025-08-27,2025-08-31
10643,78,24,4,2025-09-01,2025-09-03,2025-09-06
10644,78,24,4,2025-09-14,2025-09-17,2025-09-19
10645,78,23,4,2025-09-15,2025-09-17,2025-09-20
10646,78,23,4,2025-09-26,2025-09-29,2025-10-01
10647,78,24,4,2025-09-29,2025-10-02,2025-10-04
10648,78,23,4,2025-10-06,2025-10-07,2025-10-11
10649,78,23,4,2025-10-14,2025-10-15,2025-10-19
10650,78,23,4,2025-10-20,2025-10-21,2025-10-25
10651,78,23,4,2025-11-02,2025-11-04,2025-11-07
10652,78,23,4,2025-11-08,2025-11-11,2025-11-13
10653,78,23,4,2025-11-14,2025-11-17,2025-11-19
10654,78,24,4,2025-11-22,2025-11-23,2025-11-27
10655,78,23,4,2025-11-24,2025-11-25,2025-11-29
10656,78,23,4,2025-12-05,2025-12-08,2025-12-10
10657,78,24,4,2025-12-08,2025-12-11,2025-12-13
10658,78,23,4,2025-12-21,2025-12-24,2025-12-26
10659,78,23,4,2025-12-23,2025-12-24,2025-12-28
10660,78,24,4,2026-01-02,2026-01-03,2026-01-07
10661,78,24,4,2026-01-09,2026-01-12,2026-01-14
10662,78,24,4,2026-01-17,2026-01-18,2026-01-22
10663,78,23,4,2026-01-25,2026-01-28,2026-01-30
10664,78,23,4,2026-01-30,2026-02-01,2026-02-04
10665,78,24,4,2026-02-05,2026-02-07,2026-02-10
10666,78,23,4,2026-02-12,2026-02-13,2026-02-17
10667,78,24,4,2026-02-18,2026-02-21,2026-02-23
10668,78,23,4,2026-02-27,2026-03-02,2026-03-04
10669,78,23,4,2026-03-04,2026-03-07,2026-03-09
10670,78,23,4,2026-03-11,2026-03-12,2026-03-16
10671,78,24,4,2026-03-20,2026-03-23,2026-03-25
10672,78,24,4,2026-03-24,2026-03-26,2026-03-29
10673,78,24,4,2026-04-05,2026-04-07,2026-04-10
10674,78,23,4,2026-04-12,2026-04-15,2026-04-17
10675,78,23,4,2026-04-17,2026-04-19,2026-04-22
10676,78,23,4,2026-04-24,2026-04-27,2026-04-29
10677,78,23,4,2026-05-01,2026-05-02,2026-05-06
10678,78,23,4,2026-05-07,2026-05-08,2026-05-12
10679,78,24,4,2026-05-16,2026-05-18,2026-05-21
10680,78,23,4,2026-05-18,2026-05-21,2026-05-23
10681,78,23,4,2026-05-30,2026-06-02,2026-06-04
10682,78,24,4,2026-06-02,2026-06-03,2026-06-07
10683,78,24,4,2026-06-08,2026-06-10,2026-06-13
10684,78,23,4,2026-06-19,2026-06-21,2026-06-24
10685,78,23,4,2026-06-22,2026-06-24,2026-06-27
10686,78,23,5,2024-07-05,2024-07-08,2024-07-10
10687,78,23,5,2024-07-08,2024-07-09,2024-07-13
10688,78,23,5,2024-07-21,2024-07-22,2024-07-26
10689,78,24,5,2024-07-25,2024-07-27,2024-07-30
10690,78,24,5,2024-08-03,2024-08-04,2024-08-08
10691,78,24,5,2024-08-10,2024-08-13,2024-08-15
10692,78,24,5,2024-08-15,2024-08-17,2024-08-20
10693,78,24,5,2024-08-24,2024-08-26,2024-08-29
10694,78,24,5,2024-08-29,2024-09-01,2024-09-03
10695,78,23,5,2024-09-05,2024-09-06,2024-09-10
10696,78,23,5,2024-09-14,2024-09-17,2024-09-19
10697,78,24,5,2024-09-16,2024-09-18,2024-09-21
10698,78,23,5,2024-09-27,2024-09-29,2024-10-02
10699,78,23,5,2024-09-30,2024-10-01,2024-10-05
10700,78,23,5,2024-10-08,2024-10-09,2024-10-13
10701,78,23,5,2024-10-15,2024-10-16,2024-10-20
10702,78,23,5,2024-10-25,2024-10-26,2024-10-30
10703,78,23,5,2024-10-31,2024-11-03,2024-11-05
10704,78,23,5,2024-11-04,2024-11-06,2024-11-09
10705,78,23,5,2024-11-11,2024-11-14,2024-11-16
10706,78,24,5,2024-11-18,2024-11-21,2024-11-23
10707,78,24,5,2024-11-27,2024-11-29,2024-12-02
10708,78,23,5,2024-12-04,2024-12-07,2024-12-09
10709,78,23,5,2024-12-11,2024-12-13,2024-12-16
10710,78,24,5,2024-12-22,2024-12-24,2024-12-27
10711,78,23,5,2024-12-25,2024-12-26,2024-12-30
10712,78,24,5,2025-01-03,2025-01-06,2025-01-08
10713,78,24,5,2025-01-06,2025-01-07,2025-01-11
10714,78,23,5,2025-01-17,2025-01-18,2025-01-22
10715,78,23,5,2025-01-22,2025-01-23,2025-01-27
10716,78,23,5,2025-01-29,2025-01-30,2025-02-03
10717,78,24,5,2025-02-08,2025-02-09,2025-02-13
10718,78,23,5,2025-02-11,2025-02-13,2025-02-16
10719,78,23,5,2025-02-22,2025-02-25,2025-02-27
10720,78,24,5,2025-02-27,2025-02-28,2025-03-04
10721,78,23,5,2025-03-07,2025-03-08,2025-03-12
10722,78,24,5,2025-03-10,2025-03-13,2025-03-15
10723,78,23,5,2025-03-22,2025-03-24,2025-03-27
10724,78,24,5,2025-03-26,2025-03-29,2025-03-31
10725,78,23,5,2025-04-06,2025-04-09,2025-04-11
10726,78,23,5,2025-04-07,2025-04-10,2025-04-12
10727,78,23,5,2025-04-18,2025-04-19,2025-04-23
10728,78,24,5,2025-04-25,2025-04-28,2025-04-30
10729,78,24,5,2025-04-29,2025-05-01,2025-05-04
10730,78,24,5,2025-05-11,2025-05-14,2025-05-16
10731,78,24,5,2025-05-16,2025-05-17,2025-05-21
10732,78,23,5,2025-05-21,2025-05-24,2025-05-26
10733,78,24,5,2025-05-27,2025-05-30,2025-06-01
10734,78,23,5,2025-06-04,2025-06-05,2025-06-09
10735,78,24,5,2025-06-14,2025-06-16,2025-06-19
10736,78,23,5,2025-06-22,2025-06-25,2025-06-27
10737,78,23,5,2025-06-26,2025-06-29,2025-07-01
10738,78,23,5,2025-07-03,2025-07-06,2025-07-08
10739,78,24,5,2025-07-07,2025-07-10,2025-07-12
10740,78,24,5,2025-07-17,2025-07-18,2025-07-22
10741,78,23,5,2025-07-26,2025-07-29,2025-07-31
10742,78,24,5,2025-07-28,2025-07-31,2025-08-02
10743,78,23,5,2025-08-05,2025-08-06,2025-08-10
10744,78,24,5,2025-08-14,2025-08-17,2025-08-19
10745,78,24,5,2025-08-24,2025-08-25,2025-08-29
10746,78,23,5,2025-08-26,2025-08-28,2025-08-31
10747,78,23,5,2025-09-02,2025-09-05,2025-09-07
10748,78,23,5,2025-09-08,2025-09-10,2025-09-13
10749,78,24,5,2025-09-18,2025-09-21,2025-09-23
10750,78,23,5,2025-09-26,2025-09-29,2025-10-01
10751,78,23,5,2025-10-02,2025-10-04,2025-10-07
10752,78,23,5,2025-10-11,2025-10-12,2025-10-16
10753,78,23,5,2025-10-19,2025-10-20,2025-10-24
10754,78,24,5,2025-10-22,2025-10-25,2025-10-27
10755,78,23,5,2025-11-01,2025-11-02,2025-11-06
10756,78,23,5,2025-11-08,2025-11-11,2025-11-13
10757,78,23,5,2025-11-13,2025-11-15,2025-11-18
10758,78,23,5,2025-11-18,2025-11-19,2025-11-23
10759,78,24,5,2025-11-25,2025-11-28,2025-11-30
10760,78,24,5,2025-12-01,2025-12-03,2025-12-06
10761,78,24,5,2025-12-11,2025-12-12,2025-12-16
10762,78,24,5,2025-12-21,2025-12-24,2025-12-26
10763,78,23,5,2025-12-24,2025-12-25,2025-12-29
10764,78,23,5,2025-12-31,2026-01-02,2026-01-05
10765,78,23,5,2026-01-08,2026-01-09,2026-01-13
10766,78,24,5,2026-01-14,2026-01-17,2026-01-19
10767,78,23,5,2026-01-25,2026-01-26,2026-01-30
10768,78,24,5,2026-02-01,2026-02-02,2026-02-06
10769,78,23,5,2026-02-04,2026-02-06,2026-02-09
10770,78,23,5,2026-02-12,2026-02-14,2026-02-17
10771,78,24,5,2026-02-19,2026-02-20,2026-02-24
10772,78,24,5,2026-02-26,2026-02-28,2026-03-03
10773,78,23,5,2026-03-03,2026-03-06,2026-03-08
10774,78,23,5,2026-03-10,2026-03-13,2026-03-15
10775,78,23,5,2026-03-17,2026-03-20,2026-03-22
10776,78,24,5,2026-03-25,2026-03-26,2026-03-30
10777,78,23,5,2026-04-04,2026-04-07,2026-04-09
10778,78,23,5,2026-04-06,2026-04-09,2026-04-11
10779,78,23,5,2026-04-19,2026-04-22,2026-04-24
10780,78,23,5,2026-04-20,2026-04-21,2026-04-25
10781,78,24,5,2026-05-01,2026-05-03,2026-05-06
10782,78,24,5,2026-05-08,2026-05-09,2026-05-13
10783,78,24,5,2026-05-12,2026-05-15,2026-05-17
10784,78,24,5,2026-05-18,2026-05-19,2026-05-23
10785,78,24,5,2026-05-26,2026-05-28,2026-05-31
10786,78,24,5,2026-06-07,2026-06-09,2026-06-12
10787,78,23,5,2026-06-09,2026-06-10,2026-06-14
10788,78,24,5,2026-06-20,2026-06-23,2026-06-25
10789,78,23,5,2026-06-23,2026-06-26,2026-06-28
10790,78,23,7,2024-07-06,2024-07-07,2024-07-11
10791,78,24,9,2024-07-09,2024-07-11,2024-07-14
10792,78,24,9,2024-07-21,2024-07-22,2024-07-26
10793,78,23,7,2024-07-25,2024-07-28,2024-07-30
10794,78,24,7,2024-08-01,2024-08-04,2024-08-06
10795,78,23,7,2024-08-05,2024-08-06,2024-08-10
10796,78,24,9,2024-08-15,2024-08-16,2024-08-20
10797,78,23,9,2024-08-19,2024-08-22,2024-08-24
10798,78,23,9,2024-08-29,2024-09-01,2024-09-03
10799,78,23,9,2024-09-05,2024-09-06,2024-09-10
10800,78,23,7,2024-09-09,2024-09-11,2024-09-14
10801,78,24,9,2024-09-19,2024-09-22,2024-09-24
10802,78,23,7,2024-09-24,2024-09-25,2024-09-29
10803,78,23,7,2024-10-06,2024-10-08,2024-10-11
10804,78,23,9,2024-10-08,2024-10-11,2024-10-13
10805,78,24,9,2024-10-20,2024-10-22,2024-10-25
10806,78,23,9,2024-10-21,2024-10-23,2024-10-26
10807,78,23,9,2024-10-30,2024-11-01,2024-11-04
10808,78,24,7,2024-11-05,2024-11-06,2024-11-10
10809,78,23,9,2024-11-11,2024-11-13,2024-11-16
10810,78,24,9,2024-11-24,2024-11-26,2024-11-29
10811,78,23,7,2024-11-26,2024-11-29,2024-12-01
10812,78,24,7,2024-12-08,2024-12-10,2024-12-13
10813,78,23,9,2024-12-09,2024-12-12,2024-12-14
10814,78,24,9,2024-12-19,2024-12-22,2024-12-24
10815,78,24,7,2024-12-29,2024-12-30,2025-01-03
10816,78,23,7,2024-12-30,2025-01-02,2025-01-04
10817,78,24,7,2025-01-06,2025-01-08,2025-01-11
10818,78,23,9,2025-01-19,2025-01-21,2025-01-24
10819,78,23,7,2025-01-24,2025-01-26,2025-01-29
10820,78,24,7,2025-01-27,2025-01-29,2025-02-01
10821,78,24,9,2025-02-07,2025-02-08,2025-02-12
10822,78,23,7,2025-02-14,2025-02-16,2025-02-19
10823,78,24,9,2025-02-22,2025-02-25,2025-02-27
10824,78,23,7,2025-02-26,2025-03-01,2025-03-03
10825,78,23,7,2025-03-04,2025-03-07,2025-03-09
10826,78,24,7,2025-03-13,2025-03-15,2025-03-18
10827,78,24,7,2025-03-22,2025-03-24,2025-03-27
10828,78,24,7,2025-03-28,2025-03-31,2025-04-02
10829,78,24,9,2025-04-01,2025-04-02,2025-04-06
10830,78,23,9,2025-04-11,2025-04-14,2025-04-16
10831,78,24,7,2025-04-14,2025-04-17,2025-04-19
10832,78,24,7,2025-04-27,2025-04-28,2025-05-02
10833,78,23,7,2025-04-30,2025-05-01,2025-05-05
10834,78,23,9,2025-05-10,2025-05-11,2025-05-15
10835,78,23,7,2025-05-17,2025-05-18,2025-05-22
10836,78,23,9,2025-05-24,2025-05-25,2025-05-29
10837,78,23,7,2025-05-30,2025-06-01,2025-06-04
10838,78,23,9,2025-06-05,2025-06-07,2025-06-10
10839,78,24,9,2025-06-15,2025-06-17,2025-06-20
10840,78,23,7,2025-06-17,2025-06-20,2025-06-22
10841,78,24,9,2025-06-28,2025-07-01,2025-07-03
10842,78,23,9,2025-07-06,2025-07-09,2025-07-11
10843,78,24,7,2025-07-12,2025-07-13,2025-07-17
10844,78,24,9,2025-07-16,2025-07-18,2025-07-21
10845,78,23,9,2025-07-24,2025-07-26,2025-07-29
10846,78,24,7,2025-08-02,2025-08-03,2025-08-07
10847,78,24,9,2025-08-04,2025-08-06,2025-08-09
10848,78,23,7,2025-08-16,2025-08-19,2025-08-21
10849,78,24,9,2025-08-24,2025-08-26,2025-08-29
10850,78,24,7,2025-08-28,2025-08-31,2025-09-02
10851,78,23,7,2025-09-04,2025-09-05,2025-09-09
10852,78,23,7,2025-09-11,2025-09-12,2025-09-16
10853,78,23,7,2025-09-20,2025-09-23,2025-09-25
10854,78,23,9,2025-09-25,2025-09-26,2025-09-30
10855,78,24,7,2025-10-02,2025-10-03,2025-10-07
10856,78,23,7,2025-10-06,2025-10-07,2025-10-11
10857,78,23,7,2025-10-18,2025-10-21,2025-10-23
10858,78,24,9,2025-10-25,2025-10-28,2025-10-30
10859,78,24,7,2025-11-01,2025-11-02,2025-11-06
10860,78,23,9,2025-11-05,2025-11-06,2025-11-10
10861,78,24,7,2025-11-12,2025-11-13,2025-11-17
10862,78,23,7,2025-11-23,2025-11-25,2025-11-28
10863,78,24,9,2025-11-25,2025-11-28,2025-11-30
10864,78,23,7,2025-12-06,2025-12-09,2025-12-11
10865,78,24,9,2025-12-12,2025-12-14,2025-12-17
10866,78,24,7,2025-12-18,2025-12-21,2025-12-23
10867,78,23,7,2025-12-24,2025-12-26,2025-12-29
10868,78,23,9,2026-01-02,2026-01-04,2026-01-07
10869,78,23,7,2026-01-09,2026-01-11,2026-01-14
10870,78,24,9,2026-01-14,2026-01-16,2026-01-19
10871,78,24,7,2026-01-25,2026-01-26,2026-01-30
10872,78,24,7,2026-01-31,2026-02-03,2026-02-05
10873,78,23,9,2026-02-08,2026-02-09,2026-02-13
10874,78,23,9,2026-02-09,2026-02-12,2026-02-14
10875,78,23,9,2026-02-21,2026-02-22,2026-02-26
10876,78,23,7,2026-02-24,2026-02-27,2026-03-01
10877,78,23,9,2026-03-04,2026-03-05,2026-03-09
10878,78,23,9,2026-03-15,2026-03-17,2026-03-20
10879,78,24,7,2026-03-21,2026-03-24,2026-03-26
10880,78,24,7,2026-03-23,2026-03-26,2026-03-28
10881,78,24,9,2026-04-01,2026-04-02,2026-04-06
10882,78,23,7,2026-04-12,2026-04-13,2026-04-17
10883,78,24,9,2026-04-15,2026-04-16,2026-04-20
10884,78,23,7,2026-04-23,2026-04-24,2026-04-28
10885,78,24,9,2026-04-27,2026-04-28,2026-05-02
10886,78,24,9,2026-05-09,2026-05-10,2026-05-14
10887,78,23,7,2026-05-12,2026-05-15,2026-05-17
10888,78,24,9,2026-05-24,2026-05-26,2026-05-29
10889,78,24,9,2026-05-27,2026-05-28,2026-06-01
10890,78,24,9,2026-06-01,2026-06-03,2026-06-06
10891,78,23,7,2026-06-11,2026-06-14,2026-06-16
10892,78,23,7,2026-06-21,2026-06-22,2026-06-26
10893,78,24,7,2026-06-24,2026-06-27,2026-06-29
10894,78,23,10,2024-07-02,2024-07-04,2024-07-07
10895,78,24,10,2024-07-10,2024-07-11,2024-07-15
10896,78,24,10,2024-07-17,2024-07-19,2024-07-22
10897,78,24,10,2024-07-23,2024-07-24,2024-07-28
10898,78,24,10,2024-08-04,2024-08-07,2024-08-09
10899,78,23,10,2024-08-11,2024-08-12,2024-08-16
10900,78,23,10,2024-08-14,2024-08-15,2024-08-19
10901,78,24,10,2024-08-21,2024-08-23,2024-08-26
10902,78,24,10,2024-08-28,2024-08-31,2024-09-02
10903,78,24,10,2024-09-07,2024-09-10,2024-09-12
10904,78,23,10,2024-09-14,2024-09-15,2024-09-19
10905,78,23,10,2024-09-20,2024-09-21,2024-09-25
10906,78,23,10,2024-09-26,2024-09-27,2024-10-01
10907,78,23,10,2024-10-02,2024-10-03,2024-10-07
10908,78,24,10,2024-10-11,2024-10-13,2024-10-16
10909,78,24,10,2024-10-14,2024-10-17,2024-10-19
10910,78,24,10,2024-10-25,2024-10-26,2024-10-30
10911,78,23,10,2024-10-28,2024-10-29,2024-11-02
10912,78,24,10,2024-11-08,2024-11-11,2024-11-13
10913,78,23,10,2024-11-12,2024-11-13,2024-11-17
10914,78,23,10,2024-11-20,2024-11-21,2024-11-25
10915,78,24,10,2024-11-29,2024-11-30,2024-12-04
10916,78,24,10,2024-12-06,2024-12-08,2024-12-11
10917,78,24,10,2024-12-12,2024-12-15,2024-12-17
10918,78,24,10,2024-12-21,2024-12-22,2024-12-26
10919,78,23,10,2024-12-29,2024-12-30,2025-01-03
10920,78,24,10,2025-01-01,2025-01-03,2025-01-06
10921,78,23,10,2025-01-12,2025-01-13,2025-01-17
10922,78,23,10,2025-01-19,2025-01-21,2025-01-24
10923,78,24,10,2025-01-24,2025-01-25,2025-01-29
10924,78,23,10,2025-01-29,2025-02-01,2025-02-03
10925,78,24,10,2025-02-09,2025-02-11,2025-02-14
10926,78,24,10,2025-02-11,2025-02-14,2025-02-16
10927,78,23,10,2025-02-20,2025-02-22,2025-02-25
10928,78,24,10,2025-02-28,2025-03-02,2025-03-05
10929,78,24,10,2025-03-06,2025-03-08,2025-03-11
10930,78,23,10,2025-03-10,2025-03-11,2025-03-15
10931,78,24,10,2025-03-22,2025-03-23,2025-03-27
10932,78,24,10,2025-03-27,2025-03-30,2025-04-01
10933,78,23,10,2025-04-06,2025-04-09,2025-04-11
10934,78,24,10,2025-04-11,2025-04-13,2025-04-16
10935,78,24,10,2025-04-19,2025-04-20,2025-04-24
10936,78,24,10,2025-04-26,2025-04-28,2025-05-01
10937,78,24,10,2025-05-04,2025-05-05,2025-05-09
10938,78,23,10,2025-05-11,2025-05-13,2025-05-16
10939,78,24,10,2025-05-18,2025-05-21,2025-05-23
10940,78,24,10,2025-05-22,2025-05-24,2025-05-27
10941,78,24,10,2025-05-29,2025-05-31,2025-06-03
10942,78,23,10,2025-06-04,2025-06-07,2025-06-09
10943,78,24,10,2025-06-11,2025-06-13,2025-06-16
10944,78,23,10,2025-06-19,2025-06-20,2025-06-24
10945,78,23,10,2025-06-27,2025-06-28,2025-07-02
10946,78,24,10,2025-06-30,2025-07-01,2025-07-05
10947,78,23,10,2025-07-07,2025-07-10,2025-07-12
10948,78,23,10,2025-07-16,2025-07-18,2025-07-21
10949,78,24,10,2025-07-24,2025-07-25,2025-07-29
10950,78,23,10,2025-07-29,2025-07-31,2025-08-03
10951,78,23,10,2025-08-08,2025-08-09,2025-08-13
10952,78,24,10,2025-08-13,2025-08-15,2025-08-18
10953,78,23,10,2025-08-22,2025-08-23,2025-08-27
10954,78,23,10,2025-08-27,2025-08-29,2025-09-01
10955,78,24,10,2025-09-03,2025-09-05,2025-09-08
10956,78,23,10,2025-09-10,2025-09-12,2025-09-15
10957,78,24,10,2025-09-20,2025-09-22,2025-09-25
10958,78,24,10,2025-09-23,2025-09-25,2025-09-28
10959,78,24,10,2025-10-04,2025-10-05,2025-10-09
10960,78,23,10,2025-10-07,2025-10-08,2025-10-12
10961,78,23,10,2025-10-18,2025-10-21,2025-10-23
10962,78,23,10,2025-10-20,2025-10-23,2025-10-25
10963,78,23,10,2025-10-29,2025-10-30,2025-11-03
10964,78,23,10,2025-11-05,2025-11-08,2025-11-10
10965,78,23,10,2025-11-13,2025-11-16,2025-11-18
10966,78,23,10,2025-11-20,2025-11-23,2025-11-25
10967,78,23,10,2025-11-26,2025-11-28,2025-12-01
10968,78,23,10,2025-12-06,2025-12-09,2025-12-11
10969,78,23,10,2025-12-10,2025-12-12,2025-12-15
10970,78,24,10,2025-12-15,2025-12-17,2025-12-20
10971,78,23,10,2025-12-23,2025-12-24,2025-12-28
10972,78,24,10,2026-01-01,2026-01-02,2026-01-06
10973,78,24,10,2026-01-06,2026-01-09,2026-01-11
10974,78,23,10,2026-01-17,2026-01-20,2026-01-22
10975,78,24,10,2026-01-25,2026-01-26,2026-01-30
10976,78,23,10,2026-01-28,2026-01-31,2026-02-02
10977,78,24,10,2026-02-03,2026-02-05,2026-02-08
10978,78,23,10,2026-02-12,2026-02-15,2026-02-17
10979,78,24,10,2026-02-16,2026-02-17,2026-02-21
10980,78,23,10,2026-02-24,2026-02-25,2026-03-01
10981,78,23,10,2026-03-08,2026-03-11,2026-03-13
10982,78,23,10,2026-03-12,2026-03-14,2026-03-17
10983,78,24,10,2026-03-16,2026-03-17,2026-03-21
10984,78,24,10,2026-03-26,2026-03-27,2026-03-31
10985,78,23,10,2026-04-02,2026-04-05,2026-04-07
10986,78,23,10,2026-04-09,2026-04-12,2026-04-14
10987,78,24,10,2026-04-19,2026-04-21,2026-04-24
10988,78,24,10,2026-04-22,2026-04-25,2026-04-27
10989,78,24,10,2026-04-29,2026-05-01,2026-05-04
10990,78,23,10,2026-05-08,2026-05-09,2026-05-13
10991,78,24,10,2026-05-13,2026-05-16,2026-05-18
10992,78,24,10,2026-05-18,2026-05-19,2026-05-23
10993,78,24,10,2026-05-28,2026-05-30,2026-06-02
10994,78,23,10,2026-06-06,2026-06-07,2026-06-11
10995,78,23,10,2026-06-12,2026-06-13,2026-06-17
10996,78,24,10,2026-06-18,2026-06-19,2026-06-23
10997,78,24,10,2026-06-25,2026-06-28,2026-06-30
10998,79,22,2,2024-10-07,2024-10-10,2026-07-21
10999,79,18,7,2025-01-18,2025-01-21,2026-11-01
11000,79,20,2,2025-05-09,2025-05-10,2027-02-20
11001,79,22,4,2025-09-18,2025-09-21,2027-07-02
11002,79,22,4,2025-11-08,2025-11-11,2027-08-22
11003,79,18,7,2026-03-29,2026-03-31,2028-01-10
11004,80,4,3,2024-07-08,2024-07-10,2024-07-20
11005,80,9,3,2024-07-10,2024-07-12,2024-07-22
11006,80,4,3,2024-07-20,2024-07-21,2024-08-01
11007,80,4,3,2024-08-02,2024-08-03,2024-08-14
11008,80,9,1,2024-08-13,2024-08-15,2024-08-25
11009,80,9,1,2024-08-21,2024-08-22,2024-09-02
11010,80,9,3,2024-08-30,2024-09-02,2024-09-11
11011,80,4,3,2024-09-05,2024-09-07,2024-09-17
11012,80,4,3,2024-09-12,2024-09-13,2024-09-24
11013,80,9,1,2024-09-27,2024-09-30,2024-10-09
11014,80,9,3,2024-10-05,2024-10-06,2024-10-17
11015,80,9,3,2024-10-16,2024-10-17,2024-10-28
11016,80,4,1,2024-10-23,2024-10-25,2024-11-04
11017,80,4,1,2024-11-03,2024-11-04,2024-11-15
11018,80,9,1,2024-11-12,2024-11-13,2024-11-24
11019,80,4,3,2024-11-20,2024-11-22,2024-12-02
11020,80,9,1,2024-11-27,2024-11-28,2024-12-09
11021,80,9,1,2024-12-05,2024-12-08,2024-12-17
11022,80,4,1,2024-12-11,2024-12-13,2024-12-23
11023,80,4,1,2024-12-22,2024-12-24,2025-01-03
11024,80,9,3,2024-12-28,2024-12-29,2025-01-09
11025,80,4,3,2025-01-06,2025-01-07,2025-01-18
11026,80,4,3,2025-01-16,2025-01-18,2025-01-28
11027,80,9,1,2025-01-28,2025-01-29,2025-02-09
11028,80,9,3,2025-02-02,2025-02-03,2025-02-14
11029,80,9,3,2025-02-18,2025-02-21,2025-03-02
11030,80,4,1,2025-02-27,2025-02-28,2025-03-11
11031,80,9,1,2025-03-09,2025-03-11,2025-03-21
11032,80,4,1,2025-03-10,2025-03-12,2025-03-22
11033,80,9,1,2025-03-23,2025-03-26,2025-04-04
11034,80,4,3,2025-04-05,2025-04-07,2025-04-17
11035,80,4,3,2025-04-10,2025-04-13,2025-04-22
11036,80,4,1,2025-04-17,2025-04-19,2025-04-29
11037,80,4,3,2025-04-28,2025-05-01,2025-05-10
11038,80,9,1,2025-05-11,2025-05-12,2025-05-23
11039,80,9,1,2025-05-14,2025-05-16,2025-05-26
11040,80,9,3,2025-05-26,2025-05-29,2025-06-07
11041,80,4,1,2025-06-05,2025-06-07,2025-06-17
11042,80,4,1,2025-06-10,2025-06-11,2025-06-22
11043,80,4,3,2025-06-17,2025-06-19,2025-06-29
11044,80,4,1,2025-07-01,2025-07-02,2025-07-13
11045,80,9,3,2025-07-09,2025-07-12,2025-07-21
11046,80,9,3,2025-07-18,2025-07-19,2025-07-30
11047,80,9,3,2025-07-26,2025-07-29,2025-08-07
11048,80,9,1,2025-08-07,2025-08-10,2025-08-19
11049,80,9,1,2025-08-18,2025-08-21,2025-08-30
11050,80,9,3,2025-08-26,2025-08-29,2025-09-07
11051,80,9,1,2025-08-29,2025-09-01,2025-09-10
11052,80,4,1,2025-09-06,2025-09-09,2025-09-18
11053,80,9,1,2025-09-16,2025-09-18,2025-09-28
11054,80,4,1,2025-10-02,2025-10-04,2025-10-14
11055,80,4,1,2025-10-05,2025-10-08,2025-10-17
11056,80,4,1,2025-10-12,2025-10-15,2025-10-24
11057,80,9,3,2025-10-22,2025-10-24,2025-11-03
11058,80,4,3,2025-11-03,2025-11-06,2025-11-15
11059,80,4,3,2025-11-11,2025-11-13,2025-11-23
11060,80,9,3,2025-11-20,2025-11-21,2025-12-02
11061,80,9,1,2025-11-29,2025-12-01,2025-12-11
11062,80,9,3,2025-12-06,2025-12-08,2025-12-18
11063,80,9,1,2025-12-20,2025-12-23,2026-01-01
11064,80,4,3,2025-12-30,2025-12-31,2026-01-11
11065,80,4,1,2026-01-06,2026-01-08,2026-01-18
11066,80,4,3,2026-01-13,2026-01-14,2026-01-25
11067,80,9,1,2026-01-21,2026-01-24,2026-02-02
11068,80,9,1,2026-02-05,2026-02-07,2026-02-17
11069,80,9,1,2026-02-14,2026-02-16,2026-02-26
11070,80,4,1,2026-02-19,2026-02-20,2026-03-03
11071,80,9,1,2026-03-02,2026-03-03,2026-03-14
11072,80,4,1,2026-03-12,2026-03-14,2026-03-24
11073,80,9,1,2026-03-15,2026-03-17,2026-03-27
11074,80,9,1,2026-03-31,2026-04-03,2026-04-12
11075,80,4,3,2026-04-02,2026-04-03,2026-04-14
11076,80,9,3,2026-04-11,2026-04-13,2026-04-23
11077,80,9,1,2026-04-27,2026-04-30,2026-05-09
11078,80,4,1,2026-05-04,2026-05-07,2026-05-16
11079,80,9,3,2026-05-13,2026-05-16,2026-05-25
11080,80,4,1,2026-05-18,2026-05-21,2026-05-30
11081,80,4,3,2026-05-31,2026-06-02,2026-06-12
11082,80,9,1,2026-06-10,2026-06-12,2026-06-22
11083,80,9,1,2026-06-19,2026-06-21,2026-07-01
11084,80,9,3,2026-06-24,2026-06-26,2026-07-06
11085,80,4,4,2024-07-05,2024-07-06,2024-07-17
11086,80,4,4,2024-07-11,2024-07-12,2024-07-23
11087,80,4,4,2024-07-24,2024-07-25,2024-08-05
11088,80,4,4,2024-08-02,2024-08-04,2024-08-14
11089,80,9,4,2024-08-09,2024-08-11,2024-08-21
11090,80,9,4,2024-08-23,2024-08-25,2024-09-04
11091,80,9,4,2024-08-27,2024-08-30,2024-09-08
11092,80,9,4,2024-09-02,2024-09-05,2024-09-14
11093,80,9,4,2024-09-12,2024-09-14,2024-09-24
11094,80,4,4,2024-09-28,2024-10-01,2024-10-10
11095,80,4,4,2024-10-01,2024-10-04,2024-10-13
11096,80,9,4,2024-10-15,2024-10-17,2024-10-27
11097,80,4,4,2024-10-24,2024-10-25,2024-11-05
11098,80,4,4,2024-10-28,2024-10-30,2024-11-09
11099,80,9,4,2024-11-08,2024-11-11,2024-11-20
11100,80,4,4,2024-11-13,2024-11-14,2024-11-25
11101,80,4,4,2024-11-30,2024-12-03,2024-12-12
11102,80,4,4,2024-12-02,2024-12-03,2024-12-14
11103,80,4,4,2024-12-15,2024-12-18,2024-12-27
11104,80,4,4,2024-12-20,2024-12-22,2025-01-01
11105,80,4,4,2025-01-03,2025-01-05,2025-01-15
11106,80,4,4,2025-01-10,2025-01-11,2025-01-22
11107,80,4,4,2025-01-15,2025-01-17,2025-01-27
11108,80,9,4,2025-01-27,2025-01-30,2025-02-08
11109,80,9,4,2025-02-09,2025-02-11,2025-02-21
11110,80,4,4,2025-02-17,2025-02-18,2025-03-01
11111,80,4,4,2025-02-26,2025-02-28,2025-03-10
11112,80,4,4,2025-03-02,2025-03-04,2025-03-14
11113,80,9,4,2025-03-18,2025-03-20,2025-03-30
11114,80,4,4,2025-03-19,2025-03-22,2025-03-31
11115,80,9,4,2025-04-05,2025-04-08,2025-04-17
11116,80,9,4,2025-04-13,2025-04-16,2025-04-25
11117,80,4,4,2025-04-22,2025-04-23,2025-05-04
11118,80,4,4,2025-04-30,2025-05-01,2025-05-12
11119,80,9,4,2025-05-08,2025-05-11,2025-05-20
11120,80,9,4,2025-05-18,2025-05-20,2025-05-30
11121,80,9,4,2025-05-25,2025-05-27,2025-06-06
11122,80,9,4,2025-06-04,2025-06-05,2025-06-16
11123,80,9,4,2025-06-08,2025-06-10,2025-06-20
11124,80,9,4,2025-06-19,2025-06-22,2025-07-01
11125,80,9,4,2025-07-04,2025-07-05,2025-07-16
11126,80,4,4,2025-07-13,2025-07-16,2025-07-25
11127,80,4,4,2025-07-14,2025-07-16,2025-07-26
11128,80,9,4,2025-07-23,2025-07-24,2025-08-04
11129,80,4,4,2025-08-03,2025-08-05,2025-08-15
11130,80,4,4,2025-08-15,2025-08-18,2025-08-27
11131,80,9,4,2025-08-20,2025-08-21,2025-09-01
11132,80,9,4,2025-08-31,2025-09-01,2025-09-12
11133,80,4,4,2025-09-13,2025-09-16,2025-09-25
11134,80,9,4,2025-09-22,2025-09-25,2025-10-04
11135,80,4,4,2025-10-01,2025-10-02,2025-10-13
11136,80,4,4,2025-10-07,2025-10-09,2025-10-19
11137,80,4,4,2025-10-16,2025-10-19,2025-10-28
11138,80,4,4,2025-10-26,2025-10-29,2025-11-07
11139,80,4,4,2025-11-03,2025-11-04,2025-11-15
11140,80,4,4,2025-11-16,2025-11-18,2025-11-28
11141,80,9,4,2025-11-19,2025-11-20,2025-12-01
11142,80,4,4,2025-11-28,2025-11-29,2025-12-10
11143,80,4,4,2025-12-10,2025-12-13,2025-12-22
11144,80,9,4,2025-12-22,2025-12-24,2026-01-03
11145,80,4,4,2025-12-30,2025-12-31,2026-01-11
11146,80,9,4,2026-01-08,2026-01-10,2026-01-20
11147,80,9,4,2026-01-11,2026-01-12,2026-01-23
11148,80,4,4,2026-01-22,2026-01-24,2026-02-03
11149,80,4,4,2026-02-01,2026-02-04,2026-02-13
11150,80,4,4,2026-02-12,2026-02-13,2026-02-24
11151,80,9,4,2026-02-23,2026-02-25,2026-03-07
11152,80,9,4,2026-03-02,2026-03-04,2026-03-14
11153,80,4,4,2026-03-06,2026-03-08,2026-03-18
11154,80,4,4,2026-03-22,2026-03-23,2026-04-03
11155,80,4,4,2026-03-30,2026-04-02,2026-04-11
11156,80,9,4,2026-04-09,2026-04-12,2026-04-21
11157,80,9,4,2026-04-12,2026-04-14,2026-04-24
11158,80,4,4,2026-04-27,2026-04-28,2026-05-09
11159,80,4,4,2026-04-30,2026-05-01,2026-05-12
11160,80,9,4,2026-05-09,2026-05-10,2026-05-21
11161,80,4,4,2026-05-17,2026-05-20,2026-05-29
11162,80,9,4,2026-06-01,2026-06-02,2026-06-13
11163,80,9,4,2026-06-04,2026-06-06,2026-06-16
11164,80,4,4,2026-06-16,2026-06-18,2026-06-28
11165,80,4,4,2026-06-25,2026-06-26,2026-07-07
11166,80,9,5,2024-07-08,2024-07-11,2024-07-20
11167,80,9,5,2024-07-12,2024-07-13,2024-07-24
11168,80,4,5,2024-07-26,2024-07-27,2024-08-07
11169,80,9,5,2024-08-05,2024-08-08,2024-08-17
11170,80,9,5,2024-08-10,2024-08-13,2024-08-22
11171,80,9,5,2024-08-21,2024-08-23,2024-09-02
11172,80,4,5,2024-08-28,2024-08-30,2024-09-09
11173,80,4,5,2024-09-02,2024-09-03,2024-09-14
11174,80,9,5,2024-09-15,2024-09-17,2024-09-27
11175,80,4,5,2024-09-20,2024-09-23,2024-10-02
11176,80,4,5,2024-10-07,2024-10-08,2024-10-19
11177,80,4,5,2024-10-11,2024-10-13,2024-10-23
11178,80,9,5,2024-10-19,2024-10-21,2024-10-31
11179,80,9,5,2024-10-26,2024-10-29,2024-11-07
11180,80,4,5,2024-11-05,2024-11-07,2024-11-17
11181,80,9,5,2024-11-14,2024-11-16,2024-11-26
11182,80,9,5,2024-11-29,2024-12-02,2024-12-11
11183,80,4,5,2024-12-08,2024-12-10,2024-12-20
11184,80,9,5,2024-12-15,2024-12-18,2024-12-27
11185,80,9,5,2024-12-19,2024-12-22,2024-12-31
11186,80,4,5,2024-12-30,2025-01-01,2025-01-11
11187,80,4,5,2025-01-07,2025-01-09,2025-01-19
11188,80,4,5,2025-01-20,2025-01-22,2025-02-01
11189,80,9,5,2025-01-28,2025-01-31,2025-02-09
11190,80,9,5,2025-02-09,2025-02-11,2025-02-21
11191,80,9,5,2025-02-11,2025-02-13,2025-02-23
11192,80,4,5,2025-02-28,2025-03-03,2025-03-12
11193,80,9,5,2025-03-07,2025-03-10,2025-03-19
11194,80,4,5,2025-03-12,2025-03-15,2025-03-24
11195,80,4,5,2025-03-24,2025-03-26,2025-04-05
11196,80,4,5,2025-03-28,2025-03-30,2025-04-09
11197,80,9,5,2025-04-10,2025-04-11,2025-04-22
11198,80,9,5,2025-04-20,2025-04-23,2025-05-02
11199,80,4,5,2025-05-02,2025-05-04,2025-05-14
11200,80,4,5,2025-05-06,2025-05-09,2025-05-18
11201,80,9,5,2025-05-13,2025-05-14,2025-05-25
11202,80,4,5,2025-05-21,2025-05-22,2025-06-02
11203,80,4,5,2025-06-03,2025-06-05,2025-06-15
11204,80,4,5,2025-06-12,2025-06-15,2025-06-24
11205,80,9,5,2025-06-20,2025-06-22,2025-07-02
11206,80,4,5,2025-07-02,2025-07-03,2025-07-14
11207,80,9,5,2025-07-13,2025-07-15,2025-07-25
11208,80,9,5,2025-07-20,2025-07-23,2025-08-01
11209,80,9,5,2025-07-30,2025-08-02,2025-08-11
11210,80,9,5,2025-08-08,2025-08-10,2025-08-20
11211,80,9,5,2025-08-11,2025-08-13,2025-08-23
11212,80,4,5,2025-08-26,2025-08-27,2025-09-07
11213,80,9,5,2025-08-30,2025-08-31,2025-09-11
11214,80,4,5,2025-09-06,2025-09-08,2025-09-18
11215,80,9,5,2025-09-21,2025-09-22,2025-10-03
11216,80,9,5,2025-09-30,2025-10-03,2025-10-12
11217,80,9,5,2025-10-07,2025-10-10,2025-10-19
11218,80,9,5,2025-10-18,2025-10-19,2025-10-30
11219,80,4,5,2025-10-27,2025-10-28,2025-11-08
11220,80,4,5,2025-11-01,2025-11-03,2025-11-13
11221,80,9,5,2025-11-15,2025-11-18,2025-11-27
11222,80,4,5,2025-11-24,2025-11-27,2025-12-06
11223,80,9,5,2025-11-27,2025-11-28,2025-12-09
11224,80,4,5,2025-12-09,2025-12-12,2025-12-21
11225,80,9,5,2025-12-15,2025-12-18,2025-12-27
11226,80,9,5,2025-12-26,2025-12-27,2026-01-07
11227,80,4,5,2026-01-05,2026-01-08,2026-01-17
11228,80,4,5,2026-01-15,2026-01-16,2026-01-27
11229,80,4,5,2026-01-26,2026-01-28,2026-02-07
11230,80,9,5,2026-02-01,2026-02-03,2026-02-13
11231,80,9,5,2026-02-12,2026-02-15,2026-02-24
11232,80,4,5,2026-02-23,2026-02-26,2026-03-07
11233,80,9,5,2026-03-04,2026-03-07,2026-03-16
11234,80,4,5,2026-03-10,2026-03-12,2026-03-22
11235,80,4,5,2026-03-21,2026-03-24,2026-04-02
11236,80,4,5,2026-03-29,2026-03-31,2026-04-10
11237,80,4,5,2026-04-02,2026-04-04,2026-04-14
11238,80,4,5,2026-04-12,2026-04-15,2026-04-24
11239,80,4,5,2026-04-20,2026-04-22,2026-05-02
11240,80,4,5,2026-05-06,2026-05-09,2026-05-18
11241,80,9,5,2026-05-09,2026-05-12,2026-05-21
11242,80,4,5,2026-05-22,2026-05-24,2026-06-03
11243,80,9,5,2026-06-02,2026-06-04,2026-06-14
11244,80,9,5,2026-06-04,2026-06-06,2026-06-16
11245,80,4,5,2026-06-13,2026-06-14,2026-06-25
11246,80,9,5,2026-06-27,2026-06-30,2026-07-09
11247,80,9,9,2024-07-08,2024-07-10,2024-07-20
11248,80,4,9,2024-07-16,2024-07-18,2024-07-28
11249,80,9,9,2024-07-22,2024-07-25,2024-08-03
11250,80,4,9,2024-07-29,2024-07-31,2024-08-10
11251,80,4,7,2024-08-10,2024-08-13,2024-08-22
11252,80,9,9,2024-08-20,2024-08-23,2024-09-01
11253,80,9,9,2024-08-28,2024-08-31,2024-09-09
11254,80,4,9,2024-09-03,2024-09-05,2024-09-15
11255,80,9,7,2024-09-14,2024-09-16,2024-09-26
11256,80,4,7,2024-09-26,2024-09-28,2024-10-08
11257,80,9,7,2024-10-06,2024-10-07,2024-10-18
11258,80,4,9,2024-10-10,2024-10-11,2024-10-22
11259,80,4,7,2024-10-25,2024-10-27,2024-11-06
11260,80,9,7,2024-10-30,2024-11-02,2024-11-11
11261,80,4,9,2024-11-04,2024-11-06,2024-11-16
11262,80,4,7,2024-11-14,2024-11-16,2024-11-26
11263,80,4,9,2024-11-26,2024-11-27,2024-12-08
11264,80,9,9,2024-12-04,2024-12-07,2024-12-16
11265,80,9,9,2024-12-17,2024-12-18,2024-12-29
11266,80,4,7,2024-12-19,2024-12-20,2024-12-31
11267,80,9,9,2024-12-31,2025-01-01,2025-01-12
11268,80,9,9,2025-01-12,2025-01-13,2025-01-24
11269,80,4,7,2025-01-23,2025-01-25,2025-02-04
11270,80,9,9,2025-01-29,2025-02-01,2025-02-10
11271,80,4,9,2025-02-06,2025-02-09,2025-02-18
11272,80,9,7,2025-02-14,2025-02-15,2025-02-26
11273,80,9,7,2025-02-20,2025-02-21,2025-03-04
11274,80,4,9,2025-03-02,2025-03-03,2025-03-14
11275,80,9,9,2025-03-17,2025-03-19,2025-03-29
11276,80,4,7,2025-03-26,2025-03-29,2025-04-07
11277,80,9,9,2025-04-03,2025-04-05,2025-04-15
11278,80,9,7,2025-04-08,2025-04-10,2025-04-20
11279,80,9,7,2025-04-19,2025-04-21,2025-05-01
11280,80,9,7,2025-05-02,2025-05-05,2025-05-14
11281,80,4,9,2025-05-05,2025-05-06,2025-05-17
11282,80,9,9,2025-05-19,2025-05-20,2025-05-31
11283,80,9,7,2025-05-25,2025-05-27,2025-06-06
11284,80,9,9,2025-06-03,2025-06-04,2025-06-15
11285,80,9,7,2025-06-14,2025-06-15,2025-06-26
11286,80,4,7,2025-06-17,2025-06-18,2025-06-29
11287,80,4,7,2025-06-27,2025-06-29,2025-07-09
11288,80,9,7,2025-07-10,2025-07-11,2025-07-22
11289,80,4,9,2025-07-22,2025-07-23,2025-08-03
11290,80,9,7,2025-07-27,2025-07-29,2025-08-08
11291,80,9,7,2025-08-06,2025-08-08,2025-08-18
11292,80,4,9,2025-08-15,2025-08-18,2025-08-27
11293,80,9,7,2025-08-20,2025-08-21,2025-09-01
11294,80,4,9,2025-09-05,2025-09-07,2025-09-17
11295,80,4,9,2025-09-14,2025-09-17,2025-09-26
11296,80,4,9,2025-09-19,2025-09-20,2025-10-01
11297,80,4,9,2025-09-29,2025-10-02,2025-10-11
11298,80,4,7,2025-10-09,2025-10-12,2025-10-21
11299,80,9,9,2025-10-18,2025-10-19,2025-10-30
11300,80,9,7,2025-10-25,2025-10-27,2025-11-06
11301,80,9,9,2025-11-03,2025-11-04,2025-11-15
11302,80,9,9,2025-11-09,2025-11-12,2025-11-21
11303,80,4,9,2025-11-19,2025-11-21,2025-12-01
11304,80,9,9,2025-12-01,2025-12-03,2025-12-13
11305,80,4,9,2025-12-11,2025-12-12,2025-12-23
11306,80,9,7,2025-12-16,2025-12-19,2025-12-28
11307,80,4,7,2025-12-30,2026-01-01,2026-01-11
11308,80,9,7,2026-01-02,2026-01-05,2026-01-14
11309,80,9,9,2026-01-12,2026-01-14,2026-01-24
11310,80,4,9,2026-01-24,2026-01-27,2026-02-05
11311,80,4,9,2026-01-28,2026-01-29,2026-02-09
11312,80,9,7,2026-02-09,2026-02-11,2026-02-21
11313,80,4,7,2026-02-22,2026-02-24,2026-03-06
11314,80,9,9,2026-02-27,2026-03-01,2026-03-11
11315,80,4,9,2026-03-13,2026-03-15,2026-03-25
11316,80,4,9,2026-03-19,2026-03-22,2026-03-31
11317,80,4,9,2026-03-27,2026-03-28,2026-04-08
11318,80,9,7,2026-04-01,2026-04-03,2026-04-13
11319,80,9,9,2026-04-10,2026-04-13,2026-04-22
11320,80,9,7,2026-04-26,2026-04-27,2026-05-08
11321,80,4,7,2026-05-04,2026-05-07,2026-05-16
11322,80,9,9,2026-05-07,2026-05-08,2026-05-19
11323,80,9,9,2026-05-23,2026-05-24,2026-06-04
11324,80,9,9,2026-06-01,2026-06-04,2026-06-13
11325,80,4,7,2026-06-05,2026-06-07,2026-06-17
11326,80,4,9,2026-06-16,2026-06-18,2026-06-28
11327,80,9,7,2026-06-28,2026-06-29,2026-07-10
11328,80,9,10,2024-07-03,2024-07-05,2024-07-15
11329,80,4,10,2024-07-15,2024-07-16,2024-07-27
11330,80,4,10,2024-07-24,2024-07-27,2024-08-05
11331,80,9,10,2024-08-01,2024-08-02,2024-08-13
11332,80,9,10,2024-08-09,2024-08-10,2024-08-21
11333,80,9,10,2024-08-17,2024-08-19,2024-08-29
11334,80,4,10,2024-08-26,2024-08-28,2024-09-07
11335,80,4,10,2024-09-09,2024-09-10,2024-09-21
11336,80,9,10,2024-09-16,2024-09-18,2024-09-28
11337,80,9,10,2024-09-28,2024-10-01,2024-10-10
11338,80,4,10,2024-09-29,2024-10-01,2024-10-11
11339,80,9,10,2024-10-15,2024-10-18,2024-10-27
11340,80,9,10,2024-10-24,2024-10-27,2024-11-05
11341,80,4,10,2024-10-30,2024-10-31,2024-11-11
11342,80,9,10,2024-11-07,2024-11-09,2024-11-19
11343,80,4,10,2024-11-14,2024-11-15,2024-11-26
11344,80,4,10,2024-11-27,2024-11-30,2024-12-09
11345,80,4,10,2024-12-06,2024-12-08,2024-12-18
11346,80,4,10,2024-12-13,2024-12-15,2024-12-25
11347,80,9,10,2024-12-19,2024-12-21,2024-12-31
11348,80,9,10,2025-01-01,2025-01-02,2025-01-13
11349,80,9,10,2025-01-08,2025-01-10,2025-01-20
11350,80,4,10,2025-01-20,2025-01-23,2025-02-01
11351,80,9,10,2025-01-28,2025-01-31,2025-02-09
11352,80,9,10,2025-02-03,2025-02-05,2025-02-15
11353,80,9,10,2025-02-15,2025-02-16,2025-02-27
11354,80,4,10,2025-02-22,2025-02-25,2025-03-06
11355,80,9,10,2025-03-07,2025-03-09,2025-03-19
11356,80,4,10,2025-03-15,2025-03-17,2025-03-27
11357,80,9,10,2025-03-24,2025-03-27,2025-04-05
11358,80,4,10,2025-03-29,2025-04-01,2025-04-10
11359,80,4,10,2025-04-10,2025-04-11,2025-04-22
11360,80,9,10,2025-04-15,2025-04-18,2025-04-27
11361,80,4,10,2025-04-24,2025-04-27,2025-05-06
11362,80,9,10,2025-05-08,2025-05-10,2025-05-20
11363,80,4,10,2025-05-12,2025-05-13,2025-05-24
11364,80,4,10,2025-05-22,2025-05-24,2025-06-03
11365,80,4,10,2025-06-03,2025-06-04,2025-06-15
11366,80,9,10,2025-06-14,2025-06-17,2025-06-26
11367,80,9,10,2025-06-18,2025-06-21,2025-06-30
11368,80,4,10,2025-07-03,2025-07-06,2025-07-15
11369,80,4,10,2025-07-11,2025-07-12,2025-07-23
11370,80,4,10,2025-07-19,2025-07-22,2025-07-31
11371,80,9,10,2025-07-24,2025-07-25,2025-08-05
11372,80,4,10,2025-08-05,2025-08-07,2025-08-17
11373,80,9,10,2025-08-12,2025-08-14,2025-08-24
11374,80,9,10,2025-08-19,2025-08-22,2025-08-31
11375,80,9,10,2025-09-04,2025-09-07,2025-09-16
11376,80,9,10,2025-09-11,2025-09-13,2025-09-23
11377,80,9,10,2025-09-19,2025-09-21,2025-10-01
11378,80,4,10,2025-10-02,2025-10-04,2025-10-14
11379,80,9,10,2025-10-04,2025-10-05,2025-10-16
11380,80,4,10,2025-10-13,2025-10-15,2025-10-25
11381,80,9,10,2025-10-23,2025-10-25,2025-11-04
11382,80,9,10,2025-10-31,2025-11-03,2025-11-12
11383,80,4,10,2025-11-14,2025-11-16,2025-11-26
11384,80,9,10,2025-11-20,2025-11-21,2025-12-02
11385,80,4,10,2025-12-02,2025-12-05,2025-12-14
11386,80,9,10,2025-12-06,2025-12-08,2025-12-18
11387,80,9,10,2025-12-18,2025-12-20,2025-12-30
11388,80,9,10,2025-12-28,2025-12-29,2026-01-09
11389,80,9,10,2026-01-01,2026-01-04,2026-01-13
11390,80,9,10,2026-01-15,2026-01-18,2026-01-27
11391,80,4,10,2026-01-24,2026-01-25,2026-02-05
11392,80,4,10,2026-02-03,2026-02-04,2026-02-15
11393,80,9,10,2026-02-09,2026-02-11,2026-02-21
11394,80,9,10,2026-02-21,2026-02-23,2026-03-05
11395,80,4,10,2026-02-25,2026-02-28,2026-03-09
11396,80,9,10,2026-03-08,2026-03-10,2026-03-20
11397,80,4,10,2026-03-21,2026-03-22,2026-04-02
11398,80,9,10,2026-03-23,2026-03-25,2026-04-04
11399,80,9,10,2026-04-02,2026-04-05,2026-04-14
11400,80,4,10,2026-04-18,2026-04-19,2026-04-30
11401,80,4,10,2026-04-25,2026-04-27,2026-05-07
11402,80,9,10,2026-05-06,2026-05-07,2026-05-18
11403,80,9,10,2026-05-12,2026-05-14,2026-05-24
11404,80,9,10,2026-05-17,2026-05-18,2026-05-29
11405,80,4,10,2026-05-29,2026-05-30,2026-06-10
11406,80,4,10,2026-06-05,2026-06-07,2026-06-17
11407,80,9,10,2026-06-13,2026-06-14,2026-06-25
11408,80,9,10,2026-06-26,2026-06-28,2026-07-08
11409,81,24,8,2024-08-02,2024-08-03,2024-12-28
11410,81,3,5,2024-09-21,2024-09-22,2025-02-16
11411,81,24,1,2024-12-19,2024-12-22,2025-05-16
11412,81,3,5,2025-04-21,2025-04-23,2025-09-16
11413,81,24,1,2025-06-02,2025-06-03,2025-10-28
11414,81,24,1,2025-09-15,2025-09-17,2026-02-10
11415,81,16,8,2025-10-06,2025-10-07,2026-03-03
11416,81,16,1,2025-12-09,2025-12-12,2026-05-06
11417,81,16,1,2026-03-22,2026-03-25,2026-08-17
11418,81,3,5,2026-05-22,2026-05-24,2026-10-17
11419,82,3,3,2024-07-02,2024-07-04,2024-07-07
11420,82,17,3,2024-07-09,2024-07-11,2024-07-14
11421,82,17,1,2024-07-15,2024-07-16,2024-07-20
11422,82,3,3,2024-07-26,2024-07-28,2024-07-31
11423,82,17,1,2024-08-03,2024-08-04,2024-08-08
11424,82,17,1,2024-08-07,2024-08-08,2024-08-12
11425,82,3,3,2024-08-16,2024-08-18,2024-08-21
11426,82,17,3,2024-08-23,2024-08-26,2024-08-28
11427,82,3,1,2024-08-28,2024-08-30,2024-09-02
11428,82,17,1,2024-09-03,2024-09-06,2024-09-08
11429,82,3,3,2024-09-13,2024-09-16,2024-09-18
11430,82,17,3,2024-09-20,2024-09-21,2024-09-25
11431,82,3,3,2024-09-25,2024-09-28,2024-09-30
11432,82,17,1,2024-10-01,2024-10-03,2024-10-06
11433,82,3,1,2024-10-12,2024-10-15,2024-10-17
11434,82,3,1,2024-10-19,2024-10-22,2024-10-24
11435,82,3,1,2024-10-24,2024-10-27,2024-10-29
11436,82,3,1,2024-10-28,2024-10-30,2024-11-02
11437,82,3,3,2024-11-09,2024-11-10,2024-11-14
11438,82,3,1,2024-11-11,2024-11-13,2024-11-16
11439,82,17,3,2024-11-22,2024-11-23,2024-11-27
11440,82,17,3,2024-11-27,2024-11-28,2024-12-02
11441,82,17,3,2024-12-07,2024-12-10,2024-12-12
11442,82,17,1,2024-12-15,2024-12-18,2024-12-20
11443,82,17,1,2024-12-19,2024-12-21,2024-12-24
11444,82,17,1,2024-12-23,2024-12-25,2024-12-28
11445,82,3,3,2025-01-01,2025-01-02,2025-01-06
11446,82,3,3,2025-01-10,2025-01-11,2025-01-15
11447,82,3,1,2025-01-16,2025-01-18,2025-01-21
11448,82,3,3,2025-01-24,2025-01-25,2025-01-29
11449,82,3,1,2025-02-02,2025-02-03,2025-02-07
11450,82,17,3,2025-02-06,2025-02-07,2025-02-11
11451,82,3,3,2025-02-10,2025-02-11,2025-02-15
11452,82,3,3,2025-02-21,2025-02-24,2025-02-26
11453,82,3,3,2025-02-28,2025-03-01,2025-03-05
11454,82,17,3,2025-03-06,2025-03-08,2025-03-11
11455,82,17,1,2025-03-13,2025-03-15,2025-03-18
11456,82,17,1,2025-03-17,2025-03-20,2025-03-22
11457,82,17,1,2025-03-25,2025-03-27,2025-03-30
11458,82,17,1,2025-04-04,2025-04-06,2025-04-09
11459,82,3,1,2025-04-13,2025-04-14,2025-04-18
11460,82,3,3,2025-04-14,2025-04-16,2025-04-19
11461,82,3,1,2025-04-23,2025-04-24,2025-04-28
11462,82,17,3,2025-05-03,2025-05-06,2025-05-08
11463,82,17,3,2025-05-11,2025-05-14,2025-05-16
11464,82,17,1,2025-05-14,2025-05-16,2025-05-19
11465,82,17,3,2025-05-25,2025-05-26,2025-05-30
11466,82,3,1,2025-05-28,2025-05-31,2025-06-02
11467,82,3,3,2025-06-05,2025-06-08,2025-06-10
11468,82,3,1,2025-06-12,2025-06-15,2025-06-17
11469,82,17,1,2025-06-19,2025-06-20,2025-06-24
11470,82,3,1,2025-06-29,2025-07-02,2025-07-04
11471,82,17,1,2025-07-06,2025-07-08,2025-07-11
11472,82,17,1,2025-07-10,2025-07-12,2025-07-15
11473,82,17,1,2025-07-18,2025-07-21,2025-07-23
11474,82,17,3,2025-07-23,2025-07-25,2025-07-28
11475,82,3,3,2025-08-02,2025-08-04,2025-08-07
11476,82,3,3,2025-08-04,2025-08-06,2025-08-09
11477,82,3,3,2025-08-15,2025-08-18,2025-08-20
11478,82,17,1,2025-08-18,2025-08-21,2025-08-23
11479,82,3,3,2025-08-28,2025-08-29,2025-09-02
11480,82,3,3,2025-09-04,2025-09-05,2025-09-09
11481,82,3,3,2025-09-08,2025-09-11,2025-09-13
11482,82,17,1,2025-09-18,2025-09-20,2025-09-23
11483,82,3,3,2025-09-28,2025-09-29,2025-10-03
11484,82,17,3,2025-09-29,2025-09-30,2025-10-04
11485,82,17,3,2025-10-10,2025-10-12,2025-10-15
11486,82,17,3,2025-10-15,2025-10-18,2025-10-20
11487,82,3,1,2025-10-20,2025-10-23,2025-10-25
11488,82,17,1,2025-10-31,2025-11-03,2025-11-05
11489,82,17,3,2025-11-08,2025-11-09,2025-11-13
11490,82,17,1,2025-11-10,2025-11-12,2025-11-15
11491,82,17,3,2025-11-19,2025-11-21,2025-11-24
11492,82,17,3,2025-11-29,2025-11-30,2025-12-04
11493,82,17,1,2025-12-01,2025-12-02,2025-12-06
11494,82,17,3,2025-12-10,2025-12-11,2025-12-15
11495,82,3,3,2025-12-20,2025-12-22,2025-12-25
11496,82,17,1,2025-12-22,2025-12-23,2025-12-27
11497,82,3,1,2026-01-04,2026-01-07,2026-01-09
11498,82,3,1,2026-01-10,2026-01-13,2026-01-15
11499,82,3,3,2026-01-15,2026-01-16,2026-01-20
11500,82,3,1,2026-01-25,2026-01-26,2026-01-30
11501,82,3,3,2026-01-27,2026-01-28,2026-02-01
11502,82,17,3,2026-02-06,2026-02-08,2026-02-11
11503,82,17,1,2026-02-12,2026-02-15,2026-02-17
11504,82,17,3,2026-02-21,2026-02-22,2026-02-26
11505,82,3,3,2026-02-26,2026-03-01,2026-03-03
11506,82,17,1,2026-03-02,2026-03-05,2026-03-07
11507,82,17,3,2026-03-09,2026-03-12,2026-03-14
11508,82,17,3,2026-03-17,2026-03-19,2026-03-22
11509,82,3,3,2026-03-26,2026-03-28,2026-03-31
11510,82,3,3,2026-03-31,2026-04-01,2026-04-05
11511,82,17,1,2026-04-08,2026-04-11,2026-04-13
11512,82,17,3,2026-04-19,2026-04-21,2026-04-24
11513,82,3,1,2026-04-22,2026-04-25,2026-04-27
11514,82,17,3,2026-04-30,2026-05-03,2026-05-05
11515,82,17,3,2026-05-08,2026-05-09,2026-05-13
11516,82,17,3,2026-05-13,2026-05-16,2026-05-18
11517,82,17,1,2026-05-23,2026-05-25,2026-05-28
11518,82,3,1,2026-05-28,2026-05-30,2026-06-02
11519,82,17,3,2026-06-07,2026-06-08,2026-06-12
11520,82,3,1,2026-06-14,2026-06-15,2026-06-19
11521,82,3,3,2026-06-21,2026-06-24,2026-06-26
11522,82,3,3,2026-06-24,2026-06-27,2026-06-29
11523,82,3,4,2024-07-06,2024-07-08,2024-07-11
11524,82,3,4,2024-07-10,2024-07-12,2024-07-15
11525,82,17,4,2024-07-18,2024-07-19,2024-07-23
11526,82,17,4,2024-07-27,2024-07-29,2024-08-01
11527,82,17,4,2024-07-29,2024-07-30,2024-08-03
11528,82,17,4,2024-08-09,2024-08-12,2024-08-14
11529,82,3,4,2024-08-18,2024-08-20,2024-08-23
11530,82,17,4,2024-08-24,2024-08-26,2024-08-29
11531,82,17,4,2024-08-31,2024-09-03,2024-09-05
11532,82,17,4,2024-09-03,2024-09-05,2024-09-08
11533,82,3,4,2024-09-11,2024-09-12,2024-09-16
11534,82,3,4,2024-09-17,2024-09-20,2024-09-22
11535,82,3,4,2024-09-24,2024-09-25,2024-09-29
11536,82,3,4,2024-10-04,2024-10-06,2024-10-09
11537,82,3,4,2024-10-08,2024-10-09,2024-10-13
11538,82,3,4,2024-10-19,2024-10-20,2024-10-24
11539,82,3,4,2024-10-26,2024-10-28,2024-10-31
11540,82,3,4,2024-11-01,2024-11-04,2024-11-06
11541,82,17,4,2024-11-08,2024-11-09,2024-11-13
11542,82,17,4,2024-11-11,2024-11-14,2024-11-16
11543,82,3,4,2024-11-24,2024-11-27,2024-11-29
11544,82,3,4,2024-11-28,2024-11-29,2024-12-03
11545,82,17,4,2024-12-08,2024-12-10,2024-12-13
11546,82,3,4,2024-12-10,2024-12-11,2024-12-15
11547,82,17,4,2024-12-18,2024-12-20,2024-12-23
11548,82,17,4,2024-12-23,2024-12-24,2024-12-28
11549,82,17,4,2025-01-04,2025-01-06,2025-01-09
11550,82,17,4,2025-01-10,2025-01-12,2025-01-15
11551,82,3,4,2025-01-16,2025-01-17,2025-01-21
11552,82,17,4,2025-01-23,2025-01-24,2025-01-28
11553,82,17,4,2025-01-30,2025-02-02,2025-02-04
11554,82,3,4,2025-02-07,2025-02-08,2025-02-12
11555,82,17,4,2025-02-16,2025-02-17,2025-02-21
11556,82,3,4,2025-02-18,2025-02-21,2025-02-23
11557,82,17,4,2025-02-27,2025-02-28,2025-03-04
11558,82,17,4,2025-03-05,2025-03-08,2025-03-10
11559,82,3,4,2025-03-12,2025-03-13,2025-03-17
11560,82,17,4,2025-03-23,2025-03-26,2025-03-28
11561,82,17,4,2025-03-27,2025-03-29,2025-04-01
11562,82,17,4,2025-04-06,2025-04-07,2025-04-11
11563,82,3,4,2025-04-13,2025-04-14,2025-04-18
11564,82,17,4,2025-04-15,2025-04-16,2025-04-20
11565,82,17,4,2025-04-25,2025-04-28,2025-04-30
11566,82,17,4,2025-05-04,2025-05-07,2025-05-09
11567,82,17,4,2025-05-06,2025-05-07,2025-05-11
11568,82,17,4,2025-05-12,2025-05-15,2025-05-17
11569,82,17,4,2025-05-20,2025-05-21,2025-05-25
11570,82,17,4,2025-05-31,2025-06-02,2025-06-05
11571,82,17,4,2025-06-08,2025-06-09,2025-06-13
11572,82,17,4,2025-06-14,2025-06-17,2025-06-19
11573,82,17,4,2025-06-19,2025-06-20,2025-06-24
11574,82,17,4,2025-06-25,2025-06-28,2025-06-30
11575,82,3,4,2025-07-05,2025-07-07,2025-07-10
11576,82,3,4,2025-07-11,2025-07-14,2025-07-16
11577,82,3,4,2025-07-18,2025-07-19,2025-07-23
11578,82,3,4,2025-07-22,2025-07-23,2025-07-27
11579,82,3,4,2025-07-28,2025-07-31,2025-08-02
11580,82,17,4,2025-08-10,2025-08-11,2025-08-15
11581,82,3,4,2025-08-11,2025-08-14,2025-08-16
11582,82,3,4,2025-08-19,2025-08-22,2025-08-24
11583,82,17,4,2025-08-31,2025-09-03,2025-09-05
11584,82,3,4,2025-09-02,2025-09-04,2025-09-07
11585,82,17,4,2025-09-14,2025-09-15,2025-09-19
11586,82,17,4,2025-09-21,2025-09-24,2025-09-26
11587,82,17,4,2025-09-22,2025-09-24,2025-09-27
11588,82,17,4,2025-10-01,2025-10-02,2025-10-06
11589,82,3,4,2025-10-06,2025-10-08,2025-10-11
11590,82,3,4,2025-10-18,2025-10-19,2025-10-23
11591,82,3,4,2025-10-24,2025-10-25,2025-10-29
11592,82,17,4,2025-10-29,2025-10-31,2025-11-03
11593,82,3,4,2025-11-05,2025-11-07,2025-11-10
11594,82,3,4,2025-11-14,2025-11-17,2025-11-19
11595,82,3,4,2025-11-18,2025-11-19,2025-11-23
11596,82,17,4,2025-11-27,2025-11-28,2025-12-02
11597,82,3,4,2025-12-02,2025-12-04,2025-12-07
11598,82,17,4,2025-12-11,2025-12-14,2025-12-16
11599,82,17,4,2025-12-16,2025-12-19,2025-12-21
11600,82,3,4,2025-12-23,2025-12-25,2025-12-28
11601,82,3,4,2025-12-30,2025-12-31,2026-01-04
11602,82,17,4,2026-01-06,2026-01-08,2026-01-11
11603,82,3,4,2026-01-16,2026-01-17,2026-01-21
11604,82,17,4,2026-01-20,2026-01-22,2026-01-25
11605,82,3,4,2026-01-30,2026-02-01,2026-02-04
11606,82,17,4,2026-02-05,2026-02-06,2026-02-10
11607,82,17,4,2026-02-09,2026-02-11,2026-02-14
11608,82,17,4,2026-02-16,2026-02-19,2026-02-21
11609,82,17,4,2026-02-27,2026-03-02,2026-03-04
11610,82,17,4,2026-03-06,2026-03-09,2026-03-11
11611,82,17,4,2026-03-09,2026-03-10,2026-03-14
11612,82,3,4,2026-03-20,2026-03-21,2026-03-25
11613,82,17,4,2026-03-26,2026-03-28,2026-03-31
11614,82,3,4,2026-04-04,2026-04-07,2026-04-09
11615,82,17,4,2026-04-08,2026-04-09,2026-04-13
11616,82,17,4,2026-04-13,2026-04-15,2026-04-18
11617,82,3,4,2026-04-21,2026-04-23,2026-04-26
11618,82,17,4,2026-05-01,2026-05-02,2026-05-06
11619,82,3,4,2026-05-04,2026-05-06,2026-05-09
11620,82,3,4,2026-05-16,2026-05-19,2026-05-21
11621,82,17,4,2026-05-24,2026-05-25,2026-05-29
11622,82,3,4,2026-05-28,2026-05-29,2026-06-02
11623,82,17,4,2026-06-01,2026-06-03,2026-06-06
11624,82,17,4,2026-06-13,2026-06-15,2026-06-18
11625,82,17,4,2026-06-18,2026-06-20,2026-06-23
11626,82,3,4,2026-06-22,2026-06-24,2026-06-27
11627,82,3,4,2026-06-30,2026-07-01,2026-07-05
11628,82,17,5,2024-07-04,2024-07-06,2024-07-09
11629,82,17,5,2024-07-12,2024-07-14,2024-07-17
11630,82,3,5,2024-07-21,2024-07-23,2024-07-26
11631,82,17,5,2024-07-25,2024-07-27,2024-07-30
11632,82,3,5,2024-08-01,2024-08-04,2024-08-06
11633,82,3,5,2024-08-10,2024-08-11,2024-08-15
11634,82,3,5,2024-08-12,2024-08-13,2024-08-17
11635,82,17,5,2024-08-22,2024-08-23,2024-08-27
11636,82,3,5,2024-09-01,2024-09-03,2024-09-06
11637,82,17,5,2024-09-08,2024-09-11,2024-09-13
11638,82,3,5,2024-09-15,2024-09-16,2024-09-20
11639,82,3,5,2024-09-18,2024-09-19,2024-09-23
11640,82,17,5,2024-09-25,2024-09-26,2024-09-30
11641,82,3,5,2024-10-05,2024-10-08,2024-10-10
11642,82,3,5,2024-10-08,2024-10-09,2024-10-13
11643,82,3,5,2024-10-19,2024-10-21,2024-10-24
11644,82,17,5,2024-10-26,2024-10-28,2024-10-31
11645,82,17,5,2024-10-30,2024-11-02,2024-11-04
11646,82,17,5,2024-11-05,2024-11-07,2024-11-10
11647,82,17,5,2024-11-13,2024-11-16,2024-11-18
11648,82,3,5,2024-11-18,2024-11-21,2024-11-23
11649,82,3,5,2024-11-28,2024-12-01,2024-12-03
11650,82,3,5,2024-12-07,2024-12-10,2024-12-12
11651,82,3,5,2024-12-11,2024-12-12,2024-12-16
11652,82,17,5,2024-12-18,2024-12-21,2024-12-23
11653,82,17,5,2024-12-28,2024-12-30,2025-01-02
11654,82,3,5,2025-01-04,2025-01-05,2025-01-09
11655,82,3,5,2025-01-12,2025-01-15,2025-01-17
11656,82,17,5,2025-01-13,2025-01-14,2025-01-18
11657,82,17,5,2025-01-24,2025-01-27,2025-01-29
11658,82,3,5,2025-01-29,2025-01-31,2025-02-03
11659,82,3,5,2025-02-03,2025-02-04,2025-02-08
11660,82,17,5,2025-02-11,2025-02-12,2025-02-16
11661,82,17,5,2025-02-20,2025-02-21,2025-02-25
11662,82,3,5,2025-02-27,2025-03-01,2025-03-04
11663,82,3,5,2025-03-04,2025-03-05,2025-03-09
11664,82,3,5,2025-03-15,2025-03-17,2025-03-20
11665,82,3,5,2025-03-23,2025-03-24,2025-03-28
11666,82,3,5,2025-03-29,2025-03-30,2025-04-03
11667,82,3,5,2025-04-02,2025-04-03,2025-04-07
11668,82,17,5,2025-04-09,2025-04-11,2025-04-14
11669,82,17,5,2025-04-18,2025-04-20,2025-04-23
11670,82,3,5,2025-04-25,2025-04-28,2025-04-30
11671,82,3,5,2025-05-04,2025-05-06,2025-05-09
11672,82,17,5,2025-05-06,2025-05-09,2025-05-11
11673,82,3,5,2025-05-17,2025-05-19,2025-05-22
11674,82,3,5,2025-05-20,2025-05-21,2025-05-25
11675,82,3,5,2025-05-27,2025-05-28,2025-06-01
11676,82,17,5,2025-06-05,2025-06-06,2025-06-10
11677,82,17,5,2025-06-14,2025-06-15,2025-06-19
11678,82,17,5,2025-06-22,2025-06-25,2025-06-27
11679,82,3,5,2025-06-24,2025-06-26,2025-06-29
11680,82,3,5,2025-07-01,2025-07-04,2025-07-06
11681,82,17,5,2025-07-13,2025-07-14,2025-07-18
11682,82,3,5,2025-07-17,2025-07-18,2025-07-22
11683,82,17,5,2025-07-24,2025-07-25,2025-07-29
11684,82,3,5,2025-07-31,2025-08-02,2025-08-05
11685,82,17,5,2025-08-04,2025-08-05,2025-08-09
11686,82,17,5,2025-08-16,2025-08-19,2025-08-21
11687,82,17,5,2025-08-21,2025-08-23,2025-08-26
11688,82,3,5,2025-08-25,2025-08-26,2025-08-30
11689,82,17,5,2025-09-01,2025-09-04,2025-09-06
11690,82,17,5,2025-09-13,2025-09-15,2025-09-18
11691,82,17,5,2025-09-15,2025-09-16,2025-09-20
11692,82,17,5,2025-09-27,2025-09-28,2025-10-02
11693,82,17,5,2025-09-30,2025-10-01,2025-10-05
11694,82,3,5,2025-10-10,2025-10-12,2025-10-15
11695,82,3,5,2025-10-14,2025-10-16,2025-10-19
11696,82,3,5,2025-10-25,2025-10-26,2025-10-30
11697,82,3,5,2025-10-30,2025-11-01,2025-11-04
11698,82,3,5,2025-11-07,2025-11-08,2025-11-12
11699,82,3,5,2025-11-16,2025-11-18,2025-11-21
11700,82,17,5,2025-11-20,2025-11-21,2025-11-25
11701,82,17,5,2025-11-27,2025-11-28,2025-12-02
11702,82,3,5,2025-12-04,2025-12-05,2025-12-09
11703,82,17,5,2025-12-10,2025-12-11,2025-12-15
11704,82,17,5,2025-12-15,2025-12-18,2025-12-20
11705,82,3,5,2025-12-27,2025-12-29,2026-01-01
11706,82,3,5,2025-12-29,2025-12-31,2026-01-03
11707,82,17,5,2026-01-11,2026-01-14,2026-01-16
11708,82,3,5,2026-01-13,2026-01-15,2026-01-18
11709,82,3,5,2026-01-23,2026-01-26,2026-01-28
11710,82,17,5,2026-01-27,2026-01-30,2026-02-01
11711,82,3,5,2026-02-08,2026-02-09,2026-02-13
11712,82,3,5,2026-02-15,2026-02-17,2026-02-20
11713,82,17,5,2026-02-22,2026-02-24,2026-02-27
11714,82,3,5,2026-02-23,2026-02-25,2026-02-28
11715,82,17,5,2026-03-07,2026-03-10,2026-03-12
11716,82,17,5,2026-03-11,2026-03-14,2026-03-16
11717,82,17,5,2026-03-21,2026-03-24,2026-03-26
11718,82,3,5,2026-03-28,2026-03-31,2026-04-02
11719,82,3,5,2026-04-02,2026-04-03,2026-04-07
11720,82,3,5,2026-04-11,2026-04-12,2026-04-16
11721,82,17,5,2026-04-16,2026-04-19,2026-04-21
11722,82,17,5,2026-04-24,2026-04-27,2026-04-29
11723,82,17,5,2026-04-28,2026-04-29,2026-05-03
11724,82,17,5,2026-05-07,2026-05-09,2026-05-12
11725,82,17,5,2026-05-15,2026-05-16,2026-05-20
11726,82,3,5,2026-05-22,2026-05-24,2026-05-27
11727,82,17,5,2026-05-25,2026-05-27,2026-05-30
11728,82,17,5,2026-06-06,2026-06-08,2026-06-11
11729,82,3,5,2026-06-11,2026-06-12,2026-06-16
11730,82,3,5,2026-06-17,2026-06-20,2026-06-22
11731,82,17,5,2026-06-25,2026-06-27,2026-06-30
11732,82,3,7,2024-07-05,2024-07-07,2024-07-10
11733,82,17,7,2024-07-14,2024-07-15,2024-07-19
11734,82,3,7,2024-07-17,2024-07-18,2024-07-22
11735,82,3,7,2024-07-28,2024-07-31,2024-08-02
11736,82,17,9,2024-08-02,2024-08-04,2024-08-07
11737,82,17,9,2024-08-10,2024-08-12,2024-08-15
11738,82,3,7,2024-08-14,2024-08-15,2024-08-19
11739,82,17,9,2024-08-22,2024-08-24,2024-08-27
11740,82,17,7,2024-09-01,2024-09-04,2024-09-06
11741,82,3,9,2024-09-04,2024-09-06,2024-09-09
11742,82,17,7,2024-09-11,2024-09-14,2024-09-16
11743,82,3,7,2024-09-17,2024-09-18,2024-09-22
11744,82,3,7,2024-09-24,2024-09-25,2024-09-29
11745,82,3,9,2024-10-06,2024-10-09,2024-10-11
11746,82,17,7,2024-10-10,2024-10-11,2024-10-15
11747,82,3,7,2024-10-18,2024-10-20,2024-10-23
11748,82,17,7,2024-10-22,2024-10-24,2024-10-27
11749,82,17,7,2024-10-28,2024-10-31,2024-11-02
11750,82,3,9,2024-11-08,2024-11-09,2024-11-13
11751,82,17,7,2024-11-15,2024-11-16,2024-11-20
11752,82,17,7,2024-11-20,2024-11-22,2024-11-25
11753,82,3,9,2024-11-30,2024-12-02,2024-12-05
11754,82,17,7,2024-12-08,2024-12-09,2024-12-13
11755,82,3,9,2024-12-13,2024-12-14,2024-12-18
11756,82,3,7,2024-12-16,2024-12-17,2024-12-21
11757,82,17,7,2024-12-27,2024-12-29,2025-01-01
11758,82,17,9,2025-01-05,2025-01-06,2025-01-10
11759,82,17,9,2025-01-10,2025-01-13,2025-01-15
11760,82,3,9,2025-01-18,2025-01-20,2025-01-23
11761,82,3,9,2025-01-26,2025-01-29,2025-01-31
11762,82,17,9,2025-01-28,2025-01-31,2025-02-02
11763,82,3,7,2025-02-04,2025-02-05,2025-02-09
11764,82,3,7,2025-02-14,2025-02-17,2025-02-19
11765,82,17,7,2025-02-19,2025-02-22,2025-02-24
11766,82,3,9,2025-03-02,2025-03-05,2025-03-07
11767,82,17,7,2025-03-09,2025-03-10,2025-03-14
11768,82,3,9,2025-03-15,2025-03-16,2025-03-20
11769,82,17,7,2025-03-21,2025-03-22,2025-03-26
11770,82,3,9,2025-03-27,2025-03-28,2025-04-01
11771,82,3,9,2025-04-06,2025-04-07,2025-04-11
11772,82,3,7,2025-04-11,2025-04-13,2025-04-16
11773,82,17,7,2025-04-17,2025-04-18,2025-04-22
11774,82,17,9,2025-04-24,2025-04-27,2025-04-29
11775,82,17,9,2025-05-04,2025-05-06,2025-05-09
11776,82,3,7,2025-05-10,2025-05-11,2025-05-15
11777,82,3,7,2025-05-18,2025-05-20,2025-05-23
11778,82,17,9,2025-05-22,2025-05-25,2025-05-27
11779,82,17,9,2025-05-29,2025-05-31,2025-06-03
11780,82,3,9,2025-06-07,2025-06-08,2025-06-12
11781,82,3,7,2025-06-09,2025-06-10,2025-06-14
11782,82,3,7,2025-06-20,2025-06-23,2025-06-25
11783,82,17,7,2025-06-25,2025-06-27,2025-06-30
11784,82,17,9,2025-07-03,2025-07-04,2025-07-08
11785,82,17,7,2025-07-10,2025-07-11,2025-07-15
11786,82,17,9,2025-07-15,2025-07-17,2025-07-20
11787,82,3,9,2025-07-26,2025-07-28,2025-07-31
11788,82,17,9,2025-07-31,2025-08-03,2025-08-05
11789,82,3,9,2025-08-07,2025-08-09,2025-08-12
11790,82,3,9,2025-08-13,2025-08-14,2025-08-18
11791,82,3,9,2025-08-22,2025-08-25,2025-08-27
11792,82,17,9,2025-08-27,2025-08-30,2025-09-01
11793,82,3,9,2025-09-02,2025-09-03,2025-09-07
11794,82,3,7,2025-09-13,2025-09-16,2025-09-18
11795,82,3,7,2025-09-21,2025-09-23,2025-09-26
11796,82,17,9,2025-09-26,2025-09-29,2025-10-01
11797,82,17,7,2025-10-03,2025-10-06,2025-10-08
11798,82,17,7,2025-10-11,2025-10-13,2025-10-16
11799,82,3,7,2025-10-15,2025-10-18,2025-10-20
11800,82,3,7,2025-10-26,2025-10-27,2025-10-31
11801,82,3,9,2025-11-01,2025-11-02,2025-11-06
11802,82,3,9,2025-11-04,2025-11-06,2025-11-09
11803,82,3,7,2025-11-13,2025-11-15,2025-11-18
11804,82,3,7,2025-11-21,2025-11-23,2025-11-26
11805,82,3,9,2025-11-26,2025-11-29,2025-12-01
11806,82,3,9,2025-12-03,2025-12-05,2025-12-08
11807,82,3,9,2025-12-14,2025-12-17,2025-12-19
11808,82,17,9,2025-12-20,2025-12-23,2025-12-25
11809,82,17,9,2025-12-28,2025-12-30,2026-01-02
11810,82,3,9,2025-12-30,2026-01-02,2026-01-04
11811,82,17,9,2026-01-06,2026-01-07,2026-01-11
11812,82,17,7,2026-01-13,2026-01-14,2026-01-18
11813,82,3,7,2026-01-21,2026-01-23,2026-01-26
11814,82,3,9,2026-02-01,2026-02-03,2026-02-06
11815,82,3,9,2026-02-04,2026-02-07,2026-02-09
11816,82,17,7,2026-02-14,2026-02-16,2026-02-19
11817,82,3,9,2026-02-18,2026-02-19,2026-02-23
11818,82,17,9,2026-02-28,2026-03-01,2026-03-05
11819,82,3,7,2026-03-07,2026-03-10,2026-03-12
11820,82,17,9,2026-03-10,2026-03-12,2026-03-15
11821,82,3,9,2026-03-17,2026-03-18,2026-03-22
11822,82,17,9,2026-03-29,2026-03-30,2026-04-03
11823,82,17,9,2026-03-30,2026-04-02,2026-04-04
11824,82,17,9,2026-04-09,2026-04-10,2026-04-14
11825,82,17,9,2026-04-18,2026-04-19,2026-04-23
11826,82,3,7,2026-04-26,2026-04-27,2026-05-01
11827,82,3,7,2026-05-02,2026-05-05,2026-05-07
11828,82,17,9,2026-05-06,2026-05-08,2026-05-11
11829,82,3,7,2026-05-15,2026-05-18,2026-05-20
11830,82,3,9,2026-05-19,2026-05-20,2026-05-24
11831,82,17,9,2026-05-27,2026-05-29,2026-06-01
11832,82,3,7,2026-06-04,2026-06-06,2026-06-09
11833,82,3,7,2026-06-08,2026-06-10,2026-06-13
11834,82,3,9,2026-06-19,2026-06-20,2026-06-24
11835,82,3,9,2026-06-24,2026-06-26,2026-06-29
11836,82,3,10,2024-07-01,2024-07-03,2024-07-06
11837,82,17,10,2024-07-10,2024-07-13,2024-07-15
11838,82,3,10,2024-07-16,2024-07-17,2024-07-21
11839,82,3,10,2024-07-23,2024-07-24,2024-07-28
11840,82,17,10,2024-07-29,2024-07-31,2024-08-03
11841,82,3,10,2024-08-11,2024-08-12,2024-08-16
11842,82,3,10,2024-08-18,2024-08-21,2024-08-23
11843,82,17,10,2024-08-25,2024-08-26,2024-08-30
11844,82,17,10,2024-08-30,2024-08-31,2024-09-04
11845,82,17,10,2024-09-02,2024-09-05,2024-09-07
11846,82,3,10,2024-09-09,2024-09-12,2024-09-14
11847,82,3,10,2024-09-22,2024-09-23,2024-09-27
11848,82,17,10,2024-09-23,2024-09-25,2024-09-28
11849,82,3,10,2024-10-03,2024-10-06,2024-10-08
11850,82,3,10,2024-10-13,2024-10-14,2024-10-18
11851,82,3,10,2024-10-14,2024-10-15,2024-10-19
11852,82,3,10,2024-10-27,2024-10-30,2024-11-01
11853,82,3,10,2024-10-29,2024-11-01,2024-11-03
11854,82,17,10,2024-11-05,2024-11-07,2024-11-10
11855,82,17,10,2024-11-16,2024-11-18,2024-11-21
11856,82,17,10,2024-11-19,2024-11-22,2024-11-24
11857,82,3,10,2024-11-26,2024-11-28,2024-12-01
11858,82,3,10,2024-12-04,2024-12-05,2024-12-09
11859,82,17,10,2024-12-13,2024-12-14,2024-12-18
11860,82,17,10,2024-12-17,2024-12-18,2024-12-22
11861,82,3,10,2024-12-29,2024-12-31,2025-01-03
11862,82,3,10,2025-01-03,2025-01-06,2025-01-08
11863,82,17,10,2025-01-07,2025-01-10,2025-01-12
11864,82,3,10,2025-01-19,2025-01-20,2025-01-24
11865,82,17,10,2025-01-23,2025-01-24,2025-01-28
11866,82,17,10,2025-01-31,2025-02-01,2025-02-05
11867,82,3,10,2025-02-03,2025-02-05,2025-02-08
11868,82,3,10,2025-02-14,2025-02-15,2025-02-19
11869,82,17,10,2025-02-23,2025-02-26,2025-02-28
11870,82,3,10,2025-03-02,2025-03-03,2025-03-07
11871,82,17,10,2025-03-05,2025-03-07,2025-03-10
11872,82,3,10,2025-03-12,2025-03-15,2025-03-17
11873,82,17,10,2025-03-21,2025-03-22,2025-03-26
11874,82,17,10,2025-03-30,2025-04-01,2025-04-04
11875,82,17,10,2025-04-01,2025-04-02,2025-04-06
11876,82,3,10,2025-04-09,2025-04-12,2025-04-14
11877,82,3,10,2025-04-16,2025-04-18,2025-04-21
11878,82,3,10,2025-04-21,2025-04-24,2025-04-26
11879,82,17,10,2025-05-03,2025-05-04,2025-05-08
11880,82,3,10,2025-05-09,2025-05-10,2025-05-14
11881,82,17,10,2025-05-13,2025-05-14,2025-05-18
11882,82,3,10,2025-05-23,2025-05-25,2025-05-28
11883,82,3,10,2025-06-01,2025-06-04,2025-06-06
11884,82,3,10,2025-06-08,2025-06-11,2025-06-13
11885,82,3,10,2025-06-12,2025-06-15,2025-06-17
11886,82,17,10,2025-06-21,2025-06-23,2025-06-26
11887,82,3,10,2025-06-23,2025-06-26,2025-06-28
11888,82,17,10,2025-07-01,2025-07-03,2025-07-06
11889,82,17,10,2025-07-13,2025-07-16,2025-07-18
11890,82,17,10,2025-07-17,2025-07-19,2025-07-22
11891,82,17,10,2025-07-22,2025-07-25,2025-07-27
11892,82,3,10,2025-07-29,2025-08-01,2025-08-03
11893,82,17,10,2025-08-07,2025-08-10,2025-08-12
11894,82,17,10,2025-08-15,2025-08-16,2025-08-20
11895,82,17,10,2025-08-22,2025-08-24,2025-08-27
11896,82,3,10,2025-08-28,2025-08-31,2025-09-02
11897,82,3,10,2025-09-05,2025-09-06,2025-09-10
11898,82,3,10,2025-09-11,2025-09-14,2025-09-16
11899,82,17,10,2025-09-21,2025-09-24,2025-09-26
11900,82,17,10,2025-09-28,2025-09-29,2025-10-03
11901,82,3,10,2025-10-02,2025-10-03,2025-10-07
11902,82,17,10,2025-10-10,2025-10-11,2025-10-15
11903,82,3,10,2025-10-14,2025-10-17,2025-10-19
11904,82,17,10,2025-10-21,2025-10-23,2025-10-26
11905,82,17,10,2025-11-01,2025-11-02,2025-11-06
11906,82,3,10,2025-11-06,2025-11-09,2025-11-11
11907,82,17,10,2025-11-16,2025-11-19,2025-11-21
11908,82,3,10,2025-11-22,2025-11-23,2025-11-27
11909,82,3,10,2025-11-28,2025-12-01,2025-12-03
11910,82,17,10,2025-12-01,2025-12-04,2025-12-06
11911,82,3,10,2025-12-14,2025-12-15,2025-12-19
11912,82,3,10,2025-12-19,2025-12-20,2025-12-24
11913,82,3,10,2025-12-28,2025-12-31,2026-01-02
11914,82,17,10,2025-12-29,2025-12-30,2026-01-03
11915,82,3,10,2026-01-08,2026-01-11,2026-01-13
11916,82,17,10,2026-01-14,2026-01-15,2026-01-19
11917,82,17,10,2026-01-21,2026-01-23,2026-01-26
11918,82,17,10,2026-02-01,2026-02-04,2026-02-06
11919,82,3,10,2026-02-05,2026-02-07,2026-02-10
11920,82,17,10,2026-02-10,2026-02-12,2026-02-15
11921,82,17,10,2026-02-18,2026-02-19,2026-02-23
11922,82,3,10,2026-02-24,2026-02-25,2026-03-01
11923,82,3,10,2026-03-08,2026-03-10,2026-03-13
11924,82,17,10,2026-03-14,2026-03-15,2026-03-19
11925,82,17,10,2026-03-18,2026-03-21,2026-03-23
11926,82,3,10,2026-03-28,2026-03-31,2026-04-02
11927,82,17,10,2026-04-04,2026-04-05,2026-04-09
11928,82,17,10,2026-04-08,2026-04-09,2026-04-13
11929,82,3,10,2026-04-19,2026-04-21,2026-04-24
11930,82,3,10,2026-04-25,2026-04-28,2026-04-30
11931,82,17,10,2026-05-03,2026-05-04,2026-05-08
11932,82,17,10,2026-05-04,2026-05-06,2026-05-09
11933,82,3,10,2026-05-13,2026-05-14,2026-05-18
11934,82,3,10,2026-05-24,2026-05-26,2026-05-29
11935,82,17,10,2026-05-27,2026-05-29,2026-06-01
11936,82,3,10,2026-06-02,2026-06-05,2026-06-07
11937,82,3,10,2026-06-13,2026-06-14,2026-06-18
11938,82,17,10,2026-06-17,2026-06-18,2026-06-22
11939,82,3,10,2026-06-28,2026-07-01,2026-07-03
11940,83,4,4,2024-07-04,2024-07-06,2027-04-09
11941,83,4,10,2025-01-12,2025-01-15,2027-10-18
11942,83,2,6,2025-06-18,2025-06-20,2028-03-23
11943,83,4,6,2025-07-01,2025-07-03,2028-04-05
11944,83,2,4,2026-01-27,2026-01-30,2028-11-01
11945,83,11,6,2026-02-27,2026-02-28,2028-12-02
11946,84,9,8,2024-08-23,2024-08-25,2026-05-17
11947,84,9,8,2024-12-01,2024-12-04,2026-08-25
11948,84,9,8,2025-03-27,2025-03-30,2026-12-19
11949,84,9,8,2025-07-07,2025-07-08,2027-03-31
11950,84,9,8,2026-01-17,2026-01-18,2027-10-11
11951,84,9,2,2026-03-26,2026-03-28,2027-12-18
11952,85,12,1,2024-10-18,2024-10-20,2027-06-28
11953,85,20,8,2024-12-05,2024-12-06,2027-08-15
11954,85,12,4,2025-03-23,2025-03-25,2027-12-01
11955,85,12,1,2025-08-14,2025-08-16,2028-04-23
11956,85,12,8,2026-02-20,2026-02-22,2028-10-30
11957,85,20,1,2026-03-08,2026-03-10,2028-11-15
11958,86,6,8,2024-08-04,2024-08-06,2026-06-05
11959,86,6,8,2025-01-26,2025-01-29,2026-11-27
11960,86,15,8,2025-05-31,2025-06-02,2027-04-01
11961,86,6,7,2025-08-15,2025-08-18,2027-06-16
11962,86,15,4,2026-01-10,2026-01-12,2027-11-11
11963,86,15,8,2026-03-21,2026-03-22,2028-01-20
11964,87,9,6,2024-09-20,2024-09-22,2025-03-17
11965,87,15,2,2024-10-14,2024-10-16,2025-04-10
11966,87,17,6,2025-02-21,2025-02-22,2025-08-18
11967,87,5,7,2025-05-24,2025-05-25,2025-11-18
11968,87,5,7,2025-07-22,2025-07-23,2026-01-16
11969,87,15,2,2025-12-06,2025-12-08,2026-06-02
11970,87,9,7,2026-02-27,2026-02-28,2026-08-24
11971,87,5,6,2026-03-21,2026-03-23,2026-09-15
11972,88,24,6,2024-08-15,2024-08-17,2027-06-03
11973,88,15,5,2025-02-19,2025-02-20,2027-12-08
11974,88,15,8,2025-06-15,2025-06-16,2028-04-02
11975,88,24,8,2025-07-06,2025-07-09,2028-04-23
11976,88,15,6,2025-10-25,2025-10-26,2028-08-12
11977,88,15,8,2026-05-10,2026-05-11,2029-02-25
11978,89,6,1,2024-07-07,2024-07-10,2024-07-19
11979,89,23,3,2024-07-18,2024-07-19,2024-07-30
11980,89,23,1,2024-07-26,2024-07-29,2024-08-07
11981,89,6,3,2024-07-31,2024-08-03,2024-08-12
11982,89,23,3,2024-08-11,2024-08-13,2024-08-23
11983,89,6,3,2024-08-17,2024-08-19,2024-08-29
11984,89,23,3,2024-08-26,2024-08-27,2024-09-07
11985,89,23,3,2024-09-10,2024-09-11,2024-09-22
11986,89,6,3,2024-09-12,2024-09-13,2024-09-24
11987,89,6,3,2024-09-27,2024-09-29,2024-10-09
11988,89,23,3,2024-10-01,2024-10-04,2024-10-13
11989,89,6,3,2024-10-16,2024-10-17,2024-10-28
11990,89,6,3,2024-10-22,2024-10-25,2024-11-03
11991,89,6,1,2024-11-01,2024-11-04,2024-11-13
11992,89,23,1,2024-11-05,2024-11-07,2024-11-17
11993,89,23,1,2024-11-13,2024-11-14,2024-11-25
11994,89,23,1,2024-11-22,2024-11-25,2024-12-04
11995,89,6,3,2024-12-05,2024-12-06,2024-12-17
11996,89,23,3,2024-12-12,2024-12-15,2024-12-24
11997,89,23,1,2024-12-27,2024-12-29,2025-01-08
11998,89,6,1,2024-12-31,2025-01-01,2025-01-12
11999,89,6,3,2025-01-06,2025-01-09,2025-01-18
12000,89,6,1,2025-01-17,2025-01-19,2025-01-29
12001,89,23,3,2025-01-26,2025-01-27,2025-02-07
12002,89,6,1,2025-02-02,2025-02-05,2025-02-14
12003,89,23,1,2025-02-14,2025-02-17,2025-02-26
12004,89,6,3,2025-02-20,2025-02-21,2025-03-04
12005,89,23,3,2025-03-04,2025-03-07,2025-03-16
12006,89,6,1,2025-03-13,2025-03-15,2025-03-25
12007,89,6,1,2025-03-27,2025-03-29,2025-04-08
12008,89,23,1,2025-04-04,2025-04-06,2025-04-16
12009,89,6,1,2025-04-12,2025-04-15,2025-04-24
12010,89,23,3,2025-04-16,2025-04-17,2025-04-28
12011,89,6,1,2025-04-24,2025-04-26,2025-05-06
12012,89,6,1,2025-05-10,2025-05-11,2025-05-22
12013,89,23,1,2025-05-14,2025-05-15,2025-05-26
12014,89,6,3,2025-05-26,2025-05-27,2025-06-07
12015,89,6,1,2025-06-01,2025-06-02,2025-06-13
12016,89,23,1,2025-06-13,2025-06-14,2025-06-25
12017,89,23,1,2025-06-18,2025-06-21,2025-06-30
12018,89,23,3,2025-07-04,2025-07-05,2025-07-16
12019,89,23,3,2025-07-12,2025-07-15,2025-07-24
12020,89,6,3,2025-07-14,2025-07-15,2025-07-26
12021,89,6,3,2025-07-30,2025-08-02,2025-08-11
12022,89,6,3,2025-08-09,2025-08-10,2025-08-21
12023,89,23,3,2025-08-14,2025-08-17,2025-08-26
12024,89,6,1,2025-08-26,2025-08-28,2025-09-07
12025,89,23,3,2025-09-01,2025-09-03,2025-09-13
12026,89,6,1,2025-09-07,2025-09-09,2025-09-19
12027,89,6,1,2025-09-23,2025-09-25,2025-10-05
12028,89,23,1,2025-09-29,2025-09-30,2025-10-11
12029,89,23,3,2025-10-06,2025-10-07,2025-10-18
12030,89,6,3,2025-10-12,2025-10-15,2025-10-24
12031,89,23,3,2025-10-28,2025-10-29,2025-11-09
12032,89,23,3,2025-11-06,2025-11-08,2025-11-18
12033,89,23,3,2025-11-13,2025-11-15,2025-11-25
12034,89,6,1,2025-11-18,2025-11-20,2025-11-30
12035,89,6,3,2025-11-30,2025-12-02,2025-12-12
12036,89,6,3,2025-12-10,2025-12-11,2025-12-22
12037,89,6,1,2025-12-20,2025-12-21,2026-01-01
12038,89,23,1,2025-12-29,2025-12-30,2026-01-10
12039,89,6,1,2026-01-08,2026-01-10,2026-01-20
12040,89,23,1,2026-01-13,2026-01-16,2026-01-25
12041,89,23,1,2026-01-21,2026-01-24,2026-02-02
12042,89,23,1,2026-01-30,2026-01-31,2026-02-11
12043,89,6,1,2026-02-06,2026-02-07,2026-02-18
12044,89,6,3,2026-02-18,2026-02-20,2026-03-02
12045,89,6,1,2026-03-03,2026-03-06,2026-03-15
12046,89,23,3,2026-03-08,2026-03-09,2026-03-20
12047,89,23,3,2026-03-20,2026-03-21,2026-04-01
12048,89,6,1,2026-03-26,2026-03-28,2026-04-07
12049,89,23,3,2026-04-04,2026-04-06,2026-04-16
12050,89,6,1,2026-04-18,2026-04-20,2026-04-30
12051,89,6,1,2026-04-25,2026-04-27,2026-05-07
12052,89,23,3,2026-05-06,2026-05-07,2026-05-18
12053,89,23,3,2026-05-15,2026-05-16,2026-05-27
12054,89,6,3,2026-05-16,2026-05-18,2026-05-28
12055,89,6,1,2026-05-31,2026-06-02,2026-06-12
12056,89,6,3,2026-06-04,2026-06-05,2026-06-16
12057,89,6,3,2026-06-20,2026-06-22,2026-07-02
12058,89,23,3,2026-06-29,2026-07-02,2026-07-11
12059,89,6,4,2024-07-07,2024-07-10,2024-07-19
12060,89,23,4,2024-07-14,2024-07-15,2024-07-26
12061,89,23,4,2024-07-19,2024-07-21,2024-07-31
12062,89,23,4,2024-08-05,2024-08-08,2024-08-17
12063,89,6,4,2024-08-07,2024-08-08,2024-08-19
12064,89,23,4,2024-08-23,2024-08-25,2024-09-04
12065,89,6,4,2024-08-29,2024-08-30,2024-09-10
12066,89,23,4,2024-09-05,2024-09-08,2024-09-17
12067,89,23,4,2024-09-11,2024-09-14,2024-09-23
12068,89,23,4,2024-09-21,2024-09-23,2024-10-03
12069,89,23,4,2024-09-30,2024-10-01,2024-10-12
12070,89,6,4,2024-10-13,2024-10-15,2024-10-25
12071,89,6,4,2024-10-18,2024-10-21,2024-10-30
12072,89,23,4,2024-10-29,2024-10-31,2024-11-10
12073,89,6,4,2024-11-08,2024-11-09,2024-11-20
12074,89,6,4,2024-11-17,2024-11-19,2024-11-29
12075,89,6,4,2024-11-27,2024-11-30,2024-12-09
12076,89,6,4,2024-12-01,2024-12-02,2024-12-13
12077,89,23,4,2024-12-14,2024-12-15,2024-12-26
12078,89,23,4,2024-12-26,2024-12-28,2025-01-07
12079,89,23,4,2025-01-01,2025-01-03,2025-01-13
12080,89,23,4,2025-01-07,2025-01-10,2025-01-19
12081,89,6,4,2025-01-19,2025-01-20,2025-01-31
12082,89,6,4,2025-01-30,2025-02-01,2025-02-11
12083,89,6,4,2025-02-02,2025-02-04,2025-02-14
12084,89,6,4,2025-02-19,2025-02-20,2025-03-03
12085,89,23,4,2025-02-28,2025-03-03,2025-03-12
12086,89,23,4,2025-03-04,2025-03-05,2025-03-16
12087,89,23,4,2025-03-13,2025-03-16,2025-03-25
12088,89,23,4,2025-03-27,2025-03-29,2025-04-08
12089,89,6,4,2025-04-01,2025-04-03,2025-04-13
12090,89,23,4,2025-04-06,2025-04-07,2025-04-18
12091,89,6,4,2025-04-17,2025-04-19,2025-04-29
12092,89,23,4,2025-04-26,2025-04-27,2025-05-08
12093,89,23,4,2025-05-06,2025-05-09,2025-05-18
12094,89,23,4,2025-05-17,2025-05-19,2025-05-29
12095,89,23,4,2025-05-29,2025-05-31,2025-06-10
12096,89,6,4,2025-06-01,2025-06-02,2025-06-13
12097,89,23,4,2025-06-11,2025-06-14,2025-06-23
12098,89,6,4,2025-06-20,2025-06-22,2025-07-02
12099,89,23,4,2025-07-04,2025-07-05,2025-07-16
12100,89,23,4,2025-07-10,2025-07-11,2025-07-22
12101,89,6,4,2025-07-16,2025-07-18,2025-07-28
12102,89,23,4,2025-07-24,2025-07-26,2025-08-05
12103,89,23,4,2025-08-02,2025-08-05,2025-08-14
12104,89,23,4,2025-08-10,2025-08-12,2025-08-22
12105,89,6,4,2025-08-22,2025-08-24,2025-09-03
12106,89,6,4,2025-09-03,2025-09-04,2025-09-15
12107,89,6,4,2025-09-08,2025-09-10,2025-09-20
12108,89,23,4,2025-09-21,2025-09-22,2025-10-03
12109,89,23,4,2025-09-28,2025-09-29,2025-10-10
12110,89,23,4,2025-10-11,2025-10-14,2025-10-23
12111,89,23,4,2025-10-19,2025-10-21,2025-10-31
12112,89,23,4,2025-10-27,2025-10-30,2025-11-08
12113,89,23,4,2025-11-06,2025-11-08,2025-11-18
12114,89,6,4,2025-11-09,2025-11-10,2025-11-21
12115,89,23,4,2025-11-22,2025-11-25,2025-12-04
12116,89,23,4,2025-11-30,2025-12-03,2025-12-12
12117,89,6,4,2025-12-09,2025-12-12,2025-12-21
12118,89,6,4,2025-12-17,2025-12-18,2025-12-29
12119,89,23,4,2025-12-28,2025-12-29,2026-01-09
12120,89,6,4,2026-01-05,2026-01-07,2026-01-17
12121,89,6,4,2026-01-11,2026-01-12,2026-01-23
12122,89,6,4,2026-01-22,2026-01-23,2026-02-03
12123,89,6,4,2026-02-02,2026-02-03,2026-02-14
12124,89,6,4,2026-02-14,2026-02-16,2026-02-26
12125,89,6,4,2026-02-19,2026-02-20,2026-03-03
12126,89,6,4,2026-03-03,2026-03-06,2026-03-15
12127,89,23,4,2026-03-07,2026-03-10,2026-03-19
12128,89,23,4,2026-03-17,2026-03-18,2026-03-29
12129,89,23,4,2026-03-26,2026-03-28,2026-04-07
12130,89,23,4,2026-04-01,2026-04-03,2026-04-13
12131,89,23,4,2026-04-13,2026-04-16,2026-04-25
12132,89,23,4,2026-04-24,2026-04-25,2026-05-06
12133,89,23,4,2026-05-05,2026-05-07,2026-05-17
12134,89,23,4,2026-05-14,2026-05-15,2026-05-26
12135,89,6,4,2026-05-17,2026-05-18,2026-05-29
12136,89,23,4,2026-05-31,2026-06-02,2026-06-12
12137,89,23,4,2026-06-11,2026-06-12,2026-06-23
12138,89,6,4,2026-06-17,2026-06-20,2026-06-29
12139,89,6,4,2026-06-29,2026-06-30,2026-07-11
12140,89,6,5,2024-07-07,2024-07-08,2024-07-19
12141,89,23,5,2024-07-14,2024-07-17,2024-07-26
12142,89,6,5,2024-07-24,2024-07-27,2024-08-05
12143,89,6,5,2024-07-28,2024-07-29,2024-08-09
12144,89,6,5,2024-08-11,2024-08-12,2024-08-23
12145,89,23,5,2024-08-18,2024-08-19,2024-08-30
12146,89,6,5,2024-08-29,2024-08-31,2024-09-10
12147,89,6,5,2024-09-02,2024-09-03,2024-09-14
12148,89,6,5,2024-09-19,2024-09-21,2024-10-01
12149,89,6,5,2024-09-20,2024-09-22,2024-10-02
12150,89,23,5,2024-10-03,2024-10-05,2024-10-15
12151,89,6,5,2024-10-10,2024-10-13,2024-10-22
12152,89,6,5,2024-10-24,2024-10-25,2024-11-05
12153,89,6,5,2024-10-31,2024-11-03,2024-11-12
12154,89,6,5,2024-11-09,2024-11-11,2024-11-21
12155,89,6,5,2024-11-19,2024-11-20,2024-12-01
12156,89,6,5,2024-11-28,2024-11-29,2024-12-10
12157,89,23,5,2024-12-08,2024-12-10,2024-12-20
12158,89,23,5,2024-12-17,2024-12-18,2024-12-29
12159,89,23,5,2024-12-20,2024-12-22,2025-01-01
12160,89,6,5,2024-12-30,2025-01-01,2025-01-11
12161,89,23,5,2025-01-13,2025-01-16,2025-01-25
12162,89,23,5,2025-01-15,2025-01-18,2025-01-27
12163,89,23,5,2025-01-27,2025-01-30,2025-02-08
12164,89,23,5,2025-02-02,2025-02-05,2025-02-14
12165,89,23,5,2025-02-17,2025-02-20,2025-03-01
12166,89,6,5,2025-02-21,2025-02-23,2025-03-05
12167,89,23,5,2025-03-02,2025-03-05,2025-03-14
12168,89,23,5,2025-03-12,2025-03-14,2025-03-24
12169,89,23,5,2025-03-24,2025-03-25,2025-04-05
12170,89,6,5,2025-04-02,2025-04-03,2025-04-14
12171,89,23,5,2025-04-11,2025-04-14,2025-04-23
12172,89,23,5,2025-04-22,2025-04-25,2025-05-04
12173,89,6,5,2025-04-24,2025-04-27,2025-05-06
12174,89,6,5,2025-05-04,2025-05-06,2025-05-16
12175,89,23,5,2025-05-16,2025-05-18,2025-05-28
12176,89,23,5,2025-05-25,2025-05-28,2025-06-06
12177,89,6,5,2025-05-30,2025-05-31,2025-06-11
12178,89,23,5,2025-06-09,2025-06-11,2025-06-21
12179,89,23,5,2025-06-19,2025-06-21,2025-07-01
12180,89,23,5,2025-06-26,2025-06-28,2025-07-08
12181,89,23,5,2025-07-06,2025-07-08,2025-07-18
12182,89,23,5,2025-07-22,2025-07-24,2025-08-03
12183,89,6,5,2025-07-23,2025-07-25,2025-08-04
12184,89,23,5,2025-08-03,2025-08-05,2025-08-15
12185,89,6,5,2025-08-18,2025-08-19,2025-08-30
12186,89,6,5,2025-08-20,2025-08-21,2025-09-01
12187,89,23,5,2025-09-04,2025-09-05,2025-09-16
12188,89,6,5,2025-09-08,2025-09-09,2025-09-20
12189,89,23,5,2025-09-18,2025-09-19,2025-09-30
12190,89,6,5,2025-09-25,2025-09-27,2025-10-07
12191,89,6,5,2025-10-06,2025-10-08,2025-10-18
12192,89,23,5,2025-10-14,2025-10-15,2025-10-26
12193,89,23,5,2025-10-25,2025-10-28,2025-11-06
12194,89,6,5,2025-10-30,2025-11-02,2025-11-11
12195,89,23,5,2025-11-11,2025-11-12,2025-11-23
12196,89,23,5,2025-11-23,2025-11-26,2025-12-05
12197,89,6,5,2025-11-27,2025-11-28,2025-12-09
12198,89,23,5,2025-12-13,2025-12-15,2025-12-25
12199,89,23,5,2025-12-22,2025-12-23,2026-01-03
12200,89,6,5,2025-12-30,2025-12-31,2026-01-11
12201,89,6,5,2026-01-05,2026-01-06,2026-01-17
12202,89,6,5,2026-01-10,2026-01-13,2026-01-22
12203,89,6,5,2026-01-27,2026-01-30,2026-02-08
12204,89,23,5,2026-02-05,2026-02-06,2026-02-17
12205,89,23,5,2026-02-13,2026-02-16,2026-02-25
12206,89,6,5,2026-02-22,2026-02-23,2026-03-06
12207,89,23,5,2026-03-02,2026-03-04,2026-03-14
12208,89,6,5,2026-03-10,2026-03-11,2026-03-22
12209,89,6,5,2026-03-17,2026-03-19,2026-03-29
12210,89,23,5,2026-03-27,2026-03-30,2026-04-08
12211,89,23,5,2026-04-04,2026-04-07,2026-04-16
12212,89,23,5,2026-04-11,2026-04-12,2026-04-23
12213,89,6,5,2026-04-26,2026-04-27,2026-05-08
12214,89,23,5,2026-05-02,2026-05-05,2026-05-14
12215,89,23,5,2026-05-11,2026-05-12,2026-05-23
12216,89,23,5,2026-05-23,2026-05-25,2026-06-04
12217,89,23,5,2026-05-30,2026-05-31,2026-06-11
12218,89,23,5,2026-06-09,2026-06-11,2026-06-21
12219,89,6,5,2026-06-12,2026-06-13,2026-06-24
12220,89,23,5,2026-06-29,2026-07-01,2026-07-11
12221,89,23,9,2024-07-04,2024-07-06,2024-07-16
12222,89,23,7,2024-07-18,2024-07-20,2024-07-30
12223,89,23,7,2024-07-25,2024-07-27,2024-08-06
12224,89,23,7,2024-08-04,2024-08-07,2024-08-16
12225,89,23,9,2024-08-14,2024-08-16,2024-08-26
12226,89,6,7,2024-08-20,2024-08-21,2024-09-01
12227,89,23,7,2024-08-24,2024-08-27,2024-09-05
12228,89,6,9,2024-09-10,2024-09-12,2024-09-22
12229,89,23,7,2024-09-15,2024-09-18,2024-09-27
12230,89,23,9,2024-09-20,2024-09-22,2024-10-02
12231,89,6,7,2024-10-07,2024-10-09,2024-10-19
12232,89,23,7,2024-10-09,2024-10-11,2024-10-21
12233,89,23,7,2024-10-17,2024-10-19,2024-10-29
12234,89,23,9,2024-10-29,2024-11-01,2024-11-10
12235,89,23,9,2024-11-11,2024-11-12,2024-11-23
12236,89,23,9,2024-11-18,2024-11-20,2024-11-30
12237,89,6,9,2024-11-22,2024-11-23,2024-12-04
12238,89,6,7,2024-12-06,2024-12-08,2024-12-18
12239,89,6,9,2024-12-16,2024-12-18,2024-12-28
12240,89,6,7,2024-12-22,2024-12-25,2025-01-03
12241,89,6,7,2025-01-03,2025-01-04,2025-01-15
12242,89,23,9,2025-01-11,2025-01-13,2025-01-23
12243,89,6,9,2025-01-21,2025-01-23,2025-02-02
12244,89,6,9,2025-01-29,2025-01-30,2025-02-10
12245,89,6,7,2025-02-02,2025-02-05,2025-02-14
12246,89,23,7,2025-02-13,2025-02-15,2025-02-25
12247,89,6,7,2025-02-23,2025-02-26,2025-03-07
12248,89,6,9,2025-03-09,2025-03-10,2025-03-21
12249,89,23,9,2025-03-12,2025-03-13,2025-03-24
12250,89,23,7,2025-03-24,2025-03-25,2025-04-05
12251,89,23,7,2025-03-30,2025-04-02,2025-04-11
12252,89,23,9,2025-04-13,2025-04-15,2025-04-25
12253,89,6,9,2025-04-17,2025-04-19,2025-04-29
12254,89,23,9,2025-04-27,2025-04-28,2025-05-09
12255,89,6,7,2025-05-08,2025-05-09,2025-05-20
12256,89,6,9,2025-05-17,2025-05-18,2025-05-29
12257,89,6,9,2025-05-27,2025-05-29,2025-06-08
12258,89,23,7,2025-06-05,2025-06-08,2025-06-17
12259,89,6,9,2025-06-12,2025-06-14,2025-06-24
12260,89,6,9,2025-06-18,2025-06-20,2025-06-30
12261,89,6,9,2025-06-29,2025-07-02,2025-07-11
12262,89,6,9,2025-07-13,2025-07-14,2025-07-25
12263,89,23,9,2025-07-19,2025-07-21,2025-07-31
12264,89,23,7,2025-07-23,2025-07-26,2025-08-04
12265,89,23,9,2025-08-07,2025-08-10,2025-08-19
12266,89,23,7,2025-08-16,2025-08-18,2025-08-28
12267,89,23,9,2025-08-19,2025-08-20,2025-08-31
12268,89,23,9,2025-09-01,2025-09-03,2025-09-13
12269,89,23,7,2025-09-13,2025-09-15,2025-09-25
12270,89,23,7,2025-09-18,2025-09-19,2025-09-30
12271,89,6,9,2025-09-27,2025-09-30,2025-10-09
12272,89,23,9,2025-10-06,2025-10-07,2025-10-18
12273,89,23,9,2025-10-18,2025-10-21,2025-10-30
12274,89,6,9,2025-10-27,2025-10-28,2025-11-08
12275,89,23,9,2025-11-01,2025-11-03,2025-11-13
12276,89,23,7,2025-11-11,2025-11-14,2025-11-23
12277,89,23,7,2025-11-18,2025-11-20,2025-11-30
12278,89,23,9,2025-11-30,2025-12-03,2025-12-12
12279,89,6,7,2025-12-11,2025-12-14,2025-12-23
12280,89,23,7,2025-12-16,2025-12-18,2025-12-28
12281,89,23,9,2025-12-24,2025-12-25,2026-01-05
12282,89,6,9,2026-01-06,2026-01-09,2026-01-18
12283,89,6,7,2026-01-18,2026-01-19,2026-01-30
12284,89,6,7,2026-01-24,2026-01-25,2026-02-05
12285,89,6,9,2026-02-04,2026-02-05,2026-02-16
12286,89,23,9,2026-02-13,2026-02-16,2026-02-25
12287,89,6,9,2026-02-19,2026-02-22,2026-03-03
12288,89,23,7,2026-02-25,2026-02-26,2026-03-09
12289,89,6,7,2026-03-11,2026-03-13,2026-03-23
12290,89,23,7,2026-03-17,2026-03-18,2026-03-29
12291,89,6,9,2026-03-23,2026-03-24,2026-04-04
12292,89,6,7,2026-04-03,2026-04-06,2026-04-15
12293,89,6,7,2026-04-12,2026-04-14,2026-04-24
12294,89,6,7,2026-04-23,2026-04-24,2026-05-05
12295,89,6,9,2026-05-03,2026-05-05,2026-05-15
12296,89,6,7,2026-05-11,2026-05-12,2026-05-23
12297,89,6,9,2026-05-16,2026-05-18,2026-05-28
12298,89,6,7,2026-05-27,2026-05-29,2026-06-08
12299,89,6,7,2026-06-08,2026-06-11,2026-06-20
12300,89,23,9,2026-06-12,2026-06-14,2026-06-24
12301,89,6,9,2026-06-25,2026-06-26,2026-07-07
12302,89,23,10,2024-07-01,2024-07-03,2024-07-13
12303,89,23,10,2024-07-15,2024-07-17,2024-07-27
12304,89,6,10,2024-07-23,2024-07-25,2024-08-04
12305,89,6,10,2024-07-31,2024-08-01,2024-08-12
12306,89,6,10,2024-08-08,2024-08-09,2024-08-20
12307,89,6,10,2024-08-16,2024-08-18,2024-08-28
12308,89,23,10,2024-08-28,2024-08-30,2024-09-09
12309,89,23,10,2024-09-04,2024-09-05,2024-09-16
12310,89,23,10,2024-09-16,2024-09-17,2024-09-28
12311,89,23,10,2024-09-27,2024-09-30,2024-10-09
12312,89,6,10,2024-10-03,2024-10-04,2024-10-15
12313,89,23,10,2024-10-12,2024-10-13,2024-10-24
12314,89,6,10,2024-10-24,2024-10-27,2024-11-05
12315,89,23,10,2024-10-28,2024-10-29,2024-11-09
12316,89,6,10,2024-11-11,2024-11-12,2024-11-23
12317,89,6,10,2024-11-15,2024-11-17,2024-11-27
12318,89,23,10,2024-11-25,2024-11-26,2024-12-07
12319,89,6,10,2024-12-03,2024-12-06,2024-12-15
12320,89,23,10,2024-12-15,2024-12-18,2024-12-27
12321,89,23,10,2024-12-25,2024-12-28,2025-01-06
12322,89,23,10,2025-01-01,2025-01-02,2025-01-13
12323,89,23,10,2025-01-14,2025-01-15,2025-01-26
12324,89,6,10,2025-01-23,2025-01-25,2025-02-04
12325,89,6,10,2025-01-30,2025-02-02,2025-02-11
12326,89,6,10,2025-02-05,2025-02-07,2025-02-17
12327,89,6,10,2025-02-13,2025-02-14,2025-02-25
12328,89,23,10,2025-02-26,2025-03-01,2025-03-10
12329,89,6,10,2025-03-05,2025-03-06,2025-03-17
12330,89,6,10,2025-03-15,2025-03-18,2025-03-27
12331,89,23,10,2025-03-25,2025-03-27,2025-04-06
12332,89,23,10,2025-03-30,2025-04-02,2025-04-11
12333,89,23,10,2025-04-08,2025-04-11,2025-04-20
12334,89,6,10,2025-04-21,2025-04-22,2025-05-03
12335,89,6,10,2025-04-28,2025-04-30,2025-05-10
12336,89,23,10,2025-05-09,2025-05-11,2025-05-21
12337,89,23,10,2025-05-12,2025-05-14,2025-05-24
12338,89,6,10,2025-05-24,2025-05-27,2025-06-05
12339,89,23,10,2025-05-31,2025-06-02,2025-06-12
12340,89,6,10,2025-06-09,2025-06-10,2025-06-21
12341,89,23,10,2025-06-22,2025-06-23,2025-07-04
12342,89,6,10,2025-06-26,2025-06-27,2025-07-08
12343,89,23,10,2025-07-08,2025-07-09,2025-07-20
12344,89,23,10,2025-07-22,2025-07-25,2025-08-03
12345,89,23,10,2025-07-25,2025-07-27,2025-08-06
12346,89,23,10,2025-08-04,2025-08-06,2025-08-16
12347,89,6,10,2025-08-17,2025-08-19,2025-08-29
12348,89,23,10,2025-08-19,2025-08-21,2025-08-31
12349,89,23,10,2025-08-29,2025-08-31,2025-09-10
12350,89,23,10,2025-09-14,2025-09-16,2025-09-26
12351,89,23,10,2025-09-16,2025-09-17,2025-09-28
12352,89,23,10,2025-10-02,2025-10-05,2025-10-14
12353,89,23,10,2025-10-05,2025-10-07,2025-10-17
12354,89,23,10,2025-10-20,2025-10-21,2025-11-01
12355,89,6,10,2025-10-27,2025-10-29,2025-11-08
12356,89,6,10,2025-10-30,2025-11-02,2025-11-11
12357,89,6,10,2025-11-14,2025-11-17,2025-11-26
12358,89,23,10,2025-11-23,2025-11-26,2025-12-05
12359,89,6,10,2025-12-04,2025-12-05,2025-12-16
12360,89,23,10,2025-12-09,2025-12-12,2025-12-21
12361,89,6,10,2025-12-19,2025-12-20,2025-12-31
12362,89,6,10,2025-12-31,2026-01-01,2026-01-12
12363,89,23,10,2026-01-06,2026-01-07,2026-01-18
12364,89,6,10,2026-01-17,2026-01-20,2026-01-29
12365,89,23,10,2026-01-22,2026-01-25,2026-02-03
12366,89,6,10,2026-01-31,2026-02-02,2026-02-12
12367,89,23,10,2026-02-14,2026-02-17,2026-02-26
12368,89,6,10,2026-02-17,2026-02-18,2026-03-01
12369,89,23,10,2026-03-02,2026-03-04,2026-03-14
12370,89,6,10,2026-03-05,2026-03-06,2026-03-17
12371,89,6,10,2026-03-14,2026-03-15,2026-03-26
12372,89,23,10,2026-03-28,2026-03-30,2026-04-09
12373,89,23,10,2026-04-07,2026-04-09,2026-04-19
12374,89,6,10,2026-04-15,2026-04-17,2026-04-27
12375,89,6,10,2026-04-22,2026-04-25,2026-05-04
12376,89,23,10,2026-04-30,2026-05-03,2026-05-12
12377,89,23,10,2026-05-09,2026-05-10,2026-05-21
12378,89,23,10,2026-05-16,2026-05-17,2026-05-28
12379,89,6,10,2026-05-29,2026-05-30,2026-06-10
12380,89,23,10,2026-06-04,2026-06-06,2026-06-16
12381,89,6,10,2026-06-19,2026-06-21,2026-07-01
12382,89,6,10,2026-06-26,2026-06-27,2026-07-08
12383,90,18,5,2024-09-14,2024-09-16,2027-04-24
12384,90,24,5,2024-11-22,2024-11-23,2027-07-02
12385,90,24,5,2025-05-02,2025-05-05,2027-12-10
12386,90,24,10,2025-07-16,2025-07-17,2028-02-23
12387,90,24,6,2026-01-26,2026-01-28,2028-09-04
12388,90,24,10,2026-05-08,2026-05-09,2028-12-15
12389,91,17,6,2024-07-24,2024-07-25,2026-10-05
12390,91,5,5,2024-12-15,2024-12-17,2027-02-26
12391,91,10,5,2025-06-13,2025-06-15,2027-08-25
12392,91,17,5,2025-07-16,2025-07-17,2027-09-27
12393,91,17,5,2026-02-08,2026-02-09,2028-04-21
12394,91,5,5,2026-04-05,2026-04-07,2028-06-16
12395,92,13,3,2024-07-04,2024-07-05,2024-07-22
12396,92,13,3,2024-07-16,2024-07-18,2024-08-03
12397,92,13,1,2024-07-28,2024-07-31,2024-08-15
12398,92,13,3,2024-08-13,2024-08-16,2024-08-31
12399,92,13,1,2024-08-29,2024-08-31,2024-09-16
12400,92,13,3,2024-09-13,2024-09-16,2024-10-01
12401,92,13,1,2024-09-28,2024-10-01,2024-10-16
12402,92,13,1,2024-10-01,2024-10-04,2024-10-19
12403,92,13,1,2024-10-18,2024-10-19,2024-11-05
12404,92,13,1,2024-11-03,2024-11-06,2024-11-21
12405,92,13,1,2024-11-15,2024-11-18,2024-12-03
12406,92,13,1,2024-11-21,2024-11-23,2024-12-09
12407,92,13,3,2024-12-08,2024-12-09,2024-12-26
12408,92,13,1,2024-12-27,2024-12-30,2025-01-14
12409,92,13,1,2025-01-06,2025-01-08,2025-01-24
12410,92,13,1,2025-01-16,2025-01-17,2025-02-03
12411,92,13,1,2025-02-04,2025-02-06,2025-02-22
12412,92,13,3,2025-02-17,2025-02-20,2025-03-07
12413,92,13,3,2025-02-27,2025-02-28,2025-03-17
12414,92,13,1,2025-03-15,2025-03-16,2025-04-02
12415,92,13,3,2025-03-26,2025-03-28,2025-04-13
12416,92,13,3,2025-04-08,2025-04-11,2025-04-26
12417,92,13,3,2025-04-25,2025-04-26,2025-05-13
12418,92,13,3,2025-05-03,2025-05-04,2025-05-21
12419,92,13,1,2025-05-19,2025-05-20,2025-06-06
12420,92,13,3,2025-05-22,2025-05-23,2025-06-09
12421,92,13,1,2025-06-13,2025-06-16,2025-07-01
12422,92,13,3,2025-06-18,2025-06-19,2025-07-06
12423,92,13,1,2025-07-09,2025-07-10,2025-07-27
12424,92,13,1,2025-07-24,2025-07-25,2025-08-11
12425,92,13,1,2025-07-27,2025-07-28,2025-08-14
12426,92,13,1,2025-08-12,2025-08-14,2025-08-30
12427,92,13,1,2025-08-29,2025-08-31,2025-09-16
12428,92,13,3,2025-09-10,2025-09-13,2025-09-28
12429,92,13,1,2025-09-24,2025-09-25,2025-10-12
12430,92,13,1,2025-10-01,2025-10-03,2025-10-19
12431,92,13,1,2025-10-15,2025-10-17,2025-11-02
12432,92,13,1,2025-11-02,2025-11-04,2025-11-20
12433,92,13,1,2025-11-09,2025-11-11,2025-11-27
12434,92,13,3,2025-12-02,2025-12-04,2025-12-20
12435,92,13,1,2025-12-11,2025-12-13,2025-12-29
12436,92,13,1,2025-12-27,2025-12-29,2026-01-14
12437,92,13,1,2026-01-07,2026-01-10,2026-01-25
12438,92,13,3,2026-01-21,2026-01-23,2026-02-08
12439,92,13,3,2026-02-05,2026-02-06,2026-02-23
12440,92,13,1,2026-02-13,2026-02-16,2026-03-03
12441,92,13,3,2026-02-20,2026-02-21,2026-03-10
12442,92,13,1,2026-03-09,2026-03-12,2026-03-27
12443,92,13,3,2026-03-18,2026-03-21,2026-04-05
12444,92,13,1,2026-04-07,2026-04-09,2026-04-25
12445,92,13,3,2026-04-16,2026-04-17,2026-05-04
12446,92,13,3,2026-04-30,2026-05-01,2026-05-18
12447,92,13,1,2026-05-09,2026-05-11,2026-05-27
12448,92,13,1,2026-05-29,2026-05-31,2026-06-16
12449,92,13,1,2026-06-14,2026-06-15,2026-07-02
12450,92,13,1,2026-06-21,2026-06-24,2026-07-09
12451,92,13,4,2024-07-07,2024-07-08,2024-07-25
12452,92,13,4,2024-07-20,2024-07-22,2024-08-07
12453,92,13,4,2024-07-28,2024-07-30,2024-08-15
12454,92,13,4,2024-08-17,2024-08-20,2024-09-04
12455,92,13,4,2024-08-28,2024-08-29,2024-09-15
12456,92,13,4,2024-09-13,2024-09-15,2024-10-01
12457,92,13,4,2024-09-28,2024-09-29,2024-10-16
12458,92,13,4,2024-09-30,2024-10-01,2024-10-18
12459,92,13,4,2024-10-24,2024-10-26,2024-11-11
12460,92,13,4,2024-11-07,2024-11-09,2024-11-25
12461,92,13,4,2024-11-19,2024-11-21,2024-12-07
12462,92,13,4,2024-11-21,2024-11-22,2024-12-09
12463,92,13,4,2024-12-12,2024-12-15,2024-12-30
12464,92,13,4,2024-12-21,2024-12-23,2025-01-08
12465,92,13,4,2025-01-03,2025-01-04,2025-01-21
12466,92,13,4,2025-01-16,2025-01-18,2025-02-03
12467,92,13,4,2025-01-30,2025-02-01,2025-02-17
12468,92,13,4,2025-02-12,2025-02-14,2025-03-02
12469,92,13,4,2025-02-23,2025-02-24,2025-03-13
12470,92,13,4,2025-03-14,2025-03-16,2025-04-01
12471,92,13,4,2025-03-24,2025-03-26,2025-04-11
12472,92,13,4,2025-03-31,2025-04-01,2025-04-18
12473,92,13,4,2025-04-25,2025-04-26,2025-05-13
12474,92,13,4,2025-04-30,2025-05-03,2025-05-18
12475,92,13,4,2025-05-15,2025-05-16,2025-06-02
12476,92,13,4,2025-05-25,2025-05-28,2025-06-12
12477,92,13,4,2025-06-11,2025-06-13,2025-06-29
12478,92,13,4,2025-06-19,2025-06-22,2025-07-07
12479,92,13,4,2025-07-01,2025-07-03,2025-07-19
12480,92,13,4,2025-07-19,2025-07-20,2025-08-06
12481,92,13,4,2025-08-03,2025-08-05,2025-08-21
12482,92,13,4,2025-08-18,2025-08-21,2025-09-05
12483,92,13,4,2025-08-31,2025-09-02,2025-09-18
12484,92,13,4,2025-09-08,2025-09-09,2025-09-26
12485,92,13,4,2025-09-22,2025-09-25,2025-10-10
12486,92,13,4,2025-10-09,2025-10-11,2025-10-27
12487,92,13,4,2025-10-22,2025-10-25,2025-11-09
12488,92,13,4,2025-10-30,2025-11-01,2025-11-17
12489,92,13,4,2025-11-09,2025-11-10,2025-11-27
12490,92,13,4,2025-12-02,2025-12-05,2025-12-20
12491,92,13,4,2025-12-03,2025-12-05,2025-12-21
12492,92,13,4,2025-12-27,2025-12-29,2026-01-14
12493,92,13,4,2025-12-30,2026-01-01,2026-01-17
12494,92,13,4,2026-01-17,2026-01-19,2026-02-04
12495,92,13,4,2026-01-25,2026-01-27,2026-02-12
12496,92,13,4,2026-02-16,2026-02-18,2026-03-06
12497,92,13,4,2026-03-03,2026-03-06,2026-03-21
12498,92,13,4,2026-03-15,2026-03-17,2026-04-02
12499,92,13,4,2026-03-29,2026-04-01,2026-04-16
12500,92,13,4,2026-04-09,2026-04-12,2026-04-27
12501,92,13,4,2026-04-14,2026-04-16,2026-05-02
12502,92,13,4,2026-04-29,2026-04-30,2026-05-17
12503,92,13,4,2026-05-13,2026-05-14,2026-05-31
12504,92,13,4,2026-06-02,2026-06-03,2026-06-20
12505,92,13,4,2026-06-04,2026-06-05,2026-06-22
12506,92,13,4,2026-06-26,2026-06-29,2026-07-14
12507,92,13,4,2026-06-30,2026-07-03,2026-07-18
12508,92,13,5,2024-07-05,2024-07-08,2024-07-23
12509,92,13,5,2024-07-25,2024-07-26,2024-08-12
12510,92,13,5,2024-08-03,2024-08-06,2024-08-21
12511,92,13,5,2024-08-10,2024-08-13,2024-08-28
12512,92,13,5,2024-09-02,2024-09-03,2024-09-20
12513,92,13,5,2024-09-14,2024-09-15,2024-10-02
12514,92,13,5,2024-09-22,2024-09-23,2024-10-10
12515,92,13,5,2024-10-03,2024-10-05,2024-10-21
12516,92,13,5,2024-10-18,2024-10-21,2024-11-05
12517,92,13,5,2024-10-27,2024-10-30,2024-11-14
12518,92,13,5,2024-11-14,2024-11-16,2024-12-02
12519,92,13,5,2024-12-03,2024-12-06,2024-12-21
12520,92,13,5,2024-12-09,2024-12-11,2024-12-27
12521,92,13,5,2024-12-22,2024-12-25,2025-01-09
12522,92,13,5,2025-01-11,2025-01-13,2025-01-29
12523,92,13,5,2025-01-17,2025-01-20,2025-02-04
12524,92,13,5,2025-02-01,2025-02-04,2025-02-19
12525,92,13,5,2025-02-11,2025-02-12,2025-03-01
12526,92,13,5,2025-03-01,2025-03-03,2025-03-19
12527,92,13,5,2025-03-14,2025-03-16,2025-04-01
12528,92,13,5,2025-03-21,2025-03-24,2025-04-08
12529,92,13,5,2025-04-05,2025-04-07,2025-04-23
12530,92,13,5,2025-04-25,2025-04-26,2025-05-13
12531,92,13,5,2025-05-04,2025-05-05,2025-05-22
12532,92,13,5,2025-05-17,2025-05-18,2025-06-04
12533,92,13,5,2025-05-22,2025-05-23,2025-06-09
12534,92,13,5,2025-06-09,2025-06-12,2025-06-27
12535,92,13,5,2025-06-26,2025-06-28,2025-07-14
12536,92,13,5,2025-07-06,2025-07-09,2025-07-24
12537,92,13,5,2025-07-18,2025-07-19,2025-08-05
12538,92,13,5,2025-08-03,2025-08-05,2025-08-21
12539,92,13,5,2025-08-15,2025-08-16,2025-09-02
12540,92,13,5,2025-08-22,2025-08-23,2025-09-09
12541,92,13,5,2025-09-10,2025-09-11,2025-09-28
12542,92,13,5,2025-09-20,2025-09-22,2025-10-08
12543,92,13,5,2025-10-10,2025-10-12,2025-10-28
12544,92,13,5,2025-10-23,2025-10-25,2025-11-10
12545,92,13,5,2025-11-05,2025-11-07,2025-11-23
12546,92,13,5,2025-11-16,2025-11-17,2025-12-04
12547,92,13,5,2025-12-02,2025-12-05,2025-12-20
12548,92,13,5,2025-12-06,2025-12-07,2025-12-24
12549,92,13,5,2025-12-20,2025-12-21,2026-01-07
12550,92,13,5,2026-01-02,2026-01-05,2026-01-20
12551,92,13,5,2026-01-15,2026-01-16,2026-02-02
12552,92,13,5,2026-01-24,2026-01-26,2026-02-11
12553,92,13,5,2026-02-14,2026-02-16,2026-03-04
12554,92,13,5,2026-02-25,2026-02-28,2026-03-15
12555,92,13,5,2026-03-07,2026-03-09,2026-03-25
12556,92,13,5,2026-03-28,2026-03-31,2026-04-15
12557,92,13,5,2026-04-06,2026-04-08,2026-04-24
12558,92,13,5,2026-04-19,2026-04-21,2026-05-07
12559,92,13,5,2026-04-30,2026-05-01,2026-05-18
12560,92,13,5,2026-05-16,2026-05-19,2026-06-03
12561,92,13,5,2026-05-24,2026-05-26,2026-06-11
12562,92,13,5,2026-06-07,2026-06-09,2026-06-25
12563,92,13,5,2026-06-22,2026-06-23,2026-07-10
12564,92,13,9,2024-07-12,2024-07-13,2024-07-30
12565,92,13,9,2024-07-14,2024-07-16,2024-08-01
12566,92,13,9,2024-08-04,2024-08-07,2024-08-22
12567,92,13,9,2024-08-21,2024-08-24,2024-09-08
12568,92,13,9,2024-08-25,2024-08-26,2024-09-12
12569,92,13,7,2024-09-11,2024-09-12,2024-09-29
12570,92,13,7,2024-09-20,2024-09-22,2024-10-08
12571,92,13,9,2024-10-06,2024-10-07,2024-10-24
12572,92,13,9,2024-10-14,2024-10-15,2024-11-01
12573,92,13,7,2024-11-04,2024-11-05,2024-11-22
12574,92,13,7,2024-11-10,2024-11-13,2024-11-28
12575,92,13,9,2024-11-23,2024-11-25,2024-12-11
12576,92,13,9,2024-12-11,2024-12-12,2024-12-29
12577,92,13,7,2024-12-21,2024-12-22,2025-01-08
12578,92,13,7,2024-12-30,2025-01-02,2025-01-17
12579,92,13,9,2025-01-12,2025-01-13,2025-01-30
12580,92,13,7,2025-02-03,2025-02-06,2025-02-21
12581,92,13,9,2025-02-11,2025-02-14,2025-03-01
12582,92,13,7,2025-03-03,2025-03-06,2025-03-21
12583,92,13,9,2025-03-10,2025-03-13,2025-03-28
12584,92,13,7,2025-03-22,2025-03-23,2025-04-09
12585,92,13,9,2025-04-08,2025-04-09,2025-04-26
12586,92,13,7,2025-04-21,2025-04-22,2025-05-09
12587,92,13,9,2025-05-02,2025-05-03,2025-05-20
12588,92,13,7,2025-05-21,2025-05-22,2025-06-08
12589,92,13,7,2025-05-24,2025-05-25,2025-06-11
12590,92,13,9,2025-06-11,2025-06-12,2025-06-29
12591,92,13,7,2025-06-21,2025-06-23,2025-07-09
12592,92,13,9,2025-07-06,2025-07-08,2025-07-24
12593,92,13,7,2025-07-20,2025-07-21,2025-08-07
12594,92,13,9,2025-08-03,2025-08-05,2025-08-21
12595,92,13,7,2025-08-12,2025-08-15,2025-08-30
12596,92,13,9,2025-09-02,2025-09-03,2025-09-20
12597,92,13,9,2025-09-11,2025-09-14,2025-09-29
12598,92,13,7,2025-09-18,2025-09-19,2025-10-06
12599,92,13,9,2025-09-30,2025-10-02,2025-10-18
12600,92,13,9,2025-10-13,2025-10-15,2025-10-31
12601,92,13,7,2025-11-06,2025-11-07,2025-11-24
12602,92,13,9,2025-11-10,2025-11-12,2025-11-28
12603,92,13,9,2025-11-21,2025-11-23,2025-12-09
12604,92,13,7,2025-12-05,2025-12-06,2025-12-23
12605,92,13,7,2025-12-26,2025-12-28,2026-01-13
12606,92,13,9,2026-01-07,2026-01-09,2026-01-25
12607,92,13,9,2026-01-11,2026-01-13,2026-01-29
12608,92,13,7,2026-01-26,2026-01-29,2026-02-13
12609,92,13,7,2026-02-10,2026-02-11,2026-02-28
12610,92,13,9,2026-03-03,2026-03-04,2026-03-21
12611,92,13,9,2026-03-15,2026-03-17,2026-04-02
12612,92,13,9,2026-03-20,2026-03-21,2026-04-07
12613,92,13,9,2026-04-10,2026-04-12,2026-04-28
12614,92,13,9,2026-04-24,2026-04-26,2026-05-12
12615,92,13,9,2026-05-02,2026-05-05,2026-05-20
12616,92,13,9,2026-05-12,2026-05-13,2026-05-30
12617,92,13,7,2026-05-30,2026-06-01,2026-06-17
12618,92,13,7,2026-06-06,2026-06-09,2026-06-24
12619,92,13,7,2026-06-26,2026-06-27,2026-07-14
12620,92,13,10,2024-07-13,2024-07-15,2024-07-31
12621,92,13,10,2024-07-18,2024-07-19,2024-08-05
12622,92,13,10,2024-08-05,2024-08-08,2024-08-23
12623,92,13,10,2024-08-14,2024-08-16,2024-09-01
12624,92,13,10,2024-08-23,2024-08-24,2024-09-10
12625,92,13,10,2024-09-07,2024-09-08,2024-09-25
12626,92,13,10,2024-09-27,2024-09-29,2024-10-15
12627,92,13,10,2024-10-10,2024-10-11,2024-10-28
12628,92,13,10,2024-10-16,2024-10-18,2024-11-03
12629,92,13,10,2024-11-03,2024-11-05,2024-11-21
12630,92,13,10,2024-11-17,2024-11-19,2024-12-05
12631,92,13,10,2024-11-28,2024-11-29,2024-12-16
12632,92,13,10,2024-12-06,2024-12-07,2024-12-24
12633,92,13,10,2024-12-25,2024-12-27,2025-01-12
12634,92,13,10,2025-01-10,2025-01-12,2025-01-28
12635,92,13,10,2025-01-13,2025-01-14,2025-01-31
12636,92,13,10,2025-01-26,2025-01-29,2025-02-13
12637,92,13,10,2025-02-10,2025-02-11,2025-02-28
12638,92,13,10,2025-02-21,2025-02-24,2025-03-11
12639,92,13,10,2025-03-15,2025-03-17,2025-04-02
12640,92,13,10,2025-03-19,2025-03-20,2025-04-06
12641,92,13,10,2025-04-10,2025-04-12,2025-04-28
12642,92,13,10,2025-04-17,2025-04-20,2025-05-05
12643,92,13,10,2025-05-07,2025-05-08,2025-05-25
12644,92,13,10,2025-05-20,2025-05-22,2025-06-07
12645,92,13,10,2025-05-27,2025-05-30,2025-06-14
12646,92,13,10,2025-06-11,2025-06-14,2025-06-29
12647,92,13,10,2025-06-29,2025-07-02,2025-07-17
12648,92,13,10,2025-07-01,2025-07-03,2025-07-19
12649,92,13,10,2025-07-18,2025-07-19,2025-08-05
12650,92,13,10,2025-07-27,2025-07-30,2025-08-14
12651,92,13,10,2025-08-08,2025-08-11,2025-08-26
12652,92,13,10,2025-09-02,2025-09-05,2025-09-20
12653,92,13,10,2025-09-03,2025-09-05,2025-09-21
12654,92,13,10,2025-09-23,2025-09-26,2025-10-11
12655,92,13,10,2025-09-30,2025-10-01,2025-10-18
12656,92,13,10,2025-10-20,2025-10-23,2025-11-07
12657,92,13,10,2025-10-26,2025-10-29,2025-11-13
12658,92,13,10,2025-11-09,2025-11-11,2025-11-27
12659,92,13,10,2025-11-21,2025-11-24,2025-12-09
12660,92,13,10,2025-12-08,2025-12-10,2025-12-26
12661,92,13,10,2025-12-24,2025-12-26,2026-01-11
12662,92,13,10,2026-01-05,2026-01-06,2026-01-23
12663,92,13,10,2026-01-15,2026-01-16,2026-02-02
12664,92,13,10,2026-01-28,2026-01-29,2026-02-15
12665,92,13,10,2026-02-06,2026-02-08,2026-02-24
12666,92,13,10,2026-02-19,2026-02-22,2026-03-09
12667,92,13,10,2026-03-10,2026-03-12,2026-03-28
12668,92,13,10,2026-03-25,2026-03-26,2026-04-12
12669,92,13,10,2026-04-09,2026-04-11,2026-04-27
12670,92,13,10,2026-04-23,2026-04-25,2026-05-11
12671,92,13,10,2026-04-30,2026-05-01,2026-05-18
12672,92,13,10,2026-05-14,2026-05-15,2026-06-01
12673,92,13,10,2026-05-22,2026-05-25,2026-06-09
12674,92,13,10,2026-06-07,2026-06-09,2026-06-25
12675,92,13,10,2026-06-20,2026-06-21,2026-07-08
12676,93,3,3,2024-07-01,2024-07-04,2024-07-04
12677,93,17,1,2024-07-14,2024-07-15,2024-07-17
12678,93,17,3,2024-07-20,2024-07-22,2024-07-23
12679,93,17,1,2024-07-22,2024-07-24,2024-07-25
12680,93,3,3,2024-08-03,2024-08-05,2024-08-06
12681,93,3,3,2024-08-11,2024-08-13,2024-08-14
12682,93,3,3,2024-08-16,2024-08-19,2024-08-19
12683,93,17,1,2024-08-22,2024-08-25,2024-08-25
12684,93,17,3,2024-09-01,2024-09-04,2024-09-04
12685,93,17,1,2024-09-02,2024-09-03,2024-09-05
12686,93,3,3,2024-09-11,2024-09-14,2024-09-14
12687,93,17,3,2024-09-17,2024-09-20,2024-09-20
12688,93,17,1,2024-09-23,2024-09-24,2024-09-26
12689,93,3,3,2024-09-30,2024-10-01,2024-10-03
12690,93,3,1,2024-10-09,2024-10-12,2024-10-12
12691,93,3,3,2024-10-20,2024-10-22,2024-10-23
12692,93,17,3,2024-10-25,2024-10-26,2024-10-28
12693,93,3,3,2024-11-02,2024-11-03,2024-11-05
12694,93,17,1,2024-11-10,2024-11-13,2024-11-13
12695,93,3,1,2024-11-11,2024-11-13,2024-11-14
12696,93,17,1,2024-11-24,2024-11-26,2024-11-27
12697,93,3,1,2024-11-30,2024-12-02,2024-12-03
12698,93,3,1,2024-12-04,2024-12-07,2024-12-07
12699,93,3,3,2024-12-09,2024-12-12,2024-12-12
12700,93,3,1,2024-12-22,2024-12-24,2024-12-25
12701,93,17,1,2024-12-28,2024-12-31,2024-12-31
12702,93,3,1,2025-01-01,2025-01-02,2025-01-04
12703,93,17,3,2025-01-12,2025-01-15,2025-01-15
12704,93,3,3,2025-01-19,2025-01-21,2025-01-22
12705,93,17,1,2025-01-23,2025-01-24,2025-01-26
12706,93,3,3,2025-01-27,2025-01-28,2025-01-30
12707,93,3,3,2025-02-07,2025-02-10,2025-02-10
12708,93,3,1,2025-02-14,2025-02-15,2025-02-17
12709,93,17,3,2025-02-18,2025-02-21,2025-02-21
12710,93,3,1,2025-02-28,2025-03-02,2025-03-03
12711,93,17,1,2025-03-05,2025-03-06,2025-03-08
12712,93,3,3,2025-03-10,2025-03-11,2025-03-13
12713,93,3,1,2025-03-18,2025-03-19,2025-03-21
12714,93,17,1,2025-03-28,2025-03-29,2025-03-31
12715,93,3,3,2025-04-05,2025-04-06,2025-04-08
12716,93,3,1,2025-04-13,2025-04-16,2025-04-16
12717,93,17,3,2025-04-19,2025-04-20,2025-04-22
12718,93,17,1,2025-04-24,2025-04-27,2025-04-27
12719,93,3,3,2025-05-01,2025-05-03,2025-05-04
12720,93,17,3,2025-05-06,2025-05-07,2025-05-09
12721,93,3,1,2025-05-18,2025-05-20,2025-05-21
12722,93,3,1,2025-05-25,2025-05-28,2025-05-28
12723,93,3,3,2025-05-29,2025-06-01,2025-06-01
12724,93,3,3,2025-06-08,2025-06-10,2025-06-11
12725,93,3,3,2025-06-09,2025-06-11,2025-06-12
12726,93,3,1,2025-06-17,2025-06-20,2025-06-20
12727,93,17,3,2025-06-29,2025-06-30,2025-07-02
12728,93,17,3,2025-07-01,2025-07-04,2025-07-04
12729,93,3,3,2025-07-08,2025-07-09,2025-07-11
12730,93,17,1,2025-07-15,2025-07-16,2025-07-18
12731,93,3,3,2025-07-24,2025-07-25,2025-07-27
12732,93,3,3,2025-07-29,2025-07-31,2025-08-01
12733,93,3,1,2025-08-04,2025-08-07,2025-08-07
12734,93,17,1,2025-08-16,2025-08-17,2025-08-19
12735,93,17,1,2025-08-22,2025-08-23,2025-08-25
12736,93,17,3,2025-08-31,2025-09-02,2025-09-03
12737,93,17,3,2025-09-02,2025-09-05,2025-09-05
12738,93,17,3,2025-09-13,2025-09-16,2025-09-16
12739,93,3,1,2025-09-18,2025-09-21,2025-09-21
12740,93,3,3,2025-09-24,2025-09-27,2025-09-27
12741,93,17,1,2025-10-05,2025-10-07,2025-10-08
12742,93,17,3,2025-10-06,2025-10-09,2025-10-09
12743,93,3,3,2025-10-18,2025-10-21,2025-10-21
12744,93,3,3,2025-10-21,2025-10-24,2025-10-24
12745,93,3,1,2025-11-02,2025-11-05,2025-11-05
12746,93,3,1,2025-11-07,2025-11-10,2025-11-10
12747,93,3,1,2025-11-10,2025-11-12,2025-11-13
12748,93,17,1,2025-11-19,2025-11-21,2025-11-22
12749,93,3,3,2025-11-27,2025-11-28,2025-11-30
12750,93,17,3,2025-12-02,2025-12-03,2025-12-05
12751,93,17,3,2025-12-12,2025-12-15,2025-12-15
12752,93,17,3,2025-12-15,2025-12-17,2025-12-18
12753,93,17,1,2025-12-27,2025-12-29,2025-12-30
12754,93,17,1,2026-01-04,2026-01-07,2026-01-07
12755,93,17,3,2026-01-10,2026-01-11,2026-01-13
12756,93,3,1,2026-01-14,2026-01-17,2026-01-17
12757,93,17,1,2026-01-19,2026-01-21,2026-01-22
12758,93,17,3,2026-01-28,2026-01-31,2026-01-31
12759,93,17,1,2026-02-04,2026-02-06,2026-02-07
12760,93,17,1,2026-02-13,2026-02-14,2026-02-16
12761,93,17,1,2026-02-22,2026-02-24,2026-02-25
12762,93,3,3,2026-02-28,2026-03-02,2026-03-03
12763,93,17,1,2026-03-05,2026-03-08,2026-03-08
12764,93,3,1,2026-03-12,2026-03-15,2026-03-15
12765,93,17,1,2026-03-16,2026-03-19,2026-03-19
12766,93,3,3,2026-03-27,2026-03-28,2026-03-30
12767,93,3,3,2026-03-30,2026-04-02,2026-04-02
12768,93,3,3,2026-04-11,2026-04-12,2026-04-14
12769,93,17,1,2026-04-16,2026-04-19,2026-04-19
12770,93,3,3,2026-04-25,2026-04-28,2026-04-28
12771,93,17,1,2026-04-27,2026-04-29,2026-04-30
12772,93,17,3,2026-05-06,2026-05-08,2026-05-09
12773,93,3,3,2026-05-14,2026-05-15,2026-05-17
12774,93,3,3,2026-05-20,2026-05-22,2026-05-23
12775,93,17,1,2026-05-30,2026-05-31,2026-06-02
12776,93,3,3,2026-06-01,2026-06-04,2026-06-04
12777,93,3,1,2026-06-14,2026-06-16,2026-06-17
12778,93,17,1,2026-06-19,2026-06-22,2026-06-22
12779,93,17,1,2026-06-26,2026-06-27,2026-06-29
12780,93,17,4,2024-07-06,2024-07-08,2024-07-09
12781,93,17,4,2024-07-08,2024-07-11,2024-07-11
12782,93,17,4,2024-07-20,2024-07-22,2024-07-23
12783,93,3,4,2024-07-27,2024-07-29,2024-07-30
12784,93,17,4,2024-08-02,2024-08-05,2024-08-05
12785,93,17,4,2024-08-08,2024-08-09,2024-08-11
12786,93,17,4,2024-08-16,2024-08-17,2024-08-19
12787,93,3,4,2024-08-23,2024-08-26,2024-08-26
12788,93,17,4,2024-08-31,2024-09-01,2024-09-03
12789,93,17,4,2024-09-08,2024-09-10,2024-09-11
12790,93,3,4,2024-09-10,2024-09-13,2024-09-13
12791,93,17,4,2024-09-17,2024-09-18,2024-09-20
12792,93,17,4,2024-09-28,2024-09-30,2024-10-01
12793,93,17,4,2024-10-03,2024-10-05,2024-10-06
12794,93,17,4,2024-10-10,2024-10-13,2024-10-13
12795,93,3,4,2024-10-17,2024-10-18,2024-10-20
12796,93,17,4,2024-10-22,2024-10-24,2024-10-25
12797,93,17,4,2024-10-28,2024-10-31,2024-10-31
12798,93,17,4,2024-11-06,2024-11-09,2024-11-09
12799,93,3,4,2024-11-17,2024-11-19,2024-11-20
12800,93,17,4,2024-11-24,2024-11-26,2024-11-27
12801,93,17,4,2024-11-29,2024-11-30,2024-12-02
12802,93,3,4,2024-12-06,2024-12-07,2024-12-09
12803,93,3,4,2024-12-12,2024-12-15,2024-12-15
12804,93,3,4,2024-12-21,2024-12-22,2024-12-24
12805,93,3,4,2024-12-26,2024-12-27,2024-12-29
12806,93,17,4,2025-01-02,2025-01-04,2025-01-05
12807,93,17,4,2025-01-11,2025-01-12,2025-01-14
12808,93,17,4,2025-01-14,2025-01-16,2025-01-17
12809,93,17,4,2025-01-24,2025-01-25,2025-01-27
12810,93,3,4,2025-01-28,2025-01-29,2025-01-31
12811,93,3,4,2025-02-07,2025-02-10,2025-02-10
12812,93,17,4,2025-02-13,2025-02-14,2025-02-16
12813,93,17,4,2025-02-17,2025-02-20,2025-02-20
12814,93,17,4,2025-02-28,2025-03-03,2025-03-03
12815,93,3,4,2025-03-08,2025-03-10,2025-03-11
12816,93,17,4,2025-03-11,2025-03-14,2025-03-14
12817,93,17,4,2025-03-17,2025-03-20,2025-03-20
12818,93,17,4,2025-03-28,2025-03-29,2025-03-31
12819,93,17,4,2025-04-03,2025-04-04,2025-04-06
12820,93,17,4,2025-04-08,2025-04-09,2025-04-11
12821,93,17,4,2025-04-18,2025-04-19,2025-04-21
12822,93,17,4,2025-04-25,2025-04-26,2025-04-28
12823,93,3,4,2025-05-03,2025-05-04,2025-05-06
12824,93,3,4,2025-05-10,2025-05-12,2025-05-13
12825,93,3,4,2025-05-17,2025-05-18,2025-05-20
12826,93,3,4,2025-05-20,2025-05-23,2025-05-23
12827,93,3,4,2025-05-26,2025-05-28,2025-05-29
12828,93,3,4,2025-06-07,2025-06-09,2025-06-10
12829,93,17,4,2025-06-13,2025-06-15,2025-06-16
12830,93,17,4,2025-06-17,2025-06-20,2025-06-20
12831,93,3,4,2025-06-24,2025-06-27,2025-06-27
12832,93,3,4,2025-07-01,2025-07-04,2025-07-04
12833,93,17,4,2025-07-09,2025-07-10,2025-07-12
12834,93,3,4,2025-07-20,2025-07-21,2025-07-23
12835,93,17,4,2025-07-21,2025-07-22,2025-07-24
12836,93,3,4,2025-08-01,2025-08-04,2025-08-04
12837,93,3,4,2025-08-07,2025-08-09,2025-08-10
12838,93,3,4,2025-08-12,2025-08-15,2025-08-15
12839,93,17,4,2025-08-22,2025-08-24,2025-08-25
12840,93,17,4,2025-08-31,2025-09-01,2025-09-03
12841,93,17,4,2025-09-02,2025-09-03,2025-09-05
12842,93,17,4,2025-09-14,2025-09-17,2025-09-17
12843,93,17,4,2025-09-18,2025-09-19,2025-09-21
12844,93,17,4,2025-09-24,2025-09-25,2025-09-27
12845,93,17,4,2025-10-02,2025-10-04,2025-10-05
12846,93,17,4,2025-10-07,2025-10-08,2025-10-10
12847,93,17,4,2025-10-15,2025-10-18,2025-10-18
12848,93,17,4,2025-10-23,2025-10-24,2025-10-26
12849,93,3,4,2025-10-30,2025-10-31,2025-11-02
12850,93,17,4,2025-11-03,2025-11-05,2025-11-06
12851,93,17,4,2025-11-16,2025-11-17,2025-11-19
12852,93,3,4,2025-11-22,2025-11-24,2025-11-25
12853,93,3,4,2025-11-25,2025-11-26,2025-11-28
12854,93,3,4,2025-12-04,2025-12-06,2025-12-07
12855,93,3,4,2025-12-11,2025-12-13,2025-12-14
12856,93,17,4,2025-12-18,2025-12-19,2025-12-21
12857,93,3,4,2025-12-28,2025-12-31,2025-12-31
12858,93,17,4,2025-12-31,2026-01-01,2026-01-03
12859,93,3,4,2026-01-05,2026-01-06,2026-01-08
12860,93,17,4,2026-01-14,2026-01-17,2026-01-17
12861,93,3,4,2026-01-23,2026-01-24,2026-01-26
12862,93,17,4,2026-01-28,2026-01-29,2026-01-31
12863,93,17,4,2026-02-06,2026-02-08,2026-02-09
12864,93,17,4,2026-02-09,2026-02-12,2026-02-12
12865,93,3,4,2026-02-16,2026-02-18,2026-02-19
12866,93,3,4,2026-02-26,2026-02-27,2026-03-01
12867,93,3,4,2026-03-02,2026-03-05,2026-03-05
12868,93,17,4,2026-03-14,2026-03-15,2026-03-17
12869,93,3,4,2026-03-22,2026-03-25,2026-03-25
12870,93,3,4,2026-03-28,2026-03-30,2026-03-31
12871,93,3,4,2026-04-03,2026-04-05,2026-04-06
12872,93,17,4,2026-04-07,2026-04-10,2026-04-10
12873,93,3,4,2026-04-19,2026-04-21,2026-04-22
12874,93,17,4,2026-04-21,2026-04-24,2026-04-24
12875,93,17,4,2026-05-02,2026-05-04,2026-05-05
12876,93,17,4,2026-05-04,2026-05-06,2026-05-07
12877,93,17,4,2026-05-17,2026-05-18,2026-05-20
12878,93,17,4,2026-05-22,2026-05-24,2026-05-25
12879,93,3,4,2026-05-31,2026-06-01,2026-06-03
12880,93,3,4,2026-06-03,2026-06-04,2026-06-06
12881,93,17,4,2026-06-13,2026-06-15,2026-06-16
12882,93,17,4,2026-06-15,2026-06-16,2026-06-18
12883,93,17,4,2026-06-27,2026-06-30,2026-06-30
12884,93,17,4,2026-06-29,2026-07-01,2026-07-02
12885,93,3,5,2024-07-07,2024-07-10,2024-07-10
12886,93,3,5,2024-07-14,2024-07-15,2024-07-17
12887,93,3,5,2024-07-18,2024-07-19,2024-07-21
12888,93,3,5,2024-07-27,2024-07-30,2024-07-30
12889,93,17,5,2024-08-01,2024-08-02,2024-08-04
12890,93,3,5,2024-08-09,2024-08-10,2024-08-12
12891,93,17,5,2024-08-12,2024-08-13,2024-08-15
12892,93,17,5,2024-08-24,2024-08-27,2024-08-27
12893,93,17,5,2024-08-30,2024-08-31,2024-09-02
12894,93,3,5,2024-09-05,2024-09-08,2024-09-08
12895,93,17,5,2024-09-12,2024-09-13,2024-09-15
12896,93,3,5,2024-09-17,2024-09-18,2024-09-20
12897,93,3,5,2024-09-27,2024-09-28,2024-09-30
12898,93,17,5,2024-10-03,2024-10-06,2024-10-06
12899,93,3,5,2024-10-10,2024-10-11,2024-10-13
12900,93,17,5,2024-10-20,2024-10-23,2024-10-23
12901,93,17,5,2024-10-21,2024-10-23,2024-10-24
12902,93,17,5,2024-10-31,2024-11-03,2024-11-03
12903,93,17,5,2024-11-09,2024-11-11,2024-11-12
12904,93,3,5,2024-11-15,2024-11-16,2024-11-18
12905,93,17,5,2024-11-23,2024-11-25,2024-11-26
12906,93,3,5,2024-11-27,2024-11-29,2024-11-30
12907,93,17,5,2024-12-02,2024-12-03,2024-12-05
12908,93,17,5,2024-12-11,2024-12-12,2024-12-14
12909,93,17,5,2024-12-19,2024-12-21,2024-12-22
12910,93,3,5,2024-12-27,2024-12-28,2024-12-30
12911,93,3,5,2024-12-31,2025-01-01,2025-01-03
12912,93,3,5,2025-01-08,2025-01-10,2025-01-11
12913,93,3,5,2025-01-19,2025-01-22,2025-01-22
12914,93,3,5,2025-01-25,2025-01-26,2025-01-28
12915,93,17,5,2025-01-27,2025-01-30,2025-01-30
12916,93,3,5,2025-02-07,2025-02-08,2025-02-10
12917,93,17,5,2025-02-12,2025-02-13,2025-02-15
12918,93,3,5,2025-02-23,2025-02-25,2025-02-26
12919,93,17,5,2025-02-27,2025-03-02,2025-03-02
12920,93,3,5,2025-03-04,2025-03-07,2025-03-07
12921,93,17,5,2025-03-14,2025-03-16,2025-03-17
12922,93,3,5,2025-03-23,2025-03-26,2025-03-26
12923,93,3,5,2025-03-27,2025-03-30,2025-03-30
12924,93,17,5,2025-04-05,2025-04-08,2025-04-08
12925,93,17,5,2025-04-12,2025-04-13,2025-04-15
12926,93,17,5,2025-04-14,2025-04-17,2025-04-17
12927,93,3,5,2025-04-24,2025-04-25,2025-04-27
12928,93,3,5,2025-05-02,2025-05-03,2025-05-05
12929,93,17,5,2025-05-11,2025-05-12,2025-05-14
12930,93,17,5,2025-05-15,2025-05-18,2025-05-18
12931,93,17,5,2025-05-24,2025-05-27,2025-05-27
12932,93,3,5,2025-05-26,2025-05-28,2025-05-29
12933,93,17,5,2025-06-02,2025-06-04,2025-06-05
12934,93,3,5,2025-06-11,2025-06-13,2025-06-14
12935,93,3,5,2025-06-21,2025-06-23,2025-06-24
12936,93,3,5,2025-06-26,2025-06-28,2025-06-29
12937,93,17,5,2025-07-02,2025-07-05,2025-07-05
12938,93,3,5,2025-07-08,2025-07-09,2025-07-11
12939,93,17,5,2025-07-18,2025-07-20,2025-07-21
12940,93,17,5,2025-07-26,2025-07-27,2025-07-29
12941,93,17,5,2025-08-01,2025-08-03,2025-08-04
12942,93,17,5,2025-08-06,2025-08-07,2025-08-09
12943,93,3,5,2025-08-16,2025-08-19,2025-08-19
12944,93,3,5,2025-08-21,2025-08-23,2025-08-24
12945,93,3,5,2025-08-25,2025-08-27,2025-08-28
12946,93,3,5,2025-09-07,2025-09-10,2025-09-10
12947,93,3,5,2025-09-11,2025-09-13,2025-09-14
12948,93,17,5,2025-09-15,2025-09-18,2025-09-18
12949,93,3,5,2025-09-26,2025-09-27,2025-09-29
12950,93,17,5,2025-09-29,2025-10-02,2025-10-02
12951,93,17,5,2025-10-10,2025-10-13,2025-10-13
12952,93,17,5,2025-10-16,2025-10-17,2025-10-19
12953,93,17,5,2025-10-22,2025-10-25,2025-10-25
12954,93,3,5,2025-10-27,2025-10-28,2025-10-30
12955,93,3,5,2025-11-05,2025-11-07,2025-11-08
12956,93,3,5,2025-11-14,2025-11-16,2025-11-17
12957,93,3,5,2025-11-19,2025-11-20,2025-11-22
12958,93,3,5,2025-11-30,2025-12-03,2025-12-03
12959,93,17,5,2025-12-05,2025-12-07,2025-12-08
12960,93,17,5,2025-12-14,2025-12-16,2025-12-17
12961,93,17,5,2025-12-18,2025-12-21,2025-12-21
12962,93,17,5,2025-12-26,2025-12-29,2025-12-29
12963,93,17,5,2025-12-30,2026-01-01,2026-01-02
12964,93,3,5,2026-01-08,2026-01-10,2026-01-11
12965,93,17,5,2026-01-12,2026-01-14,2026-01-15
12966,93,17,5,2026-01-25,2026-01-28,2026-01-28
12967,93,17,5,2026-01-26,2026-01-28,2026-01-29
12968,93,3,5,2026-02-03,2026-02-06,2026-02-06
12969,93,3,5,2026-02-14,2026-02-15,2026-02-17
12970,93,3,5,2026-02-16,2026-02-19,2026-02-19
12971,93,3,5,2026-02-28,2026-03-02,2026-03-03
12972,93,17,5,2026-03-04,2026-03-05,2026-03-07
12973,93,17,5,2026-03-09,2026-03-11,2026-03-12
12974,93,17,5,2026-03-17,2026-03-18,2026-03-20
12975,93,3,5,2026-03-23,2026-03-25,2026-03-26
12976,93,3,5,2026-03-31,2026-04-01,2026-04-03
12977,93,17,5,2026-04-11,2026-04-13,2026-04-14
12978,93,3,5,2026-04-16,2026-04-18,2026-04-19
12979,93,17,5,2026-04-26,2026-04-28,2026-04-29
12980,93,17,5,2026-05-03,2026-05-05,2026-05-06
12981,93,3,5,2026-05-07,2026-05-10,2026-05-10
12982,93,17,5,2026-05-13,2026-05-15,2026-05-16
12983,93,3,5,2026-05-21,2026-05-22,2026-05-24
12984,93,3,5,2026-05-25,2026-05-27,2026-05-28
12985,93,3,5,2026-06-03,2026-06-04,2026-06-06
12986,93,3,5,2026-06-09,2026-06-11,2026-06-12
12987,93,3,5,2026-06-20,2026-06-22,2026-06-23
12988,93,3,5,2026-06-24,2026-06-25,2026-06-27
12989,93,3,7,2024-07-05,2024-07-07,2024-07-08
12990,93,3,9,2024-07-14,2024-07-16,2024-07-17
12991,93,3,7,2024-07-15,2024-07-16,2024-07-18
12992,93,17,9,2024-07-22,2024-07-25,2024-07-25
12993,93,3,7,2024-07-31,2024-08-02,2024-08-03
12994,93,17,7,2024-08-09,2024-08-12,2024-08-12
12995,93,3,9,2024-08-15,2024-08-18,2024-08-18
12996,93,3,9,2024-08-25,2024-08-28,2024-08-28
12997,93,17,9,2024-08-26,2024-08-29,2024-08-29
12998,93,3,9,2024-09-06,2024-09-09,2024-09-09
12999,93,17,7,2024-09-14,2024-09-15,2024-09-17
13000,93,17,7,2024-09-21,2024-09-22,2024-09-24
13001,93,3,7,2024-09-27,2024-09-29,2024-09-30
13002,93,17,7,2024-10-06,2024-10-07,2024-10-09
13003,93,3,7,2024-10-10,2024-10-11,2024-10-13
13004,93,3,7,2024-10-18,2024-10-21,2024-10-21
13005,93,3,9,2024-10-25,2024-10-27,2024-10-28
13006,93,3,7,2024-11-03,2024-11-05,2024-11-06
13007,93,17,7,2024-11-07,2024-11-08,2024-11-10
13008,93,17,7,2024-11-14,2024-11-16,2024-11-17
13009,93,3,7,2024-11-18,2024-11-20,2024-11-21
13010,93,17,7,2024-11-29,2024-11-30,2024-12-02
13011,93,17,7,2024-12-06,2024-12-08,2024-12-09
13012,93,3,9,2024-12-11,2024-12-14,2024-12-14
13013,93,3,7,2024-12-18,2024-12-19,2024-12-21
13014,93,3,7,2024-12-28,2024-12-30,2024-12-31
13015,93,3,9,2025-01-01,2025-01-03,2025-01-04
13016,93,3,9,2025-01-12,2025-01-13,2025-01-15
13017,93,17,7,2025-01-14,2025-01-17,2025-01-17
13018,93,17,7,2025-01-26,2025-01-29,2025-01-29
13019,93,3,7,2025-01-31,2025-02-02,2025-02-03
13020,93,17,7,2025-02-03,2025-02-05,2025-02-06
13021,93,3,9,2025-02-15,2025-02-17,2025-02-18
13022,93,17,9,2025-02-18,2025-02-21,2025-02-21
13023,93,17,9,2025-02-24,2025-02-27,2025-02-27
13024,93,3,7,2025-03-07,2025-03-08,2025-03-10
13025,93,3,9,2025-03-10,2025-03-13,2025-03-13
13026,93,3,7,2025-03-21,2025-03-24,2025-03-24
13027,93,17,9,2025-03-25,2025-03-27,2025-03-28
13028,93,3,9,2025-04-02,2025-04-03,2025-04-05
13029,93,3,7,2025-04-13,2025-04-16,2025-04-16
13030,93,3,9,2025-04-19,2025-04-22,2025-04-22
13031,93,17,7,2025-04-25,2025-04-28,2025-04-28
13032,93,3,9,2025-04-28,2025-04-29,2025-05-01
13033,93,17,7,2025-05-06,2025-05-08,2025-05-09
13034,93,17,7,2025-05-14,2025-05-17,2025-05-17
13035,93,17,7,2025-05-25,2025-05-27,2025-05-28
13036,93,3,7,2025-05-30,2025-06-01,2025-06-02
13037,93,17,9,2025-06-03,2025-06-04,2025-06-06
13038,93,3,7,2025-06-12,2025-06-14,2025-06-15
13039,93,3,9,2025-06-21,2025-06-22,2025-06-24
13040,93,17,7,2025-06-24,2025-06-27,2025-06-27
13041,93,3,7,2025-07-01,2025-07-04,2025-07-04
13042,93,3,7,2025-07-13,2025-07-14,2025-07-16
13043,93,3,7,2025-07-17,2025-07-18,2025-07-20
13044,93,3,7,2025-07-24,2025-07-25,2025-07-27
13045,93,3,7,2025-07-28,2025-07-29,2025-07-31
13046,93,17,7,2025-08-05,2025-08-07,2025-08-08
13047,93,3,9,2025-08-16,2025-08-19,2025-08-19
13048,93,17,9,2025-08-20,2025-08-21,2025-08-23
13049,93,17,7,2025-08-28,2025-08-29,2025-08-31
13050,93,3,9,2025-09-02,2025-09-04,2025-09-05
13051,93,3,9,2025-09-13,2025-09-16,2025-09-16
13052,93,3,9,2025-09-17,2025-09-19,2025-09-20
13053,93,17,7,2025-09-28,2025-09-29,2025-10-01
13054,93,3,7,2025-10-02,2025-10-03,2025-10-05
13055,93,3,7,2025-10-08,2025-10-09,2025-10-11
13056,93,3,7,2025-10-17,2025-10-19,2025-10-20
13057,93,3,7,2025-10-26,2025-10-27,2025-10-29
13058,93,3,7,2025-10-27,2025-10-28,2025-10-30
13059,93,17,7,2025-11-07,2025-11-10,2025-11-10
13060,93,3,7,2025-11-13,2025-11-14,2025-11-16
13061,93,3,9,2025-11-17,2025-11-19,2025-11-20
13062,93,17,9,2025-11-30,2025-12-03,2025-12-03
13063,93,17,9,2025-12-05,2025-12-08,2025-12-08
13064,93,3,7,2025-12-11,2025-12-12,2025-12-14
13065,93,17,9,2025-12-19,2025-12-20,2025-12-22
13066,93,3,7,2025-12-24,2025-12-27,2025-12-27
13067,93,17,9,2025-12-29,2025-12-30,2026-01-01
13068,93,3,9,2026-01-07,2026-01-09,2026-01-10
13069,93,17,7,2026-01-15,2026-01-17,2026-01-18
13070,93,17,9,2026-01-20,2026-01-22,2026-01-23
13071,93,17,9,2026-02-01,2026-02-02,2026-02-04
13072,93,3,9,2026-02-05,2026-02-08,2026-02-08
13073,93,3,7,2026-02-10,2026-02-12,2026-02-13
13074,93,17,7,2026-02-21,2026-02-23,2026-02-24
13075,93,3,7,2026-02-28,2026-03-02,2026-03-03
13076,93,3,7,2026-03-08,2026-03-10,2026-03-11
13077,93,17,9,2026-03-14,2026-03-16,2026-03-17
13078,93,3,9,2026-03-20,2026-03-23,2026-03-23
13079,93,3,7,2026-03-27,2026-03-28,2026-03-30
13080,93,17,9,2026-04-05,2026-04-06,2026-04-08
13081,93,17,9,2026-04-09,2026-04-11,2026-04-12
13082,93,17,9,2026-04-17,2026-04-20,2026-04-20
13083,93,17,9,2026-04-24,2026-04-27,2026-04-27
13084,93,3,9,2026-04-29,2026-05-02,2026-05-02
13085,93,17,9,2026-05-04,2026-05-06,2026-05-07
13086,93,3,9,2026-05-14,2026-05-15,2026-05-17
13087,93,3,7,2026-05-19,2026-05-20,2026-05-22
13088,93,3,9,2026-05-25,2026-05-26,2026-05-28
13089,93,3,7,2026-06-07,2026-06-08,2026-06-10
13090,93,3,9,2026-06-09,2026-06-11,2026-06-12
13091,93,17,7,2026-06-19,2026-06-22,2026-06-22
13092,93,17,9,2026-06-28,2026-06-29,2026-07-01
13093,93,3,10,2024-07-03,2024-07-06,2024-07-06
13094,93,3,10,2024-07-13,2024-07-14,2024-07-16
13095,93,3,10,2024-07-16,2024-07-18,2024-07-19
13096,93,3,10,2024-07-22,2024-07-23,2024-07-25
13097,93,17,10,2024-08-02,2024-08-04,2024-08-05
13098,93,3,10,2024-08-11,2024-08-12,2024-08-14
13099,93,17,10,2024-08-12,2024-08-15,2024-08-15
13100,93,3,10,2024-08-24,2024-08-25,2024-08-27
13101,93,3,10,2024-08-31,2024-09-03,2024-09-03
13102,93,17,10,2024-09-03,2024-09-04,2024-09-06
13103,93,3,10,2024-09-09,2024-09-12,2024-09-12
13104,93,3,10,2024-09-17,2024-09-18,2024-09-20
13105,93,17,10,2024-09-28,2024-10-01,2024-10-01
13106,93,17,10,2024-10-04,2024-10-07,2024-10-07
13107,93,17,10,2024-10-12,2024-10-15,2024-10-15
13108,93,17,10,2024-10-18,2024-10-19,2024-10-21
13109,93,3,10,2024-10-22,2024-10-24,2024-10-25
13110,93,17,10,2024-11-01,2024-11-03,2024-11-04
13111,93,17,10,2024-11-05,2024-11-07,2024-11-08
13112,93,3,10,2024-11-17,2024-11-19,2024-11-20
13113,93,3,10,2024-11-24,2024-11-26,2024-11-27
13114,93,17,10,2024-11-28,2024-12-01,2024-12-01
13115,93,17,10,2024-12-04,2024-12-07,2024-12-07
13116,93,3,10,2024-12-11,2024-12-13,2024-12-14
13117,93,3,10,2024-12-20,2024-12-22,2024-12-23
13118,93,3,10,2024-12-25,2024-12-26,2024-12-28
13119,93,17,10,2025-01-01,2025-01-02,2025-01-04
13120,93,3,10,2025-01-07,2025-01-08,2025-01-10
13121,93,3,10,2025-01-16,2025-01-17,2025-01-19
13122,93,17,10,2025-01-20,2025-01-21,2025-01-23
13123,93,17,10,2025-01-30,2025-01-31,2025-02-02
13124,93,3,10,2025-02-07,2025-02-10,2025-02-10
13125,93,17,10,2025-02-13,2025-02-16,2025-02-16
13126,93,17,10,2025-02-19,2025-02-22,2025-02-22
13127,93,17,10,2025-03-01,2025-03-03,2025-03-04
13128,93,17,10,2025-03-04,2025-03-07,2025-03-07
13129,93,17,10,2025-03-11,2025-03-12,2025-03-14
13130,93,17,10,2025-03-22,2025-03-25,2025-03-25
13131,93,3,10,2025-03-25,2025-03-28,2025-03-28
13132,93,3,10,2025-04-04,2025-04-05,2025-04-07
13133,93,3,10,2025-04-13,2025-04-14,2025-04-16
13134,93,17,10,2025-04-19,2025-04-20,2025-04-22
13135,93,3,10,2025-04-25,2025-04-27,2025-04-28
13136,93,3,10,2025-04-30,2025-05-03,2025-05-03
13137,93,17,10,2025-05-05,2025-05-08,2025-05-08
13138,93,3,10,2025-05-14,2025-05-15,2025-05-17
13139,93,17,10,2025-05-20,2025-05-22,2025-05-23
13140,93,3,10,2025-05-28,2025-05-30,2025-05-31
13141,93,17,10,2025-06-07,2025-06-08,2025-06-10
13142,93,17,10,2025-06-11,2025-06-13,2025-06-14
13143,93,17,10,2025-06-19,2025-06-22,2025-06-22
13144,93,17,10,2025-06-24,2025-06-25,2025-06-27
13145,93,17,10,2025-07-05,2025-07-08,2025-07-08
13146,93,17,10,2025-07-08,2025-07-11,2025-07-11
13147,93,3,10,2025-07-20,2025-07-21,2025-07-23
13148,93,3,10,2025-07-27,2025-07-30,2025-07-30
13149,93,3,10,2025-07-29,2025-07-31,2025-08-01
13150,93,17,10,2025-08-05,2025-08-06,2025-08-08
13151,93,17,10,2025-08-16,2025-08-19,2025-08-19
13152,93,3,10,2025-08-19,2025-08-20,2025-08-22
13153,93,17,10,2025-08-29,2025-08-31,2025-09-01
13154,93,17,10,2025-09-05,2025-09-07,2025-09-08
13155,93,17,10,2025-09-11,2025-09-12,2025-09-14
13156,93,17,10,2025-09-20,2025-09-23,2025-09-23
13157,93,17,10,2025-09-25,2025-09-27,2025-09-28
13158,93,3,10,2025-10-01,2025-10-03,2025-10-04
13159,93,17,10,2025-10-08,2025-10-09,2025-10-11
13160,93,17,10,2025-10-15,2025-10-18,2025-10-18
13161,93,3,10,2025-10-24,2025-10-27,2025-10-27
13162,93,17,10,2025-10-27,2025-10-30,2025-10-30
13163,93,17,10,2025-11-04,2025-11-07,2025-11-07
13164,93,17,10,2025-11-13,2025-11-14,2025-11-16
13165,93,17,10,2025-11-21,2025-11-23,2025-11-24
13166,93,3,10,2025-11-26,2025-11-28,2025-11-29
13167,93,3,10,2025-12-06,2025-12-09,2025-12-09
13168,93,17,10,2025-12-12,2025-12-14,2025-12-15
13169,93,17,10,2025-12-21,2025-12-22,2025-12-24
13170,93,3,10,2025-12-27,2025-12-29,2025-12-30
13171,93,3,10,2026-01-01,2026-01-02,2026-01-04
13172,93,17,10,2026-01-09,2026-01-10,2026-01-12
13173,93,3,10,2026-01-17,2026-01-20,2026-01-20
13174,93,3,10,2026-01-23,2026-01-24,2026-01-26
13175,93,17,10,2026-01-31,2026-02-03,2026-02-03
13176,93,3,10,2026-02-06,2026-02-08,2026-02-09
13177,93,3,10,2026-02-15,2026-02-18,2026-02-18
13178,93,3,10,2026-02-17,2026-02-19,2026-02-20
13179,93,3,10,2026-02-27,2026-03-02,2026-03-02
13180,93,3,10,2026-03-04,2026-03-07,2026-03-07
13181,93,3,10,2026-03-14,2026-03-15,2026-03-17
13182,93,17,10,2026-03-18,2026-03-21,2026-03-21
13183,93,3,10,2026-03-23,2026-03-24,2026-03-26
13184,93,3,10,2026-04-03,2026-04-04,2026-04-06
13185,93,17,10,2026-04-10,2026-04-13,2026-04-13
13186,93,17,10,2026-04-13,2026-04-15,2026-04-16
13187,93,17,10,2026-04-21,2026-04-23,2026-04-24
13188,93,3,10,2026-05-03,2026-05-06,2026-05-06
13189,93,3,10,2026-05-04,2026-05-05,2026-05-07
13190,93,3,10,2026-05-11,2026-05-13,2026-05-14
13191,93,17,10,2026-05-23,2026-05-26,2026-05-26
13192,93,17,10,2026-05-26,2026-05-28,2026-05-29
13193,93,17,10,2026-06-06,2026-06-08,2026-06-09
13194,93,17,10,2026-06-14,2026-06-17,2026-06-17
13195,93,3,10,2026-06-16,2026-06-17,2026-06-19
13196,93,3,10,2026-06-25,2026-06-26,2026-06-28
13197,94,9,3,2024-07-02,2024-07-05,2024-07-06
13198,94,6,1,2024-07-14,2024-07-15,2024-07-18
13199,94,6,1,2024-07-15,2024-07-16,2024-07-19
13200,94,6,3,2024-07-26,2024-07-27,2024-07-30
13201,94,6,3,2024-08-04,2024-08-07,2024-08-08
13202,94,6,1,2024-08-10,2024-08-13,2024-08-14
13203,94,9,3,2024-08-12,2024-08-13,2024-08-16
13204,94,9,3,2024-08-25,2024-08-27,2024-08-29
13205,94,6,1,2024-08-29,2024-08-30,2024-09-02
13206,94,9,1,2024-09-07,2024-09-10,2024-09-11
13207,94,6,3,2024-09-12,2024-09-14,2024-09-16
13208,94,9,3,2024-09-19,2024-09-21,2024-09-23
13209,94,9,3,2024-09-24,2024-09-26,2024-09-28
13210,94,6,3,2024-10-06,2024-10-09,2024-10-10
13211,94,9,1,2024-10-08,2024-10-09,2024-10-12
13212,94,9,3,2024-10-18,2024-10-20,2024-10-22
13213,94,6,1,2024-10-24,2024-10-25,2024-10-28
13214,94,9,1,2024-10-28,2024-10-31,2024-11-01
13215,94,9,1,2024-11-06,2024-11-07,2024-11-10
13216,94,6,1,2024-11-15,2024-11-18,2024-11-19
13217,94,6,3,2024-11-24,2024-11-27,2024-11-28
13218,94,9,1,2024-12-01,2024-12-03,2024-12-05
13219,94,6,3,2024-12-02,2024-12-04,2024-12-06
13220,94,9,3,2024-12-11,2024-12-12,2024-12-15
13221,94,6,3,2024-12-17,2024-12-20,2024-12-21
13222,94,9,3,2024-12-26,2024-12-29,2024-12-30
13223,94,6,1,2024-12-31,2025-01-02,2025-01-04
13224,94,6,3,2025-01-06,2025-01-09,2025-01-10
13225,94,9,3,2025-01-17,2025-01-18,2025-01-21
13226,94,9,1,2025-01-21,2025-01-24,2025-01-25
13227,94,6,1,2025-01-30,2025-02-02,2025-02-03
13228,94,9,1,2025-02-04,2025-02-05,2025-02-08
13229,94,9,3,2025-02-15,2025-02-18,2025-02-19
13230,94,9,1,2025-02-21,2025-02-24,2025-02-25
13231,94,6,1,2025-02-24,2025-02-26,2025-02-28
13232,94,9,1,2025-03-08,2025-03-10,2025-03-12
13233,94,9,3,2025-03-15,2025-03-18,2025-03-19
13234,94,6,3,2025-03-17,2025-03-20,2025-03-21
13235,94,6,1,2025-03-24,2025-03-25,2025-03-28
13236,94,9,1,2025-04-05,2025-04-07,2025-04-09
13237,94,6,1,2025-04-12,2025-04-13,2025-04-16
13238,94,9,3,2025-04-18,2025-04-21,2025-04-22
13239,94,6,1,2025-04-23,2025-04-25,2025-04-27
13240,94,6,3,2025-04-30,2025-05-01,2025-05-04
13241,94,9,3,2025-05-06,2025-05-09,2025-05-10
13242,94,9,3,2025-05-17,2025-05-18,2025-05-21
13243,94,9,1,2025-05-19,2025-05-22,2025-05-23
13244,94,9,1,2025-05-27,2025-05-28,2025-05-31
13245,94,6,1,2025-06-08,2025-06-11,2025-06-12
13246,94,6,1,2025-06-09,2025-06-11,2025-06-13
13247,94,9,1,2025-06-16,2025-06-17,2025-06-20
13248,94,9,3,2025-06-23,2025-06-26,2025-06-27
13249,94,9,1,2025-07-05,2025-07-08,2025-07-09
13250,94,9,1,2025-07-10,2025-07-12,2025-07-14
13251,94,6,3,2025-07-15,2025-07-16,2025-07-19
13252,94,9,3,2025-07-27,2025-07-30,2025-07-31
13253,94,9,1,2025-08-03,2025-08-04,2025-08-07
13254,94,6,3,2025-08-10,2025-08-11,2025-08-14
13255,94,9,3,2025-08-13,2025-08-15,2025-08-17
13256,94,6,3,2025-08-21,2025-08-22,2025-08-25
13257,94,6,3,2025-08-31,2025-09-03,2025-09-04
13258,94,9,1,2025-09-05,2025-09-06,2025-09-09
13259,94,6,3,2025-09-10,2025-09-12,2025-09-14
13260,94,9,3,2025-09-20,2025-09-22,2025-09-24
13261,94,6,3,2025-09-22,2025-09-24,2025-09-26
13262,94,9,3,2025-10-02,2025-10-03,2025-10-06
13263,94,9,1,2025-10-11,2025-10-13,2025-10-15
13264,94,9,1,2025-10-14,2025-10-16,2025-10-18
13265,94,9,1,2025-10-24,2025-10-25,2025-10-28
13266,94,6,1,2025-11-01,2025-11-02,2025-11-05
13267,94,6,1,2025-11-04,2025-11-06,2025-11-08
13268,94,9,1,2025-11-11,2025-11-13,2025-11-15
13269,94,6,1,2025-11-23,2025-11-25,2025-11-27
13270,94,6,3,2025-11-28,2025-11-30,2025-12-02
13271,94,6,3,2025-12-02,2025-12-05,2025-12-06
13272,94,6,3,2025-12-12,2025-12-15,2025-12-16
13273,94,6,3,2025-12-19,2025-12-21,2025-12-23
13274,94,6,3,2025-12-23,2025-12-26,2025-12-27
13275,94,6,3,2026-01-01,2026-01-03,2026-01-05
13276,94,9,1,2026-01-06,2026-01-07,2026-01-10
13277,94,9,3,2026-01-13,2026-01-14,2026-01-17
13278,94,9,1,2026-01-22,2026-01-25,2026-01-26
13279,94,9,1,2026-01-27,2026-01-30,2026-01-31
13280,94,6,1,2026-02-05,2026-02-06,2026-02-09
13281,94,6,1,2026-02-11,2026-02-12,2026-02-15
13282,94,6,1,2026-02-16,2026-02-17,2026-02-20
13283,94,9,1,2026-02-26,2026-02-28,2026-03-02
13284,94,6,3,2026-03-06,2026-03-08,2026-03-10
13285,94,6,3,2026-03-11,2026-03-12,2026-03-15
13286,94,6,1,2026-03-20,2026-03-22,2026-03-24
13287,94,9,3,2026-03-26,2026-03-27,2026-03-30
13288,94,6,3,2026-04-05,2026-04-08,2026-04-09
13289,94,6,3,2026-04-11,2026-04-14,2026-04-15
13290,94,6,3,2026-04-16,2026-04-18,2026-04-20
13291,94,6,1,2026-04-25,2026-04-26,2026-04-29
13292,94,6,1,2026-04-27,2026-04-29,2026-05-01
13293,94,6,3,2026-05-09,2026-05-11,2026-05-13
13294,94,6,3,2026-05-14,2026-05-17,2026-05-18
13295,94,9,1,2026-05-23,2026-05-24,2026-05-27
13296,94,9,1,2026-05-30,2026-06-02,2026-06-03
13297,94,6,1,2026-06-04,2026-06-07,2026-06-08
13298,94,6,1,2026-06-08,2026-06-09,2026-06-12
13299,94,9,3,2026-06-19,2026-06-22,2026-06-23
13300,94,9,3,2026-06-24,2026-06-26,2026-06-28
13301,94,9,4,2024-07-02,2024-07-03,2024-07-06
13302,94,9,4,2024-07-09,2024-07-12,2024-07-13
13303,94,9,4,2024-07-17,2024-07-19,2024-07-21
13304,94,9,4,2024-07-26,2024-07-27,2024-07-30
13305,94,6,4,2024-07-30,2024-07-31,2024-08-03
13306,94,6,4,2024-08-10,2024-08-11,2024-08-14
13307,94,9,4,2024-08-12,2024-08-14,2024-08-16
13308,94,6,4,2024-08-20,2024-08-23,2024-08-24
13309,94,6,4,2024-08-31,2024-09-01,2024-09-04
13310,94,6,4,2024-09-02,2024-09-03,2024-09-06
13311,94,9,4,2024-09-15,2024-09-17,2024-09-19
13312,94,6,4,2024-09-19,2024-09-21,2024-09-23
13313,94,6,4,2024-09-26,2024-09-28,2024-09-30
13314,94,9,4,2024-10-02,2024-10-04,2024-10-06
13315,94,6,4,2024-10-11,2024-10-14,2024-10-15
13316,94,9,4,2024-10-16,2024-10-18,2024-10-20
13317,94,9,4,2024-10-24,2024-10-25,2024-10-28
13318,94,6,4,2024-10-28,2024-10-31,2024-11-01
13319,94,6,4,2024-11-06,2024-11-09,2024-11-10
13320,94,9,4,2024-11-15,2024-11-16,2024-11-19
13321,94,9,4,2024-11-20,2024-11-21,2024-11-24
13322,94,6,4,2024-11-30,2024-12-01,2024-12-04
13323,94,9,4,2024-12-03,2024-12-04,2024-12-07
13324,94,6,4,2024-12-11,2024-12-14,2024-12-15
13325,94,9,4,2024-12-19,2024-12-21,2024-12-23
13326,94,6,4,2024-12-23,2024-12-25,2024-12-27
13327,94,9,4,2024-12-30,2025-01-02,2025-01-03
13328,94,6,4,2025-01-12,2025-01-13,2025-01-16
13329,94,9,4,2025-01-18,2025-01-21,2025-01-22
13330,94,6,4,2025-01-26,2025-01-27,2025-01-30
13331,94,6,4,2025-01-30,2025-02-01,2025-02-03
13332,94,6,4,2025-02-05,2025-02-08,2025-02-09
13333,94,9,4,2025-02-10,2025-02-11,2025-02-14
13334,94,6,4,2025-02-19,2025-02-20,2025-02-23
13335,94,9,4,2025-02-24,2025-02-25,2025-02-28
13336,94,6,4,2025-03-07,2025-03-10,2025-03-11
13337,94,9,4,2025-03-11,2025-03-12,2025-03-15
13338,94,9,4,2025-03-19,2025-03-22,2025-03-23
13339,94,9,4,2025-03-24,2025-03-25,2025-03-28
13340,94,9,4,2025-04-01,2025-04-02,2025-04-05
13341,94,9,4,2025-04-07,2025-04-08,2025-04-11
13342,94,9,4,2025-04-14,2025-04-16,2025-04-18
13343,94,9,4,2025-04-25,2025-04-26,2025-04-29
13344,94,9,4,2025-04-28,2025-04-29,2025-05-02
13345,94,6,4,2025-05-05,2025-05-08,2025-05-09
13346,94,9,4,2025-05-12,2025-05-14,2025-05-16
13347,94,6,4,2025-05-20,2025-05-21,2025-05-24
13348,94,9,4,2025-05-30,2025-06-02,2025-06-03
13349,94,9,4,2025-06-07,2025-06-09,2025-06-11
13350,94,9,4,2025-06-10,2025-06-11,2025-06-14
13351,94,6,4,2025-06-20,2025-06-23,2025-06-24
13352,94,9,4,2025-06-23,2025-06-26,2025-06-27
13353,94,9,4,2025-07-06,2025-07-09,2025-07-10
13354,94,9,4,2025-07-07,2025-07-08,2025-07-11
13355,94,9,4,2025-07-15,2025-07-17,2025-07-19
13356,94,9,4,2025-07-21,2025-07-22,2025-07-25
13357,94,6,4,2025-07-29,2025-08-01,2025-08-02
13358,94,9,4,2025-08-07,2025-08-09,2025-08-11
13359,94,6,4,2025-08-15,2025-08-18,2025-08-19
13360,94,9,4,2025-08-20,2025-08-22,2025-08-24
13361,94,6,4,2025-08-26,2025-08-28,2025-08-30
13362,94,9,4,2025-09-03,2025-09-06,2025-09-07
13363,94,6,4,2025-09-08,2025-09-11,2025-09-12
13364,94,9,4,2025-09-19,2025-09-20,2025-09-23
13365,94,9,4,2025-09-25,2025-09-28,2025-09-29
13366,94,6,4,2025-10-03,2025-10-06,2025-10-07
13367,94,9,4,2025-10-07,2025-10-08,2025-10-11
13368,94,6,4,2025-10-14,2025-10-15,2025-10-18
13369,94,9,4,2025-10-23,2025-10-25,2025-10-27
13370,94,6,4,2025-11-02,2025-11-04,2025-11-06
13371,94,9,4,2025-11-07,2025-11-09,2025-11-11
13372,94,9,4,2025-11-10,2025-11-11,2025-11-14
13373,94,6,4,2025-11-18,2025-11-19,2025-11-22
13374,94,9,4,2025-11-29,2025-12-01,2025-12-03
13375,94,6,4,2025-12-07,2025-12-09,2025-12-11
13376,94,6,4,2025-12-08,2025-12-09,2025-12-12
13377,94,9,4,2025-12-18,2025-12-21,2025-12-22
13378,94,6,4,2025-12-24,2025-12-26,2025-12-28
13379,94,9,4,2025-12-31,2026-01-03,2026-01-04
13380,94,6,4,2026-01-05,2026-01-07,2026-01-09
13381,94,9,4,2026-01-14,2026-01-17,2026-01-18
13382,94,9,4,2026-01-21,2026-01-22,2026-01-25
13383,94,9,4,2026-01-28,2026-01-30,2026-02-01
13384,94,9,4,2026-02-02,2026-02-03,2026-02-06
13385,94,6,4,2026-02-13,2026-02-16,2026-02-17
13386,94,6,4,2026-02-16,2026-02-19,2026-02-20
13387,94,9,4,2026-02-25,2026-02-28,2026-03-01
13388,94,6,4,2026-03-03,2026-03-05,2026-03-07
13389,94,9,4,2026-03-13,2026-03-16,2026-03-17
13390,94,6,4,2026-03-20,2026-03-21,2026-03-24
13391,94,6,4,2026-03-26,2026-03-29,2026-03-30
13392,94,6,4,2026-03-30,2026-04-02,2026-04-03
13393,94,9,4,2026-04-07,2026-04-10,2026-04-11
13394,94,6,4,2026-04-19,2026-04-22,2026-04-23
13395,94,6,4,2026-04-26,2026-04-27,2026-04-30
13396,94,6,4,2026-04-30,2026-05-02,2026-05-04
13397,94,9,4,2026-05-05,2026-05-08,2026-05-09
13398,94,6,4,2026-05-13,2026-05-15,2026-05-17
13399,94,6,4,2026-05-23,2026-05-24,2026-05-27
13400,94,6,4,2026-05-25,2026-05-27,2026-05-29
13401,94,6,4,2026-06-02,2026-06-05,2026-06-06
13402,94,6,4,2026-06-13,2026-06-14,2026-06-17
13403,94,6,4,2026-06-18,2026-06-19,2026-06-22
13404,94,6,4,2026-06-27,2026-06-30,2026-07-01
13405,94,9,5,2024-07-02,2024-07-03,2024-07-06
13406,94,9,5,2024-07-08,2024-07-11,2024-07-12
13407,94,6,5,2024-07-17,2024-07-19,2024-07-21
13408,94,6,5,2024-07-23,2024-07-26,2024-07-27
13409,94,9,5,2024-07-31,2024-08-02,2024-08-04
13410,94,6,5,2024-08-06,2024-08-08,2024-08-10
13411,94,9,5,2024-08-18,2024-08-21,2024-08-22
13412,94,9,5,2024-08-21,2024-08-22,2024-08-25
13413,94,6,5,2024-08-31,2024-09-03,2024-09-04
13414,94,6,5,2024-09-02,2024-09-04,2024-09-06
13415,94,9,5,2024-09-12,2024-09-13,2024-09-16
13416,94,6,5,2024-09-20,2024-09-22,2024-09-24
13417,94,6,5,2024-09-29,2024-09-30,2024-10-03
13418,94,6,5,2024-09-30,2024-10-03,2024-10-04
13419,94,9,5,2024-10-07,2024-10-09,2024-10-11
13420,94,6,5,2024-10-14,2024-10-16,2024-10-18
13421,94,9,5,2024-10-23,2024-10-26,2024-10-27
13422,94,6,5,2024-10-29,2024-11-01,2024-11-02
13423,94,9,5,2024-11-08,2024-11-10,2024-11-12
13424,94,6,5,2024-11-16,2024-11-18,2024-11-20
13425,94,6,5,2024-11-23,2024-11-26,2024-11-27
13426,94,9,5,2024-11-29,2024-12-01,2024-12-03
13427,94,9,5,2024-12-08,2024-12-10,2024-12-12
13428,94,6,5,2024-12-12,2024-12-14,2024-12-16
13429,94,9,5,2024-12-19,2024-12-21,2024-12-23
13430,94,9,5,2024-12-23,2024-12-25,2024-12-27
13431,94,6,5,2025-01-02,2025-01-04,2025-01-06
13432,94,6,5,2025-01-12,2025-01-15,2025-01-16
13433,94,6,5,2025-01-19,2025-01-22,2025-01-23
13434,94,6,5,2025-01-21,2025-01-23,2025-01-25
13435,94,9,5,2025-01-28,2025-01-30,2025-02-01
13436,94,9,5,2025-02-05,2025-02-08,2025-02-09
13437,94,6,5,2025-02-11,2025-02-12,2025-02-15
13438,94,6,5,2025-02-22,2025-02-24,2025-02-26
13439,94,6,5,2025-02-24,2025-02-25,2025-02-28
13440,94,9,5,2025-03-08,2025-03-10,2025-03-12
13441,94,6,5,2025-03-11,2025-03-14,2025-03-15
13442,94,6,5,2025-03-22,2025-03-25,2025-03-26
13443,94,9,5,2025-03-29,2025-03-31,2025-04-02
13444,94,6,5,2025-04-03,2025-04-04,2025-04-07
13445,94,9,5,2025-04-11,2025-04-14,2025-04-15
13446,94,9,5,2025-04-17,2025-04-18,2025-04-21
13447,94,9,5,2025-04-21,2025-04-23,2025-04-25
13448,94,9,5,2025-04-28,2025-04-30,2025-05-02
13449,94,9,5,2025-05-10,2025-05-11,2025-05-14
13450,94,6,5,2025-05-17,2025-05-19,2025-05-21
13451,94,6,5,2025-05-20,2025-05-23,2025-05-24
13452,94,9,5,2025-06-01,2025-06-02,2025-06-05
13453,94,6,5,2025-06-05,2025-06-07,2025-06-09
13454,94,9,5,2025-06-11,2025-06-13,2025-06-15
13455,94,6,5,2025-06-17,2025-06-19,2025-06-21
13456,94,9,5,2025-06-28,2025-06-29,2025-07-02
13457,94,9,5,2025-07-01,2025-07-02,2025-07-05
13458,94,6,5,2025-07-13,2025-07-16,2025-07-17
13459,94,6,5,2025-07-15,2025-07-17,2025-07-19
13460,94,6,5,2025-07-25,2025-07-27,2025-07-29
13461,94,6,5,2025-07-31,2025-08-01,2025-08-04
13462,94,9,5,2025-08-09,2025-08-10,2025-08-13
13463,94,6,5,2025-08-11,2025-08-13,2025-08-15
13464,94,6,5,2025-08-24,2025-08-25,2025-08-28
13465,94,9,5,2025-08-30,2025-09-02,2025-09-03
13466,94,6,5,2025-09-07,2025-09-10,2025-09-11
13467,94,9,5,2025-09-08,2025-09-11,2025-09-12
13468,94,6,5,2025-09-15,2025-09-16,2025-09-19
13469,94,6,5,2025-09-24,2025-09-27,2025-09-28
13470,94,9,5,2025-10-05,2025-10-08,2025-10-09
13471,94,9,5,2025-10-07,2025-10-09,2025-10-11
13472,94,6,5,2025-10-19,2025-10-20,2025-10-23
13473,94,9,5,2025-10-26,2025-10-28,2025-10-30
13474,94,6,5,2025-10-31,2025-11-01,2025-11-04
13475,94,9,5,2025-11-08,2025-11-11,2025-11-12
13476,94,6,5,2025-11-10,2025-11-11,2025-11-14
13477,94,9,5,2025-11-22,2025-11-23,2025-11-26
13478,94,9,5,2025-11-27,2025-11-30,2025-12-01
13479,94,6,5,2025-12-04,2025-12-06,2025-12-08
13480,94,9,5,2025-12-14,2025-12-16,2025-12-18
13481,94,9,5,2025-12-19,2025-12-22,2025-12-23
13482,94,9,5,2025-12-22,2025-12-24,2025-12-26
13483,94,6,5,2025-12-31,2026-01-01,2026-01-04
13484,94,9,5,2026-01-05,2026-01-06,2026-01-09
13485,94,9,5,2026-01-14,2026-01-15,2026-01-18
13486,94,9,5,2026-01-22,2026-01-23,2026-01-26
13487,94,6,5,2026-01-28,2026-01-31,2026-02-01
13488,94,6,5,2026-02-05,2026-02-08,2026-02-09
13489,94,9,5,2026-02-11,2026-02-14,2026-02-15
13490,94,9,5,2026-02-19,2026-02-21,2026-02-23
13491,94,6,5,2026-03-01,2026-03-02,2026-03-05
13492,94,9,5,2026-03-02,2026-03-03,2026-03-06
13493,94,9,5,2026-03-14,2026-03-16,2026-03-18
13494,94,9,5,2026-03-20,2026-03-23,2026-03-24
13495,94,9,5,2026-03-29,2026-03-31,2026-04-02
13496,94,9,5,2026-04-02,2026-04-04,2026-04-06
13497,94,9,5,2026-04-08,2026-04-09,2026-04-12
13498,94,6,5,2026-04-15,2026-04-17,2026-04-19
13499,94,9,5,2026-04-25,2026-04-27,2026-04-29
13500,94,9,5,2026-04-27,2026-04-28,2026-05-01
13501,94,9,5,2026-05-06,2026-05-09,2026-05-10
13502,94,9,5,2026-05-12,2026-05-15,2026-05-16
13503,94,6,5,2026-05-21,2026-05-22,2026-05-25
13504,94,9,5,2026-05-28,2026-05-30,2026-06-01
13505,94,9,5,2026-06-06,2026-06-08,2026-06-10
13506,94,6,5,2026-06-10,2026-06-13,2026-06-14
13507,94,6,5,2026-06-16,2026-06-17,2026-06-20
13508,94,9,5,2026-06-28,2026-06-29,2026-07-02
13509,94,6,7,2024-07-06,2024-07-09,2024-07-10
13510,94,6,9,2024-07-11,2024-07-14,2024-07-15
13511,94,9,7,2024-07-19,2024-07-21,2024-07-23
13512,94,6,9,2024-07-24,2024-07-27,2024-07-28
13513,94,6,7,2024-07-30,2024-08-01,2024-08-03
13514,94,9,7,2024-08-09,2024-08-12,2024-08-13
13515,94,6,7,2024-08-12,2024-08-15,2024-08-16
13516,94,9,7,2024-08-23,2024-08-24,2024-08-27
13517,94,6,7,2024-08-31,2024-09-02,2024-09-04
13518,94,9,7,2024-09-02,2024-09-03,2024-09-06
13519,94,6,7,2024-09-12,2024-09-15,2024-09-16
13520,94,9,7,2024-09-20,2024-09-23,2024-09-24
13521,94,6,7,2024-09-25,2024-09-27,2024-09-29
13522,94,6,7,2024-10-06,2024-10-07,2024-10-10
13523,94,6,7,2024-10-11,2024-10-14,2024-10-15
13524,94,6,7,2024-10-17,2024-10-19,2024-10-21
13525,94,6,9,2024-10-21,2024-10-24,2024-10-25
13526,94,6,9,2024-11-03,2024-11-05,2024-11-07
13527,94,9,7,2024-11-04,2024-11-06,2024-11-08
13528,94,6,7,2024-11-11,2024-11-13,2024-11-15
13529,94,9,9,2024-11-19,2024-11-21,2024-11-23
13530,94,6,9,2024-11-27,2024-11-28,2024-12-01
13531,94,9,9,2024-12-08,2024-12-09,2024-12-12
13532,94,9,7,2024-12-12,2024-12-15,2024-12-16
13533,94,6,9,2024-12-19,2024-12-20,2024-12-23
13534,94,9,7,2024-12-24,2024-12-25,2024-12-28
13535,94,9,9,2025-01-02,2025-01-03,2025-01-06
13536,94,9,7,2025-01-07,2025-01-09,2025-01-11
13537,94,9,9,2025-01-14,2025-01-17,2025-01-18
13538,94,6,7,2025-01-21,2025-01-23,2025-01-25
13539,94,9,9,2025-01-28,2025-01-29,2025-02-01
13540,94,6,7,2025-02-03,2025-02-04,2025-02-07
13541,94,9,9,2025-02-12,2025-02-15,2025-02-16
13542,94,6,9,2025-02-22,2025-02-25,2025-02-26
13543,94,6,9,2025-02-24,2025-02-25,2025-02-28
13544,94,6,7,2025-03-07,2025-03-08,2025-03-11
13545,94,6,9,2025-03-13,2025-03-16,2025-03-17
13546,94,9,9,2025-03-17,2025-03-18,2025-03-21
13547,94,6,7,2025-03-28,2025-03-30,2025-04-01
13548,94,9,9,2025-03-31,2025-04-01,2025-04-04
13549,94,9,7,2025-04-12,2025-04-14,2025-04-16
13550,94,9,7,2025-04-16,2025-04-19,2025-04-20
13551,94,9,9,2025-04-23,2025-04-26,2025-04-27
13552,94,9,9,2025-05-01,2025-05-02,2025-05-05
13553,94,6,9,2025-05-07,2025-05-09,2025-05-11
13554,94,9,9,2025-05-17,2025-05-20,2025-05-21
13555,94,6,7,2025-05-22,2025-05-25,2025-05-26
13556,94,9,7,2025-05-27,2025-05-28,2025-05-31
13557,94,6,9,2025-06-06,2025-06-07,2025-06-10
13558,94,9,9,2025-06-10,2025-06-11,2025-06-14
13559,94,6,9,2025-06-18,2025-06-19,2025-06-22
13560,94,9,9,2025-06-23,2025-06-26,2025-06-27
13561,94,6,9,2025-07-04,2025-07-07,2025-07-08
13562,94,6,9,2025-07-12,2025-07-14,2025-07-16
13563,94,9,7,2025-07-15,2025-07-18,2025-07-19
13564,94,6,9,2025-07-25,2025-07-28,2025-07-29
13565,94,9,7,2025-07-31,2025-08-01,2025-08-04
13566,94,9,9,2025-08-08,2025-08-09,2025-08-12
13567,94,6,9,2025-08-11,2025-08-12,2025-08-15
13568,94,9,9,2025-08-19,2025-08-21,2025-08-23
13569,94,6,7,2025-08-27,2025-08-28,2025-08-31
13570,94,6,9,2025-09-07,2025-09-10,2025-09-11
13571,94,9,9,2025-09-10,2025-09-13,2025-09-14
13572,94,9,9,2025-09-15,2025-09-16,2025-09-19
13573,94,9,7,2025-09-24,2025-09-25,2025-09-28
13574,94,6,7,2025-09-30,2025-10-02,2025-10-04
13575,94,9,7,2025-10-09,2025-10-11,2025-10-13
13576,94,9,7,2025-10-14,2025-10-17,2025-10-18
13577,94,9,9,2025-10-21,2025-10-24,2025-10-25
13578,94,6,9,2025-11-01,2025-11-04,2025-11-05
13579,94,9,9,2025-11-07,2025-11-10,2025-11-11
13580,94,6,9,2025-11-13,2025-11-16,2025-11-17
13581,94,6,9,2025-11-18,2025-11-20,2025-11-22
13582,94,6,7,2025-11-29,2025-12-02,2025-12-03
13583,94,9,9,2025-12-06,2025-12-07,2025-12-10
13584,94,9,9,2025-12-09,2025-12-12,2025-12-13
13585,94,9,9,2025-12-18,2025-12-20,2025-12-22
13586,94,9,9,2025-12-23,2025-12-26,2025-12-27
13587,94,6,7,2026-01-02,2026-01-05,2026-01-06
13588,94,9,9,2026-01-05,2026-01-06,2026-01-09
13589,94,9,7,2026-01-12,2026-01-15,2026-01-16
13590,94,9,7,2026-01-20,2026-01-22,2026-01-24
13591,94,9,9,2026-01-31,2026-02-03,2026-02-04
13592,94,9,9,2026-02-06,2026-02-07,2026-02-10
13593,94,6,9,2026-02-12,2026-02-13,2026-02-16
13594,94,6,7,2026-02-19,2026-02-22,2026-02-23
13595,94,9,7,2026-02-24,2026-02-27,2026-02-28
13596,94,9,9,2026-03-02,2026-03-05,2026-03-06
13597,94,9,9,2026-03-09,2026-03-11,2026-03-13
13598,94,9,9,2026-03-19,2026-03-22,2026-03-23
13599,94,6,7,2026-03-28,2026-03-30,2026-04-01
13600,94,6,7,2026-04-01,2026-04-02,2026-04-05
13601,94,9,9,2026-04-07,2026-04-10,2026-04-11
13602,94,9,9,2026-04-18,2026-04-21,2026-04-22
13603,94,9,7,2026-04-22,2026-04-23,2026-04-26
13604,94,9,7,2026-04-27,2026-04-30,2026-05-01
13605,94,6,9,2026-05-10,2026-05-13,2026-05-14
13606,94,6,7,2026-05-13,2026-05-14,2026-05-17
13607,94,9,9,2026-05-20,2026-05-22,2026-05-24
13608,94,9,9,2026-05-29,2026-06-01,2026-06-02
13609,94,6,9,2026-06-03,2026-06-04,2026-06-07
13610,94,9,9,2026-06-13,2026-06-14,2026-06-17
13611,94,6,7,2026-06-19,2026-06-21,2026-06-23
13612,94,9,7,2026-06-24,2026-06-26,2026-06-28
13613,94,6,10,2024-07-01,2024-07-02,2024-07-05
13614,94,9,10,2024-07-12,2024-07-15,2024-07-16
13615,94,9,10,2024-07-19,2024-07-20,2024-07-23
13616,94,6,10,2024-07-23,2024-07-25,2024-07-27
13617,94,6,10,2024-08-03,2024-08-06,2024-08-07
13618,94,6,10,2024-08-06,2024-08-08,2024-08-10
13619,94,9,10,2024-08-13,2024-08-14,2024-08-17
13620,94,9,10,2024-08-21,2024-08-23,2024-08-25
13621,94,6,10,2024-08-31,2024-09-03,2024-09-04
13622,94,6,10,2024-09-07,2024-09-09,2024-09-11
13623,94,9,10,2024-09-14,2024-09-15,2024-09-18
13624,94,9,10,2024-09-19,2024-09-20,2024-09-23
13625,94,9,10,2024-09-28,2024-10-01,2024-10-02
13626,94,9,10,2024-10-03,2024-10-04,2024-10-07
13627,94,9,10,2024-10-08,2024-10-09,2024-10-12
13628,94,9,10,2024-10-16,2024-10-17,2024-10-20
13629,94,9,10,2024-10-21,2024-10-23,2024-10-25
13630,94,6,10,2024-10-31,2024-11-01,2024-11-04
13631,94,6,10,2024-11-09,2024-11-11,2024-11-13
13632,94,6,10,2024-11-11,2024-11-12,2024-11-15
13633,94,6,10,2024-11-22,2024-11-24,2024-11-26
13634,94,6,10,2024-11-25,2024-11-27,2024-11-29
13635,94,6,10,2024-12-07,2024-12-08,2024-12-11
13636,94,9,10,2024-12-10,2024-12-11,2024-12-14
13637,94,9,10,2024-12-19,2024-12-22,2024-12-23
13638,94,9,10,2024-12-29,2025-01-01,2025-01-02
13639,94,6,10,2025-01-02,2025-01-04,2025-01-06
13640,94,6,10,2025-01-12,2025-01-13,2025-01-16
13641,94,9,10,2025-01-17,2025-01-18,2025-01-21
13642,94,6,10,2025-01-24,2025-01-27,2025-01-28
13643,94,9,10,2025-01-27,2025-01-30,2025-01-31
13644,94,6,10,2025-02-09,2025-02-12,2025-02-13
13645,94,6,10,2025-02-12,2025-02-14,2025-02-16
13646,94,9,10,2025-02-17,2025-02-20,2025-02-21
13647,94,6,10,2025-03-01,2025-03-02,2025-03-05
13648,94,9,10,2025-03-05,2025-03-07,2025-03-09
13649,94,9,10,2025-03-13,2025-03-14,2025-03-17
13650,94,9,10,2025-03-23,2025-03-24,2025-03-27
13651,94,6,10,2025-03-28,2025-03-30,2025-04-01
13652,94,9,10,2025-04-05,2025-04-06,2025-04-09
13653,94,9,10,2025-04-12,2025-04-15,2025-04-16
13654,94,6,10,2025-04-17,2025-04-18,2025-04-21
13655,94,9,10,2025-04-22,2025-04-25,2025-04-26
13656,94,6,10,2025-05-03,2025-05-06,2025-05-07
13657,94,9,10,2025-05-10,2025-05-11,2025-05-14
13658,94,6,10,2025-05-12,2025-05-13,2025-05-16
13659,94,9,10,2025-05-25,2025-05-26,2025-05-29
13660,94,6,10,2025-05-30,2025-06-02,2025-06-03
13661,94,9,10,2025-06-05,2025-06-06,2025-06-09
13662,94,9,10,2025-06-12,2025-06-14,2025-06-16
13663,94,6,10,2025-06-18,2025-06-21,2025-06-22
13664,94,9,10,2025-06-26,2025-06-28,2025-06-30
13665,94,9,10,2025-07-06,2025-07-08,2025-07-10
13666,94,6,10,2025-07-11,2025-07-13,2025-07-15
13667,94,9,10,2025-07-14,2025-07-15,2025-07-18
13668,94,9,10,2025-07-26,2025-07-27,2025-07-30
13669,94,6,10,2025-08-02,2025-08-05,2025-08-06
13670,94,6,10,2025-08-05,2025-08-07,2025-08-09
13671,94,9,10,2025-08-15,2025-08-16,2025-08-19
13672,94,6,10,2025-08-19,2025-08-21,2025-08-23
13673,94,6,10,2025-08-27,2025-08-28,2025-08-31
13674,94,9,10,2025-09-01,2025-09-02,2025-09-05
13675,94,6,10,2025-09-12,2025-09-13,2025-09-16
13676,94,9,10,2025-09-20,2025-09-21,2025-09-24
13677,94,9,10,2025-09-26,2025-09-27,2025-09-30
13678,94,6,10,2025-09-29,2025-09-30,2025-10-03
13679,94,6,10,2025-10-12,2025-10-13,2025-10-16
13680,94,9,10,2025-10-16,2025-10-17,2025-10-20
13681,94,6,10,2025-10-22,2025-10-23,2025-10-26
13682,94,9,10,2025-10-28,2025-10-29,2025-11-01
13683,94,6,10,2025-11-03,2025-11-06,2025-11-07
13684,94,6,10,2025-11-13,2025-11-15,2025-11-17
13685,94,9,10,2025-11-22,2025-11-25,2025-11-26
13686,94,6,10,2025-11-30,2025-12-01,2025-12-04
13687,94,9,10,2025-12-07,2025-12-10,2025-12-11
13688,94,6,10,2025-12-09,2025-12-11,2025-12-13
13689,94,9,10,2025-12-19,2025-12-21,2025-12-23
13690,94,9,10,2025-12-28,2025-12-30,2026-01-01
13691,94,6,10,2026-01-01,2026-01-02,2026-01-05
13692,94,6,10,2026-01-06,2026-01-08,2026-01-10
13693,94,9,10,2026-01-14,2026-01-15,2026-01-18
13694,94,6,10,2026-01-21,2026-01-23,2026-01-25
13695,94,9,10,2026-01-29,2026-01-30,2026-02-02
13696,94,9,10,2026-02-02,2026-02-05,2026-02-06
13697,94,9,10,2026-02-14,2026-02-17,2026-02-18
13698,94,6,10,2026-02-22,2026-02-25,2026-02-26
13699,94,9,10,2026-02-24,2026-02-25,2026-02-28
13700,94,9,10,2026-03-02,2026-03-04,2026-03-06
13701,94,9,10,2026-03-14,2026-03-17,2026-03-18
13702,94,6,10,2026-03-21,2026-03-23,2026-03-25
13703,94,9,10,2026-03-27,2026-03-29,2026-03-31
13704,94,6,10,2026-04-04,2026-04-05,2026-04-08
13705,94,9,10,2026-04-12,2026-04-14,2026-04-16
13706,94,6,10,2026-04-19,2026-04-22,2026-04-23
13707,94,6,10,2026-04-22,2026-04-24,2026-04-26
13708,94,9,10,2026-05-03,2026-05-04,2026-05-07
13709,94,9,10,2026-05-10,2026-05-12,2026-05-14
13710,94,6,10,2026-05-17,2026-05-20,2026-05-21
13711,94,6,10,2026-05-22,2026-05-23,2026-05-26
13712,94,9,10,2026-05-31,2026-06-01,2026-06-04
13713,94,6,10,2026-06-03,2026-06-04,2026-06-07
13714,94,9,10,2026-06-11,2026-06-12,2026-06-15
13715,94,9,10,2026-06-18,2026-06-20,2026-06-22
13716,94,6,10,2026-06-28,2026-06-29,2026-07-02
13717,95,8,8,2024-09-06,2024-09-07,2027-07-08
13718,95,14,7,2024-11-11,2024-11-12,2027-09-12
13719,95,14,10,2025-05-03,2025-05-05,2028-03-03
13720,95,8,7,2025-08-01,2025-08-02,2028-06-01
13721,95,8,7,2026-01-16,2026-01-18,2028-11-16
13722,95,14,10,2026-06-15,2026-06-18,2029-04-15
13723,96,3,7,2024-09-04,2024-09-05,2027-05-31
13724,96,2,7,2024-11-11,2024-11-14,2027-08-07
13725,96,2,1,2025-04-29,2025-04-30,2028-01-23
13726,96,13,1,2025-09-08,2025-09-10,2028-06-03
13727,96,18,10,2026-01-04,2026-01-06,2028-09-29
13728,96,18,7,2026-06-11,2026-06-12,2029-03-06
13729,97,11,7,2024-10-03,2024-10-04,2026-08-16
13730,97,21,7,2024-11-28,2024-12-01,2026-10-11
13731,97,9,4,2025-03-27,2025-03-28,2027-02-07
13732,97,11,8,2025-07-01,2025-07-04,2027-05-14
13733,97,11,7,2025-12-28,2025-12-31,2027-11-10
13734,97,21,8,2026-04-14,2026-04-16,2028-02-25
13735,98,7,2,2024-10-19,2024-10-21,2025-07-09
13736,98,17,8,2025-02-17,2025-02-18,2025-11-07
13737,98,7,6,2025-03-29,2025-04-01,2025-12-17
13738,98,9,8,2025-09-18,2025-09-19,2026-06-08
13739,98,17,8,2025-11-20,2025-11-22,2026-08-10
13740,98,9,8,2026-02-26,2026-03-01,2026-11-16
13741,99,10,8,2024-08-08,2024-08-10,2025-06-03
13742,99,17,6,2025-01-26,2025-01-29,2025-11-21
13743,99,17,6,2025-05-29,2025-06-01,2026-03-24
13744,99,10,8,2025-06-26,2025-06-27,2026-04-21
13745,99,17,8,2025-12-03,2025-12-04,2026-09-28
13746,99,17,8,2026-04-21,2026-04-22,2027-02-14
13747,100,9,7,2024-10-10,2024-10-13,2025-12-12
13748,100,9,2,2025-01-08,2025-01-10,2026-03-12
13749,100,10,5,2025-04-02,2025-04-04,2026-06-04
13750,100,10,5,2025-08-10,2025-08-13,2026-10-12
13751,100,9,5,2026-01-21,2026-01-22,2027-03-25
13752,100,9,5,2026-03-14,2026-03-15,2027-05-16
13753,101,3,10,2024-07-14,2024-07-16,2026-06-19
13754,101,24,5,2025-02-09,2025-02-12,2027-01-15
13755,101,9,5,2025-05-03,2025-05-06,2027-04-08
13756,101,9,5,2025-10-01,2025-10-03,2027-09-06
13757,101,8,4,2025-11-09,2025-11-12,2027-10-15
13758,101,9,5,2026-04-01,2026-04-04,2028-03-06
13759,102,6,1,2024-08-18,2024-08-21,2026-07-28
13760,102,22,5,2025-01-31,2025-02-02,2027-01-10
13761,102,22,1,2025-06-17,2025-06-18,2027-05-27
13762,102,22,5,2025-09-25,2025-09-26,2027-09-04
13763,102,6,5,2025-11-25,2025-11-28,2027-11-04
13764,102,22,5,2026-05-24,2026-05-26,2028-05-02
13765,103,8,8,2024-09-16,2024-09-17,2026-05-10
13766,103,8,8,2024-12-22,2024-12-24,2026-08-15
13767,103,14,8,2025-06-24,2025-06-26,2027-02-15
13768,103,12,10,2025-08-30,2025-09-01,2027-04-23
13769,103,14,2,2025-12-13,2025-12-16,2027-08-06
13770,103,12,8,2026-03-02,2026-03-04,2027-10-24
13771,104,9,5,2024-09-04,2024-09-07,2025-01-21
13772,104,7,2,2024-10-08,2024-10-10,2025-02-24
13773,104,7,2,2025-01-06,2025-01-08,2025-05-25
13774,104,9,10,2025-03-13,2025-03-15,2025-07-30
13775,104,9,2,2025-05-13,2025-05-15,2025-09-29
13776,104,7,10,2025-07-13,2025-07-14,2025-11-29
13777,104,7,2,2025-10-09,2025-10-10,2026-02-25
13778,104,7,5,2025-11-24,2025-11-27,2026-04-12
13779,104,19,5,2026-01-04,2026-01-05,2026-05-23
13780,104,9,2,2026-03-21,2026-03-24,2026-08-07
13781,105,3,1,2024-08-02,2024-08-03,2024-10-03
13782,105,3,1,2024-09-26,2024-09-28,2024-11-27
13783,105,9,3,2024-10-04,2024-10-06,2024-12-05
13784,105,17,3,2024-12-12,2024-12-13,2025-02-12
13785,105,9,1,2025-01-07,2025-01-09,2025-03-10
13786,105,9,1,2025-03-10,2025-03-12,2025-05-11
13787,105,17,3,2025-05-05,2025-05-08,2025-07-06
13788,105,3,1,2025-06-04,2025-06-05,2025-08-05
13789,105,9,3,2025-07-06,2025-07-09,2025-09-06
13790,105,3,1,2025-09-10,2025-09-11,2025-11-11
13791,105,17,1,2025-11-09,2025-11-11,2026-01-10
13792,105,3,3,2025-12-06,2025-12-08,2026-02-06
13793,105,17,3,2026-01-30,2026-02-02,2026-04-02
13794,105,17,1,2026-04-01,2026-04-04,2026-06-02
13795,105,9,1,2026-05-13,2026-05-14,2026-07-14
13796,105,9,3,2026-06-21,2026-06-23,2026-08-22
13797,105,3,4,2024-08-15,2024-08-16,2024-10-16
13798,105,9,4,2024-09-26,2024-09-28,2024-11-27
13799,105,17,4,2024-10-07,2024-10-10,2024-12-08
13800,105,3,4,2024-11-29,2024-12-02,2025-01-30
13801,105,17,4,2025-02-07,2025-02-09,2025-04-10
13802,105,3,4,2025-03-28,2025-03-29,2025-05-29
13803,105,9,4,2025-04-18,2025-04-20,2025-06-19
13804,105,3,4,2025-06-12,2025-06-14,2025-08-13
13805,105,17,4,2025-08-08,2025-08-09,2025-10-09
13806,105,17,4,2025-09-10,2025-09-11,2025-11-11
13807,105,3,4,2025-10-04,2025-10-06,2025-12-05
13808,105,9,4,2025-12-11,2025-12-14,2026-02-11
13809,105,17,4,2026-01-05,2026-01-06,2026-03-08
13810,105,9,4,2026-03-31,2026-04-02,2026-06-01
13811,105,3,4,2026-05-19,2026-05-20,2026-07-20
13812,105,3,4,2026-06-28,2026-06-30,2026-08-29
13813,105,3,5,2024-07-09,2024-07-12,2024-09-09
13814,105,9,5,2024-09-01,2024-09-04,2024-11-02
13815,105,3,5,2024-11-05,2024-11-07,2025-01-06
13816,105,17,5,2024-11-19,2024-11-21,2025-01-20
13817,105,9,5,2025-01-01,2025-01-04,2025-03-04
13818,105,3,5,2025-02-28,2025-03-01,2025-05-01
13819,105,3,5,2025-04-26,2025-04-29,2025-06-27
13820,105,9,5,2025-06-02,2025-06-05,2025-08-03
13821,105,9,5,2025-08-09,2025-08-11,2025-10-10
13822,105,9,5,2025-09-07,2025-09-08,2025-11-08
13823,105,3,5,2025-10-19,2025-10-20,2025-12-20
13824,105,3,5,2025-12-04,2025-12-05,2026-02-04
13825,105,3,5,2026-02-07,2026-02-08,2026-04-10
13826,105,17,5,2026-02-21,2026-02-24,2026-04-24
13827,105,3,5,2026-05-13,2026-05-14,2026-07-14
13828,105,17,5,2026-06-20,2026-06-23,2026-08-21
13829,105,17,9,2024-07-06,2024-07-07,2024-09-06
13830,105,17,9,2024-09-25,2024-09-26,2024-11-26
13831,105,9,7,2024-11-11,2024-11-12,2025-01-12
13832,105,9,9,2024-11-20,2024-11-21,2025-01-21
13833,105,3,7,2025-01-01,2025-01-03,2025-03-04
13834,105,17,9,2025-03-20,2025-03-22,2025-05-21
13835,105,3,7,2025-05-18,2025-05-20,2025-07-19
13836,105,9,9,2025-06-12,2025-06-13,2025-08-13
13837,105,3,7,2025-07-13,2025-07-15,2025-09-13
13838,105,17,9,2025-09-18,2025-09-20,2025-11-19
13839,105,9,9,2025-10-10,2025-10-12,2025-12-11
13840,105,17,7,2025-12-09,2025-12-11,2026-02-09
13841,105,9,9,2026-02-05,2026-02-07,2026-04-08
13842,105,9,9,2026-03-31,2026-04-03,2026-06-01
13843,105,17,7,2026-04-22,2026-04-25,2026-06-23
13844,105,9,7,2026-06-22,2026-06-25,2026-08-23
13845,105,3,10,2024-08-02,2024-08-05,2024-10-03
13846,105,9,10,2024-09-28,2024-09-30,2024-11-29
13847,105,17,10,2024-10-17,2024-10-20,2024-12-18
13848,105,3,10,2024-12-20,2024-12-21,2025-02-20
13849,105,9,10,2025-01-15,2025-01-17,2025-03-18
13850,105,3,10,2025-03-14,2025-03-17,2025-05-15
13851,105,17,10,2025-04-16,2025-04-19,2025-06-17
13852,105,17,10,2025-07-01,2025-07-04,2025-09-01
13853,105,17,10,2025-07-28,2025-07-31,2025-09-28
13854,105,9,10,2025-09-26,2025-09-29,2025-11-27
13855,105,9,10,2025-10-12,2025-10-14,2025-12-13
13856,105,9,10,2025-12-04,2025-12-05,2026-02-04
13857,105,3,10,2026-01-28,2026-01-31,2026-03-31
13858,105,3,10,2026-04-03,2026-04-05,2026-06-04
13859,105,3,10,2026-04-24,2026-04-25,2026-06-25
13860,105,9,10,2026-05-25,2026-05-27,2026-07-26
13861,106,9,3,2024-07-04,2024-07-05,2024-07-09
13862,106,9,1,2024-07-09,2024-07-12,2024-07-14
13863,106,17,1,2024-07-16,2024-07-19,2024-07-21
13864,106,9,1,2024-07-23,2024-07-26,2024-07-28
13865,106,17,3,2024-07-31,2024-08-02,2024-08-05
13866,106,24,1,2024-08-10,2024-08-11,2024-08-15
13867,106,9,1,2024-08-17,2024-08-18,2024-08-22
13868,106,17,3,2024-08-25,2024-08-27,2024-08-30
13869,106,24,1,2024-08-27,2024-08-30,2024-09-01
13870,106,17,3,2024-09-03,2024-09-06,2024-09-08
13871,106,17,1,2024-09-12,2024-09-14,2024-09-17
13872,106,9,3,2024-09-16,2024-09-19,2024-09-21
13873,106,9,1,2024-09-23,2024-09-24,2024-09-28
13874,106,9,3,2024-10-01,2024-10-03,2024-10-06
13875,106,24,3,2024-10-10,2024-10-11,2024-10-15
13876,106,9,3,2024-10-18,2024-10-19,2024-10-23
13877,106,17,1,2024-10-27,2024-10-29,2024-11-01
13878,106,17,1,2024-10-31,2024-11-02,2024-11-05
13879,106,9,3,2024-11-04,2024-11-05,2024-11-09
13880,106,24,1,2024-11-15,2024-11-17,2024-11-20
13881,106,24,3,2024-11-22,2024-11-23,2024-11-27
13882,106,24,3,2024-12-01,2024-12-02,2024-12-06
13883,106,17,1,2024-12-07,2024-12-09,2024-12-12
13884,106,9,3,2024-12-10,2024-12-13,2024-12-15
13885,106,24,1,2024-12-20,2024-12-22,2024-12-25
13886,106,17,3,2024-12-26,2024-12-29,2024-12-31
13887,106,9,1,2025-01-02,2025-01-04,2025-01-07
13888,106,24,3,2025-01-09,2025-01-12,2025-01-14
13889,106,24,1,2025-01-16,2025-01-18,2025-01-21
13890,106,24,3,2025-01-22,2025-01-25,2025-01-27
13891,106,9,3,2025-01-31,2025-02-02,2025-02-05
13892,106,9,1,2025-02-05,2025-02-08,2025-02-10
13893,106,9,3,2025-02-15,2025-02-18,2025-02-20
13894,106,24,1,2025-02-17,2025-02-19,2025-02-22
13895,106,17,1,2025-03-01,2025-03-03,2025-03-06
13896,106,9,1,2025-03-08,2025-03-11,2025-03-13
13897,106,24,3,2025-03-16,2025-03-17,2025-03-21
13898,106,17,3,2025-03-20,2025-03-22,2025-03-25
13899,106,17,1,2025-03-26,2025-03-29,2025-03-31
13900,106,9,1,2025-04-02,2025-04-04,2025-04-07
13901,106,9,3,2025-04-11,2025-04-12,2025-04-16
13902,106,9,3,2025-04-15,2025-04-18,2025-04-20
13903,106,24,3,2025-04-23,2025-04-24,2025-04-28
13904,106,9,1,2025-05-03,2025-05-05,2025-05-08
13905,106,9,1,2025-05-08,2025-05-09,2025-05-13
13906,106,9,1,2025-05-18,2025-05-20,2025-05-23
13907,106,17,3,2025-05-22,2025-05-24,2025-05-27
13908,106,9,1,2025-05-27,2025-05-28,2025-06-01
13909,106,9,3,2025-06-08,2025-06-09,2025-06-13
13910,106,24,3,2025-06-11,2025-06-13,2025-06-16
13911,106,24,1,2025-06-16,2025-06-18,2025-06-21
13912,106,24,3,2025-06-24,2025-06-26,2025-06-29
13913,106,24,1,2025-07-05,2025-07-08,2025-07-10
13914,106,17,3,2025-07-09,2025-07-12,2025-07-14
13915,106,9,1,2025-07-14,2025-07-17,2025-07-19
13916,106,9,1,2025-07-23,2025-07-24,2025-07-28
13917,106,24,1,2025-07-30,2025-07-31,2025-08-04
13918,106,17,3,2025-08-05,2025-08-08,2025-08-10
13919,106,9,1,2025-08-14,2025-08-17,2025-08-19
13920,106,24,1,2025-08-22,2025-08-25,2025-08-27
13921,106,24,1,2025-08-29,2025-08-31,2025-09-03
13922,106,9,1,2025-09-07,2025-09-08,2025-09-12
13923,106,24,3,2025-09-10,2025-09-13,2025-09-15
13924,106,9,3,2025-09-16,2025-09-19,2025-09-21
13925,106,24,1,2025-09-23,2025-09-26,2025-09-28
13926,106,9,3,2025-10-05,2025-10-06,2025-10-10
13927,106,9,3,2025-10-08,2025-10-09,2025-10-13
13928,106,9,1,2025-10-18,2025-10-21,2025-10-23
13929,106,9,1,2025-10-26,2025-10-28,2025-10-31
13930,106,9,3,2025-10-30,2025-11-01,2025-11-04
13931,106,9,3,2025-11-08,2025-11-10,2025-11-13
13932,106,17,3,2025-11-15,2025-11-18,2025-11-20
13933,106,24,3,2025-11-20,2025-11-21,2025-11-25
13934,106,17,3,2025-11-27,2025-11-29,2025-12-02
13935,106,24,1,2025-12-06,2025-12-09,2025-12-11
13936,106,24,3,2025-12-11,2025-12-12,2025-12-16
13937,106,17,1,2025-12-19,2025-12-21,2025-12-24
13938,106,9,3,2025-12-26,2025-12-29,2025-12-31
13939,106,24,1,2026-01-03,2026-01-04,2026-01-08
13940,106,17,1,2026-01-08,2026-01-09,2026-01-13
13941,106,24,1,2026-01-16,2026-01-17,2026-01-21
13942,106,24,1,2026-01-19,2026-01-22,2026-01-24
13943,106,24,3,2026-01-30,2026-01-31,2026-02-04
13944,106,9,3,2026-02-06,2026-02-08,2026-02-11
13945,106,24,1,2026-02-11,2026-02-12,2026-02-16
13946,106,9,1,2026-02-19,2026-02-20,2026-02-24
13947,106,9,1,2026-02-28,2026-03-02,2026-03-05
13948,106,9,1,2026-03-04,2026-03-07,2026-03-09
13949,106,24,3,2026-03-11,2026-03-13,2026-03-16
13950,106,17,3,2026-03-22,2026-03-25,2026-03-27
13951,106,17,3,2026-03-23,2026-03-25,2026-03-28
13952,106,9,1,2026-04-03,2026-04-05,2026-04-08
13953,106,24,1,2026-04-07,2026-04-09,2026-04-12
13954,106,24,1,2026-04-16,2026-04-18,2026-04-21
13955,106,17,1,2026-04-21,2026-04-24,2026-04-26
13956,106,9,3,2026-04-29,2026-05-01,2026-05-04
13957,106,9,1,2026-05-09,2026-05-10,2026-05-14
13958,106,24,1,2026-05-16,2026-05-18,2026-05-21
13959,106,17,1,2026-05-18,2026-05-19,2026-05-23
13960,106,17,1,2026-05-30,2026-05-31,2026-06-04
13961,106,9,3,2026-06-05,2026-06-07,2026-06-10
13962,106,17,1,2026-06-13,2026-06-14,2026-06-18
13963,106,17,1,2026-06-16,2026-06-17,2026-06-21
13964,106,24,1,2026-06-24,2026-06-26,2026-06-29
13965,106,17,4,2024-07-04,2024-07-05,2024-07-09
13966,106,9,4,2024-07-13,2024-07-15,2024-07-18
13967,106,24,4,2024-07-20,2024-07-21,2024-07-25
13968,106,17,4,2024-07-27,2024-07-30,2024-08-01
13969,106,24,4,2024-08-02,2024-08-03,2024-08-07
13970,106,24,4,2024-08-06,2024-08-07,2024-08-11
13971,106,24,4,2024-08-13,2024-08-16,2024-08-18
13972,106,24,4,2024-08-22,2024-08-24,2024-08-27
13973,106,17,4,2024-09-01,2024-09-04,2024-09-06
13974,106,24,4,2024-09-02,2024-09-03,2024-09-07
13975,106,17,4,2024-09-12,2024-09-14,2024-09-17
13976,106,17,4,2024-09-17,2024-09-18,2024-09-22
13977,106,17,4,2024-09-29,2024-09-30,2024-10-04
13978,106,17,4,2024-09-30,2024-10-02,2024-10-05
13979,106,24,4,2024-10-07,2024-10-08,2024-10-12
13980,106,9,4,2024-10-20,2024-10-21,2024-10-25
13981,106,9,4,2024-10-25,2024-10-26,2024-10-30
13982,106,17,4,2024-10-30,2024-11-02,2024-11-04
13983,106,9,4,2024-11-07,2024-11-09,2024-11-12
13984,106,24,4,2024-11-12,2024-11-14,2024-11-17
13985,106,17,4,2024-11-19,2024-11-22,2024-11-24
13986,106,24,4,2024-12-01,2024-12-02,2024-12-06
13987,106,9,4,2024-12-08,2024-12-10,2024-12-13
13988,106,9,4,2024-12-11,2024-12-12,2024-12-16
13989,106,24,4,2024-12-19,2024-12-21,2024-12-24
13990,106,9,4,2024-12-29,2024-12-31,2025-01-03
13991,106,24,4,2025-01-01,2025-01-04,2025-01-06
13992,106,24,4,2025-01-06,2025-01-07,2025-01-11
13993,106,24,4,2025-01-16,2025-01-19,2025-01-21
13994,106,24,4,2025-01-25,2025-01-27,2025-01-30
13995,106,17,4,2025-01-30,2025-01-31,2025-02-04
13996,106,9,4,2025-02-06,2025-02-07,2025-02-11
13997,106,17,4,2025-02-13,2025-02-15,2025-02-18
13998,106,17,4,2025-02-18,2025-02-21,2025-02-23
13999,106,24,4,2025-02-28,2025-03-01,2025-03-05
14000,106,9,4,2025-03-05,2025-03-06,2025-03-10
14001,106,24,4,2025-03-13,2025-03-14,2025-03-18
14002,106,24,4,2025-03-19,2025-03-20,2025-03-24
14003,106,24,4,2025-03-24,2025-03-25,2025-03-29
14004,106,24,4,2025-04-01,2025-04-04,2025-04-06
14005,106,17,4,2025-04-11,2025-04-13,2025-04-16
14006,106,24,4,2025-04-20,2025-04-21,2025-04-25
14007,106,9,4,2025-04-24,2025-04-27,2025-04-29
14008,106,9,4,2025-05-04,2025-05-05,2025-05-09
14009,106,24,4,2025-05-09,2025-05-10,2025-05-14
14010,106,24,4,2025-05-18,2025-05-19,2025-05-23
14011,106,24,4,2025-05-22,2025-05-23,2025-05-27
14012,106,24,4,2025-05-28,2025-05-29,2025-06-02
14013,106,9,4,2025-06-04,2025-06-05,2025-06-09
14014,106,9,4,2025-06-10,2025-06-13,2025-06-15
14015,106,9,4,2025-06-18,2025-06-21,2025-06-23
14016,106,17,4,2025-06-28,2025-06-29,2025-07-03
14017,106,17,4,2025-06-30,2025-07-02,2025-07-05
14018,106,17,4,2025-07-08,2025-07-11,2025-07-13
14019,106,9,4,2025-07-20,2025-07-21,2025-07-25
14020,106,24,4,2025-07-22,2025-07-23,2025-07-27
14021,106,17,4,2025-07-30,2025-07-31,2025-08-04
14022,106,24,4,2025-08-09,2025-08-11,2025-08-14
14023,106,9,4,2025-08-16,2025-08-19,2025-08-21
14024,106,17,4,2025-08-20,2025-08-22,2025-08-25
14025,106,9,4,2025-08-29,2025-09-01,2025-09-03
14026,106,17,4,2025-09-05,2025-09-06,2025-09-10
14027,106,9,4,2025-09-10,2025-09-13,2025-09-15
14028,106,24,4,2025-09-18,2025-09-19,2025-09-23
14029,106,24,4,2025-09-24,2025-09-25,2025-09-29
14030,106,17,4,2025-09-29,2025-10-01,2025-10-04
14031,106,17,4,2025-10-11,2025-10-13,2025-10-16
14032,106,17,4,2025-10-16,2025-10-17,2025-10-21
14033,106,24,4,2025-10-25,2025-10-27,2025-10-30
14034,106,24,4,2025-10-27,2025-10-29,2025-11-01
14035,106,24,4,2025-11-03,2025-11-04,2025-11-08
14036,106,24,4,2025-11-11,2025-11-12,2025-11-16
14037,106,17,4,2025-11-21,2025-11-24,2025-11-26
14038,106,24,4,2025-11-27,2025-11-30,2025-12-02
14039,106,24,4,2025-12-04,2025-12-07,2025-12-09
14040,106,17,4,2025-12-14,2025-12-15,2025-12-19
14041,106,9,4,2025-12-17,2025-12-20,2025-12-22
14042,106,17,4,2025-12-23,2025-12-25,2025-12-28
14043,106,9,4,2026-01-01,2026-01-02,2026-01-06
14044,106,24,4,2026-01-10,2026-01-13,2026-01-15
14045,106,17,4,2026-01-14,2026-01-16,2026-01-19
14046,106,24,4,2026-01-24,2026-01-27,2026-01-29
14047,106,9,4,2026-01-31,2026-02-01,2026-02-05
14048,106,9,4,2026-02-05,2026-02-08,2026-02-10
14049,106,17,4,2026-02-15,2026-02-17,2026-02-20
14050,106,24,4,2026-02-21,2026-02-23,2026-02-26
14051,106,9,4,2026-03-01,2026-03-04,2026-03-06
14052,106,24,4,2026-03-02,2026-03-05,2026-03-07
14053,106,17,4,2026-03-11,2026-03-14,2026-03-16
14054,106,17,4,2026-03-19,2026-03-21,2026-03-24
14055,106,17,4,2026-03-28,2026-03-31,2026-04-02
14056,106,17,4,2026-04-01,2026-04-03,2026-04-06
14057,106,24,4,2026-04-10,2026-04-11,2026-04-15
14058,106,24,4,2026-04-17,2026-04-20,2026-04-22
14059,106,24,4,2026-04-23,2026-04-24,2026-04-28
14060,106,24,4,2026-04-28,2026-04-30,2026-05-03
14061,106,9,4,2026-05-06,2026-05-07,2026-05-11
14062,106,24,4,2026-05-11,2026-05-13,2026-05-16
14063,106,17,4,2026-05-18,2026-05-19,2026-05-23
14064,106,9,4,2026-05-28,2026-05-31,2026-06-02
14065,106,9,4,2026-06-03,2026-06-06,2026-06-08
14066,106,24,4,2026-06-09,2026-06-11,2026-06-14
14067,106,9,4,2026-06-18,2026-06-19,2026-06-23
14068,106,9,4,2026-06-26,2026-06-29,2026-07-01
14069,106,9,5,2024-07-05,2024-07-07,2024-07-10
14070,106,24,5,2024-07-10,2024-07-13,2024-07-15
14071,106,17,5,2024-07-17,2024-07-20,2024-07-22
14072,106,24,5,2024-07-28,2024-07-30,2024-08-02
14073,106,17,5,2024-07-30,2024-08-01,2024-08-04
14074,106,24,5,2024-08-07,2024-08-09,2024-08-12
14075,106,17,5,2024-08-16,2024-08-18,2024-08-21
14076,106,24,5,2024-08-22,2024-08-25,2024-08-27
14077,106,24,5,2024-08-30,2024-09-01,2024-09-04
14078,106,17,5,2024-09-04,2024-09-06,2024-09-09
14079,106,9,5,2024-09-10,2024-09-13,2024-09-15
14080,106,9,5,2024-09-21,2024-09-24,2024-09-26
14081,106,17,5,2024-09-27,2024-09-30,2024-10-02
14082,106,17,5,2024-10-04,2024-10-06,2024-10-09
14083,106,9,5,2024-10-07,2024-10-09,2024-10-12
14084,106,9,5,2024-10-20,2024-10-22,2024-10-25
14085,106,24,5,2024-10-22,2024-10-23,2024-10-27
14086,106,17,5,2024-11-03,2024-11-06,2024-11-08
14087,106,24,5,2024-11-07,2024-11-10,2024-11-12
14088,106,9,5,2024-11-15,2024-11-18,2024-11-20
14089,106,17,5,2024-11-24,2024-11-25,2024-11-29
14090,106,9,5,2024-11-29,2024-11-30,2024-12-04
14091,106,24,5,2024-12-02,2024-12-03,2024-12-07
14092,106,24,5,2024-12-09,2024-12-10,2024-12-14
14093,106,9,5,2024-12-22,2024-12-23,2024-12-27
14094,106,24,5,2024-12-24,2024-12-25,2024-12-29
14095,106,17,5,2024-12-30,2025-01-01,2025-01-04
14096,106,17,5,2025-01-10,2025-01-11,2025-01-15
14097,106,17,5,2025-01-14,2025-01-16,2025-01-19
14098,106,24,5,2025-01-25,2025-01-27,2025-01-30
14099,106,9,5,2025-01-28,2025-01-29,2025-02-02
14100,106,9,5,2025-02-06,2025-02-09,2025-02-11
14101,106,24,5,2025-02-13,2025-02-15,2025-02-18
14102,106,9,5,2025-02-20,2025-02-23,2025-02-25
14103,106,17,5,2025-02-28,2025-03-02,2025-03-05
14104,106,17,5,2025-03-04,2025-03-05,2025-03-09
14105,106,17,5,2025-03-12,2025-03-13,2025-03-17
14106,106,9,5,2025-03-22,2025-03-24,2025-03-27
14107,106,17,5,2025-03-29,2025-03-30,2025-04-03
14108,106,17,5,2025-03-31,2025-04-01,2025-04-05
14109,106,9,5,2025-04-10,2025-04-11,2025-04-15
14110,106,9,5,2025-04-17,2025-04-19,2025-04-22
14111,106,24,5,2025-04-23,2025-04-25,2025-04-28
14112,106,17,5,2025-04-30,2025-05-02,2025-05-05
14113,106,17,5,2025-05-08,2025-05-09,2025-05-13
14114,106,17,5,2025-05-17,2025-05-19,2025-05-22
14115,106,9,5,2025-05-25,2025-05-28,2025-05-30
14116,106,9,5,2025-05-30,2025-05-31,2025-06-04
14117,106,9,5,2025-06-08,2025-06-09,2025-06-13
14118,106,9,5,2025-06-14,2025-06-17,2025-06-19
14119,106,17,5,2025-06-18,2025-06-20,2025-06-23
14120,106,17,5,2025-06-24,2025-06-25,2025-06-29
14121,106,24,5,2025-07-04,2025-07-05,2025-07-09
14122,106,24,5,2025-07-09,2025-07-10,2025-07-14
14123,106,9,5,2025-07-18,2025-07-20,2025-07-23
14124,106,24,5,2025-07-23,2025-07-24,2025-07-28
14125,106,9,5,2025-08-03,2025-08-06,2025-08-08
14126,106,9,5,2025-08-08,2025-08-09,2025-08-13
14127,106,24,5,2025-08-14,2025-08-17,2025-08-19
14128,106,9,5,2025-08-20,2025-08-21,2025-08-25
14129,106,24,5,2025-08-27,2025-08-28,2025-09-01
14130,106,17,5,2025-09-02,2025-09-03,2025-09-07
14131,106,17,5,2025-09-11,2025-09-13,2025-09-16
14132,106,24,5,2025-09-21,2025-09-22,2025-09-26
14133,106,9,5,2025-09-28,2025-09-29,2025-10-03
14134,106,17,5,2025-10-04,2025-10-05,2025-10-09
14135,106,24,5,2025-10-06,2025-10-08,2025-10-11
14136,106,24,5,2025-10-13,2025-10-14,2025-10-18
14137,106,9,5,2025-10-20,2025-10-22,2025-10-25
14138,106,17,5,2025-11-02,2025-11-05,2025-11-07
14139,106,17,5,2025-11-05,2025-11-06,2025-11-10
14140,106,24,5,2025-11-10,2025-11-11,2025-11-15
14141,106,17,5,2025-11-21,2025-11-24,2025-11-26
14142,106,17,5,2025-11-29,2025-12-01,2025-12-04
14143,106,17,5,2025-12-04,2025-12-07,2025-12-09
14144,106,24,5,2025-12-11,2025-12-12,2025-12-16
14145,106,17,5,2025-12-16,2025-12-18,2025-12-21
14146,106,9,5,2025-12-28,2025-12-30,2026-01-02
14147,106,24,5,2026-01-01,2026-01-04,2026-01-06
14148,106,17,5,2026-01-05,2026-01-07,2026-01-10
14149,106,17,5,2026-01-15,2026-01-18,2026-01-20
14150,106,17,5,2026-01-20,2026-01-22,2026-01-25
14151,106,17,5,2026-02-01,2026-02-04,2026-02-06
14152,106,9,5,2026-02-05,2026-02-06,2026-02-10
14153,106,17,5,2026-02-11,2026-02-12,2026-02-16
14154,106,24,5,2026-02-20,2026-02-21,2026-02-25
14155,106,9,5,2026-02-28,2026-03-02,2026-03-05
14156,106,17,5,2026-03-03,2026-03-05,2026-03-08
14157,106,17,5,2026-03-13,2026-03-15,2026-03-18
14158,106,9,5,2026-03-22,2026-03-24,2026-03-27
14159,106,9,5,2026-03-29,2026-04-01,2026-04-03
14160,106,9,5,2026-04-03,2026-04-04,2026-04-08
14161,106,24,5,2026-04-12,2026-04-14,2026-04-17
14162,106,17,5,2026-04-14,2026-04-17,2026-04-19
14163,106,17,5,2026-04-26,2026-04-29,2026-05-01
14164,106,24,5,2026-05-03,2026-05-04,2026-05-08
14165,106,24,5,2026-05-08,2026-05-10,2026-05-13
14166,106,9,5,2026-05-15,2026-05-18,2026-05-20
14167,106,17,5,2026-05-18,2026-05-19,2026-05-23
14168,106,24,5,2026-05-28,2026-05-30,2026-06-02
14169,106,17,5,2026-06-07,2026-06-08,2026-06-12
14170,106,9,5,2026-06-10,2026-06-12,2026-06-15
14171,106,9,5,2026-06-16,2026-06-18,2026-06-21
14172,106,17,5,2026-06-26,2026-06-29,2026-07-01
14173,106,24,9,2024-07-07,2024-07-09,2024-07-12
14174,106,17,7,2024-07-10,2024-07-13,2024-07-15
14175,106,24,9,2024-07-15,2024-07-17,2024-07-20
14176,106,9,7,2024-07-26,2024-07-29,2024-07-31
14177,106,9,7,2024-08-01,2024-08-02,2024-08-06
14178,106,17,9,2024-08-11,2024-08-12,2024-08-16
14179,106,17,9,2024-08-12,2024-08-13,2024-08-17
14180,106,24,9,2024-08-19,2024-08-22,2024-08-24
14181,106,24,9,2024-09-01,2024-09-04,2024-09-06
14182,106,9,9,2024-09-04,2024-09-06,2024-09-09
14183,106,9,9,2024-09-09,2024-09-10,2024-09-14
14184,106,24,7,2024-09-22,2024-09-24,2024-09-27
14185,106,9,7,2024-09-24,2024-09-26,2024-09-29
14186,106,17,7,2024-10-06,2024-10-09,2024-10-11
14187,106,9,7,2024-10-08,2024-10-09,2024-10-13
14188,106,24,9,2024-10-14,2024-10-17,2024-10-19
14189,106,9,9,2024-10-26,2024-10-28,2024-10-31
14190,106,24,7,2024-11-02,2024-11-03,2024-11-07
14191,106,9,7,2024-11-04,2024-11-07,2024-11-09
14192,106,24,9,2024-11-16,2024-11-17,2024-11-21
14193,106,24,7,2024-11-21,2024-11-22,2024-11-26
14194,106,9,9,2024-12-01,2024-12-04,2024-12-06
14195,106,24,9,2024-12-08,2024-12-11,2024-12-13
14196,106,17,7,2024-12-11,2024-12-13,2024-12-16
14197,106,24,9,2024-12-16,2024-12-17,2024-12-21
14198,106,17,7,2024-12-27,2024-12-29,2025-01-01
14199,106,9,7,2025-01-01,2025-01-04,2025-01-06
14200,106,9,9,2025-01-06,2025-01-07,2025-01-11
14201,106,24,7,2025-01-13,2025-01-15,2025-01-18
14202,106,9,9,2025-01-24,2025-01-25,2025-01-29
14203,106,9,7,2025-01-30,2025-02-02,2025-02-04
14204,106,24,9,2025-02-06,2025-02-09,2025-02-11
14205,106,24,9,2025-02-10,2025-02-11,2025-02-15
14206,106,17,9,2025-02-23,2025-02-24,2025-02-28
14207,106,24,9,2025-03-01,2025-03-02,2025-03-06
14208,106,24,9,2025-03-03,2025-03-05,2025-03-08
14209,106,24,7,2025-03-11,2025-03-14,2025-03-16
14210,106,24,7,2025-03-19,2025-03-21,2025-03-24
14211,106,17,7,2025-03-28,2025-03-29,2025-04-02
14212,106,24,9,2025-04-03,2025-04-05,2025-04-08
14213,106,24,9,2025-04-08,2025-04-10,2025-04-13
14214,106,17,9,2025-04-18,2025-04-19,2025-04-23
14215,106,9,9,2025-04-25,2025-04-26,2025-04-30
14216,106,9,9,2025-05-03,2025-05-06,2025-05-08
14217,106,9,9,2025-05-06,2025-05-09,2025-05-11
14218,106,9,9,2025-05-15,2025-05-16,2025-05-20
14219,106,9,9,2025-05-25,2025-05-26,2025-05-30
14220,106,24,9,2025-06-01,2025-06-02,2025-06-06
14221,106,24,7,2025-06-07,2025-06-09,2025-06-12
14222,106,24,7,2025-06-14,2025-06-17,2025-06-19
14223,106,24,9,2025-06-22,2025-06-24,2025-06-27
14224,106,24,9,2025-06-29,2025-06-30,2025-07-04
14225,106,17,9,2025-07-05,2025-07-07,2025-07-10
14226,106,17,9,2025-07-13,2025-07-16,2025-07-18
14227,106,17,7,2025-07-14,2025-07-15,2025-07-19
14228,106,24,7,2025-07-26,2025-07-29,2025-07-31
14229,106,17,9,2025-07-29,2025-07-30,2025-08-03
14230,106,9,9,2025-08-10,2025-08-13,2025-08-15
14231,106,9,7,2025-08-16,2025-08-17,2025-08-21
14232,106,17,9,2025-08-19,2025-08-21,2025-08-24
14233,106,9,9,2025-08-27,2025-08-30,2025-09-01
14234,106,24,9,2025-09-02,2025-09-04,2025-09-07
14235,106,24,7,2025-09-09,2025-09-12,2025-09-14
14236,106,9,7,2025-09-19,2025-09-22,2025-09-24
14237,106,17,7,2025-09-28,2025-09-30,2025-10-03
14238,106,9,9,2025-10-05,2025-10-06,2025-10-10
14239,106,17,7,2025-10-09,2025-10-10,2025-10-14
14240,106,17,9,2025-10-13,2025-10-16,2025-10-18
14241,106,9,7,2025-10-20,2025-10-23,2025-10-25
14242,106,24,7,2025-10-29,2025-10-31,2025-11-03
14243,106,17,7,2025-11-09,2025-11-11,2025-11-14
14244,106,24,9,2025-11-15,2025-11-17,2025-11-20
14245,106,9,9,2025-11-20,2025-11-22,2025-11-25
14246,106,24,9,2025-11-29,2025-12-01,2025-12-04
14247,106,24,7,2025-12-01,2025-12-03,2025-12-06
14248,106,17,9,2025-12-09,2025-12-11,2025-12-14
14249,106,9,7,2025-12-15,2025-12-17,2025-12-20
14250,106,17,7,2025-12-25,2025-12-26,2025-12-30
14251,106,9,7,2025-12-29,2025-12-30,2026-01-03
14252,106,24,9,2026-01-11,2026-01-13,2026-01-16
14253,106,24,7,2026-01-15,2026-01-16,2026-01-20
14254,106,9,7,2026-01-23,2026-01-26,2026-01-28
14255,106,9,9,2026-01-29,2026-01-30,2026-02-03
14256,106,24,7,2026-02-05,2026-02-07,2026-02-10
14257,106,9,9,2026-02-09,2026-02-10,2026-02-14
14258,106,9,9,2026-02-20,2026-02-21,2026-02-25
14259,106,9,7,2026-02-23,2026-02-24,2026-02-28
14260,106,24,9,2026-03-07,2026-03-10,2026-03-12
14261,106,17,9,2026-03-14,2026-03-16,2026-03-19
14262,106,17,9,2026-03-22,2026-03-25,2026-03-27
14263,106,17,7,2026-03-25,2026-03-26,2026-03-30
14264,106,9,7,2026-03-31,2026-04-02,2026-04-05
14265,106,17,9,2026-04-12,2026-04-15,2026-04-17
14266,106,9,7,2026-04-17,2026-04-19,2026-04-22
14267,106,24,7,2026-04-23,2026-04-26,2026-04-28
14268,106,24,9,2026-04-28,2026-05-01,2026-05-03
14269,106,9,9,2026-05-06,2026-05-08,2026-05-11
14270,106,9,7,2026-05-11,2026-05-14,2026-05-16
14271,106,9,7,2026-05-20,2026-05-23,2026-05-25
14272,106,17,9,2026-05-30,2026-06-02,2026-06-04
14273,106,24,7,2026-06-03,2026-06-05,2026-06-08
14274,106,24,9,2026-06-10,2026-06-13,2026-06-15
14275,106,9,7,2026-06-18,2026-06-19,2026-06-23
14276,106,24,9,2026-06-28,2026-07-01,2026-07-03
14277,106,17,9,2026-06-30,2026-07-01,2026-07-05
14278,106,17,10,2024-07-07,2024-07-10,2024-07-12
14279,106,17,10,2024-07-12,2024-07-14,2024-07-17
14280,106,24,10,2024-07-21,2024-07-24,2024-07-26
14281,106,9,10,2024-07-26,2024-07-29,2024-07-31
14282,106,17,10,2024-07-31,2024-08-01,2024-08-05
14283,106,17,10,2024-08-08,2024-08-11,2024-08-13
14284,106,17,10,2024-08-13,2024-08-14,2024-08-18
14285,106,24,10,2024-08-24,2024-08-26,2024-08-29
14286,106,17,10,2024-08-26,2024-08-28,2024-08-31
14287,106,17,10,2024-09-06,2024-09-09,2024-09-11
14288,106,17,10,2024-09-15,2024-09-18,2024-09-20
14289,106,9,10,2024-09-22,2024-09-25,2024-09-27
14290,106,24,10,2024-09-27,2024-09-30,2024-10-02
14291,106,17,10,2024-09-30,2024-10-02,2024-10-05
14292,106,24,10,2024-10-10,2024-10-12,2024-10-15
14293,106,9,10,2024-10-14,2024-10-15,2024-10-19
14294,106,17,10,2024-10-21,2024-10-23,2024-10-26
14295,106,24,10,2024-10-28,2024-10-31,2024-11-02
14296,106,9,10,2024-11-06,2024-11-08,2024-11-11
14297,106,24,10,2024-11-11,2024-11-14,2024-11-16
14298,106,17,10,2024-11-20,2024-11-21,2024-11-25
14299,106,17,10,2024-11-29,2024-11-30,2024-12-04
14300,106,9,10,2024-12-04,2024-12-06,2024-12-09
14301,106,24,10,2024-12-11,2024-12-14,2024-12-16
14302,106,17,10,2024-12-17,2024-12-18,2024-12-22
14303,106,24,10,2024-12-24,2024-12-25,2024-12-29
14304,106,17,10,2025-01-05,2025-01-06,2025-01-10
14305,106,17,10,2025-01-08,2025-01-10,2025-01-13
14306,106,9,10,2025-01-13,2025-01-15,2025-01-18
14307,106,17,10,2025-01-22,2025-01-23,2025-01-27
14308,106,24,10,2025-01-29,2025-02-01,2025-02-03
14309,106,9,10,2025-02-05,2025-02-06,2025-02-10
14310,106,9,10,2025-02-10,2025-02-13,2025-02-15
14311,106,9,10,2025-02-20,2025-02-21,2025-02-25
14312,106,24,10,2025-03-01,2025-03-03,2025-03-06
14313,106,9,10,2025-03-09,2025-03-10,2025-03-14
14314,106,9,10,2025-03-16,2025-03-19,2025-03-21
14315,106,9,10,2025-03-20,2025-03-22,2025-03-25
14316,106,24,10,2025-03-30,2025-04-02,2025-04-04
14317,106,17,10,2025-04-04,2025-04-05,2025-04-09
14318,106,17,10,2025-04-13,2025-04-16,2025-04-18
14319,106,9,10,2025-04-17,2025-04-19,2025-04-22
14320,106,24,10,2025-04-24,2025-04-26,2025-04-29
14321,106,9,10,2025-05-04,2025-05-07,2025-05-09
14322,106,17,10,2025-05-10,2025-05-11,2025-05-15
14323,106,9,10,2025-05-17,2025-05-18,2025-05-22
14324,106,17,10,2025-05-20,2025-05-22,2025-05-25
14325,106,24,10,2025-05-31,2025-06-02,2025-06-05
14326,106,24,10,2025-06-06,2025-06-08,2025-06-11
14327,106,17,10,2025-06-10,2025-06-12,2025-06-15
14328,106,17,10,2025-06-16,2025-06-18,2025-06-21
14329,106,24,10,2025-06-25,2025-06-27,2025-06-30
14330,106,24,10,2025-07-01,2025-07-04,2025-07-06
14331,106,24,10,2025-07-08,2025-07-11,2025-07-13
14332,106,24,10,2025-07-17,2025-07-19,2025-07-22
14333,106,9,10,2025-07-26,2025-07-28,2025-07-31
14334,106,24,10,2025-07-28,2025-07-30,2025-08-02
14335,106,9,10,2025-08-07,2025-08-09,2025-08-12
14336,106,17,10,2025-08-17,2025-08-20,2025-08-22
14337,106,17,10,2025-08-19,2025-08-21,2025-08-24
14338,106,9,10,2025-08-31,2025-09-03,2025-09-05
14339,106,9,10,2025-09-02,2025-09-03,2025-09-07
14340,106,9,10,2025-09-13,2025-09-16,2025-09-18
14341,106,24,10,2025-09-21,2025-09-22,2025-09-26
14342,106,9,10,2025-09-24,2025-09-26,2025-09-29
14343,106,24,10,2025-10-05,2025-10-06,2025-10-10
14344,106,17,10,2025-10-10,2025-10-12,2025-10-15
14345,106,9,10,2025-10-19,2025-10-22,2025-10-24
14346,106,24,10,2025-10-21,2025-10-23,2025-10-26
14347,106,9,10,2025-10-30,2025-11-02,2025-11-04
14348,106,9,10,2025-11-03,2025-11-04,2025-11-08
14349,106,9,10,2025-11-13,2025-11-15,2025-11-18
14350,106,9,10,2025-11-20,2025-11-22,2025-11-25
14351,106,17,10,2025-11-25,2025-11-28,2025-11-30
14352,106,24,10,2025-12-07,2025-12-10,2025-12-12
14353,106,9,10,2025-12-12,2025-12-13,2025-12-17
14354,106,17,10,2025-12-19,2025-12-20,2025-12-24
14355,106,9,10,2025-12-24,2025-12-26,2025-12-29
14356,106,17,10,2026-01-03,2026-01-06,2026-01-08
14357,106,9,10,2026-01-06,2026-01-07,2026-01-11
14358,106,17,10,2026-01-13,2026-01-14,2026-01-18
14359,106,24,10,2026-01-22,2026-01-25,2026-01-27
14360,106,24,10,2026-01-28,2026-01-30,2026-02-02
14361,106,24,10,2026-02-06,2026-02-08,2026-02-11
14362,106,24,10,2026-02-12,2026-02-14,2026-02-17
14363,106,17,10,2026-02-17,2026-02-20,2026-02-22
14364,106,17,10,2026-02-23,2026-02-25,2026-02-28
14365,106,9,10,2026-03-04,2026-03-07,2026-03-09
14366,106,17,10,2026-03-14,2026-03-17,2026-03-19
14367,106,17,10,2026-03-19,2026-03-22,2026-03-24
14368,106,17,10,2026-03-27,2026-03-29,2026-04-01
14369,106,9,10,2026-04-05,2026-04-08,2026-04-10
14370,106,9,10,2026-04-06,2026-04-08,2026-04-11
14371,106,9,10,2026-04-19,2026-04-22,2026-04-24
14372,106,24,10,2026-04-22,2026-04-24,2026-04-27
14373,106,24,10,2026-05-01,2026-05-02,2026-05-06
14374,106,17,10,2026-05-06,2026-05-07,2026-05-11
14375,106,24,10,2026-05-13,2026-05-14,2026-05-18
14376,106,9,10,2026-05-18,2026-05-20,2026-05-23
14377,106,17,10,2026-05-26,2026-05-27,2026-05-31
14378,106,17,10,2026-06-06,2026-06-09,2026-06-11
14379,106,9,10,2026-06-10,2026-06-13,2026-06-15
14380,106,9,10,2026-06-20,2026-06-23,2026-06-25
14381,106,17,10,2026-06-25,2026-06-28,2026-06-30
14382,107,24,1,2024-07-07,2024-07-08,2024-12-07
14383,107,14,6,2024-09-19,2024-09-22,2025-02-19
14384,107,12,1,2025-01-05,2025-01-07,2025-06-07
14385,107,24,1,2025-03-19,2025-03-21,2025-08-19
14386,107,12,6,2025-06-06,2025-06-07,2025-11-06
14387,107,14,6,2025-07-24,2025-07-25,2025-12-24
14388,107,24,6,2025-12-03,2025-12-05,2026-05-05
14389,107,24,1,2026-01-05,2026-01-08,2026-06-07
14390,107,24,6,2026-04-23,2026-04-26,2026-09-23
14391,108,24,7,2024-09-07,2024-09-08,2027-06-05
14392,108,24,6,2025-02-18,2025-02-20,2027-11-16
14393,108,24,6,2025-04-29,2025-04-30,2028-01-25
14394,108,24,5,2025-08-07,2025-08-10,2028-05-04
14395,108,24,5,2026-01-19,2026-01-20,2028-10-16
14396,108,19,5,2026-06-08,2026-06-10,2029-03-05
14397,109,6,3,2024-07-04,2024-07-06,2024-08-07
14398,109,1,1,2024-08-04,2024-08-06,2024-09-07
14399,109,1,3,2024-09-04,2024-09-06,2024-10-08
14400,109,1,1,2024-10-03,2024-10-06,2024-11-06
14401,109,6,3,2024-10-09,2024-10-12,2024-11-12
14402,109,6,3,2024-11-07,2024-11-08,2024-12-11
14403,109,6,1,2024-12-11,2024-12-12,2025-01-14
14404,109,6,3,2025-01-03,2025-01-06,2025-02-06
14405,109,6,3,2025-02-02,2025-02-05,2025-03-08
14406,109,1,1,2025-02-18,2025-02-21,2025-03-24
14407,109,6,3,2025-03-28,2025-03-31,2025-05-01
14408,109,1,1,2025-04-06,2025-04-08,2025-05-10
14409,109,6,3,2025-04-28,2025-04-29,2025-06-01
14410,109,1,1,2025-05-30,2025-06-01,2025-07-03
14411,109,6,1,2025-06-17,2025-06-18,2025-07-21
14412,109,1,1,2025-07-24,2025-07-25,2025-08-27
14413,109,6,1,2025-08-18,2025-08-19,2025-09-21
14414,109,6,3,2025-09-20,2025-09-21,2025-10-24
14415,109,1,3,2025-10-16,2025-10-18,2025-11-19
14416,109,1,3,2025-11-12,2025-11-13,2025-12-16
14417,109,1,3,2025-11-26,2025-11-28,2025-12-30
14418,109,6,1,2025-12-24,2025-12-26,2026-01-27
14419,109,6,1,2026-01-07,2026-01-08,2026-02-10
14420,109,1,1,2026-02-06,2026-02-09,2026-03-12
14421,109,6,1,2026-03-10,2026-03-11,2026-04-13
14422,109,6,3,2026-03-26,2026-03-29,2026-04-29
14423,109,6,1,2026-04-15,2026-04-18,2026-05-19
14424,109,6,1,2026-05-20,2026-05-22,2026-06-23
14425,109,6,3,2026-06-05,2026-06-07,2026-07-09
14426,109,1,4,2024-07-20,2024-07-21,2024-08-23
14427,109,6,4,2024-08-04,2024-08-07,2024-09-07
14428,109,6,4,2024-09-11,2024-09-12,2024-10-15
14429,109,6,4,2024-09-30,2024-10-02,2024-11-03
14430,109,1,4,2024-10-29,2024-10-30,2024-12-02
14431,109,1,4,2024-11-06,2024-11-09,2024-12-10
14432,109,6,4,2024-12-06,2024-12-08,2025-01-09
14433,109,1,4,2024-12-29,2025-01-01,2025-02-01
14434,109,1,4,2025-01-19,2025-01-22,2025-02-22
14435,109,6,4,2025-02-11,2025-02-12,2025-03-17
14436,109,6,4,2025-03-09,2025-03-10,2025-04-12
14437,109,6,4,2025-04-14,2025-04-15,2025-05-18
14438,109,6,4,2025-05-12,2025-05-14,2025-06-15
14439,109,1,4,2025-06-04,2025-06-05,2025-07-08
14440,109,6,4,2025-06-19,2025-06-21,2025-07-23
14441,109,1,4,2025-07-13,2025-07-16,2025-08-16
14442,109,6,4,2025-08-15,2025-08-17,2025-09-18
14443,109,6,4,2025-08-30,2025-08-31,2025-10-03
14444,109,1,4,2025-10-17,2025-10-19,2025-11-20
14445,109,6,4,2025-11-03,2025-11-06,2025-12-07
14446,109,1,4,2025-11-30,2025-12-03,2026-01-03
14447,109,6,4,2025-12-30,2025-12-31,2026-02-02
14448,109,6,4,2026-01-20,2026-01-23,2026-02-23
14449,109,1,4,2026-02-20,2026-02-21,2026-03-26
14450,109,6,4,2026-03-10,2026-03-12,2026-04-13
14451,109,1,4,2026-03-19,2026-03-20,2026-04-22
14452,109,1,4,2026-04-12,2026-04-14,2026-05-16
14453,109,6,4,2026-05-14,2026-05-17,2026-06-17
14454,109,1,4,2026-06-22,2026-06-24,2026-07-26
14455,109,6,4,2026-06-27,2026-06-30,2026-07-31
14456,109,1,5,2024-07-14,2024-07-16,2024-08-17
14457,109,1,5,2024-07-26,2024-07-28,2024-08-29
14458,109,6,5,2024-09-09,2024-09-12,2024-10-13
14459,109,1,5,2024-09-20,2024-09-21,2024-10-24
14460,109,1,5,2024-10-11,2024-10-12,2024-11-14
14461,109,6,5,2024-11-13,2024-11-14,2024-12-17
14462,109,6,5,2024-11-29,2024-12-02,2025-01-02
14463,109,1,5,2024-12-30,2025-01-02,2025-02-02
14464,109,6,5,2025-01-24,2025-01-26,2025-02-27
14465,109,1,5,2025-02-16,2025-02-18,2025-03-22
14466,109,6,5,2025-03-16,2025-03-17,2025-04-19
14467,109,1,5,2025-04-25,2025-04-26,2025-05-29
14468,109,6,5,2025-05-02,2025-05-05,2025-06-05
14469,109,6,5,2025-05-30,2025-05-31,2025-07-03
14470,109,1,5,2025-07-10,2025-07-13,2025-08-13
14471,109,6,5,2025-08-02,2025-08-05,2025-09-05
14472,109,1,5,2025-08-21,2025-08-22,2025-09-24
14473,109,6,5,2025-09-22,2025-09-23,2025-10-26
14474,109,1,5,2025-10-06,2025-10-08,2025-11-09
14475,109,1,5,2025-11-01,2025-11-02,2025-12-05
14476,109,1,5,2025-11-27,2025-11-30,2025-12-31
14477,109,6,5,2025-12-13,2025-12-16,2026-01-16
14478,109,1,5,2026-01-04,2026-01-07,2026-02-07
14479,109,1,5,2026-02-20,2026-02-22,2026-03-26
14480,109,6,5,2026-03-09,2026-03-10,2026-04-12
14481,109,1,5,2026-04-10,2026-04-13,2026-05-14
14482,109,1,5,2026-04-23,2026-04-26,2026-05-27
14483,109,1,5,2026-05-16,2026-05-18,2026-06-19
14484,109,1,5,2026-06-09,2026-06-11,2026-07-13
14485,109,1,5,2026-06-30,2026-07-02,2026-08-03
14486,109,6,7,2024-07-23,2024-07-25,2024-08-26
14487,109,1,9,2024-08-05,2024-08-08,2024-09-08
14488,109,6,7,2024-09-12,2024-09-14,2024-10-16
14489,109,6,9,2024-09-25,2024-09-26,2024-10-29
14490,109,6,9,2024-10-27,2024-10-30,2024-11-30
14491,109,6,7,2024-11-19,2024-11-22,2024-12-23
14492,109,1,9,2024-11-30,2024-12-01,2025-01-03
14493,109,6,9,2025-01-07,2025-01-08,2025-02-10
14494,109,6,7,2025-01-24,2025-01-26,2025-02-27
14495,109,1,7,2025-03-02,2025-03-03,2025-04-05
14496,109,6,9,2025-03-31,2025-04-03,2025-05-04
14497,109,1,9,2025-04-24,2025-04-25,2025-05-28
14498,109,6,7,2025-05-17,2025-05-19,2025-06-20
14499,109,1,7,2025-06-09,2025-06-12,2025-07-13
14500,109,6,7,2025-07-02,2025-07-04,2025-08-05
14501,109,1,9,2025-07-12,2025-07-15,2025-08-15
14502,109,6,7,2025-08-25,2025-08-28,2025-09-28
14503,109,6,9,2025-09-18,2025-09-19,2025-10-22
14504,109,6,9,2025-10-01,2025-10-03,2025-11-04
14505,109,6,7,2025-11-03,2025-11-04,2025-12-07
14506,109,6,7,2025-11-16,2025-11-17,2025-12-20
14507,109,1,7,2025-12-16,2025-12-17,2026-01-19
14508,109,6,9,2026-01-14,2026-01-17,2026-02-17
14509,109,1,9,2026-02-09,2026-02-10,2026-03-15
14510,109,6,7,2026-03-14,2026-03-16,2026-04-17
14511,109,1,7,2026-04-04,2026-04-05,2026-05-08
14512,109,1,9,2026-04-26,2026-04-29,2026-05-30
14513,109,1,7,2026-05-16,2026-05-19,2026-06-19
14514,109,6,9,2026-06-12,2026-06-13,2026-07-16
14515,109,6,10,2024-07-15,2024-07-18,2024-08-18
14516,109,6,10,2024-08-04,2024-08-06,2024-09-07
14517,109,1,10,2024-08-20,2024-08-23,2024-09-23
14518,109,1,10,2024-09-22,2024-09-24,2024-10-26
14519,109,1,10,2024-10-24,2024-10-27,2024-11-27
14520,109,6,10,2024-11-19,2024-11-21,2024-12-23
14521,109,6,10,2024-12-19,2024-12-21,2025-01-22
14522,109,1,10,2025-01-05,2025-01-08,2025-02-08
14523,109,6,10,2025-02-09,2025-02-10,2025-03-15
14524,109,6,10,2025-02-13,2025-02-16,2025-03-19
14525,109,6,10,2025-03-30,2025-04-01,2025-05-03
14526,109,1,10,2025-04-23,2025-04-26,2025-05-27
14527,109,1,10,2025-05-10,2025-05-12,2025-06-13
14528,109,1,10,2025-06-06,2025-06-09,2025-07-10
14529,109,6,10,2025-06-27,2025-06-29,2025-07-31
14530,109,1,10,2025-07-15,2025-07-18,2025-08-18
14531,109,1,10,2025-08-18,2025-08-19,2025-09-21
14532,109,6,10,2025-09-19,2025-09-20,2025-10-23
14533,109,1,10,2025-10-17,2025-10-18,2025-11-20
14534,109,1,10,2025-10-30,2025-10-31,2025-12-03
14535,109,1,10,2025-11-14,2025-11-16,2025-12-18
14536,109,1,10,2025-12-27,2025-12-29,2026-01-30
14537,109,6,10,2026-01-09,2026-01-12,2026-02-12
14538,109,1,10,2026-01-29,2026-01-31,2026-03-04
14539,109,1,10,2026-03-14,2026-03-17,2026-04-17
14540,109,1,10,2026-04-04,2026-04-07,2026-05-08
14541,109,6,10,2026-05-02,2026-05-05,2026-06-05
14542,109,6,10,2026-05-26,2026-05-28,2026-06-29
14543,109,1,10,2026-06-24,2026-06-25,2026-07-28
14544,110,13,2,2024-10-01,2024-10-02,2027-08-13
14545,110,13,1,2025-02-04,2025-02-05,2027-12-17
14546,110,4,1,2025-04-01,2025-04-02,2028-02-11
14547,110,7,2,2025-08-07,2025-08-08,2028-06-18
14548,110,13,1,2026-01-06,2026-01-08,2028-11-17
14549,110,4,6,2026-05-10,2026-05-12,2029-03-21
14550,111,7,1,2024-09-09,2024-09-11,2026-12-11
14551,111,7,6,2025-01-04,2025-01-07,2027-04-07
14552,111,22,1,2025-05-23,2025-05-26,2027-08-24
14553,111,7,6,2025-07-20,2025-07-21,2027-10-21
14554,111,7,1,2025-12-29,2026-01-01,2028-03-31
14555,111,7,1,2026-04-02,2026-04-04,2028-07-03
14556,112,7,1,2024-09-20,2024-09-21,2026-12-10
14557,112,7,4,2025-02-18,2025-02-20,2027-05-10
14558,112,17,4,2025-04-10,2025-04-12,2027-06-30
14559,112,17,7,2025-08-08,2025-08-10,2027-10-28
14560,112,17,1,2025-12-29,2026-01-01,2028-03-19
14561,112,17,1,2026-04-22,2026-04-25,2028-07-11
14562,113,4,2,2024-10-17,2024-10-20,2027-09-08
14563,113,4,8,2024-10-31,2024-11-02,2027-09-22
14564,113,4,2,2025-05-14,2025-05-16,2028-04-04
14565,113,4,2,2025-10-10,2025-10-11,2028-08-31
14566,113,4,2,2025-12-28,2025-12-30,2028-11-18
14567,113,4,2,2026-06-20,2026-06-23,2029-05-11
14568,114,17,2,2024-08-06,2024-08-09,2027-05-18
14569,114,20,1,2025-02-11,2025-02-13,2027-11-23
14570,114,20,1,2025-02-27,2025-03-01,2027-12-09
14571,114,10,1,2025-10-11,2025-10-12,2028-07-22
14572,114,10,1,2025-11-03,2025-11-06,2028-08-14
14573,114,17,2,2026-05-28,2026-05-31,2029-03-08
14574,115,23,1,2024-07-02,2024-07-04,2024-07-17
14575,115,23,3,2024-07-16,2024-07-17,2024-07-31
14576,115,23,3,2024-07-31,2024-08-01,2024-08-15
14577,115,23,3,2024-08-06,2024-08-07,2024-08-21
14578,115,23,1,2024-08-24,2024-08-25,2024-09-08
14579,115,23,1,2024-08-30,2024-08-31,2024-09-14
14580,115,23,3,2024-09-14,2024-09-15,2024-09-29
14581,115,23,3,2024-09-16,2024-09-17,2024-10-01
14582,115,23,1,2024-10-02,2024-10-04,2024-10-17
14583,115,23,3,2024-10-16,2024-10-18,2024-10-31
14584,115,23,1,2024-10-26,2024-10-27,2024-11-10
14585,115,23,1,2024-11-04,2024-11-05,2024-11-19
14586,115,23,3,2024-11-18,2024-11-21,2024-12-03
14587,115,23,3,2024-12-01,2024-12-03,2024-12-16
14588,115,23,1,2024-12-05,2024-12-08,2024-12-20
14589,115,23,3,2024-12-19,2024-12-21,2025-01-03
14590,115,23,1,2024-12-31,2025-01-03,2025-01-15
14591,115,23,1,2025-01-13,2025-01-14,2025-01-28
14592,115,23,1,2025-01-25,2025-01-28,2025-02-09
14593,115,23,1,2025-02-05,2025-02-08,2025-02-20
14594,115,23,1,2025-02-16,2025-02-17,2025-03-03
14595,115,23,1,2025-02-18,2025-02-19,2025-03-05
14596,115,23,1,2025-03-09,2025-03-12,2025-03-24
14597,115,23,1,2025-03-18,2025-03-21,2025-04-02
14598,115,23,3,2025-03-25,2025-03-28,2025-04-09
14599,115,23,3,2025-04-04,2025-04-06,2025-04-19
14600,115,23,3,2025-04-21,2025-04-23,2025-05-06
14601,115,23,3,2025-04-25,2025-04-27,2025-05-10
14602,115,23,3,2025-05-09,2025-05-12,2025-05-24
14603,115,23,1,2025-05-24,2025-05-27,2025-06-08
14604,115,23,1,2025-05-27,2025-05-29,2025-06-11
14605,115,23,3,2025-06-09,2025-06-10,2025-06-24
14606,115,23,1,2025-06-26,2025-06-28,2025-07-11
14607,115,23,3,2025-07-01,2025-07-02,2025-07-16
14608,115,23,3,2025-07-19,2025-07-20,2025-08-03
14609,115,23,3,2025-07-27,2025-07-28,2025-08-11
14610,115,23,3,2025-08-09,2025-08-12,2025-08-24
14611,115,23,3,2025-08-22,2025-08-24,2025-09-06
14612,115,23,3,2025-08-25,2025-08-26,2025-09-09
14613,115,23,1,2025-09-07,2025-09-09,2025-09-22
14614,115,23,3,2025-09-20,2025-09-23,2025-10-05
14615,115,23,1,2025-10-03,2025-10-05,2025-10-18
14616,115,23,3,2025-10-13,2025-10-15,2025-10-28
14617,115,23,1,2025-10-18,2025-10-20,2025-11-02
14618,115,23,1,2025-11-07,2025-11-08,2025-11-22
14619,115,23,1,2025-11-09,2025-11-12,2025-11-24
14620,115,23,1,2025-11-26,2025-11-29,2025-12-11
14621,115,23,3,2025-12-02,2025-12-05,2025-12-17
14622,115,23,3,2025-12-13,2025-12-15,2025-12-28
14623,115,23,3,2025-12-23,2025-12-24,2026-01-07
14624,115,23,3,2026-01-11,2026-01-13,2026-01-26
14625,115,23,1,2026-01-23,2026-01-25,2026-02-07
14626,115,23,3,2026-01-29,2026-02-01,2026-02-13
14627,115,23,1,2026-02-11,2026-02-14,2026-02-26
14628,115,23,3,2026-02-21,2026-02-24,2026-03-08
14629,115,23,1,2026-03-02,2026-03-05,2026-03-17
14630,115,23,1,2026-03-17,2026-03-19,2026-04-01
14631,115,23,3,2026-03-23,2026-03-26,2026-04-07
14632,115,23,1,2026-03-31,2026-04-03,2026-04-15
14633,115,23,1,2026-04-18,2026-04-20,2026-05-03
14634,115,23,3,2026-04-28,2026-05-01,2026-05-13
14635,115,23,1,2026-05-07,2026-05-08,2026-05-22
14636,115,23,1,2026-05-20,2026-05-21,2026-06-04
14637,115,23,1,2026-05-25,2026-05-27,2026-06-09
14638,115,23,3,2026-06-07,2026-06-10,2026-06-22
14639,115,23,1,2026-06-21,2026-06-24,2026-07-06
14640,115,23,4,2024-07-07,2024-07-10,2024-07-22
14641,115,23,4,2024-07-13,2024-07-15,2024-07-28
14642,115,23,4,2024-07-30,2024-07-31,2024-08-14
14643,115,23,4,2024-08-05,2024-08-08,2024-08-20
14644,115,23,4,2024-08-16,2024-08-19,2024-08-31
14645,115,23,4,2024-09-02,2024-09-04,2024-09-17
14646,115,23,4,2024-09-15,2024-09-18,2024-09-30
14647,115,23,4,2024-09-19,2024-09-22,2024-10-04
14648,115,23,4,2024-10-04,2024-10-06,2024-10-19
14649,115,23,4,2024-10-10,2024-10-11,2024-10-25
14650,115,23,4,2024-10-27,2024-10-28,2024-11-11
14651,115,23,4,2024-11-07,2024-11-08,2024-11-22
14652,115,23,4,2024-11-10,2024-11-13,2024-11-25
14653,115,23,4,2024-11-25,2024-11-27,2024-12-10
14654,115,23,4,2024-12-04,2024-12-07,2024-12-19
14655,115,23,4,2024-12-21,2024-12-22,2025-01-05
14656,115,23,4,2024-12-28,2024-12-30,2025-01-12
14657,115,23,4,2025-01-07,2025-01-09,2025-01-22
14658,115,23,4,2025-01-21,2025-01-23,2025-02-05
14659,115,23,4,2025-01-29,2025-01-30,2025-02-13
14660,115,23,4,2025-02-12,2025-02-15,2025-02-27
14661,115,23,4,2025-02-22,2025-02-24,2025-03-09
14662,115,23,4,2025-03-04,2025-03-05,2025-03-19
14663,115,23,4,2025-03-18,2025-03-20,2025-04-02
14664,115,23,4,2025-04-01,2025-04-04,2025-04-16
14665,115,23,4,2025-04-10,2025-04-13,2025-04-25
14666,115,23,4,2025-04-21,2025-04-22,2025-05-06
14667,115,23,4,2025-04-27,2025-04-30,2025-05-12
14668,115,23,4,2025-05-08,2025-05-10,2025-05-23
14669,115,23,4,2025-05-16,2025-05-18,2025-05-31
14670,115,23,4,2025-05-31,2025-06-03,2025-06-15
14671,115,23,4,2025-06-14,2025-06-17,2025-06-29
14672,115,23,4,2025-06-26,2025-06-28,2025-07-11
14673,115,23,4,2025-06-30,2025-07-03,2025-07-15
14674,115,23,4,2025-07-15,2025-07-17,2025-07-30
14675,115,23,4,2025-07-22,2025-07-23,2025-08-06
14676,115,23,4,2025-08-01,2025-08-03,2025-08-16
14677,115,23,4,2025-08-16,2025-08-17,2025-08-31
14678,115,23,4,2025-09-01,2025-09-02,2025-09-16
14679,115,23,4,2025-09-10,2025-09-12,2025-09-25
14680,115,23,4,2025-09-21,2025-09-24,2025-10-06
14681,115,23,4,2025-09-28,2025-09-30,2025-10-13
14682,115,23,4,2025-10-08,2025-10-10,2025-10-23
14683,115,23,4,2025-10-23,2025-10-25,2025-11-07
14684,115,23,4,2025-11-05,2025-11-08,2025-11-20
14685,115,23,4,2025-11-09,2025-11-10,2025-11-24
14686,115,23,4,2025-11-21,2025-11-22,2025-12-06
14687,115,23,4,2025-12-02,2025-12-03,2025-12-17
14688,115,23,4,2025-12-20,2025-12-21,2026-01-04
14689,115,23,4,2025-12-28,2025-12-29,2026-01-12
14690,115,23,4,2026-01-02,2026-01-03,2026-01-17
14691,115,23,4,2026-01-19,2026-01-21,2026-02-03
14692,115,23,4,2026-01-25,2026-01-28,2026-02-09
14693,115,23,4,2026-02-04,2026-02-07,2026-02-19
14694,115,23,4,2026-02-23,2026-02-24,2026-03-10
14695,115,23,4,2026-03-01,2026-03-02,2026-03-16
14696,115,23,4,2026-03-12,2026-03-13,2026-03-27
14697,115,23,4,2026-03-25,2026-03-27,2026-04-09
14698,115,23,4,2026-04-02,2026-04-04,2026-04-17
14699,115,23,4,2026-04-11,2026-04-12,2026-04-26
14700,115,23,4,2026-04-23,2026-04-24,2026-05-08
14701,115,23,4,2026-05-06,2026-05-09,2026-05-21
14702,115,23,4,2026-05-18,2026-05-19,2026-06-02
14703,115,23,4,2026-05-30,2026-06-01,2026-06-14
14704,115,23,4,2026-06-11,2026-06-12,2026-06-26
14705,115,23,4,2026-06-20,2026-06-23,2026-07-05
14706,115,23,4,2026-06-28,2026-06-30,2026-07-13
14707,115,23,5,2024-07-07,2024-07-08,2024-07-22
14708,115,23,5,2024-07-22,2024-07-25,2024-08-06
14709,115,23,5,2024-07-23,2024-07-24,2024-08-07
14710,115,23,5,2024-08-11,2024-08-14,2024-08-26
14711,115,23,5,2024-08-14,2024-08-17,2024-08-29
14712,115,23,5,2024-08-30,2024-09-01,2024-09-14
14713,115,23,5,2024-09-08,2024-09-11,2024-09-23
14714,115,23,5,2024-09-22,2024-09-24,2024-10-07
14715,115,23,5,2024-10-05,2024-10-06,2024-10-20
14716,115,23,5,2024-10-18,2024-10-19,2024-11-02
14717,115,23,5,2024-10-29,2024-11-01,2024-11-13
14718,115,23,5,2024-11-04,2024-11-07,2024-11-19
14719,115,23,5,2024-11-20,2024-11-21,2024-12-05
14720,115,23,5,2024-11-23,2024-11-26,2024-12-08
14721,115,23,5,2024-12-10,2024-12-13,2024-12-25
14722,115,23,5,2024-12-21,2024-12-24,2025-01-05
14723,115,23,5,2024-12-31,2025-01-01,2025-01-15
14724,115,23,5,2025-01-08,2025-01-10,2025-01-23
14725,115,23,5,2025-01-21,2025-01-23,2025-02-05
14726,115,23,5,2025-01-26,2025-01-27,2025-02-10
14727,115,23,5,2025-02-09,2025-02-12,2025-02-24
14728,115,23,5,2025-02-17,2025-02-19,2025-03-04
14729,115,23,5,2025-03-09,2025-03-10,2025-03-24
14730,115,23,5,2025-03-20,2025-03-21,2025-04-04
14731,115,23,5,2025-03-24,2025-03-26,2025-04-08
14732,115,23,5,2025-04-03,2025-04-05,2025-04-18
14733,115,23,5,2025-04-23,2025-04-25,2025-05-08
14734,115,23,5,2025-04-29,2025-04-30,2025-05-14
14735,115,23,5,2025-05-14,2025-05-15,2025-05-29
14736,115,23,5,2025-05-21,2025-05-22,2025-06-05
14737,115,23,5,2025-05-31,2025-06-01,2025-06-15
14738,115,23,5,2025-06-14,2025-06-15,2025-06-29
14739,115,23,5,2025-06-25,2025-06-28,2025-07-10
14740,115,23,5,2025-07-03,2025-07-04,2025-07-18
14741,115,23,5,2025-07-10,2025-07-11,2025-07-25
14742,115,23,5,2025-07-26,2025-07-28,2025-08-10
14743,115,23,5,2025-08-08,2025-08-11,2025-08-23
14744,115,23,5,2025-08-18,2025-08-19,2025-09-02
14745,115,23,5,2025-08-23,2025-08-26,2025-09-07
14746,115,23,5,2025-09-12,2025-09-14,2025-09-27
14747,115,23,5,2025-09-20,2025-09-21,2025-10-05
14748,115,23,5,2025-10-01,2025-10-03,2025-10-16
14749,115,23,5,2025-10-06,2025-10-08,2025-10-21
14750,115,23,5,2025-10-24,2025-10-27,2025-11-08
14751,115,23,5,2025-11-02,2025-11-03,2025-11-17
14752,115,23,5,2025-11-10,2025-11-12,2025-11-25
14753,115,23,5,2025-11-25,2025-11-26,2025-12-10
14754,115,23,5,2025-12-02,2025-12-04,2025-12-17
14755,115,23,5,2025-12-11,2025-12-14,2025-12-26
14756,115,23,5,2025-12-29,2025-12-30,2026-01-13
14757,115,23,5,2026-01-09,2026-01-12,2026-01-24
14758,115,23,5,2026-01-19,2026-01-21,2026-02-03
14759,115,23,5,2026-01-29,2026-01-31,2026-02-13
14760,115,23,5,2026-02-12,2026-02-13,2026-02-27
14761,115,23,5,2026-02-17,2026-02-18,2026-03-04
14762,115,23,5,2026-03-03,2026-03-06,2026-03-18
14763,115,23,5,2026-03-14,2026-03-17,2026-03-29
14764,115,23,5,2026-03-22,2026-03-25,2026-04-06
14765,115,23,5,2026-04-09,2026-04-12,2026-04-24
14766,115,23,5,2026-04-17,2026-04-20,2026-05-02
14767,115,23,5,2026-04-22,2026-04-25,2026-05-07
14768,115,23,5,2026-05-06,2026-05-09,2026-05-21
14769,115,23,5,2026-05-22,2026-05-24,2026-06-06
14770,115,23,5,2026-06-03,2026-06-05,2026-06-18
14771,115,23,5,2026-06-12,2026-06-14,2026-06-27
14772,115,23,5,2026-06-23,2026-06-24,2026-07-08
14773,115,23,9,2024-07-07,2024-07-10,2024-07-22
14774,115,23,7,2024-07-21,2024-07-22,2024-08-05
14775,115,23,9,2024-07-24,2024-07-25,2024-08-08
14776,115,23,7,2024-08-10,2024-08-12,2024-08-25
14777,115,23,9,2024-08-15,2024-08-16,2024-08-30
14778,115,23,9,2024-08-26,2024-08-29,2024-09-10
14779,115,23,9,2024-09-10,2024-09-11,2024-09-25
14780,115,23,9,2024-09-19,2024-09-22,2024-10-04
14781,115,23,9,2024-09-27,2024-09-29,2024-10-12
14782,115,23,9,2024-10-12,2024-10-13,2024-10-27
14783,115,23,9,2024-10-22,2024-10-25,2024-11-06
14784,115,23,9,2024-11-06,2024-11-07,2024-11-21
14785,115,23,9,2024-11-19,2024-11-21,2024-12-04
14786,115,23,7,2024-11-26,2024-11-29,2024-12-11
14787,115,23,7,2024-12-04,2024-12-06,2024-12-19
14788,115,23,9,2024-12-20,2024-12-21,2025-01-04
14789,115,23,7,2025-01-01,2025-01-02,2025-01-16
14790,115,23,9,2025-01-06,2025-01-08,2025-01-21
14791,115,23,9,2025-01-25,2025-01-28,2025-02-09
14792,115,23,9,2025-02-03,2025-02-04,2025-02-18
14793,115,23,9,2025-02-06,2025-02-07,2025-02-21
14794,115,23,9,2025-02-25,2025-02-27,2025-03-12
14795,115,23,9,2025-03-04,2025-03-06,2025-03-19
14796,115,23,7,2025-03-15,2025-03-18,2025-03-30
14797,115,23,9,2025-03-24,2025-03-25,2025-04-08
14798,115,23,7,2025-04-08,2025-04-10,2025-04-23
14799,115,23,7,2025-04-20,2025-04-22,2025-05-05
14800,115,23,7,2025-04-27,2025-04-28,2025-05-12
14801,115,23,7,2025-05-11,2025-05-14,2025-05-26
14802,115,23,9,2025-05-18,2025-05-19,2025-06-02
14803,115,23,7,2025-06-06,2025-06-09,2025-06-21
14804,115,23,9,2025-06-17,2025-06-20,2025-07-02
14805,115,23,7,2025-06-27,2025-06-29,2025-07-12
14806,115,23,7,2025-07-07,2025-07-09,2025-07-22
14807,115,23,7,2025-07-16,2025-07-19,2025-07-31
14808,115,23,9,2025-07-22,2025-07-25,2025-08-06
14809,115,23,7,2025-08-08,2025-08-09,2025-08-23
14810,115,23,7,2025-08-15,2025-08-18,2025-08-30
14811,115,23,9,2025-08-23,2025-08-26,2025-09-07
14812,115,23,9,2025-09-13,2025-09-14,2025-09-28
14813,115,23,9,2025-09-17,2025-09-19,2025-10-02
14814,115,23,9,2025-09-27,2025-09-30,2025-10-12
14815,115,23,7,2025-10-12,2025-10-15,2025-10-27
14816,115,23,7,2025-10-17,2025-10-19,2025-11-01
14817,115,23,7,2025-11-06,2025-11-08,2025-11-21
14818,115,23,7,2025-11-18,2025-11-19,2025-12-03
14819,115,23,7,2025-11-29,2025-12-02,2025-12-14
14820,115,23,9,2025-12-03,2025-12-04,2025-12-18
14821,115,23,7,2025-12-20,2025-12-23,2026-01-04
14822,115,23,7,2025-12-27,2025-12-30,2026-01-11
14823,115,23,7,2026-01-07,2026-01-10,2026-01-22
14824,115,23,7,2026-01-22,2026-01-23,2026-02-06
14825,115,23,9,2026-02-02,2026-02-05,2026-02-17
14826,115,23,9,2026-02-12,2026-02-14,2026-02-27
14827,115,23,7,2026-02-17,2026-02-19,2026-03-04
14828,115,23,9,2026-03-03,2026-03-06,2026-03-18
14829,115,23,9,2026-03-11,2026-03-13,2026-03-26
14830,115,23,9,2026-03-26,2026-03-28,2026-04-10
14831,115,23,9,2026-04-01,2026-04-03,2026-04-16
14832,115,23,9,2026-04-17,2026-04-19,2026-05-02
14833,115,23,9,2026-04-22,2026-04-23,2026-05-07
14834,115,23,7,2026-05-11,2026-05-12,2026-05-26
14835,115,23,9,2026-05-24,2026-05-26,2026-06-08
14836,115,23,7,2026-05-29,2026-05-30,2026-06-13
14837,115,23,9,2026-06-10,2026-06-12,2026-06-25
14838,115,23,7,2026-06-22,2026-06-23,2026-07-07
14839,115,23,10,2024-07-03,2024-07-04,2024-07-18
14840,115,23,10,2024-07-17,2024-07-19,2024-08-01
14841,115,23,10,2024-07-29,2024-08-01,2024-08-13
14842,115,23,10,2024-08-10,2024-08-13,2024-08-25
14843,115,23,10,2024-08-18,2024-08-19,2024-09-02
14844,115,23,10,2024-08-25,2024-08-27,2024-09-09
14845,115,23,10,2024-09-09,2024-09-11,2024-09-24
14846,115,23,10,2024-09-22,2024-09-23,2024-10-07
14847,115,23,10,2024-10-02,2024-10-04,2024-10-17
14848,115,23,10,2024-10-09,2024-10-10,2024-10-24
14849,115,23,10,2024-10-29,2024-11-01,2024-11-13
14850,115,23,10,2024-10-30,2024-10-31,2024-11-14
14851,115,23,10,2024-11-10,2024-11-12,2024-11-25
14852,115,23,10,2024-11-23,2024-11-24,2024-12-08
14853,115,23,10,2024-12-03,2024-12-05,2024-12-18
14854,115,23,10,2024-12-17,2024-12-20,2025-01-01
14855,115,23,10,2024-12-30,2025-01-01,2025-01-14
14856,115,23,10,2025-01-05,2025-01-08,2025-01-20
14857,115,23,10,2025-01-15,2025-01-16,2025-01-30
14858,115,23,10,2025-02-04,2025-02-06,2025-02-19
14859,115,23,10,2025-02-16,2025-02-19,2025-03-03
14860,115,23,10,2025-02-27,2025-03-01,2025-03-14
14861,115,23,10,2025-03-03,2025-03-05,2025-03-18
14862,115,23,10,2025-03-13,2025-03-16,2025-03-28
14863,115,23,10,2025-03-25,2025-03-26,2025-04-09
14864,115,23,10,2025-04-08,2025-04-11,2025-04-23
14865,115,23,10,2025-04-18,2025-04-21,2025-05-03
14866,115,23,10,2025-05-01,2025-05-04,2025-05-16
14867,115,23,10,2025-05-05,2025-05-08,2025-05-20
14868,115,23,10,2025-05-24,2025-05-25,2025-06-08
14869,115,23,10,2025-05-28,2025-05-29,2025-06-12
14870,115,23,10,2025-06-12,2025-06-14,2025-06-27
14871,115,23,10,2025-06-19,2025-06-21,2025-07-04
14872,115,23,10,2025-07-09,2025-07-12,2025-07-24
14873,115,23,10,2025-07-16,2025-07-17,2025-07-31
14874,115,23,10,2025-07-21,2025-07-23,2025-08-05
14875,115,23,10,2025-08-11,2025-08-12,2025-08-26
14876,115,23,10,2025-08-20,2025-08-22,2025-09-04
14877,115,23,10,2025-08-25,2025-08-28,2025-09-09
14878,115,23,10,2025-09-06,2025-09-09,2025-09-21
14879,115,23,10,2025-09-22,2025-09-25,2025-10-07
14880,115,23,10,2025-10-04,2025-10-06,2025-10-19
14881,115,23,10,2025-10-16,2025-10-19,2025-10-31
14882,115,23,10,2025-10-20,2025-10-22,2025-11-04
14883,115,23,10,2025-11-06,2025-11-07,2025-11-21
14884,115,23,10,2025-11-13,2025-11-14,2025-11-28
14885,115,23,10,2025-11-19,2025-11-20,2025-12-04
14886,115,23,10,2025-12-03,2025-12-04,2025-12-18
14887,115,23,10,2025-12-19,2025-12-22,2026-01-03
14888,115,23,10,2025-12-29,2025-12-30,2026-01-13
14889,115,23,10,2026-01-02,2026-01-03,2026-01-17
14890,115,23,10,2026-01-14,2026-01-17,2026-01-29
14891,115,23,10,2026-01-29,2026-01-30,2026-02-13
14892,115,23,10,2026-02-12,2026-02-13,2026-02-27
14893,115,23,10,2026-02-17,2026-02-19,2026-03-04
14894,115,23,10,2026-03-06,2026-03-09,2026-03-21
14895,115,23,10,2026-03-11,2026-03-12,2026-03-26
14896,115,23,10,2026-03-23,2026-03-25,2026-04-07
14897,115,23,10,2026-04-01,2026-04-04,2026-04-16
14898,115,23,10,2026-04-20,2026-04-21,2026-05-05
14899,115,23,10,2026-04-26,2026-04-27,2026-05-11
14900,115,23,10,2026-05-03,2026-05-04,2026-05-18
14901,115,23,10,2026-05-21,2026-05-24,2026-06-05
14902,115,23,10,2026-05-29,2026-05-31,2026-06-13
14903,115,23,10,2026-06-08,2026-06-10,2026-06-23
14904,115,23,10,2026-06-17,2026-06-18,2026-07-02
14905,116,1,2,2024-07-19,2024-07-22,2025-12-11
14906,116,14,7,2024-12-25,2024-12-27,2026-05-19
14907,116,14,7,2025-03-23,2025-03-26,2026-08-15
14908,116,14,2,2025-09-03,2025-09-05,2027-01-26
14909,116,14,7,2025-11-14,2025-11-17,2027-04-08
14910,116,14,2,2026-06-01,2026-06-03,2027-10-24
14911,116,14,7,2026-06-25,2026-06-27,2027-11-17
14912,117,12,4,2024-07-09,2024-07-12,2027-03-06
14913,117,14,4,2024-11-12,2024-11-15,2027-07-10
14914,117,14,6,2025-03-27,2025-03-30,2027-11-22
14915,117,12,7,2025-10-02,2025-10-04,2028-05-29
14916,117,14,6,2025-11-22,2025-11-24,2028-07-19
14917,117,14,6,2026-05-02,2026-05-03,2028-12-27
14918,118,17,1,2024-07-05,2024-07-08,2024-07-16
14919,118,17,3,2024-07-16,2024-07-17,2024-07-27
14920,118,17,1,2024-07-23,2024-07-24,2024-08-03
14921,118,17,1,2024-07-25,2024-07-27,2024-08-05
14922,118,17,3,2024-08-05,2024-08-07,2024-08-16
14923,118,17,3,2024-08-17,2024-08-20,2024-08-28
14924,118,17,3,2024-08-23,2024-08-25,2024-09-03
14925,118,17,3,2024-08-28,2024-08-29,2024-09-08
14926,118,17,1,2024-09-03,2024-09-05,2024-09-14
14927,118,17,1,2024-09-17,2024-09-18,2024-09-28
14928,118,17,1,2024-09-21,2024-09-24,2024-10-02
14929,118,17,1,2024-09-27,2024-09-28,2024-10-08
14930,118,17,3,2024-10-06,2024-10-09,2024-10-17
14931,118,17,1,2024-10-20,2024-10-21,2024-10-31
14932,118,17,1,2024-10-24,2024-10-27,2024-11-04
14933,118,17,1,2024-10-29,2024-11-01,2024-11-09
14934,118,17,1,2024-11-07,2024-11-10,2024-11-18
14935,118,17,3,2024-11-17,2024-11-19,2024-11-28
14936,118,17,1,2024-11-25,2024-11-27,2024-12-06
14937,118,17,3,2024-12-03,2024-12-06,2024-12-14
14938,118,17,1,2024-12-08,2024-12-10,2024-12-19
14939,118,17,1,2024-12-18,2024-12-21,2024-12-29
14940,118,17,1,2024-12-31,2025-01-03,2025-01-11
14941,118,17,1,2025-01-02,2025-01-04,2025-01-13
14942,118,17,1,2025-01-16,2025-01-18,2025-01-27
14943,118,17,1,2025-01-21,2025-01-24,2025-02-01
14944,118,17,3,2025-01-30,2025-02-01,2025-02-10
14945,118,17,3,2025-02-02,2025-02-05,2025-02-13
14946,118,17,3,2025-02-17,2025-02-18,2025-02-28
14947,118,17,3,2025-02-20,2025-02-22,2025-03-03
14948,118,17,3,2025-03-01,2025-03-02,2025-03-12
14949,118,17,1,2025-03-11,2025-03-13,2025-03-22
14950,118,17,3,2025-03-14,2025-03-16,2025-03-25
14951,118,17,1,2025-03-29,2025-03-31,2025-04-09
14952,118,17,1,2025-04-02,2025-04-05,2025-04-13
14953,118,17,1,2025-04-14,2025-04-16,2025-04-25
14954,118,17,1,2025-04-18,2025-04-19,2025-04-29
14955,118,17,1,2025-04-25,2025-04-28,2025-05-06
14956,118,17,1,2025-05-08,2025-05-10,2025-05-19
14957,118,17,3,2025-05-14,2025-05-15,2025-05-25
14958,118,17,1,2025-05-24,2025-05-26,2025-06-04
14959,118,17,3,2025-05-31,2025-06-01,2025-06-11
14960,118,17,3,2025-06-03,2025-06-06,2025-06-14
14961,118,17,3,2025-06-10,2025-06-12,2025-06-21
14962,118,17,3,2025-06-23,2025-06-24,2025-07-04
14963,118,17,3,2025-07-03,2025-07-04,2025-07-14
14964,118,17,1,2025-07-09,2025-07-10,2025-07-20
14965,118,17,3,2025-07-18,2025-07-19,2025-07-29
14966,118,17,3,2025-07-22,2025-07-24,2025-08-02
14967,118,17,3,2025-07-30,2025-07-31,2025-08-10
14968,118,17,1,2025-08-12,2025-08-14,2025-08-23
14969,118,17,3,2025-08-13,2025-08-16,2025-08-24
14970,118,17,3,2025-08-24,2025-08-25,2025-09-04
14971,118,17,1,2025-08-29,2025-08-31,2025-09-09
14972,118,17,1,2025-09-12,2025-09-15,2025-09-23
14973,118,17,3,2025-09-20,2025-09-22,2025-10-01
14974,118,17,3,2025-09-23,2025-09-24,2025-10-04
14975,118,17,1,2025-10-04,2025-10-07,2025-10-15
14976,118,17,1,2025-10-09,2025-10-12,2025-10-20
14977,118,17,1,2025-10-22,2025-10-24,2025-11-02
14978,118,17,1,2025-10-27,2025-10-29,2025-11-07
14979,118,17,3,2025-11-08,2025-11-10,2025-11-19
14980,118,17,1,2025-11-09,2025-11-12,2025-11-20
14981,118,17,1,2025-11-17,2025-11-19,2025-11-28
14982,118,17,3,2025-12-01,2025-12-03,2025-12-12
14983,118,17,1,2025-12-04,2025-12-05,2025-12-15
14984,118,17,3,2025-12-18,2025-12-20,2025-12-29
14985,118,17,3,2025-12-26,2025-12-27,2026-01-06
14986,118,17,1,2025-12-29,2025-12-31,2026-01-09
14987,118,17,3,2026-01-09,2026-01-12,2026-01-20
14988,118,17,3,2026-01-18,2026-01-21,2026-01-29
14989,118,17,1,2026-01-24,2026-01-25,2026-02-04
14990,118,17,3,2026-01-29,2026-02-01,2026-02-09
14991,118,17,3,2026-02-10,2026-02-11,2026-02-21
14992,118,17,1,2026-02-19,2026-02-21,2026-03-02
14993,118,17,3,2026-02-23,2026-02-24,2026-03-06
14994,118,17,1,2026-03-07,2026-03-09,2026-03-18
14995,118,17,1,2026-03-14,2026-03-15,2026-03-25
14996,118,17,3,2026-03-17,2026-03-18,2026-03-28
14997,118,17,1,2026-03-26,2026-03-29,2026-04-06
14998,118,17,1,2026-04-05,2026-04-06,2026-04-16
14999,118,17,1,2026-04-11,2026-04-12,2026-04-22
15000,118,17,3,2026-04-19,2026-04-21,2026-04-30
15001,118,17,3,2026-04-26,2026-04-29,2026-05-07
15002,118,17,3,2026-05-07,2026-05-08,2026-05-18
15003,118,17,3,2026-05-19,2026-05-22,2026-05-30
15004,118,17,1,2026-05-27,2026-05-29,2026-06-07
15005,118,17,1,2026-05-31,2026-06-03,2026-06-11
15006,118,17,3,2026-06-07,2026-06-08,2026-06-18
15007,118,17,3,2026-06-17,2026-06-19,2026-06-28
15008,118,17,3,2026-06-26,2026-06-29,2026-07-07
15009,118,17,4,2024-07-03,2024-07-04,2024-07-14
15010,118,17,4,2024-07-14,2024-07-16,2024-07-25
15011,118,17,4,2024-07-24,2024-07-25,2024-08-04
15012,118,17,4,2024-07-28,2024-07-31,2024-08-08
15013,118,17,4,2024-08-09,2024-08-10,2024-08-20
15014,118,17,4,2024-08-14,2024-08-15,2024-08-25
15015,118,17,4,2024-08-21,2024-08-23,2024-09-01
15016,118,17,4,2024-09-01,2024-09-04,2024-09-12
15017,118,17,4,2024-09-08,2024-09-10,2024-09-19
15018,118,17,4,2024-09-11,2024-09-13,2024-09-22
15019,118,17,4,2024-09-21,2024-09-22,2024-10-02
15020,118,17,4,2024-10-03,2024-10-04,2024-10-14
15021,118,17,4,2024-10-06,2024-10-07,2024-10-17
15022,118,17,4,2024-10-18,2024-10-20,2024-10-29
15023,118,17,4,2024-10-25,2024-10-28,2024-11-05
15024,118,17,4,2024-10-29,2024-10-31,2024-11-09
15025,118,17,4,2024-11-08,2024-11-10,2024-11-19
15026,118,17,4,2024-11-19,2024-11-21,2024-11-30
15027,118,17,4,2024-11-28,2024-12-01,2024-12-09
15028,118,17,4,2024-12-06,2024-12-07,2024-12-17
15029,118,17,4,2024-12-11,2024-12-14,2024-12-22
15030,118,17,4,2024-12-19,2024-12-20,2024-12-30
15031,118,17,4,2024-12-30,2024-12-31,2025-01-10
15032,118,17,4,2025-01-05,2025-01-07,2025-01-16
15033,118,17,4,2025-01-13,2025-01-16,2025-01-24
15034,118,17,4,2025-01-19,2025-01-22,2025-01-30
15035,118,17,4,2025-01-27,2025-01-28,2025-02-07
15036,118,17,4,2025-02-02,2025-02-04,2025-02-13
15037,118,17,4,2025-02-13,2025-02-16,2025-02-24
15038,118,17,4,2025-02-21,2025-02-23,2025-03-04
15039,118,17,4,2025-02-28,2025-03-02,2025-03-11
15040,118,17,4,2025-03-11,2025-03-13,2025-03-22
15041,118,17,4,2025-03-18,2025-03-19,2025-03-29
15042,118,17,4,2025-03-26,2025-03-27,2025-04-06
15043,118,17,4,2025-04-05,2025-04-08,2025-04-16
15044,118,17,4,2025-04-11,2025-04-14,2025-04-22
15045,118,17,4,2025-04-17,2025-04-19,2025-04-28
15046,118,17,4,2025-04-26,2025-04-27,2025-05-07
15047,118,17,4,2025-05-05,2025-05-06,2025-05-16
15048,118,17,4,2025-05-14,2025-05-16,2025-05-25
15049,118,17,4,2025-05-24,2025-05-25,2025-06-04
15050,118,17,4,2025-05-25,2025-05-28,2025-06-05
15051,118,17,4,2025-06-03,2025-06-04,2025-06-14
15052,118,17,4,2025-06-12,2025-06-13,2025-06-23
15053,118,17,4,2025-06-24,2025-06-27,2025-07-05
15054,118,17,4,2025-07-03,2025-07-05,2025-07-14
15055,118,17,4,2025-07-10,2025-07-13,2025-07-21
15056,118,17,4,2025-07-15,2025-07-16,2025-07-26
15057,118,17,4,2025-07-20,2025-07-21,2025-07-31
15058,118,17,4,2025-08-02,2025-08-03,2025-08-13
15059,118,17,4,2025-08-12,2025-08-13,2025-08-23
15060,118,17,4,2025-08-15,2025-08-17,2025-08-26
15061,118,17,4,2025-08-21,2025-08-22,2025-09-01
15062,118,17,4,2025-09-03,2025-09-06,2025-09-14
15063,118,17,4,2025-09-10,2025-09-13,2025-09-21
15064,118,17,4,2025-09-20,2025-09-22,2025-10-01
15065,118,17,4,2025-09-23,2025-09-24,2025-10-04
15066,118,17,4,2025-10-04,2025-10-05,2025-10-15
15067,118,17,4,2025-10-14,2025-10-16,2025-10-25
15068,118,17,4,2025-10-19,2025-10-22,2025-10-30
15069,118,17,4,2025-10-28,2025-10-29,2025-11-08
15070,118,17,4,2025-11-01,2025-11-03,2025-11-12
15071,118,17,4,2025-11-11,2025-11-13,2025-11-22
15072,118,17,4,2025-11-18,2025-11-21,2025-11-29
15073,118,17,4,2025-11-27,2025-11-28,2025-12-08
15074,118,17,4,2025-12-08,2025-12-10,2025-12-19
15075,118,17,4,2025-12-11,2025-12-14,2025-12-22
15076,118,17,4,2025-12-23,2025-12-26,2026-01-03
15077,118,17,4,2025-12-30,2026-01-02,2026-01-10
15078,118,17,4,2026-01-05,2026-01-06,2026-01-16
15079,118,17,4,2026-01-17,2026-01-18,2026-01-28
15080,118,17,4,2026-01-26,2026-01-27,2026-02-06
15081,118,17,4,2026-01-30,2026-02-02,2026-02-10
15082,118,17,4,2026-02-09,2026-02-11,2026-02-20
15083,118,17,4,2026-02-13,2026-02-16,2026-02-24
15084,118,17,4,2026-02-23,2026-02-24,2026-03-06
15085,118,17,4,2026-03-05,2026-03-06,2026-03-16
15086,118,17,4,2026-03-09,2026-03-12,2026-03-20
15087,118,17,4,2026-03-23,2026-03-26,2026-04-03
15088,118,17,4,2026-03-31,2026-04-03,2026-04-11
15089,118,17,4,2026-04-05,2026-04-06,2026-04-16
15090,118,17,4,2026-04-10,2026-04-12,2026-04-21
15091,118,17,4,2026-04-20,2026-04-21,2026-05-01
15092,118,17,4,2026-04-26,2026-04-29,2026-05-07
15093,118,17,4,2026-05-07,2026-05-10,2026-05-18
15094,118,17,4,2026-05-15,2026-05-16,2026-05-26
15095,118,17,4,2026-05-21,2026-05-22,2026-06-01
15096,118,17,4,2026-05-29,2026-06-01,2026-06-09
15097,118,17,4,2026-06-07,2026-06-09,2026-06-18
15098,118,17,4,2026-06-16,2026-06-18,2026-06-27
15099,118,17,4,2026-06-23,2026-06-25,2026-07-04
15100,118,17,5,2024-07-01,2024-07-02,2024-07-12
15101,118,17,5,2024-07-15,2024-07-16,2024-07-26
15102,118,17,5,2024-07-21,2024-07-22,2024-08-01
15103,118,17,5,2024-07-25,2024-07-26,2024-08-05
15104,118,17,5,2024-08-07,2024-08-08,2024-08-18
15105,118,17,5,2024-08-12,2024-08-13,2024-08-23
15106,118,17,5,2024-08-23,2024-08-25,2024-09-03
15107,118,17,5,2024-08-27,2024-08-28,2024-09-07
15108,118,17,5,2024-09-04,2024-09-07,2024-09-15
15109,118,17,5,2024-09-12,2024-09-14,2024-09-23
15110,118,17,5,2024-09-23,2024-09-25,2024-10-04
15111,118,17,5,2024-10-02,2024-10-03,2024-10-13
15112,118,17,5,2024-10-06,2024-10-09,2024-10-17
15113,118,17,5,2024-10-19,2024-10-21,2024-10-30
15114,118,17,5,2024-10-21,2024-10-24,2024-11-01
15115,118,17,5,2024-11-04,2024-11-05,2024-11-15
15116,118,17,5,2024-11-11,2024-11-12,2024-11-22
15117,118,17,5,2024-11-18,2024-11-20,2024-11-29
15118,118,17,5,2024-11-28,2024-11-30,2024-12-09
15119,118,17,5,2024-12-03,2024-12-05,2024-12-14
15120,118,17,5,2024-12-14,2024-12-15,2024-12-25
15121,118,17,5,2024-12-17,2024-12-18,2024-12-28
15122,118,17,5,2024-12-28,2024-12-29,2025-01-08
15123,118,17,5,2025-01-04,2025-01-06,2025-01-15
15124,118,17,5,2025-01-11,2025-01-14,2025-01-22
15125,118,17,5,2025-01-22,2025-01-24,2025-02-02
15126,118,17,5,2025-01-29,2025-01-31,2025-02-09
15127,118,17,5,2025-02-06,2025-02-07,2025-02-17
15128,118,17,5,2025-02-12,2025-02-14,2025-02-23
15129,118,17,5,2025-02-25,2025-02-27,2025-03-08
15130,118,17,5,2025-03-05,2025-03-07,2025-03-16
15131,118,17,5,2025-03-08,2025-03-11,2025-03-19
15132,118,17,5,2025-03-14,2025-03-15,2025-03-25
15133,118,17,5,2025-03-23,2025-03-26,2025-04-03
15134,118,17,5,2025-03-31,2025-04-02,2025-04-11
15135,118,17,5,2025-04-10,2025-04-12,2025-04-21
15136,118,17,5,2025-04-17,2025-04-20,2025-04-28
15137,118,17,5,2025-04-28,2025-05-01,2025-05-09
15138,118,17,5,2025-05-01,2025-05-04,2025-05-12
15139,118,17,5,2025-05-10,2025-05-11,2025-05-21
15140,118,17,5,2025-05-19,2025-05-22,2025-05-30
15141,118,17,5,2025-06-01,2025-06-04,2025-06-12
15142,118,17,5,2025-06-03,2025-06-04,2025-06-14
15143,118,17,5,2025-06-15,2025-06-16,2025-06-26
15144,118,17,5,2025-06-24,2025-06-27,2025-07-05
15145,118,17,5,2025-06-29,2025-07-02,2025-07-10
15146,118,17,5,2025-07-10,2025-07-11,2025-07-21
15147,118,17,5,2025-07-13,2025-07-16,2025-07-24
15148,118,17,5,2025-07-22,2025-07-25,2025-08-02
15149,118,17,5,2025-07-29,2025-08-01,2025-08-09
15150,118,17,5,2025-08-10,2025-08-13,2025-08-21
15151,118,17,5,2025-08-18,2025-08-21,2025-08-29
15152,118,17,5,2025-08-28,2025-08-31,2025-09-08
15153,118,17,5,2025-09-03,2025-09-05,2025-09-14
15154,118,17,5,2025-09-13,2025-09-14,2025-09-24
15155,118,17,5,2025-09-18,2025-09-21,2025-09-29
15156,118,17,5,2025-09-24,2025-09-25,2025-10-05
15157,118,17,5,2025-09-30,2025-10-03,2025-10-11
15158,118,17,5,2025-10-08,2025-10-10,2025-10-19
15159,118,17,5,2025-10-22,2025-10-24,2025-11-02
15160,118,17,5,2025-10-24,2025-10-27,2025-11-04
15161,118,17,5,2025-11-01,2025-11-02,2025-11-12
15162,118,17,5,2025-11-09,2025-11-12,2025-11-20
15163,118,17,5,2025-11-21,2025-11-23,2025-12-02
15164,118,17,5,2025-12-02,2025-12-04,2025-12-13
15165,118,17,5,2025-12-08,2025-12-09,2025-12-19
15166,118,17,5,2025-12-12,2025-12-13,2025-12-23
15167,118,17,5,2025-12-23,2025-12-26,2026-01-03
15168,118,17,5,2026-01-02,2026-01-03,2026-01-13
15169,118,17,5,2026-01-06,2026-01-07,2026-01-17
15170,118,17,5,2026-01-12,2026-01-14,2026-01-23
15171,118,17,5,2026-01-26,2026-01-29,2026-02-06
15172,118,17,5,2026-01-29,2026-01-31,2026-02-09
15173,118,17,5,2026-02-05,2026-02-06,2026-02-16
15174,118,17,5,2026-02-14,2026-02-17,2026-02-25
15175,118,17,5,2026-02-26,2026-02-28,2026-03-09
15176,118,17,5,2026-03-02,2026-03-04,2026-03-13
15177,118,17,5,2026-03-09,2026-03-12,2026-03-20
15178,118,17,5,2026-03-21,2026-03-23,2026-04-01
15179,118,17,5,2026-04-01,2026-04-03,2026-04-12
15180,118,17,5,2026-04-05,2026-04-08,2026-04-16
15181,118,17,5,2026-04-14,2026-04-15,2026-04-25
15182,118,17,5,2026-04-25,2026-04-28,2026-05-06
15183,118,17,5,2026-04-28,2026-04-29,2026-05-09
15184,118,17,5,2026-05-05,2026-05-06,2026-05-16
15185,118,17,5,2026-05-12,2026-05-13,2026-05-23
15186,118,17,5,2026-05-25,2026-05-28,2026-06-05
15187,118,17,5,2026-06-03,2026-06-06,2026-06-14
15188,118,17,5,2026-06-12,2026-06-13,2026-06-23
15189,118,17,5,2026-06-15,2026-06-18,2026-06-26
15190,118,17,5,2026-06-22,2026-06-23,2026-07-03
15191,118,17,5,2026-06-30,2026-07-01,2026-07-11
15192,118,17,9,2024-07-01,2024-07-03,2024-07-12
15193,118,17,7,2024-07-11,2024-07-12,2024-07-22
15194,118,17,9,2024-07-20,2024-07-23,2024-07-31
15195,118,17,9,2024-07-26,2024-07-27,2024-08-06
15196,118,17,7,2024-08-06,2024-08-07,2024-08-17
15197,118,17,7,2024-08-15,2024-08-18,2024-08-26
15198,118,17,9,2024-08-22,2024-08-25,2024-09-02
15199,118,17,9,2024-08-29,2024-08-31,2024-09-09
15200,118,17,7,2024-09-08,2024-09-10,2024-09-19
15201,118,17,7,2024-09-17,2024-09-19,2024-09-28
15202,118,17,7,2024-09-25,2024-09-28,2024-10-06
15203,118,17,7,2024-09-27,2024-09-30,2024-10-08
15204,118,17,9,2024-10-12,2024-10-13,2024-10-23
15205,118,17,9,2024-10-15,2024-10-17,2024-10-26
15206,118,17,9,2024-10-21,2024-10-23,2024-11-01
15207,118,17,9,2024-10-30,2024-10-31,2024-11-10
15208,118,17,7,2024-11-11,2024-11-13,2024-11-22
15209,118,17,9,2024-11-17,2024-11-18,2024-11-28
15210,118,17,7,2024-11-28,2024-12-01,2024-12-09
15211,118,17,7,2024-12-02,2024-12-03,2024-12-13
15212,118,17,7,2024-12-12,2024-12-15,2024-12-23
15213,118,17,9,2024-12-22,2024-12-23,2025-01-02
15214,118,17,9,2024-12-28,2024-12-29,2025-01-08
15215,118,17,9,2025-01-05,2025-01-07,2025-01-16
15216,118,17,9,2025-01-13,2025-01-16,2025-01-24
15217,118,17,7,2025-01-20,2025-01-21,2025-01-31
15218,118,17,9,2025-01-31,2025-02-03,2025-02-11
15219,118,17,9,2025-02-07,2025-02-08,2025-02-18
15220,118,17,7,2025-02-14,2025-02-17,2025-02-25
15221,118,17,9,2025-02-18,2025-02-20,2025-03-01
15222,118,17,9,2025-03-03,2025-03-05,2025-03-14
15223,118,17,9,2025-03-08,2025-03-09,2025-03-19
15224,118,17,9,2025-03-17,2025-03-19,2025-03-28
15225,118,17,9,2025-03-28,2025-03-31,2025-04-08
15226,118,17,9,2025-04-02,2025-04-05,2025-04-13
15227,118,17,7,2025-04-09,2025-04-10,2025-04-20
15228,118,17,9,2025-04-15,2025-04-17,2025-04-26
15229,118,17,7,2025-04-30,2025-05-01,2025-05-11
15230,118,17,7,2025-05-05,2025-05-08,2025-05-16
15231,118,17,7,2025-05-12,2025-05-15,2025-05-23
15232,118,17,9,2025-05-17,2025-05-19,2025-05-28
15233,118,17,7,2025-05-25,2025-05-28,2025-06-05
15234,118,17,7,2025-06-05,2025-06-06,2025-06-16
15235,118,17,9,2025-06-12,2025-06-15,2025-06-23
15236,118,17,9,2025-06-21,2025-06-24,2025-07-02
15237,118,17,7,2025-06-29,2025-06-30,2025-07-10
15238,118,17,9,2025-07-09,2025-07-12,2025-07-20
15239,118,17,9,2025-07-19,2025-07-20,2025-07-30
15240,118,17,7,2025-07-23,2025-07-26,2025-08-03
15241,118,17,9,2025-07-31,2025-08-01,2025-08-11
15242,118,17,7,2025-08-08,2025-08-09,2025-08-19
15243,118,17,7,2025-08-18,2025-08-19,2025-08-29
15244,118,17,7,2025-08-28,2025-08-31,2025-09-08
15245,118,17,7,2025-09-02,2025-09-05,2025-09-13
15246,118,17,9,2025-09-11,2025-09-12,2025-09-22
15247,118,17,9,2025-09-19,2025-09-22,2025-09-30
15248,118,17,9,2025-09-27,2025-09-30,2025-10-08
15249,118,17,7,2025-10-04,2025-10-06,2025-10-15
15250,118,17,7,2025-10-11,2025-10-13,2025-10-22
15251,118,17,9,2025-10-19,2025-10-22,2025-10-30
15252,118,17,9,2025-10-30,2025-11-01,2025-11-10
15253,118,17,9,2025-11-02,2025-11-05,2025-11-13
15254,118,17,7,2025-11-09,2025-11-11,2025-11-20
15255,118,17,9,2025-11-20,2025-11-22,2025-12-01
15256,118,17,7,2025-11-27,2025-11-28,2025-12-08
15257,118,17,7,2025-12-07,2025-12-10,2025-12-18
15258,118,17,7,2025-12-13,2025-12-16,2025-12-24
15259,118,17,7,2025-12-22,2025-12-24,2026-01-02
15260,118,17,7,2026-01-03,2026-01-06,2026-01-14
15261,118,17,7,2026-01-09,2026-01-11,2026-01-20
15262,118,17,9,2026-01-12,2026-01-13,2026-01-23
15263,118,17,7,2026-01-26,2026-01-27,2026-02-06
15264,118,17,7,2026-01-31,2026-02-01,2026-02-11
15265,118,17,9,2026-02-08,2026-02-10,2026-02-19
15266,118,17,7,2026-02-19,2026-02-20,2026-03-02
15267,118,17,9,2026-02-24,2026-02-27,2026-03-07
15268,118,17,9,2026-03-08,2026-03-10,2026-03-19
15269,118,17,7,2026-03-09,2026-03-11,2026-03-20
15270,118,17,7,2026-03-24,2026-03-27,2026-04-04
15271,118,17,7,2026-03-28,2026-03-29,2026-04-08
15272,118,17,9,2026-04-03,2026-04-04,2026-04-14
15273,118,17,9,2026-04-14,2026-04-15,2026-04-25
15274,118,17,9,2026-04-18,2026-04-20,2026-04-29
15275,118,17,9,2026-04-28,2026-05-01,2026-05-09
15276,118,17,9,2026-05-05,2026-05-07,2026-05-16
15277,118,17,9,2026-05-15,2026-05-17,2026-05-26
15278,118,17,7,2026-05-25,2026-05-27,2026-06-05
15279,118,17,9,2026-06-02,2026-06-03,2026-06-13
15280,118,17,7,2026-06-11,2026-06-14,2026-06-22
15281,118,17,9,2026-06-14,2026-06-16,2026-06-25
15282,118,17,9,2026-06-25,2026-06-28,2026-07-06
15283,118,17,10,2024-07-05,2024-07-06,2024-07-16
15284,118,17,10,2024-07-14,2024-07-17,2024-07-25
15285,118,17,10,2024-07-23,2024-07-24,2024-08-03
15286,118,17,10,2024-07-29,2024-07-31,2024-08-09
15287,118,17,10,2024-08-04,2024-08-06,2024-08-15
15288,118,17,10,2024-08-12,2024-08-15,2024-08-23
15289,118,17,10,2024-08-22,2024-08-25,2024-09-02
15290,118,17,10,2024-08-29,2024-08-31,2024-09-09
15291,118,17,10,2024-09-05,2024-09-07,2024-09-16
15292,118,17,10,2024-09-15,2024-09-17,2024-09-26
15293,118,17,10,2024-09-19,2024-09-22,2024-09-30
15294,118,17,10,2024-10-03,2024-10-06,2024-10-14
15295,118,17,10,2024-10-11,2024-10-12,2024-10-22
15296,118,17,10,2024-10-15,2024-10-17,2024-10-26
15297,118,17,10,2024-10-23,2024-10-24,2024-11-03
15298,118,17,10,2024-11-05,2024-11-08,2024-11-16
15299,118,17,10,2024-11-10,2024-11-12,2024-11-21
15300,118,17,10,2024-11-14,2024-11-17,2024-11-25
15301,118,17,10,2024-11-27,2024-11-30,2024-12-08
15302,118,17,10,2024-12-02,2024-12-03,2024-12-13
15303,118,17,10,2024-12-14,2024-12-16,2024-12-25
15304,118,17,10,2024-12-23,2024-12-24,2025-01-03
15305,118,17,10,2024-12-30,2024-12-31,2025-01-10
15306,118,17,10,2025-01-01,2025-01-03,2025-01-12
15307,118,17,10,2025-01-14,2025-01-16,2025-01-25
15308,118,17,10,2025-01-18,2025-01-19,2025-01-29
15309,118,17,10,2025-01-31,2025-02-01,2025-02-11
15310,118,17,10,2025-02-07,2025-02-10,2025-02-18
15311,118,17,10,2025-02-11,2025-02-12,2025-02-22
15312,118,17,10,2025-02-20,2025-02-23,2025-03-03
15313,118,17,10,2025-03-05,2025-03-06,2025-03-16
15314,118,17,10,2025-03-10,2025-03-11,2025-03-21
15315,118,17,10,2025-03-18,2025-03-20,2025-03-29
15316,118,17,10,2025-03-28,2025-03-29,2025-04-08
15317,118,17,10,2025-04-02,2025-04-03,2025-04-13
15318,118,17,10,2025-04-12,2025-04-13,2025-04-23
15319,118,17,10,2025-04-16,2025-04-18,2025-04-27
15320,118,17,10,2025-04-26,2025-04-29,2025-05-07
15321,118,17,10,2025-05-02,2025-05-05,2025-05-13
15322,118,17,10,2025-05-16,2025-05-19,2025-05-27
15323,118,17,10,2025-05-19,2025-05-21,2025-05-30
15324,118,17,10,2025-05-28,2025-05-29,2025-06-08
15325,118,17,10,2025-06-02,2025-06-04,2025-06-13
15326,118,17,10,2025-06-11,2025-06-12,2025-06-22
15327,118,17,10,2025-06-22,2025-06-23,2025-07-03
15328,118,17,10,2025-07-01,2025-07-02,2025-07-12
15329,118,17,10,2025-07-09,2025-07-12,2025-07-20
15330,118,17,10,2025-07-19,2025-07-20,2025-07-30
15331,118,17,10,2025-07-27,2025-07-30,2025-08-07
15332,118,17,10,2025-07-30,2025-08-01,2025-08-10
15333,118,17,10,2025-08-10,2025-08-11,2025-08-21
15334,118,17,10,2025-08-19,2025-08-22,2025-08-30
15335,118,17,10,2025-08-24,2025-08-27,2025-09-04
15336,118,17,10,2025-09-05,2025-09-07,2025-09-16
15337,118,17,10,2025-09-12,2025-09-15,2025-09-23
15338,118,17,10,2025-09-20,2025-09-21,2025-10-01
15339,118,17,10,2025-09-24,2025-09-25,2025-10-05
15340,118,17,10,2025-10-06,2025-10-08,2025-10-17
15341,118,17,10,2025-10-08,2025-10-10,2025-10-19
15342,118,17,10,2025-10-17,2025-10-20,2025-10-28
15343,118,17,10,2025-10-31,2025-11-01,2025-11-11
15344,118,17,10,2025-11-06,2025-11-09,2025-11-17
15345,118,17,10,2025-11-10,2025-11-12,2025-11-21
15346,118,17,10,2025-11-18,2025-11-19,2025-11-29
15347,118,17,10,2025-11-25,2025-11-28,2025-12-06
15348,118,17,10,2025-12-06,2025-12-07,2025-12-17
15349,118,17,10,2025-12-13,2025-12-16,2025-12-24
15350,118,17,10,2025-12-19,2025-12-20,2025-12-30
15351,118,17,10,2025-12-29,2026-01-01,2026-01-09
15352,118,17,10,2026-01-07,2026-01-10,2026-01-18
15353,118,17,10,2026-01-17,2026-01-20,2026-01-28
15354,118,17,10,2026-01-26,2026-01-29,2026-02-06
15355,118,17,10,2026-02-04,2026-02-07,2026-02-15
15356,118,17,10,2026-02-08,2026-02-10,2026-02-19
15357,118,17,10,2026-02-18,2026-02-19,2026-03-01
15358,118,17,10,2026-02-22,2026-02-24,2026-03-05
15359,118,17,10,2026-03-07,2026-03-10,2026-03-18
15360,118,17,10,2026-03-12,2026-03-13,2026-03-23
15361,118,17,10,2026-03-19,2026-03-21,2026-03-30
15362,118,17,10,2026-03-27,2026-03-29,2026-04-07
15363,118,17,10,2026-04-05,2026-04-07,2026-04-16
15364,118,17,10,2026-04-13,2026-04-16,2026-04-24
15365,118,17,10,2026-04-23,2026-04-24,2026-05-04
15366,118,17,10,2026-04-28,2026-04-30,2026-05-09
15367,118,17,10,2026-05-05,2026-05-08,2026-05-16
15368,118,17,10,2026-05-12,2026-05-13,2026-05-23
15369,118,17,10,2026-05-20,2026-05-23,2026-05-31
15370,118,17,10,2026-06-03,2026-06-05,2026-06-14
15371,118,17,10,2026-06-12,2026-06-14,2026-06-23
15372,118,17,10,2026-06-17,2026-06-18,2026-06-28
15373,118,17,10,2026-06-21,2026-06-24,2026-07-02
15374,119,16,2,2024-08-24,2024-08-27,2027-03-20
15375,119,15,2,2024-10-31,2024-11-03,2027-05-27
15376,119,15,2,2025-03-19,2025-03-21,2027-10-13
15377,119,15,2,2025-09-29,2025-09-30,2028-04-24
15378,119,16,2,2025-12-21,2025-12-22,2028-07-16
15379,119,16,1,2026-04-10,2026-04-11,2028-11-03
15380,120,13,2,2024-09-26,2024-09-29,2025-08-15
15381,120,13,2,2025-01-23,2025-01-24,2025-12-12
15382,120,10,2,2025-04-12,2025-04-14,2026-03-01
15383,120,10,6,2025-08-01,2025-08-04,2026-06-20
15384,120,10,1,2025-11-13,2025-11-14,2026-10-02
15385,120,10,1,2026-04-26,2026-04-28,2027-03-15
15386,121,4,8,2024-07-04,2024-07-05,2027-03-02
15387,121,2,4,2025-01-31,2025-02-02,2027-09-29
15388,121,4,10,2025-03-30,2025-04-02,2027-11-26
15389,121,4,8,2025-07-18,2025-07-21,2028-03-15
15390,121,4,10,2025-11-07,2025-11-10,2028-07-05
15391,121,4,10,2026-03-18,2026-03-19,2028-11-13
15392,122,8,2,2024-07-07,2024-07-09,2026-02-02
15393,122,8,2,2024-11-05,2024-11-06,2026-06-03
15394,122,24,6,2025-03-13,2025-03-16,2026-10-09
15395,122,8,2,2025-09-27,2025-09-30,2027-04-25
15396,122,24,1,2026-01-02,2026-01-05,2027-07-31
15397,122,8,1,2026-05-09,2026-05-11,2027-12-05
15398,123,2,10,2024-08-05,2024-08-08,2027-07-04
15399,123,2,1,2024-11-22,2024-11-25,2027-10-21
15400,123,2,10,2025-04-16,2025-04-18,2028-03-14
15401,123,2,2,2025-07-10,2025-07-13,2028-06-07
15402,123,2,10,2025-12-02,2025-12-03,2028-10-30
15403,123,2,1,2026-03-25,2026-03-28,2029-02-20
15404,124,12,5,2024-09-03,2024-09-05,2027-06-16
15405,124,4,7,2025-01-10,2025-01-13,2027-10-23
15406,124,8,7,2025-02-28,2025-03-03,2027-12-11
15407,124,8,10,2025-08-15,2025-08-18,2028-05-27
15408,124,12,5,2025-11-20,2025-11-23,2028-09-01
15409,124,12,7,2026-06-13,2026-06-16,2029-03-25
15410,125,4,5,2024-09-06,2024-09-09,2025-11-04
15411,125,4,4,2025-01-09,2025-01-10,2026-03-09
15412,125,4,8,2025-05-29,2025-05-30,2026-07-27
15413,125,4,8,2025-10-04,2025-10-07,2026-12-02
15414,125,4,5,2026-01-22,2026-01-25,2027-03-22
15415,125,4,4,2026-06-08,2026-06-11,2027-08-06
15416,126,13,1,2024-07-05,2024-07-07,2024-07-08
15417,126,13,1,2024-07-11,2024-07-12,2024-07-14
15418,126,24,3,2024-07-17,2024-07-19,2024-07-20
15419,126,13,3,2024-07-23,2024-07-24,2024-07-26
15420,126,13,3,2024-07-31,2024-08-02,2024-08-03
15421,126,24,3,2024-08-07,2024-08-08,2024-08-10
15422,126,13,1,2024-08-17,2024-08-19,2024-08-20
15423,126,24,3,2024-08-25,2024-08-26,2024-08-28
15424,126,13,1,2024-09-01,2024-09-04,2024-09-04
15425,126,24,3,2024-09-03,2024-09-04,2024-09-06
15426,126,24,1,2024-09-09,2024-09-10,2024-09-12
15427,126,24,3,2024-09-17,2024-09-20,2024-09-20
15428,126,13,1,2024-09-23,2024-09-24,2024-09-26
15429,126,24,3,2024-10-02,2024-10-04,2024-10-05
15430,126,24,1,2024-10-13,2024-10-15,2024-10-16
15431,126,24,3,2024-10-18,2024-10-19,2024-10-21
15432,126,13,3,2024-10-27,2024-10-29,2024-10-30
15433,126,24,3,2024-11-01,2024-11-03,2024-11-04
15434,126,24,3,2024-11-06,2024-11-08,2024-11-09
15435,126,13,3,2024-11-12,2024-11-13,2024-11-15
15436,126,13,3,2024-11-19,2024-11-21,2024-11-22
15437,126,13,1,2024-11-27,2024-11-30,2024-11-30
15438,126,24,3,2024-12-06,2024-12-09,2024-12-09
15439,126,13,3,2024-12-15,2024-12-18,2024-12-18
15440,126,24,3,2024-12-16,2024-12-19,2024-12-19
15441,126,13,1,2024-12-29,2024-12-31,2025-01-01
15442,126,24,1,2025-01-04,2025-01-07,2025-01-07
15443,126,24,1,2025-01-11,2025-01-14,2025-01-14
15444,126,24,1,2025-01-17,2025-01-19,2025-01-20
15445,126,13,1,2025-01-26,2025-01-28,2025-01-29
15446,126,13,1,2025-01-28,2025-01-29,2025-01-31
15447,126,13,1,2025-02-07,2025-02-08,2025-02-10
15448,126,13,1,2025-02-11,2025-02-14,2025-02-14
15449,126,13,1,2025-02-19,2025-02-20,2025-02-22
15450,126,13,3,2025-02-27,2025-02-28,2025-03-02
15451,126,24,1,2025-03-09,2025-03-10,2025-03-12
15452,126,24,3,2025-03-10,2025-03-12,2025-03-13
15453,126,24,3,2025-03-21,2025-03-23,2025-03-24
15454,126,13,1,2025-03-28,2025-03-30,2025-03-31
15455,126,24,3,2025-04-02,2025-04-05,2025-04-05
15456,126,13,1,2025-04-13,2025-04-15,2025-04-16
15457,126,24,3,2025-04-17,2025-04-20,2025-04-20
15458,126,13,3,2025-04-23,2025-04-25,2025-04-26
15459,126,24,3,2025-05-01,2025-05-04,2025-05-04
15460,126,24,3,2025-05-08,2025-05-11,2025-05-11
15461,126,24,1,2025-05-12,2025-05-14,2025-05-15
15462,126,13,3,2025-05-21,2025-05-22,2025-05-24
15463,126,24,1,2025-06-01,2025-06-02,2025-06-04
15464,126,24,1,2025-06-06,2025-06-08,2025-06-09
15465,126,13,1,2025-06-14,2025-06-17,2025-06-17
15466,126,13,3,2025-06-20,2025-06-22,2025-06-23
15467,126,24,1,2025-06-29,2025-07-01,2025-07-02
15468,126,13,3,2025-06-30,2025-07-02,2025-07-03
15469,126,24,3,2025-07-08,2025-07-11,2025-07-11
15470,126,24,1,2025-07-16,2025-07-17,2025-07-19
15471,126,24,3,2025-07-22,2025-07-25,2025-07-25
15472,126,13,3,2025-08-02,2025-08-05,2025-08-05
15473,126,13,1,2025-08-07,2025-08-09,2025-08-10
15474,126,24,3,2025-08-11,2025-08-13,2025-08-14
15475,126,24,1,2025-08-22,2025-08-24,2025-08-25
15476,126,24,1,2025-08-31,2025-09-03,2025-09-03
15477,126,24,3,2025-09-03,2025-09-04,2025-09-06
15478,126,13,3,2025-09-08,2025-09-11,2025-09-11
15479,126,13,3,2025-09-20,2025-09-21,2025-09-23
15480,126,24,1,2025-09-28,2025-09-29,2025-10-01
15481,126,24,1,2025-10-02,2025-10-05,2025-10-05
15482,126,13,1,2025-10-06,2025-10-08,2025-10-09
15483,126,24,3,2025-10-17,2025-10-19,2025-10-20
15484,126,13,3,2025-10-20,2025-10-21,2025-10-23
15485,126,24,1,2025-11-02,2025-11-05,2025-11-05
15486,126,24,3,2025-11-07,2025-11-10,2025-11-10
15487,126,24,1,2025-11-16,2025-11-18,2025-11-19
15488,126,24,1,2025-11-17,2025-11-20,2025-11-20
15489,126,13,1,2025-11-29,2025-12-01,2025-12-02
15490,126,24,3,2025-12-03,2025-12-06,2025-12-06
15491,126,24,1,2025-12-13,2025-12-16,2025-12-16
15492,126,13,3,2025-12-16,2025-12-17,2025-12-19
15493,126,13,1,2025-12-25,2025-12-26,2025-12-28
15494,126,24,1,2026-01-02,2026-01-04,2026-01-05
15495,126,13,3,2026-01-10,2026-01-13,2026-01-13
15496,126,13,1,2026-01-12,2026-01-15,2026-01-15
15497,126,13,3,2026-01-24,2026-01-27,2026-01-27
15498,126,13,3,2026-01-27,2026-01-28,2026-01-30
15499,126,13,1,2026-02-07,2026-02-08,2026-02-10
15500,126,24,3,2026-02-15,2026-02-17,2026-02-18
15501,126,24,3,2026-02-17,2026-02-18,2026-02-20
15502,126,13,1,2026-02-28,2026-03-03,2026-03-03
15503,126,24,1,2026-03-05,2026-03-06,2026-03-08
15504,126,24,1,2026-03-11,2026-03-14,2026-03-14
15505,126,13,3,2026-03-17,2026-03-18,2026-03-20
15506,126,13,1,2026-03-28,2026-03-31,2026-03-31
15507,126,24,3,2026-04-05,2026-04-06,2026-04-08
15508,126,24,1,2026-04-06,2026-04-07,2026-04-09
15509,126,13,1,2026-04-15,2026-04-17,2026-04-18
15510,126,24,3,2026-04-26,2026-04-27,2026-04-29
15511,126,13,1,2026-05-01,2026-05-02,2026-05-04
15512,126,13,1,2026-05-07,2026-05-09,2026-05-10
15513,126,24,3,2026-05-17,2026-05-20,2026-05-20
15514,126,13,1,2026-05-23,2026-05-25,2026-05-26
15515,126,13,1,2026-05-25,2026-05-26,2026-05-28
15516,126,24,3,2026-06-06,2026-06-08,2026-06-09
15517,126,13,1,2026-06-13,2026-06-16,2026-06-16
15518,126,24,3,2026-06-15,2026-06-17,2026-06-18
15519,126,13,3,2026-06-22,2026-06-23,2026-06-25
15520,126,24,1,2026-06-30,2026-07-01,2026-07-03
15521,126,13,4,2024-07-02,2024-07-03,2024-07-05
15522,126,13,4,2024-07-12,2024-07-15,2024-07-15
15523,126,13,4,2024-07-16,2024-07-18,2024-07-19
15524,126,13,4,2024-07-22,2024-07-24,2024-07-25
15525,126,13,4,2024-07-29,2024-07-31,2024-08-01
15526,126,24,4,2024-08-08,2024-08-11,2024-08-11
15527,126,13,4,2024-08-13,2024-08-16,2024-08-16
15528,126,24,4,2024-08-23,2024-08-25,2024-08-26
15529,126,24,4,2024-08-28,2024-08-31,2024-08-31
15530,126,13,4,2024-09-06,2024-09-07,2024-09-09
15531,126,13,4,2024-09-09,2024-09-11,2024-09-12
15532,126,13,4,2024-09-20,2024-09-22,2024-09-23
15533,126,13,4,2024-09-24,2024-09-25,2024-09-27
15534,126,13,4,2024-10-03,2024-10-04,2024-10-06
15535,126,24,4,2024-10-08,2024-10-11,2024-10-11
15536,126,13,4,2024-10-18,2024-10-19,2024-10-21
15537,126,13,4,2024-10-22,2024-10-23,2024-10-25
15538,126,13,4,2024-10-30,2024-11-02,2024-11-02
15539,126,24,4,2024-11-04,2024-11-05,2024-11-07
15540,126,13,4,2024-11-14,2024-11-17,2024-11-17
15541,126,24,4,2024-11-21,2024-11-22,2024-11-24
15542,126,13,4,2024-11-25,2024-11-27,2024-11-28
15543,126,13,4,2024-12-08,2024-12-10,2024-12-11
15544,126,24,4,2024-12-12,2024-12-13,2024-12-15
15545,126,13,4,2024-12-17,2024-12-19,2024-12-20
15546,126,24,4,2024-12-24,2024-12-25,2024-12-27
15547,126,24,4,2025-01-01,2025-01-02,2025-01-04
15548,126,13,4,2025-01-11,2025-01-14,2025-01-14
15549,126,24,4,2025-01-16,2025-01-18,2025-01-19
15550,126,24,4,2025-01-25,2025-01-26,2025-01-28
15551,126,13,4,2025-02-02,2025-02-03,2025-02-05
15552,126,13,4,2025-02-03,2025-02-04,2025-02-06
15553,126,13,4,2025-02-16,2025-02-17,2025-02-19
15554,126,13,4,2025-02-17,2025-02-19,2025-02-20
15555,126,24,4,2025-02-27,2025-03-01,2025-03-02
15556,126,24,4,2025-03-08,2025-03-11,2025-03-11
15557,126,24,4,2025-03-16,2025-03-18,2025-03-19
15558,126,24,4,2025-03-18,2025-03-19,2025-03-21
15559,126,13,4,2025-03-29,2025-03-30,2025-04-01
15560,126,13,4,2025-04-03,2025-04-06,2025-04-06
15561,126,13,4,2025-04-09,2025-04-10,2025-04-12
15562,126,13,4,2025-04-20,2025-04-22,2025-04-23
15563,126,24,4,2025-04-27,2025-04-30,2025-04-30
15564,126,24,4,2025-04-28,2025-04-30,2025-05-01
15565,126,13,4,2025-05-05,2025-05-06,2025-05-08
15566,126,24,4,2025-05-15,2025-05-18,2025-05-18
15567,126,24,4,2025-05-22,2025-05-23,2025-05-25
15568,126,24,4,2025-05-26,2025-05-27,2025-05-29
15569,126,13,4,2025-06-08,2025-06-10,2025-06-11
15570,126,13,4,2025-06-12,2025-06-14,2025-06-15
15571,126,13,4,2025-06-22,2025-06-25,2025-06-25
15572,126,13,4,2025-06-25,2025-06-28,2025-06-28
15573,126,24,4,2025-07-02,2025-07-04,2025-07-05
15574,126,13,4,2025-07-12,2025-07-15,2025-07-15
15575,126,24,4,2025-07-17,2025-07-20,2025-07-20
15576,126,13,4,2025-07-27,2025-07-30,2025-07-30
15577,126,13,4,2025-07-28,2025-07-31,2025-07-31
15578,126,13,4,2025-08-09,2025-08-10,2025-08-12
15579,126,13,4,2025-08-17,2025-08-18,2025-08-20
15580,126,24,4,2025-08-19,2025-08-20,2025-08-22
15581,126,13,4,2025-08-28,2025-08-29,2025-08-31
15582,126,24,4,2025-09-06,2025-09-09,2025-09-09
15583,126,13,4,2025-09-08,2025-09-11,2025-09-11
15584,126,13,4,2025-09-17,2025-09-19,2025-09-20
15585,126,24,4,2025-09-26,2025-09-28,2025-09-29
15586,126,24,4,2025-10-01,2025-10-02,2025-10-04
15587,126,13,4,2025-10-09,2025-10-12,2025-10-12
15588,126,24,4,2025-10-16,2025-10-17,2025-10-19
15589,126,13,4,2025-10-21,2025-10-23,2025-10-24
15590,126,13,4,2025-10-30,2025-10-31,2025-11-02
15591,126,24,4,2025-11-06,2025-11-09,2025-11-09
15592,126,13,4,2025-11-15,2025-11-18,2025-11-18
15593,126,24,4,2025-11-18,2025-11-19,2025-11-21
15594,126,24,4,2025-11-25,2025-11-27,2025-11-28
15595,126,13,4,2025-12-06,2025-12-08,2025-12-09
15596,126,24,4,2025-12-12,2025-12-14,2025-12-15
15597,126,13,4,2025-12-18,2025-12-20,2025-12-21
15598,126,24,4,2025-12-23,2025-12-26,2025-12-26
15599,126,13,4,2026-01-01,2026-01-02,2026-01-04
15600,126,24,4,2026-01-10,2026-01-13,2026-01-13
15601,126,24,4,2026-01-12,2026-01-15,2026-01-15
15602,126,13,4,2026-01-19,2026-01-20,2026-01-22
15603,126,24,4,2026-01-31,2026-02-03,2026-02-03
15604,126,24,4,2026-02-02,2026-02-04,2026-02-05
15605,126,24,4,2026-02-13,2026-02-15,2026-02-16
15606,126,24,4,2026-02-19,2026-02-22,2026-02-22
15607,126,24,4,2026-02-24,2026-02-27,2026-02-27
15608,126,13,4,2026-03-02,2026-03-05,2026-03-05
15609,126,13,4,2026-03-14,2026-03-15,2026-03-17
15610,126,13,4,2026-03-21,2026-03-23,2026-03-24
15611,126,24,4,2026-03-27,2026-03-28,2026-03-30
15612,126,24,4,2026-04-02,2026-04-04,2026-04-05
15613,126,13,4,2026-04-11,2026-04-13,2026-04-14
15614,126,13,4,2026-04-15,2026-04-16,2026-04-18
15615,126,13,4,2026-04-24,2026-04-25,2026-04-27
15616,126,13,4,2026-04-28,2026-04-30,2026-05-01
15617,126,13,4,2026-05-09,2026-05-12,2026-05-12
15618,126,13,4,2026-05-11,2026-05-12,2026-05-14
15619,126,24,4,2026-05-21,2026-05-24,2026-05-24
15620,126,24,4,2026-05-28,2026-05-29,2026-05-31
15621,126,24,4,2026-06-04,2026-06-06,2026-06-07
15622,126,24,4,2026-06-12,2026-06-14,2026-06-15
15623,126,13,4,2026-06-17,2026-06-19,2026-06-20
15624,126,13,4,2026-06-22,2026-06-24,2026-06-25
15625,126,13,5,2024-07-04,2024-07-06,2024-07-07
15626,126,13,5,2024-07-12,2024-07-14,2024-07-15
15627,126,13,5,2024-07-20,2024-07-23,2024-07-23
15628,126,13,5,2024-07-24,2024-07-27,2024-07-27
15629,126,13,5,2024-08-02,2024-08-03,2024-08-05
15630,126,13,5,2024-08-08,2024-08-10,2024-08-11
15631,126,24,5,2024-08-17,2024-08-20,2024-08-20
15632,126,13,5,2024-08-20,2024-08-22,2024-08-23
15633,126,13,5,2024-08-30,2024-09-02,2024-09-02
15634,126,24,5,2024-09-03,2024-09-05,2024-09-06
15635,126,24,5,2024-09-09,2024-09-10,2024-09-12
15636,126,13,5,2024-09-22,2024-09-24,2024-09-25
15637,126,13,5,2024-09-25,2024-09-28,2024-09-28
15638,126,24,5,2024-09-30,2024-10-01,2024-10-03
15639,126,24,5,2024-10-07,2024-10-10,2024-10-10
15640,126,13,5,2024-10-20,2024-10-23,2024-10-23
15641,126,13,5,2024-10-21,2024-10-24,2024-10-24
15642,126,13,5,2024-10-28,2024-10-29,2024-10-31
15643,126,24,5,2024-11-04,2024-11-06,2024-11-07
15644,126,13,5,2024-11-17,2024-11-19,2024-11-20
15645,126,24,5,2024-11-23,2024-11-26,2024-11-26
15646,126,13,5,2024-11-26,2024-11-29,2024-11-29
15647,126,13,5,2024-12-02,2024-12-04,2024-12-05
15648,126,24,5,2024-12-15,2024-12-17,2024-12-18
15649,126,24,5,2024-12-20,2024-12-21,2024-12-23
15650,126,24,5,2024-12-27,2024-12-28,2024-12-30
15651,126,13,5,2024-12-30,2024-12-31,2025-01-02
15652,126,13,5,2025-01-06,2025-01-09,2025-01-09
15653,126,13,5,2025-01-13,2025-01-15,2025-01-16
15654,126,24,5,2025-01-20,2025-01-22,2025-01-23
15655,126,13,5,2025-01-28,2025-01-29,2025-01-31
15656,126,13,5,2025-02-04,2025-02-06,2025-02-07
15657,126,24,5,2025-02-12,2025-02-14,2025-02-15
15658,126,13,5,2025-02-17,2025-02-20,2025-02-20
15659,126,13,5,2025-02-28,2025-03-02,2025-03-03
15660,126,13,5,2025-03-04,2025-03-06,2025-03-07
15661,126,24,5,2025-03-11,2025-03-13,2025-03-14
15662,126,13,5,2025-03-23,2025-03-26,2025-03-26
15663,126,24,5,2025-03-27,2025-03-28,2025-03-30
15664,126,13,5,2025-03-31,2025-04-03,2025-04-03
15665,126,24,5,2025-04-12,2025-04-15,2025-04-15
15666,126,13,5,2025-04-14,2025-04-17,2025-04-17
15667,126,24,5,2025-04-26,2025-04-29,2025-04-29
15668,126,24,5,2025-05-02,2025-05-04,2025-05-05
15669,126,24,5,2025-05-05,2025-05-08,2025-05-08
15670,126,13,5,2025-05-17,2025-05-18,2025-05-20
15671,126,13,5,2025-05-21,2025-05-22,2025-05-24
15672,126,24,5,2025-05-26,2025-05-29,2025-05-29
15673,126,13,5,2025-06-08,2025-06-09,2025-06-11
15674,126,24,5,2025-06-10,2025-06-13,2025-06-13
15675,126,13,5,2025-06-21,2025-06-23,2025-06-24
15676,126,13,5,2025-06-28,2025-06-30,2025-07-01
15677,126,24,5,2025-07-02,2025-07-04,2025-07-05
15678,126,13,5,2025-07-08,2025-07-09,2025-07-11
15679,126,13,5,2025-07-14,2025-07-17,2025-07-17
15680,126,24,5,2025-07-22,2025-07-23,2025-07-25
15681,126,24,5,2025-07-29,2025-07-30,2025-08-01
15682,126,13,5,2025-08-07,2025-08-09,2025-08-10
15683,126,13,5,2025-08-13,2025-08-15,2025-08-16
15684,126,24,5,2025-08-18,2025-08-20,2025-08-21
15685,126,13,5,2025-08-28,2025-08-31,2025-08-31
15686,126,13,5,2025-09-07,2025-09-09,2025-09-10
15687,126,13,5,2025-09-14,2025-09-15,2025-09-17
15688,126,24,5,2025-09-18,2025-09-20,2025-09-21
15689,126,13,5,2025-09-28,2025-09-29,2025-10-01
15690,126,24,5,2025-10-02,2025-10-05,2025-10-05
15691,126,13,5,2025-10-07,2025-10-09,2025-10-10
15692,126,24,5,2025-10-19,2025-10-21,2025-10-22
15693,126,13,5,2025-10-26,2025-10-29,2025-10-29
15694,126,13,5,2025-11-01,2025-11-04,2025-11-04
15695,126,13,5,2025-11-09,2025-11-11,2025-11-12
15696,126,24,5,2025-11-13,2025-11-16,2025-11-16
15697,126,24,5,2025-11-22,2025-11-24,2025-11-25
15698,126,24,5,2025-11-29,2025-12-02,2025-12-02
15699,126,13,5,2025-12-06,2025-12-09,2025-12-09
15700,126,13,5,2025-12-09,2025-12-10,2025-12-12
15701,126,24,5,2025-12-18,2025-12-21,2025-12-21
15702,126,13,5,2025-12-26,2025-12-28,2025-12-29
15703,126,24,5,2026-01-04,2026-01-06,2026-01-07
15704,126,13,5,2026-01-06,2026-01-09,2026-01-09
15705,126,24,5,2026-01-12,2026-01-13,2026-01-15
15706,126,13,5,2026-01-19,2026-01-22,2026-01-22
15707,126,13,5,2026-01-26,2026-01-29,2026-01-29
15708,126,24,5,2026-02-04,2026-02-07,2026-02-07
15709,126,13,5,2026-02-14,2026-02-16,2026-02-17
15710,126,24,5,2026-02-20,2026-02-22,2026-02-23
15711,126,13,5,2026-02-26,2026-02-28,2026-03-01
15712,126,24,5,2026-03-05,2026-03-06,2026-03-08
15713,126,24,5,2026-03-12,2026-03-14,2026-03-15
15714,126,13,5,2026-03-21,2026-03-23,2026-03-24
15715,126,24,5,2026-03-29,2026-04-01,2026-04-01
15716,126,13,5,2026-04-01,2026-04-02,2026-04-04
15717,126,13,5,2026-04-12,2026-04-13,2026-04-15
15718,126,13,5,2026-04-16,2026-04-18,2026-04-19
15719,126,24,5,2026-04-23,2026-04-25,2026-04-26
15720,126,13,5,2026-04-27,2026-04-30,2026-04-30
15721,126,24,5,2026-05-07,2026-05-10,2026-05-10
15722,126,24,5,2026-05-15,2026-05-16,2026-05-18
15723,126,13,5,2026-05-24,2026-05-26,2026-05-27
15724,126,13,5,2026-05-31,2026-06-03,2026-06-03
15725,126,24,5,2026-06-04,2026-06-06,2026-06-07
15726,126,13,5,2026-06-08,2026-06-10,2026-06-11
15727,126,24,5,2026-06-18,2026-06-21,2026-06-21
15728,126,13,5,2026-06-23,2026-06-25,2026-06-26
15729,126,13,9,2024-07-04,2024-07-06,2024-07-07
15730,126,24,9,2024-07-14,2024-07-15,2024-07-17
15731,126,24,9,2024-07-19,2024-07-22,2024-07-22
15732,126,13,7,2024-07-26,2024-07-28,2024-07-29
15733,126,24,9,2024-07-29,2024-07-30,2024-08-01
15734,126,13,7,2024-08-07,2024-08-10,2024-08-10
15735,126,24,7,2024-08-16,2024-08-19,2024-08-19
15736,126,24,7,2024-08-24,2024-08-26,2024-08-27
15737,126,24,7,2024-09-01,2024-09-02,2024-09-04
15738,126,24,7,2024-09-04,2024-09-05,2024-09-07
15739,126,13,7,2024-09-13,2024-09-15,2024-09-16
15740,126,13,9,2024-09-22,2024-09-23,2024-09-25
15741,126,13,7,2024-09-28,2024-10-01,2024-10-01
15742,126,13,9,2024-10-02,2024-10-05,2024-10-05
15743,126,13,9,2024-10-08,2024-10-10,2024-10-11
15744,126,24,7,2024-10-15,2024-10-18,2024-10-18
15745,126,24,9,2024-10-25,2024-10-28,2024-10-28
15746,126,24,9,2024-10-30,2024-11-02,2024-11-02
15747,126,24,7,2024-11-06,2024-11-09,2024-11-09
15748,126,13,7,2024-11-16,2024-11-17,2024-11-19
15749,126,13,7,2024-11-20,2024-11-23,2024-11-23
15750,126,24,9,2024-11-28,2024-12-01,2024-12-01
15751,126,24,7,2024-12-05,2024-12-07,2024-12-08
15752,126,13,7,2024-12-11,2024-12-13,2024-12-14
15753,126,13,7,2024-12-16,2024-12-17,2024-12-19
15754,126,13,7,2024-12-27,2024-12-29,2024-12-30
15755,126,24,7,2024-12-31,2025-01-02,2025-01-03
15756,126,24,7,2025-01-08,2025-01-11,2025-01-11
15757,126,24,9,2025-01-18,2025-01-20,2025-01-21
15758,126,24,9,2025-01-22,2025-01-23,2025-01-25
15759,126,24,7,2025-01-28,2025-01-31,2025-01-31
15760,126,13,9,2025-02-07,2025-02-10,2025-02-10
15761,126,13,7,2025-02-10,2025-02-12,2025-02-13
15762,126,13,9,2025-02-18,2025-02-19,2025-02-21
15763,126,24,9,2025-02-24,2025-02-26,2025-02-27
15764,126,13,7,2025-03-09,2025-03-12,2025-03-12
15765,126,24,7,2025-03-12,2025-03-13,2025-03-15
15766,126,13,9,2025-03-21,2025-03-22,2025-03-24
15767,126,24,7,2025-03-29,2025-03-31,2025-04-01
15768,126,24,7,2025-03-31,2025-04-01,2025-04-03
15769,126,24,7,2025-04-07,2025-04-09,2025-04-10
15770,126,24,7,2025-04-17,2025-04-18,2025-04-20
15771,126,24,7,2025-04-26,2025-04-28,2025-04-29
15772,126,24,7,2025-05-04,2025-05-05,2025-05-07
15773,126,13,9,2025-05-09,2025-05-11,2025-05-12
15774,126,13,7,2025-05-13,2025-05-15,2025-05-16
15775,126,24,9,2025-05-19,2025-05-22,2025-05-22
15776,126,24,7,2025-05-30,2025-06-02,2025-06-02
15777,126,24,7,2025-06-08,2025-06-10,2025-06-11
15778,126,24,7,2025-06-14,2025-06-17,2025-06-17
15779,126,24,9,2025-06-17,2025-06-19,2025-06-20
15780,126,13,7,2025-06-29,2025-06-30,2025-07-02
15781,126,24,9,2025-07-05,2025-07-08,2025-07-08
15782,126,13,9,2025-07-11,2025-07-13,2025-07-14
15783,126,13,9,2025-07-16,2025-07-17,2025-07-19
15784,126,24,9,2025-07-25,2025-07-26,2025-07-28
15785,126,13,9,2025-07-31,2025-08-01,2025-08-03
15786,126,24,7,2025-08-09,2025-08-12,2025-08-12
15787,126,24,7,2025-08-12,2025-08-14,2025-08-15
15788,126,24,9,2025-08-21,2025-08-22,2025-08-24
15789,126,13,9,2025-08-30,2025-08-31,2025-09-02
15790,126,24,7,2025-09-05,2025-09-06,2025-09-08
15791,126,24,9,2025-09-14,2025-09-16,2025-09-17
15792,126,24,9,2025-09-15,2025-09-16,2025-09-18
15793,126,24,7,2025-09-27,2025-09-28,2025-09-30
15794,126,24,7,2025-09-30,2025-10-01,2025-10-03
15795,126,13,7,2025-10-08,2025-10-10,2025-10-11
15796,126,24,7,2025-10-14,2025-10-16,2025-10-17
15797,126,13,7,2025-10-23,2025-10-26,2025-10-26
15798,126,24,7,2025-11-02,2025-11-04,2025-11-05
15799,126,24,9,2025-11-06,2025-11-09,2025-11-09
15800,126,13,9,2025-11-15,2025-11-18,2025-11-18
15801,126,13,7,2025-11-19,2025-11-22,2025-11-22
15802,126,24,9,2025-11-25,2025-11-26,2025-11-28
15803,126,24,7,2025-12-03,2025-12-04,2025-12-06
15804,126,13,9,2025-12-14,2025-12-16,2025-12-17
15805,126,24,7,2025-12-16,2025-12-19,2025-12-19
15806,126,24,7,2025-12-26,2025-12-27,2025-12-29
15807,126,24,9,2025-12-29,2025-12-31,2026-01-01
15808,126,13,9,2026-01-06,2026-01-09,2026-01-09
15809,126,13,7,2026-01-13,2026-01-14,2026-01-16
15810,126,13,7,2026-01-24,2026-01-27,2026-01-27
15811,126,24,9,2026-01-30,2026-02-02,2026-02-02
15812,126,13,7,2026-02-08,2026-02-10,2026-02-11
15813,126,24,9,2026-02-09,2026-02-12,2026-02-12
15814,126,24,9,2026-02-17,2026-02-19,2026-02-20
15815,126,13,9,2026-02-23,2026-02-26,2026-02-26
15816,126,24,7,2026-03-06,2026-03-08,2026-03-09
15817,126,24,7,2026-03-14,2026-03-16,2026-03-17
15818,126,24,9,2026-03-19,2026-03-20,2026-03-22
15819,126,24,7,2026-03-24,2026-03-25,2026-03-27
15820,126,13,7,2026-04-05,2026-04-07,2026-04-08
15821,126,24,9,2026-04-10,2026-04-11,2026-04-13
15822,126,13,9,2026-04-15,2026-04-17,2026-04-18
15823,126,24,7,2026-04-25,2026-04-27,2026-04-28
15824,126,13,7,2026-04-28,2026-04-30,2026-05-01
15825,126,13,7,2026-05-09,2026-05-11,2026-05-12
15826,126,13,9,2026-05-11,2026-05-14,2026-05-14
15827,126,24,7,2026-05-18,2026-05-19,2026-05-21
15828,126,13,7,2026-05-31,2026-06-01,2026-06-03
15829,126,24,9,2026-06-05,2026-06-07,2026-06-08
15830,126,24,7,2026-06-14,2026-06-16,2026-06-17
15831,126,13,9,2026-06-19,2026-06-21,2026-06-22
15832,126,13,7,2026-06-22,2026-06-23,2026-06-25
15833,126,13,7,2026-06-30,2026-07-02,2026-07-03
15834,126,13,10,2024-07-01,2024-07-02,2024-07-04
15835,126,24,10,2024-07-09,2024-07-12,2024-07-12
15836,126,24,10,2024-07-18,2024-07-19,2024-07-21
15837,126,24,10,2024-07-22,2024-07-23,2024-07-25
15838,126,24,10,2024-08-02,2024-08-03,2024-08-05
15839,126,13,10,2024-08-11,2024-08-12,2024-08-14
15840,126,24,10,2024-08-16,2024-08-17,2024-08-19
15841,126,24,10,2024-08-25,2024-08-27,2024-08-28
15842,126,24,10,2024-09-01,2024-09-02,2024-09-04
15843,126,13,10,2024-09-08,2024-09-11,2024-09-11
15844,126,13,10,2024-09-11,2024-09-13,2024-09-14
15845,126,24,10,2024-09-20,2024-09-23,2024-09-23
15846,126,13,10,2024-09-23,2024-09-26,2024-09-26
15847,126,24,10,2024-10-03,2024-10-06,2024-10-06
15848,126,24,10,2024-10-13,2024-10-15,2024-10-16
15849,126,13,10,2024-10-15,2024-10-17,2024-10-18
15850,126,13,10,2024-10-21,2024-10-23,2024-10-24
15851,126,24,10,2024-10-30,2024-10-31,2024-11-02
15852,126,24,10,2024-11-04,2024-11-07,2024-11-07
15853,126,13,10,2024-11-13,2024-11-16,2024-11-16
15854,126,24,10,2024-11-23,2024-11-25,2024-11-26
15855,126,13,10,2024-12-01,2024-12-02,2024-12-04
15856,126,13,10,2024-12-08,2024-12-10,2024-12-11
15857,126,24,10,2024-12-15,2024-12-16,2024-12-18
15858,126,24,10,2024-12-18,2024-12-20,2024-12-21
15859,126,24,10,2024-12-25,2024-12-26,2024-12-28
15860,126,13,10,2025-01-04,2025-01-06,2025-01-07
15861,126,24,10,2025-01-08,2025-01-11,2025-01-11
15862,126,13,10,2025-01-13,2025-01-14,2025-01-16
15863,126,13,10,2025-01-23,2025-01-25,2025-01-26
15864,126,24,10,2025-02-02,2025-02-03,2025-02-05
15865,126,24,10,2025-02-07,2025-02-08,2025-02-10
15866,126,13,10,2025-02-16,2025-02-18,2025-02-19
15867,126,24,10,2025-02-20,2025-02-21,2025-02-23
15868,126,24,10,2025-02-24,2025-02-26,2025-02-27
15869,126,24,10,2025-03-03,2025-03-05,2025-03-06
15870,126,24,10,2025-03-16,2025-03-19,2025-03-19
15871,126,13,10,2025-03-17,2025-03-19,2025-03-20
15872,126,13,10,2025-03-29,2025-04-01,2025-04-01
15873,126,24,10,2025-04-03,2025-04-04,2025-04-06
15874,126,13,10,2025-04-11,2025-04-14,2025-04-14
15875,126,24,10,2025-04-19,2025-04-20,2025-04-22
15876,126,13,10,2025-04-26,2025-04-27,2025-04-29
15877,126,24,10,2025-04-28,2025-04-29,2025-05-01
15878,126,24,10,2025-05-11,2025-05-14,2025-05-14
15879,126,24,10,2025-05-14,2025-05-15,2025-05-17
15880,126,24,10,2025-05-19,2025-05-20,2025-05-22
15881,126,24,10,2025-05-28,2025-05-30,2025-05-31
15882,126,13,10,2025-06-06,2025-06-07,2025-06-09
15883,126,24,10,2025-06-11,2025-06-12,2025-06-14
15884,126,13,10,2025-06-18,2025-06-21,2025-06-21
15885,126,24,10,2025-06-24,2025-06-25,2025-06-27
15886,126,13,10,2025-07-03,2025-07-05,2025-07-06
15887,126,24,10,2025-07-11,2025-07-14,2025-07-14
15888,126,13,10,2025-07-19,2025-07-20,2025-07-22
15889,126,24,10,2025-07-27,2025-07-29,2025-07-30
15890,126,13,10,2025-08-01,2025-08-03,2025-08-04
15891,126,24,10,2025-08-07,2025-08-09,2025-08-10
15892,126,13,10,2025-08-13,2025-08-15,2025-08-16
15893,126,13,10,2025-08-24,2025-08-25,2025-08-27
15894,126,13,10,2025-08-26,2025-08-28,2025-08-29
15895,126,13,10,2025-09-01,2025-09-04,2025-09-04
15896,126,13,10,2025-09-12,2025-09-14,2025-09-15
15897,126,24,10,2025-09-21,2025-09-24,2025-09-24
15898,126,13,10,2025-09-27,2025-09-28,2025-09-30
15899,126,24,10,2025-10-05,2025-10-06,2025-10-08
15900,126,13,10,2025-10-08,2025-10-09,2025-10-11
15901,126,13,10,2025-10-18,2025-10-20,2025-10-21
15902,126,13,10,2025-10-22,2025-10-24,2025-10-25
15903,126,13,10,2025-10-31,2025-11-01,2025-11-03
15904,126,13,10,2025-11-09,2025-11-10,2025-11-12
15905,126,13,10,2025-11-14,2025-11-17,2025-11-17
15906,126,24,10,2025-11-21,2025-11-22,2025-11-24
15907,126,24,10,2025-11-25,2025-11-26,2025-11-28
15908,126,24,10,2025-12-05,2025-12-06,2025-12-08
15909,126,24,10,2025-12-14,2025-12-15,2025-12-17
15910,126,13,10,2025-12-18,2025-12-21,2025-12-21
15911,126,24,10,2025-12-26,2025-12-27,2025-12-29
15912,126,13,10,2025-12-30,2026-01-01,2026-01-02
15913,126,13,10,2026-01-09,2026-01-12,2026-01-12
15914,126,13,10,2026-01-16,2026-01-18,2026-01-19
15915,126,13,10,2026-01-24,2026-01-26,2026-01-27
15916,126,13,10,2026-01-27,2026-01-30,2026-01-30
15917,126,24,10,2026-02-02,2026-02-03,2026-02-05
15918,126,24,10,2026-02-09,2026-02-11,2026-02-12
15919,126,13,10,2026-02-19,2026-02-22,2026-02-22
15920,126,13,10,2026-02-25,2026-02-27,2026-02-28
15921,126,24,10,2026-03-02,2026-03-03,2026-03-05
15922,126,13,10,2026-03-09,2026-03-10,2026-03-12
15923,126,24,10,2026-03-22,2026-03-23,2026-03-25
15924,126,13,10,2026-03-29,2026-03-30,2026-04-01
15925,126,13,10,2026-04-04,2026-04-05,2026-04-07
15926,126,13,10,2026-04-06,2026-04-07,2026-04-09
15927,126,13,10,2026-04-19,2026-04-20,2026-04-22
15928,126,24,10,2026-04-22,2026-04-23,2026-04-25
15929,126,13,10,2026-05-02,2026-05-05,2026-05-05
15930,126,24,10,2026-05-06,2026-05-09,2026-05-09
15931,126,24,10,2026-05-16,2026-05-17,2026-05-19
15932,126,13,10,2026-05-18,2026-05-20,2026-05-21
15933,126,24,10,2026-05-30,2026-06-01,2026-06-02
15934,126,24,10,2026-06-06,2026-06-07,2026-06-09
15935,126,24,10,2026-06-10,2026-06-12,2026-06-13
15936,126,13,10,2026-06-16,2026-06-17,2026-06-19
15937,126,24,10,2026-06-23,2026-06-24,2026-06-26
15938,127,1,1,2024-07-05,2024-07-07,2024-07-20
15939,127,4,1,2024-07-15,2024-07-18,2024-07-30
15940,127,1,1,2024-07-24,2024-07-25,2024-08-08
15941,127,1,3,2024-08-05,2024-08-06,2024-08-20
15942,127,1,1,2024-08-16,2024-08-17,2024-08-31
15943,127,1,3,2024-09-04,2024-09-06,2024-09-19
15944,127,1,3,2024-09-11,2024-09-13,2024-09-26
15945,127,4,1,2024-09-20,2024-09-23,2024-10-05
15946,127,4,1,2024-10-05,2024-10-07,2024-10-20
15947,127,1,3,2024-10-18,2024-10-21,2024-11-02
15948,127,1,1,2024-10-26,2024-10-27,2024-11-10
15949,127,4,3,2024-11-07,2024-11-09,2024-11-22
15950,127,4,1,2024-11-16,2024-11-17,2024-12-01
15951,127,1,1,2024-11-29,2024-11-30,2024-12-14
15952,127,1,3,2024-12-08,2024-12-10,2024-12-23
15953,127,4,3,2024-12-14,2024-12-15,2024-12-29
15954,127,1,3,2024-12-24,2024-12-26,2025-01-08
15955,127,4,1,2025-01-13,2025-01-14,2025-01-28
15956,127,4,1,2025-01-24,2025-01-25,2025-02-08
15957,127,1,1,2025-01-29,2025-02-01,2025-02-13
15958,127,1,1,2025-02-14,2025-02-16,2025-03-01
15959,127,1,1,2025-02-18,2025-02-19,2025-03-05
15960,127,1,3,2025-03-01,2025-03-04,2025-03-16
15961,127,1,1,2025-03-16,2025-03-18,2025-03-31
15962,127,4,3,2025-04-01,2025-04-03,2025-04-16
15963,127,4,1,2025-04-02,2025-04-03,2025-04-17
15964,127,1,1,2025-04-20,2025-04-23,2025-05-05
15965,127,4,3,2025-05-03,2025-05-05,2025-05-18
15966,127,1,3,2025-05-11,2025-05-13,2025-05-26
15967,127,1,1,2025-05-22,2025-05-25,2025-06-06
15968,127,4,1,2025-05-27,2025-05-29,2025-06-11
15969,127,1,3,2025-06-11,2025-06-12,2025-06-26
15970,127,4,1,2025-06-24,2025-06-26,2025-07-09
15971,127,4,1,2025-06-29,2025-07-02,2025-07-14
15972,127,4,3,2025-07-13,2025-07-16,2025-07-28
15973,127,4,3,2025-07-29,2025-07-30,2025-08-13
15974,127,4,1,2025-08-02,2025-08-04,2025-08-17
15975,127,1,3,2025-08-17,2025-08-18,2025-09-01
15976,127,1,1,2025-08-28,2025-08-30,2025-09-12
15977,127,1,3,2025-09-07,2025-09-10,2025-09-22
15978,127,1,3,2025-09-23,2025-09-26,2025-10-08
15979,127,4,3,2025-09-29,2025-10-02,2025-10-14
15980,127,1,3,2025-10-08,2025-10-09,2025-10-23
15981,127,1,1,2025-10-20,2025-10-22,2025-11-04
15982,127,1,3,2025-10-30,2025-11-02,2025-11-14
15983,127,4,1,2025-11-14,2025-11-17,2025-11-29
15984,127,1,1,2025-11-23,2025-11-24,2025-12-08
15985,127,4,1,2025-12-01,2025-12-03,2025-12-16
15986,127,4,3,2025-12-20,2025-12-22,2026-01-04
15987,127,4,3,2025-12-28,2025-12-29,2026-01-12
15988,127,4,1,2026-01-10,2026-01-13,2026-01-25
15989,127,4,1,2026-01-15,2026-01-18,2026-01-30
15990,127,1,3,2026-01-29,2026-02-01,2026-02-13
15991,127,1,1,2026-02-07,2026-02-10,2026-02-22
15992,127,1,1,2026-02-17,2026-02-19,2026-03-04
15993,127,4,3,2026-03-04,2026-03-06,2026-03-19
15994,127,4,3,2026-03-18,2026-03-19,2026-04-02
15995,127,1,3,2026-03-25,2026-03-28,2026-04-09
15996,127,1,3,2026-04-03,2026-04-05,2026-04-18
15997,127,4,1,2026-04-14,2026-04-17,2026-04-29
15998,127,1,1,2026-04-23,2026-04-25,2026-05-08
15999,127,1,3,2026-05-12,2026-05-14,2026-05-27
16000,127,4,1,2026-05-18,2026-05-20,2026-06-02
16001,127,1,3,2026-05-26,2026-05-28,2026-06-10
16002,127,1,1,2026-06-12,2026-06-14,2026-06-27
16003,127,1,1,2026-06-20,2026-06-21,2026-07-05
16004,127,1,3,2026-06-29,2026-06-30,2026-07-14
16005,127,4,4,2024-07-09,2024-07-12,2024-07-24
16006,127,1,4,2024-07-15,2024-07-18,2024-07-30
16007,127,4,4,2024-07-27,2024-07-29,2024-08-11
16008,127,1,4,2024-08-07,2024-08-10,2024-08-22
16009,127,4,4,2024-08-19,2024-08-21,2024-09-03
16010,127,4,4,2024-08-29,2024-08-31,2024-09-13
16011,127,1,4,2024-09-15,2024-09-16,2024-09-30
16012,127,4,4,2024-09-20,2024-09-23,2024-10-05
16013,127,4,4,2024-10-06,2024-10-09,2024-10-21
16014,127,1,4,2024-10-18,2024-10-19,2024-11-02
16015,127,4,4,2024-10-29,2024-11-01,2024-11-13
16016,127,4,4,2024-11-06,2024-11-07,2024-11-21
16017,127,4,4,2024-11-14,2024-11-17,2024-11-29
16018,127,4,4,2024-11-30,2024-12-03,2024-12-15
16019,127,4,4,2024-12-11,2024-12-12,2024-12-26
16020,127,4,4,2024-12-17,2024-12-19,2025-01-01
16021,127,4,4,2024-12-26,2024-12-27,2025-01-10
16022,127,1,4,2025-01-09,2025-01-10,2025-01-24
16023,127,1,4,2025-01-18,2025-01-19,2025-02-02
16024,127,4,4,2025-01-26,2025-01-27,2025-02-10
16025,127,1,4,2025-02-12,2025-02-14,2025-02-27
16026,127,1,4,2025-02-20,2025-02-21,2025-03-07
16027,127,4,4,2025-03-02,2025-03-03,2025-03-17
16028,127,1,4,2025-03-16,2025-03-19,2025-03-31
16029,127,4,4,2025-03-27,2025-03-28,2025-04-11
16030,127,1,4,2025-04-04,2025-04-06,2025-04-19
16031,127,4,4,2025-04-14,2025-04-17,2025-04-29
16032,127,1,4,2025-04-27,2025-04-28,2025-05-12
16033,127,1,4,2025-05-14,2025-05-16,2025-05-29
16034,127,1,4,2025-05-25,2025-05-27,2025-06-09
16035,127,4,4,2025-05-29,2025-05-31,2025-06-13
16036,127,4,4,2025-06-11,2025-06-13,2025-06-26
16037,127,4,4,2025-06-21,2025-06-22,2025-07-06
16038,127,1,4,2025-07-01,2025-07-04,2025-07-16
16039,127,4,4,2025-07-17,2025-07-20,2025-08-01
16040,127,1,4,2025-07-25,2025-07-27,2025-08-09
16041,127,1,4,2025-08-07,2025-08-10,2025-08-22
16042,127,4,4,2025-08-19,2025-08-21,2025-09-03
16043,127,1,4,2025-08-31,2025-09-02,2025-09-15
16044,127,1,4,2025-09-06,2025-09-07,2025-09-21
16045,127,1,4,2025-09-22,2025-09-23,2025-10-07
16046,127,1,4,2025-10-05,2025-10-06,2025-10-20
16047,127,4,4,2025-10-12,2025-10-13,2025-10-27
16048,127,1,4,2025-10-18,2025-10-20,2025-11-02
16049,127,1,4,2025-10-31,2025-11-02,2025-11-15
16050,127,4,4,2025-11-15,2025-11-18,2025-11-30
16051,127,1,4,2025-11-20,2025-11-21,2025-12-05
16052,127,4,4,2025-12-03,2025-12-04,2025-12-18
16053,127,1,4,2025-12-21,2025-12-23,2026-01-05
16054,127,1,4,2025-12-24,2025-12-26,2026-01-08
16055,127,1,4,2026-01-02,2026-01-05,2026-01-17
16056,127,1,4,2026-01-17,2026-01-19,2026-02-01
16057,127,4,4,2026-01-31,2026-02-03,2026-02-15
16058,127,1,4,2026-02-08,2026-02-10,2026-02-23
16059,127,4,4,2026-02-16,2026-02-19,2026-03-03
16060,127,1,4,2026-02-27,2026-03-02,2026-03-14
16061,127,1,4,2026-03-13,2026-03-16,2026-03-28
16062,127,4,4,2026-03-29,2026-03-30,2026-04-13
16063,127,4,4,2026-04-04,2026-04-06,2026-04-19
16064,127,4,4,2026-04-13,2026-04-16,2026-04-28
16065,127,1,4,2026-05-01,2026-05-02,2026-05-16
16066,127,4,4,2026-05-05,2026-05-06,2026-05-20
16067,127,4,4,2026-05-14,2026-05-16,2026-05-29
16068,127,1,4,2026-05-31,2026-06-03,2026-06-15
16069,127,1,4,2026-06-12,2026-06-14,2026-06-27
16070,127,4,4,2026-06-18,2026-06-19,2026-07-03
16071,127,4,5,2024-07-11,2024-07-13,2024-07-26
16072,127,4,5,2024-07-12,2024-07-15,2024-07-27
16073,127,1,5,2024-07-30,2024-08-02,2024-08-14
16074,127,4,5,2024-08-10,2024-08-13,2024-08-25
16075,127,4,5,2024-08-23,2024-08-25,2024-09-07
16076,127,4,5,2024-09-03,2024-09-06,2024-09-18
16077,127,1,5,2024-09-08,2024-09-09,2024-09-23
16078,127,4,5,2024-09-21,2024-09-23,2024-10-06
16079,127,4,5,2024-10-02,2024-10-04,2024-10-17
16080,127,1,5,2024-10-10,2024-10-11,2024-10-25
16081,127,4,5,2024-10-20,2024-10-21,2024-11-04
16082,127,1,5,2024-10-31,2024-11-01,2024-11-15
16083,127,4,5,2024-11-18,2024-11-21,2024-12-03
16084,127,1,5,2024-11-25,2024-11-27,2024-12-10
16085,127,1,5,2024-12-02,2024-12-04,2024-12-17
16086,127,1,5,2024-12-19,2024-12-22,2025-01-03
16087,127,1,5,2024-12-26,2024-12-27,2025-01-10
16088,127,1,5,2025-01-12,2025-01-13,2025-01-27
16089,127,1,5,2025-01-21,2025-01-22,2025-02-05
16090,127,1,5,2025-02-01,2025-02-02,2025-02-16
16091,127,4,5,2025-02-16,2025-02-17,2025-03-03
16092,127,1,5,2025-02-20,2025-02-23,2025-03-07
16093,127,1,5,2025-02-28,2025-03-02,2025-03-15
16094,127,4,5,2025-03-15,2025-03-18,2025-03-30
16095,127,4,5,2025-03-31,2025-04-02,2025-04-15
16096,127,1,5,2025-04-06,2025-04-07,2025-04-21
16097,127,1,5,2025-04-23,2025-04-26,2025-05-08
16098,127,4,5,2025-04-26,2025-04-29,2025-05-11
16099,127,4,5,2025-05-11,2025-05-13,2025-05-26
16100,127,1,5,2025-05-20,2025-05-22,2025-06-04
16101,127,1,5,2025-06-03,2025-06-05,2025-06-18
16102,127,1,5,2025-06-08,2025-06-10,2025-06-23
16103,127,1,5,2025-06-19,2025-06-20,2025-07-04
16104,127,4,5,2025-07-08,2025-07-10,2025-07-23
16105,127,4,5,2025-07-15,2025-07-16,2025-07-30
16106,127,4,5,2025-07-29,2025-07-30,2025-08-13
16107,127,4,5,2025-08-09,2025-08-11,2025-08-24
16108,127,1,5,2025-08-21,2025-08-23,2025-09-05
16109,127,4,5,2025-08-28,2025-08-31,2025-09-12
16110,127,4,5,2025-09-03,2025-09-06,2025-09-18
16111,127,4,5,2025-09-22,2025-09-25,2025-10-07
16112,127,1,5,2025-09-30,2025-10-01,2025-10-15
16113,127,4,5,2025-10-15,2025-10-16,2025-10-30
16114,127,4,5,2025-10-24,2025-10-26,2025-11-08
16115,127,4,5,2025-11-07,2025-11-08,2025-11-22
16116,127,1,5,2025-11-18,2025-11-20,2025-12-03
16117,127,1,5,2025-11-20,2025-11-21,2025-12-05
16118,127,4,5,2025-12-03,2025-12-06,2025-12-18
16119,127,1,5,2025-12-11,2025-12-13,2025-12-26
16120,127,4,5,2025-12-29,2025-12-30,2026-01-13
16121,127,1,5,2026-01-09,2026-01-11,2026-01-24
16122,127,1,5,2026-01-20,2026-01-23,2026-02-04
16123,127,1,5,2026-01-31,2026-02-01,2026-02-15
16124,127,4,5,2026-02-06,2026-02-07,2026-02-21
16125,127,4,5,2026-02-21,2026-02-24,2026-03-08
16126,127,4,5,2026-03-06,2026-03-08,2026-03-21
16127,127,4,5,2026-03-09,2026-03-11,2026-03-24
16128,127,1,5,2026-03-25,2026-03-26,2026-04-09
16129,127,1,5,2026-04-06,2026-04-07,2026-04-21
16130,127,4,5,2026-04-11,2026-04-14,2026-04-26
16131,127,1,5,2026-04-29,2026-04-30,2026-05-14
16132,127,4,5,2026-05-12,2026-05-13,2026-05-27
16133,127,4,5,2026-05-15,2026-05-17,2026-05-30
16134,127,1,5,2026-05-29,2026-05-30,2026-06-13
16135,127,1,5,2026-06-09,2026-06-11,2026-06-24
16136,127,1,5,2026-06-18,2026-06-21,2026-07-03
16137,127,1,7,2024-07-06,2024-07-08,2024-07-21
16138,127,4,7,2024-07-19,2024-07-20,2024-08-03
16139,127,4,7,2024-07-27,2024-07-30,2024-08-11
16140,127,1,9,2024-08-03,2024-08-06,2024-08-18
16141,127,1,7,2024-08-15,2024-08-18,2024-08-30
16142,127,4,9,2024-08-31,2024-09-02,2024-09-15
16143,127,1,9,2024-09-13,2024-09-16,2024-09-28
16144,127,4,7,2024-09-25,2024-09-26,2024-10-10
16145,127,1,9,2024-10-01,2024-10-03,2024-10-16
16146,127,4,7,2024-10-08,2024-10-10,2024-10-23
16147,127,1,9,2024-10-28,2024-10-29,2024-11-12
16148,127,4,9,2024-11-05,2024-11-07,2024-11-20
16149,127,4,7,2024-11-15,2024-11-16,2024-11-30
16150,127,1,7,2024-11-29,2024-11-30,2024-12-14
16151,127,4,7,2024-12-12,2024-12-14,2024-12-27
16152,127,1,9,2024-12-20,2024-12-23,2025-01-04
16153,127,4,7,2024-12-30,2025-01-01,2025-01-14
16154,127,1,7,2025-01-12,2025-01-13,2025-01-27
16155,127,4,7,2025-01-20,2025-01-21,2025-02-04
16156,127,4,9,2025-02-05,2025-02-06,2025-02-20
16157,127,1,9,2025-02-15,2025-02-17,2025-03-02
16158,127,4,9,2025-02-21,2025-02-24,2025-03-08
16159,127,1,7,2025-03-05,2025-03-07,2025-03-20
16160,127,1,7,2025-03-18,2025-03-19,2025-04-02
16161,127,4,7,2025-03-31,2025-04-01,2025-04-15
16162,127,1,7,2025-04-02,2025-04-03,2025-04-17
16163,127,1,9,2025-04-19,2025-04-21,2025-05-04
16164,127,1,7,2025-05-04,2025-05-07,2025-05-19
16165,127,4,7,2025-05-07,2025-05-09,2025-05-22
16166,127,4,9,2025-05-25,2025-05-28,2025-06-09
16167,127,4,7,2025-06-06,2025-06-07,2025-06-21
16168,127,1,9,2025-06-08,2025-06-09,2025-06-23
16169,127,1,7,2025-06-21,2025-06-23,2025-07-06
16170,127,4,7,2025-07-08,2025-07-09,2025-07-23
16171,127,4,9,2025-07-17,2025-07-20,2025-08-01
16172,127,4,7,2025-07-21,2025-07-24,2025-08-05
16173,127,1,7,2025-08-11,2025-08-12,2025-08-26
16174,127,4,7,2025-08-14,2025-08-17,2025-08-29
16175,127,4,7,2025-08-28,2025-08-31,2025-09-12
16176,127,4,7,2025-09-04,2025-09-05,2025-09-19
16177,127,4,9,2025-09-22,2025-09-25,2025-10-07
16178,127,4,7,2025-10-03,2025-10-05,2025-10-18
16179,127,4,7,2025-10-16,2025-10-18,2025-10-31
16180,127,4,9,2025-10-20,2025-10-21,2025-11-04
16181,127,1,7,2025-10-28,2025-10-31,2025-11-12
16182,127,4,7,2025-11-17,2025-11-19,2025-12-02
16183,127,4,9,2025-11-26,2025-11-29,2025-12-11
16184,127,1,7,2025-11-30,2025-12-01,2025-12-15
16185,127,1,9,2025-12-16,2025-12-18,2025-12-31
16186,127,4,7,2025-12-27,2025-12-30,2026-01-11
16187,127,1,7,2026-01-06,2026-01-09,2026-01-21
16188,127,4,9,2026-01-15,2026-01-16,2026-01-30
16189,127,4,9,2026-02-02,2026-02-05,2026-02-17
16190,127,1,9,2026-02-10,2026-02-11,2026-02-25
16191,127,4,7,2026-02-25,2026-02-26,2026-03-12
16192,127,1,7,2026-02-26,2026-02-27,2026-03-13
16193,127,1,7,2026-03-19,2026-03-21,2026-04-03
16194,127,4,7,2026-03-22,2026-03-25,2026-04-06
16195,127,4,9,2026-03-31,2026-04-02,2026-04-15
16196,127,1,9,2026-04-12,2026-04-15,2026-04-27
16197,127,1,7,2026-04-26,2026-04-29,2026-05-11
16198,127,1,7,2026-05-10,2026-05-13,2026-05-25
16199,127,1,7,2026-05-16,2026-05-19,2026-05-31
16200,127,1,7,2026-06-04,2026-06-07,2026-06-19
16201,127,1,7,2026-06-12,2026-06-13,2026-06-27
16202,127,4,9,2026-06-17,2026-06-20,2026-07-02
16203,127,1,10,2024-07-06,2024-07-09,2024-07-21
16204,127,4,10,2024-07-21,2024-07-24,2024-08-05
16205,127,1,10,2024-07-28,2024-07-31,2024-08-12
16206,127,1,10,2024-08-04,2024-08-06,2024-08-19
16207,127,4,10,2024-08-22,2024-08-24,2024-09-06
16208,127,1,10,2024-08-30,2024-09-02,2024-09-14
16209,127,4,10,2024-09-13,2024-09-16,2024-09-28
16210,127,4,10,2024-09-18,2024-09-21,2024-10-03
16211,127,1,10,2024-09-29,2024-10-01,2024-10-14
16212,127,1,10,2024-10-17,2024-10-20,2024-11-01
16213,127,4,10,2024-10-22,2024-10-24,2024-11-06
16214,127,1,10,2024-11-03,2024-11-05,2024-11-18
16215,127,1,10,2024-11-14,2024-11-16,2024-11-29
16216,127,4,10,2024-11-29,2024-12-02,2024-12-14
16217,127,1,10,2024-12-09,2024-12-11,2024-12-24
16218,127,4,10,2024-12-21,2024-12-22,2025-01-05
16219,127,4,10,2025-01-01,2025-01-03,2025-01-16
16220,127,1,10,2025-01-10,2025-01-11,2025-01-25
16221,127,1,10,2025-01-17,2025-01-18,2025-02-01
16222,127,1,10,2025-01-30,2025-02-01,2025-02-14
16223,127,4,10,2025-02-16,2025-02-17,2025-03-03
16224,127,1,10,2025-02-19,2025-02-22,2025-03-06
16225,127,4,10,2025-03-01,2025-03-02,2025-03-16
16226,127,4,10,2025-03-19,2025-03-22,2025-04-03
16227,127,1,10,2025-03-23,2025-03-26,2025-04-07
16228,127,4,10,2025-04-06,2025-04-08,2025-04-21
16229,127,4,10,2025-04-23,2025-04-25,2025-05-08
16230,127,4,10,2025-04-26,2025-04-28,2025-05-11
16231,127,1,10,2025-05-11,2025-05-12,2025-05-26
16232,127,1,10,2025-05-18,2025-05-21,2025-06-02
16233,127,1,10,2025-06-02,2025-06-04,2025-06-17
16234,127,1,10,2025-06-14,2025-06-17,2025-06-29
16235,127,4,10,2025-06-26,2025-06-28,2025-07-11
16236,127,4,10,2025-07-08,2025-07-11,2025-07-23
16237,127,4,10,2025-07-11,2025-07-14,2025-07-26
16238,127,1,10,2025-07-28,2025-07-30,2025-08-12
16239,127,1,10,2025-08-04,2025-08-07,2025-08-19
16240,127,1,10,2025-08-20,2025-08-21,2025-09-04
16241,127,4,10,2025-09-01,2025-09-02,2025-09-16
16242,127,4,10,2025-09-09,2025-09-10,2025-09-24
16243,127,1,10,2025-09-18,2025-09-19,2025-10-03
16244,127,4,10,2025-09-26,2025-09-29,2025-10-11
16245,127,1,10,2025-10-16,2025-10-18,2025-10-31
16246,127,1,10,2025-10-17,2025-10-20,2025-11-01
16247,127,1,10,2025-11-06,2025-11-08,2025-11-21
16248,127,4,10,2025-11-18,2025-11-19,2025-12-03
16249,127,4,10,2025-11-22,2025-11-25,2025-12-07
16250,127,4,10,2025-12-03,2025-12-05,2025-12-18
16251,127,1,10,2025-12-20,2025-12-22,2026-01-04
16252,127,1,10,2025-12-22,2025-12-24,2026-01-06
16253,127,4,10,2026-01-04,2026-01-05,2026-01-19
16254,127,4,10,2026-01-23,2026-01-25,2026-02-07
16255,127,4,10,2026-01-26,2026-01-27,2026-02-10
16256,127,4,10,2026-02-10,2026-02-11,2026-02-25
16257,127,4,10,2026-02-23,2026-02-25,2026-03-10
16258,127,4,10,2026-03-03,2026-03-05,2026-03-18
16259,127,1,10,2026-03-13,2026-03-16,2026-03-28
16260,127,1,10,2026-03-24,2026-03-27,2026-04-08
16261,127,4,10,2026-04-05,2026-04-06,2026-04-20
16262,127,1,10,2026-04-11,2026-04-14,2026-04-26
16263,127,1,10,2026-04-25,2026-04-26,2026-05-10
16264,127,1,10,2026-05-03,2026-05-04,2026-05-18
16265,127,1,10,2026-05-21,2026-05-23,2026-06-05
16266,127,1,10,2026-06-04,2026-06-07,2026-06-19
16267,127,1,10,2026-06-06,2026-06-08,2026-06-21
16268,127,4,10,2026-06-26,2026-06-28,2026-07-11
16269,128,20,2,2024-09-10,2024-09-13,2025-03-25
16270,128,20,2,2024-10-08,2024-10-09,2025-04-22
16271,128,4,6,2025-01-30,2025-02-01,2025-08-14
16272,128,20,4,2025-06-13,2025-06-16,2025-12-26
16273,128,4,2,2025-08-24,2025-08-27,2026-03-08
16274,128,20,4,2026-01-24,2026-01-26,2026-08-08
16275,128,20,2,2026-03-25,2026-03-26,2026-10-07
16276,129,1,3,2024-08-12,2024-08-15,2024-11-09
16277,129,1,3,2024-10-17,2024-10-19,2025-01-14
16278,129,1,1,2024-12-04,2024-12-06,2025-03-03
16279,129,1,3,2025-01-18,2025-01-20,2025-04-17
16280,129,13,3,2025-04-03,2025-04-06,2025-07-01
16281,129,1,3,2025-05-27,2025-05-29,2025-08-24
16282,129,13,3,2025-07-29,2025-08-01,2025-10-26
16283,129,13,3,2025-10-06,2025-10-09,2026-01-03
16284,129,1,1,2025-11-22,2025-11-24,2026-02-19
16285,129,13,1,2026-01-19,2026-01-20,2026-04-18
16286,129,13,3,2026-02-24,2026-02-26,2026-05-24
16287,129,13,1,2026-06-13,2026-06-16,2026-09-10
16288,129,1,4,2024-08-01,2024-08-02,2024-10-29
16289,129,13,4,2024-09-21,2024-09-23,2024-12-19
16290,129,13,4,2024-11-24,2024-11-27,2025-02-21
16291,129,11,4,2025-01-16,2025-01-17,2025-04-15
16292,129,1,4,2025-04-05,2025-04-06,2025-07-03
16293,129,1,4,2025-05-16,2025-05-19,2025-08-13
16294,129,11,4,2025-07-14,2025-07-16,2025-10-11
16295,129,13,4,2025-10-09,2025-10-10,2026-01-06
16296,129,1,4,2025-10-31,2025-11-03,2026-01-28
16297,129,13,4,2026-02-15,2026-02-18,2026-05-15
16298,129,1,4,2026-03-03,2026-03-05,2026-05-31
16299,129,11,4,2026-05-19,2026-05-21,2026-08-16
16300,129,1,5,2024-07-24,2024-07-26,2024-10-21
16301,129,13,5,2024-10-22,2024-10-25,2025-01-19
16302,129,13,5,2024-11-30,2024-12-01,2025-02-27
16303,129,1,5,2025-02-04,2025-02-06,2025-05-04
16304,129,13,5,2025-04-07,2025-04-08,2025-07-05
16305,129,11,5,2025-05-14,2025-05-17,2025-08-11
16306,129,1,5,2025-07-10,2025-07-13,2025-10-07
16307,129,1,5,2025-09-02,2025-09-04,2025-11-30
16308,129,13,5,2025-12-13,2025-12-16,2026-03-12
16309,129,11,5,2026-01-06,2026-01-07,2026-04-05
16310,129,13,5,2026-04-08,2026-04-11,2026-07-06
16311,129,1,5,2026-04-27,2026-04-28,2026-07-25
16312,129,11,9,2024-08-19,2024-08-20,2024-11-16
16313,129,13,9,2024-10-25,2024-10-27,2025-01-22
16314,129,11,7,2024-11-02,2024-11-04,2025-01-30
16315,129,13,9,2025-02-02,2025-02-03,2025-05-02
16316,129,11,7,2025-04-24,2025-04-27,2025-07-22
16317,129,11,9,2025-05-07,2025-05-09,2025-08-04
16318,129,1,9,2025-07-13,2025-07-15,2025-10-10
16319,129,11,7,2025-09-13,2025-09-15,2025-12-11
16320,129,11,9,2025-11-16,2025-11-19,2026-02-13
16321,129,11,9,2026-01-03,2026-01-06,2026-04-02
16322,129,1,9,2026-04-06,2026-04-08,2026-07-04
16323,129,1,7,2026-05-26,2026-05-29,2026-08-23
16324,129,11,10,2024-08-27,2024-08-30,2024-11-24
16325,129,13,10,2024-09-30,2024-10-03,2024-12-28
16326,129,1,10,2024-12-01,2024-12-04,2025-02-28
16327,129,11,10,2025-01-11,2025-01-13,2025-04-10
16328,129,11,10,2025-03-02,2025-03-03,2025-05-30
16329,129,13,10,2025-05-02,2025-05-05,2025-07-30
16330,129,13,10,2025-08-09,2025-08-11,2025-11-06
16331,129,13,10,2025-10-03,2025-10-04,2025-12-31
16332,129,1,10,2025-10-30,2025-11-02,2026-01-27
16333,129,11,10,2025-12-26,2025-12-28,2026-03-25
16334,129,1,10,2026-04-12,2026-04-14,2026-07-10
16335,129,11,10,2026-05-05,2026-05-06,2026-08-02
16336,130,23,1,2024-07-02,2024-07-03,2024-07-09
16337,130,1,1,2024-07-12,2024-07-15,2024-07-19
16338,130,1,3,2024-07-15,2024-07-16,2024-07-22
16339,130,1,3,2024-07-28,2024-07-31,2024-08-04
16340,130,1,1,2024-07-29,2024-07-31,2024-08-05
16341,130,1,1,2024-08-10,2024-08-12,2024-08-17
16342,130,1,1,2024-08-17,2024-08-20,2024-08-24
16343,130,1,3,2024-08-22,2024-08-24,2024-08-29
16344,130,23,1,2024-08-26,2024-08-28,2024-09-02
16345,130,1,3,2024-09-08,2024-09-10,2024-09-15
16346,130,1,3,2024-09-11,2024-09-14,2024-09-18
16347,130,1,3,2024-09-22,2024-09-23,2024-09-29
16348,130,1,1,2024-09-23,2024-09-24,2024-09-30
16349,130,1,3,2024-09-30,2024-10-03,2024-10-07
16350,130,23,1,2024-10-07,2024-10-09,2024-10-14
16351,130,1,3,2024-10-17,2024-10-19,2024-10-24
16352,130,1,1,2024-10-25,2024-10-28,2024-11-01
16353,130,1,1,2024-10-29,2024-11-01,2024-11-05
16354,130,1,3,2024-11-06,2024-11-09,2024-11-13
16355,130,1,3,2024-11-16,2024-11-17,2024-11-23
16356,130,23,3,2024-11-22,2024-11-24,2024-11-29
16357,130,1,3,2024-11-28,2024-12-01,2024-12-05
16358,130,1,1,2024-12-05,2024-12-06,2024-12-12
16359,130,23,3,2024-12-14,2024-12-17,2024-12-21
16360,130,23,3,2024-12-20,2024-12-21,2024-12-27
16361,130,1,1,2024-12-26,2024-12-29,2025-01-02
16362,130,1,1,2024-12-31,2025-01-02,2025-01-07
16363,130,1,1,2025-01-06,2025-01-08,2025-01-13
16364,130,1,1,2025-01-19,2025-01-22,2025-01-26
16365,130,1,3,2025-01-25,2025-01-27,2025-02-01
16366,130,23,1,2025-02-02,2025-02-03,2025-02-09
16367,130,23,3,2025-02-05,2025-02-08,2025-02-12
16368,130,23,1,2025-02-16,2025-02-19,2025-02-23
16369,130,23,1,2025-02-18,2025-02-21,2025-02-25
16370,130,1,1,2025-02-26,2025-02-28,2025-03-05
16371,130,1,1,2025-03-04,2025-03-05,2025-03-11
16372,130,1,3,2025-03-15,2025-03-18,2025-03-22
16373,130,1,1,2025-03-21,2025-03-24,2025-03-28
16374,130,23,3,2025-03-29,2025-04-01,2025-04-05
16375,130,1,1,2025-04-02,2025-04-03,2025-04-09
16376,130,1,3,2025-04-13,2025-04-15,2025-04-20
16377,130,23,1,2025-04-15,2025-04-18,2025-04-22
16378,130,1,1,2025-04-26,2025-04-28,2025-05-03
16379,130,1,1,2025-05-03,2025-05-06,2025-05-10
16380,130,1,3,2025-05-10,2025-05-11,2025-05-17
16381,130,1,1,2025-05-15,2025-05-17,2025-05-22
16382,130,23,3,2025-05-22,2025-05-23,2025-05-29
16383,130,1,3,2025-05-29,2025-05-31,2025-06-05
16384,130,1,3,2025-06-05,2025-06-06,2025-06-12
16385,130,23,1,2025-06-10,2025-06-11,2025-06-17
16386,130,1,1,2025-06-20,2025-06-21,2025-06-27
16387,130,23,3,2025-06-27,2025-06-30,2025-07-04
16388,130,1,3,2025-06-30,2025-07-03,2025-07-07
16389,130,1,1,2025-07-11,2025-07-13,2025-07-18
16390,130,1,1,2025-07-18,2025-07-21,2025-07-25
16391,130,23,1,2025-07-21,2025-07-24,2025-07-28
16392,130,23,3,2025-07-30,2025-08-02,2025-08-06
16393,130,23,1,2025-08-08,2025-08-11,2025-08-15
16394,130,23,1,2025-08-15,2025-08-18,2025-08-22
16395,130,23,3,2025-08-23,2025-08-25,2025-08-30
16396,130,1,1,2025-08-26,2025-08-28,2025-09-02
16397,130,23,1,2025-09-06,2025-09-07,2025-09-13
16398,130,23,3,2025-09-13,2025-09-15,2025-09-20
16399,130,1,3,2025-09-17,2025-09-20,2025-09-24
16400,130,1,1,2025-09-27,2025-09-29,2025-10-04
16401,130,1,3,2025-10-04,2025-10-05,2025-10-11
16402,130,1,3,2025-10-08,2025-10-11,2025-10-15
16403,130,23,1,2025-10-17,2025-10-18,2025-10-24
16404,130,23,3,2025-10-24,2025-10-25,2025-10-31
16405,130,1,1,2025-10-27,2025-10-28,2025-11-03
16406,130,1,3,2025-11-03,2025-11-06,2025-11-10
16407,130,1,1,2025-11-11,2025-11-13,2025-11-18
16408,130,1,1,2025-11-21,2025-11-23,2025-11-28
16409,130,1,1,2025-11-30,2025-12-02,2025-12-07
16410,130,23,1,2025-12-03,2025-12-04,2025-12-10
16411,130,1,1,2025-12-08,2025-12-10,2025-12-15
16412,130,1,1,2025-12-19,2025-12-21,2025-12-26
16413,130,23,3,2025-12-28,2025-12-30,2026-01-04
16414,130,23,1,2026-01-02,2026-01-04,2026-01-09
16415,130,23,1,2026-01-05,2026-01-07,2026-01-12
16416,130,23,3,2026-01-14,2026-01-15,2026-01-21
16417,130,23,3,2026-01-23,2026-01-25,2026-01-30
16418,130,23,1,2026-01-27,2026-01-29,2026-02-03
16419,130,1,1,2026-02-08,2026-02-11,2026-02-15
16420,130,1,1,2026-02-10,2026-02-13,2026-02-17
16421,130,23,1,2026-02-20,2026-02-22,2026-02-27
16422,130,23,1,2026-02-24,2026-02-25,2026-03-03
16423,130,1,1,2026-03-08,2026-03-10,2026-03-15
16424,130,23,3,2026-03-13,2026-03-14,2026-03-20
16425,130,1,1,2026-03-16,2026-03-19,2026-03-23
16426,130,1,1,2026-03-27,2026-03-30,2026-04-03
16427,130,1,1,2026-04-03,2026-04-04,2026-04-10
16428,130,23,3,2026-04-08,2026-04-09,2026-04-15
16429,130,23,3,2026-04-15,2026-04-16,2026-04-22
16430,130,1,1,2026-04-20,2026-04-23,2026-04-27
16431,130,1,3,2026-05-01,2026-05-02,2026-05-08
16432,130,23,3,2026-05-09,2026-05-11,2026-05-16
16433,130,1,1,2026-05-17,2026-05-18,2026-05-24
16434,130,23,3,2026-05-23,2026-05-25,2026-05-30
16435,130,23,1,2026-05-30,2026-05-31,2026-06-06
16436,130,23,1,2026-06-02,2026-06-04,2026-06-09
16437,130,23,1,2026-06-13,2026-06-15,2026-06-20
16438,130,23,3,2026-06-21,2026-06-24,2026-06-28
16439,130,23,3,2026-06-25,2026-06-26,2026-07-02
16440,130,23,4,2024-07-06,2024-07-07,2024-07-13
16441,130,1,4,2024-07-12,2024-07-14,2024-07-19
16442,130,23,4,2024-07-18,2024-07-21,2024-07-25
16443,130,23,4,2024-07-22,2024-07-23,2024-07-29
16444,130,1,4,2024-08-03,2024-08-04,2024-08-10
16445,130,23,4,2024-08-07,2024-08-09,2024-08-14
16446,130,1,4,2024-08-12,2024-08-13,2024-08-19
16447,130,23,4,2024-08-19,2024-08-20,2024-08-26
16448,130,1,4,2024-08-26,2024-08-27,2024-09-02
16449,130,23,4,2024-09-03,2024-09-06,2024-09-10
16450,130,23,4,2024-09-13,2024-09-15,2024-09-20
16451,130,1,4,2024-09-22,2024-09-23,2024-09-29
16452,130,23,4,2024-09-25,2024-09-28,2024-10-02
16453,130,1,4,2024-10-01,2024-10-03,2024-10-08
16454,130,23,4,2024-10-10,2024-10-12,2024-10-17
16455,130,1,4,2024-10-19,2024-10-21,2024-10-26
16456,130,23,4,2024-10-24,2024-10-27,2024-10-31
16457,130,1,4,2024-10-29,2024-11-01,2024-11-05
16458,130,23,4,2024-11-08,2024-11-11,2024-11-15
16459,130,1,4,2024-11-17,2024-11-20,2024-11-24
16460,130,1,4,2024-11-18,2024-11-21,2024-11-25
16461,130,1,4,2024-11-25,2024-11-26,2024-12-02
16462,130,23,4,2024-12-02,2024-12-03,2024-12-09
16463,130,23,4,2024-12-10,2024-12-12,2024-12-17
16464,130,23,4,2024-12-19,2024-12-20,2024-12-26
16465,130,1,4,2024-12-29,2025-01-01,2025-01-05
16466,130,23,4,2025-01-04,2025-01-07,2025-01-11
16467,130,23,4,2025-01-09,2025-01-12,2025-01-16
16468,130,23,4,2025-01-16,2025-01-18,2025-01-23
16469,130,23,4,2025-01-22,2025-01-23,2025-01-29
16470,130,1,4,2025-01-30,2025-02-01,2025-02-06
16471,130,1,4,2025-02-05,2025-02-07,2025-02-12
16472,130,1,4,2025-02-13,2025-02-15,2025-02-20
16473,130,23,4,2025-02-23,2025-02-24,2025-03-02
16474,130,23,4,2025-02-28,2025-03-02,2025-03-07
16475,130,23,4,2025-03-08,2025-03-10,2025-03-15
16476,130,1,4,2025-03-15,2025-03-16,2025-03-22
16477,130,1,4,2025-03-22,2025-03-25,2025-03-29
16478,130,1,4,2025-03-30,2025-03-31,2025-04-06
16479,130,23,4,2025-03-31,2025-04-03,2025-04-07
16480,130,1,4,2025-04-08,2025-04-10,2025-04-15
16481,130,1,4,2025-04-16,2025-04-17,2025-04-23
16482,130,1,4,2025-04-26,2025-04-28,2025-05-03
16483,130,23,4,2025-04-30,2025-05-01,2025-05-07
16484,130,1,4,2025-05-10,2025-05-13,2025-05-17
16485,130,23,4,2025-05-16,2025-05-17,2025-05-23
16486,130,1,4,2025-05-20,2025-05-23,2025-05-27
16487,130,1,4,2025-06-01,2025-06-03,2025-06-08
16488,130,1,4,2025-06-05,2025-06-07,2025-06-12
16489,130,23,4,2025-06-09,2025-06-12,2025-06-16
16490,130,1,4,2025-06-16,2025-06-18,2025-06-23
16491,130,1,4,2025-06-23,2025-06-24,2025-06-30
16492,130,1,4,2025-06-30,2025-07-01,2025-07-07
16493,130,1,4,2025-07-09,2025-07-12,2025-07-16
16494,130,23,4,2025-07-17,2025-07-18,2025-07-24
16495,130,1,4,2025-07-23,2025-07-24,2025-07-30
16496,130,23,4,2025-07-31,2025-08-02,2025-08-07
16497,130,23,4,2025-08-07,2025-08-08,2025-08-14
16498,130,23,4,2025-08-11,2025-08-14,2025-08-18
16499,130,1,4,2025-08-19,2025-08-21,2025-08-26
16500,130,23,4,2025-08-26,2025-08-29,2025-09-02
16501,130,1,4,2025-09-04,2025-09-07,2025-09-11
16502,130,23,4,2025-09-10,2025-09-11,2025-09-17
16503,130,1,4,2025-09-18,2025-09-21,2025-09-25
16504,130,23,4,2025-09-23,2025-09-25,2025-09-30
16505,130,23,4,2025-09-30,2025-10-02,2025-10-07
16506,130,1,4,2025-10-11,2025-10-14,2025-10-18
16507,130,23,4,2025-10-13,2025-10-15,2025-10-20
16508,130,23,4,2025-10-20,2025-10-22,2025-10-27
16509,130,23,4,2025-10-31,2025-11-03,2025-11-07
16510,130,1,4,2025-11-04,2025-11-07,2025-11-11
16511,130,1,4,2025-11-15,2025-11-18,2025-11-22
16512,130,23,4,2025-11-19,2025-11-22,2025-11-26
16513,130,23,4,2025-11-27,2025-11-29,2025-12-04
16514,130,23,4,2025-12-02,2025-12-04,2025-12-09
16515,130,23,4,2025-12-11,2025-12-13,2025-12-18
16516,130,23,4,2025-12-20,2025-12-23,2025-12-27
16517,130,23,4,2025-12-26,2025-12-28,2026-01-02
16518,130,23,4,2025-12-31,2026-01-03,2026-01-07
16519,130,1,4,2026-01-10,2026-01-12,2026-01-17
16520,130,1,4,2026-01-14,2026-01-17,2026-01-21
16521,130,1,4,2026-01-21,2026-01-22,2026-01-28
16522,130,23,4,2026-01-29,2026-01-30,2026-02-05
16523,130,1,4,2026-02-04,2026-02-06,2026-02-11
16524,130,1,4,2026-02-13,2026-02-15,2026-02-20
16525,130,23,4,2026-02-22,2026-02-25,2026-03-01
16526,130,1,4,2026-02-28,2026-03-02,2026-03-07
16527,130,1,4,2026-03-06,2026-03-09,2026-03-13
16528,130,1,4,2026-03-15,2026-03-18,2026-03-22
16529,130,23,4,2026-03-18,2026-03-21,2026-03-25
16530,130,1,4,2026-03-29,2026-03-30,2026-04-05
16531,130,1,4,2026-04-02,2026-04-04,2026-04-09
16532,130,23,4,2026-04-10,2026-04-12,2026-04-17
16533,130,23,4,2026-04-15,2026-04-17,2026-04-22
16534,130,1,4,2026-04-24,2026-04-25,2026-05-01
16535,130,1,4,2026-05-02,2026-05-03,2026-05-09
16536,130,23,4,2026-05-08,2026-05-11,2026-05-15
16537,130,1,4,2026-05-14,2026-05-16,2026-05-21
16538,130,23,4,2026-05-22,2026-05-24,2026-05-29
16539,130,23,4,2026-05-26,2026-05-28,2026-06-02
16540,130,1,4,2026-06-05,2026-06-06,2026-06-12
16541,130,23,4,2026-06-11,2026-06-12,2026-06-18
16542,130,23,4,2026-06-21,2026-06-23,2026-06-28
16543,130,23,4,2026-06-22,2026-06-23,2026-06-29
16544,130,1,5,2024-07-03,2024-07-06,2024-07-10
16545,130,23,5,2024-07-11,2024-07-14,2024-07-18
16546,130,23,5,2024-07-16,2024-07-19,2024-07-23
16547,130,1,5,2024-07-26,2024-07-27,2024-08-02
16548,130,23,5,2024-07-29,2024-08-01,2024-08-05
16549,130,1,5,2024-08-08,2024-08-10,2024-08-15
16550,130,1,5,2024-08-16,2024-08-17,2024-08-23
16551,130,23,5,2024-08-25,2024-08-26,2024-09-01
16552,130,23,5,2024-08-31,2024-09-01,2024-09-07
16553,130,23,5,2024-09-02,2024-09-03,2024-09-09
16554,130,23,5,2024-09-15,2024-09-18,2024-09-22
16555,130,23,5,2024-09-21,2024-09-23,2024-09-28
16556,130,23,5,2024-09-24,2024-09-27,2024-10-01
16557,130,23,5,2024-10-04,2024-10-07,2024-10-11
16558,130,23,5,2024-10-10,2024-10-11,2024-10-17
16559,130,1,5,2024-10-16,2024-10-17,2024-10-23
16560,130,1,5,2024-10-25,2024-10-28,2024-11-01
16561,130,23,5,2024-10-28,2024-10-30,2024-11-04
16562,130,23,5,2024-11-05,2024-11-06,2024-11-12
16563,130,23,5,2024-11-11,2024-11-13,2024-11-18
16564,130,23,5,2024-11-20,2024-11-22,2024-11-27
16565,130,23,5,2024-11-28,2024-11-29,2024-12-05
16566,130,1,5,2024-12-02,2024-12-05,2024-12-09
16567,130,1,5,2024-12-13,2024-12-15,2024-12-20
16568,130,1,5,2024-12-19,2024-12-20,2024-12-26
16569,130,23,5,2024-12-29,2024-12-31,2025-01-05
16570,130,23,5,2025-01-02,2025-01-05,2025-01-09
16571,130,23,5,2025-01-10,2025-01-12,2025-01-17
16572,130,23,5,2025-01-19,2025-01-22,2025-01-26
16573,130,1,5,2025-01-24,2025-01-25,2025-01-31
16574,130,1,5,2025-01-31,2025-02-02,2025-02-07
16575,130,1,5,2025-02-03,2025-02-05,2025-02-10
16576,130,23,5,2025-02-10,2025-02-13,2025-02-17
16577,130,1,5,2025-02-20,2025-02-22,2025-02-27
16578,130,1,5,2025-03-01,2025-03-02,2025-03-08
16579,130,23,5,2025-03-04,2025-03-06,2025-03-11
16580,130,1,5,2025-03-16,2025-03-17,2025-03-23
16581,130,23,5,2025-03-19,2025-03-21,2025-03-26
16582,130,23,5,2025-03-29,2025-04-01,2025-04-05
16583,130,23,5,2025-03-31,2025-04-03,2025-04-07
16584,130,1,5,2025-04-13,2025-04-15,2025-04-20
16585,130,1,5,2025-04-19,2025-04-22,2025-04-26
16586,130,23,5,2025-04-21,2025-04-24,2025-04-28
16587,130,1,5,2025-05-01,2025-05-04,2025-05-08
16588,130,23,5,2025-05-11,2025-05-12,2025-05-18
16589,130,23,5,2025-05-14,2025-05-17,2025-05-21
16590,130,23,5,2025-05-23,2025-05-24,2025-05-30
16591,130,1,5,2025-05-30,2025-05-31,2025-06-06
16592,130,1,5,2025-06-06,2025-06-09,2025-06-13
16593,130,1,5,2025-06-13,2025-06-15,2025-06-20
16594,130,1,5,2025-06-16,2025-06-17,2025-06-23
16595,130,1,5,2025-06-24,2025-06-27,2025-07-01
16596,130,1,5,2025-07-04,2025-07-06,2025-07-11
16597,130,23,5,2025-07-11,2025-07-13,2025-07-18
16598,130,23,5,2025-07-18,2025-07-19,2025-07-25
16599,130,23,5,2025-07-26,2025-07-28,2025-08-02
16600,130,23,5,2025-07-31,2025-08-02,2025-08-07
16601,130,23,5,2025-08-06,2025-08-08,2025-08-13
16602,130,1,5,2025-08-11,2025-08-14,2025-08-18
16603,130,23,5,2025-08-24,2025-08-25,2025-08-31
16604,130,1,5,2025-08-30,2025-09-02,2025-09-06
16605,130,1,5,2025-09-06,2025-09-07,2025-09-13
16606,130,1,5,2025-09-14,2025-09-15,2025-09-21
16607,130,23,5,2025-09-19,2025-09-20,2025-09-26
16608,130,1,5,2025-09-28,2025-10-01,2025-10-05
16609,130,1,5,2025-10-05,2025-10-07,2025-10-12
16610,130,1,5,2025-10-06,2025-10-08,2025-10-13
16611,130,23,5,2025-10-14,2025-10-16,2025-10-21
16612,130,1,5,2025-10-25,2025-10-28,2025-11-01
16613,130,1,5,2025-10-27,2025-10-28,2025-11-03
16614,130,23,5,2025-11-07,2025-11-10,2025-11-14
16615,130,23,5,2025-11-11,2025-11-12,2025-11-18
16616,130,1,5,2025-11-21,2025-11-22,2025-11-28
16617,130,1,5,2025-11-24,2025-11-26,2025-12-01
16618,130,1,5,2025-12-05,2025-12-07,2025-12-12
16619,130,1,5,2025-12-12,2025-12-14,2025-12-19
16620,130,23,5,2025-12-21,2025-12-23,2025-12-28
16621,130,23,5,2025-12-27,2025-12-28,2026-01-03
16622,130,1,5,2026-01-02,2026-01-05,2026-01-09
16623,130,1,5,2026-01-06,2026-01-09,2026-01-13
16624,130,23,5,2026-01-16,2026-01-19,2026-01-23
16625,130,1,5,2026-01-23,2026-01-26,2026-01-30
16626,130,23,5,2026-01-29,2026-02-01,2026-02-05
16627,130,1,5,2026-02-06,2026-02-09,2026-02-13
16628,130,1,5,2026-02-14,2026-02-17,2026-02-21
16629,130,23,5,2026-02-21,2026-02-24,2026-02-28
16630,130,23,5,2026-02-28,2026-03-01,2026-03-07
16631,130,1,5,2026-03-02,2026-03-05,2026-03-09
16632,130,23,5,2026-03-15,2026-03-18,2026-03-22
16633,130,1,5,2026-03-18,2026-03-19,2026-03-25
16634,130,23,5,2026-03-23,2026-03-24,2026-03-30
16635,130,23,5,2026-03-31,2026-04-02,2026-04-07
16636,130,23,5,2026-04-11,2026-04-12,2026-04-18
16637,130,1,5,2026-04-18,2026-04-20,2026-04-25
16638,130,1,5,2026-04-26,2026-04-28,2026-05-03
16639,130,23,5,2026-04-28,2026-04-30,2026-05-05
16640,130,23,5,2026-05-05,2026-05-06,2026-05-12
16641,130,1,5,2026-05-12,2026-05-13,2026-05-19
16642,130,23,5,2026-05-18,2026-05-19,2026-05-25
16643,130,23,5,2026-05-30,2026-06-01,2026-06-06
16644,130,1,5,2026-06-03,2026-06-06,2026-06-10
16645,130,1,5,2026-06-14,2026-06-17,2026-06-21
16646,130,23,5,2026-06-20,2026-06-21,2026-06-27
16647,130,1,5,2026-06-28,2026-07-01,2026-07-05
16648,130,1,5,2026-06-30,2026-07-03,2026-07-07
16649,130,1,7,2024-07-02,2024-07-03,2024-07-09
16650,130,23,9,2024-07-12,2024-07-15,2024-07-19
16651,130,23,9,2024-07-21,2024-07-24,2024-07-28
16652,130,1,9,2024-07-26,2024-07-27,2024-08-02
16653,130,23,7,2024-08-03,2024-08-05,2024-08-10
16654,130,23,9,2024-08-06,2024-08-09,2024-08-13
16655,130,23,9,2024-08-13,2024-08-16,2024-08-20
16656,130,23,7,2024-08-22,2024-08-24,2024-08-29
16657,130,23,7,2024-08-26,2024-08-29,2024-09-02
16658,130,23,9,2024-09-03,2024-09-06,2024-09-10
16659,130,1,7,2024-09-09,2024-09-10,2024-09-16
16660,130,1,7,2024-09-18,2024-09-19,2024-09-25
16661,130,1,9,2024-09-28,2024-10-01,2024-10-05
16662,130,1,7,2024-10-04,2024-10-05,2024-10-11
16663,130,23,7,2024-10-11,2024-10-13,2024-10-18
16664,130,1,9,2024-10-16,2024-10-19,2024-10-23
16665,130,1,7,2024-10-27,2024-10-30,2024-11-03
16666,130,23,9,2024-11-02,2024-11-04,2024-11-09
16667,130,23,7,2024-11-09,2024-11-10,2024-11-16
16668,130,23,9,2024-11-13,2024-11-16,2024-11-20
16669,130,1,7,2024-11-20,2024-11-22,2024-11-27
16670,130,23,7,2024-11-26,2024-11-28,2024-12-03
16671,130,23,7,2024-12-04,2024-12-07,2024-12-11
16672,130,23,7,2024-12-15,2024-12-17,2024-12-22
16673,130,23,9,2024-12-21,2024-12-24,2024-12-28
16674,130,23,7,2024-12-24,2024-12-27,2024-12-31
16675,130,23,9,2025-01-01,2025-01-03,2025-01-08
16676,130,1,7,2025-01-09,2025-01-10,2025-01-16
16677,130,1,9,2025-01-18,2025-01-20,2025-01-25
16678,130,1,9,2025-01-25,2025-01-28,2025-02-01
16679,130,23,7,2025-01-31,2025-02-01,2025-02-07
16680,130,23,7,2025-02-06,2025-02-07,2025-02-13
16681,130,23,9,2025-02-15,2025-02-16,2025-02-22
16682,130,23,7,2025-02-17,2025-02-18,2025-02-24
16683,130,1,9,2025-02-28,2025-03-03,2025-03-07
16684,130,1,9,2025-03-07,2025-03-10,2025-03-14
16685,130,23,7,2025-03-12,2025-03-15,2025-03-19
16686,130,23,7,2025-03-20,2025-03-22,2025-03-27
16687,130,23,9,2025-03-27,2025-03-30,2025-04-03
16688,130,1,7,2025-04-04,2025-04-05,2025-04-11
16689,130,23,9,2025-04-08,2025-04-10,2025-04-15
16690,130,1,7,2025-04-19,2025-04-20,2025-04-26
16691,130,23,7,2025-04-22,2025-04-23,2025-04-29
16692,130,23,9,2025-05-04,2025-05-07,2025-05-11
16693,130,1,7,2025-05-06,2025-05-08,2025-05-13
16694,130,1,7,2025-05-12,2025-05-13,2025-05-19
16695,130,1,7,2025-05-20,2025-05-21,2025-05-27
16696,130,23,9,2025-05-28,2025-05-31,2025-06-04
16697,130,23,9,2025-06-02,2025-06-04,2025-06-09
16698,130,1,7,2025-06-11,2025-06-14,2025-06-18
16699,130,1,9,2025-06-20,2025-06-21,2025-06-27
16700,130,23,9,2025-06-29,2025-07-01,2025-07-06
16701,130,1,9,2025-07-04,2025-07-06,2025-07-11
16702,130,1,7,2025-07-07,2025-07-09,2025-07-14
16703,130,23,9,2025-07-19,2025-07-20,2025-07-26
16704,130,1,9,2025-07-25,2025-07-26,2025-08-01
16705,130,1,7,2025-07-31,2025-08-01,2025-08-07
16706,130,23,9,2025-08-05,2025-08-07,2025-08-12
16707,130,23,7,2025-08-11,2025-08-12,2025-08-18
16708,130,1,7,2025-08-20,2025-08-23,2025-08-27
16709,130,23,9,2025-08-25,2025-08-28,2025-09-01
16710,130,23,9,2025-09-06,2025-09-08,2025-09-13
16711,130,1,9,2025-09-09,2025-09-11,2025-09-16
16712,130,23,9,2025-09-21,2025-09-22,2025-09-28
16713,130,1,9,2025-09-25,2025-09-26,2025-10-02
16714,130,23,7,2025-10-01,2025-10-04,2025-10-08
16715,130,1,9,2025-10-10,2025-10-11,2025-10-17
16716,130,1,9,2025-10-16,2025-10-18,2025-10-23
16717,130,1,9,2025-10-25,2025-10-26,2025-11-01
16718,130,1,7,2025-10-29,2025-10-30,2025-11-05
16719,130,1,9,2025-11-08,2025-11-11,2025-11-15
16720,130,23,7,2025-11-16,2025-11-17,2025-11-23
16721,130,23,9,2025-11-21,2025-11-23,2025-11-28
16722,130,23,9,2025-11-30,2025-12-03,2025-12-07
16723,130,23,9,2025-12-06,2025-12-07,2025-12-13
16724,130,1,9,2025-12-09,2025-12-10,2025-12-16
16725,130,23,9,2025-12-16,2025-12-17,2025-12-23
16726,130,23,7,2025-12-23,2025-12-24,2025-12-30
16727,130,23,7,2026-01-01,2026-01-03,2026-01-08
16728,130,23,7,2026-01-05,2026-01-08,2026-01-12
16729,130,23,9,2026-01-18,2026-01-19,2026-01-25
16730,130,23,9,2026-01-22,2026-01-23,2026-01-29
16731,130,1,7,2026-01-29,2026-02-01,2026-02-05
16732,130,1,7,2026-02-02,2026-02-05,2026-02-09
16733,130,23,7,2026-02-14,2026-02-15,2026-02-21
16734,130,1,9,2026-02-18,2026-02-19,2026-02-25
16735,130,1,9,2026-02-23,2026-02-25,2026-03-02
16736,130,1,9,2026-03-08,2026-03-10,2026-03-15
16737,130,1,9,2026-03-12,2026-03-13,2026-03-19
16738,130,1,7,2026-03-19,2026-03-22,2026-03-26
16739,130,1,9,2026-03-27,2026-03-28,2026-04-03
16740,130,23,9,2026-04-05,2026-04-06,2026-04-12
16741,130,1,7,2026-04-07,2026-04-09,2026-04-14
16742,130,23,9,2026-04-13,2026-04-16,2026-04-20
16743,130,23,7,2026-04-25,2026-04-27,2026-05-02
16744,130,1,7,2026-04-29,2026-05-01,2026-05-06
16745,130,23,9,2026-05-05,2026-05-07,2026-05-12
16746,130,23,9,2026-05-14,2026-05-17,2026-05-21
16747,130,23,7,2026-05-21,2026-05-22,2026-05-28
16748,130,23,9,2026-05-27,2026-05-28,2026-06-03
16749,130,23,9,2026-06-07,2026-06-09,2026-06-14
16750,130,1,9,2026-06-11,2026-06-14,2026-06-18
16751,130,23,7,2026-06-18,2026-06-19,2026-06-25
16752,130,23,7,2026-06-22,2026-06-23,2026-06-29
16753,130,1,7,2026-06-30,2026-07-02,2026-07-07
16754,130,23,10,2024-07-04,2024-07-07,2024-07-11
16755,130,1,10,2024-07-09,2024-07-12,2024-07-16
16756,130,23,10,2024-07-16,2024-07-18,2024-07-23
16757,130,23,10,2024-07-27,2024-07-28,2024-08-03
16758,130,23,10,2024-08-02,2024-08-04,2024-08-09
16759,130,1,10,2024-08-11,2024-08-13,2024-08-18
16760,130,1,10,2024-08-12,2024-08-14,2024-08-19
16761,130,23,10,2024-08-23,2024-08-24,2024-08-30
16762,130,23,10,2024-08-27,2024-08-29,2024-09-03
16763,130,23,10,2024-09-06,2024-09-09,2024-09-13
16764,130,1,10,2024-09-15,2024-09-16,2024-09-22
16765,130,23,10,2024-09-21,2024-09-23,2024-09-28
16766,130,23,10,2024-09-25,2024-09-28,2024-10-02
16767,130,1,10,2024-10-02,2024-10-05,2024-10-09
16768,130,23,10,2024-10-09,2024-10-12,2024-10-16
16769,130,23,10,2024-10-19,2024-10-22,2024-10-26
16770,130,23,10,2024-10-27,2024-10-29,2024-11-03
16771,130,23,10,2024-10-31,2024-11-01,2024-11-07
16772,130,23,10,2024-11-05,2024-11-07,2024-11-12
16773,130,23,10,2024-11-13,2024-11-16,2024-11-20
16774,130,1,10,2024-11-18,2024-11-21,2024-11-25
16775,130,23,10,2024-11-28,2024-11-29,2024-12-05
16776,130,23,10,2024-12-08,2024-12-09,2024-12-15
16777,130,23,10,2024-12-13,2024-12-15,2024-12-20
16778,130,23,10,2024-12-22,2024-12-25,2024-12-29
16779,130,1,10,2024-12-28,2024-12-31,2025-01-04
16780,130,23,10,2025-01-01,2025-01-04,2025-01-08
16781,130,23,10,2025-01-07,2025-01-10,2025-01-14
16782,130,1,10,2025-01-17,2025-01-20,2025-01-24
16783,130,1,10,2025-01-20,2025-01-21,2025-01-27
16784,130,23,10,2025-01-31,2025-02-01,2025-02-07
16785,130,23,10,2025-02-03,2025-02-04,2025-02-10
16786,130,1,10,2025-02-15,2025-02-18,2025-02-22
16787,130,1,10,2025-02-22,2025-02-23,2025-03-01
16788,130,1,10,2025-02-24,2025-02-25,2025-03-03
16789,130,23,10,2025-03-06,2025-03-08,2025-03-13
16790,130,23,10,2025-03-14,2025-03-15,2025-03-21
16791,130,23,10,2025-03-22,2025-03-25,2025-03-29
16792,130,1,10,2025-03-24,2025-03-27,2025-03-31
16793,130,23,10,2025-04-05,2025-04-06,2025-04-12
16794,130,23,10,2025-04-11,2025-04-12,2025-04-18
16795,130,23,10,2025-04-16,2025-04-19,2025-04-23
16796,130,1,10,2025-04-25,2025-04-26,2025-05-02
16797,130,23,10,2025-05-02,2025-05-05,2025-05-09
16798,130,1,10,2025-05-08,2025-05-11,2025-05-15
16799,130,23,10,2025-05-16,2025-05-19,2025-05-23
16800,130,23,10,2025-05-23,2025-05-24,2025-05-30
16801,130,1,10,2025-05-30,2025-06-01,2025-06-06
16802,130,1,10,2025-06-08,2025-06-10,2025-06-15
16803,130,1,10,2025-06-11,2025-06-14,2025-06-18
16804,130,23,10,2025-06-18,2025-06-20,2025-06-25
16805,130,1,10,2025-06-23,2025-06-24,2025-06-30
16806,130,1,10,2025-07-03,2025-07-06,2025-07-10
16807,130,1,10,2025-07-12,2025-07-15,2025-07-19
16808,130,23,10,2025-07-20,2025-07-21,2025-07-27
16809,130,23,10,2025-07-23,2025-07-24,2025-07-30
16810,130,1,10,2025-07-29,2025-08-01,2025-08-05
16811,130,1,10,2025-08-05,2025-08-06,2025-08-12
16812,130,23,10,2025-08-16,2025-08-18,2025-08-23
16813,130,23,10,2025-08-18,2025-08-20,2025-08-25
16814,130,23,10,2025-08-25,2025-08-26,2025-09-01
16815,130,1,10,2025-09-01,2025-09-04,2025-09-08
16816,130,23,10,2025-09-14,2025-09-15,2025-09-21
16817,130,23,10,2025-09-18,2025-09-21,2025-09-25
16818,130,1,10,2025-09-22,2025-09-25,2025-09-29
16819,130,1,10,2025-09-30,2025-10-02,2025-10-07
16820,130,23,10,2025-10-09,2025-10-10,2025-10-16
16821,130,23,10,2025-10-16,2025-10-19,2025-10-23
16822,130,23,10,2025-10-22,2025-10-25,2025-10-29
16823,130,23,10,2025-10-27,2025-10-28,2025-11-03
16824,130,1,10,2025-11-03,2025-11-05,2025-11-10
16825,130,1,10,2025-11-15,2025-11-18,2025-11-22
16826,130,23,10,2025-11-21,2025-11-24,2025-11-28
16827,130,23,10,2025-11-27,2025-11-29,2025-12-04
16828,130,23,10,2025-12-03,2025-12-05,2025-12-10
16829,130,1,10,2025-12-11,2025-12-13,2025-12-18
16830,130,23,10,2025-12-16,2025-12-17,2025-12-23
16831,130,1,10,2025-12-27,2025-12-28,2026-01-03
16832,130,23,10,2025-12-31,2026-01-02,2026-01-07
16833,130,1,10,2026-01-07,2026-01-09,2026-01-14
16834,130,23,10,2026-01-16,2026-01-18,2026-01-23
16835,130,23,10,2026-01-25,2026-01-28,2026-02-01
16836,130,1,10,2026-01-27,2026-01-28,2026-02-03
16837,130,1,10,2026-02-04,2026-02-06,2026-02-11
16838,130,23,10,2026-02-11,2026-02-13,2026-02-18
16839,130,23,10,2026-02-18,2026-02-21,2026-02-25
16840,130,23,10,2026-02-23,2026-02-26,2026-03-02
16841,130,1,10,2026-03-06,2026-03-09,2026-03-13
16842,130,23,10,2026-03-12,2026-03-14,2026-03-19
16843,130,1,10,2026-03-21,2026-03-24,2026-03-28
16844,130,1,10,2026-03-24,2026-03-25,2026-03-31
16845,130,23,10,2026-04-05,2026-04-06,2026-04-12
16846,130,23,10,2026-04-11,2026-04-13,2026-04-18
16847,130,23,10,2026-04-13,2026-04-15,2026-04-20
16848,130,23,10,2026-04-21,2026-04-23,2026-04-28
16849,130,23,10,2026-04-28,2026-04-30,2026-05-05
16850,130,1,10,2026-05-05,2026-05-08,2026-05-12
16851,130,1,10,2026-05-14,2026-05-16,2026-05-21
16852,130,23,10,2026-05-20,2026-05-21,2026-05-27
16853,130,1,10,2026-05-26,2026-05-29,2026-06-02
16854,130,23,10,2026-06-04,2026-06-05,2026-06-11
16855,130,23,10,2026-06-13,2026-06-14,2026-06-20
16856,130,1,10,2026-06-17,2026-06-19,2026-06-24
16857,130,23,10,2026-06-25,2026-06-27,2026-07-02
16858,131,1,10,2024-09-26,2024-09-29,2027-08-01
16859,131,1,5,2025-02-20,2025-02-22,2027-12-26
16860,131,5,5,2025-05-02,2025-05-05,2028-03-06
16861,131,5,5,2025-07-27,2025-07-29,2028-05-31
16862,131,1,5,2025-12-04,2025-12-07,2028-10-08
16863,131,5,6,2026-04-10,2026-04-13,2029-02-12
16864,132,19,1,2024-09-05,2024-09-08,2026-02-11
16865,132,19,6,2025-01-15,2025-01-18,2026-06-23
16866,132,16,6,2025-05-19,2025-05-20,2026-10-25
16867,132,19,4,2025-09-19,2025-09-20,2027-02-25
16868,132,19,6,2025-12-23,2025-12-24,2027-05-31
16869,132,19,4,2026-06-14,2026-06-15,2027-11-20
16870,133,23,1,2024-07-06,2024-07-07,2024-07-17
16871,133,23,1,2024-07-10,2024-07-13,2024-07-21
16872,133,11,1,2024-07-21,2024-07-24,2024-08-01
16873,133,12,1,2024-08-01,2024-08-03,2024-08-12
16874,133,11,1,2024-08-08,2024-08-11,2024-08-19
16875,133,23,1,2024-08-13,2024-08-16,2024-08-24
16876,133,11,3,2024-08-25,2024-08-27,2024-09-05
16877,133,23,3,2024-09-01,2024-09-02,2024-09-12
16878,133,12,3,2024-09-06,2024-09-08,2024-09-17
16879,133,11,1,2024-09-13,2024-09-15,2024-09-24
16880,133,23,1,2024-09-26,2024-09-29,2024-10-07
16881,133,23,3,2024-10-02,2024-10-05,2024-10-13
16882,133,23,3,2024-10-06,2024-10-08,2024-10-17
16883,133,23,1,2024-10-17,2024-10-18,2024-10-28
16884,133,23,3,2024-10-28,2024-10-29,2024-11-08
16885,133,23,3,2024-10-30,2024-10-31,2024-11-10
16886,133,11,3,2024-11-07,2024-11-09,2024-11-18
16887,133,23,3,2024-11-14,2024-11-16,2024-11-25
16888,133,12,3,2024-11-26,2024-11-28,2024-12-07
16889,133,11,3,2024-12-01,2024-12-02,2024-12-12
16890,133,23,3,2024-12-10,2024-12-11,2024-12-21
16891,133,23,3,2024-12-22,2024-12-25,2025-01-02
16892,133,11,3,2024-12-29,2024-12-30,2025-01-09
16893,133,23,1,2025-01-08,2025-01-09,2025-01-19
16894,133,12,1,2025-01-14,2025-01-17,2025-01-25
16895,133,11,3,2025-01-18,2025-01-19,2025-01-29
16896,133,11,3,2025-01-25,2025-01-26,2025-02-05
16897,133,12,1,2025-02-02,2025-02-03,2025-02-13
16898,133,23,1,2025-02-17,2025-02-20,2025-02-28
16899,133,23,1,2025-02-23,2025-02-25,2025-03-06
16900,133,12,3,2025-02-27,2025-03-01,2025-03-10
16901,133,11,1,2025-03-08,2025-03-11,2025-03-19
16902,133,23,3,2025-03-14,2025-03-16,2025-03-25
16903,133,23,3,2025-03-24,2025-03-26,2025-04-04
16904,133,23,3,2025-04-03,2025-04-04,2025-04-14
16905,133,11,3,2025-04-14,2025-04-16,2025-04-25
16906,133,23,1,2025-04-16,2025-04-17,2025-04-27
16907,133,11,1,2025-04-30,2025-05-03,2025-05-11
16908,133,23,1,2025-05-01,2025-05-03,2025-05-12
16909,133,23,1,2025-05-12,2025-05-13,2025-05-23
16910,133,11,1,2025-05-18,2025-05-20,2025-05-29
16911,133,12,1,2025-06-01,2025-06-04,2025-06-12
16912,133,23,3,2025-06-02,2025-06-03,2025-06-13
16913,133,11,1,2025-06-17,2025-06-19,2025-06-28
16914,133,11,3,2025-06-20,2025-06-22,2025-07-01
16915,133,23,1,2025-07-03,2025-07-04,2025-07-14
16916,133,23,1,2025-07-05,2025-07-07,2025-07-16
16917,133,11,1,2025-07-17,2025-07-18,2025-07-28
16918,133,12,3,2025-07-20,2025-07-23,2025-07-31
16919,133,12,3,2025-07-29,2025-07-31,2025-08-09
16920,133,23,3,2025-08-06,2025-08-09,2025-08-17
16921,133,23,3,2025-08-14,2025-08-17,2025-08-25
16922,133,11,3,2025-08-28,2025-08-31,2025-09-08
16923,133,23,1,2025-09-05,2025-09-06,2025-09-16
16924,133,23,3,2025-09-12,2025-09-13,2025-09-23
16925,133,11,1,2025-09-14,2025-09-16,2025-09-25
16926,133,23,3,2025-09-27,2025-09-30,2025-10-08
16927,133,12,1,2025-10-07,2025-10-10,2025-10-18
16928,133,12,1,2025-10-12,2025-10-14,2025-10-23
16929,133,23,1,2025-10-16,2025-10-18,2025-10-27
16930,133,11,3,2025-10-29,2025-11-01,2025-11-09
16931,133,23,1,2025-11-02,2025-11-03,2025-11-13
16932,133,12,1,2025-11-16,2025-11-18,2025-11-27
16933,133,23,3,2025-11-23,2025-11-24,2025-12-04
16934,133,11,3,2025-11-29,2025-11-30,2025-12-10
16935,133,11,3,2025-12-06,2025-12-09,2025-12-17
16936,133,23,1,2025-12-14,2025-12-16,2025-12-25
16937,133,12,3,2025-12-21,2025-12-24,2026-01-01
16938,133,12,1,2025-12-27,2025-12-29,2026-01-07
16939,133,23,3,2026-01-08,2026-01-11,2026-01-19
16940,133,12,1,2026-01-14,2026-01-17,2026-01-25
16941,133,12,1,2026-01-20,2026-01-23,2026-01-31
16942,133,23,1,2026-01-28,2026-01-29,2026-02-08
16943,133,12,3,2026-02-11,2026-02-13,2026-02-22
16944,133,12,3,2026-02-14,2026-02-15,2026-02-25
16945,133,12,3,2026-02-21,2026-02-22,2026-03-04
16946,133,23,1,2026-03-05,2026-03-06,2026-03-16
16947,133,12,3,2026-03-15,2026-03-18,2026-03-26
16948,133,11,1,2026-03-19,2026-03-20,2026-03-30
16949,133,12,1,2026-03-26,2026-03-27,2026-04-06
16950,133,12,1,2026-04-09,2026-04-11,2026-04-20
16951,133,11,3,2026-04-15,2026-04-17,2026-04-26
16952,133,12,1,2026-04-22,2026-04-24,2026-05-03
16953,133,11,3,2026-05-03,2026-05-05,2026-05-14
16954,133,11,1,2026-05-09,2026-05-11,2026-05-20
16955,133,23,3,2026-05-12,2026-05-13,2026-05-23
16956,133,11,1,2026-05-21,2026-05-22,2026-06-01
16957,133,11,3,2026-05-28,2026-05-30,2026-06-08
16958,133,23,1,2026-06-07,2026-06-09,2026-06-18
16959,133,11,3,2026-06-13,2026-06-15,2026-06-24
16960,133,23,3,2026-06-28,2026-06-30,2026-07-09
16961,133,23,1,2026-06-30,2026-07-01,2026-07-11
16962,133,12,4,2024-07-06,2024-07-09,2024-07-17
16963,133,11,4,2024-07-12,2024-07-14,2024-07-23
16964,133,11,4,2024-07-20,2024-07-22,2024-07-31
16965,133,11,4,2024-07-26,2024-07-27,2024-08-06
16966,133,23,4,2024-08-08,2024-08-09,2024-08-19
16967,133,23,4,2024-08-16,2024-08-18,2024-08-27
16968,133,12,4,2024-08-20,2024-08-23,2024-08-31
16969,133,12,4,2024-08-31,2024-09-02,2024-09-11
16970,133,23,4,2024-09-03,2024-09-04,2024-09-14
16971,133,12,4,2024-09-13,2024-09-16,2024-09-24
16972,133,23,4,2024-09-21,2024-09-24,2024-10-02
16973,133,12,4,2024-09-30,2024-10-03,2024-10-11
16974,133,11,4,2024-10-05,2024-10-06,2024-10-16
16975,133,11,4,2024-10-15,2024-10-18,2024-10-26
16976,133,11,4,2024-10-27,2024-10-30,2024-11-07
16977,133,11,4,2024-10-29,2024-11-01,2024-11-09
16978,133,12,4,2024-11-08,2024-11-10,2024-11-19
16979,133,11,4,2024-11-16,2024-11-17,2024-11-27
16980,133,11,4,2024-11-25,2024-11-27,2024-12-06
16981,133,12,4,2024-12-01,2024-12-02,2024-12-12
16982,133,12,4,2024-12-11,2024-12-12,2024-12-22
16983,133,11,4,2024-12-19,2024-12-22,2024-12-30
16984,133,12,4,2024-12-27,2024-12-30,2025-01-07
16985,133,12,4,2025-01-03,2025-01-06,2025-01-14
16986,133,12,4,2025-01-15,2025-01-18,2025-01-26
16987,133,12,4,2025-01-24,2025-01-27,2025-02-04
16988,133,23,4,2025-01-26,2025-01-27,2025-02-06
16989,133,12,4,2025-02-06,2025-02-07,2025-02-17
16990,133,12,4,2025-02-10,2025-02-13,2025-02-21
16991,133,12,4,2025-02-22,2025-02-24,2025-03-05
16992,133,12,4,2025-03-05,2025-03-07,2025-03-16
16993,133,11,4,2025-03-08,2025-03-10,2025-03-19
16994,133,11,4,2025-03-14,2025-03-16,2025-03-25
16995,133,23,4,2025-03-24,2025-03-25,2025-04-04
16996,133,12,4,2025-04-02,2025-04-05,2025-04-13
16997,133,23,4,2025-04-09,2025-04-10,2025-04-20
16998,133,23,4,2025-04-20,2025-04-23,2025-05-01
16999,133,23,4,2025-04-26,2025-04-28,2025-05-07
17000,133,11,4,2025-05-06,2025-05-09,2025-05-17
17001,133,11,4,2025-05-15,2025-05-17,2025-05-26
17002,133,23,4,2025-05-22,2025-05-23,2025-06-02
17003,133,23,4,2025-05-26,2025-05-27,2025-06-06
17004,133,12,4,2025-06-08,2025-06-10,2025-06-19
17005,133,12,4,2025-06-14,2025-06-17,2025-06-25
17006,133,23,4,2025-06-18,2025-06-21,2025-06-29
17007,133,23,4,2025-06-27,2025-06-29,2025-07-08
17008,133,23,4,2025-07-07,2025-07-08,2025-07-18
17009,133,11,4,2025-07-17,2025-07-20,2025-07-28
17010,133,12,4,2025-07-24,2025-07-25,2025-08-04
17011,133,11,4,2025-08-03,2025-08-05,2025-08-14
17012,133,12,4,2025-08-11,2025-08-13,2025-08-22
17013,133,23,4,2025-08-18,2025-08-21,2025-08-29
17014,133,11,4,2025-08-24,2025-08-27,2025-09-04
17015,133,12,4,2025-09-05,2025-09-08,2025-09-16
17016,133,11,4,2025-09-09,2025-09-12,2025-09-20
17017,133,23,4,2025-09-17,2025-09-20,2025-09-28
17018,133,23,4,2025-09-27,2025-09-30,2025-10-08
17019,133,11,4,2025-10-01,2025-10-03,2025-10-12
17020,133,11,4,2025-10-08,2025-10-09,2025-10-19
17021,133,12,4,2025-10-16,2025-10-19,2025-10-27
17022,133,12,4,2025-10-29,2025-10-30,2025-11-09
17023,133,23,4,2025-11-05,2025-11-07,2025-11-16
17024,133,23,4,2025-11-16,2025-11-18,2025-11-27
17025,133,11,4,2025-11-20,2025-11-21,2025-12-01
17026,133,23,4,2025-11-29,2025-12-02,2025-12-10
17027,133,11,4,2025-12-10,2025-12-11,2025-12-21
17028,133,23,4,2025-12-12,2025-12-13,2025-12-23
17029,133,11,4,2025-12-23,2025-12-26,2026-01-03
17030,133,12,4,2026-01-03,2026-01-06,2026-01-14
17031,133,12,4,2026-01-07,2026-01-08,2026-01-18
17032,133,11,4,2026-01-13,2026-01-14,2026-01-24
17033,133,23,4,2026-01-20,2026-01-21,2026-01-31
17034,133,23,4,2026-01-30,2026-02-02,2026-02-10
17035,133,11,4,2026-02-07,2026-02-10,2026-02-18
17036,133,12,4,2026-02-19,2026-02-21,2026-03-02
17037,133,12,4,2026-02-28,2026-03-02,2026-03-11
17038,133,11,4,2026-03-05,2026-03-08,2026-03-16
17039,133,23,4,2026-03-11,2026-03-14,2026-03-22
17040,133,23,4,2026-03-24,2026-03-26,2026-04-04
17041,133,12,4,2026-03-31,2026-04-01,2026-04-11
17042,133,23,4,2026-04-05,2026-04-06,2026-04-16
17043,133,23,4,2026-04-13,2026-04-14,2026-04-24
17044,133,23,4,2026-04-19,2026-04-20,2026-04-30
17045,133,12,4,2026-04-27,2026-04-29,2026-05-08
17046,133,12,4,2026-05-06,2026-05-07,2026-05-17
17047,133,12,4,2026-05-19,2026-05-21,2026-05-30
17048,133,12,4,2026-05-21,2026-05-24,2026-06-01
17049,133,11,4,2026-06-01,2026-06-02,2026-06-12
17050,133,12,4,2026-06-07,2026-06-09,2026-06-18
17051,133,11,4,2026-06-18,2026-06-19,2026-06-29
17052,133,23,4,2026-06-28,2026-06-30,2026-07-09
17053,133,12,5,2024-07-04,2024-07-05,2024-07-15
17054,133,11,5,2024-07-16,2024-07-17,2024-07-27
17055,133,23,5,2024-07-22,2024-07-25,2024-08-02
17056,133,23,5,2024-07-31,2024-08-02,2024-08-11
17057,133,12,5,2024-08-08,2024-08-10,2024-08-19
17058,133,23,5,2024-08-11,2024-08-13,2024-08-22
17059,133,23,5,2024-08-22,2024-08-24,2024-09-02
17060,133,23,5,2024-08-27,2024-08-29,2024-09-07
17061,133,12,5,2024-09-09,2024-09-10,2024-09-20
17062,133,11,5,2024-09-18,2024-09-20,2024-09-29
17063,133,23,5,2024-09-23,2024-09-26,2024-10-04
17064,133,11,5,2024-09-30,2024-10-01,2024-10-11
17065,133,12,5,2024-10-06,2024-10-08,2024-10-17
17066,133,12,5,2024-10-20,2024-10-23,2024-10-31
17067,133,11,5,2024-10-28,2024-10-31,2024-11-08
17068,133,12,5,2024-11-04,2024-11-06,2024-11-15
17069,133,11,5,2024-11-07,2024-11-10,2024-11-18
17070,133,12,5,2024-11-16,2024-11-18,2024-11-27
17071,133,11,5,2024-11-27,2024-11-30,2024-12-08
17072,133,11,5,2024-11-30,2024-12-01,2024-12-11
17073,133,12,5,2024-12-12,2024-12-15,2024-12-23
17074,133,11,5,2024-12-19,2024-12-22,2024-12-30
17075,133,11,5,2024-12-28,2024-12-29,2025-01-08
17076,133,23,5,2025-01-06,2025-01-07,2025-01-17
17077,133,11,5,2025-01-14,2025-01-15,2025-01-25
17078,133,12,5,2025-01-23,2025-01-24,2025-02-03
17079,133,12,5,2025-02-01,2025-02-04,2025-02-12
17080,133,23,5,2025-02-05,2025-02-08,2025-02-16
17081,133,12,5,2025-02-11,2025-02-14,2025-02-22
17082,133,12,5,2025-02-25,2025-02-26,2025-03-08
17083,133,12,5,2025-03-04,2025-03-07,2025-03-15
17084,133,23,5,2025-03-10,2025-03-12,2025-03-21
17085,133,23,5,2025-03-14,2025-03-15,2025-03-25
17086,133,11,5,2025-03-28,2025-03-29,2025-04-08
17087,133,12,5,2025-04-02,2025-04-05,2025-04-13
17088,133,23,5,2025-04-07,2025-04-09,2025-04-18
17089,133,11,5,2025-04-22,2025-04-23,2025-05-03
17090,133,11,5,2025-04-26,2025-04-27,2025-05-07
17091,133,12,5,2025-05-07,2025-05-09,2025-05-18
17092,133,11,5,2025-05-10,2025-05-11,2025-05-21
17093,133,23,5,2025-05-18,2025-05-21,2025-05-29
17094,133,23,5,2025-05-28,2025-05-29,2025-06-08
17095,133,11,5,2025-06-07,2025-06-08,2025-06-18
17096,133,12,5,2025-06-15,2025-06-17,2025-06-26
17097,133,23,5,2025-06-20,2025-06-22,2025-07-01
17098,133,23,5,2025-06-26,2025-06-28,2025-07-07
17099,133,12,5,2025-07-08,2025-07-09,2025-07-19
17100,133,12,5,2025-07-14,2025-07-16,2025-07-25
17101,133,23,5,2025-07-25,2025-07-27,2025-08-05
17102,133,23,5,2025-08-02,2025-08-05,2025-08-13
17103,133,12,5,2025-08-06,2025-08-08,2025-08-17
17104,133,11,5,2025-08-19,2025-08-20,2025-08-30
17105,133,12,5,2025-08-21,2025-08-23,2025-09-01
17106,133,12,5,2025-09-05,2025-09-08,2025-09-16
17107,133,12,5,2025-09-13,2025-09-16,2025-09-24
17108,133,11,5,2025-09-16,2025-09-19,2025-09-27
17109,133,23,5,2025-09-22,2025-09-23,2025-10-03
17110,133,11,5,2025-10-04,2025-10-07,2025-10-15
17111,133,11,5,2025-10-10,2025-10-12,2025-10-21
17112,133,11,5,2025-10-21,2025-10-24,2025-11-01
17113,133,11,5,2025-10-25,2025-10-28,2025-11-05
17114,133,23,5,2025-11-06,2025-11-07,2025-11-17
17115,133,11,5,2025-11-15,2025-11-17,2025-11-26
17116,133,23,5,2025-11-18,2025-11-20,2025-11-29
17117,133,11,5,2025-11-25,2025-11-26,2025-12-06
17118,133,23,5,2025-12-08,2025-12-10,2025-12-19
17119,133,23,5,2025-12-11,2025-12-14,2025-12-22
17120,133,12,5,2025-12-23,2025-12-26,2026-01-03
17121,133,11,5,2025-12-27,2025-12-30,2026-01-07
17122,133,12,5,2026-01-05,2026-01-08,2026-01-16
17123,133,23,5,2026-01-13,2026-01-15,2026-01-24
17124,133,11,5,2026-01-20,2026-01-23,2026-01-31
17125,133,23,5,2026-01-31,2026-02-02,2026-02-11
17126,133,23,5,2026-02-11,2026-02-12,2026-02-22
17127,133,11,5,2026-02-18,2026-02-21,2026-03-01
17128,133,11,5,2026-02-25,2026-02-28,2026-03-08
17129,133,11,5,2026-03-07,2026-03-10,2026-03-18
17130,133,23,5,2026-03-13,2026-03-15,2026-03-24
17131,133,23,5,2026-03-22,2026-03-25,2026-04-02
17132,133,23,5,2026-03-29,2026-03-30,2026-04-09
17133,133,12,5,2026-04-03,2026-04-04,2026-04-14
17134,133,23,5,2026-04-16,2026-04-18,2026-04-27
17135,133,23,5,2026-04-18,2026-04-21,2026-04-29
17136,133,12,5,2026-05-03,2026-05-05,2026-05-14
17137,133,11,5,2026-05-04,2026-05-06,2026-05-15
17138,133,23,5,2026-05-15,2026-05-17,2026-05-26
17139,133,11,5,2026-05-20,2026-05-22,2026-05-31
17140,133,23,5,2026-05-29,2026-06-01,2026-06-09
17141,133,23,5,2026-06-12,2026-06-15,2026-06-23
17142,133,11,5,2026-06-14,2026-06-17,2026-06-25
17143,133,23,5,2026-06-24,2026-06-26,2026-07-05
17144,133,11,9,2024-07-07,2024-07-08,2024-07-18
17145,133,11,7,2024-07-13,2024-07-15,2024-07-24
17146,133,12,9,2024-07-20,2024-07-21,2024-07-31
17147,133,23,7,2024-07-30,2024-07-31,2024-08-10
17148,133,12,7,2024-08-08,2024-08-11,2024-08-19
17149,133,11,7,2024-08-17,2024-08-18,2024-08-28
17150,133,12,9,2024-08-23,2024-08-24,2024-09-03
17151,133,23,9,2024-09-01,2024-09-02,2024-09-12
17152,133,11,9,2024-09-09,2024-09-10,2024-09-20
17153,133,23,7,2024-09-16,2024-09-19,2024-09-27
17154,133,23,9,2024-09-24,2024-09-27,2024-10-05
17155,133,12,7,2024-10-03,2024-10-05,2024-10-14
17156,133,23,9,2024-10-09,2024-10-12,2024-10-20
17157,133,12,9,2024-10-18,2024-10-19,2024-10-29
17158,133,11,7,2024-10-26,2024-10-28,2024-11-06
17159,133,11,7,2024-11-05,2024-11-07,2024-11-16
17160,133,23,7,2024-11-13,2024-11-14,2024-11-24
17161,133,12,7,2024-11-15,2024-11-18,2024-11-26
17162,133,23,9,2024-11-27,2024-11-29,2024-12-08
17163,133,23,9,2024-12-07,2024-12-08,2024-12-18
17164,133,12,7,2024-12-15,2024-12-16,2024-12-26
17165,133,12,7,2024-12-23,2024-12-24,2025-01-03
17166,133,12,7,2024-12-24,2024-12-26,2025-01-04
17167,133,12,7,2025-01-01,2025-01-03,2025-01-12
17168,133,12,7,2025-01-11,2025-01-13,2025-01-22
17169,133,23,9,2025-01-19,2025-01-21,2025-01-30
17170,133,23,7,2025-01-31,2025-02-03,2025-02-11
17171,133,12,9,2025-02-08,2025-02-11,2025-02-19
17172,133,23,9,2025-02-14,2025-02-17,2025-02-25
17173,133,11,9,2025-02-23,2025-02-24,2025-03-06
17174,133,11,9,2025-03-05,2025-03-08,2025-03-16
17175,133,11,9,2025-03-11,2025-03-13,2025-03-22
17176,133,12,9,2025-03-18,2025-03-21,2025-03-29
17177,133,11,9,2025-03-26,2025-03-27,2025-04-06
17178,133,23,7,2025-04-06,2025-04-09,2025-04-17
17179,133,12,9,2025-04-11,2025-04-14,2025-04-22
17180,133,11,7,2025-04-18,2025-04-20,2025-04-29
17181,133,23,9,2025-04-29,2025-05-01,2025-05-10
17182,133,23,7,2025-05-04,2025-05-05,2025-05-15
17183,133,12,9,2025-05-15,2025-05-18,2025-05-26
17184,133,12,7,2025-05-23,2025-05-25,2025-06-03
17185,133,11,9,2025-06-01,2025-06-02,2025-06-12
17186,133,23,9,2025-06-06,2025-06-08,2025-06-17
17187,133,11,9,2025-06-17,2025-06-19,2025-06-28
17188,133,23,9,2025-06-19,2025-06-20,2025-06-30
17189,133,11,9,2025-07-03,2025-07-06,2025-07-14
17190,133,11,9,2025-07-10,2025-07-13,2025-07-21
17191,133,11,9,2025-07-14,2025-07-15,2025-07-25
17192,133,11,7,2025-07-25,2025-07-26,2025-08-05
17193,133,23,7,2025-07-30,2025-07-31,2025-08-10
17194,133,11,9,2025-08-12,2025-08-15,2025-08-23
17195,133,11,9,2025-08-14,2025-08-15,2025-08-25
17196,133,12,9,2025-08-26,2025-08-27,2025-09-06
17197,133,23,9,2025-09-04,2025-09-06,2025-09-15
17198,133,12,9,2025-09-10,2025-09-11,2025-09-21
17199,133,11,9,2025-09-19,2025-09-20,2025-09-30
17200,133,11,7,2025-09-28,2025-10-01,2025-10-09
17201,133,12,7,2025-10-07,2025-10-09,2025-10-18
17202,133,23,7,2025-10-11,2025-10-12,2025-10-22
17203,133,23,9,2025-10-18,2025-10-19,2025-10-29
17204,133,12,7,2025-10-28,2025-10-31,2025-11-08
17205,133,11,7,2025-11-07,2025-11-09,2025-11-18
17206,133,12,9,2025-11-14,2025-11-17,2025-11-25
17207,133,23,9,2025-11-21,2025-11-24,2025-12-02
17208,133,23,9,2025-11-26,2025-11-27,2025-12-07
17209,133,23,7,2025-12-05,2025-12-08,2025-12-16
17210,133,12,9,2025-12-16,2025-12-18,2025-12-27
17211,133,11,9,2025-12-25,2025-12-26,2026-01-05
17212,133,11,7,2025-12-29,2026-01-01,2026-01-09
17213,133,12,7,2026-01-10,2026-01-11,2026-01-21
17214,133,23,9,2026-01-14,2026-01-15,2026-01-25
17215,133,11,9,2026-01-21,2026-01-22,2026-02-01
17216,133,11,7,2026-02-03,2026-02-05,2026-02-14
17217,133,11,9,2026-02-05,2026-02-07,2026-02-16
17218,133,12,7,2026-02-17,2026-02-18,2026-02-28
17219,133,11,9,2026-02-22,2026-02-23,2026-03-05
17220,133,12,7,2026-03-02,2026-03-04,2026-03-13
17221,133,11,7,2026-03-12,2026-03-13,2026-03-23
17222,133,11,9,2026-03-23,2026-03-25,2026-04-03
17223,133,12,9,2026-03-26,2026-03-28,2026-04-06
17224,133,12,7,2026-04-09,2026-04-11,2026-04-20
17225,133,23,7,2026-04-12,2026-04-14,2026-04-23
17226,133,11,7,2026-04-18,2026-04-21,2026-04-29
17227,133,12,9,2026-04-26,2026-04-29,2026-05-07
17228,133,12,9,2026-05-04,2026-05-05,2026-05-15
17229,133,11,7,2026-05-19,2026-05-22,2026-05-30
17230,133,23,7,2026-05-20,2026-05-21,2026-05-31
17231,133,12,9,2026-05-30,2026-06-02,2026-06-10
17232,133,23,7,2026-06-12,2026-06-15,2026-06-23
17233,133,11,9,2026-06-14,2026-06-16,2026-06-25
17234,133,11,7,2026-06-21,2026-06-22,2026-07-02
17235,133,12,7,2026-06-30,2026-07-03,2026-07-11
17236,133,12,10,2024-07-03,2024-07-04,2024-07-14
17237,133,11,10,2024-07-12,2024-07-14,2024-07-23
17238,133,11,10,2024-07-18,2024-07-21,2024-07-29
17239,133,12,10,2024-07-27,2024-07-30,2024-08-07
17240,133,12,10,2024-08-05,2024-08-06,2024-08-16
17241,133,12,10,2024-08-13,2024-08-14,2024-08-24
17242,133,23,10,2024-08-19,2024-08-21,2024-08-30
17243,133,23,10,2024-08-26,2024-08-29,2024-09-06
17244,133,11,10,2024-09-04,2024-09-07,2024-09-15
17245,133,11,10,2024-09-13,2024-09-14,2024-09-24
17246,133,11,10,2024-09-25,2024-09-26,2024-10-06
17247,133,12,10,2024-10-03,2024-10-06,2024-10-14
17248,133,12,10,2024-10-05,2024-10-07,2024-10-16
17249,133,23,10,2024-10-18,2024-10-21,2024-10-29
17250,133,11,10,2024-10-26,2024-10-28,2024-11-06
17251,133,12,10,2024-10-30,2024-11-02,2024-11-10
17252,133,23,10,2024-11-13,2024-11-14,2024-11-24
17253,133,12,10,2024-11-18,2024-11-19,2024-11-29
17254,133,23,10,2024-11-25,2024-11-27,2024-12-06
17255,133,11,10,2024-12-04,2024-12-06,2024-12-15
17256,133,11,10,2024-12-09,2024-12-11,2024-12-20
17257,133,23,10,2024-12-19,2024-12-22,2024-12-30
17258,133,12,10,2024-12-27,2024-12-30,2025-01-07
17259,133,23,10,2025-01-07,2025-01-10,2025-01-18
17260,133,12,10,2025-01-15,2025-01-16,2025-01-26
17261,133,11,10,2025-01-21,2025-01-24,2025-02-01
17262,133,12,10,2025-01-25,2025-01-26,2025-02-05
17263,133,23,10,2025-02-07,2025-02-09,2025-02-18
17264,133,12,10,2025-02-15,2025-02-16,2025-02-26
17265,133,23,10,2025-02-20,2025-02-21,2025-03-03
17266,133,11,10,2025-02-27,2025-03-02,2025-03-10
17267,133,23,10,2025-03-08,2025-03-11,2025-03-19
17268,133,23,10,2025-03-17,2025-03-18,2025-03-28
17269,133,12,10,2025-03-23,2025-03-24,2025-04-03
17270,133,12,10,2025-03-31,2025-04-01,2025-04-11
17271,133,23,10,2025-04-07,2025-04-08,2025-04-18
17272,133,23,10,2025-04-19,2025-04-21,2025-04-30
17273,133,12,10,2025-04-28,2025-04-29,2025-05-09
17274,133,12,10,2025-05-02,2025-05-03,2025-05-13
17275,133,11,10,2025-05-14,2025-05-15,2025-05-25
17276,133,12,10,2025-05-20,2025-05-21,2025-05-31
17277,133,23,10,2025-05-30,2025-05-31,2025-06-10
17278,133,11,10,2025-06-08,2025-06-10,2025-06-19
17279,133,23,10,2025-06-13,2025-06-16,2025-06-24
17280,133,11,10,2025-06-23,2025-06-26,2025-07-04
17281,133,23,10,2025-06-29,2025-07-01,2025-07-10
17282,133,23,10,2025-07-06,2025-07-09,2025-07-17
17283,133,12,10,2025-07-19,2025-07-22,2025-07-30
17284,133,23,10,2025-07-22,2025-07-24,2025-08-02
17285,133,12,10,2025-08-04,2025-08-05,2025-08-15
17286,133,11,10,2025-08-12,2025-08-14,2025-08-23
17287,133,11,10,2025-08-14,2025-08-16,2025-08-25
17288,133,11,10,2025-08-27,2025-08-28,2025-09-07
17289,133,23,10,2025-08-30,2025-09-01,2025-09-10
17290,133,11,10,2025-09-12,2025-09-14,2025-09-23
17291,133,23,10,2025-09-15,2025-09-16,2025-09-26
17292,133,12,10,2025-09-26,2025-09-29,2025-10-07
17293,133,11,10,2025-10-04,2025-10-06,2025-10-15
17294,133,23,10,2025-10-13,2025-10-14,2025-10-24
17295,133,12,10,2025-10-21,2025-10-24,2025-11-01
17296,133,11,10,2025-10-29,2025-10-31,2025-11-09
17297,133,23,10,2025-11-01,2025-11-02,2025-11-12
17298,133,23,10,2025-11-09,2025-11-11,2025-11-20
17299,133,23,10,2025-11-20,2025-11-21,2025-12-01
17300,133,11,10,2025-11-29,2025-11-30,2025-12-10
17301,133,23,10,2025-12-04,2025-12-05,2025-12-15
17302,133,23,10,2025-12-14,2025-12-16,2025-12-25
17303,133,12,10,2025-12-23,2025-12-24,2026-01-03
17304,133,11,10,2025-12-29,2025-12-30,2026-01-09
17305,133,12,10,2026-01-09,2026-01-12,2026-01-20
17306,133,11,10,2026-01-17,2026-01-19,2026-01-28
17307,133,11,10,2026-01-21,2026-01-24,2026-02-01
17308,133,12,10,2026-01-31,2026-02-01,2026-02-11
17309,133,11,10,2026-02-09,2026-02-12,2026-02-20
17310,133,23,10,2026-02-19,2026-02-20,2026-03-02
17311,133,11,10,2026-02-28,2026-03-03,2026-03-11
17312,133,23,10,2026-03-01,2026-03-03,2026-03-12
17313,133,12,10,2026-03-11,2026-03-14,2026-03-22
17314,133,23,10,2026-03-22,2026-03-23,2026-04-02
17315,133,12,10,2026-03-31,2026-04-01,2026-04-11
17316,133,11,10,2026-04-02,2026-04-03,2026-04-13
17317,133,11,10,2026-04-10,2026-04-11,2026-04-21
17318,133,11,10,2026-04-23,2026-04-26,2026-05-04
17319,133,23,10,2026-04-30,2026-05-01,2026-05-11
17320,133,23,10,2026-05-06,2026-05-08,2026-05-17
17321,133,12,10,2026-05-13,2026-05-16,2026-05-24
17322,133,23,10,2026-05-23,2026-05-24,2026-06-03
17323,133,23,10,2026-06-02,2026-06-04,2026-06-13
17324,133,23,10,2026-06-11,2026-06-14,2026-06-22
17325,133,23,10,2026-06-13,2026-06-14,2026-06-24
17326,133,11,10,2026-06-23,2026-06-24,2026-07-04
17327,133,11,10,2026-06-30,2026-07-03,2026-07-11
17328,134,5,5,2024-08-08,2024-08-10,2025-01-27
17329,134,5,5,2024-10-22,2024-10-25,2025-04-12
17330,134,5,5,2025-02-15,2025-02-16,2025-08-06
17331,134,23,4,2025-03-16,2025-03-17,2025-09-04
17332,134,23,4,2025-07-28,2025-07-29,2026-01-16
17333,134,23,4,2025-10-07,2025-10-08,2026-03-28
17334,134,23,5,2025-12-09,2025-12-11,2026-05-30
17335,134,23,4,2026-05-07,2026-05-10,2026-10-26
17336,135,3,3,2024-07-02,2024-07-05,2024-07-12
17337,135,3,1,2024-07-10,2024-07-11,2024-07-20
17338,135,3,1,2024-07-18,2024-07-19,2024-07-28
17339,135,3,1,2024-07-24,2024-07-25,2024-08-03
17340,135,3,3,2024-08-04,2024-08-06,2024-08-14
17341,135,3,1,2024-08-09,2024-08-12,2024-08-19
17342,135,3,1,2024-08-16,2024-08-17,2024-08-26
17343,135,3,3,2024-08-25,2024-08-26,2024-09-04
17344,135,3,1,2024-08-29,2024-08-31,2024-09-08
17345,135,3,3,2024-09-07,2024-09-09,2024-09-17
17346,135,3,3,2024-09-11,2024-09-12,2024-09-21
17347,135,3,3,2024-09-19,2024-09-22,2024-09-29
17348,135,3,3,2024-09-27,2024-09-28,2024-10-07
17349,135,3,3,2024-10-03,2024-10-06,2024-10-13
17350,135,3,1,2024-10-13,2024-10-16,2024-10-23
17351,135,3,1,2024-10-16,2024-10-17,2024-10-26
17352,135,3,1,2024-10-23,2024-10-26,2024-11-02
17353,135,3,1,2024-10-30,2024-11-02,2024-11-09
17354,135,3,1,2024-11-05,2024-11-07,2024-11-15
17355,135,3,1,2024-11-16,2024-11-18,2024-11-26
17356,135,3,1,2024-11-24,2024-11-25,2024-12-04
17357,135,3,3,2024-11-30,2024-12-03,2024-12-10
17358,135,3,3,2024-12-06,2024-12-08,2024-12-16
17359,135,3,3,2024-12-12,2024-12-15,2024-12-22
17360,135,3,1,2024-12-19,2024-12-21,2024-12-29
17361,135,3,1,2024-12-29,2025-01-01,2025-01-08
17362,135,3,1,2024-12-30,2025-01-02,2025-01-09
17363,135,3,1,2025-01-12,2025-01-13,2025-01-22
17364,135,3,1,2025-01-15,2025-01-17,2025-01-25
17365,135,3,3,2025-01-20,2025-01-21,2025-01-30
17366,135,3,3,2025-01-29,2025-01-31,2025-02-08
17367,135,3,1,2025-02-08,2025-02-09,2025-02-18
17368,135,3,1,2025-02-15,2025-02-18,2025-02-25
17369,135,3,1,2025-02-21,2025-02-23,2025-03-03
17370,135,3,1,2025-02-28,2025-03-03,2025-03-10
17371,135,3,1,2025-03-06,2025-03-09,2025-03-16
17372,135,3,1,2025-03-16,2025-03-18,2025-03-26
17373,135,3,3,2025-03-21,2025-03-24,2025-03-31
17374,135,3,3,2025-03-26,2025-03-27,2025-04-05
17375,135,3,3,2025-04-05,2025-04-06,2025-04-15
17376,135,3,1,2025-04-09,2025-04-10,2025-04-19
17377,135,3,1,2025-04-20,2025-04-23,2025-04-30
17378,135,3,3,2025-04-21,2025-04-22,2025-05-01
17379,135,3,1,2025-05-02,2025-05-04,2025-05-12
17380,135,3,3,2025-05-11,2025-05-13,2025-05-21
17381,135,3,3,2025-05-17,2025-05-20,2025-05-27
17382,135,3,3,2025-05-22,2025-05-23,2025-06-01
17383,135,3,3,2025-05-27,2025-05-30,2025-06-06
17384,135,3,3,2025-06-06,2025-06-09,2025-06-16
17385,135,3,1,2025-06-15,2025-06-16,2025-06-25
17386,135,3,3,2025-06-18,2025-06-20,2025-06-28
17387,135,3,3,2025-06-25,2025-06-26,2025-07-05
17388,135,3,1,2025-07-06,2025-07-09,2025-07-16
17389,135,3,3,2025-07-11,2025-07-14,2025-07-21
17390,135,3,3,2025-07-19,2025-07-21,2025-07-29
17391,135,3,1,2025-07-25,2025-07-26,2025-08-04
17392,135,3,3,2025-07-28,2025-07-29,2025-08-07
17393,135,3,3,2025-08-09,2025-08-12,2025-08-19
17394,135,3,3,2025-08-17,2025-08-19,2025-08-27
17395,135,3,3,2025-08-18,2025-08-20,2025-08-28
17396,135,3,3,2025-08-28,2025-08-29,2025-09-07
17397,135,3,3,2025-09-01,2025-09-04,2025-09-11
17398,135,3,3,2025-09-11,2025-09-14,2025-09-21
17399,135,3,3,2025-09-15,2025-09-18,2025-09-25
17400,135,3,1,2025-09-25,2025-09-28,2025-10-05
17401,135,3,1,2025-10-04,2025-10-06,2025-10-14
17402,135,3,1,2025-10-09,2025-10-11,2025-10-19
17403,135,3,3,2025-10-17,2025-10-20,2025-10-27
17404,135,3,3,2025-10-20,2025-10-23,2025-10-30
17405,135,3,1,2025-10-28,2025-10-30,2025-11-07
17406,135,3,1,2025-11-06,2025-11-09,2025-11-16
17407,135,3,1,2025-11-15,2025-11-18,2025-11-25
17408,135,3,3,2025-11-17,2025-11-19,2025-11-27
17409,135,3,1,2025-11-29,2025-11-30,2025-12-09
17410,135,3,1,2025-12-07,2025-12-09,2025-12-17
17411,135,3,1,2025-12-09,2025-12-11,2025-12-19
17412,135,3,3,2025-12-17,2025-12-20,2025-12-27
17413,135,3,1,2025-12-28,2025-12-31,2026-01-07
17414,135,3,3,2025-12-31,2026-01-03,2026-01-10
17415,135,3,3,2026-01-11,2026-01-13,2026-01-21
17416,135,3,3,2026-01-15,2026-01-16,2026-01-25
17417,135,3,3,2026-01-20,2026-01-23,2026-01-30
17418,135,3,1,2026-01-27,2026-01-28,2026-02-06
17419,135,3,3,2026-02-05,2026-02-06,2026-02-15
17420,135,3,1,2026-02-11,2026-02-12,2026-02-21
17421,135,3,1,2026-02-18,2026-02-19,2026-02-28
17422,135,3,1,2026-03-01,2026-03-02,2026-03-11
17423,135,3,3,2026-03-03,2026-03-04,2026-03-13
17424,135,3,1,2026-03-15,2026-03-18,2026-03-25
17425,135,3,3,2026-03-20,2026-03-22,2026-03-30
17426,135,3,1,2026-03-28,2026-03-30,2026-04-07
17427,135,3,1,2026-04-05,2026-04-06,2026-04-15
17428,135,3,1,2026-04-12,2026-04-15,2026-04-22
17429,135,3,3,2026-04-13,2026-04-16,2026-04-23
17430,135,3,3,2026-04-22,2026-04-24,2026-05-02
17431,135,3,1,2026-04-29,2026-04-30,2026-05-09
17432,135,3,3,2026-05-06,2026-05-08,2026-05-16
17433,135,3,1,2026-05-12,2026-05-15,2026-05-22
17434,135,3,3,2026-05-23,2026-05-26,2026-06-02
17435,135,3,3,2026-05-31,2026-06-02,2026-06-10
17436,135,3,1,2026-06-01,2026-06-02,2026-06-11
17437,135,3,1,2026-06-08,2026-06-09,2026-06-18
17438,135,3,1,2026-06-15,2026-06-17,2026-06-25
17439,135,3,1,2026-06-24,2026-06-27,2026-07-04
17440,135,3,3,2026-06-30,2026-07-03,2026-07-10
17441,135,3,4,2024-07-02,2024-07-05,2024-07-12
17442,135,3,4,2024-07-10,2024-07-12,2024-07-20
17443,135,3,4,2024-07-17,2024-07-18,2024-07-27
17444,135,3,4,2024-07-25,2024-07-27,2024-08-04
17445,135,3,4,2024-08-03,2024-08-04,2024-08-13
17446,135,3,4,2024-08-07,2024-08-08,2024-08-17
17447,135,3,4,2024-08-13,2024-08-14,2024-08-23
17448,135,3,4,2024-08-25,2024-08-26,2024-09-04
17449,135,3,4,2024-08-29,2024-08-30,2024-09-08
17450,135,3,4,2024-09-04,2024-09-05,2024-09-14
17451,135,3,4,2024-09-10,2024-09-12,2024-09-20
17452,135,3,4,2024-09-21,2024-09-23,2024-10-01
17453,135,3,4,2024-09-27,2024-09-30,2024-10-07
17454,135,3,4,2024-10-05,2024-10-06,2024-10-15
17455,135,3,4,2024-10-12,2024-10-15,2024-10-22
17456,135,3,4,2024-10-20,2024-10-21,2024-10-30
17457,135,3,4,2024-10-26,2024-10-28,2024-11-05
17458,135,3,4,2024-10-28,2024-10-30,2024-11-07
17459,135,3,4,2024-11-08,2024-11-10,2024-11-18
17460,135,3,4,2024-11-12,2024-11-14,2024-11-22
17461,135,3,4,2024-11-23,2024-11-25,2024-12-03
17462,135,3,4,2024-11-27,2024-11-29,2024-12-07
17463,135,3,4,2024-12-03,2024-12-06,2024-12-13
17464,135,3,4,2024-12-13,2024-12-15,2024-12-23
17465,135,3,4,2024-12-18,2024-12-21,2024-12-28
17466,135,3,4,2024-12-24,2024-12-26,2025-01-03
17467,135,3,4,2025-01-04,2025-01-05,2025-01-14
17468,135,3,4,2025-01-11,2025-01-13,2025-01-21
17469,135,3,4,2025-01-13,2025-01-15,2025-01-23
17470,135,3,4,2025-01-23,2025-01-24,2025-02-02
17471,135,3,4,2025-02-01,2025-02-04,2025-02-11
17472,135,3,4,2025-02-04,2025-02-05,2025-02-14
17473,135,3,4,2025-02-15,2025-02-16,2025-02-25
17474,135,3,4,2025-02-21,2025-02-22,2025-03-03
17475,135,3,4,2025-03-01,2025-03-04,2025-03-11
17476,135,3,4,2025-03-08,2025-03-10,2025-03-18
17477,135,3,4,2025-03-13,2025-03-15,2025-03-23
17478,135,3,4,2025-03-22,2025-03-25,2025-04-01
17479,135,3,4,2025-03-25,2025-03-27,2025-04-04
17480,135,3,4,2025-04-05,2025-04-07,2025-04-15
17481,135,3,4,2025-04-11,2025-04-13,2025-04-21
17482,135,3,4,2025-04-20,2025-04-21,2025-04-30
17483,135,3,4,2025-04-21,2025-04-22,2025-05-01
17484,135,3,4,2025-04-30,2025-05-01,2025-05-10
17485,135,3,4,2025-05-10,2025-05-12,2025-05-20
17486,135,3,4,2025-05-17,2025-05-18,2025-05-27
17487,135,3,4,2025-05-25,2025-05-28,2025-06-04
17488,135,3,4,2025-05-27,2025-05-30,2025-06-06
17489,135,3,4,2025-06-07,2025-06-09,2025-06-17
17490,135,3,4,2025-06-11,2025-06-13,2025-06-21
17491,135,3,4,2025-06-16,2025-06-19,2025-06-26
17492,135,3,4,2025-06-24,2025-06-26,2025-07-04
17493,135,3,4,2025-06-30,2025-07-03,2025-07-10
17494,135,3,4,2025-07-13,2025-07-15,2025-07-23
17495,135,3,4,2025-07-17,2025-07-18,2025-07-27
17496,135,3,4,2025-07-21,2025-07-24,2025-07-31
17497,135,3,4,2025-07-28,2025-07-29,2025-08-07
17498,135,3,4,2025-08-05,2025-08-06,2025-08-15
17499,135,3,4,2025-08-11,2025-08-14,2025-08-21
17500,135,3,4,2025-08-20,2025-08-22,2025-08-30
17501,135,3,4,2025-08-27,2025-08-28,2025-09-06
17502,135,3,4,2025-09-02,2025-09-05,2025-09-12
17503,135,3,4,2025-09-11,2025-09-14,2025-09-21
17504,135,3,4,2025-09-19,2025-09-22,2025-09-29
17505,135,3,4,2025-09-25,2025-09-26,2025-10-05
17506,135,3,4,2025-10-01,2025-10-02,2025-10-11
17507,135,3,4,2025-10-10,2025-10-12,2025-10-20
17508,135,3,4,2025-10-13,2025-10-15,2025-10-23
17509,135,3,4,2025-10-26,2025-10-28,2025-11-05
17510,135,3,4,2025-10-31,2025-11-02,2025-11-10
17511,135,3,4,2025-11-03,2025-11-04,2025-11-13
17512,135,3,4,2025-11-10,2025-11-12,2025-11-20
17513,135,3,4,2025-11-21,2025-11-23,2025-12-01
17514,135,3,4,2025-11-27,2025-11-30,2025-12-07
17515,135,3,4,2025-12-02,2025-12-04,2025-12-12
17516,135,3,4,2025-12-10,2025-12-11,2025-12-20
17517,135,3,4,2025-12-15,2025-12-18,2025-12-25
17518,135,3,4,2025-12-25,2025-12-28,2026-01-04
17519,135,3,4,2025-12-30,2026-01-01,2026-01-09
17520,135,3,4,2026-01-09,2026-01-12,2026-01-19
17521,135,3,4,2026-01-12,2026-01-13,2026-01-22
17522,135,3,4,2026-01-24,2026-01-26,2026-02-03
17523,135,3,4,2026-01-30,2026-01-31,2026-02-09
17524,135,3,4,2026-02-08,2026-02-11,2026-02-18
17525,135,3,4,2026-02-10,2026-02-12,2026-02-20
17526,135,3,4,2026-02-20,2026-02-22,2026-03-02
17527,135,3,4,2026-02-24,2026-02-26,2026-03-06
17528,135,3,4,2026-03-04,2026-03-07,2026-03-14
17529,135,3,4,2026-03-10,2026-03-13,2026-03-20
17530,135,3,4,2026-03-18,2026-03-19,2026-03-28
17531,135,3,4,2026-03-28,2026-03-29,2026-04-07
17532,135,3,4,2026-03-31,2026-04-03,2026-04-10
17533,135,3,4,2026-04-12,2026-04-14,2026-04-22
17534,135,3,4,2026-04-13,2026-04-16,2026-04-23
17535,135,3,4,2026-04-24,2026-04-26,2026-05-04
17536,135,3,4,2026-05-03,2026-05-06,2026-05-13
17537,135,3,4,2026-05-05,2026-05-07,2026-05-15
17538,135,3,4,2026-05-13,2026-05-14,2026-05-23
17539,135,3,4,2026-05-20,2026-05-23,2026-05-30
17540,135,3,4,2026-05-26,2026-05-29,2026-06-05
17541,135,3,4,2026-06-04,2026-06-06,2026-06-14
17542,135,3,4,2026-06-09,2026-06-10,2026-06-19
17543,135,3,4,2026-06-18,2026-06-20,2026-06-28
17544,135,3,4,2026-06-27,2026-06-29,2026-07-07
17545,135,3,5,2024-07-06,2024-07-07,2024-07-16
17546,135,3,5,2024-07-11,2024-07-13,2024-07-21
17547,135,3,5,2024-07-19,2024-07-22,2024-07-29
17548,135,3,5,2024-07-28,2024-07-29,2024-08-07
17549,135,3,5,2024-08-01,2024-08-03,2024-08-11
17550,135,3,5,2024-08-10,2024-08-12,2024-08-20
17551,135,3,5,2024-08-14,2024-08-17,2024-08-24
17552,135,3,5,2024-08-21,2024-08-24,2024-08-31
17553,135,3,5,2024-08-31,2024-09-01,2024-09-10
17554,135,3,5,2024-09-05,2024-09-06,2024-09-15
17555,135,3,5,2024-09-13,2024-09-15,2024-09-23
17556,135,3,5,2024-09-18,2024-09-21,2024-09-28
17557,135,3,5,2024-09-23,2024-09-24,2024-10-03
17558,135,3,5,2024-10-04,2024-10-05,2024-10-14
17559,135,3,5,2024-10-10,2024-10-12,2024-10-20
17560,135,3,5,2024-10-19,2024-10-20,2024-10-29
17561,135,3,5,2024-10-23,2024-10-26,2024-11-02
17562,135,3,5,2024-11-01,2024-11-04,2024-11-11
17563,135,3,5,2024-11-05,2024-11-06,2024-11-15
17564,135,3,5,2024-11-16,2024-11-17,2024-11-26
17565,135,3,5,2024-11-23,2024-11-24,2024-12-03
17566,135,3,5,2024-11-28,2024-11-29,2024-12-08
17567,135,3,5,2024-12-04,2024-12-05,2024-12-14
17568,135,3,5,2024-12-15,2024-12-17,2024-12-25
17569,135,3,5,2024-12-17,2024-12-19,2024-12-27
17570,135,3,5,2024-12-24,2024-12-25,2025-01-03
17571,135,3,5,2025-01-03,2025-01-06,2025-01-13
17572,135,3,5,2025-01-07,2025-01-10,2025-01-17
17573,135,3,5,2025-01-18,2025-01-19,2025-01-28
17574,135,3,5,2025-01-24,2025-01-25,2025-02-03
17575,135,3,5,2025-01-31,2025-02-03,2025-02-10
17576,135,3,5,2025-02-09,2025-02-12,2025-02-19
17577,135,3,5,2025-02-12,2025-02-15,2025-02-22
17578,135,3,5,2025-02-23,2025-02-25,2025-03-05
17579,135,3,5,2025-02-28,2025-03-01,2025-03-10
17580,135,3,5,2025-03-05,2025-03-07,2025-03-15
17581,135,3,5,2025-03-16,2025-03-19,2025-03-26
17582,135,3,5,2025-03-22,2025-03-25,2025-04-01
17583,135,3,5,2025-03-30,2025-04-01,2025-04-09
17584,135,3,5,2025-04-03,2025-04-06,2025-04-13
17585,135,3,5,2025-04-10,2025-04-12,2025-04-20
17586,135,3,5,2025-04-16,2025-04-19,2025-04-26
17587,135,3,5,2025-04-27,2025-04-28,2025-05-07
17588,135,3,5,2025-05-03,2025-05-04,2025-05-13
17589,135,3,5,2025-05-05,2025-05-08,2025-05-15
17590,135,3,5,2025-05-14,2025-05-15,2025-05-24
17591,135,3,5,2025-05-24,2025-05-26,2025-06-03
17592,135,3,5,2025-05-27,2025-05-30,2025-06-06
17593,135,3,5,2025-06-07,2025-06-10,2025-06-17
17594,135,3,5,2025-06-10,2025-06-11,2025-06-20
17595,135,3,5,2025-06-22,2025-06-25,2025-07-02
17596,135,3,5,2025-06-24,2025-06-27,2025-07-04
17597,135,3,5,2025-07-06,2025-07-08,2025-07-16
17598,135,3,5,2025-07-08,2025-07-10,2025-07-18
17599,135,3,5,2025-07-15,2025-07-16,2025-07-25
17600,135,3,5,2025-07-21,2025-07-22,2025-07-31
17601,135,3,5,2025-07-28,2025-07-30,2025-08-07
17602,135,3,5,2025-08-08,2025-08-10,2025-08-18
17603,135,3,5,2025-08-13,2025-08-15,2025-08-23
17604,135,3,5,2025-08-22,2025-08-24,2025-09-01
17605,135,3,5,2025-08-29,2025-08-30,2025-09-08
17606,135,3,5,2025-09-04,2025-09-06,2025-09-14
17607,135,3,5,2025-09-09,2025-09-11,2025-09-19
17608,135,3,5,2025-09-18,2025-09-19,2025-09-28
17609,135,3,5,2025-09-23,2025-09-26,2025-10-03
17610,135,3,5,2025-10-04,2025-10-07,2025-10-14
17611,135,3,5,2025-10-07,2025-10-10,2025-10-17
17612,135,3,5,2025-10-18,2025-10-20,2025-10-28
17613,135,3,5,2025-10-23,2025-10-26,2025-11-02
17614,135,3,5,2025-11-01,2025-11-02,2025-11-11
17615,135,3,5,2025-11-04,2025-11-05,2025-11-14
17616,135,3,5,2025-11-11,2025-11-13,2025-11-21
17617,135,3,5,2025-11-22,2025-11-23,2025-12-02
17618,135,3,5,2025-11-25,2025-11-28,2025-12-05
17619,135,3,5,2025-12-07,2025-12-10,2025-12-17
17620,135,3,5,2025-12-14,2025-12-16,2025-12-24
17621,135,3,5,2025-12-16,2025-12-19,2025-12-26
17622,135,3,5,2025-12-27,2025-12-28,2026-01-06
17623,135,3,5,2025-12-29,2025-12-31,2026-01-08
17624,135,3,5,2026-01-07,2026-01-08,2026-01-17
17625,135,3,5,2026-01-18,2026-01-20,2026-01-28
17626,135,3,5,2026-01-19,2026-01-22,2026-01-29
17627,135,3,5,2026-01-28,2026-01-30,2026-02-07
17628,135,3,5,2026-02-06,2026-02-07,2026-02-16
17629,135,3,5,2026-02-13,2026-02-15,2026-02-23
17630,135,3,5,2026-02-17,2026-02-18,2026-02-27
17631,135,3,5,2026-02-23,2026-02-24,2026-03-05
17632,135,3,5,2026-03-04,2026-03-05,2026-03-14
17633,135,3,5,2026-03-12,2026-03-15,2026-03-22
17634,135,3,5,2026-03-17,2026-03-19,2026-03-27
17635,135,3,5,2026-03-28,2026-03-31,2026-04-07
17636,135,3,5,2026-04-04,2026-04-06,2026-04-14
17637,135,3,5,2026-04-12,2026-04-13,2026-04-22
17638,135,3,5,2026-04-18,2026-04-19,2026-04-28
17639,135,3,5,2026-04-26,2026-04-27,2026-05-06
17640,135,3,5,2026-05-02,2026-05-04,2026-05-12
17641,135,3,5,2026-05-04,2026-05-07,2026-05-14
17642,135,3,5,2026-05-11,2026-05-14,2026-05-21
17643,135,3,5,2026-05-18,2026-05-19,2026-05-28
17644,135,3,5,2026-05-27,2026-05-28,2026-06-06
17645,135,3,5,2026-06-06,2026-06-09,2026-06-16
17646,135,3,5,2026-06-11,2026-06-12,2026-06-21
17647,135,3,5,2026-06-19,2026-06-21,2026-06-29
17648,135,3,5,2026-06-26,2026-06-28,2026-07-06
17649,135,3,5,2026-06-30,2026-07-02,2026-07-10
17650,135,3,7,2024-07-02,2024-07-04,2024-07-12
17651,135,3,9,2024-07-13,2024-07-15,2024-07-23
17652,135,3,9,2024-07-15,2024-07-17,2024-07-25
17653,135,3,9,2024-07-23,2024-07-24,2024-08-02
17654,135,3,9,2024-08-02,2024-08-03,2024-08-12
17655,135,3,7,2024-08-08,2024-08-11,2024-08-18
17656,135,3,9,2024-08-18,2024-08-20,2024-08-28
17657,135,3,7,2024-08-25,2024-08-28,2024-09-04
17658,135,3,9,2024-08-30,2024-08-31,2024-09-09
17659,135,3,7,2024-09-02,2024-09-05,2024-09-12
17660,135,3,9,2024-09-14,2024-09-15,2024-09-24
17661,135,3,9,2024-09-17,2024-09-20,2024-09-27
17662,135,3,9,2024-09-29,2024-09-30,2024-10-09
17663,135,3,9,2024-10-01,2024-10-02,2024-10-11
17664,135,3,9,2024-10-12,2024-10-15,2024-10-22
17665,135,3,9,2024-10-16,2024-10-19,2024-10-26
17666,135,3,7,2024-10-22,2024-10-23,2024-11-01
17667,135,3,9,2024-10-29,2024-10-31,2024-11-08
17668,135,3,7,2024-11-09,2024-11-11,2024-11-19
17669,135,3,9,2024-11-15,2024-11-16,2024-11-25
17670,135,3,7,2024-11-23,2024-11-26,2024-12-03
17671,135,3,7,2024-11-26,2024-11-27,2024-12-06
17672,135,3,9,2024-12-07,2024-12-08,2024-12-17
17673,135,3,9,2024-12-13,2024-12-16,2024-12-23
17674,135,3,9,2024-12-19,2024-12-20,2024-12-29
17675,135,3,7,2024-12-24,2024-12-26,2025-01-03
17676,135,3,9,2025-01-03,2025-01-04,2025-01-13
17677,135,3,9,2025-01-10,2025-01-11,2025-01-20
17678,135,3,7,2025-01-17,2025-01-18,2025-01-27
17679,135,3,7,2025-01-20,2025-01-23,2025-01-30
17680,135,3,9,2025-01-31,2025-02-02,2025-02-10
17681,135,3,7,2025-02-05,2025-02-07,2025-02-15
17682,135,3,9,2025-02-16,2025-02-17,2025-02-26
17683,135,3,9,2025-02-20,2025-02-23,2025-03-02
17684,135,3,7,2025-02-24,2025-02-25,2025-03-06
17685,135,3,7,2025-03-05,2025-03-08,2025-03-15
17686,135,3,7,2025-03-13,2025-03-15,2025-03-23
17687,135,3,7,2025-03-20,2025-03-23,2025-03-30
17688,135,3,7,2025-03-27,2025-03-29,2025-04-06
17689,135,3,9,2025-04-02,2025-04-04,2025-04-12
17690,135,3,9,2025-04-12,2025-04-14,2025-04-22
17691,135,3,9,2025-04-15,2025-04-16,2025-04-25
17692,135,3,7,2025-04-25,2025-04-27,2025-05-05
17693,135,3,7,2025-05-01,2025-05-02,2025-05-11
17694,135,3,7,2025-05-05,2025-05-08,2025-05-15
17695,135,3,9,2025-05-18,2025-05-19,2025-05-28
17696,135,3,7,2025-05-21,2025-05-22,2025-05-31
17697,135,3,7,2025-06-01,2025-06-02,2025-06-11
17698,135,3,9,2025-06-05,2025-06-06,2025-06-15
17699,135,3,9,2025-06-12,2025-06-13,2025-06-22
17700,135,3,7,2025-06-17,2025-06-19,2025-06-27
17701,135,3,9,2025-06-28,2025-06-29,2025-07-08
17702,135,3,9,2025-07-04,2025-07-06,2025-07-14
17703,135,3,9,2025-07-13,2025-07-15,2025-07-23
17704,135,3,9,2025-07-14,2025-07-16,2025-07-24
17705,135,3,7,2025-07-26,2025-07-27,2025-08-05
17706,135,3,9,2025-08-01,2025-08-04,2025-08-11
17707,135,3,9,2025-08-07,2025-08-08,2025-08-17
17708,135,3,7,2025-08-17,2025-08-18,2025-08-27
17709,135,3,9,2025-08-22,2025-08-23,2025-09-01
17710,135,3,7,2025-08-29,2025-08-31,2025-09-08
17711,135,3,7,2025-09-05,2025-09-08,2025-09-15
17712,135,3,7,2025-09-08,2025-09-09,2025-09-18
17713,135,3,7,2025-09-19,2025-09-22,2025-09-29
17714,135,3,7,2025-09-27,2025-09-28,2025-10-07
17715,135,3,9,2025-10-02,2025-10-05,2025-10-12
17716,135,3,7,2025-10-11,2025-10-14,2025-10-21
17717,135,3,7,2025-10-17,2025-10-20,2025-10-27
17718,135,3,9,2025-10-21,2025-10-22,2025-10-31
17719,135,3,9,2025-10-27,2025-10-28,2025-11-06
17720,135,3,9,2025-11-04,2025-11-05,2025-11-14
17721,135,3,9,2025-11-12,2025-11-15,2025-11-22
17722,135,3,9,2025-11-18,2025-11-21,2025-11-28
17723,135,3,7,2025-11-24,2025-11-26,2025-12-04
17724,135,3,9,2025-12-03,2025-12-06,2025-12-13
17725,135,3,7,2025-12-11,2025-12-12,2025-12-21
17726,135,3,9,2025-12-20,2025-12-22,2025-12-30
17727,135,3,9,2025-12-22,2025-12-25,2026-01-01
17728,135,3,7,2025-12-29,2025-12-30,2026-01-08
17729,135,3,7,2026-01-06,2026-01-08,2026-01-16
17730,135,3,9,2026-01-17,2026-01-20,2026-01-27
17731,135,3,7,2026-01-22,2026-01-25,2026-02-01
17732,135,3,7,2026-02-01,2026-02-04,2026-02-11
17733,135,3,7,2026-02-05,2026-02-08,2026-02-15
17734,135,3,9,2026-02-15,2026-02-18,2026-02-25
17735,135,3,7,2026-02-18,2026-02-19,2026-02-28
17736,135,3,7,2026-02-27,2026-02-28,2026-03-09
17737,135,3,7,2026-03-05,2026-03-08,2026-03-15
17738,135,3,9,2026-03-11,2026-03-12,2026-03-21
17739,135,3,7,2026-03-21,2026-03-24,2026-03-31
17740,135,3,9,2026-03-26,2026-03-29,2026-04-05
17741,135,3,7,2026-04-01,2026-04-03,2026-04-11
17742,135,3,9,2026-04-09,2026-04-11,2026-04-19
17743,135,3,9,2026-04-13,2026-04-15,2026-04-23
17744,135,3,9,2026-04-20,2026-04-21,2026-04-30
17745,135,3,9,2026-04-29,2026-05-02,2026-05-09
17746,135,3,7,2026-05-10,2026-05-11,2026-05-20
17747,135,3,9,2026-05-12,2026-05-15,2026-05-22
17748,135,3,7,2026-05-24,2026-05-27,2026-06-03
17749,135,3,9,2026-05-29,2026-05-30,2026-06-08
17750,135,3,7,2026-06-03,2026-06-05,2026-06-13
17751,135,3,9,2026-06-14,2026-06-15,2026-06-24
17752,135,3,9,2026-06-17,2026-06-18,2026-06-27
17753,135,3,7,2026-06-28,2026-07-01,2026-07-08
17754,135,3,10,2024-07-04,2024-07-07,2024-07-14
17755,135,3,10,2024-07-11,2024-07-13,2024-07-21
17756,135,3,10,2024-07-17,2024-07-18,2024-07-27
17757,135,3,10,2024-07-24,2024-07-27,2024-08-03
17758,135,3,10,2024-08-04,2024-08-06,2024-08-14
17759,135,3,10,2024-08-10,2024-08-12,2024-08-20
17760,135,3,10,2024-08-14,2024-08-15,2024-08-24
17761,135,3,10,2024-08-23,2024-08-24,2024-09-02
17762,135,3,10,2024-08-27,2024-08-29,2024-09-06
17763,135,3,10,2024-09-03,2024-09-05,2024-09-13
17764,135,3,10,2024-09-14,2024-09-16,2024-09-24
17765,135,3,10,2024-09-19,2024-09-22,2024-09-29
17766,135,3,10,2024-09-25,2024-09-26,2024-10-05
17767,135,3,10,2024-10-02,2024-10-04,2024-10-12
17768,135,3,10,2024-10-07,2024-10-10,2024-10-17
17769,135,3,10,2024-10-16,2024-10-19,2024-10-26
17770,135,3,10,2024-10-21,2024-10-24,2024-10-31
17771,135,3,10,2024-10-28,2024-10-30,2024-11-07
17772,135,3,10,2024-11-09,2024-11-12,2024-11-19
17773,135,3,10,2024-11-12,2024-11-15,2024-11-22
17774,135,3,10,2024-11-24,2024-11-26,2024-12-04
17775,135,3,10,2024-11-25,2024-11-28,2024-12-05
17776,135,3,10,2024-12-04,2024-12-07,2024-12-14
17777,135,3,10,2024-12-14,2024-12-16,2024-12-24
17778,135,3,10,2024-12-17,2024-12-18,2024-12-27
17779,135,3,10,2024-12-27,2024-12-30,2025-01-06
17780,135,3,10,2025-01-04,2025-01-07,2025-01-14
17781,135,3,10,2025-01-11,2025-01-14,2025-01-21
17782,135,3,10,2025-01-14,2025-01-17,2025-01-24
17783,135,3,10,2025-01-26,2025-01-29,2025-02-05
17784,135,3,10,2025-01-30,2025-02-01,2025-02-09
17785,135,3,10,2025-02-03,2025-02-04,2025-02-13
17786,135,3,10,2025-02-16,2025-02-18,2025-02-26
17787,135,3,10,2025-02-18,2025-02-20,2025-02-28
17788,135,3,10,2025-03-02,2025-03-04,2025-03-12
17789,135,3,10,2025-03-03,2025-03-06,2025-03-13
17790,135,3,10,2025-03-10,2025-03-12,2025-03-20
17791,135,3,10,2025-03-18,2025-03-21,2025-03-28
17792,135,3,10,2025-03-25,2025-03-26,2025-04-04
17793,135,3,10,2025-04-02,2025-04-05,2025-04-12
17794,135,3,10,2025-04-12,2025-04-15,2025-04-22
17795,135,3,10,2025-04-20,2025-04-22,2025-04-30
17796,135,3,10,2025-04-26,2025-04-28,2025-05-06
17797,135,3,10,2025-05-02,2025-05-03,2025-05-12
17798,135,3,10,2025-05-06,2025-05-08,2025-05-16
17799,135,3,10,2025-05-18,2025-05-20,2025-05-28
17800,135,3,10,2025-05-20,2025-05-23,2025-05-30
17801,135,3,10,2025-05-30,2025-06-02,2025-06-09
17802,135,3,10,2025-06-04,2025-06-07,2025-06-14
17803,135,3,10,2025-06-09,2025-06-11,2025-06-19
17804,135,3,10,2025-06-20,2025-06-21,2025-06-30
17805,135,3,10,2025-06-23,2025-06-26,2025-07-03
17806,135,3,10,2025-06-30,2025-07-01,2025-07-10
17807,135,3,10,2025-07-13,2025-07-14,2025-07-23
17808,135,3,10,2025-07-16,2025-07-18,2025-07-26
17809,135,3,10,2025-07-27,2025-07-28,2025-08-06
17810,135,3,10,2025-07-30,2025-07-31,2025-08-09
17811,135,3,10,2025-08-04,2025-08-05,2025-08-14
17812,135,3,10,2025-08-14,2025-08-17,2025-08-24
17813,135,3,10,2025-08-24,2025-08-27,2025-09-03
17814,135,3,10,2025-08-29,2025-08-31,2025-09-08
17815,135,3,10,2025-09-02,2025-09-03,2025-09-12
17816,135,3,10,2025-09-09,2025-09-12,2025-09-19
17817,135,3,10,2025-09-16,2025-09-17,2025-09-26
17818,135,3,10,2025-09-25,2025-09-27,2025-10-05
17819,135,3,10,2025-10-01,2025-10-02,2025-10-11
17820,135,3,10,2025-10-08,2025-10-09,2025-10-18
17821,135,3,10,2025-10-14,2025-10-16,2025-10-24
17822,135,3,10,2025-10-26,2025-10-29,2025-11-05
17823,135,3,10,2025-11-02,2025-11-04,2025-11-12
17824,135,3,10,2025-11-03,2025-11-06,2025-11-13
17825,135,3,10,2025-11-16,2025-11-19,2025-11-26
17826,135,3,10,2025-11-21,2025-11-22,2025-12-01
17827,135,3,10,2025-11-25,2025-11-26,2025-12-05
17828,135,3,10,2025-12-04,2025-12-05,2025-12-14
17829,135,3,10,2025-12-11,2025-12-13,2025-12-21
17830,135,3,10,2025-12-16,2025-12-19,2025-12-26
17831,135,3,10,2025-12-24,2025-12-26,2026-01-03
17832,135,3,10,2025-12-30,2026-01-01,2026-01-09
17833,135,3,10,2026-01-11,2026-01-13,2026-01-21
17834,135,3,10,2026-01-17,2026-01-20,2026-01-27
17835,135,3,10,2026-01-22,2026-01-25,2026-02-01
17836,135,3,10,2026-01-30,2026-01-31,2026-02-09
17837,135,3,10,2026-02-04,2026-02-05,2026-02-14
17838,135,3,10,2026-02-09,2026-02-10,2026-02-19
17839,135,3,10,2026-02-21,2026-02-22,2026-03-03
17840,135,3,10,2026-02-28,2026-03-02,2026-03-10
17841,135,3,10,2026-03-03,2026-03-05,2026-03-13
17842,135,3,10,2026-03-09,2026-03-12,2026-03-19
17843,135,3,10,2026-03-16,2026-03-18,2026-03-26
17844,135,3,10,2026-03-27,2026-03-28,2026-04-06
17845,135,3,10,2026-04-02,2026-04-05,2026-04-12
17846,135,3,10,2026-04-06,2026-04-09,2026-04-16
17847,135,3,10,2026-04-13,2026-04-14,2026-04-23
17848,135,3,10,2026-04-20,2026-04-22,2026-04-30
17849,135,3,10,2026-05-03,2026-05-05,2026-05-13
17850,135,3,10,2026-05-09,2026-05-10,2026-05-19
17851,135,3,10,2026-05-14,2026-05-16,2026-05-24
17852,135,3,10,2026-05-19,2026-05-20,2026-05-29
17853,135,3,10,2026-05-28,2026-05-30,2026-06-07
17854,135,3,10,2026-06-07,2026-06-08,2026-06-17
17855,135,3,10,2026-06-12,2026-06-14,2026-06-22
17856,135,3,10,2026-06-19,2026-06-22,2026-06-29
17857,135,3,10,2026-06-25,2026-06-26,2026-07-05
17858,136,11,4,2024-08-12,2024-08-13,2024-12-13
17859,136,11,4,2024-10-12,2024-10-15,2025-02-12
17860,136,14,8,2024-12-13,2024-12-15,2025-04-15
17861,136,14,8,2025-02-03,2025-02-04,2025-06-06
17862,136,11,1,2025-03-14,2025-03-17,2025-07-15
17863,136,11,8,2025-05-20,2025-05-23,2025-09-20
17864,136,14,1,2025-07-28,2025-07-30,2025-11-28
17865,136,11,4,2025-10-17,2025-10-19,2026-02-17
17866,136,14,4,2025-11-17,2025-11-20,2026-03-20
17867,136,11,1,2026-02-19,2026-02-20,2026-06-22
17868,136,14,8,2026-04-24,2026-04-25,2026-08-25
17869,136,11,1,2026-06-28,2026-06-29,2026-10-29
17870,137,4,3,2024-08-17,2024-08-18,2024-12-08
17871,137,3,1,2024-10-16,2024-10-17,2025-02-06
17872,137,3,1,2024-11-16,2024-11-19,2025-03-09
17873,137,3,1,2025-01-01,2025-01-02,2025-04-24
17874,137,3,3,2025-04-26,2025-04-29,2025-08-17
17875,137,3,1,2025-06-09,2025-06-10,2025-09-30
17876,137,3,3,2025-08-14,2025-08-17,2025-12-05
17877,137,3,3,2025-08-25,2025-08-28,2025-12-16
17878,137,4,1,2025-11-13,2025-11-16,2026-03-06
17879,137,4,1,2026-01-06,2026-01-09,2026-04-29
17880,137,3,1,2026-03-18,2026-03-21,2026-07-09
17881,137,3,3,2026-05-25,2026-05-26,2026-09-15
17882,137,4,4,2024-08-08,2024-08-09,2024-11-29
17883,137,3,4,2024-10-18,2024-10-21,2025-02-08
17884,137,4,4,2024-12-04,2024-12-06,2025-03-27
17885,137,4,4,2025-01-05,2025-01-07,2025-04-28
17886,137,4,4,2025-03-19,2025-03-22,2025-07-10
17887,137,4,4,2025-05-06,2025-05-07,2025-08-27
17888,137,4,4,2025-07-19,2025-07-21,2025-11-09
17889,137,4,4,2025-09-02,2025-09-03,2025-12-24
17890,137,4,4,2025-10-27,2025-10-30,2026-02-17
17891,137,3,4,2025-12-29,2026-01-01,2026-04-21
17892,137,3,4,2026-03-11,2026-03-12,2026-07-02
17893,137,3,4,2026-06-15,2026-06-18,2026-10-06
17894,137,4,5,2024-08-22,2024-08-23,2024-12-13
17895,137,4,5,2024-10-16,2024-10-18,2025-02-06
17896,137,3,5,2024-11-20,2024-11-21,2025-03-13
17897,137,3,5,2025-01-12,2025-01-15,2025-05-05
17898,137,3,5,2025-04-10,2025-04-11,2025-08-01
17899,137,4,5,2025-05-11,2025-05-14,2025-09-01
17900,137,4,5,2025-07-05,2025-07-07,2025-10-26
17901,137,4,5,2025-08-31,2025-09-02,2025-12-22
17902,137,4,5,2025-10-26,2025-10-28,2026-02-16
17903,137,4,5,2025-12-31,2026-01-02,2026-04-23
17904,137,3,5,2026-03-08,2026-03-11,2026-06-29
17905,137,3,5,2026-06-12,2026-06-13,2026-10-03
17906,137,4,5,2026-06-26,2026-06-29,2026-10-17
17907,137,3,7,2024-07-20,2024-07-21,2024-11-10
17908,137,4,9,2024-09-04,2024-09-06,2024-12-26
17909,137,3,7,2024-11-20,2024-11-22,2025-03-13
17910,137,4,9,2025-02-07,2025-02-09,2025-05-31
17911,137,3,9,2025-04-14,2025-04-16,2025-08-05
17912,137,4,9,2025-06-22,2025-06-23,2025-10-13
17913,137,4,7,2025-08-14,2025-08-15,2025-12-05
17914,137,3,9,2025-08-25,2025-08-28,2025-12-16
17915,137,4,7,2025-12-06,2025-12-08,2026-03-29
17916,137,3,7,2025-12-30,2026-01-01,2026-04-22
17917,137,3,9,2026-03-30,2026-04-01,2026-07-21
17918,137,3,9,2026-05-04,2026-05-07,2026-08-25
17919,137,3,10,2024-08-27,2024-08-30,2024-12-18
17920,137,3,10,2024-09-20,2024-09-23,2025-01-11
17921,137,3,10,2024-11-24,2024-11-27,2025-03-17
17922,137,4,10,2025-01-03,2025-01-06,2025-04-26
17923,137,3,10,2025-02-27,2025-02-28,2025-06-20
17924,137,3,10,2025-05-03,2025-05-06,2025-08-24
17925,137,3,10,2025-07-20,2025-07-23,2025-11-10
17926,137,4,10,2025-09-12,2025-09-15,2026-01-03
17927,137,3,10,2025-11-01,2025-11-04,2026-02-22
17928,137,4,10,2025-12-25,2025-12-28,2026-04-17
17929,137,4,10,2026-03-10,2026-03-13,2026-07-01
17930,137,4,10,2026-06-07,2026-06-10,2026-09-28
17931,138,23,3,2024-07-10,2024-07-12,2024-07-25
17932,138,23,1,2024-07-19,2024-07-22,2024-08-03
17933,138,24,3,2024-07-25,2024-07-27,2024-08-09
17934,138,24,3,2024-08-07,2024-08-08,2024-08-22
17935,138,24,1,2024-08-17,2024-08-19,2024-09-01
17936,138,24,1,2024-09-03,2024-09-04,2024-09-18
17937,138,24,1,2024-09-09,2024-09-12,2024-09-24
17938,138,12,1,2024-09-25,2024-09-26,2024-10-10
17939,138,12,1,2024-10-07,2024-10-08,2024-10-22
17940,138,24,1,2024-10-08,2024-10-10,2024-10-23
17941,138,12,3,2024-10-26,2024-10-27,2024-11-10
17942,138,12,3,2024-11-04,2024-11-06,2024-11-19
17943,138,24,3,2024-11-14,2024-11-17,2024-11-29
17944,138,12,3,2024-12-01,2024-12-04,2024-12-16
17945,138,12,1,2024-12-08,2024-12-10,2024-12-23
17946,138,24,1,2024-12-18,2024-12-20,2025-01-02
17947,138,24,1,2024-12-30,2025-01-01,2025-01-14
17948,138,12,3,2025-01-14,2025-01-16,2025-01-29
17949,138,23,1,2025-01-21,2025-01-24,2025-02-05
17950,138,24,1,2025-02-03,2025-02-06,2025-02-18
17951,138,12,1,2025-02-16,2025-02-17,2025-03-03
17952,138,23,1,2025-02-18,2025-02-19,2025-03-05
17953,138,24,1,2025-03-01,2025-03-02,2025-03-16
17954,138,24,3,2025-03-21,2025-03-22,2025-04-05
17955,138,12,3,2025-03-28,2025-03-31,2025-04-12
17956,138,23,3,2025-04-08,2025-04-09,2025-04-23
17957,138,23,3,2025-04-19,2025-04-22,2025-05-04
17958,138,23,1,2025-04-29,2025-04-30,2025-05-14
17959,138,24,1,2025-05-06,2025-05-07,2025-05-21
17960,138,12,3,2025-05-25,2025-05-28,2025-06-09
17961,138,23,1,2025-05-29,2025-06-01,2025-06-13
17962,138,24,3,2025-06-07,2025-06-10,2025-06-22
17963,138,24,1,2025-06-25,2025-06-28,2025-07-10
17964,138,24,1,2025-07-08,2025-07-10,2025-07-23
17965,138,12,3,2025-07-12,2025-07-14,2025-07-27
17966,138,24,3,2025-07-28,2025-07-29,2025-08-12
17967,138,24,1,2025-08-10,2025-08-11,2025-08-25
17968,138,24,1,2025-08-15,2025-08-16,2025-08-30
17969,138,23,1,2025-08-24,2025-08-26,2025-09-08
17970,138,12,3,2025-09-10,2025-09-11,2025-09-25
17971,138,23,3,2025-09-19,2025-09-21,2025-10-04
17972,138,12,1,2025-10-03,2025-10-06,2025-10-18
17973,138,23,3,2025-10-07,2025-10-09,2025-10-22
17974,138,12,3,2025-10-27,2025-10-30,2025-11-11
17975,138,24,1,2025-11-03,2025-11-04,2025-11-18
17976,138,12,3,2025-11-16,2025-11-18,2025-12-01
17977,138,23,1,2025-11-22,2025-11-24,2025-12-07
17978,138,12,3,2025-12-04,2025-12-07,2025-12-19
17979,138,12,3,2025-12-11,2025-12-14,2025-12-26
17980,138,12,3,2025-12-30,2026-01-02,2026-01-14
17981,138,12,3,2026-01-09,2026-01-12,2026-01-24
17982,138,24,1,2026-01-17,2026-01-20,2026-02-01
17983,138,23,3,2026-01-28,2026-01-31,2026-02-12
17984,138,24,3,2026-02-07,2026-02-10,2026-02-22
17985,138,24,3,2026-02-20,2026-02-23,2026-03-07
17986,138,12,1,2026-03-01,2026-03-02,2026-03-16
17987,138,12,1,2026-03-18,2026-03-20,2026-04-02
17988,138,12,3,2026-03-29,2026-03-31,2026-04-13
17989,138,12,3,2026-04-08,2026-04-09,2026-04-23
17990,138,23,1,2026-04-18,2026-04-19,2026-05-03
17991,138,24,3,2026-05-02,2026-05-05,2026-05-17
17992,138,12,1,2026-05-11,2026-05-12,2026-05-26
17993,138,23,3,2026-05-24,2026-05-25,2026-06-08
17994,138,24,1,2026-05-28,2026-05-31,2026-06-12
17995,138,12,3,2026-06-07,2026-06-08,2026-06-22
17996,138,12,1,2026-06-18,2026-06-19,2026-07-03
17997,138,23,4,2024-07-05,2024-07-07,2024-07-20
17998,138,12,4,2024-07-16,2024-07-19,2024-07-31
17999,138,23,4,2024-07-31,2024-08-02,2024-08-15
18000,138,23,4,2024-08-06,2024-08-09,2024-08-21
18001,138,23,4,2024-08-14,2024-08-15,2024-08-29
18002,138,12,4,2024-09-02,2024-09-03,2024-09-17
18003,138,24,4,2024-09-07,2024-09-08,2024-09-22
18004,138,12,4,2024-09-22,2024-09-25,2024-10-07
18005,138,23,4,2024-10-06,2024-10-07,2024-10-21
18006,138,12,4,2024-10-12,2024-10-14,2024-10-27
18007,138,23,4,2024-10-23,2024-10-24,2024-11-07
18008,138,23,4,2024-11-01,2024-11-04,2024-11-16
18009,138,12,4,2024-11-15,2024-11-17,2024-11-30
18010,138,12,4,2024-11-23,2024-11-25,2024-12-08
18011,138,24,4,2024-12-05,2024-12-06,2024-12-20
18012,138,23,4,2024-12-13,2024-12-15,2024-12-28
18013,138,12,4,2024-12-28,2024-12-31,2025-01-12
18014,138,12,4,2025-01-09,2025-01-10,2025-01-24
18015,138,23,4,2025-01-21,2025-01-23,2025-02-05
18016,138,12,4,2025-01-28,2025-01-29,2025-02-12
18017,138,12,4,2025-02-07,2025-02-08,2025-02-22
18018,138,23,4,2025-02-18,2025-02-19,2025-03-05
18019,138,23,4,2025-02-28,2025-03-02,2025-03-15
18020,138,24,4,2025-03-14,2025-03-16,2025-03-29
18021,138,12,4,2025-03-25,2025-03-26,2025-04-09
18022,138,23,4,2025-04-07,2025-04-09,2025-04-22
18023,138,23,4,2025-04-18,2025-04-21,2025-05-03
18024,138,12,4,2025-04-29,2025-04-30,2025-05-14
18025,138,12,4,2025-05-11,2025-05-13,2025-05-26
18026,138,23,4,2025-05-17,2025-05-20,2025-06-01
18027,138,12,4,2025-05-29,2025-05-31,2025-06-13
18028,138,23,4,2025-06-12,2025-06-13,2025-06-27
18029,138,12,4,2025-06-26,2025-06-27,2025-07-11
18030,138,12,4,2025-06-30,2025-07-02,2025-07-15
18031,138,24,4,2025-07-15,2025-07-16,2025-07-30
18032,138,12,4,2025-07-31,2025-08-03,2025-08-15
18033,138,24,4,2025-08-02,2025-08-05,2025-08-17
18034,138,23,4,2025-08-16,2025-08-19,2025-08-31
18035,138,12,4,2025-08-31,2025-09-01,2025-09-15
18036,138,24,4,2025-09-09,2025-09-10,2025-09-24
18037,138,23,4,2025-09-18,2025-09-21,2025-10-03
18038,138,12,4,2025-09-29,2025-10-02,2025-10-14
18039,138,24,4,2025-10-15,2025-10-17,2025-10-30
18040,138,23,4,2025-10-21,2025-10-24,2025-11-05
18041,138,12,4,2025-11-01,2025-11-04,2025-11-16
18042,138,24,4,2025-11-09,2025-11-10,2025-11-24
18043,138,12,4,2025-11-22,2025-11-25,2025-12-07
18044,138,23,4,2025-12-01,2025-12-03,2025-12-16
18045,138,23,4,2025-12-15,2025-12-16,2025-12-30
18046,138,23,4,2025-12-28,2025-12-31,2026-01-12
18047,138,24,4,2026-01-06,2026-01-09,2026-01-21
18048,138,24,4,2026-01-18,2026-01-21,2026-02-02
18049,138,23,4,2026-01-28,2026-01-30,2026-02-12
18050,138,12,4,2026-02-11,2026-02-13,2026-02-26
18051,138,12,4,2026-02-23,2026-02-24,2026-03-10
18052,138,12,4,2026-03-06,2026-03-09,2026-03-21
18053,138,12,4,2026-03-14,2026-03-15,2026-03-29
18054,138,12,4,2026-03-29,2026-03-30,2026-04-13
18055,138,23,4,2026-04-09,2026-04-11,2026-04-24
18056,138,23,4,2026-04-15,2026-04-17,2026-04-30
18057,138,24,4,2026-04-29,2026-04-30,2026-05-14
18058,138,23,4,2026-05-08,2026-05-11,2026-05-23
18059,138,23,4,2026-05-21,2026-05-22,2026-06-05
18060,138,12,4,2026-05-25,2026-05-26,2026-06-09
18061,138,23,4,2026-06-11,2026-06-13,2026-06-26
18062,138,24,4,2026-06-26,2026-06-28,2026-07-11
18063,138,12,5,2024-07-07,2024-07-09,2024-07-22
18064,138,24,5,2024-07-17,2024-07-18,2024-08-01
18065,138,12,5,2024-07-24,2024-07-25,2024-08-08
18066,138,24,5,2024-08-06,2024-08-08,2024-08-21
18067,138,12,5,2024-08-21,2024-08-22,2024-09-05
18068,138,24,5,2024-09-04,2024-09-07,2024-09-19
18069,138,24,5,2024-09-13,2024-09-15,2024-09-28
18070,138,12,5,2024-09-20,2024-09-21,2024-10-05
18071,138,24,5,2024-10-07,2024-10-09,2024-10-22
18072,138,24,5,2024-10-15,2024-10-16,2024-10-30
18073,138,12,5,2024-10-26,2024-10-27,2024-11-10
18074,138,24,5,2024-11-07,2024-11-10,2024-11-22
18075,138,24,5,2024-11-18,2024-11-19,2024-12-03
18076,138,12,5,2024-11-21,2024-11-22,2024-12-06
18077,138,23,5,2024-12-08,2024-12-10,2024-12-23
18078,138,12,5,2024-12-22,2024-12-25,2025-01-06
18079,138,24,5,2025-01-02,2025-01-05,2025-01-17
18080,138,23,5,2025-01-08,2025-01-11,2025-01-23
18081,138,24,5,2025-01-16,2025-01-18,2025-01-31
18082,138,24,5,2025-02-04,2025-02-05,2025-02-19
18083,138,12,5,2025-02-08,2025-02-10,2025-02-23
18084,138,12,5,2025-02-18,2025-02-19,2025-03-05
18085,138,23,5,2025-03-06,2025-03-09,2025-03-21
18086,138,24,5,2025-03-15,2025-03-18,2025-03-30
18087,138,23,5,2025-03-24,2025-03-26,2025-04-08
18088,138,24,5,2025-04-05,2025-04-06,2025-04-20
18089,138,12,5,2025-04-20,2025-04-23,2025-05-05
18090,138,12,5,2025-04-25,2025-04-28,2025-05-10
18091,138,24,5,2025-05-07,2025-05-09,2025-05-22
18092,138,12,5,2025-05-16,2025-05-19,2025-05-31
18093,138,24,5,2025-06-03,2025-06-05,2025-06-18
18094,138,23,5,2025-06-13,2025-06-16,2025-06-28
18095,138,12,5,2025-06-21,2025-06-22,2025-07-06
18096,138,23,5,2025-06-30,2025-07-02,2025-07-15
18097,138,24,5,2025-07-20,2025-07-23,2025-08-04
18098,138,24,5,2025-07-26,2025-07-28,2025-08-10
18099,138,23,5,2025-08-06,2025-08-08,2025-08-21
18100,138,23,5,2025-08-22,2025-08-24,2025-09-06
18101,138,24,5,2025-08-30,2025-09-02,2025-09-14
18102,138,24,5,2025-09-09,2025-09-10,2025-09-24
18103,138,12,5,2025-09-16,2025-09-19,2025-10-01
18104,138,24,5,2025-10-01,2025-10-02,2025-10-16
18105,138,24,5,2025-10-16,2025-10-19,2025-10-31
18106,138,23,5,2025-10-22,2025-10-24,2025-11-06
18107,138,12,5,2025-11-03,2025-11-04,2025-11-18
18108,138,24,5,2025-11-17,2025-11-19,2025-12-02
18109,138,24,5,2025-11-28,2025-12-01,2025-12-13
18110,138,24,5,2025-12-09,2025-12-11,2025-12-24
18111,138,12,5,2025-12-15,2025-12-17,2025-12-30
18112,138,12,5,2026-01-01,2026-01-03,2026-01-16
18113,138,24,5,2026-01-05,2026-01-06,2026-01-20
18114,138,12,5,2026-01-16,2026-01-18,2026-01-31
18115,138,23,5,2026-01-29,2026-01-31,2026-02-13
18116,138,23,5,2026-02-12,2026-02-15,2026-02-27
18117,138,23,5,2026-02-21,2026-02-23,2026-03-08
18118,138,24,5,2026-03-06,2026-03-07,2026-03-21
18119,138,23,5,2026-03-18,2026-03-21,2026-04-02
18120,138,23,5,2026-03-22,2026-03-25,2026-04-06
18121,138,23,5,2026-04-05,2026-04-07,2026-04-20
18122,138,23,5,2026-04-12,2026-04-14,2026-04-27
18123,138,12,5,2026-04-24,2026-04-26,2026-05-09
18124,138,23,5,2026-05-11,2026-05-12,2026-05-26
18125,138,24,5,2026-05-23,2026-05-24,2026-06-07
18126,138,24,5,2026-05-31,2026-06-02,2026-06-15
18127,138,24,5,2026-06-14,2026-06-16,2026-06-29
18128,138,12,5,2026-06-22,2026-06-24,2026-07-07
18129,138,24,5,2026-06-30,2026-07-03,2026-07-15
18130,138,12,7,2024-07-04,2024-07-07,2024-07-19
18131,138,12,7,2024-07-22,2024-07-23,2024-08-06
18132,138,12,9,2024-07-29,2024-07-30,2024-08-13
18133,138,24,7,2024-08-11,2024-08-12,2024-08-26
18134,138,24,9,2024-08-21,2024-08-22,2024-09-05
18135,138,24,9,2024-08-29,2024-08-30,2024-09-13
18136,138,24,9,2024-09-10,2024-09-13,2024-09-25
18137,138,24,7,2024-09-26,2024-09-29,2024-10-11
18138,138,23,7,2024-10-03,2024-10-04,2024-10-18
18139,138,23,7,2024-10-10,2024-10-12,2024-10-25
18140,138,12,9,2024-10-23,2024-10-25,2024-11-07
18141,138,24,7,2024-11-02,2024-11-03,2024-11-17
18142,138,24,7,2024-11-11,2024-11-14,2024-11-26
18143,138,24,7,2024-12-01,2024-12-03,2024-12-16
18144,138,12,7,2024-12-04,2024-12-05,2024-12-19
18145,138,23,9,2024-12-19,2024-12-22,2025-01-03
18146,138,23,9,2024-12-28,2024-12-31,2025-01-12
18147,138,12,7,2025-01-05,2025-01-06,2025-01-20
18148,138,23,9,2025-01-21,2025-01-24,2025-02-05
18149,138,12,7,2025-01-27,2025-01-30,2025-02-11
18150,138,23,9,2025-02-16,2025-02-19,2025-03-03
18151,138,23,9,2025-02-24,2025-02-27,2025-03-11
18152,138,23,7,2025-02-28,2025-03-01,2025-03-15
18153,138,23,7,2025-03-11,2025-03-12,2025-03-26
18154,138,12,7,2025-03-31,2025-04-01,2025-04-15
18155,138,12,9,2025-04-02,2025-04-05,2025-04-17
18156,138,12,7,2025-04-18,2025-04-19,2025-05-03
18157,138,12,7,2025-04-24,2025-04-25,2025-05-09
18158,138,24,9,2025-05-14,2025-05-17,2025-05-29
18159,138,12,9,2025-05-16,2025-05-19,2025-05-31
18160,138,24,9,2025-05-28,2025-05-31,2025-06-12
18161,138,24,7,2025-06-08,2025-06-09,2025-06-23
18162,138,12,7,2025-06-20,2025-06-21,2025-07-05
18163,138,24,7,2025-07-06,2025-07-09,2025-07-21
18164,138,23,9,2025-07-18,2025-07-21,2025-08-02
18165,138,23,9,2025-07-21,2025-07-24,2025-08-05
18166,138,24,9,2025-08-05,2025-08-06,2025-08-20
18167,138,24,9,2025-08-17,2025-08-19,2025-09-01
18168,138,23,7,2025-08-31,2025-09-03,2025-09-15
18169,138,12,7,2025-09-12,2025-09-14,2025-09-27
18170,138,23,7,2025-09-17,2025-09-20,2025-10-02
18171,138,23,7,2025-09-30,2025-10-01,2025-10-15
18172,138,23,9,2025-10-16,2025-10-17,2025-10-31
18173,138,24,7,2025-10-20,2025-10-21,2025-11-04
18174,138,23,9,2025-11-04,2025-11-06,2025-11-19
18175,138,12,9,2025-11-17,2025-11-18,2025-12-02
18176,138,24,7,2025-11-20,2025-11-23,2025-12-05
18177,138,24,9,2025-12-07,2025-12-09,2025-12-22
18178,138,12,9,2025-12-17,2025-12-20,2026-01-01
18179,138,23,9,2025-12-26,2025-12-27,2026-01-10
18180,138,24,9,2026-01-06,2026-01-08,2026-01-21
18181,138,23,9,2026-01-19,2026-01-21,2026-02-03
18182,138,23,9,2026-02-02,2026-02-05,2026-02-17
18183,138,23,7,2026-02-11,2026-02-12,2026-02-26
18184,138,23,7,2026-02-25,2026-02-26,2026-03-12
18185,138,12,7,2026-03-06,2026-03-09,2026-03-21
18186,138,23,7,2026-03-16,2026-03-17,2026-03-31
18187,138,24,9,2026-03-26,2026-03-28,2026-04-10
18188,138,12,7,2026-04-05,2026-04-07,2026-04-20
18189,138,24,9,2026-04-19,2026-04-21,2026-05-04
18190,138,12,7,2026-04-28,2026-05-01,2026-05-13
18191,138,24,9,2026-05-12,2026-05-14,2026-05-27
18192,138,23,7,2026-05-23,2026-05-24,2026-06-07
18193,138,23,9,2026-06-04,2026-06-06,2026-06-19
18194,138,23,7,2026-06-05,2026-06-07,2026-06-20
18195,138,23,9,2026-06-24,2026-06-26,2026-07-09
18196,138,23,10,2024-07-07,2024-07-10,2024-07-22
18197,138,12,10,2024-07-17,2024-07-20,2024-08-01
18198,138,23,10,2024-07-31,2024-08-02,2024-08-15
18199,138,23,10,2024-08-08,2024-08-11,2024-08-23
18200,138,23,10,2024-08-23,2024-08-25,2024-09-07
18201,138,24,10,2024-08-25,2024-08-26,2024-09-09
18202,138,12,10,2024-09-13,2024-09-14,2024-09-28
18203,138,24,10,2024-09-22,2024-09-23,2024-10-07
18204,138,24,10,2024-10-02,2024-10-04,2024-10-17
18205,138,24,10,2024-10-16,2024-10-19,2024-10-31
18206,138,12,10,2024-10-29,2024-10-30,2024-11-13
18207,138,24,10,2024-11-02,2024-11-04,2024-11-17
18208,138,24,10,2024-11-13,2024-11-16,2024-11-28
18209,138,12,10,2024-11-29,2024-12-02,2024-12-14
18210,138,24,10,2024-12-04,2024-12-07,2024-12-19
18211,138,24,10,2024-12-17,2024-12-20,2025-01-01
18212,138,24,10,2025-01-02,2025-01-05,2025-01-17
18213,138,24,10,2025-01-09,2025-01-12,2025-01-24
18214,138,23,10,2025-01-20,2025-01-23,2025-02-04
18215,138,23,10,2025-01-27,2025-01-28,2025-02-11
18216,138,12,10,2025-02-06,2025-02-09,2025-02-21
18217,138,12,10,2025-02-21,2025-02-23,2025-03-08
18218,138,24,10,2025-03-08,2025-03-11,2025-03-23
18219,138,23,10,2025-03-11,2025-03-14,2025-03-26
18220,138,12,10,2025-03-24,2025-03-26,2025-04-08
18221,138,12,10,2025-04-03,2025-04-05,2025-04-18
18222,138,24,10,2025-04-14,2025-04-17,2025-04-29
18223,138,23,10,2025-05-01,2025-05-03,2025-05-16
18224,138,12,10,2025-05-14,2025-05-16,2025-05-29
18225,138,12,10,2025-05-19,2025-05-20,2025-06-03
18226,138,23,10,2025-06-05,2025-06-08,2025-06-20
18227,138,12,10,2025-06-10,2025-06-11,2025-06-25
18228,138,23,10,2025-06-24,2025-06-25,2025-07-09
18229,138,12,10,2025-07-05,2025-07-08,2025-07-20
18230,138,12,10,2025-07-19,2025-07-22,2025-08-03
18231,138,24,10,2025-07-31,2025-08-03,2025-08-15
18232,138,24,10,2025-08-06,2025-08-08,2025-08-21
18233,138,12,10,2025-08-13,2025-08-15,2025-08-28
18234,138,23,10,2025-09-01,2025-09-02,2025-09-16
18235,138,12,10,2025-09-10,2025-09-13,2025-09-25
18236,138,23,10,2025-09-16,2025-09-18,2025-10-01
18237,138,24,10,2025-09-26,2025-09-29,2025-10-11
18238,138,24,10,2025-10-14,2025-10-15,2025-10-29
18239,138,12,10,2025-10-20,2025-10-21,2025-11-04
18240,138,12,10,2025-11-01,2025-11-04,2025-11-16
18241,138,24,10,2025-11-10,2025-11-11,2025-11-25
18242,138,24,10,2025-11-27,2025-11-29,2025-12-12
18243,138,23,10,2025-12-08,2025-12-11,2025-12-23
18244,138,24,10,2025-12-12,2025-12-14,2025-12-27
18245,138,24,10,2025-12-28,2025-12-30,2026-01-12
18246,138,24,10,2026-01-03,2026-01-04,2026-01-18
18247,138,24,10,2026-01-20,2026-01-23,2026-02-04
18248,138,23,10,2026-01-29,2026-01-30,2026-02-13
18249,138,23,10,2026-02-12,2026-02-14,2026-02-27
18250,138,12,10,2026-02-23,2026-02-26,2026-03-10
18251,138,23,10,2026-02-27,2026-02-28,2026-03-14
18252,138,12,10,2026-03-11,2026-03-13,2026-03-26
18253,138,23,10,2026-03-20,2026-03-22,2026-04-04
18254,138,23,10,2026-04-04,2026-04-06,2026-04-19
18255,138,12,10,2026-04-14,2026-04-16,2026-04-29
18256,138,23,10,2026-04-25,2026-04-28,2026-05-10
18257,138,12,10,2026-05-11,2026-05-12,2026-05-26
18258,138,12,10,2026-05-19,2026-05-21,2026-06-03
18259,138,23,10,2026-05-25,2026-05-27,2026-06-09
18260,138,23,10,2026-06-08,2026-06-10,2026-06-23
18261,138,23,10,2026-06-19,2026-06-20,2026-07-04
18262,139,12,1,2024-07-27,2024-07-28,2025-07-26
18263,139,12,1,2024-11-15,2024-11-18,2025-11-14
18264,139,12,8,2025-03-30,2025-04-01,2026-03-29
18265,139,10,8,2025-09-22,2025-09-25,2026-09-21
18266,139,12,6,2026-02-09,2026-02-11,2027-02-08
18267,139,12,6,2026-04-21,2026-04-22,2027-04-20
18268,140,1,7,2024-09-19,2024-09-22,2025-12-31
18269,140,1,5,2024-11-27,2024-11-29,2026-03-10
18270,140,1,10,2025-06-22,2025-06-25,2026-10-03
18271,140,1,10,2025-09-15,2025-09-18,2026-12-27
18272,140,1,5,2025-12-26,2025-12-28,2027-04-08
18273,140,1,5,2026-06-09,2026-06-10,2027-09-20
18274,141,9,3,2024-07-01,2024-07-03,2024-07-05
18275,141,17,1,2024-07-12,2024-07-14,2024-07-16
18276,141,17,1,2024-07-15,2024-07-16,2024-07-19
18277,141,17,1,2024-07-22,2024-07-25,2024-07-26
18278,141,9,1,2024-08-04,2024-08-07,2024-08-08
18279,141,9,3,2024-08-11,2024-08-13,2024-08-15
18280,141,9,3,2024-08-14,2024-08-17,2024-08-18
18281,141,17,1,2024-08-21,2024-08-22,2024-08-25
18282,141,9,1,2024-08-30,2024-09-02,2024-09-03
18283,141,17,3,2024-09-05,2024-09-08,2024-09-09
18284,141,17,1,2024-09-09,2024-09-11,2024-09-13
18285,141,9,1,2024-09-20,2024-09-21,2024-09-24
18286,141,17,3,2024-09-26,2024-09-27,2024-09-30
18287,141,17,1,2024-10-04,2024-10-06,2024-10-08
18288,141,17,1,2024-10-07,2024-10-08,2024-10-11
18289,141,9,1,2024-10-20,2024-10-22,2024-10-24
18290,141,9,1,2024-10-22,2024-10-24,2024-10-26
18291,141,17,1,2024-10-31,2024-11-03,2024-11-04
18292,141,9,1,2024-11-08,2024-11-09,2024-11-12
18293,141,17,1,2024-11-17,2024-11-19,2024-11-21
18294,141,17,1,2024-11-24,2024-11-26,2024-11-28
18295,141,17,3,2024-11-27,2024-11-30,2024-12-01
18296,141,9,1,2024-12-04,2024-12-05,2024-12-08
18297,141,9,1,2024-12-14,2024-12-17,2024-12-18
18298,141,17,3,2024-12-20,2024-12-21,2024-12-24
18299,141,17,3,2024-12-29,2024-12-30,2025-01-02
18300,141,17,1,2025-01-05,2025-01-08,2025-01-09
18301,141,17,1,2025-01-12,2025-01-14,2025-01-16
18302,141,9,3,2025-01-15,2025-01-17,2025-01-19
18303,141,9,3,2025-01-25,2025-01-28,2025-01-29
18304,141,9,3,2025-02-01,2025-02-04,2025-02-05
18305,141,9,1,2025-02-03,2025-02-04,2025-02-07
18306,141,17,1,2025-02-15,2025-02-17,2025-02-19
18307,141,17,3,2025-02-18,2025-02-19,2025-02-22
18308,141,9,1,2025-02-24,2025-02-27,2025-02-28
18309,141,9,1,2025-03-08,2025-03-10,2025-03-12
18310,141,9,1,2025-03-11,2025-03-12,2025-03-15
18311,141,17,1,2025-03-22,2025-03-25,2025-03-26
18312,141,17,1,2025-03-30,2025-04-01,2025-04-03
18313,141,9,3,2025-04-04,2025-04-07,2025-04-08
18314,141,17,3,2025-04-13,2025-04-14,2025-04-17
18315,141,9,3,2025-04-15,2025-04-17,2025-04-19
18316,141,9,1,2025-04-24,2025-04-26,2025-04-28
18317,141,17,1,2025-05-04,2025-05-07,2025-05-08
18318,141,9,3,2025-05-08,2025-05-09,2025-05-12
18319,141,17,1,2025-05-13,2025-05-14,2025-05-17
18320,141,17,1,2025-05-24,2025-05-27,2025-05-28
18321,141,17,3,2025-05-31,2025-06-01,2025-06-04
18322,141,17,3,2025-06-04,2025-06-07,2025-06-08
18323,141,17,1,2025-06-09,2025-06-12,2025-06-13
18324,141,17,1,2025-06-16,2025-06-18,2025-06-20
18325,141,17,1,2025-06-29,2025-07-01,2025-07-03
18326,141,17,1,2025-07-03,2025-07-04,2025-07-07
18327,141,17,1,2025-07-07,2025-07-10,2025-07-11
18328,141,17,3,2025-07-15,2025-07-18,2025-07-19
18329,141,17,3,2025-07-22,2025-07-24,2025-07-26
18330,141,9,3,2025-07-29,2025-08-01,2025-08-02
18331,141,9,1,2025-08-10,2025-08-13,2025-08-14
18332,141,17,1,2025-08-16,2025-08-19,2025-08-20
18333,141,9,1,2025-08-21,2025-08-22,2025-08-25
18334,141,9,3,2025-08-29,2025-08-31,2025-09-02
18335,141,17,3,2025-09-06,2025-09-09,2025-09-10
18336,141,17,1,2025-09-08,2025-09-10,2025-09-12
18337,141,9,3,2025-09-20,2025-09-23,2025-09-24
18338,141,17,3,2025-09-26,2025-09-29,2025-09-30
18339,141,9,3,2025-10-01,2025-10-02,2025-10-05
18340,141,9,1,2025-10-06,2025-10-08,2025-10-10
18341,141,9,1,2025-10-18,2025-10-21,2025-10-22
18342,141,17,3,2025-10-22,2025-10-23,2025-10-26
18343,141,9,1,2025-10-28,2025-10-29,2025-11-01
18344,141,17,1,2025-11-07,2025-11-08,2025-11-11
18345,141,9,3,2025-11-14,2025-11-16,2025-11-18
18346,141,17,3,2025-11-18,2025-11-21,2025-11-22
18347,141,9,1,2025-11-30,2025-12-02,2025-12-04
18348,141,17,1,2025-12-03,2025-12-04,2025-12-07
18349,141,9,3,2025-12-11,2025-12-12,2025-12-15
18350,141,9,1,2025-12-15,2025-12-18,2025-12-19
18351,141,9,3,2025-12-24,2025-12-27,2025-12-28
18352,141,17,1,2025-12-29,2025-12-31,2026-01-02
18353,141,17,1,2026-01-05,2026-01-08,2026-01-09
18354,141,9,1,2026-01-16,2026-01-18,2026-01-20
18355,141,17,3,2026-01-22,2026-01-24,2026-01-26
18356,141,9,1,2026-01-30,2026-01-31,2026-02-03
18357,141,17,1,2026-02-04,2026-02-06,2026-02-08
18358,141,17,1,2026-02-11,2026-02-13,2026-02-15
18359,141,9,3,2026-02-22,2026-02-25,2026-02-26
18360,141,9,3,2026-02-28,2026-03-01,2026-03-04
18361,141,17,1,2026-03-07,2026-03-09,2026-03-11
18362,141,9,1,2026-03-15,2026-03-16,2026-03-19
18363,141,17,3,2026-03-20,2026-03-23,2026-03-24
18364,141,9,3,2026-03-26,2026-03-27,2026-03-30
18365,141,9,3,2026-04-01,2026-04-03,2026-04-05
18366,141,9,1,2026-04-12,2026-04-13,2026-04-16
18367,141,9,3,2026-04-16,2026-04-17,2026-04-20
18368,141,17,1,2026-04-20,2026-04-23,2026-04-24
18369,141,9,3,2026-05-01,2026-05-03,2026-05-05
18370,141,17,3,2026-05-06,2026-05-08,2026-05-10
18371,141,9,3,2026-05-17,2026-05-20,2026-05-21
18372,141,17,3,2026-05-21,2026-05-24,2026-05-25
18373,141,9,3,2026-05-29,2026-05-30,2026-06-02
18374,141,17,3,2026-06-04,2026-06-06,2026-06-08
18375,141,9,3,2026-06-11,2026-06-12,2026-06-15
18376,141,9,3,2026-06-19,2026-06-20,2026-06-23
18377,141,9,1,2026-06-28,2026-06-30,2026-07-02
18378,141,9,3,2026-06-29,2026-07-02,2026-07-03
18379,141,9,4,2024-07-05,2024-07-06,2024-07-09
18380,141,17,4,2024-07-12,2024-07-15,2024-07-16
18381,141,9,4,2024-07-17,2024-07-18,2024-07-21
18382,141,9,4,2024-07-28,2024-07-30,2024-08-01
18383,141,9,4,2024-08-04,2024-08-07,2024-08-08
18384,141,17,4,2024-08-08,2024-08-10,2024-08-12
18385,141,9,4,2024-08-18,2024-08-19,2024-08-22
18386,141,9,4,2024-08-25,2024-08-28,2024-08-29
18387,141,17,4,2024-08-26,2024-08-29,2024-08-30
18388,141,17,4,2024-09-03,2024-09-05,2024-09-07
18389,141,17,4,2024-09-13,2024-09-14,2024-09-17
18390,141,17,4,2024-09-21,2024-09-23,2024-09-25
18391,141,9,4,2024-09-24,2024-09-26,2024-09-28
18392,141,17,4,2024-10-04,2024-10-06,2024-10-08
18393,141,17,4,2024-10-12,2024-10-14,2024-10-16
18394,141,9,4,2024-10-16,2024-10-17,2024-10-20
18395,141,17,4,2024-10-25,2024-10-27,2024-10-29
18396,141,9,4,2024-11-01,2024-11-04,2024-11-05
18397,141,9,4,2024-11-09,2024-11-12,2024-11-13
18398,141,9,4,2024-11-14,2024-11-17,2024-11-18
18399,141,9,4,2024-11-23,2024-11-24,2024-11-27
18400,141,9,4,2024-11-28,2024-12-01,2024-12-02
18401,141,17,4,2024-12-08,2024-12-10,2024-12-12
18402,141,9,4,2024-12-13,2024-12-14,2024-12-17
18403,141,17,4,2024-12-16,2024-12-17,2024-12-20
18404,141,17,4,2024-12-28,2024-12-31,2025-01-01
18405,141,9,4,2025-01-04,2025-01-07,2025-01-08
18406,141,17,4,2025-01-06,2025-01-08,2025-01-10
18407,141,17,4,2025-01-13,2025-01-15,2025-01-17
18408,141,17,4,2025-01-20,2025-01-22,2025-01-24
18409,141,9,4,2025-01-29,2025-01-31,2025-02-02
18410,141,9,4,2025-02-09,2025-02-10,2025-02-13
18411,141,9,4,2025-02-13,2025-02-14,2025-02-17
18412,141,17,4,2025-02-20,2025-02-22,2025-02-24
18413,141,17,4,2025-02-28,2025-03-03,2025-03-04
18414,141,9,4,2025-03-06,2025-03-09,2025-03-10
18415,141,9,4,2025-03-13,2025-03-14,2025-03-17
18416,141,17,4,2025-03-20,2025-03-22,2025-03-24
18417,141,17,4,2025-03-25,2025-03-28,2025-03-29
18418,141,9,4,2025-03-31,2025-04-01,2025-04-04
18419,141,9,4,2025-04-12,2025-04-15,2025-04-16
18420,141,9,4,2025-04-20,2025-04-22,2025-04-24
18421,141,17,4,2025-04-24,2025-04-27,2025-04-28
18422,141,9,4,2025-04-28,2025-04-29,2025-05-02
18423,141,9,4,2025-05-06,2025-05-09,2025-05-10
18424,141,9,4,2025-05-16,2025-05-17,2025-05-20
18425,141,17,4,2025-05-21,2025-05-23,2025-05-25
18426,141,9,4,2025-05-27,2025-05-29,2025-05-31
18427,141,17,4,2025-06-05,2025-06-07,2025-06-09
18428,141,17,4,2025-06-11,2025-06-14,2025-06-15
18429,141,17,4,2025-06-17,2025-06-20,2025-06-21
18430,141,9,4,2025-06-23,2025-06-24,2025-06-27
18431,141,9,4,2025-07-04,2025-07-06,2025-07-08
18432,141,17,4,2025-07-11,2025-07-13,2025-07-15
18433,141,17,4,2025-07-15,2025-07-18,2025-07-19
18434,141,17,4,2025-07-23,2025-07-24,2025-07-27
18435,141,17,4,2025-08-02,2025-08-04,2025-08-06
18436,141,9,4,2025-08-10,2025-08-12,2025-08-14
18437,141,9,4,2025-08-14,2025-08-16,2025-08-18
18438,141,9,4,2025-08-21,2025-08-22,2025-08-25
18439,141,17,4,2025-08-31,2025-09-01,2025-09-04
18440,141,9,4,2025-09-01,2025-09-04,2025-09-05
18441,141,9,4,2025-09-10,2025-09-12,2025-09-14
18442,141,9,4,2025-09-16,2025-09-19,2025-09-20
18443,141,17,4,2025-09-28,2025-10-01,2025-10-02
18444,141,9,4,2025-10-05,2025-10-08,2025-10-09
18445,141,9,4,2025-10-06,2025-10-09,2025-10-10
18446,141,17,4,2025-10-17,2025-10-20,2025-10-21
18447,141,9,4,2025-10-23,2025-10-24,2025-10-27
18448,141,9,4,2025-10-31,2025-11-01,2025-11-04
18449,141,9,4,2025-11-05,2025-11-06,2025-11-09
18450,141,17,4,2025-11-16,2025-11-19,2025-11-20
18451,141,9,4,2025-11-19,2025-11-20,2025-11-23
18452,141,17,4,2025-11-28,2025-12-01,2025-12-02
18453,141,9,4,2025-12-03,2025-12-06,2025-12-07
18454,141,9,4,2025-12-09,2025-12-11,2025-12-13
18455,141,17,4,2025-12-19,2025-12-21,2025-12-23
18456,141,17,4,2025-12-23,2025-12-25,2025-12-27
18457,141,9,4,2025-12-31,2026-01-03,2026-01-04
18458,141,17,4,2026-01-11,2026-01-13,2026-01-15
18459,141,9,4,2026-01-18,2026-01-19,2026-01-22
18460,141,17,4,2026-01-25,2026-01-26,2026-01-29
18461,141,9,4,2026-01-31,2026-02-03,2026-02-04
18462,141,17,4,2026-02-03,2026-02-05,2026-02-07
18463,141,17,4,2026-02-09,2026-02-10,2026-02-13
18464,141,9,4,2026-02-17,2026-02-18,2026-02-21
18465,141,17,4,2026-02-28,2026-03-01,2026-03-04
18466,141,17,4,2026-03-02,2026-03-05,2026-03-06
18467,141,9,4,2026-03-13,2026-03-16,2026-03-17
18468,141,9,4,2026-03-18,2026-03-21,2026-03-22
18469,141,9,4,2026-03-23,2026-03-24,2026-03-27
18470,141,17,4,2026-04-04,2026-04-06,2026-04-08
18471,141,9,4,2026-04-06,2026-04-07,2026-04-10
18472,141,17,4,2026-04-13,2026-04-15,2026-04-17
18473,141,9,4,2026-04-22,2026-04-25,2026-04-26
18474,141,9,4,2026-04-27,2026-04-28,2026-05-01
18475,141,9,4,2026-05-09,2026-05-12,2026-05-13
18476,141,9,4,2026-05-15,2026-05-18,2026-05-19
18477,141,17,4,2026-05-21,2026-05-22,2026-05-25
18478,141,17,4,2026-05-26,2026-05-29,2026-05-30
18479,141,9,4,2026-06-02,2026-06-05,2026-06-06
18480,141,9,4,2026-06-12,2026-06-14,2026-06-16
18481,141,17,4,2026-06-21,2026-06-24,2026-06-25
18482,141,17,4,2026-06-23,2026-06-26,2026-06-27
18483,141,9,4,2026-06-29,2026-07-01,2026-07-03
18484,141,17,5,2024-07-05,2024-07-08,2024-07-09
18485,141,9,5,2024-07-13,2024-07-15,2024-07-17
18486,141,17,5,2024-07-17,2024-07-19,2024-07-21
18487,141,9,5,2024-07-23,2024-07-24,2024-07-27
18488,141,17,5,2024-07-31,2024-08-02,2024-08-04
18489,141,9,5,2024-08-08,2024-08-11,2024-08-12
18490,141,17,5,2024-08-17,2024-08-20,2024-08-21
18491,141,9,5,2024-08-21,2024-08-22,2024-08-25
18492,141,17,5,2024-08-29,2024-08-30,2024-09-02
18493,141,17,5,2024-09-07,2024-09-08,2024-09-11
18494,141,17,5,2024-09-15,2024-09-17,2024-09-19
18495,141,9,5,2024-09-21,2024-09-23,2024-09-25
18496,141,9,5,2024-09-27,2024-09-28,2024-10-01
18497,141,17,5,2024-10-06,2024-10-09,2024-10-10
18498,141,9,5,2024-10-07,2024-10-09,2024-10-11
18499,141,9,5,2024-10-18,2024-10-20,2024-10-22
18500,141,17,5,2024-10-21,2024-10-22,2024-10-25
18501,141,17,5,2024-11-01,2024-11-02,2024-11-05
18502,141,17,5,2024-11-09,2024-11-10,2024-11-13
18503,141,17,5,2024-11-13,2024-11-15,2024-11-17
18504,141,17,5,2024-11-21,2024-11-23,2024-11-25
18505,141,9,5,2024-11-26,2024-11-28,2024-11-30
18506,141,9,5,2024-12-06,2024-12-07,2024-12-10
18507,141,17,5,2024-12-11,2024-12-13,2024-12-15
18508,141,9,5,2024-12-20,2024-12-21,2024-12-24
18509,141,9,5,2024-12-23,2024-12-24,2024-12-27
18510,141,17,5,2024-12-30,2025-01-01,2025-01-03
18511,141,17,5,2025-01-08,2025-01-11,2025-01-12
18512,141,17,5,2025-01-15,2025-01-17,2025-01-19
18513,141,17,5,2025-01-26,2025-01-28,2025-01-30
18514,141,17,5,2025-01-28,2025-01-31,2025-02-01
18515,141,17,5,2025-02-03,2025-02-05,2025-02-07
18516,141,9,5,2025-02-15,2025-02-18,2025-02-19
18517,141,9,5,2025-02-21,2025-02-23,2025-02-25
18518,141,17,5,2025-02-26,2025-03-01,2025-03-02
18519,141,9,5,2025-03-07,2025-03-09,2025-03-11
18520,141,9,5,2025-03-11,2025-03-12,2025-03-15
18521,141,17,5,2025-03-19,2025-03-20,2025-03-23
18522,141,9,5,2025-03-28,2025-03-29,2025-04-01
18523,141,17,5,2025-03-31,2025-04-01,2025-04-04
18524,141,17,5,2025-04-13,2025-04-15,2025-04-17
18525,141,17,5,2025-04-19,2025-04-22,2025-04-23
18526,141,17,5,2025-04-27,2025-04-30,2025-05-01
18527,141,17,5,2025-05-03,2025-05-06,2025-05-07
18528,141,9,5,2025-05-11,2025-05-12,2025-05-15
18529,141,9,5,2025-05-17,2025-05-19,2025-05-21
18530,141,17,5,2025-05-23,2025-05-26,2025-05-27
18531,141,9,5,2025-06-01,2025-06-03,2025-06-05
18532,141,9,5,2025-06-04,2025-06-05,2025-06-08
18533,141,9,5,2025-06-15,2025-06-17,2025-06-19
18534,141,9,5,2025-06-19,2025-06-22,2025-06-23
18535,141,9,5,2025-06-24,2025-06-25,2025-06-28
18536,141,9,5,2025-07-06,2025-07-07,2025-07-10
18537,141,9,5,2025-07-10,2025-07-12,2025-07-14
18538,141,9,5,2025-07-16,2025-07-18,2025-07-20
18539,141,9,5,2025-07-27,2025-07-29,2025-07-31
18540,141,9,5,2025-08-03,2025-08-04,2025-08-07
18541,141,9,5,2025-08-05,2025-08-06,2025-08-09
18542,141,17,5,2025-08-15,2025-08-18,2025-08-19
18543,141,17,5,2025-08-23,2025-08-26,2025-08-27
18544,141,17,5,2025-08-25,2025-08-27,2025-08-29
18545,141,9,5,2025-09-02,2025-09-05,2025-09-06
18546,141,17,5,2025-09-14,2025-09-17,2025-09-18
18547,141,17,5,2025-09-16,2025-09-18,2025-09-20
18548,141,9,5,2025-09-28,2025-10-01,2025-10-02
18549,141,9,5,2025-10-03,2025-10-05,2025-10-07
18550,141,17,5,2025-10-09,2025-10-10,2025-10-13
18551,141,9,5,2025-10-19,2025-10-20,2025-10-23
18552,141,17,5,2025-10-23,2025-10-26,2025-10-27
18553,141,9,5,2025-10-29,2025-10-30,2025-11-02
18554,141,17,5,2025-11-09,2025-11-10,2025-11-13
18555,141,9,5,2025-11-15,2025-11-18,2025-11-19
18556,141,9,5,2025-11-23,2025-11-25,2025-11-27
18557,141,9,5,2025-11-24,2025-11-26,2025-11-28
18558,141,9,5,2025-12-03,2025-12-04,2025-12-07
18559,141,17,5,2025-12-14,2025-12-16,2025-12-18
18560,141,17,5,2025-12-21,2025-12-22,2025-12-25
18561,141,9,5,2025-12-28,2025-12-30,2026-01-01
18562,141,9,5,2026-01-03,2026-01-06,2026-01-07
18563,141,9,5,2026-01-08,2026-01-09,2026-01-12
18564,141,9,5,2026-01-15,2026-01-18,2026-01-19
18565,141,17,5,2026-01-22,2026-01-23,2026-01-26
18566,141,9,5,2026-01-27,2026-01-29,2026-01-31
18567,141,17,5,2026-02-05,2026-02-06,2026-02-09
18568,141,9,5,2026-02-10,2026-02-12,2026-02-14
18569,141,17,5,2026-02-21,2026-02-23,2026-02-25
18570,141,9,5,2026-02-24,2026-02-27,2026-02-28
18571,141,9,5,2026-03-06,2026-03-08,2026-03-10
18572,141,9,5,2026-03-11,2026-03-14,2026-03-15
18573,141,17,5,2026-03-19,2026-03-20,2026-03-23
18574,141,9,5,2026-03-27,2026-03-28,2026-03-31
18575,141,9,5,2026-04-04,2026-04-06,2026-04-08
18576,141,17,5,2026-04-07,2026-04-09,2026-04-11
18577,141,17,5,2026-04-15,2026-04-17,2026-04-19
18578,141,9,5,2026-04-20,2026-04-22,2026-04-24
18579,141,17,5,2026-04-29,2026-05-02,2026-05-03
18580,141,9,5,2026-05-10,2026-05-11,2026-05-14
18581,141,17,5,2026-05-12,2026-05-15,2026-05-16
18582,141,17,5,2026-05-21,2026-05-23,2026-05-25
18583,141,9,5,2026-05-28,2026-05-31,2026-06-01
18584,141,9,5,2026-06-01,2026-06-04,2026-06-05
18585,141,17,5,2026-06-09,2026-06-10,2026-06-13
18586,141,9,5,2026-06-16,2026-06-18,2026-06-20
18587,141,17,5,2026-06-28,2026-07-01,2026-07-02
18588,141,9,7,2024-07-02,2024-07-04,2024-07-06
18589,141,9,7,2024-07-11,2024-07-12,2024-07-15
18590,141,9,7,2024-07-20,2024-07-22,2024-07-24
18591,141,9,9,2024-07-23,2024-07-24,2024-07-27
18592,141,17,9,2024-08-03,2024-08-05,2024-08-07
18593,141,17,7,2024-08-10,2024-08-13,2024-08-14
18594,141,17,9,2024-08-16,2024-08-19,2024-08-20
18595,141,17,9,2024-08-22,2024-08-23,2024-08-26
18596,141,17,9,2024-08-29,2024-08-30,2024-09-02
18597,141,9,7,2024-09-08,2024-09-09,2024-09-12
18598,141,9,9,2024-09-14,2024-09-16,2024-09-18
18599,141,17,9,2024-09-16,2024-09-18,2024-09-20
18600,141,9,9,2024-09-27,2024-09-29,2024-10-01
18601,141,17,9,2024-10-05,2024-10-07,2024-10-09
18602,141,17,9,2024-10-08,2024-10-10,2024-10-12
18603,141,9,7,2024-10-14,2024-10-16,2024-10-18
18604,141,9,7,2024-10-27,2024-10-29,2024-10-31
18605,141,17,9,2024-11-01,2024-11-04,2024-11-05
18606,141,17,7,2024-11-09,2024-11-12,2024-11-13
18607,141,17,9,2024-11-14,2024-11-15,2024-11-18
18608,141,17,9,2024-11-23,2024-11-26,2024-11-27
18609,141,9,9,2024-12-01,2024-12-03,2024-12-05
18610,141,17,9,2024-12-08,2024-12-10,2024-12-12
18611,141,17,7,2024-12-13,2024-12-16,2024-12-17
18612,141,17,7,2024-12-16,2024-12-18,2024-12-20
18613,141,9,7,2024-12-27,2024-12-30,2024-12-31
18614,141,9,7,2025-01-05,2025-01-06,2025-01-09
18615,141,17,9,2025-01-10,2025-01-13,2025-01-14
18616,141,17,9,2025-01-13,2025-01-15,2025-01-17
18617,141,9,7,2025-01-23,2025-01-26,2025-01-27
18618,141,17,9,2025-01-30,2025-02-01,2025-02-03
18619,141,17,9,2025-02-03,2025-02-04,2025-02-07
18620,141,9,9,2025-02-11,2025-02-13,2025-02-15
18621,141,9,9,2025-02-20,2025-02-21,2025-02-24
18622,141,17,9,2025-03-01,2025-03-02,2025-03-05
18623,141,9,9,2025-03-08,2025-03-09,2025-03-12
18624,141,17,7,2025-03-13,2025-03-15,2025-03-17
18625,141,17,7,2025-03-17,2025-03-20,2025-03-21
18626,141,9,7,2025-03-28,2025-03-31,2025-04-01
18627,141,9,9,2025-04-01,2025-04-02,2025-04-05
18628,141,9,7,2025-04-10,2025-04-12,2025-04-14
18629,141,17,9,2025-04-14,2025-04-16,2025-04-18
18630,141,9,9,2025-04-25,2025-04-28,2025-04-29
18631,141,9,9,2025-05-02,2025-05-04,2025-05-06
18632,141,9,7,2025-05-11,2025-05-13,2025-05-15
18633,141,17,7,2025-05-15,2025-05-18,2025-05-19
18634,141,9,7,2025-05-19,2025-05-20,2025-05-23
18635,141,9,9,2025-05-26,2025-05-29,2025-05-30
18636,141,17,9,2025-06-08,2025-06-10,2025-06-12
18637,141,9,7,2025-06-10,2025-06-13,2025-06-14
18638,141,9,9,2025-06-16,2025-06-17,2025-06-20
18639,141,9,7,2025-06-27,2025-06-28,2025-07-01
18640,141,17,9,2025-07-04,2025-07-05,2025-07-08
18641,141,17,7,2025-07-13,2025-07-16,2025-07-17
18642,141,17,9,2025-07-15,2025-07-17,2025-07-19
18643,141,9,9,2025-07-22,2025-07-23,2025-07-26
18644,141,17,7,2025-07-30,2025-07-31,2025-08-03
18645,141,17,9,2025-08-09,2025-08-10,2025-08-13
18646,141,9,7,2025-08-12,2025-08-15,2025-08-16
18647,141,9,7,2025-08-23,2025-08-25,2025-08-27
18648,141,17,9,2025-08-25,2025-08-27,2025-08-29
18649,141,17,9,2025-09-05,2025-09-08,2025-09-09
18650,141,9,9,2025-09-13,2025-09-16,2025-09-17
18651,141,9,7,2025-09-19,2025-09-22,2025-09-23
18652,141,9,9,2025-09-27,2025-09-29,2025-10-01
18653,141,17,7,2025-10-03,2025-10-05,2025-10-07
18654,141,17,9,2025-10-07,2025-10-08,2025-10-11
18655,141,9,7,2025-10-18,2025-10-19,2025-10-22
18656,141,17,9,2025-10-23,2025-10-26,2025-10-27
18657,141,9,9,2025-10-28,2025-10-31,2025-11-01
18658,141,9,9,2025-11-04,2025-11-07,2025-11-08
18659,141,9,9,2025-11-16,2025-11-19,2025-11-20
18660,141,17,7,2025-11-20,2025-11-23,2025-11-24
18661,141,9,9,2025-11-24,2025-11-25,2025-11-28
18662,141,9,9,2025-12-07,2025-12-10,2025-12-11
18663,141,9,7,2025-12-09,2025-12-12,2025-12-13
18664,141,9,7,2025-12-18,2025-12-21,2025-12-22
18665,141,9,9,2025-12-22,2025-12-25,2025-12-26
18666,141,17,9,2025-12-31,2026-01-02,2026-01-04
18667,141,9,9,2026-01-07,2026-01-09,2026-01-11
18668,141,9,9,2026-01-18,2026-01-20,2026-01-22
18669,141,17,9,2026-01-20,2026-01-23,2026-01-24
18670,141,17,7,2026-01-28,2026-01-31,2026-02-01
18671,141,17,9,2026-02-07,2026-02-10,2026-02-11
18672,141,17,9,2026-02-15,2026-02-16,2026-02-19
18673,141,9,7,2026-02-20,2026-02-21,2026-02-24
18674,141,17,7,2026-02-24,2026-02-26,2026-02-28
18675,141,17,9,2026-03-05,2026-03-06,2026-03-09
18676,141,17,9,2026-03-09,2026-03-12,2026-03-13
18677,141,9,9,2026-03-21,2026-03-24,2026-03-25
18678,141,9,9,2026-03-29,2026-04-01,2026-04-02
18679,141,9,7,2026-03-31,2026-04-01,2026-04-04
18680,141,17,7,2026-04-06,2026-04-08,2026-04-10
18681,141,9,9,2026-04-18,2026-04-21,2026-04-22
18682,141,9,7,2026-04-20,2026-04-21,2026-04-24
18683,141,17,9,2026-05-02,2026-05-04,2026-05-06
18684,141,9,7,2026-05-06,2026-05-09,2026-05-10
18685,141,17,7,2026-05-16,2026-05-18,2026-05-20
18686,141,9,7,2026-05-23,2026-05-26,2026-05-27
18687,141,9,7,2026-05-31,2026-06-03,2026-06-04
18688,141,9,7,2026-06-03,2026-06-06,2026-06-07
18689,141,17,7,2026-06-13,2026-06-15,2026-06-17
18690,141,9,9,2026-06-19,2026-06-21,2026-06-23
18691,141,9,9,2026-06-24,2026-06-25,2026-06-28
18692,141,9,10,2024-07-01,2024-07-02,2024-07-05
18693,141,17,10,2024-07-12,2024-07-15,2024-07-16
18694,141,9,10,2024-07-21,2024-07-22,2024-07-25
18695,141,9,10,2024-07-28,2024-07-30,2024-08-01
18696,141,17,10,2024-08-01,2024-08-04,2024-08-05
18697,141,9,10,2024-08-10,2024-08-12,2024-08-14
18698,141,17,10,2024-08-18,2024-08-19,2024-08-22
18699,141,9,10,2024-08-22,2024-08-25,2024-08-26
18700,141,9,10,2024-08-31,2024-09-02,2024-09-04
18701,141,9,10,2024-09-03,2024-09-06,2024-09-07
18702,141,9,10,2024-09-15,2024-09-17,2024-09-19
18703,141,9,10,2024-09-16,2024-09-18,2024-09-20
18704,141,9,10,2024-09-23,2024-09-26,2024-09-27
18705,141,17,10,2024-10-04,2024-10-05,2024-10-08
18706,141,9,10,2024-10-10,2024-10-12,2024-10-14
18707,141,9,10,2024-10-18,2024-10-20,2024-10-22
18708,141,17,10,2024-10-23,2024-10-26,2024-10-27
18709,141,17,10,2024-10-31,2024-11-03,2024-11-04
18710,141,17,10,2024-11-04,2024-11-05,2024-11-08
18711,141,17,10,2024-11-13,2024-11-16,2024-11-17
18712,141,9,10,2024-11-20,2024-11-22,2024-11-24
18713,141,9,10,2024-11-29,2024-11-30,2024-12-03
18714,141,9,10,2024-12-05,2024-12-06,2024-12-09
18715,141,9,10,2024-12-09,2024-12-11,2024-12-13
18716,141,9,10,2024-12-20,2024-12-22,2024-12-24
18717,141,17,10,2024-12-23,2024-12-24,2024-12-27
18718,141,9,10,2025-01-02,2025-01-04,2025-01-06
18719,141,17,10,2025-01-08,2025-01-11,2025-01-12
18720,141,17,10,2025-01-14,2025-01-15,2025-01-18
18721,141,9,10,2025-01-26,2025-01-27,2025-01-30
18722,141,17,10,2025-02-01,2025-02-02,2025-02-05
18723,141,9,10,2025-02-05,2025-02-07,2025-02-09
18724,141,9,10,2025-02-11,2025-02-14,2025-02-15
18725,141,17,10,2025-02-23,2025-02-25,2025-02-27
18726,141,17,10,2025-02-24,2025-02-27,2025-02-28
18727,141,17,10,2025-03-06,2025-03-09,2025-03-10
18728,141,9,10,2025-03-16,2025-03-18,2025-03-20
18729,141,9,10,2025-03-17,2025-03-18,2025-03-21
18730,141,17,10,2025-03-28,2025-03-29,2025-04-01
18731,141,17,10,2025-04-03,2025-04-06,2025-04-07
18732,141,17,10,2025-04-11,2025-04-13,2025-04-15
18733,141,17,10,2025-04-17,2025-04-20,2025-04-21
18734,141,9,10,2025-04-25,2025-04-28,2025-04-29
18735,141,9,10,2025-05-03,2025-05-06,2025-05-07
18736,141,9,10,2025-05-10,2025-05-13,2025-05-14
18737,141,17,10,2025-05-17,2025-05-20,2025-05-21
18738,141,9,10,2025-05-23,2025-05-24,2025-05-27
18739,141,17,10,2025-06-01,2025-06-02,2025-06-05
18740,141,17,10,2025-06-05,2025-06-07,2025-06-09
18741,141,17,10,2025-06-12,2025-06-15,2025-06-16
18742,141,9,10,2025-06-21,2025-06-24,2025-06-25
18743,141,17,10,2025-06-28,2025-07-01,2025-07-02
18744,141,9,10,2025-07-02,2025-07-05,2025-07-06
18745,141,17,10,2025-07-11,2025-07-14,2025-07-15
18746,141,9,10,2025-07-15,2025-07-17,2025-07-19
18747,141,9,10,2025-07-26,2025-07-27,2025-07-30
18748,141,9,10,2025-08-01,2025-08-04,2025-08-05
18749,141,9,10,2025-08-04,2025-08-06,2025-08-08
18750,141,17,10,2025-08-16,2025-08-18,2025-08-20
18751,141,9,10,2025-08-24,2025-08-26,2025-08-28
18752,141,17,10,2025-08-26,2025-08-29,2025-08-30
18753,141,9,10,2025-09-05,2025-09-08,2025-09-09
18754,141,17,10,2025-09-11,2025-09-14,2025-09-15
18755,141,17,10,2025-09-17,2025-09-18,2025-09-21
18756,141,9,10,2025-09-25,2025-09-26,2025-09-29
18757,141,9,10,2025-09-29,2025-10-02,2025-10-03
18758,141,9,10,2025-10-12,2025-10-15,2025-10-16
18759,141,17,10,2025-10-15,2025-10-18,2025-10-19
18760,141,9,10,2025-10-23,2025-10-26,2025-10-27
18761,141,17,10,2025-10-31,2025-11-01,2025-11-04
18762,141,17,10,2025-11-03,2025-11-06,2025-11-07
18763,141,17,10,2025-11-11,2025-11-12,2025-11-15
18764,141,17,10,2025-11-23,2025-11-24,2025-11-27
18765,141,9,10,2025-11-30,2025-12-03,2025-12-04
18766,141,9,10,2025-12-04,2025-12-05,2025-12-08
18767,141,9,10,2025-12-11,2025-12-14,2025-12-15
18768,141,17,10,2025-12-18,2025-12-19,2025-12-22
18769,141,17,10,2025-12-23,2025-12-26,2025-12-27
18770,141,17,10,2026-01-03,2026-01-04,2026-01-07
18771,141,9,10,2026-01-07,2026-01-08,2026-01-11
18772,141,17,10,2026-01-18,2026-01-20,2026-01-22
18773,141,17,10,2026-01-21,2026-01-24,2026-01-25
18774,141,17,10,2026-01-27,2026-01-30,2026-01-31
18775,141,9,10,2026-02-03,2026-02-05,2026-02-07
18776,141,9,10,2026-02-12,2026-02-14,2026-02-16
18777,141,9,10,2026-02-17,2026-02-20,2026-02-21
18778,141,9,10,2026-03-01,2026-03-02,2026-03-05
18779,141,17,10,2026-03-06,2026-03-09,2026-03-10
18780,141,9,10,2026-03-09,2026-03-11,2026-03-13
18781,141,9,10,2026-03-16,2026-03-19,2026-03-20
18782,141,9,10,2026-03-26,2026-03-28,2026-03-30
18783,141,9,10,2026-04-01,2026-04-02,2026-04-05
18784,141,9,10,2026-04-12,2026-04-13,2026-04-16
18785,141,9,10,2026-04-16,2026-04-19,2026-04-20
18786,141,9,10,2026-04-23,2026-04-26,2026-04-27
18787,141,9,10,2026-05-02,2026-05-04,2026-05-06
18788,141,17,10,2026-05-08,2026-05-10,2026-05-12
18789,141,17,10,2026-05-17,2026-05-20,2026-05-21
18790,141,9,10,2026-05-23,2026-05-24,2026-05-27
18791,141,9,10,2026-05-26,2026-05-28,2026-05-30
18792,141,17,10,2026-06-01,2026-06-03,2026-06-05
18793,141,17,10,2026-06-13,2026-06-15,2026-06-17
18794,141,17,10,2026-06-20,2026-06-23,2026-06-24
18795,141,17,10,2026-06-25,2026-06-27,2026-06-29
18796,141,9,10,2026-06-29,2026-07-02,2026-07-03
18797,142,24,3,2024-07-19,2024-07-20,2024-09-05
18798,142,24,1,2024-09-05,2024-09-06,2024-10-23
18799,142,13,3,2024-09-14,2024-09-15,2024-11-01
18800,142,24,1,2024-10-28,2024-10-30,2024-12-15
18801,142,13,3,2024-12-01,2024-12-02,2025-01-18
18802,142,13,1,2025-01-18,2025-01-19,2025-03-07
18803,142,13,3,2025-03-04,2025-03-06,2025-04-21
18804,142,24,1,2025-03-27,2025-03-28,2025-05-14
18805,142,24,1,2025-05-12,2025-05-14,2025-06-29
18806,142,24,1,2025-06-18,2025-06-19,2025-08-05
18807,142,13,1,2025-07-23,2025-07-24,2025-09-09
18808,142,24,3,2025-08-06,2025-08-07,2025-09-23
18809,142,13,3,2025-09-07,2025-09-09,2025-10-25
18810,142,13,3,2025-10-29,2025-11-01,2025-12-16
18811,142,24,1,2025-12-03,2025-12-05,2026-01-20
18812,142,24,3,2026-01-07,2026-01-10,2026-02-24
18813,142,13,3,2026-02-02,2026-02-05,2026-03-22
18814,142,13,3,2026-03-09,2026-03-12,2026-04-26
18815,142,13,1,2026-04-17,2026-04-18,2026-06-04
18816,142,24,3,2026-05-19,2026-05-21,2026-07-06
18817,142,13,3,2026-06-28,2026-06-29,2026-08-15
18818,142,13,4,2024-07-09,2024-07-12,2024-08-26
18819,142,13,4,2024-08-24,2024-08-26,2024-10-11
18820,142,13,4,2024-10-16,2024-10-18,2024-12-03
18821,142,13,4,2024-11-18,2024-11-20,2025-01-05
18822,142,13,4,2024-12-02,2024-12-05,2025-01-19
18823,142,13,4,2025-01-19,2025-01-20,2025-03-08
18824,142,24,4,2025-03-09,2025-03-11,2025-04-26
18825,142,13,4,2025-03-27,2025-03-29,2025-05-14
18826,142,13,4,2025-05-03,2025-05-05,2025-06-20
18827,142,13,4,2025-05-29,2025-05-31,2025-07-16
18828,142,24,4,2025-07-16,2025-07-17,2025-09-02
18829,142,13,4,2025-08-28,2025-08-31,2025-10-15
18830,142,24,4,2025-09-13,2025-09-15,2025-10-31
18831,142,13,4,2025-11-07,2025-11-08,2025-12-25
18832,142,24,4,2025-11-23,2025-11-24,2026-01-10
18833,142,13,4,2025-12-23,2025-12-26,2026-02-09
18834,142,24,4,2026-02-10,2026-02-13,2026-03-30
18835,142,24,4,2026-03-14,2026-03-17,2026-05-01
18836,142,13,4,2026-04-15,2026-04-18,2026-06-02
18837,142,24,4,2026-05-31,2026-06-02,2026-07-18
18838,142,24,5,2024-07-09,2024-07-12,2024-08-26
18839,142,24,5,2024-09-07,2024-09-09,2024-10-25
18840,142,24,5,2024-09-15,2024-09-16,2024-11-02
18841,142,24,5,2024-11-09,2024-11-12,2024-12-27
18842,142,24,5,2024-12-18,2024-12-20,2025-02-04
18843,142,24,5,2025-01-17,2025-01-19,2025-03-06
18844,142,24,5,2025-02-06,2025-02-09,2025-03-26
18845,142,13,5,2025-03-11,2025-03-12,2025-04-28
18846,142,13,5,2025-05-05,2025-05-08,2025-06-22
18847,142,24,5,2025-05-26,2025-05-27,2025-07-13
18848,142,13,5,2025-07-21,2025-07-24,2025-09-07
18849,142,24,5,2025-08-06,2025-08-09,2025-09-23
18850,142,13,5,2025-10-04,2025-10-05,2025-11-21
18851,142,24,5,2025-10-21,2025-10-23,2025-12-08
18852,142,24,5,2025-12-08,2025-12-10,2026-01-25
18853,142,13,5,2025-12-25,2025-12-26,2026-02-11
18854,142,13,5,2026-03-01,2026-03-04,2026-04-18
18855,142,13,5,2026-03-22,2026-03-24,2026-05-09
18856,142,13,5,2026-04-13,2026-04-15,2026-05-31
18857,142,24,5,2026-05-18,2026-05-19,2026-07-05
18858,142,24,9,2024-08-02,2024-08-05,2024-09-19
18859,142,24,7,2024-08-21,2024-08-23,2024-10-08
18860,142,24,9,2024-10-08,2024-10-09,2024-11-25
18861,142,24,7,2024-11-12,2024-11-13,2024-12-30
18862,142,24,9,2024-11-30,2024-12-03,2025-01-17
18863,142,24,9,2025-01-27,2025-01-29,2025-03-16
18864,142,24,9,2025-02-26,2025-02-28,2025-04-15
18865,142,13,9,2025-04-09,2025-04-10,2025-05-27
18866,142,24,7,2025-05-11,2025-05-13,2025-06-28
18867,142,13,9,2025-06-01,2025-06-04,2025-07-19
18868,142,24,7,2025-07-24,2025-07-25,2025-09-10
18869,142,24,9,2025-08-13,2025-08-15,2025-09-30
18870,142,24,7,2025-10-07,2025-10-09,2025-11-24
18871,142,13,7,2025-11-13,2025-11-16,2025-12-31
18872,142,24,9,2025-11-21,2025-11-23,2026-01-08
18873,142,24,7,2026-01-18,2026-01-21,2026-03-07
18874,142,13,7,2026-01-28,2026-01-31,2026-03-17
18875,142,24,7,2026-04-03,2026-04-06,2026-05-21
18876,142,13,7,2026-04-30,2026-05-01,2026-06-17
18877,142,13,9,2026-05-16,2026-05-17,2026-07-03
18878,142,24,7,2026-06-22,2026-06-23,2026-08-09
18879,142,13,10,2024-07-27,2024-07-29,2024-09-13
18880,142,24,10,2024-08-10,2024-08-13,2024-09-27
18881,142,13,10,2024-09-15,2024-09-16,2024-11-02
18882,142,24,10,2024-11-05,2024-11-08,2024-12-23
18883,142,24,10,2024-12-10,2024-12-13,2025-01-27
18884,142,13,10,2025-01-18,2025-01-19,2025-03-07
18885,142,24,10,2025-02-02,2025-02-05,2025-03-22
18886,142,13,10,2025-03-29,2025-03-31,2025-05-16
18887,142,24,10,2025-04-28,2025-04-29,2025-06-15
18888,142,13,10,2025-06-12,2025-06-13,2025-07-30
18889,142,24,10,2025-07-15,2025-07-18,2025-09-01
18890,142,24,10,2025-08-28,2025-08-30,2025-10-15
18891,142,13,10,2025-09-17,2025-09-18,2025-11-04
18892,142,24,10,2025-10-14,2025-10-15,2025-12-01
18893,142,13,10,2025-11-24,2025-11-26,2026-01-11
18894,142,24,10,2026-01-21,2026-01-22,2026-03-10
18895,142,24,10,2026-02-13,2026-02-14,2026-04-02
18896,142,24,10,2026-03-10,2026-03-13,2026-04-27
18897,142,24,10,2026-04-22,2026-04-25,2026-06-09
18898,142,24,10,2026-06-15,2026-06-16,2026-08-02
18899,143,24,1,2024-07-01,2024-07-04,2024-07-15
18900,143,12,3,2024-07-19,2024-07-22,2024-08-02
18901,143,23,3,2024-07-23,2024-07-26,2024-08-06
18902,143,23,1,2024-08-04,2024-08-07,2024-08-18
18903,143,12,3,2024-08-15,2024-08-17,2024-08-29
18904,143,12,3,2024-08-26,2024-08-27,2024-09-09
18905,143,12,3,2024-09-02,2024-09-03,2024-09-16
18906,143,12,3,2024-09-16,2024-09-17,2024-09-30
18907,143,24,1,2024-09-24,2024-09-26,2024-10-08
18908,143,12,1,2024-10-06,2024-10-07,2024-10-20
18909,143,12,3,2024-10-12,2024-10-14,2024-10-26
18910,143,23,1,2024-10-19,2024-10-20,2024-11-02
18911,143,24,1,2024-11-05,2024-11-08,2024-11-19
18912,143,24,1,2024-11-13,2024-11-16,2024-11-27
18913,143,12,3,2024-11-21,2024-11-23,2024-12-05
18914,143,23,3,2024-12-02,2024-12-05,2024-12-16
18915,143,24,1,2024-12-11,2024-12-14,2024-12-25
18916,143,24,3,2024-12-24,2024-12-26,2025-01-07
18917,143,23,3,2024-12-30,2024-12-31,2025-01-13
18918,143,23,1,2025-01-09,2025-01-11,2025-01-23
18919,143,23,3,2025-01-19,2025-01-20,2025-02-02
18920,143,12,1,2025-01-29,2025-02-01,2025-02-12
18921,143,23,3,2025-02-11,2025-02-14,2025-02-25
18922,143,12,1,2025-02-25,2025-02-27,2025-03-11
18923,143,12,3,2025-02-28,2025-03-02,2025-03-14
18924,143,23,3,2025-03-15,2025-03-18,2025-03-29
18925,143,24,3,2025-03-24,2025-03-26,2025-04-07
18926,143,23,3,2025-04-03,2025-04-05,2025-04-17
18927,143,12,1,2025-04-10,2025-04-12,2025-04-24
18928,143,12,3,2025-04-22,2025-04-23,2025-05-06
18929,143,24,1,2025-04-29,2025-05-02,2025-05-13
18930,143,12,1,2025-05-12,2025-05-14,2025-05-26
18931,143,23,3,2025-05-25,2025-05-28,2025-06-08
18932,143,23,3,2025-05-30,2025-05-31,2025-06-13
18933,143,24,1,2025-06-15,2025-06-17,2025-06-29
18934,143,24,3,2025-06-16,2025-06-18,2025-06-30
18935,143,23,1,2025-06-30,2025-07-02,2025-07-14
18936,143,12,1,2025-07-11,2025-07-14,2025-07-25
18937,143,12,1,2025-07-19,2025-07-21,2025-08-02
18938,143,23,1,2025-08-01,2025-08-03,2025-08-15
18939,143,24,3,2025-08-07,2025-08-09,2025-08-21
18940,143,23,3,2025-08-23,2025-08-26,2025-09-06
18941,143,23,3,2025-09-03,2025-09-05,2025-09-17
18942,143,24,3,2025-09-06,2025-09-08,2025-09-20
18943,143,24,3,2025-09-22,2025-09-24,2025-10-06
18944,143,24,1,2025-09-26,2025-09-29,2025-10-10
18945,143,24,1,2025-10-08,2025-10-10,2025-10-22
18946,143,23,3,2025-10-23,2025-10-24,2025-11-06
18947,143,24,3,2025-10-25,2025-10-26,2025-11-08
18948,143,12,1,2025-11-11,2025-11-14,2025-11-25
18949,143,23,1,2025-11-14,2025-11-17,2025-11-28
18950,143,24,1,2025-11-23,2025-11-25,2025-12-07
18951,143,12,1,2025-12-09,2025-12-11,2025-12-23
18952,143,24,1,2025-12-17,2025-12-20,2025-12-31
18953,143,12,3,2025-12-28,2025-12-29,2026-01-11
18954,143,24,1,2026-01-07,2026-01-10,2026-01-21
18955,143,23,1,2026-01-21,2026-01-23,2026-02-04
18956,143,24,3,2026-01-22,2026-01-24,2026-02-05
18957,143,24,3,2026-02-02,2026-02-04,2026-02-16
18958,143,12,1,2026-02-15,2026-02-18,2026-03-01
18959,143,24,3,2026-02-26,2026-03-01,2026-03-12
18960,143,12,3,2026-03-04,2026-03-07,2026-03-18
18961,143,12,3,2026-03-13,2026-03-16,2026-03-27
18962,143,24,3,2026-03-29,2026-03-31,2026-04-12
18963,143,12,3,2026-04-04,2026-04-07,2026-04-18
18964,143,24,3,2026-04-20,2026-04-23,2026-05-04
18965,143,12,1,2026-04-28,2026-04-29,2026-05-12
18966,143,24,1,2026-05-07,2026-05-09,2026-05-21
18967,143,12,3,2026-05-20,2026-05-23,2026-06-03
18968,143,12,3,2026-05-29,2026-05-31,2026-06-12
18969,143,24,1,2026-06-10,2026-06-13,2026-06-24
18970,143,23,1,2026-06-20,2026-06-22,2026-07-04
18971,143,12,3,2026-06-26,2026-06-29,2026-07-10
18972,143,12,4,2024-07-04,2024-07-06,2024-07-18
18973,143,12,4,2024-07-12,2024-07-14,2024-07-26
18974,143,24,4,2024-07-30,2024-08-01,2024-08-13
18975,143,23,4,2024-08-06,2024-08-08,2024-08-20
18976,143,12,4,2024-08-15,2024-08-17,2024-08-29
18977,143,12,4,2024-08-21,2024-08-24,2024-09-04
18978,143,23,4,2024-08-31,2024-09-03,2024-09-14
18979,143,12,4,2024-09-10,2024-09-11,2024-09-24
18980,143,23,4,2024-09-22,2024-09-25,2024-10-06
18981,143,12,4,2024-10-06,2024-10-08,2024-10-20
18982,143,23,4,2024-10-13,2024-10-16,2024-10-27
18983,143,23,4,2024-10-24,2024-10-27,2024-11-07
18984,143,12,4,2024-10-31,2024-11-02,2024-11-14
18985,143,24,4,2024-11-17,2024-11-18,2024-12-01
18986,143,24,4,2024-11-22,2024-11-24,2024-12-06
18987,143,12,4,2024-11-30,2024-12-02,2024-12-14
18988,143,24,4,2024-12-10,2024-12-12,2024-12-24
18989,143,12,4,2024-12-20,2024-12-21,2025-01-03
18990,143,12,4,2025-01-04,2025-01-06,2025-01-18
18991,143,23,4,2025-01-13,2025-01-16,2025-01-27
18992,143,24,4,2025-01-18,2025-01-19,2025-02-01
18993,143,12,4,2025-02-03,2025-02-04,2025-02-17
18994,143,24,4,2025-02-10,2025-02-11,2025-02-24
18995,143,24,4,2025-02-20,2025-02-21,2025-03-06
18996,143,24,4,2025-03-06,2025-03-08,2025-03-20
18997,143,24,4,2025-03-13,2025-03-15,2025-03-27
18998,143,12,4,2025-03-23,2025-03-26,2025-04-06
18999,143,23,4,2025-04-01,2025-04-03,2025-04-15
19000,143,23,4,2025-04-11,2025-04-12,2025-04-25
19001,143,23,4,2025-04-25,2025-04-27,2025-05-09
19002,143,23,4,2025-04-30,2025-05-02,2025-05-14
19003,143,23,4,2025-05-07,2025-05-10,2025-05-21
19004,143,23,4,2025-05-21,2025-05-22,2025-06-04
19005,143,24,4,2025-05-27,2025-05-29,2025-06-10
19006,143,24,4,2025-06-06,2025-06-08,2025-06-20
19007,143,23,4,2025-06-25,2025-06-26,2025-07-09
19008,143,24,4,2025-07-03,2025-07-06,2025-07-17
19009,143,12,4,2025-07-12,2025-07-15,2025-07-26
19010,143,24,4,2025-07-17,2025-07-20,2025-07-31
19011,143,23,4,2025-07-30,2025-08-02,2025-08-13
19012,143,24,4,2025-08-06,2025-08-08,2025-08-20
19013,143,23,4,2025-08-21,2025-08-24,2025-09-04
19014,143,12,4,2025-08-25,2025-08-27,2025-09-08
19015,143,23,4,2025-09-07,2025-09-09,2025-09-21
19016,143,12,4,2025-09-14,2025-09-16,2025-09-28
19017,143,24,4,2025-10-02,2025-10-03,2025-10-16
19018,143,23,4,2025-10-11,2025-10-12,2025-10-25
19019,143,12,4,2025-10-18,2025-10-21,2025-11-01
19020,143,24,4,2025-11-02,2025-11-05,2025-11-16
19021,143,24,4,2025-11-06,2025-11-09,2025-11-20
19022,143,23,4,2025-11-14,2025-11-17,2025-11-28
19023,143,23,4,2025-11-23,2025-11-26,2025-12-07
19024,143,23,4,2025-12-10,2025-12-12,2025-12-24
19025,143,12,4,2025-12-22,2025-12-24,2026-01-05
19026,143,23,4,2025-12-28,2025-12-31,2026-01-11
19027,143,12,4,2026-01-04,2026-01-05,2026-01-18
19028,143,23,4,2026-01-21,2026-01-23,2026-02-04
19029,143,12,4,2026-01-31,2026-02-01,2026-02-14
19030,143,24,4,2026-02-09,2026-02-11,2026-02-23
19031,143,23,4,2026-02-12,2026-02-13,2026-02-26
19032,143,12,4,2026-02-27,2026-03-01,2026-03-13
19033,143,23,4,2026-03-11,2026-03-14,2026-03-25
19034,143,24,4,2026-03-20,2026-03-23,2026-04-03
19035,143,12,4,2026-03-28,2026-03-31,2026-04-11
19036,143,12,4,2026-04-11,2026-04-13,2026-04-25
19037,143,24,4,2026-04-16,2026-04-17,2026-04-30
19038,143,24,4,2026-04-28,2026-04-29,2026-05-12
19039,143,24,4,2026-05-08,2026-05-09,2026-05-22
19040,143,24,4,2026-05-17,2026-05-18,2026-05-31
19041,143,24,4,2026-05-22,2026-05-24,2026-06-05
19042,143,12,4,2026-06-02,2026-06-05,2026-06-16
19043,143,23,4,2026-06-14,2026-06-16,2026-06-28
19044,143,23,4,2026-06-27,2026-06-29,2026-07-11
19045,143,23,5,2024-07-02,2024-07-04,2024-07-16
19046,143,24,5,2024-07-20,2024-07-22,2024-08-03
19047,143,24,5,2024-07-27,2024-07-28,2024-08-10
19048,143,12,5,2024-08-04,2024-08-06,2024-08-18
19049,143,23,5,2024-08-17,2024-08-18,2024-08-31
19050,143,12,5,2024-08-22,2024-08-25,2024-09-05
19051,143,24,5,2024-09-08,2024-09-10,2024-09-22
19052,143,24,5,2024-09-10,2024-09-12,2024-09-24
19053,143,24,5,2024-09-22,2024-09-24,2024-10-06
19054,143,12,5,2024-10-02,2024-10-03,2024-10-16
19055,143,23,5,2024-10-13,2024-10-16,2024-10-27
19056,143,23,5,2024-10-22,2024-10-23,2024-11-05
19057,143,12,5,2024-11-01,2024-11-03,2024-11-15
19058,143,23,5,2024-11-15,2024-11-16,2024-11-29
19059,143,23,5,2024-11-25,2024-11-27,2024-12-09
19060,143,24,5,2024-12-06,2024-12-08,2024-12-20
19061,143,23,5,2024-12-08,2024-12-11,2024-12-22
19062,143,24,5,2024-12-26,2024-12-28,2025-01-09
19063,143,23,5,2024-12-29,2025-01-01,2025-01-12
19064,143,23,5,2025-01-12,2025-01-14,2025-01-26
19065,143,12,5,2025-01-24,2025-01-25,2025-02-07
19066,143,24,5,2025-01-31,2025-02-03,2025-02-14
19067,143,24,5,2025-02-13,2025-02-15,2025-02-27
19068,143,23,5,2025-02-22,2025-02-23,2025-03-08
19069,143,23,5,2025-02-28,2025-03-01,2025-03-14
19070,143,23,5,2025-03-15,2025-03-16,2025-03-29
19071,143,12,5,2025-03-22,2025-03-24,2025-04-05
19072,143,23,5,2025-04-04,2025-04-05,2025-04-18
19073,143,24,5,2025-04-13,2025-04-16,2025-04-27
19074,143,23,5,2025-04-17,2025-04-19,2025-05-01
19075,143,24,5,2025-05-01,2025-05-04,2025-05-15
19076,143,24,5,2025-05-09,2025-05-12,2025-05-23
19077,143,12,5,2025-05-26,2025-05-28,2025-06-09
19078,143,23,5,2025-06-05,2025-06-07,2025-06-19
19079,143,24,5,2025-06-13,2025-06-15,2025-06-27
19080,143,23,5,2025-06-25,2025-06-27,2025-07-09
19081,143,12,5,2025-07-05,2025-07-08,2025-07-19
19082,143,12,5,2025-07-07,2025-07-10,2025-07-21
19083,143,23,5,2025-07-23,2025-07-26,2025-08-06
19084,143,24,5,2025-08-01,2025-08-04,2025-08-15
19085,143,24,5,2025-08-12,2025-08-15,2025-08-26
19086,143,24,5,2025-08-23,2025-08-25,2025-09-06
19087,143,24,5,2025-08-28,2025-08-31,2025-09-11
19088,143,24,5,2025-09-07,2025-09-09,2025-09-21
19089,143,12,5,2025-09-21,2025-09-24,2025-10-05
19090,143,24,5,2025-09-29,2025-10-02,2025-10-13
19091,143,12,5,2025-10-05,2025-10-08,2025-10-19
19092,143,23,5,2025-10-21,2025-10-24,2025-11-04
19093,143,24,5,2025-10-24,2025-10-27,2025-11-07
19094,143,23,5,2025-11-03,2025-11-05,2025-11-17
19095,143,12,5,2025-11-22,2025-11-25,2025-12-06
19096,143,24,5,2025-12-01,2025-12-02,2025-12-15
19097,143,23,5,2025-12-07,2025-12-08,2025-12-21
19098,143,23,5,2025-12-13,2025-12-16,2025-12-27
19099,143,23,5,2025-12-24,2025-12-27,2026-01-07
19100,143,12,5,2026-01-03,2026-01-05,2026-01-17
19101,143,12,5,2026-01-17,2026-01-20,2026-01-31
19102,143,23,5,2026-01-24,2026-01-25,2026-02-07
19103,143,24,5,2026-02-05,2026-02-06,2026-02-19
19104,143,24,5,2026-02-20,2026-02-22,2026-03-06
19105,143,12,5,2026-02-27,2026-02-28,2026-03-13
19106,143,24,5,2026-03-11,2026-03-14,2026-03-25
19107,143,24,5,2026-03-22,2026-03-24,2026-04-05
19108,143,24,5,2026-03-28,2026-03-29,2026-04-11
19109,143,23,5,2026-04-11,2026-04-14,2026-04-25
19110,143,23,5,2026-04-14,2026-04-15,2026-04-28
19111,143,24,5,2026-04-24,2026-04-27,2026-05-08
19112,143,23,5,2026-05-08,2026-05-11,2026-05-22
19113,143,24,5,2026-05-20,2026-05-21,2026-06-03
19114,143,23,5,2026-05-29,2026-05-30,2026-06-12
19115,143,12,5,2026-06-05,2026-06-06,2026-06-19
19116,143,23,5,2026-06-17,2026-06-18,2026-07-01
19117,143,23,5,2026-06-30,2026-07-03,2026-07-14
19118,143,23,9,2024-07-04,2024-07-06,2024-07-18
19119,143,12,9,2024-07-19,2024-07-22,2024-08-02
19120,143,24,7,2024-07-21,2024-07-24,2024-08-04
19121,143,12,9,2024-08-04,2024-08-07,2024-08-18
19122,143,24,7,2024-08-14,2024-08-15,2024-08-28
19123,143,24,7,2024-08-20,2024-08-22,2024-09-03
19124,143,24,9,2024-08-31,2024-09-02,2024-09-14
19125,143,12,9,2024-09-12,2024-09-13,2024-09-26
19126,143,12,9,2024-09-24,2024-09-27,2024-10-08
19127,143,23,9,2024-10-02,2024-10-04,2024-10-16
19128,143,24,9,2024-10-18,2024-10-19,2024-11-01
19129,143,24,7,2024-10-24,2024-10-26,2024-11-07
19130,143,24,9,2024-10-30,2024-11-01,2024-11-13
19131,143,23,9,2024-11-11,2024-11-12,2024-11-25
19132,143,12,9,2024-11-22,2024-11-24,2024-12-06
19133,143,12,7,2024-12-01,2024-12-04,2024-12-15
19134,143,12,9,2024-12-08,2024-12-11,2024-12-22
19135,143,24,7,2024-12-22,2024-12-23,2025-01-05
19136,143,23,7,2025-01-05,2025-01-08,2025-01-19
19137,143,23,9,2025-01-11,2025-01-13,2025-01-25
19138,143,12,9,2025-01-25,2025-01-27,2025-02-08
19139,143,23,7,2025-02-05,2025-02-07,2025-02-19
19140,143,24,9,2025-02-09,2025-02-10,2025-02-23
19141,143,23,7,2025-02-20,2025-02-21,2025-03-06
19142,143,23,9,2025-03-07,2025-03-08,2025-03-21
19143,143,23,7,2025-03-17,2025-03-18,2025-03-31
19144,143,12,9,2025-03-27,2025-03-28,2025-04-10
19145,143,24,7,2025-04-01,2025-04-04,2025-04-15
19146,143,24,7,2025-04-09,2025-04-10,2025-04-23
19147,143,23,9,2025-04-23,2025-04-26,2025-05-07
19148,143,23,9,2025-05-04,2025-05-05,2025-05-18
19149,143,24,7,2025-05-10,2025-05-11,2025-05-24
19150,143,23,9,2025-05-23,2025-05-25,2025-06-06
19151,143,23,7,2025-05-31,2025-06-02,2025-06-14
19152,143,12,7,2025-06-09,2025-06-12,2025-06-23
19153,143,23,7,2025-06-18,2025-06-19,2025-07-02
19154,143,23,9,2025-07-03,2025-07-06,2025-07-17
19155,143,12,7,2025-07-15,2025-07-18,2025-07-29
19156,143,23,9,2025-07-24,2025-07-25,2025-08-07
19157,143,23,7,2025-08-01,2025-08-04,2025-08-15
19158,143,12,9,2025-08-05,2025-08-08,2025-08-19
19159,143,24,7,2025-08-18,2025-08-20,2025-09-01
19160,143,24,9,2025-09-03,2025-09-04,2025-09-17
19161,143,24,7,2025-09-04,2025-09-06,2025-09-18
19162,143,24,9,2025-09-15,2025-09-16,2025-09-29
19163,143,23,7,2025-10-02,2025-10-04,2025-10-16
19164,143,24,9,2025-10-04,2025-10-05,2025-10-18
19165,143,12,9,2025-10-16,2025-10-19,2025-10-30
19166,143,24,9,2025-11-01,2025-11-04,2025-11-15
19167,143,24,9,2025-11-05,2025-11-08,2025-11-19
19168,143,24,7,2025-11-13,2025-11-16,2025-11-27
19169,143,12,7,2025-11-25,2025-11-26,2025-12-09
19170,143,24,9,2025-12-06,2025-12-08,2025-12-20
19171,143,12,7,2025-12-19,2025-12-22,2026-01-02
19172,143,24,7,2025-12-25,2025-12-26,2026-01-08
19173,143,12,7,2026-01-10,2026-01-13,2026-01-24
19174,143,12,9,2026-01-17,2026-01-19,2026-01-31
19175,143,24,9,2026-01-24,2026-01-26,2026-02-07
19176,143,12,7,2026-02-02,2026-02-03,2026-02-16
19177,143,23,7,2026-02-18,2026-02-20,2026-03-04
19178,143,23,9,2026-02-22,2026-02-24,2026-03-08
19179,143,24,7,2026-03-12,2026-03-13,2026-03-26
19180,143,12,7,2026-03-19,2026-03-21,2026-04-02
19181,143,12,7,2026-03-23,2026-03-25,2026-04-06
19182,143,24,9,2026-04-02,2026-04-05,2026-04-16
19183,143,23,7,2026-04-18,2026-04-20,2026-05-02
19184,143,12,7,2026-04-28,2026-05-01,2026-05-12
19185,143,24,9,2026-05-04,2026-05-06,2026-05-18
19186,143,23,7,2026-05-12,2026-05-13,2026-05-26
19187,143,23,9,2026-05-24,2026-05-25,2026-06-07
19188,143,12,7,2026-06-07,2026-06-10,2026-06-21
19189,143,12,7,2026-06-12,2026-06-15,2026-06-26
19190,143,24,9,2026-06-23,2026-06-24,2026-07-07
19191,143,24,10,2024-07-06,2024-07-08,2024-07-20
19192,143,24,10,2024-07-12,2024-07-14,2024-07-26
19193,143,23,10,2024-07-26,2024-07-27,2024-08-09
19194,143,23,10,2024-08-01,2024-08-04,2024-08-15
19195,143,23,10,2024-08-14,2024-08-16,2024-08-28
19196,143,23,10,2024-08-24,2024-08-26,2024-09-07
19197,143,24,10,2024-08-31,2024-09-02,2024-09-14
19198,143,24,10,2024-09-14,2024-09-15,2024-09-28
19199,143,12,10,2024-09-27,2024-09-28,2024-10-11
19200,143,12,10,2024-09-30,2024-10-03,2024-10-14
19201,143,24,10,2024-10-15,2024-10-18,2024-10-29
19202,143,23,10,2024-10-27,2024-10-30,2024-11-10
19203,143,23,10,2024-11-01,2024-11-04,2024-11-15
19204,143,23,10,2024-11-15,2024-11-18,2024-11-29
19205,143,12,10,2024-11-27,2024-11-28,2024-12-11
19206,143,24,10,2024-12-03,2024-12-04,2024-12-17
19207,143,24,10,2024-12-16,2024-12-17,2024-12-30
19208,143,24,10,2024-12-20,2024-12-21,2025-01-03
19209,143,12,10,2025-01-04,2025-01-05,2025-01-18
19210,143,24,10,2025-01-11,2025-01-14,2025-01-25
19211,143,24,10,2025-01-25,2025-01-27,2025-02-08
19212,143,24,10,2025-02-03,2025-02-05,2025-02-17
19213,143,24,10,2025-02-13,2025-02-15,2025-02-27
19214,143,12,10,2025-02-21,2025-02-22,2025-03-07
19215,143,23,10,2025-03-02,2025-03-04,2025-03-16
19216,143,23,10,2025-03-14,2025-03-16,2025-03-28
19217,143,24,10,2025-03-18,2025-03-21,2025-04-01
19218,143,24,10,2025-04-05,2025-04-06,2025-04-19
19219,143,23,10,2025-04-08,2025-04-11,2025-04-22
19220,143,12,10,2025-04-23,2025-04-25,2025-05-07
19221,143,23,10,2025-05-01,2025-05-02,2025-05-15
19222,143,24,10,2025-05-07,2025-05-09,2025-05-21
19223,143,24,10,2025-05-18,2025-05-20,2025-06-01
19224,143,12,10,2025-05-30,2025-05-31,2025-06-13
19225,143,12,10,2025-06-11,2025-06-13,2025-06-25
19226,143,23,10,2025-06-21,2025-06-23,2025-07-05
19227,143,12,10,2025-07-01,2025-07-02,2025-07-15
19228,143,23,10,2025-07-12,2025-07-13,2025-07-26
19229,143,23,10,2025-07-22,2025-07-25,2025-08-05
19230,143,12,10,2025-08-01,2025-08-02,2025-08-15
19231,143,23,10,2025-08-13,2025-08-15,2025-08-27
19232,143,12,10,2025-08-22,2025-08-24,2025-09-05
19233,143,12,10,2025-08-29,2025-08-31,2025-09-12
19234,143,12,10,2025-09-09,2025-09-10,2025-09-23
19235,143,24,10,2025-09-18,2025-09-20,2025-10-02
19236,143,23,10,2025-09-29,2025-09-30,2025-10-13
19237,143,12,10,2025-10-10,2025-10-11,2025-10-24
19238,143,24,10,2025-10-21,2025-10-23,2025-11-04
19239,143,24,10,2025-10-26,2025-10-28,2025-11-09
19240,143,12,10,2025-11-08,2025-11-09,2025-11-22
19241,143,24,10,2025-11-17,2025-11-20,2025-12-01
19242,143,12,10,2025-12-02,2025-12-03,2025-12-16
19243,143,12,10,2025-12-05,2025-12-07,2025-12-19
19244,143,23,10,2025-12-19,2025-12-21,2026-01-02
19245,143,12,10,2026-01-01,2026-01-03,2026-01-15
19246,143,12,10,2026-01-03,2026-01-05,2026-01-17
19247,143,24,10,2026-01-12,2026-01-13,2026-01-26
19248,143,24,10,2026-01-30,2026-01-31,2026-02-13
19249,143,24,10,2026-02-09,2026-02-10,2026-02-23
19250,143,23,10,2026-02-16,2026-02-17,2026-03-02
19251,143,23,10,2026-02-21,2026-02-24,2026-03-07
19252,143,23,10,2026-03-05,2026-03-08,2026-03-19
19253,143,24,10,2026-03-19,2026-03-20,2026-04-02
19254,143,12,10,2026-03-23,2026-03-26,2026-04-06
19255,143,12,10,2026-04-04,2026-04-07,2026-04-18
19256,143,24,10,2026-04-13,2026-04-16,2026-04-27
19257,143,12,10,2026-04-25,2026-04-28,2026-05-09
19258,143,24,10,2026-05-09,2026-05-12,2026-05-23
19259,143,23,10,2026-05-20,2026-05-22,2026-06-03
19260,143,23,10,2026-05-24,2026-05-26,2026-06-07
19261,143,12,10,2026-06-01,2026-06-04,2026-06-15
19262,143,23,10,2026-06-12,2026-06-13,2026-06-26
19263,143,23,10,2026-06-30,2026-07-02,2026-07-14
19264,144,1,1,2024-07-12,2024-07-13,2024-08-13
19265,144,13,1,2024-08-02,2024-08-05,2024-09-03
19266,144,13,1,2024-08-21,2024-08-22,2024-09-22
19267,144,1,1,2024-09-24,2024-09-26,2024-10-26
19268,144,13,3,2024-10-09,2024-10-11,2024-11-10
19269,144,17,3,2024-11-03,2024-11-06,2024-12-05
19270,144,1,1,2024-11-22,2024-11-25,2024-12-24
19271,144,13,3,2025-01-04,2025-01-07,2025-02-05
19272,144,13,1,2025-01-31,2025-02-03,2025-03-04
19273,144,17,3,2025-02-06,2025-02-07,2025-03-10
19274,144,1,3,2025-03-17,2025-03-20,2025-04-18
19275,144,17,1,2025-04-13,2025-04-15,2025-05-15
19276,144,1,3,2025-05-02,2025-05-05,2025-06-03
19277,144,17,3,2025-05-21,2025-05-22,2025-06-22
19278,144,13,3,2025-06-04,2025-06-06,2025-07-06
19279,144,13,1,2025-06-28,2025-06-29,2025-07-30
19280,144,17,3,2025-08-06,2025-08-07,2025-09-07
19281,144,17,1,2025-08-17,2025-08-19,2025-09-18
19282,144,1,3,2025-09-14,2025-09-15,2025-10-16
19283,144,13,1,2025-10-05,2025-10-08,2025-11-06
19284,144,17,1,2025-11-09,2025-11-12,2025-12-11
19285,144,13,3,2025-12-04,2025-12-05,2026-01-05
19286,144,13,3,2025-12-21,2025-12-22,2026-01-22
19287,144,1,3,2026-01-04,2026-01-07,2026-02-05
19288,144,1,3,2026-01-31,2026-02-02,2026-03-04
19289,144,17,1,2026-03-14,2026-03-16,2026-04-15
19290,144,1,3,2026-04-04,2026-04-07,2026-05-06
19291,144,1,1,2026-04-29,2026-04-30,2026-05-31
19292,144,1,1,2026-05-09,2026-05-11,2026-06-10
19293,144,13,3,2026-06-15,2026-06-16,2026-07-17
19294,144,13,4,2024-07-02,2024-07-05,2024-08-03
19295,144,1,4,2024-08-14,2024-08-17,2024-09-15
19296,144,13,4,2024-09-01,2024-09-03,2024-10-03
19297,144,13,4,2024-10-02,2024-10-05,2024-11-03
19298,144,17,4,2024-10-15,2024-10-18,2024-11-16
19299,144,13,4,2024-11-19,2024-11-21,2024-12-21
19300,144,17,4,2024-12-07,2024-12-08,2025-01-08
19301,144,13,4,2025-01-05,2025-01-06,2025-02-06
19302,144,13,4,2025-01-29,2025-02-01,2025-03-02
19303,144,1,4,2025-02-18,2025-02-19,2025-03-22
19304,144,13,4,2025-03-01,2025-03-03,2025-04-02
19305,144,13,4,2025-04-01,2025-04-04,2025-05-03
19306,144,17,4,2025-04-17,2025-04-19,2025-05-19
19307,144,1,4,2025-06-01,2025-06-03,2025-07-03
19308,144,13,4,2025-06-06,2025-06-08,2025-07-08
19309,144,17,4,2025-07-10,2025-07-13,2025-08-11
19310,144,17,4,2025-07-25,2025-07-27,2025-08-26
19311,144,13,4,2025-09-02,2025-09-04,2025-10-04
19312,144,17,4,2025-09-09,2025-09-10,2025-10-11
19313,144,1,4,2025-10-11,2025-10-13,2025-11-12
19314,144,1,4,2025-11-16,2025-11-19,2025-12-18
19315,144,1,4,2025-11-28,2025-11-30,2025-12-30
19316,144,13,4,2025-12-28,2025-12-29,2026-01-29
19317,144,17,4,2026-01-13,2026-01-15,2026-02-14
19318,144,13,4,2026-01-30,2026-01-31,2026-03-03
19319,144,13,4,2026-03-03,2026-03-06,2026-04-04
19320,144,17,4,2026-03-23,2026-03-24,2026-04-24
19321,144,13,4,2026-04-11,2026-04-14,2026-05-13
19322,144,17,4,2026-05-14,2026-05-17,2026-06-15
19323,144,17,4,2026-05-28,2026-05-29,2026-06-29
19324,144,1,4,2026-06-21,2026-06-24,2026-07-23
19325,144,17,5,2024-07-09,2024-07-11,2024-08-10
19326,144,17,5,2024-07-29,2024-07-30,2024-08-30
19327,144,17,5,2024-09-06,2024-09-07,2024-10-08
19328,144,13,5,2024-09-23,2024-09-26,2024-10-25
19329,144,17,5,2024-10-22,2024-10-23,2024-11-23
19330,144,17,5,2024-11-07,2024-11-10,2024-12-09
19331,144,17,5,2024-12-10,2024-12-12,2025-01-11
19332,144,13,5,2025-01-05,2025-01-07,2025-02-06
19333,144,13,5,2025-01-25,2025-01-26,2025-02-26
19334,144,13,5,2025-02-08,2025-02-10,2025-03-12
19335,144,17,5,2025-03-05,2025-03-06,2025-04-06
19336,144,17,5,2025-03-23,2025-03-25,2025-04-24
19337,144,1,5,2025-04-22,2025-04-25,2025-05-24
19338,144,17,5,2025-05-09,2025-05-12,2025-06-10
19339,144,1,5,2025-06-25,2025-06-27,2025-07-27
19340,144,13,5,2025-06-30,2025-07-03,2025-08-01
19341,144,13,5,2025-08-01,2025-08-04,2025-09-02
19342,144,13,5,2025-09-02,2025-09-03,2025-10-04
19343,144,1,5,2025-09-21,2025-09-22,2025-10-23
19344,144,1,5,2025-10-22,2025-10-23,2025-11-23
19345,144,13,5,2025-10-27,2025-10-30,2025-11-28
19346,144,1,5,2025-11-26,2025-11-27,2025-12-28
19347,144,1,5,2025-12-26,2025-12-29,2026-01-27
19348,144,17,5,2026-01-15,2026-01-18,2026-02-16
19349,144,1,5,2026-02-07,2026-02-09,2026-03-11
19350,144,1,5,2026-03-01,2026-03-04,2026-04-02
19351,144,17,5,2026-03-18,2026-03-19,2026-04-19
19352,144,1,5,2026-04-21,2026-04-24,2026-05-23
19353,144,1,5,2026-05-19,2026-05-22,2026-06-20
19354,144,17,5,2026-05-31,2026-06-03,2026-07-02
19355,144,17,5,2026-06-28,2026-07-01,2026-07-30
19356,144,17,7,2024-07-07,2024-07-08,2024-08-08
19357,144,17,9,2024-08-17,2024-08-20,2024-09-18
19358,144,1,9,2024-08-29,2024-08-30,2024-09-30
19359,144,17,9,2024-10-04,2024-10-06,2024-11-05
19360,144,1,9,2024-10-23,2024-10-25,2024-11-24
19361,144,17,7,2024-11-08,2024-11-10,2024-12-10
19362,144,17,7,2024-11-28,2024-12-01,2024-12-30
19363,144,1,9,2024-12-26,2024-12-29,2025-01-27
19364,144,13,9,2025-01-10,2025-01-12,2025-02-11
19365,144,17,7,2025-02-07,2025-02-10,2025-03-11
19366,144,13,9,2025-03-15,2025-03-16,2025-04-16
19367,144,1,7,2025-03-27,2025-03-29,2025-04-28
19368,144,17,7,2025-05-08,2025-05-11,2025-06-09
19369,144,1,7,2025-05-19,2025-05-20,2025-06-20
19370,144,17,9,2025-06-20,2025-06-23,2025-07-22
19371,144,13,9,2025-07-06,2025-07-07,2025-08-07
19372,144,13,9,2025-08-06,2025-08-08,2025-09-07
19373,144,17,7,2025-09-03,2025-09-05,2025-10-05
19374,144,13,9,2025-09-16,2025-09-17,2025-10-18
19375,144,1,7,2025-10-01,2025-10-02,2025-11-02
19376,144,1,9,2025-11-10,2025-11-12,2025-12-12
19377,144,17,9,2025-12-05,2025-12-07,2026-01-06
19378,144,1,9,2025-12-14,2025-12-15,2026-01-15
19379,144,13,9,2026-01-20,2026-01-23,2026-02-21
19380,144,13,7,2026-02-02,2026-02-05,2026-03-06
19381,144,1,9,2026-03-07,2026-03-08,2026-04-08
19382,144,17,7,2026-03-25,2026-03-27,2026-04-26
19383,144,13,7,2026-04-17,2026-04-20,2026-05-19
19384,144,1,7,2026-05-22,2026-05-24,2026-06-23
19385,144,1,7,2026-06-04,2026-06-07,2026-07-06
19386,144,17,9,2026-06-28,2026-06-29,2026-07-30
19387,144,17,10,2024-07-01,2024-07-04,2024-08-02
19388,144,17,10,2024-07-25,2024-07-27,2024-08-26
19389,144,13,10,2024-08-27,2024-08-28,2024-09-28
19390,144,17,10,2024-10-04,2024-10-07,2024-11-05
19391,144,13,10,2024-10-27,2024-10-28,2024-11-28
19392,144,13,10,2024-11-15,2024-11-16,2024-12-17
19393,144,13,10,2024-11-26,2024-11-28,2024-12-28
19394,144,17,10,2024-12-24,2024-12-27,2025-01-25
19395,144,17,10,2025-01-10,2025-01-11,2025-02-11
19396,144,17,10,2025-02-16,2025-02-19,2025-03-20
19397,144,1,10,2025-03-09,2025-03-10,2025-04-10
19398,144,13,10,2025-04-07,2025-04-10,2025-05-09
19399,144,17,10,2025-04-28,2025-05-01,2025-05-30
19400,144,1,10,2025-05-26,2025-05-28,2025-06-27
19401,144,13,10,2025-06-21,2025-06-23,2025-07-23
19402,144,1,10,2025-07-13,2025-07-16,2025-08-14
19403,144,17,10,2025-08-12,2025-08-13,2025-09-13
19404,144,17,10,2025-08-29,2025-08-30,2025-09-30
19405,144,1,10,2025-09-07,2025-09-10,2025-10-09
19406,144,1,10,2025-10-22,2025-10-25,2025-11-23
19407,144,1,10,2025-10-29,2025-10-30,2025-11-30
19408,144,17,10,2025-11-21,2025-11-24,2025-12-23
19409,144,1,10,2025-12-23,2025-12-25,2026-01-24
19410,144,1,10,2026-01-25,2026-01-26,2026-02-26
19411,144,13,10,2026-02-03,2026-02-04,2026-03-07
19412,144,17,10,2026-03-07,2026-03-09,2026-04-08
19413,144,13,10,2026-03-25,2026-03-28,2026-04-26
19414,144,1,10,2026-04-11,2026-04-13,2026-05-13
19415,144,17,10,2026-05-18,2026-05-19,2026-06-19
19416,144,17,10,2026-06-15,2026-06-18,2026-07-17
19417,144,13,10,2026-06-25,2026-06-28,2026-07-27
19418,145,11,8,2024-10-08,2024-10-10,2026-03-27
19419,145,4,10,2024-12-12,2024-12-13,2026-05-31
19420,145,11,10,2025-05-09,2025-05-10,2026-10-26
19421,145,11,2,2025-08-21,2025-08-23,2027-02-07
19422,145,4,8,2026-02-17,2026-02-20,2027-08-06
19423,145,4,2,2026-04-10,2026-04-12,2027-09-27
19424,146,9,3,2024-07-04,2024-07-06,2024-07-08
19425,146,12,3,2024-07-13,2024-07-16,2024-07-17
19426,146,12,1,2024-07-17,2024-07-20,2024-07-21
19427,146,12,1,2024-07-27,2024-07-29,2024-07-31
19428,146,12,1,2024-08-01,2024-08-02,2024-08-05
19429,146,12,3,2024-08-05,2024-08-07,2024-08-09
19430,146,12,3,2024-08-18,2024-08-21,2024-08-22
19431,146,9,1,2024-08-24,2024-08-27,2024-08-28
19432,146,9,3,2024-08-31,2024-09-01,2024-09-04
19433,146,9,1,2024-09-06,2024-09-09,2024-09-10
19434,146,12,1,2024-09-10,2024-09-13,2024-09-14
19435,146,9,3,2024-09-22,2024-09-24,2024-09-26
19436,146,9,1,2024-09-24,2024-09-25,2024-09-28
19437,146,12,3,2024-10-06,2024-10-09,2024-10-10
19438,146,12,1,2024-10-12,2024-10-14,2024-10-16
19439,146,9,1,2024-10-15,2024-10-18,2024-10-19
19440,146,12,1,2024-10-23,2024-10-25,2024-10-27
19441,146,12,1,2024-10-31,2024-11-02,2024-11-04
19442,146,12,3,2024-11-08,2024-11-09,2024-11-12
19443,146,12,3,2024-11-12,2024-11-15,2024-11-16
19444,146,12,1,2024-11-24,2024-11-26,2024-11-28
19445,146,9,3,2024-11-27,2024-11-30,2024-12-01
19446,146,9,3,2024-12-04,2024-12-06,2024-12-08
19447,146,12,3,2024-12-13,2024-12-16,2024-12-17
19448,146,9,3,2024-12-16,2024-12-19,2024-12-20
19449,146,12,3,2024-12-23,2024-12-26,2024-12-27
19450,146,12,1,2025-01-04,2025-01-06,2025-01-08
19451,146,12,3,2025-01-11,2025-01-14,2025-01-15
19452,146,9,1,2025-01-13,2025-01-16,2025-01-17
19453,146,9,3,2025-01-26,2025-01-28,2025-01-30
19454,146,12,1,2025-01-31,2025-02-03,2025-02-04
19455,146,9,1,2025-02-03,2025-02-06,2025-02-07
19456,146,9,1,2025-02-14,2025-02-16,2025-02-18
19457,146,12,1,2025-02-23,2025-02-26,2025-02-27
19458,146,12,3,2025-02-27,2025-02-28,2025-03-03
19459,146,12,3,2025-03-04,2025-03-07,2025-03-08
19460,146,12,1,2025-03-11,2025-03-13,2025-03-15
19461,146,9,1,2025-03-18,2025-03-20,2025-03-22
19462,146,12,1,2025-03-30,2025-04-02,2025-04-03
19463,146,9,3,2025-04-04,2025-04-07,2025-04-08
19464,146,12,1,2025-04-11,2025-04-14,2025-04-15
19465,146,9,1,2025-04-14,2025-04-17,2025-04-18
19466,146,9,1,2025-04-25,2025-04-27,2025-04-29
19467,146,12,1,2025-05-04,2025-05-05,2025-05-08
19468,146,12,3,2025-05-08,2025-05-09,2025-05-12
19469,146,9,1,2025-05-16,2025-05-17,2025-05-20
19470,146,12,3,2025-05-21,2025-05-22,2025-05-25
19471,146,12,3,2025-05-31,2025-06-02,2025-06-04
19472,146,12,1,2025-06-04,2025-06-05,2025-06-08
19473,146,9,1,2025-06-15,2025-06-17,2025-06-19
19474,146,9,1,2025-06-16,2025-06-17,2025-06-20
19475,146,12,1,2025-06-27,2025-06-29,2025-07-01
19476,146,9,1,2025-06-30,2025-07-02,2025-07-04
19477,146,9,1,2025-07-13,2025-07-15,2025-07-17
19478,146,12,1,2025-07-15,2025-07-16,2025-07-19
19479,146,9,1,2025-07-21,2025-07-23,2025-07-25
19480,146,12,3,2025-08-03,2025-08-06,2025-08-07
19481,146,12,3,2025-08-06,2025-08-08,2025-08-10
19482,146,12,3,2025-08-14,2025-08-16,2025-08-18
19483,146,12,3,2025-08-22,2025-08-25,2025-08-26
19484,146,12,1,2025-08-27,2025-08-30,2025-08-31
19485,146,9,1,2025-09-06,2025-09-09,2025-09-10
19486,146,9,3,2025-09-11,2025-09-13,2025-09-15
19487,146,9,1,2025-09-15,2025-09-18,2025-09-19
19488,146,9,3,2025-09-26,2025-09-29,2025-09-30
19489,146,12,3,2025-09-30,2025-10-03,2025-10-04
19490,146,9,1,2025-10-12,2025-10-14,2025-10-16
19491,146,12,1,2025-10-19,2025-10-22,2025-10-23
19492,146,9,3,2025-10-25,2025-10-27,2025-10-29
19493,146,12,3,2025-11-02,2025-11-05,2025-11-06
19494,146,12,3,2025-11-06,2025-11-07,2025-11-10
19495,146,12,3,2025-11-10,2025-11-12,2025-11-14
19496,146,12,1,2025-11-22,2025-11-24,2025-11-26
19497,146,12,3,2025-11-25,2025-11-28,2025-11-29
19498,146,9,1,2025-12-05,2025-12-08,2025-12-09
19499,146,12,3,2025-12-11,2025-12-13,2025-12-15
19500,146,9,3,2025-12-16,2025-12-18,2025-12-20
19501,146,12,3,2025-12-24,2025-12-27,2025-12-28
19502,146,9,1,2025-12-30,2026-01-02,2026-01-03
19503,146,12,3,2026-01-08,2026-01-10,2026-01-12
19504,146,12,3,2026-01-15,2026-01-16,2026-01-19
19505,146,9,1,2026-01-20,2026-01-21,2026-01-24
19506,146,9,1,2026-01-28,2026-01-29,2026-02-01
19507,146,9,1,2026-02-05,2026-02-06,2026-02-09
19508,146,9,3,2026-02-12,2026-02-14,2026-02-16
19509,146,12,3,2026-02-20,2026-02-22,2026-02-24
19510,146,12,1,2026-02-23,2026-02-24,2026-02-27
19511,146,9,3,2026-03-03,2026-03-06,2026-03-07
19512,146,12,3,2026-03-14,2026-03-16,2026-03-18
19513,146,12,1,2026-03-21,2026-03-23,2026-03-25
19514,146,12,3,2026-03-26,2026-03-27,2026-03-30
19515,146,12,3,2026-03-30,2026-04-02,2026-04-03
19516,146,9,1,2026-04-12,2026-04-13,2026-04-16
19517,146,9,1,2026-04-16,2026-04-19,2026-04-20
19518,146,12,3,2026-04-20,2026-04-23,2026-04-24
19519,146,9,3,2026-05-02,2026-05-05,2026-05-06
19520,146,9,1,2026-05-08,2026-05-09,2026-05-12
19521,146,12,1,2026-05-15,2026-05-18,2026-05-19
19522,146,12,1,2026-05-22,2026-05-23,2026-05-26
19523,146,12,3,2026-05-27,2026-05-30,2026-05-31
19524,146,9,3,2026-06-07,2026-06-10,2026-06-11
19525,146,9,3,2026-06-13,2026-06-14,2026-06-17
19526,146,12,3,2026-06-18,2026-06-20,2026-06-22
19527,146,12,3,2026-06-27,2026-06-28,2026-07-01
19528,146,12,1,2026-06-29,2026-07-02,2026-07-03
19529,146,9,4,2024-07-03,2024-07-05,2024-07-07
19530,146,9,4,2024-07-14,2024-07-17,2024-07-18
19531,146,12,4,2024-07-21,2024-07-24,2024-07-25
19532,146,9,4,2024-07-27,2024-07-29,2024-07-31
19533,146,12,4,2024-07-30,2024-08-02,2024-08-03
19534,146,9,4,2024-08-10,2024-08-11,2024-08-14
19535,146,9,4,2024-08-14,2024-08-15,2024-08-18
19536,146,9,4,2024-08-23,2024-08-26,2024-08-27
19537,146,9,4,2024-08-29,2024-09-01,2024-09-02
19538,146,12,4,2024-09-07,2024-09-09,2024-09-11
19539,146,9,4,2024-09-14,2024-09-15,2024-09-18
19540,146,12,4,2024-09-16,2024-09-18,2024-09-20
19541,146,12,4,2024-09-24,2024-09-26,2024-09-28
19542,146,9,4,2024-10-03,2024-10-04,2024-10-07
19543,146,9,4,2024-10-08,2024-10-10,2024-10-12
19544,146,9,4,2024-10-17,2024-10-19,2024-10-21
19545,146,12,4,2024-10-22,2024-10-24,2024-10-26
19546,146,12,4,2024-10-28,2024-10-30,2024-11-01
19547,146,9,4,2024-11-07,2024-11-09,2024-11-11
19548,146,12,4,2024-11-13,2024-11-16,2024-11-17
19549,146,9,4,2024-11-22,2024-11-24,2024-11-26
19550,146,12,4,2024-11-28,2024-12-01,2024-12-02
19551,146,12,4,2024-12-04,2024-12-06,2024-12-08
19552,146,9,4,2024-12-14,2024-12-15,2024-12-18
19553,146,12,4,2024-12-17,2024-12-19,2024-12-21
19554,146,9,4,2024-12-25,2024-12-27,2024-12-29
19555,146,9,4,2024-12-31,2025-01-03,2025-01-04
19556,146,9,4,2025-01-06,2025-01-08,2025-01-10
19557,146,12,4,2025-01-16,2025-01-17,2025-01-20
19558,146,9,4,2025-01-20,2025-01-22,2025-01-24
19559,146,12,4,2025-01-28,2025-01-29,2025-02-01
19560,146,12,4,2025-02-03,2025-02-04,2025-02-07
19561,146,9,4,2025-02-11,2025-02-13,2025-02-15
19562,146,9,4,2025-02-17,2025-02-20,2025-02-21
19563,146,12,4,2025-02-25,2025-02-28,2025-03-01
19564,146,9,4,2025-03-08,2025-03-10,2025-03-12
19565,146,12,4,2025-03-15,2025-03-17,2025-03-19
19566,146,9,4,2025-03-19,2025-03-20,2025-03-23
19567,146,9,4,2025-03-24,2025-03-26,2025-03-28
19568,146,9,4,2025-04-03,2025-04-05,2025-04-07
19569,146,9,4,2025-04-11,2025-04-14,2025-04-15
19570,146,9,4,2025-04-18,2025-04-20,2025-04-22
19571,146,9,4,2025-04-23,2025-04-25,2025-04-27
19572,146,9,4,2025-04-28,2025-05-01,2025-05-02
19573,146,12,4,2025-05-07,2025-05-09,2025-05-11
19574,146,9,4,2025-05-18,2025-05-20,2025-05-22
19575,146,12,4,2025-05-22,2025-05-25,2025-05-26
19576,146,9,4,2025-05-31,2025-06-02,2025-06-04
19577,146,12,4,2025-06-07,2025-06-08,2025-06-11
19578,146,12,4,2025-06-11,2025-06-12,2025-06-15
19579,146,9,4,2025-06-19,2025-06-22,2025-06-23
19580,146,12,4,2025-06-23,2025-06-25,2025-06-27
19581,146,9,4,2025-06-30,2025-07-02,2025-07-04
19582,146,9,4,2025-07-08,2025-07-11,2025-07-12
19583,146,9,4,2025-07-17,2025-07-19,2025-07-21
19584,146,12,4,2025-07-23,2025-07-26,2025-07-27
19585,146,9,4,2025-08-01,2025-08-02,2025-08-05
19586,146,9,4,2025-08-05,2025-08-06,2025-08-09
19587,146,9,4,2025-08-13,2025-08-15,2025-08-17
19588,146,12,4,2025-08-24,2025-08-27,2025-08-28
19589,146,9,4,2025-08-30,2025-08-31,2025-09-03
19590,146,9,4,2025-09-03,2025-09-04,2025-09-07
19591,146,12,4,2025-09-09,2025-09-12,2025-09-13
19592,146,12,4,2025-09-18,2025-09-20,2025-09-22
19593,146,12,4,2025-09-27,2025-09-29,2025-10-01
19594,146,9,4,2025-10-05,2025-10-07,2025-10-09
19595,146,12,4,2025-10-09,2025-10-12,2025-10-13
19596,146,12,4,2025-10-13,2025-10-14,2025-10-17
19597,146,9,4,2025-10-20,2025-10-23,2025-10-24
19598,146,12,4,2025-11-02,2025-11-04,2025-11-06
19599,146,12,4,2025-11-04,2025-11-06,2025-11-08
19600,146,12,4,2025-11-10,2025-11-12,2025-11-14
19601,146,12,4,2025-11-22,2025-11-25,2025-11-26
19602,146,12,4,2025-11-29,2025-12-01,2025-12-03
19603,146,9,4,2025-12-06,2025-12-07,2025-12-10
19604,146,9,4,2025-12-09,2025-12-11,2025-12-13
19605,146,12,4,2025-12-18,2025-12-20,2025-12-22
19606,146,12,4,2025-12-24,2025-12-26,2025-12-28
19607,146,9,4,2026-01-02,2026-01-04,2026-01-06
19608,146,12,4,2026-01-06,2026-01-08,2026-01-10
19609,146,9,4,2026-01-16,2026-01-19,2026-01-20
19610,146,12,4,2026-01-19,2026-01-21,2026-01-23
19611,146,9,4,2026-01-26,2026-01-28,2026-01-30
19612,146,12,4,2026-02-03,2026-02-04,2026-02-07
19613,146,9,4,2026-02-15,2026-02-18,2026-02-19
19614,146,12,4,2026-02-18,2026-02-21,2026-02-22
19615,146,9,4,2026-02-27,2026-03-01,2026-03-03
19616,146,9,4,2026-03-06,2026-03-08,2026-03-10
19617,146,9,4,2026-03-09,2026-03-10,2026-03-13
19618,146,12,4,2026-03-21,2026-03-23,2026-03-25
19619,146,9,4,2026-03-23,2026-03-24,2026-03-27
19620,146,9,4,2026-04-05,2026-04-08,2026-04-09
19621,146,12,4,2026-04-09,2026-04-11,2026-04-13
19622,146,9,4,2026-04-16,2026-04-17,2026-04-20
19623,146,9,4,2026-04-26,2026-04-27,2026-04-30
19624,146,9,4,2026-05-02,2026-05-03,2026-05-06
19625,146,12,4,2026-05-05,2026-05-07,2026-05-09
19626,146,12,4,2026-05-11,2026-05-14,2026-05-15
19627,146,12,4,2026-05-21,2026-05-23,2026-05-25
19628,146,9,4,2026-05-27,2026-05-30,2026-05-31
19629,146,9,4,2026-06-06,2026-06-09,2026-06-10
19630,146,9,4,2026-06-13,2026-06-16,2026-06-17
19631,146,12,4,2026-06-17,2026-06-19,2026-06-21
19632,146,9,4,2026-06-24,2026-06-25,2026-06-28
19633,146,9,5,2024-07-03,2024-07-05,2024-07-07
19634,146,9,5,2024-07-09,2024-07-11,2024-07-13
19635,146,12,5,2024-07-19,2024-07-21,2024-07-23
19636,146,12,5,2024-07-24,2024-07-25,2024-07-28
19637,146,9,5,2024-08-01,2024-08-02,2024-08-05
19638,146,12,5,2024-08-09,2024-08-12,2024-08-13
19639,146,12,5,2024-08-15,2024-08-18,2024-08-19
19640,146,12,5,2024-08-25,2024-08-28,2024-08-29
19641,146,12,5,2024-08-31,2024-09-02,2024-09-04
19642,146,9,5,2024-09-07,2024-09-08,2024-09-11
19643,146,12,5,2024-09-13,2024-09-14,2024-09-17
19644,146,9,5,2024-09-18,2024-09-21,2024-09-22
19645,146,12,5,2024-09-25,2024-09-26,2024-09-29
19646,146,12,5,2024-10-02,2024-10-04,2024-10-06
19647,146,12,5,2024-10-07,2024-10-09,2024-10-11
19648,146,12,5,2024-10-16,2024-10-18,2024-10-20
19649,146,12,5,2024-10-21,2024-10-22,2024-10-25
19650,146,12,5,2024-11-01,2024-11-04,2024-11-05
19651,146,9,5,2024-11-09,2024-11-12,2024-11-13
19652,146,12,5,2024-11-11,2024-11-14,2024-11-15
19653,146,9,5,2024-11-22,2024-11-25,2024-11-26
19654,146,9,5,2024-11-25,2024-11-28,2024-11-29
19655,146,12,5,2024-12-03,2024-12-05,2024-12-07
19656,146,12,5,2024-12-13,2024-12-14,2024-12-17
19657,146,12,5,2024-12-21,2024-12-24,2024-12-25
19658,146,9,5,2024-12-23,2024-12-25,2024-12-27
19659,146,9,5,2025-01-03,2025-01-05,2025-01-07
19660,146,9,5,2025-01-07,2025-01-10,2025-01-11
19661,146,12,5,2025-01-18,2025-01-19,2025-01-22
19662,146,9,5,2025-01-26,2025-01-28,2025-01-30
19663,146,9,5,2025-01-29,2025-01-30,2025-02-02
19664,146,12,5,2025-02-03,2025-02-04,2025-02-07
19665,146,9,5,2025-02-15,2025-02-16,2025-02-19
19666,146,9,5,2025-02-21,2025-02-22,2025-02-25
19667,146,9,5,2025-02-27,2025-03-02,2025-03-03
19668,146,12,5,2025-03-08,2025-03-09,2025-03-12
19669,146,12,5,2025-03-13,2025-03-14,2025-03-17
19670,146,12,5,2025-03-22,2025-03-23,2025-03-26
19671,146,9,5,2025-03-27,2025-03-28,2025-03-31
19672,146,9,5,2025-03-31,2025-04-02,2025-04-04
19673,146,12,5,2025-04-09,2025-04-11,2025-04-13
19674,146,12,5,2025-04-19,2025-04-22,2025-04-23
19675,146,9,5,2025-04-26,2025-04-27,2025-04-30
19676,146,9,5,2025-04-29,2025-05-01,2025-05-03
19677,146,12,5,2025-05-09,2025-05-12,2025-05-13
19678,146,12,5,2025-05-17,2025-05-20,2025-05-21
19679,146,9,5,2025-05-20,2025-05-22,2025-05-24
19680,146,12,5,2025-05-26,2025-05-27,2025-05-30
19681,146,12,5,2025-06-02,2025-06-04,2025-06-06
19682,146,12,5,2025-06-09,2025-06-12,2025-06-13
19683,146,9,5,2025-06-19,2025-06-22,2025-06-23
19684,146,12,5,2025-06-28,2025-06-29,2025-07-02
19685,146,9,5,2025-07-02,2025-07-03,2025-07-06
19686,146,12,5,2025-07-08,2025-07-10,2025-07-12
19687,146,9,5,2025-07-14,2025-07-16,2025-07-18
19688,146,9,5,2025-07-26,2025-07-29,2025-07-30
19689,146,9,5,2025-08-03,2025-08-04,2025-08-07
19690,146,12,5,2025-08-05,2025-08-06,2025-08-09
19691,146,12,5,2025-08-11,2025-08-14,2025-08-15
19692,146,12,5,2025-08-18,2025-08-21,2025-08-22
19693,146,12,5,2025-08-27,2025-08-30,2025-08-31
19694,146,9,5,2025-09-01,2025-09-02,2025-09-05
19695,146,12,5,2025-09-10,2025-09-11,2025-09-14
19696,146,9,5,2025-09-16,2025-09-18,2025-09-20
19697,146,12,5,2025-09-28,2025-10-01,2025-10-02
19698,146,12,5,2025-10-04,2025-10-06,2025-10-08
19699,146,12,5,2025-10-09,2025-10-12,2025-10-13
19700,146,9,5,2025-10-19,2025-10-20,2025-10-23
19701,146,9,5,2025-10-23,2025-10-24,2025-10-27
19702,146,9,5,2025-10-30,2025-11-02,2025-11-03
19703,146,12,5,2025-11-06,2025-11-09,2025-11-10
19704,146,9,5,2025-11-11,2025-11-14,2025-11-15
19705,146,12,5,2025-11-19,2025-11-21,2025-11-23
19706,146,9,5,2025-11-30,2025-12-01,2025-12-04
19707,146,9,5,2025-12-07,2025-12-10,2025-12-11
19708,146,9,5,2025-12-14,2025-12-16,2025-12-18
19709,146,9,5,2025-12-16,2025-12-18,2025-12-20
19710,146,12,5,2025-12-25,2025-12-28,2025-12-29
19711,146,12,5,2026-01-01,2026-01-04,2026-01-05
19712,146,9,5,2026-01-05,2026-01-07,2026-01-09
19713,146,9,5,2026-01-14,2026-01-17,2026-01-18
19714,146,12,5,2026-01-20,2026-01-23,2026-01-24
19715,146,9,5,2026-01-27,2026-01-29,2026-01-31
19716,146,12,5,2026-02-07,2026-02-09,2026-02-11
19717,146,9,5,2026-02-14,2026-02-17,2026-02-18
19718,146,12,5,2026-02-18,2026-02-21,2026-02-22
19719,146,12,5,2026-02-28,2026-03-03,2026-03-04
19720,146,12,5,2026-03-05,2026-03-08,2026-03-09
19721,146,12,5,2026-03-15,2026-03-16,2026-03-19
19722,146,9,5,2026-03-16,2026-03-17,2026-03-20
19723,146,12,5,2026-03-28,2026-03-31,2026-04-01
19724,146,9,5,2026-03-30,2026-04-01,2026-04-03
19725,146,9,5,2026-04-12,2026-04-15,2026-04-16
19726,146,9,5,2026-04-13,2026-04-15,2026-04-17
19727,146,9,5,2026-04-26,2026-04-29,2026-04-30
19728,146,12,5,2026-04-27,2026-04-28,2026-05-01
19729,146,12,5,2026-05-05,2026-05-06,2026-05-09
19730,146,12,5,2026-05-12,2026-05-15,2026-05-16
19731,146,9,5,2026-05-21,2026-05-24,2026-05-25
19732,146,12,5,2026-05-29,2026-05-30,2026-06-02
19733,146,9,5,2026-06-02,2026-06-04,2026-06-06
19734,146,9,5,2026-06-09,2026-06-10,2026-06-13
19735,146,9,5,2026-06-19,2026-06-22,2026-06-23
19736,146,9,5,2026-06-23,2026-06-25,2026-06-27
19737,146,12,7,2024-07-07,2024-07-08,2024-07-11
19738,146,9,9,2024-07-08,2024-07-11,2024-07-12
19739,146,9,7,2024-07-17,2024-07-20,2024-07-21
19740,146,9,7,2024-07-27,2024-07-30,2024-07-31
19741,146,12,9,2024-07-29,2024-07-31,2024-08-02
19742,146,12,7,2024-08-10,2024-08-13,2024-08-14
19743,146,9,7,2024-08-14,2024-08-16,2024-08-18
19744,146,9,7,2024-08-21,2024-08-24,2024-08-25
19745,146,12,9,2024-08-27,2024-08-29,2024-08-31
19746,146,9,7,2024-09-07,2024-09-10,2024-09-11
19747,146,12,7,2024-09-12,2024-09-15,2024-09-16
19748,146,12,9,2024-09-21,2024-09-22,2024-09-25
19749,146,12,9,2024-09-26,2024-09-28,2024-09-30
19750,146,9,9,2024-10-06,2024-10-07,2024-10-10
19751,146,12,9,2024-10-13,2024-10-15,2024-10-17
19752,146,12,7,2024-10-19,2024-10-21,2024-10-23
19753,146,12,9,2024-10-27,2024-10-29,2024-10-31
19754,146,9,9,2024-10-29,2024-11-01,2024-11-02
19755,146,12,7,2024-11-05,2024-11-06,2024-11-09
19756,146,12,9,2024-11-11,2024-11-14,2024-11-15
19757,146,12,7,2024-11-22,2024-11-25,2024-11-26
19758,146,9,9,2024-11-25,2024-11-28,2024-11-29
19759,146,9,7,2024-12-05,2024-12-08,2024-12-09
19760,146,9,7,2024-12-13,2024-12-16,2024-12-17
19761,146,9,9,2024-12-19,2024-12-20,2024-12-23
19762,146,9,9,2024-12-29,2024-12-31,2025-01-02
19763,146,12,7,2024-12-30,2024-12-31,2025-01-03
19764,146,12,9,2025-01-09,2025-01-12,2025-01-13
19765,146,9,7,2025-01-15,2025-01-16,2025-01-19
19766,146,12,9,2025-01-21,2025-01-23,2025-01-25
19767,146,12,9,2025-01-30,2025-01-31,2025-02-03
19768,146,9,9,2025-02-04,2025-02-07,2025-02-08
19769,146,9,7,2025-02-15,2025-02-18,2025-02-19
19770,146,12,7,2025-02-20,2025-02-22,2025-02-24
19771,146,9,9,2025-02-25,2025-02-28,2025-03-01
19772,146,12,7,2025-03-09,2025-03-12,2025-03-13
19773,146,9,7,2025-03-12,2025-03-13,2025-03-16
19774,146,9,7,2025-03-19,2025-03-22,2025-03-23
19775,146,12,9,2025-03-27,2025-03-28,2025-03-31
19776,146,9,9,2025-04-04,2025-04-06,2025-04-08
19777,146,12,7,2025-04-09,2025-04-12,2025-04-13
19778,146,9,9,2025-04-20,2025-04-23,2025-04-24
19779,146,9,9,2025-04-26,2025-04-27,2025-04-30
19780,146,12,7,2025-05-03,2025-05-04,2025-05-07
19781,146,12,9,2025-05-10,2025-05-12,2025-05-14
19782,146,12,7,2025-05-14,2025-05-16,2025-05-18
19783,146,12,7,2025-05-24,2025-05-27,2025-05-28
19784,146,9,9,2025-05-26,2025-05-29,2025-05-30
19785,146,9,9,2025-06-06,2025-06-09,2025-06-10
19786,146,12,7,2025-06-15,2025-06-18,2025-06-19
19787,146,9,9,2025-06-18,2025-06-20,2025-06-22
19788,146,9,7,2025-06-28,2025-07-01,2025-07-02
19789,146,12,9,2025-07-06,2025-07-08,2025-07-10
19790,146,9,9,2025-07-11,2025-07-12,2025-07-15
19791,146,12,7,2025-07-17,2025-07-18,2025-07-21
19792,146,12,9,2025-07-22,2025-07-25,2025-07-26
19793,146,12,9,2025-07-28,2025-07-30,2025-08-01
19794,146,9,9,2025-08-05,2025-08-08,2025-08-09
19795,146,12,7,2025-08-16,2025-08-19,2025-08-20
19796,146,12,7,2025-08-21,2025-08-23,2025-08-25
19797,146,9,7,2025-08-25,2025-08-27,2025-08-29
19798,146,12,9,2025-09-04,2025-09-06,2025-09-08
19799,146,12,9,2025-09-12,2025-09-15,2025-09-16
19800,146,9,9,2025-09-21,2025-09-24,2025-09-25
19801,146,12,7,2025-09-27,2025-09-30,2025-10-01
19802,146,9,9,2025-10-03,2025-10-05,2025-10-07
19803,146,12,7,2025-10-11,2025-10-12,2025-10-15
19804,146,9,7,2025-10-19,2025-10-22,2025-10-23
19805,146,12,7,2025-10-23,2025-10-24,2025-10-27
19806,146,12,9,2025-10-28,2025-10-31,2025-11-01
19807,146,12,7,2025-11-07,2025-11-10,2025-11-11
19808,146,12,9,2025-11-13,2025-11-16,2025-11-17
19809,146,9,7,2025-11-17,2025-11-18,2025-11-21
19810,146,9,9,2025-11-28,2025-11-29,2025-12-02
19811,146,12,9,2025-12-04,2025-12-06,2025-12-08
19812,146,12,7,2025-12-14,2025-12-16,2025-12-18
19813,146,12,9,2025-12-19,2025-12-20,2025-12-23
19814,146,9,9,2025-12-22,2025-12-24,2025-12-26
19815,146,9,7,2025-12-29,2025-12-30,2026-01-02
19816,146,9,9,2026-01-11,2026-01-13,2026-01-15
19817,146,12,7,2026-01-12,2026-01-13,2026-01-16
19818,146,12,9,2026-01-22,2026-01-25,2026-01-26
19819,146,9,9,2026-01-29,2026-02-01,2026-02-02
19820,146,9,9,2026-02-05,2026-02-07,2026-02-09
19821,146,9,9,2026-02-10,2026-02-13,2026-02-14
19822,146,9,7,2026-02-18,2026-02-19,2026-02-22
19823,146,12,7,2026-02-26,2026-03-01,2026-03-02
19824,146,9,9,2026-03-07,2026-03-08,2026-03-11
19825,146,12,7,2026-03-13,2026-03-14,2026-03-17
19826,146,12,9,2026-03-18,2026-03-20,2026-03-22
19827,146,12,7,2026-03-26,2026-03-29,2026-03-30
19828,146,9,7,2026-04-04,2026-04-06,2026-04-08
19829,146,9,7,2026-04-09,2026-04-10,2026-04-13
19830,146,12,9,2026-04-13,2026-04-14,2026-04-17
19831,146,12,9,2026-04-22,2026-04-23,2026-04-26
19832,146,12,7,2026-05-01,2026-05-02,2026-05-05
19833,146,9,7,2026-05-06,2026-05-07,2026-05-10
19834,146,9,9,2026-05-14,2026-05-17,2026-05-18
19835,146,12,7,2026-05-18,2026-05-20,2026-05-22
19836,146,9,9,2026-05-26,2026-05-29,2026-05-30
19837,146,12,9,2026-06-04,2026-06-06,2026-06-08
19838,146,12,9,2026-06-08,2026-06-09,2026-06-12
19839,146,9,9,2026-06-16,2026-06-17,2026-06-20
19840,146,12,9,2026-06-25,2026-06-27,2026-06-29
19841,146,9,10,2024-07-04,2024-07-06,2024-07-08
19842,146,9,10,2024-07-13,2024-07-16,2024-07-17
19843,146,9,10,2024-07-20,2024-07-21,2024-07-24
19844,146,12,10,2024-07-24,2024-07-26,2024-07-28
19845,146,12,10,2024-07-30,2024-08-01,2024-08-03
19846,146,9,10,2024-08-07,2024-08-09,2024-08-11
19847,146,9,10,2024-08-15,2024-08-17,2024-08-19
19848,146,9,10,2024-08-25,2024-08-28,2024-08-29
19849,146,12,10,2024-09-01,2024-09-02,2024-09-05
19850,146,9,10,2024-09-04,2024-09-07,2024-09-08
19851,146,9,10,2024-09-13,2024-09-16,2024-09-17
19852,146,12,10,2024-09-22,2024-09-24,2024-09-26
19853,146,12,10,2024-09-27,2024-09-29,2024-10-01
19854,146,12,10,2024-10-03,2024-10-06,2024-10-07
19855,146,9,10,2024-10-11,2024-10-12,2024-10-15
19856,146,12,10,2024-10-17,2024-10-20,2024-10-21
19857,146,12,10,2024-10-24,2024-10-26,2024-10-28
19858,146,9,10,2024-10-30,2024-11-01,2024-11-03
19859,146,9,10,2024-11-10,2024-11-11,2024-11-14
19860,146,9,10,2024-11-17,2024-11-20,2024-11-21
19861,146,12,10,2024-11-23,2024-11-24,2024-11-27
19862,146,12,10,2024-11-28,2024-11-30,2024-12-02
19863,146,12,10,2024-12-04,2024-12-07,2024-12-08
19864,146,9,10,2024-12-14,2024-12-16,2024-12-18
19865,146,12,10,2024-12-21,2024-12-24,2024-12-25
19866,146,12,10,2024-12-29,2025-01-01,2025-01-02
19867,146,12,10,2025-01-02,2025-01-04,2025-01-06
19868,146,9,10,2025-01-07,2025-01-08,2025-01-11
19869,146,9,10,2025-01-14,2025-01-15,2025-01-18
19870,146,12,10,2025-01-20,2025-01-21,2025-01-24
19871,146,12,10,2025-01-27,2025-01-29,2025-01-31
19872,146,9,10,2025-02-08,2025-02-11,2025-02-12
19873,146,9,10,2025-02-15,2025-02-18,2025-02-19
19874,146,12,10,2025-02-23,2025-02-26,2025-02-27
19875,146,9,10,2025-03-01,2025-03-04,2025-03-05
19876,146,9,10,2025-03-03,2025-03-05,2025-03-07
19877,146,9,10,2025-03-15,2025-03-18,2025-03-19
19878,146,9,10,2025-03-22,2025-03-24,2025-03-26
19879,146,12,10,2025-03-29,2025-04-01,2025-04-02
19880,146,9,10,2025-04-06,2025-04-07,2025-04-10
19881,146,12,10,2025-04-11,2025-04-12,2025-04-15
19882,146,12,10,2025-04-14,2025-04-16,2025-04-18
19883,146,9,10,2025-04-24,2025-04-25,2025-04-28
19884,146,9,10,2025-05-01,2025-05-03,2025-05-05
19885,146,12,10,2025-05-10,2025-05-12,2025-05-14
19886,146,9,10,2025-05-15,2025-05-18,2025-05-19
19887,146,9,10,2025-05-21,2025-05-24,2025-05-25
19888,146,9,10,2025-05-26,2025-05-29,2025-05-30
19889,146,9,10,2025-06-02,2025-06-05,2025-06-06
19890,146,9,10,2025-06-15,2025-06-17,2025-06-19
19891,146,9,10,2025-06-22,2025-06-23,2025-06-26
19892,146,9,10,2025-06-29,2025-07-02,2025-07-03
19893,146,12,10,2025-06-30,2025-07-02,2025-07-04
19894,146,9,10,2025-07-10,2025-07-12,2025-07-14
19895,146,9,10,2025-07-20,2025-07-23,2025-07-24
19896,146,12,10,2025-07-23,2025-07-25,2025-07-27
19897,146,9,10,2025-07-30,2025-07-31,2025-08-03
19898,146,12,10,2025-08-05,2025-08-07,2025-08-09
19899,146,9,10,2025-08-17,2025-08-19,2025-08-21
19900,146,12,10,2025-08-23,2025-08-24,2025-08-27
19901,146,12,10,2025-08-27,2025-08-29,2025-08-31
19902,146,9,10,2025-09-07,2025-09-10,2025-09-11
19903,146,12,10,2025-09-11,2025-09-13,2025-09-15
19904,146,9,10,2025-09-21,2025-09-23,2025-09-25
19905,146,12,10,2025-09-24,2025-09-26,2025-09-28
19906,146,12,10,2025-09-29,2025-10-02,2025-10-03
19907,146,12,10,2025-10-12,2025-10-14,2025-10-16
19908,146,9,10,2025-10-19,2025-10-22,2025-10-23
19909,146,9,10,2025-10-23,2025-10-26,2025-10-27
19910,146,12,10,2025-10-31,2025-11-02,2025-11-04
19911,146,12,10,2025-11-05,2025-11-08,2025-11-09
19912,146,9,10,2025-11-10,2025-11-13,2025-11-14
19913,146,12,10,2025-11-20,2025-11-22,2025-11-24
19914,146,12,10,2025-11-26,2025-11-27,2025-11-30
19915,146,9,10,2025-12-07,2025-12-10,2025-12-11
19916,146,12,10,2025-12-12,2025-12-13,2025-12-16
19917,146,9,10,2025-12-17,2025-12-20,2025-12-21
19918,146,9,10,2025-12-24,2025-12-26,2025-12-28
19919,146,12,10,2025-12-31,2026-01-01,2026-01-04
19920,146,9,10,2026-01-06,2026-01-07,2026-01-10
19921,146,9,10,2026-01-13,2026-01-15,2026-01-17
19922,146,9,10,2026-01-23,2026-01-24,2026-01-27
19923,146,9,10,2026-02-01,2026-02-02,2026-02-05
19924,146,12,10,2026-02-07,2026-02-09,2026-02-11
19925,146,12,10,2026-02-15,2026-02-18,2026-02-19
19926,146,12,10,2026-02-17,2026-02-18,2026-02-21
19927,146,9,10,2026-02-23,2026-02-25,2026-02-27
19928,146,9,10,2026-03-02,2026-03-03,2026-03-06
19929,146,9,10,2026-03-13,2026-03-14,2026-03-17
19930,146,9,10,2026-03-17,2026-03-20,2026-03-21
19931,146,9,10,2026-03-24,2026-03-26,2026-03-28
19932,146,9,10,2026-04-05,2026-04-08,2026-04-09
19933,146,12,10,2026-04-09,2026-04-10,2026-04-13
19934,146,9,10,2026-04-16,2026-04-19,2026-04-20
19935,146,12,10,2026-04-26,2026-04-27,2026-04-30
19936,146,12,10,2026-04-30,2026-05-01,2026-05-04
19937,146,9,10,2026-05-06,2026-05-09,2026-05-10
19938,146,9,10,2026-05-17,2026-05-19,2026-05-21
19939,146,9,10,2026-05-21,2026-05-23,2026-05-25
19940,146,12,10,2026-05-27,2026-05-29,2026-05-31
19941,146,9,10,2026-06-05,2026-06-07,2026-06-09
19942,146,9,10,2026-06-08,2026-06-11,2026-06-12
19943,146,12,10,2026-06-20,2026-06-21,2026-06-24
19944,146,9,10,2026-06-25,2026-06-28,2026-06-29
19945,146,9,10,2026-06-30,2026-07-02,2026-07-04
19946,147,17,7,2024-08-25,2024-08-26,2026-10-11
19947,147,13,1,2025-01-09,2025-01-12,2027-02-25
19948,147,14,7,2025-06-23,2025-06-24,2027-08-09
19949,147,22,4,2025-07-11,2025-07-13,2027-08-27
19950,147,17,4,2026-01-10,2026-01-12,2028-02-26
19951,147,13,1,2026-03-19,2026-03-22,2028-05-04
19952,148,24,6,2024-09-08,2024-09-10,2025-07-12
19953,148,12,6,2024-11-04,2024-11-05,2025-09-07
19954,148,24,2,2025-04-02,2025-04-04,2026-02-03
19955,148,24,4,2025-09-05,2025-09-08,2026-07-09
19956,148,6,4,2026-02-17,2026-02-19,2026-12-21
19957,148,12,2,2026-05-20,2026-05-22,2027-03-23
19958,149,1,1,2024-07-04,2024-07-05,2024-07-09
19959,149,1,1,2024-07-14,2024-07-16,2024-07-19
19960,149,9,3,2024-07-20,2024-07-23,2024-07-25
19961,149,9,3,2024-07-28,2024-07-31,2024-08-02
19962,149,9,3,2024-08-02,2024-08-04,2024-08-07
19963,149,1,1,2024-08-10,2024-08-12,2024-08-15
19964,149,9,3,2024-08-15,2024-08-17,2024-08-20
19965,149,9,3,2024-08-24,2024-08-26,2024-08-29
19966,149,1,3,2024-09-01,2024-09-02,2024-09-06
19967,149,9,1,2024-09-04,2024-09-06,2024-09-09
19968,149,9,1,2024-09-09,2024-09-11,2024-09-14
19969,149,9,3,2024-09-16,2024-09-19,2024-09-21
19970,149,1,1,2024-09-25,2024-09-27,2024-09-30
19971,149,1,1,2024-10-01,2024-10-03,2024-10-06
19972,149,9,3,2024-10-10,2024-10-12,2024-10-15
19973,149,1,1,2024-10-17,2024-10-19,2024-10-22
19974,149,9,3,2024-10-24,2024-10-27,2024-10-29
19975,149,9,1,2024-11-01,2024-11-03,2024-11-06
19976,149,1,1,2024-11-09,2024-11-11,2024-11-14
19977,149,9,3,2024-11-15,2024-11-16,2024-11-20
19978,149,9,1,2024-11-19,2024-11-21,2024-11-24
19979,149,9,3,2024-11-25,2024-11-27,2024-11-30
19980,149,1,3,2024-12-08,2024-12-10,2024-12-13
19981,149,9,1,2024-12-12,2024-12-14,2024-12-17
19982,149,1,3,2024-12-21,2024-12-24,2024-12-26
19983,149,1,3,2024-12-26,2024-12-27,2024-12-31
19984,149,1,1,2025-01-03,2025-01-05,2025-01-08
19985,149,9,3,2025-01-07,2025-01-08,2025-01-12
19986,149,9,1,2025-01-17,2025-01-20,2025-01-22
19987,149,1,1,2025-01-24,2025-01-27,2025-01-29
19988,149,9,3,2025-01-31,2025-02-02,2025-02-05
19989,149,1,1,2025-02-06,2025-02-07,2025-02-11
19990,149,1,1,2025-02-10,2025-02-13,2025-02-15
19991,149,1,3,2025-02-18,2025-02-19,2025-02-23
19992,149,1,3,2025-02-28,2025-03-03,2025-03-05
19993,149,1,3,2025-03-06,2025-03-07,2025-03-11
19994,149,1,1,2025-03-12,2025-03-15,2025-03-17
19995,149,9,1,2025-03-23,2025-03-26,2025-03-28
19996,149,1,3,2025-03-29,2025-04-01,2025-04-03
19997,149,1,1,2025-04-03,2025-04-04,2025-04-08
19998,149,1,1,2025-04-12,2025-04-13,2025-04-17
19999,149,1,3,2025-04-15,2025-04-18,2025-04-20
20000,149,1,3,2025-04-24,2025-04-27,2025-04-29
20001,149,1,1,2025-04-30,2025-05-03,2025-05-05
20002,149,9,1,2025-05-09,2025-05-12,2025-05-14
20003,149,1,3,2025-05-14,2025-05-15,2025-05-19
20004,149,1,3,2025-05-22,2025-05-23,2025-05-27
20005,149,1,3,2025-05-29,2025-06-01,2025-06-03
20006,149,9,1,2025-06-05,2025-06-06,2025-06-10
20007,149,9,1,2025-06-09,2025-06-11,2025-06-14
20008,149,1,1,2025-06-16,2025-06-17,2025-06-21
20009,149,9,1,2025-06-29,2025-07-01,2025-07-04
20010,149,1,1,2025-07-01,2025-07-03,2025-07-06
20011,149,1,1,2025-07-12,2025-07-13,2025-07-17
20012,149,1,3,2025-07-17,2025-07-18,2025-07-22
20013,149,9,3,2025-07-22,2025-07-23,2025-07-27
20014,149,9,3,2025-08-01,2025-08-03,2025-08-06
20015,149,1,3,2025-08-09,2025-08-10,2025-08-14
20016,149,1,1,2025-08-14,2025-08-17,2025-08-19
20017,149,9,1,2025-08-23,2025-08-26,2025-08-28
20018,149,9,3,2025-08-29,2025-09-01,2025-09-03
20019,149,1,3,2025-09-04,2025-09-07,2025-09-09
20020,149,1,3,2025-09-14,2025-09-15,2025-09-19
20021,149,9,3,2025-09-16,2025-09-18,2025-09-21
20022,149,1,1,2025-09-24,2025-09-25,2025-09-29
20023,149,1,1,2025-10-05,2025-10-08,2025-10-10
20024,149,1,1,2025-10-06,2025-10-07,2025-10-11
20025,149,1,3,2025-10-19,2025-10-21,2025-10-24
20026,149,1,3,2025-10-23,2025-10-25,2025-10-28
20027,149,9,1,2025-10-29,2025-10-31,2025-11-03
20028,149,9,3,2025-11-08,2025-11-10,2025-11-13
20029,149,9,1,2025-11-12,2025-11-13,2025-11-17
20030,149,9,3,2025-11-19,2025-11-22,2025-11-24
20031,149,1,1,2025-11-30,2025-12-03,2025-12-05
20032,149,1,1,2025-12-06,2025-12-09,2025-12-11
20033,149,1,3,2025-12-11,2025-12-14,2025-12-16
20034,149,1,1,2025-12-19,2025-12-20,2025-12-24
20035,149,1,1,2025-12-23,2025-12-26,2025-12-28
20036,149,9,1,2026-01-01,2026-01-03,2026-01-06
20037,149,9,3,2026-01-10,2026-01-11,2026-01-15
20038,149,9,3,2026-01-12,2026-01-14,2026-01-17
20039,149,9,1,2026-01-19,2026-01-22,2026-01-24
20040,149,9,3,2026-01-28,2026-01-31,2026-02-02
20041,149,1,1,2026-02-07,2026-02-10,2026-02-12
20042,149,1,3,2026-02-15,2026-02-18,2026-02-20
20043,149,9,3,2026-02-20,2026-02-22,2026-02-25
20044,149,9,1,2026-02-26,2026-03-01,2026-03-03
20045,149,1,3,2026-03-05,2026-03-07,2026-03-10
20046,149,1,1,2026-03-11,2026-03-13,2026-03-16
20047,149,1,1,2026-03-17,2026-03-20,2026-03-22
20048,149,1,3,2026-03-24,2026-03-27,2026-03-29
20049,149,1,1,2026-04-04,2026-04-05,2026-04-09
20050,149,1,3,2026-04-09,2026-04-10,2026-04-14
20051,149,1,3,2026-04-13,2026-04-16,2026-04-18
20052,149,1,3,2026-04-26,2026-04-28,2026-05-01
20053,149,9,1,2026-05-01,2026-05-03,2026-05-06
20054,149,9,1,2026-05-10,2026-05-11,2026-05-15
20055,149,9,3,2026-05-11,2026-05-14,2026-05-16
20056,149,1,3,2026-05-18,2026-05-21,2026-05-23
20057,149,1,3,2026-05-27,2026-05-29,2026-06-01
20058,149,9,1,2026-06-07,2026-06-10,2026-06-12
20059,149,9,3,2026-06-12,2026-06-13,2026-06-17
20060,149,1,3,2026-06-21,2026-06-22,2026-06-26
20061,149,9,3,2026-06-26,2026-06-29,2026-07-01
20062,149,9,4,2024-07-07,2024-07-08,2024-07-12
20063,149,9,4,2024-07-09,2024-07-12,2024-07-14
20064,149,9,4,2024-07-17,2024-07-20,2024-07-22
20065,149,1,4,2024-07-25,2024-07-28,2024-07-30
20066,149,9,4,2024-08-03,2024-08-05,2024-08-08
20067,149,9,4,2024-08-09,2024-08-11,2024-08-14
20068,149,1,4,2024-08-15,2024-08-16,2024-08-20
20069,149,1,4,2024-08-19,2024-08-20,2024-08-24
20070,149,1,4,2024-08-30,2024-09-01,2024-09-04
20071,149,1,4,2024-09-05,2024-09-08,2024-09-10
20072,149,9,4,2024-09-12,2024-09-13,2024-09-17
20073,149,1,4,2024-09-18,2024-09-19,2024-09-23
20074,149,1,4,2024-09-27,2024-09-30,2024-10-02
20075,149,9,4,2024-10-01,2024-10-04,2024-10-06
20076,149,1,4,2024-10-12,2024-10-13,2024-10-17
20077,149,9,4,2024-10-18,2024-10-20,2024-10-23
20078,149,9,4,2024-10-23,2024-10-26,2024-10-28
20079,149,1,4,2024-10-29,2024-10-30,2024-11-03
20080,149,9,4,2024-11-09,2024-11-10,2024-11-14
20081,149,9,4,2024-11-11,2024-11-12,2024-11-16
20082,149,9,4,2024-11-24,2024-11-25,2024-11-29
20083,149,1,4,2024-11-30,2024-12-03,2024-12-05
20084,149,1,4,2024-12-07,2024-12-09,2024-12-12
20085,149,1,4,2024-12-09,2024-12-12,2024-12-14
20086,149,9,4,2024-12-20,2024-12-23,2024-12-25
20087,149,9,4,2024-12-24,2024-12-25,2024-12-29
20088,149,1,4,2025-01-04,2025-01-06,2025-01-09
20089,149,9,4,2025-01-10,2025-01-13,2025-01-15
20090,149,9,4,2025-01-14,2025-01-15,2025-01-19
20091,149,1,4,2025-01-24,2025-01-25,2025-01-29
20092,149,1,4,2025-01-29,2025-02-01,2025-02-03
20093,149,1,4,2025-02-03,2025-02-05,2025-02-08
20094,149,9,4,2025-02-12,2025-02-15,2025-02-17
20095,149,1,4,2025-02-17,2025-02-18,2025-02-22
20096,149,1,4,2025-03-02,2025-03-04,2025-03-07
20097,149,9,4,2025-03-09,2025-03-10,2025-03-14
20098,149,1,4,2025-03-16,2025-03-19,2025-03-21
20099,149,1,4,2025-03-18,2025-03-20,2025-03-23
20100,149,9,4,2025-03-28,2025-03-30,2025-04-02
20101,149,9,4,2025-04-04,2025-04-06,2025-04-09
20102,149,9,4,2025-04-08,2025-04-11,2025-04-13
20103,149,9,4,2025-04-16,2025-04-18,2025-04-21
20104,149,1,4,2025-04-21,2025-04-24,2025-04-26
20105,149,9,4,2025-04-29,2025-05-02,2025-05-04
20106,149,1,4,2025-05-11,2025-05-14,2025-05-16
20107,149,9,4,2025-05-15,2025-05-16,2025-05-20
20108,149,1,4,2025-05-21,2025-05-22,2025-05-26
20109,149,9,4,2025-06-01,2025-06-03,2025-06-06
20110,149,1,4,2025-06-04,2025-06-05,2025-06-09
20111,149,1,4,2025-06-14,2025-06-17,2025-06-19
20112,149,1,4,2025-06-17,2025-06-20,2025-06-22
20113,149,1,4,2025-06-28,2025-07-01,2025-07-03
20114,149,1,4,2025-07-06,2025-07-08,2025-07-11
20115,149,9,4,2025-07-13,2025-07-14,2025-07-18
20116,149,9,4,2025-07-18,2025-07-20,2025-07-23
20117,149,9,4,2025-07-23,2025-07-24,2025-07-28
20118,149,1,4,2025-08-03,2025-08-04,2025-08-08
20119,149,9,4,2025-08-09,2025-08-10,2025-08-14
20120,149,9,4,2025-08-12,2025-08-13,2025-08-17
20121,149,1,4,2025-08-24,2025-08-25,2025-08-29
20122,149,9,4,2025-08-27,2025-08-28,2025-09-01
20123,149,1,4,2025-09-01,2025-09-03,2025-09-06
20124,149,1,4,2025-09-09,2025-09-11,2025-09-14
20125,149,9,4,2025-09-16,2025-09-17,2025-09-21
20126,149,9,4,2025-09-28,2025-10-01,2025-10-03
20127,149,9,4,2025-10-02,2025-10-04,2025-10-07
20128,149,1,4,2025-10-10,2025-10-12,2025-10-15
20129,149,9,4,2025-10-13,2025-10-14,2025-10-18
20130,149,1,4,2025-10-20,2025-10-23,2025-10-25
20131,149,9,4,2025-10-27,2025-10-30,2025-11-01
20132,149,9,4,2025-11-08,2025-11-10,2025-11-13
20133,149,9,4,2025-11-10,2025-11-12,2025-11-15
20134,149,1,4,2025-11-19,2025-11-21,2025-11-24
20135,149,1,4,2025-11-27,2025-11-30,2025-12-02
20136,149,9,4,2025-12-05,2025-12-07,2025-12-10
20137,149,9,4,2025-12-10,2025-12-11,2025-12-15
20138,149,9,4,2025-12-21,2025-12-24,2025-12-26
20139,149,1,4,2025-12-26,2025-12-28,2025-12-31
20140,149,9,4,2025-12-29,2025-12-31,2026-01-03
20141,149,9,4,2026-01-05,2026-01-08,2026-01-10
20142,149,1,4,2026-01-12,2026-01-13,2026-01-17
20143,149,1,4,2026-01-19,2026-01-20,2026-01-24
20144,149,9,4,2026-02-01,2026-02-04,2026-02-06
20145,149,1,4,2026-02-06,2026-02-07,2026-02-11
20146,149,1,4,2026-02-09,2026-02-11,2026-02-14
20147,149,1,4,2026-02-22,2026-02-23,2026-02-27
20148,149,1,4,2026-02-27,2026-03-02,2026-03-04
20149,149,1,4,2026-03-03,2026-03-05,2026-03-08
20150,149,9,4,2026-03-10,2026-03-13,2026-03-15
20151,149,9,4,2026-03-18,2026-03-21,2026-03-23
20152,149,1,4,2026-03-26,2026-03-27,2026-03-31
20153,149,1,4,2026-04-01,2026-04-03,2026-04-06
20154,149,1,4,2026-04-06,2026-04-08,2026-04-11
20155,149,1,4,2026-04-16,2026-04-19,2026-04-21
20156,149,9,4,2026-04-20,2026-04-22,2026-04-25
20157,149,9,4,2026-05-03,2026-05-05,2026-05-08
20158,149,9,4,2026-05-07,2026-05-08,2026-05-12
20159,149,1,4,2026-05-15,2026-05-16,2026-05-20
20160,149,9,4,2026-05-20,2026-05-22,2026-05-25
20161,149,9,4,2026-05-31,2026-06-01,2026-06-05
20162,149,1,4,2026-06-02,2026-06-05,2026-06-07
20163,149,9,4,2026-06-08,2026-06-09,2026-06-13
20164,149,9,4,2026-06-17,2026-06-19,2026-06-22
20165,149,9,4,2026-06-26,2026-06-27,2026-07-01
20166,149,9,5,2024-07-01,2024-07-04,2024-07-06
20167,149,1,5,2024-07-11,2024-07-13,2024-07-16
20168,149,9,5,2024-07-17,2024-07-18,2024-07-22
20169,149,9,5,2024-07-23,2024-07-24,2024-07-28
20170,149,9,5,2024-07-31,2024-08-02,2024-08-05
20171,149,1,5,2024-08-09,2024-08-12,2024-08-14
20172,149,9,5,2024-08-13,2024-08-16,2024-08-18
20173,149,9,5,2024-08-24,2024-08-26,2024-08-29
20174,149,9,5,2024-08-27,2024-08-30,2024-09-01
20175,149,9,5,2024-09-05,2024-09-08,2024-09-10
20176,149,1,5,2024-09-09,2024-09-10,2024-09-14
20177,149,1,5,2024-09-19,2024-09-20,2024-09-24
20178,149,9,5,2024-09-29,2024-10-02,2024-10-04
20179,149,9,5,2024-10-03,2024-10-05,2024-10-08
20180,149,1,5,2024-10-10,2024-10-12,2024-10-15
20181,149,1,5,2024-10-14,2024-10-15,2024-10-19
20182,149,1,5,2024-10-24,2024-10-26,2024-10-29
20183,149,1,5,2024-10-30,2024-10-31,2024-11-04
20184,149,1,5,2024-11-05,2024-11-06,2024-11-10
20185,149,9,5,2024-11-12,2024-11-14,2024-11-17
20186,149,9,5,2024-11-19,2024-11-20,2024-11-24
20187,149,9,5,2024-11-26,2024-11-29,2024-12-01
20188,149,1,5,2024-12-04,2024-12-05,2024-12-09
20189,149,9,5,2024-12-13,2024-12-15,2024-12-18
20190,149,1,5,2024-12-20,2024-12-21,2024-12-25
20191,149,9,5,2024-12-25,2024-12-28,2024-12-30
20192,149,9,5,2024-12-31,2025-01-03,2025-01-05
20193,149,9,5,2025-01-09,2025-01-12,2025-01-14
20194,149,9,5,2025-01-14,2025-01-15,2025-01-19
20195,149,1,5,2025-01-23,2025-01-26,2025-01-28
20196,149,9,5,2025-01-28,2025-01-29,2025-02-02
20197,149,1,5,2025-02-08,2025-02-09,2025-02-13
20198,149,9,5,2025-02-15,2025-02-16,2025-02-20
20199,149,1,5,2025-02-17,2025-02-18,2025-02-22
20200,149,9,5,2025-03-01,2025-03-02,2025-03-06
20201,149,1,5,2025-03-04,2025-03-06,2025-03-09
20202,149,9,5,2025-03-14,2025-03-16,2025-03-19
20203,149,1,5,2025-03-18,2025-03-21,2025-03-23
20204,149,9,5,2025-03-29,2025-03-30,2025-04-03
20205,149,9,5,2025-04-03,2025-04-05,2025-04-08
20206,149,9,5,2025-04-12,2025-04-14,2025-04-17
20207,149,9,5,2025-04-15,2025-04-18,2025-04-20
20208,149,1,5,2025-04-27,2025-04-28,2025-05-02
20209,149,9,5,2025-04-29,2025-04-30,2025-05-04
20210,149,9,5,2025-05-10,2025-05-12,2025-05-15
20211,149,9,5,2025-05-15,2025-05-16,2025-05-20
20212,149,9,5,2025-05-19,2025-05-22,2025-05-24
20213,149,1,5,2025-05-29,2025-05-31,2025-06-03
20214,149,9,5,2025-06-02,2025-06-05,2025-06-07
20215,149,9,5,2025-06-10,2025-06-13,2025-06-15
20216,149,9,5,2025-06-19,2025-06-21,2025-06-24
20217,149,1,5,2025-06-29,2025-07-01,2025-07-04
20218,149,1,5,2025-07-05,2025-07-06,2025-07-10
20219,149,9,5,2025-07-12,2025-07-13,2025-07-17
20220,149,9,5,2025-07-14,2025-07-15,2025-07-19
20221,149,9,5,2025-07-24,2025-07-25,2025-07-29
20222,149,1,5,2025-07-29,2025-07-31,2025-08-03
20223,149,1,5,2025-08-06,2025-08-09,2025-08-11
20224,149,9,5,2025-08-14,2025-08-16,2025-08-19
20225,149,9,5,2025-08-18,2025-08-21,2025-08-23
20226,149,9,5,2025-08-29,2025-08-30,2025-09-03
20227,149,1,5,2025-09-03,2025-09-04,2025-09-08
20228,149,1,5,2025-09-08,2025-09-09,2025-09-13
20229,149,9,5,2025-09-21,2025-09-22,2025-09-26
20230,149,1,5,2025-09-28,2025-09-30,2025-10-03
20231,149,9,5,2025-10-02,2025-10-05,2025-10-07
20232,149,1,5,2025-10-11,2025-10-13,2025-10-16
20233,149,1,5,2025-10-16,2025-10-18,2025-10-21
20234,149,1,5,2025-10-22,2025-10-23,2025-10-27
20235,149,1,5,2025-10-28,2025-10-30,2025-11-02
20236,149,1,5,2025-11-09,2025-11-11,2025-11-14
20237,149,9,5,2025-11-16,2025-11-18,2025-11-21
20238,149,9,5,2025-11-21,2025-11-24,2025-11-26
20239,149,9,5,2025-11-29,2025-11-30,2025-12-04
20240,149,1,5,2025-12-02,2025-12-04,2025-12-07
20241,149,9,5,2025-12-09,2025-12-12,2025-12-14
20242,149,1,5,2025-12-19,2025-12-22,2025-12-24
20243,149,1,5,2025-12-27,2025-12-30,2026-01-01
20244,149,9,5,2026-01-01,2026-01-04,2026-01-06
20245,149,9,5,2026-01-08,2026-01-10,2026-01-13
20246,149,1,5,2026-01-17,2026-01-20,2026-01-22
20247,149,9,5,2026-01-23,2026-01-24,2026-01-28
20248,149,1,5,2026-01-31,2026-02-01,2026-02-05
20249,149,1,5,2026-02-08,2026-02-10,2026-02-13
20250,149,9,5,2026-02-13,2026-02-16,2026-02-18
20251,149,1,5,2026-02-20,2026-02-23,2026-02-25
20252,149,1,5,2026-02-28,2026-03-02,2026-03-05
20253,149,1,5,2026-03-02,2026-03-05,2026-03-07
20254,149,1,5,2026-03-14,2026-03-17,2026-03-19
20255,149,9,5,2026-03-20,2026-03-23,2026-03-25
20256,149,1,5,2026-03-26,2026-03-27,2026-03-31
20257,149,9,5,2026-04-04,2026-04-07,2026-04-09
20258,149,9,5,2026-04-08,2026-04-09,2026-04-13
20259,149,9,5,2026-04-17,2026-04-18,2026-04-22
20260,149,1,5,2026-04-23,2026-04-25,2026-04-28
20261,149,1,5,2026-04-30,2026-05-01,2026-05-05
20262,149,1,5,2026-05-04,2026-05-05,2026-05-09
20263,149,1,5,2026-05-11,2026-05-12,2026-05-16
20264,149,1,5,2026-05-23,2026-05-26,2026-05-28
20265,149,1,5,2026-05-28,2026-05-30,2026-06-02
20266,149,9,5,2026-06-04,2026-06-06,2026-06-09
20267,149,1,5,2026-06-10,2026-06-11,2026-06-15
20268,149,1,5,2026-06-17,2026-06-19,2026-06-22
20269,149,9,5,2026-06-24,2026-06-27,2026-06-29
20270,149,9,7,2024-07-07,2024-07-08,2024-07-12
20271,149,9,9,2024-07-12,2024-07-13,2024-07-17
20272,149,1,7,2024-07-20,2024-07-22,2024-07-25
20273,149,1,9,2024-07-25,2024-07-26,2024-07-30
20274,149,9,9,2024-08-03,2024-08-04,2024-08-08
20275,149,1,7,2024-08-05,2024-08-08,2024-08-10
20276,149,1,9,2024-08-14,2024-08-16,2024-08-19
20277,149,1,7,2024-08-20,2024-08-23,2024-08-25
20278,149,9,7,2024-08-31,2024-09-01,2024-09-05
20279,149,9,7,2024-09-02,2024-09-03,2024-09-07
20280,149,9,7,2024-09-12,2024-09-15,2024-09-17
20281,149,1,7,2024-09-21,2024-09-24,2024-09-26
20282,149,1,7,2024-09-26,2024-09-28,2024-10-01
20283,149,1,7,2024-10-03,2024-10-04,2024-10-08
20284,149,1,9,2024-10-11,2024-10-13,2024-10-16
20285,149,1,9,2024-10-15,2024-10-16,2024-10-20
20286,149,1,7,2024-10-27,2024-10-29,2024-11-01
20287,149,1,9,2024-11-02,2024-11-05,2024-11-07
20288,149,9,9,2024-11-08,2024-11-09,2024-11-13
20289,149,1,7,2024-11-12,2024-11-14,2024-11-17
20290,149,1,9,2024-11-24,2024-11-26,2024-11-29
20291,149,9,9,2024-11-27,2024-11-29,2024-12-02
20292,149,9,7,2024-12-04,2024-12-06,2024-12-09
20293,149,1,9,2024-12-15,2024-12-17,2024-12-20
20294,149,1,9,2024-12-18,2024-12-19,2024-12-23
20295,149,9,7,2024-12-23,2024-12-26,2024-12-28
20296,149,1,9,2025-01-03,2025-01-05,2025-01-08
20297,149,9,7,2025-01-06,2025-01-07,2025-01-11
20298,149,9,9,2025-01-19,2025-01-21,2025-01-24
20299,149,1,9,2025-01-22,2025-01-23,2025-01-27
20300,149,1,9,2025-02-01,2025-02-02,2025-02-06
20301,149,1,7,2025-02-09,2025-02-11,2025-02-14
20302,149,9,7,2025-02-12,2025-02-14,2025-02-17
20303,149,9,7,2025-02-20,2025-02-23,2025-02-25
20304,149,1,9,2025-02-27,2025-02-28,2025-03-04
20305,149,1,9,2025-03-03,2025-03-04,2025-03-08
20306,149,9,9,2025-03-16,2025-03-17,2025-03-21
20307,149,1,7,2025-03-19,2025-03-20,2025-03-24
20308,149,1,7,2025-03-26,2025-03-29,2025-03-31
20309,149,9,7,2025-04-04,2025-04-05,2025-04-09
20310,149,9,9,2025-04-10,2025-04-12,2025-04-15
20311,149,1,9,2025-04-14,2025-04-17,2025-04-19
20312,149,1,9,2025-04-27,2025-04-28,2025-05-02
20313,149,1,9,2025-04-29,2025-04-30,2025-05-04
20314,149,1,9,2025-05-07,2025-05-08,2025-05-12
20315,149,1,7,2025-05-15,2025-05-16,2025-05-20
20316,149,9,9,2025-05-19,2025-05-20,2025-05-24
20317,149,9,7,2025-05-28,2025-05-29,2025-06-02
20318,149,9,9,2025-06-08,2025-06-11,2025-06-13
20319,149,9,9,2025-06-13,2025-06-15,2025-06-18
20320,149,1,7,2025-06-20,2025-06-21,2025-06-25
20321,149,1,7,2025-06-27,2025-06-28,2025-07-02
20322,149,9,9,2025-07-05,2025-07-06,2025-07-10
20323,149,1,9,2025-07-09,2025-07-12,2025-07-14
20324,149,9,7,2025-07-19,2025-07-20,2025-07-24
20325,149,9,7,2025-07-21,2025-07-23,2025-07-26
20326,149,9,9,2025-08-01,2025-08-03,2025-08-06
20327,149,9,9,2025-08-09,2025-08-11,2025-08-14
20328,149,9,7,2025-08-11,2025-08-13,2025-08-16
20329,149,9,9,2025-08-23,2025-08-24,2025-08-28
20330,149,9,9,2025-08-25,2025-08-27,2025-08-30
20331,149,1,7,2025-09-07,2025-09-09,2025-09-12
20332,149,1,9,2025-09-14,2025-09-17,2025-09-19
20333,149,9,7,2025-09-18,2025-09-21,2025-09-23
20334,149,1,9,2025-09-26,2025-09-27,2025-10-01
20335,149,9,9,2025-09-30,2025-10-01,2025-10-05
20336,149,1,7,2025-10-09,2025-10-11,2025-10-14
20337,149,1,7,2025-10-13,2025-10-16,2025-10-18
20338,149,9,7,2025-10-25,2025-10-28,2025-10-30
20339,149,9,9,2025-10-28,2025-10-31,2025-11-02
20340,149,1,9,2025-11-05,2025-11-07,2025-11-10
20341,149,9,7,2025-11-16,2025-11-17,2025-11-21
20342,149,1,9,2025-11-17,2025-11-18,2025-11-22
20343,149,1,9,2025-11-24,2025-11-25,2025-11-29
20344,149,1,9,2025-12-06,2025-12-07,2025-12-11
20345,149,1,7,2025-12-11,2025-12-13,2025-12-16
20346,149,9,9,2025-12-21,2025-12-23,2025-12-26
20347,149,1,9,2025-12-24,2025-12-25,2025-12-29
20348,149,1,7,2026-01-01,2026-01-03,2026-01-06
20349,149,1,7,2026-01-10,2026-01-12,2026-01-15
20350,149,1,7,2026-01-14,2026-01-15,2026-01-19
20351,149,9,7,2026-01-23,2026-01-24,2026-01-28
20352,149,9,9,2026-01-29,2026-01-30,2026-02-03
20353,149,1,7,2026-02-05,2026-02-08,2026-02-10
20354,149,1,9,2026-02-14,2026-02-15,2026-02-19
20355,149,1,9,2026-02-18,2026-02-20,2026-02-23
20356,149,9,7,2026-02-27,2026-03-01,2026-03-04
20357,149,9,7,2026-03-03,2026-03-04,2026-03-08
20358,149,9,7,2026-03-14,2026-03-17,2026-03-19
20359,149,1,7,2026-03-18,2026-03-19,2026-03-23
20360,149,9,7,2026-03-25,2026-03-28,2026-03-30
20361,149,9,9,2026-04-01,2026-04-03,2026-04-06
20362,149,9,9,2026-04-09,2026-04-12,2026-04-14
20363,149,1,9,2026-04-18,2026-04-20,2026-04-23
20364,149,9,7,2026-04-24,2026-04-27,2026-04-29
20365,149,1,9,2026-05-03,2026-05-05,2026-05-08
20366,149,1,9,2026-05-10,2026-05-11,2026-05-15
20367,149,9,7,2026-05-15,2026-05-18,2026-05-20
20368,149,1,9,2026-05-24,2026-05-25,2026-05-29
20369,149,1,9,2026-05-26,2026-05-29,2026-05-31
20370,149,1,9,2026-06-03,2026-06-06,2026-06-08
20371,149,9,9,2026-06-09,2026-06-10,2026-06-14
20372,149,9,9,2026-06-21,2026-06-22,2026-06-26
20373,149,9,7,2026-06-28,2026-07-01,2026-07-03
20374,149,9,10,2024-07-05,2024-07-08,2024-07-10
20375,149,1,10,2024-07-11,2024-07-13,2024-07-16
20376,149,1,10,2024-07-20,2024-07-21,2024-07-25
20377,149,1,10,2024-07-24,2024-07-25,2024-07-29
20378,149,9,10,2024-08-02,2024-08-04,2024-08-07
20379,149,9,10,2024-08-07,2024-08-08,2024-08-12
20380,149,9,10,2024-08-18,2024-08-19,2024-08-23
20381,149,1,10,2024-08-20,2024-08-23,2024-08-25
20382,149,9,10,2024-08-28,2024-08-29,2024-09-02
20383,149,9,10,2024-09-06,2024-09-09,2024-09-11
20384,149,1,10,2024-09-09,2024-09-11,2024-09-14
20385,149,1,10,2024-09-17,2024-09-19,2024-09-22
20386,149,1,10,2024-09-28,2024-10-01,2024-10-03
20387,149,9,10,2024-10-06,2024-10-08,2024-10-11
20388,149,9,10,2024-10-13,2024-10-16,2024-10-18
20389,149,9,10,2024-10-18,2024-10-21,2024-10-23
20390,149,1,10,2024-10-27,2024-10-30,2024-11-01
20391,149,9,10,2024-10-28,2024-10-31,2024-11-02
20392,149,1,10,2024-11-09,2024-11-10,2024-11-14
20393,149,9,10,2024-11-11,2024-11-13,2024-11-16
20394,149,1,10,2024-11-22,2024-11-23,2024-11-27
20395,149,9,10,2024-11-29,2024-12-02,2024-12-04
20396,149,1,10,2024-12-07,2024-12-10,2024-12-12
20397,149,9,10,2024-12-15,2024-12-17,2024-12-20
20398,149,1,10,2024-12-18,2024-12-19,2024-12-23
20399,149,1,10,2024-12-24,2024-12-26,2024-12-29
20400,149,9,10,2025-01-03,2025-01-04,2025-01-08
20401,149,1,10,2025-01-08,2025-01-11,2025-01-13
20402,149,1,10,2025-01-16,2025-01-17,2025-01-21
20403,149,9,10,2025-01-25,2025-01-27,2025-01-30
20404,149,1,10,2025-02-02,2025-02-05,2025-02-07
20405,149,9,10,2025-02-04,2025-02-05,2025-02-09
20406,149,9,10,2025-02-11,2025-02-13,2025-02-16
20407,149,9,10,2025-02-18,2025-02-21,2025-02-23
20408,149,1,10,2025-02-26,2025-02-28,2025-03-03
20409,149,1,10,2025-03-07,2025-03-09,2025-03-12
20410,149,1,10,2025-03-14,2025-03-16,2025-03-19
20411,149,9,10,2025-03-20,2025-03-21,2025-03-25
20412,149,1,10,2025-03-28,2025-03-31,2025-04-02
20413,149,9,10,2025-04-05,2025-04-07,2025-04-10
20414,149,9,10,2025-04-08,2025-04-09,2025-04-13
20415,149,1,10,2025-04-16,2025-04-19,2025-04-21
20416,149,1,10,2025-04-24,2025-04-25,2025-04-29
20417,149,1,10,2025-05-04,2025-05-05,2025-05-09
20418,149,9,10,2025-05-08,2025-05-09,2025-05-13
20419,149,1,10,2025-05-15,2025-05-18,2025-05-20
20420,149,9,10,2025-05-23,2025-05-26,2025-05-28
20421,149,9,10,2025-06-01,2025-06-04,2025-06-06
20422,149,1,10,2025-06-06,2025-06-09,2025-06-11
20423,149,1,10,2025-06-13,2025-06-14,2025-06-18
20424,149,1,10,2025-06-19,2025-06-22,2025-06-24
20425,149,9,10,2025-06-25,2025-06-27,2025-06-30
20426,149,9,10,2025-06-30,2025-07-02,2025-07-05
20427,149,9,10,2025-07-10,2025-07-11,2025-07-15
20428,149,1,10,2025-07-20,2025-07-21,2025-07-25
20429,149,9,10,2025-07-22,2025-07-24,2025-07-27
20430,149,9,10,2025-07-30,2025-08-01,2025-08-04
20431,149,1,10,2025-08-04,2025-08-07,2025-08-09
20432,149,1,10,2025-08-12,2025-08-13,2025-08-17
20433,149,1,10,2025-08-22,2025-08-23,2025-08-27
20434,149,1,10,2025-08-31,2025-09-03,2025-09-05
20435,149,1,10,2025-09-06,2025-09-08,2025-09-11
20436,149,9,10,2025-09-13,2025-09-16,2025-09-18
20437,149,1,10,2025-09-19,2025-09-21,2025-09-24
20438,149,9,10,2025-09-22,2025-09-23,2025-09-27
20439,149,1,10,2025-10-04,2025-10-07,2025-10-09
20440,149,9,10,2025-10-09,2025-10-11,2025-10-14
20441,149,9,10,2025-10-13,2025-10-16,2025-10-18
20442,149,1,10,2025-10-21,2025-10-23,2025-10-26
20443,149,9,10,2025-11-01,2025-11-04,2025-11-06
20444,149,9,10,2025-11-03,2025-11-04,2025-11-08
20445,149,1,10,2025-11-11,2025-11-13,2025-11-16
20446,149,9,10,2025-11-20,2025-11-21,2025-11-25
20447,149,9,10,2025-11-29,2025-12-01,2025-12-04
20448,149,1,10,2025-12-06,2025-12-07,2025-12-11
20449,149,9,10,2025-12-09,2025-12-10,2025-12-14
20450,149,1,10,2025-12-17,2025-12-18,2025-12-22
20451,149,1,10,2025-12-24,2025-12-25,2025-12-29
20452,149,9,10,2025-12-29,2026-01-01,2026-01-03
20453,149,9,10,2026-01-07,2026-01-10,2026-01-12
20454,149,9,10,2026-01-14,2026-01-17,2026-01-19
20455,149,9,10,2026-01-23,2026-01-26,2026-01-28
20456,149,1,10,2026-01-28,2026-01-29,2026-02-02
20457,149,9,10,2026-02-07,2026-02-10,2026-02-12
20458,149,1,10,2026-02-13,2026-02-16,2026-02-18
20459,149,1,10,2026-02-21,2026-02-22,2026-02-26
20460,149,9,10,2026-02-25,2026-02-26,2026-03-02
20461,149,1,10,2026-03-05,2026-03-06,2026-03-10
20462,149,1,10,2026-03-10,2026-03-12,2026-03-15
20463,149,9,10,2026-03-18,2026-03-20,2026-03-23
20464,149,9,10,2026-03-28,2026-03-31,2026-04-02
20465,149,9,10,2026-03-31,2026-04-03,2026-04-05
20466,149,1,10,2026-04-12,2026-04-15,2026-04-17
20467,149,1,10,2026-04-13,2026-04-14,2026-04-18
20468,149,1,10,2026-04-21,2026-04-24,2026-04-26
20469,149,9,10,2026-04-28,2026-04-30,2026-05-03
20470,149,9,10,2026-05-10,2026-05-11,2026-05-15
20471,149,9,10,2026-05-12,2026-05-15,2026-05-17
20472,149,9,10,2026-05-22,2026-05-25,2026-05-27
20473,149,1,10,2026-05-27,2026-05-28,2026-06-01
20474,149,9,10,2026-06-06,2026-06-09,2026-06-11
20475,149,9,10,2026-06-13,2026-06-16,2026-06-18
20476,149,1,10,2026-06-18,2026-06-21,2026-06-23
20477,149,1,10,2026-06-28,2026-06-29,2026-07-03
20478,149,1,10,2026-06-29,2026-07-02,2026-07-04
20479,150,6,1,2024-07-02,2024-07-05,2024-07-21
20480,150,6,1,2024-07-24,2024-07-25,2024-08-12
20481,150,6,1,2024-07-29,2024-08-01,2024-08-17
20482,150,23,1,2024-08-12,2024-08-15,2024-08-31
20483,150,23,1,2024-09-08,2024-09-10,2024-09-27
20484,150,23,3,2024-09-17,2024-09-19,2024-10-06
20485,150,6,1,2024-10-04,2024-10-07,2024-10-23
20486,150,23,3,2024-10-12,2024-10-14,2024-10-31
20487,150,6,1,2024-10-29,2024-10-31,2024-11-17
20488,150,23,1,2024-11-12,2024-11-14,2024-12-01
20489,150,23,1,2024-11-26,2024-11-28,2024-12-15
20490,150,6,1,2024-12-09,2024-12-12,2024-12-28
20491,150,6,3,2024-12-23,2024-12-26,2025-01-11
20492,150,6,3,2025-01-07,2025-01-10,2025-01-26
20493,150,23,1,2025-01-26,2025-01-27,2025-02-14
20494,150,23,3,2025-02-09,2025-02-10,2025-02-28
20495,150,23,1,2025-02-18,2025-02-20,2025-03-09
20496,150,23,3,2025-03-06,2025-03-07,2025-03-25
20497,150,6,1,2025-03-18,2025-03-19,2025-04-06
20498,150,6,3,2025-04-02,2025-04-05,2025-04-21
20499,150,23,1,2025-04-16,2025-04-18,2025-05-05
20500,150,23,3,2025-05-01,2025-05-02,2025-05-20
20501,150,6,1,2025-05-11,2025-05-12,2025-05-30
20502,150,23,1,2025-06-01,2025-06-03,2025-06-20
20503,150,6,3,2025-06-03,2025-06-06,2025-06-22
20504,150,6,3,2025-06-20,2025-06-21,2025-07-09
20505,150,23,1,2025-07-02,2025-07-03,2025-07-21
20506,150,6,3,2025-07-14,2025-07-16,2025-08-02
20507,150,6,3,2025-08-03,2025-08-04,2025-08-22
20508,150,23,3,2025-08-23,2025-08-24,2025-09-11
20509,150,6,1,2025-09-02,2025-09-04,2025-09-21
20510,150,6,3,2025-09-11,2025-09-14,2025-09-30
20511,150,23,1,2025-09-28,2025-10-01,2025-10-17
20512,150,6,1,2025-10-14,2025-10-16,2025-11-02
20513,150,23,3,2025-10-26,2025-10-27,2025-11-14
20514,150,23,3,2025-11-13,2025-11-14,2025-12-02
20515,150,23,1,2025-11-24,2025-11-25,2025-12-13
20516,150,6,1,2025-12-10,2025-12-12,2025-12-29
20517,150,23,3,2025-12-26,2025-12-27,2026-01-14
20518,150,6,1,2026-01-08,2026-01-09,2026-01-27
20519,150,6,3,2026-01-20,2026-01-21,2026-02-08
20520,150,6,1,2026-02-06,2026-02-07,2026-02-25
20521,150,6,1,2026-02-15,2026-02-17,2026-03-06
20522,150,23,3,2026-03-07,2026-03-10,2026-03-26
20523,150,23,1,2026-03-20,2026-03-22,2026-04-08
20524,150,6,3,2026-03-23,2026-03-25,2026-04-11
20525,150,6,3,2026-04-09,2026-04-12,2026-04-28
20526,150,6,1,2026-04-29,2026-05-01,2026-05-18
20527,150,6,3,2026-05-09,2026-05-11,2026-05-28
20528,150,23,3,2026-05-19,2026-05-21,2026-06-07
20529,150,23,1,2026-06-11,2026-06-14,2026-06-30
20530,150,6,3,2026-06-16,2026-06-17,2026-07-05
20531,150,23,4,2024-07-06,2024-07-09,2024-07-25
20532,150,23,4,2024-07-19,2024-07-21,2024-08-07
20533,150,6,4,2024-07-31,2024-08-01,2024-08-19
20534,150,23,4,2024-08-14,2024-08-17,2024-09-02
20535,150,23,4,2024-09-02,2024-09-04,2024-09-21
20536,150,23,4,2024-09-13,2024-09-16,2024-10-02
20537,150,6,4,2024-09-24,2024-09-25,2024-10-13
20538,150,6,4,2024-10-12,2024-10-13,2024-10-31
20539,150,23,4,2024-10-21,2024-10-22,2024-11-09
20540,150,23,4,2024-11-12,2024-11-15,2024-12-01
20541,150,6,4,2024-11-20,2024-11-22,2024-12-09
20542,150,23,4,2024-12-14,2024-12-16,2025-01-02
20543,150,6,4,2024-12-18,2024-12-21,2025-01-06
20544,150,23,4,2025-01-12,2025-01-13,2025-01-31
20545,150,23,4,2025-01-16,2025-01-18,2025-02-04
20546,150,6,4,2025-02-09,2025-02-12,2025-02-28
20547,150,23,4,2025-02-19,2025-02-20,2025-03-10
20548,150,6,4,2025-02-24,2025-02-26,2025-03-15
20549,150,6,4,2025-03-15,2025-03-18,2025-04-03
20550,150,23,4,2025-03-26,2025-03-28,2025-04-14
20551,150,6,4,2025-04-15,2025-04-16,2025-05-04
20552,150,23,4,2025-04-27,2025-04-28,2025-05-16
20553,150,6,4,2025-05-09,2025-05-11,2025-05-28
20554,150,6,4,2025-05-22,2025-05-24,2025-06-10
20555,150,23,4,2025-06-07,2025-06-09,2025-06-26
20556,150,6,4,2025-06-22,2025-06-24,2025-07-11
20557,150,6,4,2025-07-08,2025-07-10,2025-07-27
20558,150,6,4,2025-07-24,2025-07-25,2025-08-12
20559,150,23,4,2025-08-03,2025-08-06,2025-08-22
20560,150,23,4,2025-08-19,2025-08-22,2025-09-07
20561,150,6,4,2025-09-01,2025-09-03,2025-09-20
20562,150,6,4,2025-09-15,2025-09-18,2025-10-04
20563,150,6,4,2025-09-30,2025-10-01,2025-10-19
20564,150,6,4,2025-10-19,2025-10-22,2025-11-07
20565,150,23,4,2025-10-28,2025-10-30,2025-11-16
20566,150,23,4,2025-11-09,2025-11-11,2025-11-28
20567,150,6,4,2025-11-23,2025-11-24,2025-12-12
20568,150,23,4,2025-12-07,2025-12-09,2025-12-26
20569,150,6,4,2025-12-25,2025-12-26,2026-01-13
20570,150,6,4,2026-01-02,2026-01-03,2026-01-21
20571,150,23,4,2026-01-22,2026-01-24,2026-02-10
20572,150,6,4,2026-01-30,2026-02-01,2026-02-18
20573,150,23,4,2026-02-22,2026-02-25,2026-03-13
20574,150,23,4,2026-03-07,2026-03-10,2026-03-26
20575,150,6,4,2026-03-13,2026-03-15,2026-04-01
20576,150,6,4,2026-03-27,2026-03-29,2026-04-15
20577,150,6,4,2026-04-09,2026-04-12,2026-04-28
20578,150,6,4,2026-04-20,2026-04-22,2026-05-09
20579,150,23,4,2026-05-15,2026-05-17,2026-06-03
20580,150,23,4,2026-05-28,2026-05-31,2026-06-16
20581,150,23,4,2026-06-02,2026-06-05,2026-06-21
20582,150,6,4,2026-06-23,2026-06-25,2026-07-12
20583,150,6,5,2024-07-06,2024-07-07,2024-07-25
20584,150,23,5,2024-07-28,2024-07-30,2024-08-16
20585,150,23,5,2024-08-11,2024-08-14,2024-08-30
20586,150,6,5,2024-08-20,2024-08-23,2024-09-08
20587,150,23,5,2024-08-29,2024-08-30,2024-09-17
20588,150,23,5,2024-09-19,2024-09-21,2024-10-08
20589,150,6,5,2024-09-24,2024-09-27,2024-10-13
20590,150,23,5,2024-10-15,2024-10-17,2024-11-03
20591,150,6,5,2024-10-25,2024-10-28,2024-11-13
20592,150,23,5,2024-11-08,2024-11-09,2024-11-27
20593,150,6,5,2024-11-29,2024-11-30,2024-12-18
20594,150,6,5,2024-12-09,2024-12-10,2024-12-28
20595,150,6,5,2024-12-24,2024-12-27,2025-01-12
20596,150,6,5,2025-01-12,2025-01-15,2025-01-31
20597,150,6,5,2025-01-20,2025-01-23,2025-02-08
20598,150,23,5,2025-01-29,2025-01-30,2025-02-17
20599,150,6,5,2025-02-15,2025-02-17,2025-03-06
20600,150,23,5,2025-03-02,2025-03-03,2025-03-21
20601,150,6,5,2025-03-13,2025-03-15,2025-04-01
20602,150,23,5,2025-04-05,2025-04-08,2025-04-24
20603,150,6,5,2025-04-07,2025-04-08,2025-04-26
20604,150,6,5,2025-04-26,2025-04-27,2025-05-15
20605,150,6,5,2025-05-16,2025-05-19,2025-06-04
20606,150,23,5,2025-05-31,2025-06-02,2025-06-19
20607,150,23,5,2025-06-03,2025-06-06,2025-06-22
20608,150,6,5,2025-06-17,2025-06-19,2025-07-06
20609,150,6,5,2025-07-04,2025-07-06,2025-07-23
20610,150,6,5,2025-07-14,2025-07-15,2025-08-02
20611,150,6,5,2025-08-10,2025-08-11,2025-08-29
20612,150,6,5,2025-08-11,2025-08-13,2025-08-30
20613,150,23,5,2025-09-05,2025-09-07,2025-09-24
20614,150,6,5,2025-09-12,2025-09-14,2025-10-01
20615,150,23,5,2025-09-24,2025-09-27,2025-10-13
20616,150,6,5,2025-10-10,2025-10-12,2025-10-29
20617,150,6,5,2025-10-24,2025-10-25,2025-11-12
20618,150,6,5,2025-11-08,2025-11-09,2025-11-27
20619,150,23,5,2025-11-21,2025-11-23,2025-12-10
20620,150,23,5,2025-12-13,2025-12-14,2026-01-01
20621,150,6,5,2025-12-16,2025-12-18,2026-01-04
20622,150,6,5,2025-12-30,2026-01-02,2026-01-18
20623,150,23,5,2026-01-16,2026-01-18,2026-02-04
20624,150,6,5,2026-02-08,2026-02-09,2026-02-27
20625,150,23,5,2026-02-21,2026-02-23,2026-03-12
20626,150,6,5,2026-03-07,2026-03-08,2026-03-26
20627,150,6,5,2026-03-09,2026-03-10,2026-03-28
20628,150,6,5,2026-04-02,2026-04-03,2026-04-21
20629,150,23,5,2026-04-18,2026-04-20,2026-05-07
20630,150,6,5,2026-04-30,2026-05-02,2026-05-19
20631,150,23,5,2026-05-11,2026-05-12,2026-05-30
20632,150,23,5,2026-05-29,2026-06-01,2026-06-17
20633,150,23,5,2026-06-12,2026-06-13,2026-07-01
20634,150,6,5,2026-06-26,2026-06-27,2026-07-15
20635,150,6,7,2024-07-03,2024-07-05,2024-07-22
20636,150,6,9,2024-07-18,2024-07-19,2024-08-06
20637,150,6,9,2024-08-03,2024-08-05,2024-08-22
20638,150,23,9,2024-08-19,2024-08-21,2024-09-07
20639,150,23,9,2024-09-05,2024-09-06,2024-09-24
20640,150,6,7,2024-09-10,2024-09-13,2024-09-29
20641,150,6,9,2024-09-27,2024-09-30,2024-10-16
20642,150,6,9,2024-10-09,2024-10-12,2024-10-28
20643,150,23,7,2024-10-25,2024-10-28,2024-11-13
20644,150,6,7,2024-11-11,2024-11-13,2024-11-30
20645,150,6,7,2024-11-20,2024-11-21,2024-12-09
20646,150,6,7,2024-12-14,2024-12-17,2025-01-02
20647,150,6,7,2024-12-17,2024-12-19,2025-01-05
20648,150,23,7,2024-12-31,2025-01-01,2025-01-19
20649,150,23,7,2025-01-17,2025-01-19,2025-02-05
20650,150,23,7,2025-01-29,2025-02-01,2025-02-17
20651,150,23,9,2025-02-19,2025-02-22,2025-03-10
20652,150,23,9,2025-03-04,2025-03-06,2025-03-23
20653,150,6,7,2025-03-18,2025-03-21,2025-04-06
20654,150,23,9,2025-03-28,2025-03-29,2025-04-16
20655,150,23,9,2025-04-11,2025-04-13,2025-04-30
20656,150,23,9,2025-04-24,2025-04-25,2025-05-13
20657,150,23,9,2025-05-17,2025-05-19,2025-06-05
20658,150,6,9,2025-05-24,2025-05-25,2025-06-12
20659,150,6,7,2025-06-08,2025-06-11,2025-06-27
20660,150,23,7,2025-06-22,2025-06-23,2025-07-11
20661,150,6,9,2025-07-04,2025-07-07,2025-07-23
20662,150,6,7,2025-07-20,2025-07-22,2025-08-08
20663,150,6,9,2025-07-29,2025-07-30,2025-08-17
20664,150,6,7,2025-08-23,2025-08-25,2025-09-11
20665,150,6,7,2025-08-31,2025-09-02,2025-09-19
20666,150,23,7,2025-09-19,2025-09-22,2025-10-08
20667,150,23,9,2025-10-01,2025-10-03,2025-10-20
20668,150,23,7,2025-10-12,2025-10-13,2025-10-31
20669,150,23,7,2025-10-27,2025-10-30,2025-11-15
20670,150,6,9,2025-11-11,2025-11-12,2025-11-30
20671,150,6,9,2025-11-23,2025-11-24,2025-12-12
20672,150,6,7,2025-12-13,2025-12-16,2026-01-01
20673,150,6,7,2025-12-17,2025-12-20,2026-01-05
20674,150,23,7,2025-12-30,2026-01-02,2026-01-18
20675,150,6,9,2026-01-23,2026-01-25,2026-02-11
20676,150,6,9,2026-02-04,2026-02-07,2026-02-23
20677,150,6,9,2026-02-15,2026-02-18,2026-03-06
20678,150,6,9,2026-02-23,2026-02-24,2026-03-14
20679,150,23,7,2026-03-13,2026-03-14,2026-04-01
20680,150,23,7,2026-04-05,2026-04-07,2026-04-24
20681,150,23,9,2026-04-12,2026-04-13,2026-05-01
20682,150,23,7,2026-05-03,2026-05-05,2026-05-22
20683,150,23,7,2026-05-05,2026-05-08,2026-05-24
20684,150,23,9,2026-05-28,2026-05-31,2026-06-16
20685,150,6,7,2026-06-04,2026-06-06,2026-06-23
20686,150,6,9,2026-06-25,2026-06-28,2026-07-14
20687,150,6,10,2024-07-06,2024-07-09,2024-07-25
20688,150,6,10,2024-07-26,2024-07-28,2024-08-14
20689,150,6,10,2024-07-30,2024-08-01,2024-08-18
20690,150,23,10,2024-08-17,2024-08-19,2024-09-05
20691,150,23,10,2024-09-04,2024-09-05,2024-09-23
20692,150,23,10,2024-09-10,2024-09-11,2024-09-29
20693,150,23,10,2024-09-30,2024-10-01,2024-10-19
20694,150,6,10,2024-10-16,2024-10-18,2024-11-04
20695,150,23,10,2024-10-23,2024-10-25,2024-11-11
20696,150,23,10,2024-11-14,2024-11-15,2024-12-03
20697,150,6,10,2024-11-27,2024-11-29,2024-12-16
20698,150,6,10,2024-12-15,2024-12-17,2025-01-03
20699,150,6,10,2024-12-21,2024-12-22,2025-01-09
20700,150,6,10,2025-01-07,2025-01-10,2025-01-26
20701,150,6,10,2025-01-13,2025-01-16,2025-02-01
20702,150,6,10,2025-02-06,2025-02-09,2025-02-25
20703,150,23,10,2025-02-13,2025-02-15,2025-03-04
20704,150,23,10,2025-02-28,2025-03-03,2025-03-19
20705,150,23,10,2025-03-18,2025-03-21,2025-04-06
20706,150,23,10,2025-03-30,2025-04-01,2025-04-18
20707,150,23,10,2025-04-12,2025-04-13,2025-05-01
20708,150,23,10,2025-04-29,2025-04-30,2025-05-18
20709,150,6,10,2025-05-13,2025-05-14,2025-06-01
20710,150,6,10,2025-05-20,2025-05-21,2025-06-08
20711,150,6,10,2025-06-10,2025-06-13,2025-06-29
20712,150,6,10,2025-06-21,2025-06-23,2025-07-10
20713,150,6,10,2025-07-05,2025-07-06,2025-07-24
20714,150,23,10,2025-07-20,2025-07-23,2025-08-08
20715,150,6,10,2025-08-07,2025-08-09,2025-08-26
20716,150,23,10,2025-08-18,2025-08-19,2025-09-06
20717,150,6,10,2025-08-29,2025-08-30,2025-09-17
20718,150,23,10,2025-09-15,2025-09-16,2025-10-04
20719,150,23,10,2025-10-03,2025-10-05,2025-10-22
20720,150,23,10,2025-10-06,2025-10-09,2025-10-25
20721,150,6,10,2025-10-20,2025-10-22,2025-11-08
20722,150,6,10,2025-11-16,2025-11-17,2025-12-05
20723,150,6,10,2025-11-19,2025-11-22,2025-12-08
20724,150,6,10,2025-12-08,2025-12-09,2025-12-27
20725,150,6,10,2025-12-28,2025-12-30,2026-01-16
20726,150,23,10,2026-01-01,2026-01-02,2026-01-20
20727,150,23,10,2026-01-20,2026-01-23,2026-02-08
20728,150,23,10,2026-02-01,2026-02-04,2026-02-20
20729,150,6,10,2026-02-11,2026-02-12,2026-03-02
20730,150,23,10,2026-03-02,2026-03-05,2026-03-21
20731,150,6,10,2026-03-15,2026-03-16,2026-04-03
20732,150,6,10,2026-04-02,2026-04-03,2026-04-21
20733,150,6,10,2026-04-08,2026-04-11,2026-04-27
20734,150,6,10,2026-04-23,2026-04-26,2026-05-12
20735,150,6,10,2026-05-07,2026-05-08,2026-05-26
20736,150,6,10,2026-05-28,2026-05-30,2026-06-16
20737,150,6,10,2026-06-14,2026-06-15,2026-07-03
20738,150,6,10,2026-06-18,2026-06-21,2026-07-07
