snapshot_date,lot_id,product_id,warehouse_id,qty_on_hand
2024-07-08,1,1,3,432.6
2024-07-15,2,1,3,77.3
2024-07-22,3,1,3,219.2
2024-07-29,4,1,1,176.7
2024-08-05,5,1,1,170.2
2024-08-12,6,1,3,446.0
2024-08-19,7,1,3,374.3
2024-08-26,7,1,3,170.6
2024-08-26,8,1,1,266.2
2024-09-02,9,1,1,343.5
2024-09-09,10,1,1,425.6
2024-09-23,11,1,3,220.1
2024-09-30,12,1,3,271.4
2024-09-30,13,1,3,466.0
2024-10-07,14,1,1,496.9
2024-10-14,15,1,1,314.2
2024-10-21,16,1,1,530.4
2024-10-28,17,1,3,462.9
2024-11-04,18,1,3,74.6
2024-11-18,19,1,1,121.1
2024-11-18,20,1,1,226.5
2024-11-25,21,1,3,62.9
2024-12-02,22,1,3,145.7
2024-12-09,22,1,3,41.4
2024-12-09,23,1,3,465.4
2024-12-16,24,1,3,341.8
2024-12-30,25,1,1,310.3
2024-12-30,26,1,3,287.2
2025-01-06,27,1,3,369.9
2025-01-20,28,1,1,463.1
2025-01-20,29,1,1,431.7
2025-01-27,30,1,1,371.3
2025-02-03,31,1,1,533.4
2025-02-10,32,1,3,157.9
2025-02-17,33,1,1,66.7
2025-02-24,34,1,1,47.1
2025-03-03,35,1,3,415.7
2025-03-10,36,1,3,94.4
2025-03-17,37,1,3,483.7
2025-03-24,38,1,3,79.6
2025-03-31,39,1,1,590.5
2025-04-07,40,1,1,291.4
2025-04-14,41,1,3,200.4
2025-04-21,42,1,1,520.2
2025-05-05,44,1,3,570.8
2025-05-12,45,1,1,154.7
2025-05-26,46,1,3,160.7
2025-05-26,47,1,3,89.9
2025-06-02,48,1,3,259.2
2025-06-09,49,1,3,265.2
2025-06-16,50,1,3,612.2
2025-06-23,51,1,3,497.5
2025-06-30,52,1,3,557.5
2025-07-14,53,1,3,355.0
2025-07-14,54,1,1,80.1
2025-07-21,55,1,1,77.5
2025-07-28,56,1,3,201.5
2025-08-18,59,1,3,511.6
2025-08-25,59,1,3,219.2
2025-08-25,60,1,3,254.6
2025-09-01,61,1,3,87.1
2025-09-15,62,1,3,218.5
2025-09-15,63,1,1,584.4
2025-09-22,64,1,3,446.9
2025-09-29,65,1,1,44.3
2025-10-06,66,1,1,282.7
2025-10-20,67,1,1,197.8
2025-10-20,68,1,3,515.6
2025-10-27,69,1,3,460.8
2025-11-10,70,1,1,96.4
2025-11-10,71,1,1,212.8
2025-11-17,72,1,1,463.5
2025-11-24,73,1,1,413.3
2025-12-08,75,1,1,325.1
2025-12-15,76,1,1,509.5
2025-12-22,77,1,1,271.1
2026-01-05,78,1,3,592.2
2026-01-05,79,1,3,485.3
2026-01-12,80,1,1,313.9
2026-01-19,81,1,3,301.9
2026-01-26,82,1,3,299.8
2026-02-02,83,1,1,179.9
2026-02-09,84,1,1,90.9
2026-02-16,85,1,1,535.8
2026-02-23,86,1,3,212.9
2026-03-02,87,1,1,83.8
2026-03-09,88,1,3,437.2
2026-03-16,89,1,1,120.1
2026-03-23,90,1,1,357.5
2026-03-30,91,1,3,110.8
2026-04-06,92,1,1,565.7
2026-04-13,93,1,1,164.8
2026-04-20,94,1,1,494.1
2026-04-27,94,1,1,219.2
2026-04-27,95,1,1,346.0
2026-05-04,96,1,1,163.8
2026-05-11,97,1,3,211.4
2026-05-25,98,1,3,370.0
2026-05-25,99,1,1,475.8
2026-06-08,101,1,1,202.8
2026-06-15,102,1,1,255.7
2026-06-22,103,1,1,279.6
2026-06-29,104,1,3,340.2
2024-07-08,105,1,4,284.5
2024-07-15,105,1,4,86.0
2024-07-22,107,1,4,375.9
2024-07-29,107,1,4,0.0
2024-07-29,108,1,4,271.8
2024-08-05,109,1,4,377.3
2024-08-12,110,1,4,288.4
2024-08-19,111,1,4,303.3
2024-08-26,112,1,4,391.5
2024-09-02,113,1,4,517.1
2024-09-09,114,1,4,423.9
2024-09-23,115,1,4,486.4
2024-09-23,116,1,4,232.2
2024-09-30,117,1,4,429.8
2024-10-07,118,1,4,346.9
2024-10-14,119,1,4,434.1
2024-10-21,120,1,4,335.8
2024-10-28,121,1,4,406.8
2024-11-04,122,1,4,83.5
2024-11-11,123,1,4,139.0
2024-11-18,124,1,4,440.8
2024-11-25,125,1,4,130.6
2024-12-02,126,1,4,321.6
2024-12-09,127,1,4,188.6
2024-12-16,128,1,4,103.8
2024-12-23,128,1,4,51.6
2024-12-23,129,1,4,315.9
2024-12-30,130,1,4,473.5
2025-01-06,131,1,4,251.2
2025-01-13,132,1,4,273.3
2025-01-20,133,1,4,412.2
2025-01-27,134,1,4,64.2
2025-02-03,135,1,4,420.5
2025-02-10,136,1,4,121.2
2025-02-17,137,1,4,90.7
2025-02-24,138,1,4,262.6
2025-03-03,139,1,4,274.8
2025-03-10,140,1,4,56.4
2025-03-24,142,1,4,65.9
2025-03-31,143,1,4,148.5
2025-04-07,144,1,4,133.1
2025-04-14,145,1,4,125.0
2025-04-21,146,1,4,353.1
2025-04-28,147,1,4,367.1
2025-05-05,148,1,4,227.7
2025-05-12,149,1,4,139.3
2025-05-26,150,1,4,191.8
2025-06-02,152,1,4,307.6
2025-06-09,153,1,4,295.1
2025-06-16,154,1,4,355.6
2025-06-30,155,1,4,539.4
2025-06-30,156,1,4,205.8
2025-07-07,157,1,4,117.1
2025-07-14,158,1,4,300.3
2025-07-21,159,1,4,52.9
2025-07-28,160,1,4,298.2
2025-08-04,161,1,4,212.5
2025-08-11,162,1,4,51.3
2025-08-25,163,1,4,534.1
2025-09-01,165,1,4,101.3
2025-09-08,166,1,4,315.2
2025-09-15,167,1,4,401.2
2025-09-22,167,1,4,84.5
2025-09-22,168,1,4,315.7
2025-09-29,169,1,4,246.1
2025-10-06,169,1,4,91.2
2025-10-06,170,1,4,452.6
2025-10-13,171,1,4,510.4
2025-10-20,172,1,4,218.8
2025-10-27,173,1,4,244.1
2025-11-03,174,1,4,275.5
2025-11-17,175,1,4,109.5
2025-11-17,176,1,4,422.4
2025-11-24,177,1,4,229.3
2025-12-01,178,1,4,187.9
2025-12-08,179,1,4,98.3
2025-12-22,181,1,4,463.3
2025-12-29,182,1,4,131.4
2026-01-12,183,1,4,345.1
2026-01-12,184,1,4,470.6
2026-01-19,185,1,4,198.8
2026-01-26,185,1,4,20.7
2026-01-26,186,1,4,206.2
2026-02-02,186,1,4,0.0
2026-02-09,187,1,4,51.6
2026-02-09,188,1,4,360.3
2026-02-16,189,1,4,182.3
2026-02-23,190,1,4,72.6
2026-03-02,191,1,4,430.4
2026-03-09,192,1,4,302.5
2026-03-16,193,1,4,204.5
2026-04-06,195,1,4,306.8
2026-04-06,196,1,4,131.1
2026-04-13,197,1,4,158.3
2026-04-20,198,1,4,32.9
2026-04-27,199,1,4,598.3
2026-05-04,200,1,4,122.4
2026-05-11,201,1,4,381.5
2026-05-25,203,1,4,418.4
2026-06-01,203,1,4,251.8
2026-06-01,204,1,4,251.8
2026-06-08,205,1,4,310.4
2026-06-22,206,1,4,467.1
2026-06-22,207,1,4,405.7
2026-06-29,208,1,4,113.1
2024-07-08,209,1,5,130.7
2024-07-15,210,1,5,585.7
2024-07-22,211,1,5,88.6
2024-07-29,212,1,5,269.1
2024-08-05,213,1,5,467.2
2024-08-12,213,1,5,146.3
2024-08-12,214,1,5,252.3
2024-08-19,214,1,5,155.7
2024-08-19,215,1,5,131.3
2024-08-26,216,1,5,229.5
2024-09-02,217,1,5,155.5
2024-09-09,218,1,5,223.7
2024-09-16,219,1,5,154.5
2024-09-23,220,1,5,460.8
2024-09-30,221,1,5,132.6
2024-10-07,222,1,5,129.1
2024-10-14,223,1,5,444.5
2024-10-21,224,1,5,253.6
2024-10-28,225,1,5,148.1
2024-11-04,226,1,5,407.2
2024-11-11,227,1,5,499.3
2024-11-18,228,1,5,267.9
2024-11-25,229,1,5,525.5
2024-12-09,231,1,5,243.5
2024-12-16,232,1,5,108.7
2024-12-23,233,1,5,203.3
2025-01-13,235,1,5,113.3
2025-01-13,236,1,5,153.4
2025-01-20,237,1,5,78.0
2025-01-27,238,1,5,299.1
2025-02-03,238,1,5,123.2
2025-02-03,239,1,5,204.5
2025-02-10,239,1,5,106.0
2025-02-17,240,1,5,342.0
2025-02-17,241,1,5,78.0
2025-03-03,243,1,5,425.7
2025-03-10,244,1,5,67.7
2025-03-17,245,1,5,244.0
2025-03-24,246,1,5,47.8
2025-03-31,247,1,5,57.9
2025-04-07,248,1,5,597.7
2025-04-14,249,1,5,261.7
2025-04-21,250,1,5,613.8
2025-05-05,251,1,5,502.7
2025-05-05,252,1,5,264.1
2025-05-12,253,1,5,362.0
2025-05-19,254,1,5,152.3
2025-05-26,254,1,5,90.7
2025-06-09,257,1,5,379.4
2025-06-23,258,1,5,71.3
2025-06-23,259,1,5,281.2
2025-06-30,260,1,5,580.2
2025-07-21,263,1,5,113.4
2025-07-28,264,1,5,183.4
2025-08-04,265,1,5,296.4
2025-08-11,266,1,5,247.9
2025-08-18,267,1,5,178.5
2025-08-25,268,1,5,198.8
2025-09-01,269,1,5,60.3
2025-09-15,270,1,5,47.7
2025-09-15,271,1,5,189.3
2025-09-22,272,1,5,384.0
2025-09-29,272,1,5,178.1
2025-09-29,273,1,5,435.9
2025-10-06,274,1,5,117.6
2025-10-13,275,1,5,408.9
2025-10-20,276,1,5,225.7
2025-11-03,278,1,5,256.0
2025-11-17,280,1,5,42.3
2025-11-24,281,1,5,137.6
2025-12-01,282,1,5,76.2
2025-12-15,283,1,5,436.8
2025-12-15,284,1,5,229.3
2025-12-22,285,1,5,480.0
2025-12-29,286,1,5,201.7
2026-01-05,287,1,5,479.1
2026-01-12,288,1,5,165.6
2026-01-19,289,1,5,300.8
2026-01-26,290,1,5,257.1
2026-02-02,291,1,5,380.0
2026-02-16,293,1,5,198.0
2026-02-23,294,1,5,87.0
2026-03-02,295,1,5,411.9
2026-03-09,296,1,5,82.5
2026-03-30,299,1,5,252.7
2026-04-13,300,1,5,285.5
2026-04-13,301,1,5,31.9
2026-04-20,302,1,5,425.5
2026-04-27,303,1,5,367.3
2026-05-04,304,1,5,432.3
2026-05-11,305,1,5,195.1
2026-05-18,306,1,5,357.1
2026-05-25,307,1,5,213.1
2026-06-01,308,1,5,90.1
2026-06-08,309,1,5,222.7
2026-06-15,310,1,5,471.7
2026-06-22,311,1,5,119.4
2026-06-29,311,1,5,1.8
2024-07-08,313,1,7,625.8
2024-07-15,314,1,9,264.4
2024-07-22,315,1,7,301.4
2024-07-29,316,1,9,373.6
2024-08-05,317,1,7,239.2
2024-08-12,318,1,7,179.8
2024-08-26,320,1,9,165.4
2024-09-02,321,1,9,83.4
2024-09-09,322,1,7,146.1
2024-09-16,323,1,7,422.7
2024-09-30,324,1,9,115.1
2024-09-30,325,1,7,228.1
2024-10-14,326,1,7,558.6
2024-10-21,327,1,7,227.7
2024-10-21,328,1,7,224.2
2024-10-28,328,1,7,83.4
2024-10-28,329,1,9,307.4
2024-11-04,330,1,9,237.8
2024-11-11,331,1,7,429.5
2024-11-18,332,1,7,193.4
2024-12-02,333,1,9,370.1
2024-12-02,334,1,7,171.4
2024-12-09,335,1,7,329.0
2024-12-16,335,1,7,65.9
2024-12-16,336,1,7,446.1
2024-12-23,337,1,9,157.8
2024-12-30,338,1,9,166.2
2025-01-06,339,1,9,380.1
2025-01-20,341,1,7,216.3
2025-01-27,342,1,7,110.4
2025-02-03,343,1,9,388.9
2025-02-17,344,1,9,139.3
2025-02-17,345,1,7,86.9
2025-02-24,345,1,7,29.8
2025-03-03,346,1,7,121.9
2025-03-10,347,1,9,108.7
2025-03-10,348,1,7,286.4
2025-03-17,349,1,9,508.6
2025-03-24,350,1,7,422.3
2025-03-31,350,1,7,138.7
2025-04-07,351,1,9,89.4
2025-04-07,352,1,7,259.8
2025-04-14,353,1,9,44.3
2025-04-21,354,1,7,549.3
2025-04-28,355,1,7,489.3
2025-05-05,356,1,7,106.9
2025-05-12,357,1,9,312.8
2025-05-19,358,1,9,233.7
2025-05-26,359,1,7,461.5
2025-06-02,360,1,7,433.5
2025-06-16,362,1,7,391.2
2025-06-30,364,1,9,330.9
2025-07-07,365,1,7,285.3
2025-07-14,366,1,9,166.7
2025-07-28,367,1,9,249.6
2025-07-28,368,1,7,256.3
2025-08-04,369,1,7,406.9
2025-08-11,370,1,7,39.9
2025-08-18,371,1,9,273.2
2025-08-25,372,1,9,369.2
2025-09-01,373,1,9,70.8
2025-09-08,374,1,7,131.3
2025-09-15,375,1,7,329.7
2025-09-29,376,1,7,438.3
2025-09-29,377,1,7,86.4
2025-10-06,378,1,7,381.0
2025-10-13,379,1,7,580.6
2025-10-20,380,1,7,249.6
2025-10-27,381,1,9,227.4
2025-11-03,382,1,7,442.8
2025-11-10,383,1,7,407.3
2025-11-24,384,1,7,454.2
2025-11-24,385,1,7,170.8
2025-12-01,386,1,7,157.8
2025-12-08,387,1,9,429.8
2025-12-15,388,1,7,439.6
2025-12-22,389,1,9,116.8
2025-12-29,390,1,9,581.7
2026-01-05,391,1,9,447.7
2026-01-12,392,1,7,275.3
2026-01-19,393,1,9,485.0
2026-01-26,394,1,9,402.3
2026-02-02,395,1,7,185.4
2026-02-16,397,1,7,350.4
2026-02-23,398,1,9,423.7
2026-03-02,398,1,9,82.3
2026-03-02,399,1,9,97.4
2026-03-09,400,1,7,33.4
2026-03-16,401,1,7,161.6
2026-03-30,402,1,9,254.8
2026-03-30,403,1,7,311.8
2026-04-06,404,1,7,391.2
2026-04-13,405,1,9,175.4
2026-04-20,406,1,9,82.3
2026-04-27,407,1,7,196.7
2026-05-11,408,1,9,450.4
2026-05-11,409,1,9,104.4
2026-05-18,410,1,9,177.9
2026-05-25,411,1,9,492.8
2026-06-01,412,1,7,305.8
2026-06-08,413,1,9,391.8
2026-06-22,415,1,7,130.5
2026-06-29,416,1,7,162.0
2024-07-15,418,1,10,169.2
2024-07-22,419,1,10,225.7
2024-07-22,420,1,10,121.5
2024-07-29,421,1,10,140.3
2024-08-05,422,1,10,420.3
2024-08-12,423,1,10,455.6
2024-08-19,424,1,10,106.0
2024-08-26,425,1,10,403.8
2024-09-02,426,1,10,309.3
2024-09-09,427,1,10,389.1
2024-09-16,428,1,10,109.5
2024-09-23,429,1,10,185.1
2024-09-30,430,1,10,67.3
2024-10-07,431,1,10,64.5
2024-10-14,432,1,10,224.7
2024-10-21,433,1,10,135.8
2024-10-28,434,1,10,227.9
2024-11-04,435,1,10,299.1
2024-11-11,436,1,10,114.8
2024-11-18,437,1,10,119.9
2024-12-02,439,1,10,521.0
2024-12-09,439,1,10,286.1
2024-12-16,440,1,10,505.0
2024-12-23,441,1,10,267.7
2024-12-23,442,1,10,591.8
2024-12-30,443,1,10,56.7
2025-01-06,444,1,10,201.0
2025-01-13,445,1,10,539.6
2025-01-20,446,1,10,280.7
2025-01-27,447,1,10,261.2
2025-02-03,448,1,10,195.4
2025-02-10,449,1,10,462.5
2025-02-17,450,1,10,261.1
2025-02-24,451,1,10,212.9
2025-03-03,452,1,10,447.6
2025-03-10,453,1,10,413.5
2025-03-17,454,1,10,563.0
2025-03-24,455,1,10,313.8
2025-03-31,456,1,10,353.3
2025-04-07,457,1,10,101.4
2025-04-21,458,1,10,488.0
2025-04-21,459,1,10,326.7
2025-04-28,460,1,10,318.5
2025-05-05,461,1,10,233.4
2025-05-12,462,1,10,231.7
2025-05-19,463,1,10,377.9
2025-05-26,464,1,10,295.8
2025-06-02,465,1,10,206.3
2025-06-09,466,1,10,463.9
2025-06-23,468,1,10,179.7
2025-06-30,469,1,10,131.8
2025-07-07,470,1,10,534.5
2025-07-14,471,1,10,304.9
2025-07-21,472,1,10,286.8
2025-07-28,473,1,10,35.5
2025-08-11,474,1,10,463.2
2025-08-11,475,1,10,218.3
2025-08-18,476,1,10,545.9
2025-08-25,477,1,10,504.1
2025-09-01,478,1,10,274.8
2025-09-08,479,1,10,466.0
2025-09-15,480,1,10,429.5
2025-09-22,481,1,10,154.1
2025-09-29,482,1,10,335.0
2025-10-06,483,1,10,77.4
2025-10-13,484,1,10,271.7
2025-10-20,485,1,10,475.8
2025-10-27,486,1,10,41.3
2025-11-10,487,1,10,440.6
2025-11-10,488,1,10,370.6
2025-11-24,489,1,10,413.0
2025-11-24,490,1,10,281.2
2025-12-01,491,1,10,340.9
2025-12-15,493,1,10,46.9
2025-12-22,494,1,10,272.0
2025-12-29,495,1,10,333.5
2026-01-05,495,1,10,0.0
2026-01-19,498,1,10,52.3
2026-02-02,500,1,10,458.2
2026-02-09,501,1,10,390.9
2026-02-16,502,1,10,205.8
2026-03-02,504,1,10,95.8
2026-03-09,505,1,10,222.6
2026-03-16,506,1,10,315.8
2026-03-23,507,1,10,223.8
2026-03-30,508,1,10,213.4
2026-04-06,509,1,10,302.8
2026-04-13,510,1,10,257.4
2026-04-20,511,1,10,69.8
2026-05-04,512,1,10,341.3
2026-05-04,513,1,10,206.6
2026-05-18,514,1,10,199.2
2026-05-18,515,1,10,168.9
2026-05-25,516,1,10,77.5
2026-06-01,517,1,10,33.4
2026-06-08,518,1,10,256.6
2026-06-15,519,1,10,48.8
2026-06-22,520,1,10,568.2
2024-09-09,522,2,1,1180.0
2024-09-16,522,2,1,1023.1
2024-09-23,522,2,1,866.1
2024-09-30,522,2,1,709.2
2024-10-07,522,2,1,552.2
2024-10-14,522,2,1,395.3
2024-10-21,522,2,1,238.3
2024-10-28,522,2,1,81.4
2024-11-04,522,2,1,0.0
2024-11-18,523,2,1,449.7
2024-11-25,523,2,1,402.3
2024-12-02,523,2,1,355.0
2024-12-09,523,2,1,307.7
2024-12-16,523,2,1,260.4
2024-12-23,523,2,1,213.0
2024-12-30,523,2,1,165.7
2025-01-06,523,2,1,118.4
2025-01-13,523,2,1,71.0
2025-01-20,523,2,1,23.7
2025-01-27,523,2,1,0.0
2025-05-26,524,2,1,1075.8
2025-06-02,524,2,1,782.6
2025-06-09,524,2,1,489.4
2025-06-16,524,2,1,196.1
2025-06-23,524,2,1,0.0
2025-08-25,525,2,1,1143.5
2025-09-01,525,2,1,1046.0
2025-09-08,525,2,1,948.5
2025-09-15,525,2,1,851.0
2025-09-22,525,2,1,753.6
2025-09-29,525,2,1,656.1
2025-10-06,525,2,1,558.6
2025-10-13,525,2,1,461.1
2025-10-20,525,2,1,363.6
2025-10-27,525,2,1,266.1
2025-11-03,525,2,1,168.6
2025-11-10,525,2,1,71.1
2025-11-17,525,2,1,0.0
2026-01-12,526,2,4,940.4
2026-01-19,526,2,4,800.8
2026-01-26,526,2,4,661.2
2026-02-02,526,2,4,521.5
2026-02-09,526,2,4,381.9
2026-02-16,526,2,4,242.3
2026-02-23,526,2,4,102.7
2026-03-02,526,2,4,0.0
2026-06-08,527,2,7,135.3
2026-06-15,527,2,7,122.6
2026-06-22,527,2,7,109.9
2026-06-29,527,2,7,97.2
2024-09-09,528,3,5,544.5
2024-09-16,528,3,5,405.0
2024-09-23,528,3,5,265.5
2024-09-30,528,3,5,126.0
2024-10-07,528,3,5,0.0
2025-02-17,529,3,1,609.7
2025-02-24,529,3,1,442.3
2025-03-03,529,3,1,275.0
2025-03-10,529,3,1,107.7
2025-03-17,529,3,1,0.0
2025-06-02,530,3,1,1129.4
2025-06-09,530,3,1,1020.8
2025-06-16,530,3,1,912.2
2025-06-23,530,3,1,803.6
2025-06-30,530,3,1,695.1
2025-07-07,530,3,1,586.5
2025-07-14,530,3,1,477.9
2025-07-21,530,3,1,369.3
2025-07-28,530,3,1,260.7
2025-08-04,530,3,1,152.1
2025-08-11,530,3,1,43.5
2025-08-18,530,3,1,0.0
2025-09-08,531,3,8,651.6
2025-09-15,531,3,8,564.3
2025-09-22,531,3,8,476.9
2025-09-29,531,3,8,389.5
2025-10-06,531,3,8,302.1
2025-10-13,531,3,8,214.8
2025-10-20,531,3,8,127.4
2025-10-27,531,3,8,40.0
2025-11-03,531,3,8,0.0
2025-12-08,532,3,8,224.7
2025-12-15,532,3,8,179.4
2025-12-22,532,3,8,134.2
2025-12-29,532,3,8,88.9
2026-01-05,532,3,8,43.6
2026-01-12,532,3,8,0.0
2026-06-01,533,3,1,509.9
2026-06-08,533,3,1,437.7
2026-06-15,533,3,1,365.6
2026-06-22,533,3,1,293.5
2026-06-29,533,3,1,221.3
2024-10-28,534,4,5,829.6
2024-11-04,534,4,5,669.2
2024-11-11,534,4,5,508.8
2024-11-18,534,4,5,348.4
2024-11-25,534,4,5,188.0
2024-12-02,534,4,5,27.6
2024-12-09,534,4,5,0.0
2024-11-18,535,4,8,1167.2
2024-11-25,535,4,8,918.4
2024-12-02,535,4,8,669.6
2024-12-09,535,4,8,420.7
2024-12-16,535,4,8,171.9
2024-12-23,535,4,8,0.0
2025-06-16,536,4,8,529.0
2025-06-23,536,4,8,481.0
2025-06-30,536,4,8,433.0
2025-07-07,536,4,8,385.0
2025-07-14,536,4,8,337.0
2025-07-21,536,4,8,289.0
2025-07-28,536,4,8,241.0
2025-08-04,536,4,8,193.0
2025-08-11,536,4,8,145.0
2025-08-18,536,4,8,97.0
2025-08-25,536,4,8,49.0
2025-09-01,536,4,8,1.0
2025-09-08,536,4,8,0.0
2025-09-22,537,4,2,253.6
2025-09-29,537,4,2,232.3
2025-10-06,537,4,2,210.9
2025-10-13,537,4,2,189.6
2025-10-20,537,4,2,168.2
2025-10-27,537,4,2,146.9
2025-11-03,537,4,2,125.5
2025-11-10,537,4,2,104.2
2025-11-17,537,4,2,82.8
2025-11-24,537,4,2,61.5
2025-12-01,537,4,2,40.1
2025-12-08,537,4,2,18.8
2025-12-15,537,4,2,0.0
2026-02-09,538,4,5,1046.4
2026-02-16,538,4,5,944.9
2026-02-23,538,4,5,843.3
2026-03-02,538,4,5,741.8
2026-03-09,538,4,5,640.2
2026-03-16,538,4,5,538.7
2026-03-23,538,4,5,437.1
2026-03-30,538,4,5,335.6
2026-04-06,538,4,5,234.0
2026-04-13,538,4,5,132.5
2026-04-20,538,4,5,30.9
2026-04-27,538,4,5,0.0
2026-05-18,539,4,8,139.8
2026-05-25,539,4,8,110.7
2026-06-01,539,4,8,81.5
2026-06-08,539,4,8,52.3
2026-06-15,539,4,8,23.2
2026-06-22,539,4,8,0.0
2024-07-15,540,5,2,1014.0
2024-07-22,540,5,2,744.1
2024-07-29,540,5,2,474.1
2024-08-05,540,5,2,204.2
2024-08-12,540,5,2,0.0
2024-12-02,541,5,4,549.2
2024-12-09,541,5,4,449.5
2024-12-16,541,5,4,349.7
2024-12-23,541,5,4,250.0
2024-12-30,541,5,4,150.2
2025-01-06,541,5,4,50.4
2025-01-13,541,5,4,0.0
2025-06-16,542,5,6,122.4
2025-06-23,542,5,6,108.8
2025-06-30,542,5,6,95.3
2025-07-07,542,5,6,81.7
2025-07-14,542,5,6,68.1
2025-07-21,542,5,6,54.5
2025-07-28,542,5,6,40.9
2025-08-04,542,5,6,27.4
2025-08-11,542,5,6,13.8
2025-08-18,542,5,6,0.2
2025-08-25,542,5,6,0.0
2025-07-07,543,5,2,458.7
2025-07-14,543,5,2,340.4
2025-07-21,543,5,2,222.1
2025-07-28,543,5,2,103.8
2025-08-04,543,5,2,0.0
2025-12-15,544,5,4,365.1
2025-12-22,544,5,4,298.3
2025-12-29,544,5,4,231.4
2026-01-05,544,5,4,164.5
2026-01-12,544,5,4,97.6
2026-01-19,544,5,4,30.8
2026-01-26,544,5,4,0.0
2026-04-20,545,5,2,864.5
2026-04-27,545,5,2,693.1
2026-05-04,545,5,2,521.6
2026-05-11,545,5,2,350.2
2026-05-18,545,5,2,178.7
2026-05-25,545,5,2,7.3
2026-06-01,545,5,2,0.0
2024-09-09,546,6,6,1010.6
2024-09-16,546,6,6,885.2
2024-09-23,546,6,6,759.8
2024-09-30,546,6,6,634.4
2024-10-07,546,6,6,509.0
2024-10-14,546,6,6,383.5
2024-10-21,546,6,6,258.1
2024-10-28,546,6,6,132.7
2024-11-04,546,6,6,7.3
2024-11-11,546,6,6,0.0
2024-12-09,547,6,1,488.8
2024-12-16,547,6,1,456.6
2024-12-23,547,6,1,424.3
2024-12-30,547,6,1,392.1
2025-01-06,547,6,1,359.9
2025-01-13,547,6,1,327.7
2025-01-20,547,6,1,295.4
2025-01-27,547,6,1,263.2
2025-02-03,547,6,1,231.0
2025-02-10,547,6,1,198.8
2025-02-17,547,6,1,166.5
2025-02-24,547,6,1,134.3
2025-03-03,547,6,1,102.1
2025-03-10,547,6,1,69.9
2025-03-17,547,6,1,37.6
2025-03-24,547,6,1,5.4
2025-03-31,547,6,1,0.0
2025-05-05,548,6,10,866.6
2025-05-12,548,6,10,644.2
2025-05-19,548,6,10,421.8
2025-05-26,548,6,10,199.4
2025-06-02,548,6,10,0.0
2025-09-22,549,6,1,523.2
2025-09-29,549,6,1,379.3
2025-10-06,549,6,1,235.5
2025-10-13,549,6,1,91.7
2025-10-20,549,6,1,0.0
2026-01-26,550,6,6,163.0
2026-02-02,550,6,6,123.0
2026-02-09,550,6,6,83.0
2026-02-16,550,6,6,43.0
2026-02-23,550,6,6,3.0
2026-03-02,550,6,6,0.0
2026-03-23,551,6,1,309.9
2026-03-30,551,6,1,274.7
2026-04-06,551,6,1,239.6
2026-04-13,551,6,1,204.4
2026-04-20,551,6,1,169.3
2026-04-27,551,6,1,134.1
2026-05-04,551,6,1,99.0
2026-05-11,551,6,1,63.9
2026-05-18,551,6,1,28.7
2026-05-25,551,6,1,0.0
2026-06-29,552,6,6,836.2
2024-07-08,553,7,4,474.5
2024-07-15,553,7,4,392.9
2024-07-22,553,7,4,311.4
2024-07-29,553,7,4,229.8
2024-08-05,553,7,4,148.3
2024-08-12,553,7,4,66.8
2024-08-19,553,7,4,0.0
2025-03-03,554,7,8,1046.2
2025-03-10,554,7,8,924.3
2025-03-17,554,7,8,802.5
2025-03-24,554,7,8,680.6
2025-03-31,554,7,8,558.8
2025-04-07,554,7,8,436.9
2025-04-14,554,7,8,315.1
2025-04-21,554,7,8,193.2
2025-04-28,554,7,8,71.4
2025-05-05,554,7,8,0.0
2025-06-09,555,7,6,296.9
2025-06-16,555,7,6,222.7
2025-06-23,555,7,6,148.6
2025-06-30,555,7,6,74.4
2025-07-07,555,7,6,0.3
2025-07-14,555,7,6,0.0
2025-08-11,556,7,8,149.4
2025-08-18,556,7,8,121.9
2025-08-25,556,7,8,94.3
2025-09-01,556,7,8,66.7
2025-09-08,556,7,8,39.2
2025-09-15,556,7,8,11.6
2025-09-22,556,7,8,0.0
2026-01-19,557,7,8,809.8
2026-01-26,557,7,8,619.6
2026-02-02,557,7,8,429.4
2026-02-09,557,7,8,239.2
2026-02-16,557,7,8,49.0
2026-02-23,557,7,8,0.0
2026-05-04,558,7,4,884.7
2026-05-11,558,7,4,755.3
2026-05-18,558,7,4,626.0
2026-05-25,558,7,4,496.6
2026-06-01,558,7,4,367.3
2026-06-08,558,7,4,238.0
2026-06-15,558,7,4,108.6
2026-06-22,558,7,4,0.0
2024-08-26,559,8,4,638.4
2024-09-02,559,8,4,521.8
2024-09-09,559,8,4,405.2
2024-09-16,559,8,4,288.6
2024-09-23,559,8,4,172.0
2024-09-30,559,8,4,55.4
2024-10-07,559,8,4,0.0
2024-11-04,560,8,7,990.9
2024-11-11,560,8,7,898.8
2024-11-18,560,8,7,806.7
2024-11-25,560,8,7,714.7
2024-12-02,560,8,7,622.6
2024-12-09,560,8,7,530.5
2024-12-16,560,8,7,438.4
2024-12-23,560,8,7,346.3
2024-12-30,560,8,7,254.2
2025-01-06,560,8,7,162.1
2025-01-13,560,8,7,70.0
2025-01-20,560,8,7,0.0
2025-06-02,561,8,10,417.5
2025-06-09,561,8,10,301.0
2025-06-16,561,8,10,184.5
2025-06-23,561,8,10,68.0
2025-06-30,561,8,10,0.0
2025-08-11,562,8,4,732.0
2025-08-18,562,8,4,594.1
2025-08-25,562,8,4,456.1
2025-09-01,562,8,4,318.1
2025-09-08,562,8,4,180.2
2025-09-15,562,8,4,42.2
2025-09-22,562,8,4,0.0
2025-12-29,563,8,10,726.3
2026-01-05,563,8,10,611.6
2026-01-12,563,8,10,497.0
2026-01-19,563,8,10,382.3
2026-01-26,563,8,10,267.6
2026-02-02,563,8,10,152.9
2026-02-09,563,8,10,38.3
2026-02-16,563,8,10,0.0
2026-05-04,564,8,4,1246.7
2026-05-11,564,8,4,1090.4
2026-05-18,564,8,4,934.1
2026-05-25,564,8,4,777.8
2026-06-01,564,8,4,621.6
2026-06-08,564,8,4,465.3
2026-06-15,564,8,4,309.0
2026-06-22,564,8,4,152.7
2026-06-29,564,8,4,0.0
2024-11-04,565,9,8,1250.7
2024-11-11,565,9,8,1085.3
2024-11-18,565,9,8,920.0
2024-11-25,565,9,8,754.6
2024-12-02,565,9,8,589.3
2024-12-09,565,9,8,423.9
2024-12-16,565,9,8,258.6
2024-12-23,565,9,8,93.2
2024-12-30,565,9,8,0.0
2025-02-03,566,9,2,1073.2
2025-02-10,566,9,2,985.5
2025-02-17,566,9,2,897.7
2025-02-24,566,9,2,809.9
2025-03-03,566,9,2,722.1
2025-03-10,566,9,2,634.4
2025-03-17,566,9,2,546.6
2025-03-24,566,9,2,458.8
2025-03-31,566,9,2,371.0
2025-04-07,566,9,2,283.3
2025-04-14,566,9,2,195.5
2025-04-21,566,9,2,107.7
2025-04-28,566,9,2,20.0
2025-05-05,566,9,2,0.0
2025-06-02,567,9,2,157.8
2025-06-09,567,9,2,138.6
2025-06-16,567,9,2,119.5
2025-06-23,567,9,2,100.3
2025-06-30,567,9,2,81.1
2025-07-07,567,9,2,61.9
2025-07-14,567,9,2,42.8
2025-07-21,567,9,2,23.6
2025-07-28,567,9,2,4.4
2025-08-04,567,9,2,0.0
2025-08-18,568,9,10,1160.8
2025-08-25,568,9,10,1014.5
2025-09-01,568,9,10,868.3
2025-09-08,568,9,10,722.1
2025-09-15,568,9,10,575.9
2025-09-22,568,9,10,429.6
2025-09-29,568,9,10,283.4
2025-10-06,568,9,10,137.2
2025-10-13,568,9,10,0.0
2026-01-19,569,9,2,101.0
2026-01-26,569,9,2,73.0
2026-02-02,569,9,2,45.0
2026-02-09,569,9,2,17.0
2026-02-16,569,9,2,0.0
2026-06-01,570,9,10,274.1
2026-06-08,570,9,10,216.2
2026-06-15,570,9,10,158.3
2026-06-22,570,9,10,100.4
2026-06-29,570,9,10,42.5
2024-10-28,571,10,4,196.0
2024-11-04,571,10,4,178.0
2024-11-11,571,10,4,159.9
2024-11-18,571,10,4,141.9
2024-11-25,571,10,4,123.9
2024-12-02,571,10,4,105.9
2024-12-09,571,10,4,87.9
2024-12-16,571,10,4,69.8
2024-12-23,571,10,4,51.8
2024-12-30,571,10,4,33.8
2025-01-06,571,10,4,15.8
2025-01-13,571,10,4,0.0
2024-12-23,572,10,10,1117.4
2024-12-30,572,10,10,938.8
2025-01-06,572,10,10,760.2
2025-01-13,572,10,10,581.6
2025-01-20,572,10,10,403.0
2025-01-27,572,10,10,224.3
2025-02-03,572,10,10,45.7
2025-02-10,572,10,10,0.0
2025-03-24,573,10,6,684.4
2025-03-31,573,10,6,597.8
2025-04-07,573,10,6,511.3
2025-04-14,573,10,6,424.7
2025-04-21,573,10,6,338.1
2025-04-28,573,10,6,251.5
2025-05-05,573,10,6,164.9
2025-05-12,573,10,6,78.3
2025-05-19,573,10,6,0.0
2025-09-22,574,10,6,625.5
2025-09-29,574,10,6,535.0
2025-10-06,574,10,6,444.5
2025-10-13,574,10,6,353.9
2025-10-20,574,10,6,263.4
2025-10-27,574,10,6,172.9
2025-11-03,574,10,6,82.4
2025-11-10,574,10,6,0.0
2026-02-02,575,10,4,995.7
2026-02-09,575,10,4,915.3
2026-02-16,575,10,4,835.0
2026-02-23,575,10,4,754.6
2026-03-02,575,10,4,674.3
2026-03-09,575,10,4,593.9
2026-03-16,575,10,4,513.6
2026-03-23,575,10,4,433.2
2026-03-30,575,10,4,352.9
2026-04-06,575,10,4,272.5
2026-04-13,575,10,4,192.2
2026-04-20,575,10,4,111.8
2026-04-27,575,10,4,31.5
2026-05-04,575,10,4,0.0
2026-05-04,576,10,10,161.4
2026-05-11,576,10,10,124.7
2026-05-18,576,10,10,88.1
2026-05-25,576,10,10,51.4
2026-06-01,576,10,10,14.8
2026-06-08,576,10,10,0.0
2026-06-29,577,10,10,444.4
2024-07-29,578,11,1,761.6
2024-08-05,578,11,1,567.1
2024-08-12,578,11,1,372.7
2024-08-19,578,11,1,178.2
2024-08-26,578,11,1,0.0
2024-11-25,579,11,1,780.0
2024-12-02,579,11,1,573.0
2024-12-09,579,11,1,366.1
2024-12-16,579,11,1,159.1
2024-12-23,579,11,1,0.0
2025-05-26,580,11,1,784.9
2025-06-02,580,11,1,624.7
2025-06-09,580,11,1,464.6
2025-06-16,580,11,1,304.4
2025-06-23,580,11,1,144.3
2025-06-30,580,11,1,0.0
2025-09-29,581,11,2,134.9
2025-10-06,581,11,2,119.8
2025-10-13,581,11,2,104.7
2025-10-20,581,11,2,89.6
2025-10-27,581,11,2,74.5
2025-11-03,581,11,2,59.3
2025-11-10,581,11,2,44.2
2025-11-17,581,11,2,29.1
2025-11-24,581,11,2,14.0
2025-12-01,581,11,2,0.0
2026-02-02,582,11,1,1123.7
2026-02-09,582,11,1,991.3
2026-02-16,582,11,1,859.0
2026-02-23,582,11,1,726.6
2026-03-02,582,11,1,594.3
2026-03-09,582,11,1,461.9
2026-03-16,582,11,1,329.6
2026-03-23,582,11,1,197.2
2026-03-30,582,11,1,64.9
2026-04-06,582,11,1,0.0
2026-06-15,583,11,10,134.3
2026-06-22,583,11,10,113.6
2026-06-29,583,11,10,92.9
2024-09-23,584,12,7,165.5
2024-09-30,584,12,7,136.0
2024-10-07,584,12,7,106.5
2024-10-14,584,12,7,77.0
2024-10-21,584,12,7,47.5
2024-10-28,584,12,7,17.9
2024-11-04,584,12,7,0.0
2024-11-11,585,12,2,1225.7
2024-11-18,585,12,2,1091.3
2024-11-25,585,12,2,957.0
2024-12-02,585,12,2,822.7
2024-12-09,585,12,2,688.4
2024-12-16,585,12,2,554.0
2024-12-23,585,12,2,419.7
2024-12-30,585,12,2,285.4
2025-01-06,585,12,2,151.0
2025-01-13,585,12,2,16.7
2025-01-20,585,12,2,0.0
2025-06-16,586,12,7,356.3
2025-06-23,586,12,7,330.6
2025-06-30,586,12,7,304.8
2025-07-07,586,12,7,279.1
2025-07-14,586,12,7,253.4
2025-07-21,586,12,7,227.7
2025-07-28,586,12,7,202.0
2025-08-04,586,12,7,176.3
2025-08-11,586,12,7,150.5
2025-08-18,586,12,7,124.8
2025-08-25,586,12,7,99.1
2025-09-01,586,12,7,73.4
2025-09-08,586,12,7,47.7
2025-09-15,586,12,7,22.0
2025-09-22,586,12,7,0.0
2025-10-13,587,12,7,1007.3
2025-10-20,587,12,7,758.7
2025-10-27,587,12,7,510.0
2025-11-03,587,12,7,261.3
2025-11-10,587,12,7,12.6
2025-11-17,587,12,7,0.0
2025-12-29,588,12,2,150.6
2026-01-05,588,12,2,138.1
2026-01-12,588,12,2,125.7
2026-01-19,588,12,2,113.2
2026-01-26,588,12,2,100.8
2026-02-02,588,12,2,88.3
2026-02-09,588,12,2,75.9
2026-02-16,588,12,2,63.5
2026-02-23,588,12,2,51.0
2026-03-02,588,12,2,38.6
2026-03-09,588,12,2,26.1
2026-03-16,588,12,2,13.7
2026-03-23,588,12,2,1.3
2026-03-30,588,12,2,0.0
2026-04-13,589,12,7,732.9
2026-04-20,589,12,7,529.8
2026-04-27,589,12,7,326.7
2026-05-04,589,12,7,123.6
2026-05-11,589,12,7,0.0
2024-07-15,590,13,1,726.0
2024-07-22,590,13,1,639.0
2024-07-29,590,13,1,552.0
2024-08-05,590,13,1,465.0
2024-08-12,590,13,1,378.0
2024-08-19,590,13,1,291.0
2024-08-26,590,13,1,204.0
2024-09-02,590,13,1,117.0
2024-09-09,590,13,1,30.0
2024-09-16,590,13,1,0.0
2024-10-07,591,13,3,651.6
2024-10-14,591,13,3,582.3
2024-10-21,591,13,3,512.9
2024-10-28,591,13,3,443.6
2024-11-04,591,13,3,374.2
2024-11-11,591,13,3,304.9
2024-11-18,591,13,3,235.5
2024-11-25,591,13,3,166.2
2024-12-02,591,13,3,96.8
2024-12-09,591,13,3,27.4
2024-12-16,591,13,3,0.0
2024-12-16,592,13,1,642.1
2024-12-23,592,13,1,523.3
2024-12-30,592,13,1,404.4
2025-01-06,592,13,1,285.5
2025-01-13,592,13,1,166.7
2025-01-20,592,13,1,47.8
2025-01-27,592,13,1,0.0
2025-01-06,593,13,1,420.5
2025-01-13,593,13,1,377.9
2025-01-20,593,13,1,335.4
2025-01-27,593,13,1,292.8
2025-02-03,593,13,1,250.3
2025-02-10,593,13,1,207.8
2025-02-17,593,13,1,165.2
2025-02-24,593,13,1,122.7
2025-03-03,593,13,1,80.1
2025-03-10,593,13,1,37.6
2025-03-17,593,13,1,0.0
2025-03-24,594,13,1,144.9
2025-03-31,594,13,1,125.8
2025-04-07,594,13,1,106.7
2025-04-14,594,13,1,87.6
2025-04-21,594,13,1,68.4
2025-04-28,594,13,1,49.3
2025-05-05,594,13,1,30.2
2025-05-12,594,13,1,11.1
2025-05-19,594,13,1,0.0
2025-05-26,595,13,3,771.0
2025-06-02,595,13,3,660.1
2025-06-09,595,13,3,549.1
2025-06-16,595,13,3,438.2
2025-06-23,595,13,3,327.2
2025-06-30,595,13,3,216.2
2025-07-07,595,13,3,105.3
2025-07-14,595,13,3,0.0
2025-07-14,596,13,1,431.3
2025-07-21,596,13,1,397.7
2025-07-28,596,13,1,364.0
2025-08-04,596,13,1,330.3
2025-08-11,596,13,1,296.6
2025-08-18,596,13,1,263.0
2025-08-25,596,13,1,229.3
2025-09-01,596,13,1,195.6
2025-09-08,596,13,1,161.9
2025-09-15,596,13,1,128.3
2025-09-22,596,13,1,94.6
2025-09-29,596,13,1,60.9
2025-10-06,596,13,1,27.2
2025-10-13,597,13,1,628.3
2025-10-20,597,13,1,566.6
2025-10-27,597,13,1,504.9
2025-11-03,597,13,1,443.2
2025-11-10,597,13,1,381.5
2025-11-17,597,13,1,319.8
2025-11-24,597,13,1,258.1
2025-12-01,597,13,1,196.4
2025-12-08,597,13,1,134.7
2025-12-15,597,13,1,73.0
2025-12-22,597,13,1,11.3
2025-12-29,597,13,1,0.0
2025-11-17,598,13,3,514.2
2025-11-24,598,13,3,422.4
2025-12-01,598,13,3,330.6
2025-12-08,598,13,3,238.9
2025-12-15,598,13,3,147.1
2025-12-22,598,13,3,55.3
2025-12-29,598,13,3,0.0
2025-12-29,599,13,1,535.8
2026-01-05,599,13,1,398.6
2026-01-12,599,13,1,261.3
2026-01-19,599,13,1,124.1
2026-01-26,599,13,1,0.0
2026-03-02,600,13,3,565.0
2026-03-09,600,13,3,416.1
2026-03-16,600,13,3,267.1
2026-03-23,600,13,3,118.2
2026-03-30,600,13,3,0.0
2026-05-25,601,13,3,455.0
2026-06-01,601,13,3,393.9
2026-06-08,601,13,3,332.9
2026-06-15,601,13,3,271.8
2026-06-22,601,13,3,210.8
2026-06-29,601,13,3,149.7
2024-08-12,602,13,4,63.0
2024-08-19,602,13,4,51.0
2024-08-26,602,13,4,38.9
2024-09-02,602,13,4,26.9
2024-09-09,602,13,4,14.9
2024-09-16,602,13,4,2.9
2024-09-23,602,13,4,0.0
2024-09-16,603,13,4,242.2
2024-09-23,603,13,4,219.4
2024-09-30,603,13,4,196.5
2024-10-07,603,13,4,173.7
2024-10-14,603,13,4,150.9
2024-10-21,603,13,4,128.1
2024-10-28,603,13,4,105.3
2024-11-04,603,13,4,82.5
2024-11-11,603,13,4,59.6
2024-11-18,603,13,4,36.8
2024-11-25,603,13,4,14.0
2024-12-02,603,13,4,0.0
2024-11-18,604,13,4,493.3
2024-11-25,604,13,4,430.6
2024-12-02,604,13,4,367.9
2024-12-09,604,13,4,305.3
2024-12-16,604,13,4,242.6
2024-12-23,604,13,4,179.9
2024-12-30,604,13,4,117.2
2025-01-06,604,13,4,54.5
2025-01-13,604,13,4,0.0
2025-01-20,605,13,4,162.8
2025-01-27,605,13,4,144.6
2025-02-03,605,13,4,126.4
2025-02-10,605,13,4,108.2
2025-02-17,605,13,4,89.9
2025-02-24,605,13,4,71.7
2025-03-03,605,13,4,53.5
2025-03-10,605,13,4,35.3
2025-03-17,605,13,4,17.1
2025-03-24,605,13,4,0.0
2025-04-28,606,13,4,616.5
2025-05-05,606,13,4,548.0
2025-05-12,606,13,4,479.5
2025-05-19,606,13,4,411.0
2025-05-26,606,13,4,342.6
2025-06-02,606,13,4,274.1
2025-06-09,606,13,4,205.6
2025-06-16,606,13,4,137.1
2025-06-23,606,13,4,68.6
2025-06-30,606,13,4,0.1
2025-07-07,606,13,4,0.0
2025-05-26,607,13,4,687.1
2025-06-02,607,13,4,606.2
2025-06-09,607,13,4,525.3
2025-06-16,607,13,4,444.4
2025-06-23,607,13,4,363.4
2025-06-30,607,13,4,282.5
2025-07-07,607,13,4,201.6
2025-07-14,607,13,4,120.7
2025-07-21,607,13,4,39.8
2025-07-28,607,13,4,0.0
2025-08-25,608,13,4,74.0
2025-09-01,608,13,4,60.9
2025-09-08,608,13,4,47.9
2025-09-15,608,13,4,34.8
2025-09-22,608,13,4,21.8
2025-09-29,608,13,4,8.8
2025-10-06,608,13,4,0.0
2025-09-01,609,13,4,574.1
2025-09-08,609,13,4,473.3
2025-09-15,609,13,4,372.4
2025-09-22,609,13,4,271.6
2025-09-29,609,13,4,170.7
2025-10-06,609,13,4,69.9
2025-10-13,609,13,4,0.0
2025-11-17,610,13,4,798.5
2025-11-24,610,13,4,733.1
2025-12-01,610,13,4,667.6
2025-12-08,610,13,4,602.2
2025-12-15,610,13,4,536.7
2025-12-22,610,13,4,471.2
2025-12-29,610,13,4,405.8
2026-01-05,610,13,4,340.3
2026-01-12,610,13,4,274.9
2026-01-19,610,13,4,209.4
2026-01-26,610,13,4,144.0
2026-02-02,610,13,4,78.5
2026-02-09,610,13,4,13.0
2026-01-19,611,13,4,99.6
2026-01-26,611,13,4,78.2
2026-02-02,611,13,4,56.8
2026-02-09,611,13,4,35.4
2026-02-16,611,13,4,14.0
2026-02-23,611,13,4,0.0
2026-03-09,612,13,4,237.0
2026-03-16,612,13,4,212.0
2026-03-23,612,13,4,187.0
2026-03-30,612,13,4,161.9
2026-04-06,612,13,4,136.9
2026-04-13,612,13,4,111.9
2026-04-20,612,13,4,86.9
2026-04-27,612,13,4,61.9
2026-05-04,612,13,4,36.9
2026-05-11,612,13,4,11.9
2026-05-18,612,13,4,0.0
2026-05-18,613,13,4,793.7
2026-05-25,613,13,4,721.4
2026-06-01,613,13,4,649.0
2026-06-08,613,13,4,576.7
2026-06-15,613,13,4,504.4
2026-06-22,613,13,4,432.1
2026-06-29,613,13,4,359.7
2024-08-19,614,13,5,773.4
2024-08-26,614,13,5,717.8
2024-09-02,614,13,5,662.2
2024-09-09,614,13,5,606.6
2024-09-16,614,13,5,551.0
2024-09-23,614,13,5,495.4
2024-09-30,614,13,5,439.8
2024-10-07,614,13,5,384.1
2024-10-14,614,13,5,328.5
2024-10-21,614,13,5,272.9
2024-10-28,614,13,5,217.3
2024-11-04,614,13,5,161.7
2024-11-11,614,13,5,106.1
2024-09-30,615,13,5,551.4
2024-10-07,615,13,5,484.7
2024-10-14,615,13,5,418.1
2024-10-21,615,13,5,351.5
2024-10-28,615,13,5,284.8
2024-11-04,615,13,5,218.2
2024-11-11,615,13,5,151.6
2024-11-18,615,13,5,84.9
2024-11-25,615,13,5,18.3
2024-12-02,615,13,5,0.0
2024-11-18,616,13,5,135.6
2024-11-25,616,13,5,99.2
2024-12-02,616,13,5,62.8
2024-12-09,616,13,5,26.4
2024-12-16,616,13,5,0.0
2025-02-10,617,13,5,416.0
2025-02-17,617,13,5,356.0
2025-02-24,617,13,5,295.9
2025-03-03,617,13,5,235.9
2025-03-10,617,13,5,175.9
2025-03-17,617,13,5,115.9
2025-03-24,617,13,5,55.8
2025-03-31,617,13,5,0.0
2025-03-24,618,13,5,701.9
2025-03-31,618,13,5,508.8
2025-04-07,618,13,5,315.7
2025-04-14,618,13,5,122.6
2025-04-21,618,13,5,0.0
2025-05-26,619,13,5,154.8
2025-06-02,619,13,5,127.6
2025-06-09,619,13,5,100.4
2025-06-16,619,13,5,73.2
2025-06-23,619,13,5,46.0
2025-06-30,619,13,5,18.8
2025-07-07,619,13,5,0.0
2025-07-07,620,13,5,578.9
2025-07-14,620,13,5,493.8
2025-07-21,620,13,5,408.7
2025-07-28,620,13,5,323.5
2025-08-04,620,13,5,238.4
2025-08-11,620,13,5,153.3
2025-08-18,620,13,5,68.2
2025-08-25,620,13,5,0.0
2025-10-20,621,13,5,640.8
2025-10-27,621,13,5,502.6
2025-11-03,621,13,5,364.4
2025-11-10,621,13,5,226.2
2025-11-17,621,13,5,88.0
2025-11-24,621,13,5,0.0
2025-11-24,622,13,5,630.6
2025-12-01,622,13,5,489.2
2025-12-08,622,13,5,347.9
2025-12-15,622,13,5,206.5
2025-12-22,622,13,5,65.1
2025-12-29,622,13,5,0.0
2026-02-16,623,13,5,763.7
2026-02-23,623,13,5,673.4
2026-03-02,623,13,5,583.1
2026-03-09,623,13,5,492.7
2026-03-16,623,13,5,402.4
2026-03-23,623,13,5,312.1
2026-03-30,623,13,5,221.8
2026-04-06,623,13,5,131.5
2026-04-13,623,13,5,41.2
2026-04-20,623,13,5,0.0
2026-04-13,624,13,5,470.1
2026-04-20,624,13,5,340.1
2026-04-27,624,13,5,210.2
2026-05-04,624,13,5,80.2
2026-05-11,624,13,5,0.0
2026-05-25,625,13,5,561.8
2026-06-01,625,13,5,517.6
2026-06-08,625,13,5,473.4
2026-06-15,625,13,5,429.2
2026-06-22,625,13,5,385.1
2026-06-29,625,13,5,340.9
2024-07-29,626,13,7,692.0
2024-08-05,626,13,7,536.1
2024-08-12,626,13,7,380.1
2024-08-19,626,13,7,224.1
2024-08-26,626,13,7,68.1
2024-09-02,626,13,7,0.0
2024-09-23,627,13,9,356.8
2024-09-30,627,13,9,293.6
2024-10-07,627,13,9,230.4
2024-10-14,627,13,9,167.3
2024-10-21,627,13,9,104.1
2024-10-28,627,13,9,40.9
2024-11-04,627,13,9,0.0
2024-11-04,628,13,9,481.5
2024-11-11,628,13,9,409.0
2024-11-18,628,13,9,336.5
2024-11-25,628,13,9,264.0
2024-12-02,628,13,9,191.4
2024-12-09,628,13,9,118.9
2024-12-16,628,13,9,46.4
2024-12-23,628,13,9,0.0
2025-01-13,629,13,9,200.9
2025-01-20,629,13,9,183.9
2025-01-27,629,13,9,166.8
2025-02-03,629,13,9,149.7
2025-02-10,629,13,9,132.6
2025-02-17,629,13,9,115.6
2025-02-24,629,13,9,98.5
2025-03-03,629,13,9,81.4
2025-03-10,629,13,9,64.4
2025-03-17,629,13,9,47.3
2025-03-24,629,13,9,30.2
2025-03-31,629,13,9,13.1
2025-04-07,629,13,9,0.0
2025-03-03,630,13,7,132.7
2025-03-10,630,13,7,108.3
2025-03-17,630,13,7,84.0
2025-03-24,630,13,7,59.7
2025-03-31,630,13,7,35.3
2025-04-07,630,13,7,11.0
2025-04-14,630,13,7,0.0
2025-06-23,631,13,9,236.6
2025-06-30,631,13,9,182.2
2025-07-07,631,13,9,127.8
2025-07-14,631,13,9,73.4
2025-07-21,631,13,9,19.0
2025-07-28,631,13,9,0.0
2025-07-21,632,13,9,781.8
2025-07-28,632,13,9,695.6
2025-08-04,632,13,9,609.5
2025-08-11,632,13,9,523.3
2025-08-18,632,13,9,437.1
2025-08-25,632,13,9,350.9
2025-09-01,632,13,9,264.7
2025-09-08,632,13,9,178.6
2025-09-15,632,13,9,92.4
2025-09-22,632,13,9,6.2
2025-09-29,632,13,9,0.0
2025-09-22,633,13,9,498.6
2025-09-29,633,13,9,403.2
2025-10-06,633,13,9,307.8
2025-10-13,633,13,9,212.5
2025-10-20,633,13,9,117.1
2025-10-27,633,13,9,21.7
2025-11-03,633,13,9,0.0
2025-11-10,634,13,9,568.1
2025-11-17,634,13,9,411.2
2025-11-24,634,13,9,254.2
2025-12-01,634,13,9,97.3
2025-12-08,634,13,9,0.0
2026-02-23,635,13,9,304.1
2026-03-02,635,13,9,224.2
2026-03-09,635,13,9,144.3
2026-03-16,635,13,9,64.4
2026-03-23,635,13,9,0.0
2026-04-06,636,13,7,725.1
2026-04-13,636,13,7,656.1
2026-04-20,636,13,7,587.2
2026-04-27,636,13,7,518.2
2026-05-04,636,13,7,449.3
2026-05-11,636,13,7,380.3
2026-05-18,636,13,7,311.4
2026-05-25,636,13,7,242.5
2026-06-01,636,13,7,173.5
2026-06-08,636,13,7,104.6
2026-06-15,636,13,7,35.6
2026-06-22,636,13,7,0.0
2026-06-08,637,13,9,293.6
2026-06-15,637,13,9,254.1
2026-06-22,637,13,9,214.7
2026-06-29,637,13,9,175.2
2024-07-22,638,13,10,518.9
2024-07-29,638,13,10,453.8
2024-08-05,638,13,10,388.6
2024-08-12,638,13,10,323.5
2024-08-19,638,13,10,258.4
2024-08-26,638,13,10,193.3
2024-09-02,638,13,10,128.2
2024-09-09,638,13,10,63.0
2024-09-16,638,13,10,0.0
2024-10-21,639,13,10,397.2
2024-10-28,639,13,10,326.4
2024-11-04,639,13,10,255.6
2024-11-11,639,13,10,184.7
2024-11-18,639,13,10,113.9
2024-11-25,639,13,10,43.1
2024-12-02,639,13,10,0.0
2024-12-16,640,13,10,332.4
2024-12-23,640,13,10,272.8
2024-12-30,640,13,10,213.2
2025-01-06,640,13,10,153.6
2025-01-13,640,13,10,94.0
2025-01-20,640,13,10,34.4
2025-01-27,640,13,10,0.0
2025-01-27,641,13,10,63.1
2025-02-03,641,13,10,56.2
2025-02-10,641,13,10,49.3
2025-02-17,641,13,10,42.4
2025-02-24,641,13,10,35.5
2025-03-03,641,13,10,28.6
2025-03-10,641,13,10,21.7
2025-03-17,641,13,10,14.8
2025-03-24,641,13,10,7.9
2025-03-31,641,13,10,1.0
2025-04-07,641,13,10,0.0
2025-03-03,642,13,10,375.6
2025-03-10,642,13,10,321.2
2025-03-17,642,13,10,266.8
2025-03-24,642,13,10,212.4
2025-03-31,642,13,10,158.0
2025-04-07,642,13,10,103.6
2025-04-14,642,13,10,49.3
2025-04-21,642,13,10,0.0
2025-06-09,643,13,10,441.0
2025-06-16,643,13,10,403.1
2025-06-23,643,13,10,365.1
2025-06-30,643,13,10,327.1
2025-07-07,643,13,10,289.1
2025-07-14,643,13,10,251.2
2025-07-21,643,13,10,213.2
2025-07-28,643,13,10,175.2
2025-08-04,643,13,10,137.3
2025-08-11,643,13,10,99.3
2025-08-18,643,13,10,61.3
2025-08-25,643,13,10,23.3
2025-09-01,643,13,10,0.0
2025-08-04,644,13,10,302.6
2025-08-11,644,13,10,219.1
2025-08-18,644,13,10,135.7
2025-08-25,644,13,10,52.3
2025-09-01,644,13,10,0.0
2025-10-13,645,13,10,635.7
2025-10-20,645,13,10,521.4
2025-10-27,645,13,10,407.2
2025-11-03,645,13,10,292.9
2025-11-10,645,13,10,178.6
2025-11-17,645,13,10,64.3
2025-11-24,645,13,10,0.0
2025-11-03,646,13,10,61.6
2025-11-10,646,13,10,51.1
2025-11-17,646,13,10,40.7
2025-11-24,646,13,10,30.2
2025-12-01,646,13,10,19.8
2025-12-08,646,13,10,9.3
2025-12-15,646,13,10,0.0
2026-01-19,647,13,10,678.2
2026-01-26,647,13,10,489.4
2026-02-02,647,13,10,300.6
2026-02-09,647,13,10,111.7
2026-02-16,647,13,10,0.0
2026-03-30,648,13,10,614.5
2026-04-06,648,13,10,558.0
2026-04-13,648,13,10,501.4
2026-04-20,648,13,10,444.9
2026-04-27,648,13,10,388.4
2026-05-04,648,13,10,331.9
2026-05-11,648,13,10,275.4
2026-05-18,648,13,10,218.8
2026-05-25,648,13,10,162.3
2026-06-01,648,13,10,105.8
2026-06-08,648,13,10,49.3
2026-06-15,648,13,10,0.0
2026-06-08,649,13,10,262.6
2026-06-15,649,13,10,243.3
2026-06-22,649,13,10,223.9
2026-06-29,649,13,10,204.6
2024-07-08,650,14,3,216.4
2024-07-22,651,14,3,472.8
2024-07-29,652,14,1,117.0
2024-08-05,652,14,1,0.0
2024-08-05,653,14,3,331.8
2024-08-12,653,14,3,0.0
2024-08-12,654,14,1,279.9
2024-08-19,654,14,1,9.7
2024-08-19,655,14,3,185.3
2024-08-26,655,14,3,50.6
2024-09-02,656,14,1,370.4
2024-09-09,657,14,1,446.2
2024-09-16,657,14,1,140.4
2024-09-16,658,14,1,214.3
2024-09-23,658,14,1,95.6
2024-09-30,659,14,3,128.2
2024-10-07,659,14,3,59.3
2024-10-07,660,14,1,329.4
2024-10-14,660,14,1,158.8
2024-10-14,661,14,3,118.9
2024-10-28,662,14,3,42.4
2024-11-04,663,14,1,540.4
2024-11-11,664,14,1,134.0
2024-11-18,664,14,1,55.1
2024-11-25,665,14,3,536.5
2024-12-02,666,14,3,359.7
2024-12-09,666,14,3,189.4
2024-12-09,667,14,1,502.3
2024-12-16,668,14,3,149.2
2024-12-23,668,14,3,29.4
2024-12-23,669,14,1,452.3
2024-12-30,669,14,1,67.6
2025-01-06,670,14,1,248.3
2025-01-13,671,14,3,562.0
2025-01-20,671,14,3,269.0
2025-01-20,672,14,3,476.7
2025-01-27,672,14,3,142.5
2025-02-03,673,14,3,387.4
2025-02-10,673,14,3,0.0
2025-02-10,674,14,3,404.9
2025-02-17,674,14,3,232.8
2025-02-17,675,14,3,336.1
2025-02-24,675,14,3,140.3
2025-02-24,676,14,3,482.3
2025-03-03,676,14,3,311.7
2025-03-03,677,14,1,523.9
2025-03-10,677,14,1,338.8
2025-03-17,678,14,3,44.6
2025-03-24,678,14,3,11.3
2025-03-31,679,14,3,70.1
2025-04-07,679,14,3,4.3
2025-03-31,680,14,3,348.9
2025-04-07,680,14,3,23.8
2025-04-21,681,14,1,410.6
2025-04-21,682,14,3,387.5
2025-04-28,682,14,3,127.0
2025-04-28,683,14,1,142.9
2025-05-05,683,14,1,0.0
2025-05-12,684,14,1,270.5
2025-05-26,685,14,3,120.8
2025-06-02,686,14,1,503.1
2025-06-02,687,14,1,127.9
2025-06-09,687,14,1,9.8
2025-06-16,688,14,1,105.2
2025-06-30,689,14,3,42.1
2025-07-07,690,14,3,242.7
2025-07-14,691,14,3,52.0
2025-07-21,691,14,3,0.0
2025-07-21,692,14,3,82.3
2025-07-28,693,14,1,197.7
2025-08-04,693,14,1,0.0
2025-08-11,694,14,1,347.0
2025-08-18,695,14,1,209.6
2025-08-25,695,14,1,73.2
2025-08-25,696,14,3,192.8
2025-09-08,697,14,1,66.1
2025-09-15,698,14,1,442.6
2025-09-29,699,14,3,463.6
2025-09-29,700,14,1,128.8
2025-10-06,700,14,1,18.6
2025-10-13,701,14,3,425.8
2025-10-20,702,14,1,444.0
2025-10-27,702,14,1,84.9
2025-10-27,703,14,3,313.2
2025-11-10,704,14,1,463.6
2025-11-17,704,14,1,88.3
2025-11-17,705,14,3,379.9
2025-11-24,705,14,3,95.7
2025-12-01,706,14,3,497.2
2025-12-08,707,14,3,121.2
2025-12-15,708,14,1,514.0
2025-12-22,708,14,1,139.0
2025-12-22,709,14,1,189.1
2026-01-05,710,14,3,158.5
2026-01-12,710,14,3,41.1
2026-01-05,711,14,3,41.6
2026-01-12,711,14,3,8.2
2026-01-19,712,14,3,67.1
2026-01-26,712,14,3,42.3
2026-01-26,713,14,1,364.5
2026-02-09,714,14,1,141.6
2026-02-16,715,14,3,236.1
2026-02-23,715,14,3,60.3
2026-02-16,716,14,1,172.8
2026-02-23,716,14,1,114.7
2026-03-09,717,14,1,403.4
2026-03-16,718,14,3,384.4
2026-03-23,719,14,1,185.8
2026-03-30,719,14,1,0.0
2026-03-30,720,14,1,51.6
2026-04-06,720,14,1,0.0
2026-04-06,721,14,1,510.3
2026-04-13,721,14,1,143.7
2026-04-20,722,14,1,265.1
2026-05-04,723,14,3,476.0
2026-05-04,724,14,1,41.2
2026-05-18,725,14,1,171.3
2026-05-25,726,14,1,546.7
2026-06-01,726,14,1,301.3
2026-06-01,727,14,3,283.0
2026-06-08,727,14,3,0.0
2026-06-15,728,14,1,545.3
2026-06-22,729,14,1,295.9
2024-07-15,731,14,4,211.7
2024-07-22,732,14,4,130.5
2024-07-29,733,14,4,240.6
2024-08-05,734,14,4,146.4
2024-08-12,735,14,4,491.0
2024-08-26,736,14,4,494.9
2024-09-02,736,14,4,178.9
2024-09-02,737,14,4,326.3
2024-09-16,738,14,4,447.0
2024-09-23,739,14,4,279.8
2024-09-30,740,14,4,224.3
2024-10-07,740,14,4,103.6
2024-10-07,741,14,4,36.2
2024-10-14,741,14,4,0.0
2024-10-14,742,14,4,219.1
2024-10-21,742,14,4,17.3
2024-10-28,743,14,4,408.0
2024-11-04,744,14,4,128.9
2024-11-11,745,14,4,596.4
2024-11-25,746,14,4,295.6
2024-12-02,746,14,4,186.1
2024-12-02,747,14,4,52.1
2024-12-09,747,14,4,29.1
2024-12-09,748,14,4,453.3
2024-12-16,748,14,4,42.5
2024-12-23,749,14,4,479.2
2024-12-23,750,14,4,127.6
2024-12-30,750,14,4,25.2
2025-01-06,751,14,4,313.5
2025-01-13,752,14,4,106.1
2025-01-20,752,14,4,60.2
2025-01-27,753,14,4,309.5
2025-02-03,753,14,4,52.0
2025-02-03,754,14,4,203.8
2025-02-10,755,14,4,484.9
2025-02-17,755,14,4,215.9
2025-02-17,756,14,4,308.6
2025-02-24,756,14,4,0.0
2025-03-03,757,14,4,378.3
2025-03-10,757,14,4,201.6
2025-03-10,758,14,4,262.3
2025-03-17,758,14,4,43.5
2025-03-17,759,14,4,130.1
2025-03-24,760,14,4,386.0
2025-03-31,760,14,4,188.1
2025-03-31,761,14,4,350.4
2025-04-07,761,14,4,0.0
2025-04-14,762,14,4,185.6
2025-04-21,763,14,4,367.9
2025-04-28,763,14,4,97.9
2025-04-28,764,14,4,222.0
2025-05-05,764,14,4,0.0
2025-05-12,765,14,4,86.3
2025-05-19,766,14,4,121.1
2025-05-26,766,14,4,30.2
2025-05-26,767,14,4,426.1
2025-06-02,767,14,4,0.0
2025-06-09,768,14,4,474.1
2025-06-16,769,14,4,452.9
2025-06-23,769,14,4,155.8
2025-06-23,770,14,4,222.2
2025-06-30,770,14,4,93.5
2025-07-07,771,14,4,50.6
2025-07-14,771,14,4,25.2
2025-07-14,772,14,4,461.0
2025-07-21,773,14,4,254.0
2025-07-28,773,14,4,65.1
2025-07-28,774,14,4,267.4
2025-08-04,774,14,4,0.0
2025-08-11,775,14,4,516.5
2025-08-18,775,14,4,178.0
2025-08-18,776,14,4,370.9
2025-08-25,776,14,4,212.7
2025-09-01,777,14,4,567.0
2025-09-08,778,14,4,389.0
2025-09-15,779,14,4,112.3
2025-09-22,779,14,4,0.0
2025-09-22,780,14,4,227.7
2025-09-29,780,14,4,0.0
2025-09-29,781,14,4,456.1
2025-10-06,781,14,4,83.3
2025-10-13,782,14,4,334.7
2025-10-20,782,14,4,0.5
2025-10-20,783,14,4,325.5
2025-11-03,784,14,4,203.9
2025-11-10,784,14,4,92.7
2025-11-10,785,14,4,164.6
2025-11-17,785,14,4,78.2
2025-11-17,786,14,4,374.0
2025-11-24,786,14,4,0.0
2025-11-24,787,14,4,189.2
2025-12-01,787,14,4,70.4
2025-12-08,788,14,4,554.9
2025-12-15,789,14,4,290.3
2025-12-29,790,14,4,182.6
2025-12-29,791,14,4,225.3
2026-01-05,791,14,4,80.6
2026-01-12,792,14,4,237.2
2026-01-12,793,14,4,451.5
2026-01-19,793,14,4,45.1
2026-01-26,794,14,4,350.0
2026-02-02,794,14,4,74.9
2026-02-09,795,14,4,167.3
2026-02-09,796,14,4,322.0
2026-02-16,796,14,4,44.0
2026-02-23,797,14,4,114.6
2026-03-02,797,14,4,32.3
2026-03-09,798,14,4,96.1
2026-03-16,799,14,4,141.1
2026-03-23,799,14,4,71.3
2026-03-30,800,14,4,396.4
2026-03-30,801,14,4,71.1
2026-04-06,801,14,4,8.1
2026-04-06,802,14,4,296.3
2026-04-13,802,14,4,121.5
2026-04-20,803,14,4,281.6
2026-04-27,803,14,4,6.2
2026-05-04,804,14,4,442.9
2026-05-11,805,14,4,409.3
2026-05-18,806,14,4,316.9
2026-05-25,806,14,4,0.0
2026-05-25,807,14,4,374.5
2026-06-01,807,14,4,137.9
2026-06-01,808,14,4,115.7
2026-06-08,809,14,4,265.7
2026-06-15,809,14,4,127.4
2026-06-15,810,14,4,81.6
2026-06-22,810,14,4,25.2
2026-06-29,811,14,4,64.9
2024-07-08,812,14,5,397.0
2024-07-15,812,14,5,175.0
2024-07-22,813,14,5,375.3
2024-07-22,814,14,5,200.3
2024-07-29,814,14,5,0.0
2024-08-05,815,14,5,285.7
2024-08-19,816,14,5,433.6
2024-08-26,816,14,5,155.3
2024-08-26,817,14,5,127.5
2024-09-02,817,14,5,56.1
2024-09-02,818,14,5,283.4
2024-09-09,818,14,5,95.9
2024-09-09,819,14,5,86.1
2024-09-16,819,14,5,36.2
2024-09-23,820,14,5,455.8
2024-09-23,821,14,5,166.8
2024-09-30,821,14,5,21.5
2024-10-07,822,14,5,442.3
2024-10-14,823,14,5,389.5
2024-10-21,823,14,5,0.0
2024-10-28,824,14,5,134.0
2024-11-04,824,14,5,13.0
2024-11-04,825,14,5,57.7
2024-11-11,826,14,5,245.2
2024-11-18,827,14,5,229.2
2024-11-25,827,14,5,100.3
2024-12-02,828,14,5,551.5
2024-12-09,829,14,5,256.8
2024-12-16,829,14,5,119.6
2024-12-16,830,14,5,274.3
2024-12-23,830,14,5,94.6
2024-12-30,831,14,5,118.1
2025-01-06,831,14,5,75.2
2025-01-13,832,14,5,494.4
2025-01-13,833,14,5,320.9
2025-01-20,834,14,5,455.7
2025-01-27,834,14,5,69.3
2025-02-03,835,14,5,237.9
2025-02-10,835,14,5,0.0
2025-02-10,836,14,5,222.1
2025-02-17,836,14,5,0.0
2025-02-24,837,14,5,391.4
2025-03-03,838,14,5,107.4
2025-03-17,839,14,5,600.0
2025-03-24,840,14,5,378.6
2025-03-31,841,14,5,115.3
2025-04-07,841,14,5,60.6
2025-03-31,842,14,5,66.3
2025-04-07,842,14,5,33.7
2025-04-14,843,14,5,247.5
2025-04-21,843,14,5,68.0
2025-04-28,844,14,5,581.4
2025-05-05,845,14,5,120.3
2025-05-12,845,14,5,58.7
2025-05-12,846,14,5,121.1
2025-05-19,846,14,5,77.1
2025-05-26,847,14,5,114.9
2025-05-26,848,14,5,207.6
2025-06-02,848,14,5,0.0
2025-06-09,849,14,5,418.2
2025-06-09,850,14,5,425.4
2025-06-16,850,14,5,195.8
2025-06-30,851,14,5,323.3
2025-07-07,851,14,5,22.6
2025-07-07,852,14,5,294.9
2025-07-14,852,14,5,44.8
2025-07-14,853,14,5,155.7
2025-07-21,853,14,5,62.5
2025-07-21,854,14,5,341.4
2025-07-28,854,14,5,180.7
2025-08-04,855,14,5,191.5
2025-08-11,855,14,5,0.0
2025-08-11,856,14,5,350.0
2025-08-18,856,14,5,193.0
2025-08-18,857,14,5,312.2
2025-08-25,857,14,5,171.5
2025-08-25,858,14,5,104.3
2025-09-01,858,14,5,48.7
2025-09-01,859,14,5,333.6
2025-09-08,859,14,5,158.2
2025-09-15,860,14,5,358.2
2025-09-22,861,14,5,290.2
2025-09-29,861,14,5,82.4
2025-10-06,862,14,5,254.6
2025-10-13,862,14,5,129.2
2025-10-13,863,14,5,225.1
2025-10-20,863,14,5,116.2
2025-10-20,864,14,5,414.2
2025-10-27,864,14,5,0.0
2025-10-27,865,14,5,327.2
2025-11-03,865,14,5,153.4
2025-11-10,866,14,5,145.1
2025-11-17,867,14,5,225.5
2025-11-24,867,14,5,0.0
2025-12-01,868,14,5,138.3
2025-12-08,869,14,5,393.4
2025-12-15,870,14,5,72.0
2025-12-22,870,14,5,0.0
2025-12-29,871,14,5,323.5
2025-12-29,872,14,5,273.7
2026-01-05,872,14,5,87.4
2026-01-12,873,14,5,258.8
2026-01-19,874,14,5,140.8
2026-01-26,874,14,5,0.0
2026-01-26,875,14,5,432.7
2026-02-09,876,14,5,261.2
2026-02-16,876,14,5,164.4
2026-02-16,877,14,5,333.6
2026-02-23,877,14,5,168.2
2026-03-02,878,14,5,151.9
2026-03-02,879,14,5,177.5
2026-03-09,879,14,5,32.0
2026-03-09,880,14,5,244.8
2026-03-16,880,14,5,59.5
2026-03-16,881,14,5,227.3
2026-03-23,881,14,5,17.7
2026-03-30,882,14,5,63.3
2026-04-06,882,14,5,30.5
2026-04-13,883,14,5,406.1
2026-04-20,884,14,5,69.3
2026-05-04,885,14,5,352.3
2026-05-11,886,14,5,164.2
2026-05-11,887,14,5,40.4
2026-05-18,887,14,5,11.9
2026-06-01,888,14,5,505.4
2026-06-08,889,14,5,80.8
2026-06-15,890,14,5,207.6
2026-06-22,890,14,5,0.0
2026-06-22,891,14,5,439.7
2026-06-29,891,14,5,55.4
2026-06-29,892,14,5,40.5
2024-07-08,893,14,7,454.9
2024-07-15,894,14,7,328.0
2024-07-22,894,14,7,190.0
2024-07-29,895,14,9,484.7
2024-08-12,896,14,9,180.8
2024-08-19,897,14,7,376.6
2024-08-26,898,14,9,142.2
2024-09-02,898,14,9,0.0
2024-09-02,899,14,9,447.0
2024-09-09,899,14,9,88.0
2024-09-16,900,14,7,518.1
2024-09-23,901,14,7,535.3
2024-09-30,902,14,7,317.2
2024-10-07,902,14,7,0.0
2024-10-14,903,14,7,105.0
2024-10-14,904,14,7,85.9
2024-10-21,904,14,7,7.8
2024-10-28,905,14,9,603.8
2024-11-04,906,14,9,337.8
2024-11-18,907,14,9,382.6
2024-11-25,908,14,7,150.2
2024-12-02,909,14,9,196.7
2024-12-09,909,14,9,127.5
2024-12-09,910,14,7,105.3
2024-12-23,911,14,7,197.1
2024-12-23,912,14,9,385.8
2024-12-30,912,14,9,0.0
2025-01-06,913,14,9,89.3
2025-01-13,913,14,9,57.5
2025-01-13,914,14,7,141.5
2025-01-20,914,14,7,22.0
2025-01-20,915,14,9,382.3
2025-01-27,915,14,9,0.0
2025-02-03,916,14,7,284.3
2025-02-10,917,14,9,392.9
2025-02-24,918,14,9,271.4
2025-02-24,919,14,7,239.6
2025-03-03,919,14,7,123.2
2025-03-10,920,14,7,347.6
2025-03-17,920,14,7,148.2
2025-03-17,921,14,9,226.9
2025-03-24,921,14,9,130.7
2025-03-31,922,14,7,205.3
2025-04-07,922,14,7,14.5
2025-04-07,923,14,7,158.7
2025-04-14,923,14,7,93.5
2025-04-21,924,14,9,46.9
2025-04-28,925,14,7,462.1
2025-05-05,926,14,9,480.9
2025-05-12,927,14,7,124.7
2025-05-19,927,14,7,24.4
2025-05-19,928,14,7,446.9
2025-05-26,928,14,7,112.9
2025-05-26,929,14,7,178.8
2025-06-02,929,14,7,24.5
2025-06-02,930,14,9,403.5
2025-06-09,930,14,9,250.9
2025-06-16,931,14,7,299.8
2025-06-23,931,14,7,64.5
2025-06-23,932,14,9,182.2
2025-06-30,932,14,9,72.4
2025-06-30,933,14,7,247.4
2025-07-07,933,14,7,161.9
2025-07-14,934,14,9,106.7
2025-07-21,935,14,7,509.9
2025-07-28,935,14,7,215.7
2025-07-28,936,14,9,319.3
2025-08-04,936,14,9,102.5
2025-08-04,937,14,7,105.9
2025-08-11,937,14,7,62.8
2025-08-25,938,14,7,347.8
2025-09-01,939,14,9,173.4
2025-09-08,940,14,9,465.3
2025-09-15,940,14,9,148.6
2025-09-15,941,14,7,284.7
2025-09-22,941,14,7,0.0
2025-09-22,942,14,7,544.9
2025-09-29,942,14,7,258.7
2025-10-06,943,14,9,145.3
2025-10-13,944,14,7,206.8
2025-10-13,945,14,9,362.4
2025-10-20,945,14,9,217.8
2025-11-03,946,14,9,119.9
2025-11-10,947,14,9,95.9
2025-11-17,947,14,9,56.8
2025-11-17,948,14,7,200.4
2025-11-24,948,14,7,25.8
2025-12-01,949,14,9,225.3
2025-12-01,950,14,9,133.2
2025-12-08,950,14,9,63.4
2025-12-08,951,14,9,184.6
2025-12-15,951,14,9,51.1
2025-12-29,952,14,9,203.3
2025-12-29,953,14,9,257.0
2026-01-05,953,14,9,80.0
2026-01-12,954,14,7,389.6
2026-01-19,955,14,7,399.1
2026-01-26,955,14,7,140.3
2026-01-26,956,14,7,310.4
2026-02-02,957,14,9,198.3
2026-02-09,957,14,9,100.6
2026-02-16,958,14,9,164.2
2026-02-23,958,14,9,57.3
2026-02-23,959,14,7,233.7
2026-03-02,959,14,7,118.4
2026-03-02,960,14,7,311.4
2026-03-09,960,14,7,175.8
2026-03-16,961,14,7,225.2
2026-03-23,961,14,7,42.4
2026-03-23,962,14,9,163.1
2026-03-30,962,14,9,35.2
2026-04-06,963,14,7,145.9
2026-04-06,964,14,7,390.3
2026-04-13,964,14,7,90.7
2026-04-20,965,14,9,366.0
2026-04-27,966,14,9,278.6
2026-05-04,966,14,9,184.3
2026-05-04,967,14,9,163.6
2026-05-11,967,14,9,68.2
2026-05-18,968,14,7,60.6
2026-05-25,969,14,7,312.8
2026-06-08,970,14,9,261.6
2026-06-08,971,14,9,310.7
2026-06-15,971,14,9,0.0
2026-06-15,972,14,7,230.4
2026-06-22,972,14,7,0.0
2026-06-29,973,14,9,464.9
2024-07-08,974,14,10,347.3
2024-07-15,974,14,10,124.6
2024-07-15,975,14,10,350.1
2024-07-22,975,14,10,223.2
2024-07-29,976,14,10,138.4
2024-08-05,977,14,10,457.7
2024-08-12,977,14,10,123.4
2024-08-12,978,14,10,263.9
2024-08-19,978,14,10,54.7
2024-08-19,979,14,10,300.3
2024-08-26,979,14,10,71.7
2024-09-02,980,14,10,78.2
2024-09-09,980,14,10,21.4
2024-09-16,981,14,10,55.8
2024-09-16,982,14,10,324.2
2024-09-23,982,14,10,71.4
2024-09-30,983,14,10,266.2
2024-10-07,983,14,10,126.4
2024-10-14,984,14,10,353.3
2024-10-21,985,14,10,349.8
2024-10-28,986,14,10,299.5
2024-11-04,986,14,10,189.1
2024-11-04,987,14,10,216.5
2024-11-11,987,14,10,9.1
2024-11-18,988,14,10,428.0
2024-11-25,989,14,10,468.1
2024-12-09,990,14,10,80.9
2024-12-09,991,14,10,311.7
2024-12-16,991,14,10,144.4
2024-12-23,992,14,10,162.5
2024-12-30,993,14,10,564.8
2025-01-06,993,14,10,371.5
2025-01-06,994,14,10,430.3
2025-01-13,994,14,10,2.5
2025-01-13,995,14,10,366.5
2025-01-27,996,14,10,68.5
2025-02-03,997,14,10,121.1
2025-02-10,998,14,10,467.7
2025-02-17,998,14,10,165.4
2025-02-17,999,14,10,238.5
2025-02-24,999,14,10,54.1
2025-03-03,1000,14,10,41.0
2025-03-10,1000,14,10,0.0
2025-03-10,1001,14,10,359.9
2025-03-17,1002,14,10,428.5
2025-03-24,1002,14,10,208.0
2025-03-24,1003,14,10,250.9
2025-03-31,1003,14,10,23.8
2025-04-07,1004,14,10,188.5
2025-04-14,1004,14,10,68.0
2025-04-21,1005,14,10,400.3
2025-04-28,1006,14,10,231.8
2025-04-28,1007,14,10,202.7
2025-05-05,1007,14,10,2.5
2025-05-19,1008,14,10,362.6
2025-05-26,1009,14,10,137.5
2025-05-26,1010,14,10,163.8
2025-06-02,1010,14,10,52.7
2025-06-09,1011,14,10,563.8
2025-06-16,1011,14,10,260.6
2025-06-16,1012,14,10,281.9
2025-06-23,1012,14,10,0.0
2025-06-23,1013,14,10,61.9
2025-06-30,1013,14,10,24.8
2025-06-30,1014,14,10,235.6
2025-07-07,1014,14,10,34.2
2025-07-14,1015,14,10,312.2
2025-07-21,1015,14,10,81.3
2025-07-28,1016,14,10,117.7
2025-07-28,1017,14,10,419.9
2025-08-04,1017,14,10,255.7
2025-08-11,1018,14,10,323.8
2025-08-25,1019,14,10,102.3
2025-09-01,1020,14,10,466.9
2025-09-08,1020,14,10,190.8
2025-09-08,1021,14,10,463.6
2025-09-08,1022,14,10,174.0
2025-09-15,1022,14,10,111.0
2025-09-22,1023,14,10,340.3
2025-09-29,1023,14,10,92.7
2025-10-06,1024,14,10,99.4
2025-10-13,1025,14,10,31.8
2025-10-27,1026,14,10,234.2
2025-11-03,1027,14,10,262.7
2025-11-10,1028,14,10,114.7
2025-11-17,1028,14,10,0.0
2025-11-17,1029,14,10,469.0
2025-11-24,1030,14,10,348.5
2025-12-08,1031,14,10,58.6
2025-12-15,1032,14,10,40.2
2025-12-22,1032,14,10,20.4
2025-12-22,1033,14,10,179.9
2026-01-05,1034,14,10,231.0
2026-01-12,1035,14,10,193.2
2026-01-19,1035,14,10,116.3
2026-01-19,1036,14,10,150.0
2026-01-26,1036,14,10,19.0
2026-01-26,1037,14,10,122.7
2026-02-02,1037,14,10,24.4
2026-02-02,1038,14,10,338.4
2026-02-09,1038,14,10,0.0
2026-02-23,1039,14,10,346.8
2026-02-23,1040,14,10,270.9
2026-03-02,1041,14,10,348.0
2026-03-09,1041,14,10,203.0
2026-03-16,1042,14,10,116.8
2026-03-23,1043,14,10,209.3
2026-03-30,1043,14,10,113.7
2026-04-06,1044,14,10,397.8
2026-04-06,1045,14,10,244.2
2026-04-13,1045,14,10,90.3
2026-04-20,1046,14,10,315.1
2026-04-27,1047,14,10,145.2
2026-05-04,1048,14,10,146.9
2026-05-11,1048,14,10,0.0
2026-05-18,1049,14,10,348.6
2026-05-25,1050,14,10,446.4
2026-06-01,1051,14,10,38.3
2026-06-08,1051,14,10,0.7
2026-06-08,1052,14,10,222.3
2026-06-15,1052,14,10,133.7
2026-06-22,1053,14,10,424.5
2026-06-29,1053,14,10,0.0
2026-06-29,1054,14,10,211.1
2024-10-21,1055,15,2,676.6
2024-10-28,1055,15,2,595.1
2024-11-04,1055,15,2,513.7
2024-11-11,1055,15,2,432.2
2024-11-18,1055,15,2,350.8
2024-11-25,1055,15,2,269.3
2024-12-02,1055,15,2,187.9
2024-12-09,1055,15,2,106.5
2024-12-16,1055,15,2,25.0
2024-12-23,1055,15,2,0.0
2025-02-17,1056,15,2,1176.2
2025-02-24,1056,15,2,1092.4
2025-03-03,1056,15,2,1008.5
2025-03-10,1056,15,2,924.7
2025-03-17,1056,15,2,840.9
2025-03-24,1056,15,2,757.1
2025-03-31,1056,15,2,673.2
2025-04-07,1056,15,2,589.4
2025-04-14,1056,15,2,505.6
2025-04-21,1056,15,2,421.8
2025-04-28,1056,15,2,338.0
2025-05-05,1056,15,2,254.1
2025-05-12,1056,15,2,170.3
2025-05-19,1056,15,2,86.5
2025-05-26,1056,15,2,2.7
2025-06-02,1056,15,2,0.0
2025-06-23,1057,15,2,1107.6
2025-06-30,1057,15,2,967.1
2025-07-07,1057,15,2,826.7
2025-07-14,1057,15,2,686.2
2025-07-21,1057,15,2,545.8
2025-07-28,1057,15,2,405.4
2025-08-04,1057,15,2,264.9
2025-08-11,1057,15,2,124.5
2025-08-18,1057,15,2,0.0
2025-07-07,1058,15,4,517.8
2025-07-14,1058,15,4,387.5
2025-07-21,1058,15,4,257.3
2025-07-28,1058,15,4,127.1
2025-08-04,1058,15,4,0.0
2025-12-29,1059,15,6,538.4
2026-01-05,1059,15,6,470.9
2026-01-12,1059,15,6,403.3
2026-01-19,1059,15,6,335.8
2026-01-26,1059,15,6,268.2
2026-02-02,1059,15,6,200.7
2026-02-09,1059,15,6,133.1
2026-02-16,1059,15,6,65.5
2026-02-23,1059,15,6,0.0
2026-04-20,1060,15,4,1235.7
2026-04-27,1060,15,4,1071.4
2026-05-04,1060,15,4,907.1
2026-05-11,1060,15,4,742.9
2026-05-18,1060,15,4,578.6
2026-05-25,1060,15,4,414.3
2026-06-01,1060,15,4,250.0
2026-06-08,1060,15,4,85.7
2026-06-15,1060,15,4,0.0
2024-07-08,1061,16,1,495.8
2024-07-22,1063,16,3,129.0
2024-07-29,1064,16,1,320.1
2024-08-05,1065,16,3,490.3
2024-08-12,1066,16,1,514.6
2024-08-19,1067,16,1,363.6
2024-08-26,1068,16,1,134.6
2024-09-02,1069,16,1,425.0
2024-09-09,1070,16,1,93.1
2024-09-16,1071,16,1,272.3
2024-09-23,1072,16,1,564.4
2024-09-30,1073,16,3,155.6
2024-10-07,1074,16,1,343.0
2024-10-14,1075,16,1,200.6
2024-10-21,1076,16,1,393.9
2024-10-28,1077,16,3,246.1
2024-11-04,1078,16,1,352.8
2024-11-11,1079,16,3,112.3
2024-11-18,1080,16,1,459.8
2024-12-09,1083,16,1,389.5
2024-12-16,1084,16,3,527.4
2024-12-23,1085,16,3,149.5
2025-01-06,1087,16,3,311.6
2025-01-13,1088,16,3,159.9
2025-01-20,1089,16,1,509.1
2025-01-27,1090,16,3,415.2
2025-02-03,1091,16,1,167.3
2025-02-10,1092,16,3,36.9
2025-02-17,1093,16,1,405.5
2025-02-24,1094,16,1,120.6
2025-03-03,1095,16,3,525.5
2025-03-10,1096,16,1,337.7
2025-03-24,1098,16,3,533.0
2025-03-31,1099,16,1,567.7
2025-04-07,1100,16,3,175.9
2025-04-14,1101,16,1,150.1
2025-04-21,1102,16,3,49.6
2025-04-28,1103,16,1,198.4
2025-05-05,1104,16,1,492.5
2025-05-12,1105,16,3,45.4
2025-05-19,1106,16,1,390.2
2025-05-26,1107,16,3,205.9
2025-06-02,1108,16,1,449.8
2025-06-09,1109,16,1,581.7
2025-06-16,1110,16,1,499.0
2025-06-23,1111,16,1,377.3
2025-06-30,1112,16,1,270.9
2025-07-07,1113,16,1,324.4
2025-07-14,1114,16,1,226.2
2025-07-21,1115,16,1,438.9
2025-07-28,1116,16,1,534.5
2025-08-04,1117,16,1,217.9
2025-08-18,1119,16,3,140.1
2025-08-25,1120,16,3,323.7
2025-09-08,1122,16,3,150.3
2025-09-15,1123,16,1,442.6
2025-09-29,1125,16,3,283.9
2025-10-13,1127,16,1,405.6
2025-10-27,1129,16,1,564.8
2025-11-03,1130,16,1,382.0
2025-11-17,1132,16,1,359.4
2025-11-24,1133,16,1,487.7
2025-12-01,1134,16,1,182.6
2025-12-08,1135,16,3,242.0
2025-12-29,1138,16,1,39.8
2026-01-05,1139,16,3,306.5
2026-01-12,1140,16,3,445.2
2026-01-19,1141,16,1,119.5
2026-02-02,1143,16,3,403.6
2026-02-09,1144,16,3,167.3
2026-02-16,1145,16,1,127.9
2026-02-23,1146,16,1,51.6
2026-03-02,1147,16,3,68.8
2026-03-16,1149,16,3,370.7
2026-03-30,1151,16,1,184.5
2026-04-06,1152,16,1,162.8
2026-04-13,1153,16,3,458.9
2026-04-20,1154,16,1,75.9
2026-04-27,1155,16,1,168.4
2026-05-11,1157,16,3,560.1
2026-05-18,1158,16,3,370.6
2026-05-25,1159,16,1,158.0
2026-06-01,1160,16,1,204.0
2026-06-08,1161,16,3,557.6
2026-06-15,1162,16,3,346.9
2026-06-22,1163,16,1,307.6
2026-06-29,1164,16,1,253.7
2024-07-08,1165,16,4,70.8
2024-07-15,1166,16,4,229.1
2024-07-22,1167,16,4,388.4
2024-07-29,1168,16,4,314.5
2024-08-05,1169,16,4,173.7
2024-08-12,1170,16,4,105.7
2024-08-19,1171,16,4,400.0
2024-08-26,1172,16,4,37.1
2024-09-02,1173,16,4,466.4
2024-09-09,1174,16,4,179.5
2024-09-16,1175,16,4,41.7
2024-09-23,1176,16,4,294.7
2024-10-07,1178,16,4,303.3
2024-10-14,1179,16,4,540.7
2024-10-21,1180,16,4,301.5
2024-10-28,1181,16,4,268.4
2024-11-04,1182,16,4,481.5
2024-11-11,1183,16,4,60.3
2024-11-18,1184,16,4,564.0
2024-11-25,1185,16,4,542.6
2024-12-02,1186,16,4,62.7
2024-12-09,1187,16,4,162.3
2024-12-16,1188,16,4,150.2
2024-12-23,1189,16,4,130.5
2024-12-30,1190,16,4,205.7
2025-01-13,1192,16,4,114.7
2025-01-27,1194,16,4,77.0
2025-02-03,1195,16,4,311.7
2025-02-10,1196,16,4,401.6
2025-02-17,1197,16,4,390.3
2025-02-24,1198,16,4,376.2
2025-03-03,1199,16,4,358.2
2025-03-10,1200,16,4,245.3
2025-03-17,1201,16,4,56.6
2025-03-31,1203,16,4,314.1
2025-04-07,1204,16,4,646.0
2025-04-14,1205,16,4,135.3
2025-04-21,1206,16,4,449.2
2025-04-28,1207,16,4,446.3
2025-05-05,1208,16,4,97.3
2025-05-12,1209,16,4,49.3
2025-06-02,1212,16,4,348.7
2025-06-09,1213,16,4,585.8
2025-06-30,1216,16,4,234.4
2025-07-07,1217,16,4,230.9
2025-07-14,1218,16,4,521.5
2025-07-28,1220,16,4,260.1
2025-08-11,1222,16,4,441.7
2025-08-18,1223,16,4,85.1
2025-08-25,1224,16,4,184.5
2025-09-01,1225,16,4,487.1
2025-09-08,1226,16,4,266.8
2025-09-22,1228,16,4,169.5
2025-09-29,1229,16,4,313.0
2025-10-13,1231,16,4,187.4
2025-10-20,1232,16,4,261.0
2025-10-27,1233,16,4,383.0
2025-11-03,1234,16,4,127.6
2025-11-24,1237,16,4,478.8
2025-12-01,1238,16,4,158.2
2025-12-08,1239,16,4,445.0
2025-12-15,1240,16,4,75.1
2025-12-22,1241,16,4,64.3
2025-12-29,1242,16,4,143.1
2026-01-05,1243,16,4,411.2
2026-01-12,1244,16,4,43.9
2026-01-19,1245,16,4,338.3
2026-01-26,1246,16,4,226.4
2026-02-02,1247,16,4,130.5
2026-02-16,1249,16,4,245.8
2026-03-02,1251,16,4,399.3
2026-03-09,1252,16,4,417.2
2026-03-16,1253,16,4,245.9
2026-03-23,1254,16,4,570.2
2026-03-30,1255,16,4,91.9
2026-04-06,1256,16,4,172.2
2026-04-13,1257,16,4,329.4
2026-04-20,1258,16,4,376.2
2026-04-27,1259,16,4,128.9
2026-05-18,1262,16,4,70.6
2026-05-25,1263,16,4,244.9
2026-06-01,1264,16,4,484.3
2026-06-08,1265,16,4,144.5
2026-06-15,1266,16,4,360.0
2026-06-22,1267,16,4,366.1
2026-06-29,1268,16,4,401.6
2024-07-08,1269,16,5,264.7
2024-07-15,1270,16,5,411.7
2024-07-22,1271,16,5,447.2
2024-07-29,1272,16,5,285.6
2024-08-05,1273,16,5,334.3
2024-08-19,1275,16,5,218.7
2024-08-26,1276,16,5,471.3
2024-09-02,1277,16,5,36.3
2024-09-09,1278,16,5,262.0
2024-09-16,1279,16,5,258.7
2024-09-23,1280,16,5,148.6
2024-09-30,1281,16,5,337.5
2024-10-07,1282,16,5,49.9
2024-10-14,1283,16,5,59.7
2024-10-21,1284,16,5,382.0
2024-10-28,1285,16,5,350.6
2024-11-04,1286,16,5,360.7
2024-11-11,1287,16,5,417.3
2024-11-18,1288,16,5,386.8
2024-11-25,1289,16,5,150.3
2024-12-09,1291,16,5,281.4
2024-12-16,1292,16,5,531.0
2024-12-30,1294,16,5,339.3
2025-01-06,1295,16,5,574.1
2025-01-20,1297,16,5,35.1
2025-01-27,1298,16,5,166.2
2025-02-03,1299,16,5,316.6
2025-02-10,1300,16,5,205.2
2025-02-17,1301,16,5,414.0
2025-02-24,1302,16,5,325.1
2025-03-03,1303,16,5,409.1
2025-03-10,1304,16,5,448.7
2025-03-17,1305,16,5,197.6
2025-03-24,1306,16,5,125.4
2025-03-31,1307,16,5,305.8
2025-04-07,1308,16,5,63.4
2025-04-14,1309,16,5,351.5
2025-05-05,1312,16,5,370.3
2025-05-12,1313,16,5,33.6
2025-05-19,1314,16,5,349.3
2025-05-26,1315,16,5,333.9
2025-06-02,1316,16,5,198.9
2025-06-09,1317,16,5,318.6
2025-06-16,1318,16,5,203.4
2025-06-23,1319,16,5,160.8
2025-06-30,1320,16,5,86.4
2025-07-07,1321,16,5,303.4
2025-07-14,1322,16,5,131.0
2025-07-21,1323,16,5,63.0
2025-07-28,1324,16,5,44.2
2025-08-04,1325,16,5,361.3
2025-08-11,1326,16,5,443.2
2025-08-18,1327,16,5,315.6
2025-08-25,1328,16,5,271.8
2025-09-01,1329,16,5,480.5
2025-09-08,1330,16,5,434.5
2025-09-22,1332,16,5,439.6
2025-09-29,1333,16,5,367.1
2025-10-13,1335,16,5,343.5
2025-10-20,1336,16,5,140.6
2025-10-27,1337,16,5,82.3
2025-11-03,1338,16,5,130.2
2025-11-10,1339,16,5,99.2
2025-11-24,1341,16,5,152.4
2025-12-01,1342,16,5,311.6
2025-12-08,1343,16,5,130.1
2025-12-22,1345,16,5,234.4
2025-12-29,1346,16,5,191.6
2026-01-05,1347,16,5,85.5
2026-01-12,1348,16,5,425.5
2026-01-19,1349,16,5,377.9
2026-01-26,1350,16,5,298.2
2026-02-02,1351,16,5,142.4
2026-02-09,1352,16,5,213.9
2026-02-16,1353,16,5,444.8
2026-02-23,1354,16,5,484.1
2026-03-02,1355,16,5,222.3
2026-03-09,1356,16,5,152.2
2026-03-16,1357,16,5,360.0
2026-03-23,1358,16,5,156.8
2026-03-30,1359,16,5,196.5
2026-04-06,1360,16,5,447.0
2026-04-20,1362,16,5,149.9
2026-04-27,1363,16,5,310.3
2026-05-04,1364,16,5,366.3
2026-05-11,1365,16,5,106.7
2026-05-18,1366,16,5,560.9
2026-05-25,1367,16,5,340.8
2026-06-01,1368,16,5,408.7
2026-06-08,1369,16,5,160.6
2026-06-22,1371,16,5,281.8
2026-06-29,1372,16,5,66.3
2024-07-08,1374,16,7,242.9
2024-07-15,1375,16,7,342.6
2024-07-22,1376,16,7,254.0
2024-07-29,1377,16,7,490.9
2024-08-05,1378,16,9,127.0
2024-08-12,1379,16,7,433.1
2024-08-19,1380,16,7,284.5
2024-08-26,1381,16,7,224.6
2024-09-02,1382,16,9,341.7
2024-09-16,1384,16,9,528.6
2024-09-23,1385,16,7,143.5
2024-09-30,1386,16,7,234.6
2024-10-07,1387,16,9,102.9
2024-10-14,1388,16,9,517.3
2024-10-21,1389,16,7,264.3
2024-10-28,1390,16,9,408.5
2024-11-04,1391,16,7,213.6
2024-11-11,1392,16,7,481.2
2024-11-18,1393,16,7,227.2
2024-11-25,1394,16,9,544.0
2024-12-09,1396,16,9,36.8
2024-12-16,1397,16,9,446.9
2024-12-23,1398,16,7,340.5
2024-12-30,1399,16,7,433.2
2025-01-06,1400,16,9,75.5
2025-01-13,1401,16,7,302.8
2025-01-27,1403,16,7,585.8
2025-02-03,1404,16,9,350.3
2025-02-10,1405,16,9,324.3
2025-02-17,1406,16,7,199.1
2025-02-24,1407,16,7,56.4
2025-03-03,1408,16,9,36.5
2025-03-10,1409,16,9,287.8
2025-03-17,1410,16,9,419.8
2025-03-24,1411,16,7,270.8
2025-03-31,1412,16,7,531.5
2025-04-07,1413,16,7,416.4
2025-04-14,1414,16,7,220.3
2025-04-21,1415,16,7,333.8
2025-05-12,1418,16,7,86.1
2025-05-19,1419,16,9,78.9
2025-05-26,1420,16,9,224.6
2025-06-09,1422,16,9,619.0
2025-06-16,1423,16,7,80.7
2025-06-23,1424,16,9,123.1
2025-07-07,1426,16,7,175.4
2025-07-14,1427,16,7,197.0
2025-07-21,1428,16,7,259.9
2025-07-28,1429,16,9,200.0
2025-08-04,1430,16,7,177.1
2025-08-11,1431,16,7,254.2
2025-08-18,1432,16,7,499.2
2025-08-25,1433,16,9,360.1
2025-09-01,1434,16,9,145.1
2025-09-08,1435,16,7,147.5
2025-09-15,1436,16,9,67.9
2025-09-22,1437,16,9,386.0
2025-10-13,1440,16,7,41.1
2025-10-20,1441,16,7,58.2
2025-11-03,1443,16,7,280.1
2025-11-10,1444,16,9,322.3
2025-11-17,1445,16,7,557.6
2025-11-24,1446,16,7,240.9
2025-12-01,1447,16,7,639.6
2025-12-08,1448,16,9,513.2
2025-12-15,1449,16,9,563.3
2025-12-29,1451,16,7,269.8
2026-01-12,1453,16,9,299.2
2026-01-26,1455,16,7,308.9
2026-02-02,1456,16,7,516.2
2026-02-09,1457,16,7,165.5
2026-02-16,1458,16,7,104.7
2026-02-23,1459,16,9,246.8
2026-03-02,1460,16,7,392.3
2026-03-09,1461,16,7,419.1
2026-03-30,1464,16,7,275.0
2026-04-06,1465,16,9,143.3
2026-04-13,1466,16,9,78.5
2026-04-20,1467,16,9,196.9
2026-04-27,1468,16,7,445.5
2026-05-11,1470,16,9,78.7
2026-05-18,1471,16,7,294.7
2026-05-25,1472,16,7,293.6
2026-06-01,1473,16,7,316.9
2026-06-08,1474,16,7,139.5
2026-06-15,1475,16,9,286.4
2026-06-22,1476,16,7,153.2
2024-07-08,1479,16,10,311.3
2024-07-29,1482,16,10,149.2
2024-08-05,1483,16,10,44.6
2024-08-19,1485,16,10,431.2
2024-08-26,1486,16,10,288.1
2024-09-02,1487,16,10,229.7
2024-09-09,1488,16,10,116.0
2024-09-16,1489,16,10,375.0
2024-09-23,1490,16,10,274.6
2024-09-30,1491,16,10,587.5
2024-10-07,1492,16,10,402.5
2024-10-14,1493,16,10,468.6
2024-10-28,1495,16,10,255.2
2024-11-04,1496,16,10,438.7
2024-11-11,1497,16,10,577.9
2024-11-18,1498,16,10,349.2
2024-11-25,1499,16,10,127.2
2024-12-02,1500,16,10,428.8
2024-12-09,1501,16,10,187.1
2024-12-16,1502,16,10,452.1
2024-12-23,1503,16,10,70.3
2024-12-30,1504,16,10,501.7
2025-01-20,1507,16,10,313.7
2025-02-03,1509,16,10,224.8
2025-02-10,1510,16,10,119.3
2025-02-17,1511,16,10,605.8
2025-03-03,1513,16,10,176.1
2025-03-10,1514,16,10,224.8
2025-03-17,1515,16,10,307.1
2025-03-24,1516,16,10,196.1
2025-03-31,1517,16,10,370.2
2025-04-07,1518,16,10,531.2
2025-04-14,1519,16,10,458.5
2025-04-21,1520,16,10,365.5
2025-05-05,1522,16,10,276.0
2025-05-12,1523,16,10,153.0
2025-05-19,1524,16,10,319.1
2025-05-26,1525,16,10,474.8
2025-06-02,1526,16,10,66.1
2025-06-16,1528,16,10,129.3
2025-06-23,1529,16,10,376.9
2025-06-30,1530,16,10,578.2
2025-07-07,1531,16,10,284.4
2025-07-14,1532,16,10,400.5
2025-07-21,1533,16,10,348.1
2025-07-28,1534,16,10,344.8
2025-08-11,1536,16,10,203.6
2025-08-18,1537,16,10,450.7
2025-08-25,1538,16,10,213.1
2025-09-08,1540,16,10,138.1
2025-09-15,1541,16,10,236.5
2025-09-22,1542,16,10,443.1
2025-09-29,1543,16,10,551.8
2025-10-06,1544,16,10,396.5
2025-10-13,1545,16,10,438.4
2025-10-20,1546,16,10,365.9
2025-10-27,1547,16,10,432.3
2025-11-03,1548,16,10,128.0
2025-11-10,1549,16,10,515.5
2025-11-17,1550,16,10,43.2
2025-12-01,1552,16,10,65.8
2025-12-08,1553,16,10,451.4
2025-12-15,1554,16,10,356.6
2025-12-22,1555,16,10,368.9
2025-12-29,1556,16,10,325.6
2026-01-05,1557,16,10,444.7
2026-01-19,1559,16,10,537.2
2026-01-26,1560,16,10,62.3
2026-02-02,1561,16,10,100.6
2026-02-09,1562,16,10,436.5
2026-02-16,1563,16,10,72.0
2026-02-23,1564,16,10,532.2
2026-03-02,1565,16,10,436.5
2026-03-16,1567,16,10,469.5
2026-03-30,1569,16,10,295.8
2026-04-06,1570,16,10,44.5
2026-04-13,1571,16,10,320.6
2026-04-20,1572,16,10,62.3
2026-04-27,1573,16,10,249.6
2026-05-04,1574,16,10,166.8
2026-05-11,1575,16,10,225.4
2026-05-18,1576,16,10,182.9
2026-05-25,1577,16,10,594.8
2026-06-01,1578,16,10,253.8
2026-06-08,1579,16,10,457.4
2026-06-15,1580,16,10,345.9
2026-06-22,1581,16,10,623.2
2026-06-29,1582,16,10,214.6
2024-09-02,1583,17,6,1070.2
2024-09-09,1583,17,6,976.4
2024-09-16,1583,17,6,882.6
2024-09-23,1583,17,6,788.8
2024-09-30,1583,17,6,695.0
2024-10-07,1583,17,6,601.2
2024-10-14,1583,17,6,507.4
2024-10-21,1583,17,6,413.7
2024-10-28,1583,17,6,319.9
2024-11-04,1583,17,6,226.1
2024-11-11,1583,17,6,132.3
2024-11-18,1583,17,6,38.5
2024-11-25,1583,17,6,0.0
2025-01-27,1584,17,8,417.0
2025-02-03,1584,17,8,320.9
2025-02-10,1584,17,8,224.9
2025-02-17,1584,17,8,128.8
2025-02-24,1584,17,8,32.8
2025-03-03,1584,17,8,0.0
2025-03-10,1585,17,8,1111.9
2025-03-17,1585,17,8,817.7
2025-03-24,1585,17,8,523.6
2025-03-31,1585,17,8,229.4
2025-04-07,1585,17,8,0.0
2025-08-04,1586,17,10,854.8
2025-08-11,1586,17,10,663.5
2025-08-18,1586,17,10,472.3
2025-08-25,1586,17,10,281.0
2025-09-01,1586,17,10,89.8
2025-09-08,1586,17,10,0.0
2026-01-26,1587,17,6,197.5
2026-02-02,1587,17,6,157.0
2026-02-09,1587,17,6,116.5
2026-02-16,1587,17,6,76.0
2026-02-23,1587,17,6,35.4
2026-03-02,1587,17,6,0.0
2026-03-30,1588,17,6,129.3
2026-04-06,1588,17,6,114.7
2026-04-13,1588,17,6,100.0
2026-04-20,1588,17,6,85.4
2026-04-27,1588,17,6,70.7
2026-05-04,1588,17,6,56.1
2026-05-11,1588,17,6,41.4
2026-05-18,1588,17,6,26.8
2026-05-25,1588,17,6,12.1
2026-06-01,1588,17,6,0.0
2024-07-22,1589,18,6,743.1
2024-07-29,1589,18,6,618.2
2024-08-05,1589,18,6,493.2
2024-08-12,1589,18,6,368.3
2024-08-19,1589,18,6,243.4
2024-08-26,1589,18,6,118.5
2024-09-02,1589,18,6,0.0
2024-11-11,1590,18,2,139.0
2024-11-18,1590,18,2,122.0
2024-11-25,1590,18,2,105.0
2024-12-02,1590,18,2,88.0
2024-12-09,1590,18,2,71.0
2024-12-16,1590,18,2,54.0
2024-12-23,1590,18,2,37.0
2024-12-30,1590,18,2,20.0
2025-01-06,1590,18,2,2.9
2025-01-13,1590,18,2,0.0
2025-03-31,1591,18,10,1106.7
2025-04-07,1591,18,10,1028.3
2025-04-14,1591,18,10,950.0
2025-04-21,1591,18,10,871.6
2025-04-28,1591,18,10,793.3
2025-05-05,1591,18,10,714.9
2025-05-12,1591,18,10,636.6
2025-05-19,1591,18,10,558.2
2025-05-26,1591,18,10,479.9
2025-06-02,1591,18,10,401.5
2025-06-09,1591,18,10,323.2
2025-06-16,1591,18,10,244.9
2025-06-23,1591,18,10,166.5
2025-06-30,1591,18,10,88.2
2025-07-07,1591,18,10,9.8
2025-07-14,1591,18,10,0.0
2025-08-18,1592,18,2,197.4
2025-08-25,1592,18,2,158.8
2025-09-01,1592,18,2,120.1
2025-09-08,1592,18,2,81.5
2025-09-15,1592,18,2,42.9
2025-09-22,1592,18,2,4.3
2025-09-29,1592,18,2,0.0
2026-01-12,1593,18,2,1049.9
2026-01-19,1593,18,2,855.8
2026-01-26,1593,18,2,661.8
2026-02-02,1593,18,2,467.7
2026-02-09,1593,18,2,273.6
2026-02-16,1593,18,2,79.5
2026-02-23,1593,18,2,0.0
2026-04-20,1594,18,2,284.6
2026-04-27,1594,18,2,261.3
2026-05-04,1594,18,2,237.9
2026-05-11,1594,18,2,214.6
2026-05-18,1594,18,2,191.2
2026-05-25,1594,18,2,167.9
2026-06-01,1594,18,2,144.5
2026-06-08,1594,18,2,121.1
2026-06-15,1594,18,2,97.8
2026-06-22,1594,18,2,74.4
2026-06-29,1594,18,2,51.1
2024-07-15,1596,19,1,591.3
2024-07-22,1597,19,3,555.4
2024-08-05,1599,19,3,295.2
2024-08-19,1600,19,1,315.6
2024-08-26,1601,19,3,114.6
2024-08-26,1602,19,1,44.1
2024-09-02,1603,19,3,256.0
2024-09-09,1604,19,1,89.4
2024-09-16,1605,19,3,72.7
2024-09-23,1606,19,1,375.6
2024-09-30,1607,19,3,412.8
2024-10-07,1607,19,3,116.5
2024-10-07,1608,19,3,405.6
2024-10-14,1609,19,3,174.4
2024-10-21,1610,19,1,607.1
2024-11-04,1612,19,3,232.8
2024-11-11,1613,19,1,210.5
2024-11-25,1614,19,1,288.4
2024-11-25,1615,19,1,157.8
2024-12-02,1616,19,1,281.1
2024-12-09,1617,19,3,43.0
2024-12-16,1617,19,3,4.0
2024-12-16,1618,19,3,276.0
2024-12-23,1618,19,3,167.9
2024-12-23,1619,19,1,254.0
2024-12-30,1620,19,3,269.9
2025-01-06,1621,19,1,395.6
2025-01-20,1622,19,3,263.6
2025-01-20,1623,19,3,100.4
2025-01-27,1624,19,3,201.8
2025-02-03,1625,19,1,422.9
2025-02-10,1626,19,3,391.6
2025-02-17,1627,19,3,376.0
2025-03-03,1629,19,3,162.3
2025-03-10,1630,19,1,69.6
2025-03-24,1631,19,1,390.6
2025-03-24,1632,19,3,254.2
2025-03-31,1633,19,3,473.6
2025-04-07,1634,19,1,497.1
2025-04-14,1635,19,3,43.7
2025-04-28,1636,19,3,247.6
2025-04-28,1637,19,1,272.2
2025-05-05,1638,19,3,91.8
2025-05-12,1639,19,1,100.5
2025-05-19,1640,19,3,273.7
2025-06-02,1642,19,1,496.7
2025-06-09,1643,19,3,629.3
2025-06-16,1644,19,3,127.8
2025-06-30,1645,19,1,377.1
2025-06-30,1646,19,1,141.0
2025-07-07,1647,19,1,155.8
2025-07-21,1648,19,3,328.6
2025-07-21,1649,19,3,492.6
2025-07-28,1650,19,1,49.3
2025-08-04,1651,19,1,257.2
2025-08-18,1653,19,3,429.6
2025-09-01,1654,19,3,288.6
2025-09-01,1655,19,3,532.8
2025-09-08,1656,19,3,333.8
2025-09-22,1657,19,1,488.4
2025-09-22,1658,19,1,523.9
2025-09-29,1659,19,3,133.3
2025-10-06,1659,19,3,2.6
2025-10-06,1660,19,3,162.6
2025-10-13,1661,19,3,319.1
2025-10-20,1662,19,1,450.0
2025-11-03,1664,19,3,400.0
2025-11-10,1665,19,1,185.1
2025-11-17,1666,19,1,231.7
2025-11-24,1667,19,1,243.8
2025-12-01,1668,19,1,82.2
2025-12-08,1669,19,3,283.4
2025-12-15,1669,19,3,160.7
2025-12-15,1670,19,1,520.3
2025-12-22,1671,19,1,346.6
2025-12-29,1672,19,3,358.7
2026-01-05,1672,19,3,160.4
2026-01-05,1673,19,1,312.0
2026-01-12,1674,19,3,30.7
2026-01-19,1675,19,3,180.8
2026-02-09,1677,19,3,285.6
2026-02-09,1678,19,3,351.7
2026-02-16,1679,19,1,270.8
2026-02-23,1680,19,1,395.8
2026-03-02,1680,19,1,243.6
2026-03-02,1681,19,3,47.3
2026-03-09,1682,19,3,122.1
2026-03-16,1683,19,3,450.8
2026-03-23,1684,19,3,148.0
2026-03-30,1685,19,3,147.3
2026-04-13,1687,19,3,282.1
2026-04-20,1688,19,3,132.2
2026-04-27,1689,19,1,117.0
2026-05-11,1690,19,1,177.8
2026-05-11,1691,19,1,411.5
2026-05-18,1692,19,1,85.5
2026-05-25,1693,19,1,613.2
2026-06-01,1694,19,1,215.0
2026-06-15,1696,19,3,185.1
2026-06-22,1697,19,3,547.4
2026-06-29,1698,19,1,592.1
2024-07-15,1701,19,4,257.2
2024-07-22,1702,19,4,277.6
2024-08-12,1704,19,4,569.4
2024-08-12,1705,19,4,567.2
2024-08-19,1706,19,4,177.0
2024-08-26,1707,19,4,124.0
2024-09-02,1708,19,4,312.2
2024-09-09,1709,19,4,212.3
2024-09-16,1710,19,4,376.8
2024-09-23,1711,19,4,332.7
2024-09-30,1711,19,4,68.5
2024-09-30,1712,19,4,397.2
2024-10-07,1713,19,4,361.1
2024-10-14,1714,19,4,179.2
2024-10-21,1715,19,4,31.0
2024-10-28,1716,19,4,316.8
2024-11-04,1717,19,4,469.4
2024-11-11,1718,19,4,308.0
2024-11-18,1719,19,4,342.8
2024-11-25,1720,19,4,424.0
2024-12-02,1721,19,4,240.5
2024-12-09,1722,19,4,303.6
2024-12-16,1723,19,4,315.6
2024-12-23,1724,19,4,100.6
2025-01-06,1726,19,4,153.1
2025-01-13,1727,19,4,133.6
2025-01-20,1728,19,4,528.3
2025-01-27,1729,19,4,134.1
2025-02-03,1730,19,4,183.9
2025-02-10,1731,19,4,99.4
2025-02-17,1731,19,4,0.0
2025-02-17,1732,19,4,264.5
2025-02-24,1733,19,4,342.4
2025-03-03,1734,19,4,130.1
2025-03-10,1735,19,4,287.5
2025-03-17,1736,19,4,247.1
2025-03-24,1737,19,4,186.1
2025-03-31,1738,19,4,190.0
2025-04-07,1739,19,4,102.0
2025-04-14,1740,19,4,295.4
2025-04-21,1741,19,4,34.3
2025-04-28,1742,19,4,584.8
2025-05-05,1743,19,4,100.5
2025-05-12,1744,19,4,298.6
2025-05-19,1745,19,4,190.5
2025-05-26,1746,19,4,246.7
2025-06-02,1747,19,4,190.1
2025-06-09,1748,19,4,321.4
2025-06-16,1749,19,4,190.6
2025-06-23,1750,19,4,340.9
2025-06-30,1751,19,4,232.6
2025-07-07,1752,19,4,354.5
2025-07-14,1753,19,4,128.7
2025-07-21,1754,19,4,80.1
2025-07-28,1755,19,4,261.0
2025-08-04,1756,19,4,427.6
2025-08-11,1757,19,4,74.4
2025-08-18,1758,19,4,379.0
2025-08-25,1759,19,4,504.0
2025-09-01,1760,19,4,431.3
2025-09-08,1761,19,4,87.2
2025-09-15,1762,19,4,224.6
2025-09-22,1763,19,4,90.7
2025-09-29,1764,19,4,458.5
2025-10-13,1766,19,4,397.8
2025-10-20,1767,19,4,221.4
2025-10-27,1768,19,4,192.4
2025-11-03,1769,19,4,187.6
2025-11-10,1770,19,4,199.8
2025-11-17,1771,19,4,577.9
2025-11-24,1772,19,4,125.7
2025-12-08,1773,19,4,236.3
2025-12-08,1774,19,4,254.2
2025-12-15,1775,19,4,208.4
2025-12-22,1776,19,4,123.2
2026-01-05,1777,19,4,453.2
2026-01-05,1778,19,4,237.8
2026-01-12,1779,19,4,595.2
2026-01-19,1780,19,4,163.8
2026-01-26,1781,19,4,67.5
2026-02-02,1782,19,4,343.0
2026-02-16,1783,19,4,297.0
2026-02-16,1784,19,4,153.9
2026-02-23,1785,19,4,368.9
2026-03-02,1786,19,4,382.6
2026-03-09,1787,19,4,81.7
2026-03-16,1788,19,4,389.0
2026-03-23,1789,19,4,359.9
2026-03-30,1790,19,4,638.9
2026-04-13,1792,19,4,159.9
2026-04-20,1793,19,4,69.3
2026-04-27,1794,19,4,98.7
2026-05-04,1795,19,4,347.7
2026-05-11,1796,19,4,486.3
2026-05-18,1797,19,4,179.6
2026-06-01,1798,19,4,464.3
2026-06-01,1799,19,4,150.7
2026-06-08,1800,19,4,92.3
2026-06-15,1801,19,4,311.7
2026-06-22,1802,19,4,289.1
2024-07-08,1804,19,5,396.2
2024-07-15,1804,19,5,40.4
2024-07-15,1805,19,5,300.8
2024-07-22,1806,19,5,167.3
2024-07-29,1807,19,5,391.6
2024-08-05,1808,19,5,460.3
2024-08-12,1809,19,5,91.9
2024-08-19,1810,19,5,406.2
2024-08-26,1811,19,5,140.7
2024-09-02,1812,19,5,91.9
2024-09-09,1813,19,5,357.2
2024-09-16,1814,19,5,108.1
2024-09-23,1815,19,5,60.9
2024-09-30,1816,19,5,552.5
2024-10-07,1817,19,5,327.6
2024-10-14,1817,19,5,166.1
2024-10-14,1818,19,5,549.2
2024-10-21,1819,19,5,391.2
2024-10-28,1820,19,5,306.9
2024-11-04,1821,19,5,248.0
2024-11-11,1822,19,5,55.5
2024-11-18,1823,19,5,564.6
2024-11-25,1824,19,5,201.0
2024-12-02,1825,19,5,157.3
2024-12-09,1826,19,5,206.3
2024-12-16,1827,19,5,428.9
2024-12-23,1828,19,5,149.2
2024-12-30,1829,19,5,404.2
2025-01-06,1830,19,5,530.5
2025-01-13,1831,19,5,180.6
2025-01-27,1832,19,5,225.4
2025-01-27,1833,19,5,49.6
2025-02-03,1834,19,5,188.0
2025-02-10,1835,19,5,298.9
2025-02-24,1836,19,5,386.1
2025-02-24,1837,19,5,349.6
2025-03-03,1838,19,5,256.0
2025-03-10,1839,19,5,88.8
2025-03-17,1840,19,5,544.6
2025-03-24,1841,19,5,101.0
2025-03-31,1842,19,5,365.1
2025-04-14,1843,19,5,323.9
2025-04-14,1844,19,5,437.4
2025-04-21,1845,19,5,105.9
2025-04-28,1846,19,5,106.0
2025-05-05,1847,19,5,241.3
2025-05-12,1848,19,5,235.5
2025-05-19,1849,19,5,140.0
2025-05-26,1850,19,5,42.4
2025-06-02,1850,19,5,0.0
2025-06-02,1851,19,5,69.1
2025-06-09,1852,19,5,143.2
2025-06-23,1853,19,5,321.8
2025-06-23,1854,19,5,412.8
2025-06-30,1855,19,5,339.6
2025-07-07,1856,19,5,516.9
2025-07-14,1857,19,5,125.5
2025-07-21,1858,19,5,378.5
2025-07-28,1858,19,5,206.0
2025-08-04,1859,19,5,202.1
2025-08-04,1860,19,5,357.5
2025-08-18,1861,19,5,530.0
2025-08-25,1863,19,5,395.8
2025-09-01,1863,19,5,157.5
2025-09-01,1864,19,5,576.7
2025-09-08,1865,19,5,108.7
2025-09-22,1867,19,5,37.5
2025-10-06,1868,19,5,311.9
2025-10-06,1869,19,5,215.9
2025-10-13,1870,19,5,400.7
2025-10-20,1871,19,5,489.7
2025-10-27,1872,19,5,400.7
2025-11-03,1873,19,5,528.7
2025-11-10,1874,19,5,327.3
2025-11-17,1875,19,5,87.1
2025-11-24,1876,19,5,349.2
2025-12-08,1877,19,5,138.7
2025-12-08,1878,19,5,371.6
2025-12-15,1879,19,5,462.4
2025-12-22,1880,19,5,562.0
2025-12-29,1881,19,5,362.9
2026-01-05,1882,19,5,342.8
2026-01-12,1883,19,5,201.9
2026-01-19,1884,19,5,143.1
2026-01-26,1885,19,5,136.1
2026-02-02,1886,19,5,556.1
2026-02-09,1887,19,5,42.0
2026-02-16,1888,19,5,245.7
2026-02-23,1889,19,5,202.3
2026-03-02,1890,19,5,129.6
2026-03-09,1891,19,5,369.9
2026-03-23,1892,19,5,250.9
2026-03-23,1893,19,5,54.5
2026-03-30,1894,19,5,83.4
2026-04-06,1894,19,5,0.0
2026-04-06,1895,19,5,224.3
2026-04-13,1896,19,5,346.4
2026-04-20,1897,19,5,135.0
2026-04-27,1898,19,5,633.6
2026-05-04,1898,19,5,407.3
2026-05-04,1899,19,5,34.0
2026-05-18,1900,19,5,468.6
2026-05-18,1901,19,5,558.9
2026-06-01,1903,19,5,146.4
2026-06-08,1904,19,5,258.7
2026-06-15,1905,19,5,88.0
2026-06-22,1906,19,5,310.7
2026-06-29,1907,19,5,648.7
2024-07-08,1908,19,7,189.9
2024-07-15,1908,19,7,97.8
2024-07-15,1909,19,9,607.9
2024-07-22,1910,19,7,323.8
2024-07-29,1911,19,7,209.7
2024-08-05,1912,19,7,101.4
2024-08-12,1913,19,7,48.8
2024-08-26,1914,19,7,517.8
2024-08-26,1915,19,7,108.4
2024-09-09,1916,19,9,91.2
2024-09-16,1918,19,9,305.1
2024-09-23,1919,19,9,62.5
2024-09-30,1920,19,9,373.8
2024-10-21,1922,19,9,108.4
2024-10-28,1924,19,7,97.7
2024-11-04,1925,19,7,68.4
2024-11-11,1926,19,9,497.9
2024-11-25,1927,19,9,491.2
2024-12-02,1928,19,9,95.9
2024-12-02,1929,19,7,389.5
2024-12-09,1930,19,9,142.9
2024-12-16,1931,19,7,384.3
2024-12-23,1932,19,9,235.7
2025-01-06,1934,19,9,491.9
2025-01-13,1935,19,7,402.4
2025-01-20,1936,19,9,197.5
2025-01-27,1937,19,7,421.1
2025-02-03,1938,19,7,208.4
2025-02-10,1939,19,7,61.8
2025-02-24,1941,19,9,110.2
2025-03-03,1942,19,9,142.4
2025-03-10,1943,19,7,370.1
2025-03-17,1944,19,9,69.0
2025-03-24,1945,19,9,617.0
2025-04-07,1947,19,7,503.0
2025-04-14,1948,19,7,273.4
2025-04-21,1949,19,7,443.9
2025-05-05,1950,19,9,56.1
2025-05-05,1951,19,9,322.8
2025-05-12,1952,19,7,509.8
2025-05-19,1953,19,9,320.5
2025-06-02,1955,19,7,231.3
2025-06-09,1956,19,7,279.5
2025-06-16,1957,19,7,41.1
2025-06-23,1958,19,9,514.5
2025-06-30,1959,19,7,170.9
2025-07-07,1960,19,9,165.3
2025-07-14,1961,19,9,136.7
2025-07-21,1962,19,9,266.8
2025-07-28,1963,19,9,443.4
2025-08-04,1964,19,7,475.5
2025-08-11,1965,19,9,512.3
2025-08-18,1966,19,7,268.3
2025-09-01,1967,19,7,85.7
2025-09-01,1968,19,9,559.0
2025-09-08,1969,19,7,120.6
2025-09-22,1971,19,7,365.4
2025-09-29,1972,19,7,236.6
2025-10-06,1973,19,9,126.6
2025-10-13,1974,19,9,330.7
2025-10-20,1975,19,9,62.3
2025-11-03,1976,19,9,260.7
2025-11-03,1977,19,7,291.7
2025-11-17,1979,19,9,111.6
2025-12-01,1980,19,7,303.4
2025-12-15,1983,19,7,230.9
2025-12-22,1984,19,7,450.5
2025-12-29,1985,19,7,317.4
2026-01-12,1986,19,9,268.3
2026-01-12,1987,19,9,282.2
2026-01-26,1988,19,9,217.7
2026-02-02,1989,19,7,50.2
2026-02-02,1990,19,9,509.8
2026-02-09,1991,19,9,128.0
2026-02-16,1992,19,7,135.4
2026-02-23,1993,19,9,290.3
2026-03-02,1994,19,9,636.3
2026-03-09,1995,19,7,238.3
2026-03-16,1995,19,7,67.6
2026-03-16,1996,19,7,342.0
2026-03-23,1997,19,7,187.6
2026-03-30,1998,19,7,83.2
2026-04-06,1999,19,9,303.6
2026-04-13,2000,19,9,96.4
2026-04-20,2001,19,7,165.4
2026-04-27,2002,19,9,125.5
2026-05-11,2004,19,7,78.5
2026-05-18,2005,19,7,373.9
2026-05-25,2006,19,7,342.3
2026-06-01,2007,19,7,511.7
2026-06-08,2008,19,9,293.8
2026-06-15,2009,19,9,382.5
2026-06-22,2010,19,9,330.1
2026-06-29,2011,19,7,48.8
2024-07-08,2013,19,10,336.5
2024-07-15,2014,19,10,245.0
2024-07-29,2015,19,10,234.2
2024-07-29,2016,19,10,56.3
2024-08-05,2017,19,10,586.8
2024-08-19,2018,19,10,157.5
2024-08-19,2019,19,10,67.9
2024-08-26,2020,19,10,161.3
2024-09-02,2020,19,10,30.7
2024-09-16,2023,19,10,155.8
2024-09-23,2024,19,10,352.8
2024-09-30,2024,19,10,80.7
2024-09-30,2025,19,10,398.4
2024-10-07,2025,19,10,104.8
2024-10-07,2026,19,10,234.6
2024-10-14,2027,19,10,118.4
2024-10-28,2028,19,10,428.9
2024-10-28,2029,19,10,39.6
2024-11-11,2030,19,10,431.8
2024-11-11,2031,19,10,219.5
2024-11-18,2032,19,10,432.3
2024-11-25,2033,19,10,84.4
2024-12-09,2034,19,10,288.2
2024-12-09,2035,19,10,445.5
2024-12-23,2036,19,10,103.4
2024-12-23,2037,19,10,457.7
2024-12-30,2038,19,10,102.5
2025-01-06,2038,19,10,0.0
2025-01-06,2039,19,10,432.9
2025-01-13,2040,19,10,268.6
2025-01-20,2041,19,10,549.4
2025-01-27,2042,19,10,576.4
2025-02-03,2043,19,10,402.6
2025-02-10,2044,19,10,222.8
2025-02-17,2045,19,10,543.1
2025-02-24,2046,19,10,176.4
2025-03-03,2047,19,10,299.3
2025-03-10,2048,19,10,230.6
2025-03-17,2049,19,10,87.9
2025-03-24,2050,19,10,165.3
2025-03-31,2051,19,10,240.0
2025-04-07,2052,19,10,457.1
2025-04-14,2053,19,10,39.3
2025-04-21,2054,19,10,105.0
2025-04-28,2055,19,10,554.9
2025-05-05,2056,19,10,71.4
2025-05-12,2057,19,10,109.5
2025-05-19,2058,19,10,289.5
2025-05-26,2059,19,10,458.5
2025-06-02,2060,19,10,355.7
2025-06-09,2061,19,10,340.5
2025-06-23,2062,19,10,378.8
2025-06-23,2063,19,10,115.1
2025-06-30,2064,19,10,249.4
2025-07-07,2065,19,10,410.9
2025-07-21,2066,19,10,275.3
2025-07-28,2067,19,10,321.5
2025-07-28,2068,19,10,378.8
2025-08-04,2069,19,10,137.6
2025-08-11,2070,19,10,554.5
2025-08-18,2071,19,10,268.8
2025-08-25,2072,19,10,123.2
2025-09-01,2073,19,10,392.0
2025-09-08,2074,19,10,41.4
2025-09-15,2075,19,10,456.2
2025-09-22,2076,19,10,483.2
2025-09-29,2077,19,10,370.5
2025-10-06,2078,19,10,136.4
2025-10-13,2078,19,10,5.8
2025-10-13,2079,19,10,322.3
2025-10-20,2080,19,10,85.6
2025-10-27,2081,19,10,75.4
2025-11-03,2082,19,10,316.6
2025-11-10,2083,19,10,210.8
2025-11-17,2084,19,10,439.9
2025-12-01,2086,19,10,620.1
2025-12-15,2087,19,10,303.7
2025-12-15,2088,19,10,468.3
2025-12-22,2089,19,10,291.9
2025-12-29,2090,19,10,380.8
2026-01-05,2091,19,10,145.6
2026-01-12,2092,19,10,105.9
2026-01-19,2092,19,10,31.7
2026-01-19,2093,19,10,415.9
2026-01-26,2094,19,10,329.3
2026-02-02,2095,19,10,178.3
2026-02-09,2096,19,10,64.1
2026-02-16,2097,19,10,523.4
2026-02-23,2098,19,10,150.8
2026-03-02,2099,19,10,327.3
2026-03-09,2100,19,10,381.4
2026-03-23,2101,19,10,77.9
2026-03-23,2102,19,10,201.3
2026-03-30,2103,19,10,321.2
2026-04-06,2104,19,10,250.3
2026-04-13,2105,19,10,375.3
2026-04-20,2106,19,10,340.7
2026-04-27,2107,19,10,114.8
2026-05-04,2108,19,10,336.6
2026-05-11,2109,19,10,114.9
2026-05-18,2110,19,10,485.6
2026-05-25,2111,19,10,327.1
2026-06-01,2112,19,10,134.1
2026-06-08,2113,19,10,451.4
2026-06-15,2114,19,10,427.3
2026-06-22,2115,19,10,361.2
2026-06-29,2116,19,10,277.3
2024-07-08,2118,20,3,567.5
2024-07-15,2119,20,3,70.3
2024-07-22,2120,20,1,490.5
2024-07-29,2121,20,3,55.9
2024-08-05,2122,20,1,378.4
2024-08-12,2123,20,3,423.2
2024-08-19,2124,20,1,323.5
2024-08-26,2125,20,3,186.9
2024-09-02,2126,20,1,50.3
2024-09-09,2127,20,1,198.6
2024-09-16,2128,20,1,228.8
2024-09-23,2129,20,3,404.6
2024-10-07,2131,20,1,375.5
2024-10-14,2132,20,3,62.2
2024-10-21,2133,20,1,622.7
2024-10-28,2134,20,1,243.6
2024-11-04,2135,20,1,138.3
2024-11-11,2136,20,1,301.4
2024-11-18,2137,20,1,126.2
2024-12-02,2139,20,1,413.9
2024-12-09,2140,20,3,574.1
2024-12-16,2141,20,3,197.6
2024-12-23,2142,20,3,66.4
2024-12-30,2143,20,3,95.0
2025-01-06,2144,20,1,121.1
2025-01-13,2145,20,3,199.2
2025-01-20,2146,20,1,262.8
2025-01-27,2147,20,3,344.0
2025-02-03,2148,20,3,451.4
2025-02-10,2149,20,3,170.7
2025-02-17,2150,20,1,198.4
2025-02-24,2151,20,1,345.5
2025-03-03,2152,20,3,451.5
2025-03-10,2153,20,3,404.5
2025-03-17,2154,20,3,36.3
2025-03-24,2155,20,3,560.9
2025-03-31,2156,20,1,193.6
2025-04-07,2157,20,3,216.8
2025-04-14,2158,20,1,143.3
2025-04-21,2159,20,3,171.8
2025-04-28,2160,20,1,486.0
2025-05-05,2161,20,1,125.9
2025-05-12,2162,20,1,257.4
2025-05-19,2163,20,3,429.6
2025-06-02,2165,20,3,634.3
2025-06-09,2166,20,1,296.3
2025-06-16,2167,20,1,235.6
2025-06-23,2168,20,1,658.9
2025-06-30,2169,20,1,460.0
2025-07-14,2171,20,1,368.1
2025-07-21,2172,20,1,303.6
2025-07-28,2173,20,1,131.8
2025-08-04,2174,20,3,174.3
2025-08-11,2175,20,1,653.0
2025-09-01,2178,20,1,404.6
2025-09-08,2179,20,1,223.2
2025-09-22,2181,20,1,439.5
2025-09-29,2182,20,1,172.9
2025-10-13,2184,20,3,118.2
2025-10-20,2185,20,1,249.7
2025-10-27,2186,20,3,74.4
2025-11-17,2189,20,1,510.2
2025-12-01,2191,20,3,233.1
2025-12-08,2192,20,3,280.3
2025-12-15,2193,20,3,160.3
2025-12-29,2195,20,1,158.1
2026-01-05,2196,20,3,554.7
2026-01-19,2198,20,3,426.3
2026-01-26,2199,20,1,48.3
2026-02-02,2200,20,3,367.3
2026-02-09,2201,20,3,264.3
2026-02-16,2202,20,1,240.4
2026-02-23,2203,20,3,573.3
2026-03-02,2204,20,3,434.8
2026-03-09,2205,20,3,215.3
2026-03-16,2206,20,1,151.4
2026-03-23,2207,20,1,333.8
2026-03-30,2208,20,1,124.6
2026-04-06,2209,20,1,485.8
2026-04-13,2210,20,1,400.7
2026-04-20,2211,20,1,349.8
2026-04-27,2212,20,1,522.1
2026-05-04,2213,20,3,286.5
2026-05-11,2214,20,3,52.3
2026-05-18,2215,20,3,406.7
2026-06-29,2221,20,3,88.4
2024-07-08,2222,20,4,186.2
2024-07-15,2223,20,4,298.5
2024-07-22,2224,20,4,208.9
2024-07-29,2225,20,4,520.7
2024-08-05,2226,20,4,93.6
2024-08-26,2229,20,4,120.9
2024-09-02,2230,20,4,423.4
2024-09-09,2231,20,4,44.8
2024-09-16,2232,20,4,649.6
2024-09-23,2233,20,4,43.0
2024-09-30,2234,20,4,420.5
2024-10-07,2235,20,4,417.4
2024-10-14,2236,20,4,332.1
2024-10-21,2237,20,4,64.6
2024-10-28,2238,20,4,291.9
2024-11-04,2239,20,4,267.0
2024-11-11,2240,20,4,306.9
2024-11-18,2241,20,4,402.0
2024-11-25,2242,20,4,233.8
2024-12-09,2244,20,4,434.9
2024-12-16,2245,20,4,321.5
2024-12-23,2246,20,4,103.6
2024-12-30,2247,20,4,492.2
2025-01-13,2249,20,4,332.3
2025-01-20,2250,20,4,64.8
2025-01-27,2251,20,4,429.6
2025-02-03,2252,20,4,335.3
2025-02-17,2254,20,4,94.2
2025-02-24,2255,20,4,316.9
2025-03-03,2256,20,4,152.9
2025-03-17,2258,20,4,449.0
2025-03-24,2259,20,4,496.3
2025-03-31,2260,20,4,508.7
2025-04-07,2261,20,4,376.6
2025-04-14,2262,20,4,305.6
2025-04-28,2264,20,4,103.1
2025-05-19,2267,20,4,329.0
2025-05-26,2268,20,4,171.7
2025-06-02,2269,20,4,73.9
2025-06-09,2270,20,4,436.5
2025-06-16,2271,20,4,273.5
2025-06-23,2272,20,4,175.7
2025-06-30,2273,20,4,541.5
2025-07-07,2274,20,4,222.3
2025-07-14,2275,20,4,400.5
2025-07-21,2276,20,4,201.9
2025-07-28,2277,20,4,304.9
2025-08-11,2279,20,4,360.5
2025-08-18,2280,20,4,223.1
2025-08-25,2281,20,4,165.4
2025-09-08,2283,20,4,437.7
2025-09-22,2285,20,4,431.1
2025-09-29,2286,20,4,167.2
2025-10-06,2287,20,4,55.3
2025-10-13,2288,20,4,149.4
2025-10-20,2289,20,4,373.5
2025-10-27,2290,20,4,392.9
2025-11-03,2291,20,4,549.8
2025-11-17,2293,20,4,362.6
2025-11-24,2294,20,4,128.2
2025-12-01,2295,20,4,238.1
2025-12-08,2296,20,4,334.7
2025-12-15,2297,20,4,520.6
2025-12-22,2298,20,4,47.8
2025-12-29,2299,20,4,81.6
2026-01-05,2300,20,4,77.9
2026-01-12,2301,20,4,466.3
2026-01-19,2302,20,4,263.3
2026-01-26,2303,20,4,357.0
2026-02-02,2304,20,4,263.2
2026-02-09,2305,20,4,147.4
2026-02-16,2306,20,4,77.0
2026-02-23,2307,20,4,515.1
2026-03-02,2308,20,4,237.8
2026-03-09,2309,20,4,545.4
2026-03-16,2310,20,4,346.8
2026-03-23,2311,20,4,441.7
2026-03-30,2312,20,4,434.9
2026-04-06,2313,20,4,196.9
2026-04-13,2314,20,4,113.4
2026-04-20,2315,20,4,455.0
2026-04-27,2316,20,4,85.1
2026-05-04,2317,20,4,636.9
2026-05-11,2318,20,4,111.0
2026-05-18,2319,20,4,517.7
2026-05-25,2320,20,4,100.6
2026-06-01,2321,20,4,459.3
2026-06-08,2322,20,4,168.9
2026-06-15,2323,20,4,632.8
2026-06-22,2324,20,4,309.5
2026-06-29,2325,20,4,219.9
2024-07-08,2326,20,5,386.8
2024-07-15,2327,20,5,590.4
2024-07-22,2328,20,5,226.8
2024-08-05,2330,20,5,456.8
2024-08-12,2331,20,5,126.0
2024-09-02,2334,20,5,434.4
2024-09-09,2335,20,5,160.2
2024-09-16,2336,20,5,60.0
2024-09-30,2338,20,5,586.9
2024-10-07,2339,20,5,484.8
2024-10-14,2340,20,5,426.0
2024-11-04,2343,20,5,132.3
2024-11-11,2344,20,5,184.7
2024-11-18,2345,20,5,535.8
2024-11-25,2346,20,5,177.1
2024-12-02,2347,20,5,460.8
2024-12-09,2348,20,5,99.2
2024-12-16,2349,20,5,307.5
2024-12-30,2351,20,5,330.1
2025-01-06,2352,20,5,411.8
2025-01-13,2353,20,5,516.4
2025-01-20,2354,20,5,168.9
2025-01-27,2355,20,5,313.4
2025-02-03,2356,20,5,187.6
2025-02-10,2357,20,5,441.0
2025-02-17,2358,20,5,297.1
2025-03-03,2360,20,5,260.6
2025-03-10,2361,20,5,208.8
2025-03-17,2362,20,5,358.8
2025-03-24,2363,20,5,267.0
2025-03-31,2364,20,5,293.9
2025-04-07,2365,20,5,557.6
2025-04-14,2366,20,5,252.8
2025-04-21,2367,20,5,46.5
2025-04-28,2368,20,5,99.4
2025-05-05,2369,20,5,496.7
2025-05-12,2370,20,5,279.1
2025-05-19,2371,20,5,139.5
2025-05-26,2372,20,5,319.4
2025-06-02,2373,20,5,436.7
2025-06-09,2374,20,5,271.8
2025-06-16,2375,20,5,170.6
2025-06-30,2377,20,5,99.2
2025-07-14,2379,20,5,343.2
2025-07-21,2380,20,5,220.7
2025-07-28,2381,20,5,451.5
2025-08-04,2382,20,5,264.0
2025-08-11,2383,20,5,155.0
2025-08-18,2384,20,5,118.5
2025-08-25,2385,20,5,392.5
2025-09-01,2386,20,5,191.5
2025-09-08,2387,20,5,356.9
2025-09-15,2388,20,5,340.1
2025-09-22,2389,20,5,200.2
2025-09-29,2390,20,5,380.7
2025-10-06,2391,20,5,264.5
2025-10-13,2392,20,5,207.3
2025-10-20,2393,20,5,218.3
2025-10-27,2394,20,5,370.3
2025-11-03,2395,20,5,312.4
2025-11-10,2396,20,5,336.4
2025-11-17,2397,20,5,203.2
2025-11-24,2398,20,5,491.2
2025-12-01,2399,20,5,345.1
2025-12-08,2400,20,5,409.0
2025-12-15,2401,20,5,243.5
2025-12-22,2402,20,5,404.4
2025-12-29,2403,20,5,63.0
2026-01-05,2404,20,5,228.6
2026-01-12,2405,20,5,458.9
2026-01-19,2406,20,5,421.4
2026-01-26,2407,20,5,330.7
2026-02-02,2408,20,5,149.0
2026-02-09,2409,20,5,457.9
2026-02-16,2410,20,5,465.4
2026-02-23,2411,20,5,37.2
2026-03-02,2412,20,5,516.1
2026-03-09,2413,20,5,36.0
2026-03-16,2414,20,5,484.7
2026-03-23,2415,20,5,416.0
2026-03-30,2416,20,5,387.6
2026-04-06,2417,20,5,281.1
2026-04-20,2419,20,5,409.1
2026-04-27,2420,20,5,133.9
2026-05-04,2421,20,5,453.8
2026-05-11,2422,20,5,488.4
2026-05-25,2424,20,5,370.2
2026-06-01,2425,20,5,294.5
2026-06-08,2426,20,5,91.2
2026-06-15,2427,20,5,467.8
2026-06-22,2428,20,5,372.7
2026-06-29,2429,20,5,343.4
2024-07-08,2430,20,9,240.5
2024-07-15,2431,20,9,339.5
2024-07-22,2432,20,7,321.8
2024-07-29,2433,20,7,269.5
2024-08-12,2435,20,7,257.6
2024-08-19,2436,20,9,479.5
2024-08-26,2437,20,9,328.2
2024-09-02,2438,20,7,472.2
2024-09-09,2439,20,7,268.2
2024-09-16,2440,20,7,31.9
2024-09-23,2441,20,7,303.4
2024-10-07,2443,20,7,300.7
2024-10-14,2444,20,7,448.4
2024-10-21,2445,20,7,133.7
2024-11-04,2447,20,7,90.4
2024-11-11,2448,20,7,573.0
2024-11-18,2449,20,9,46.1
2024-11-25,2450,20,9,173.9
2024-12-02,2451,20,9,189.2
2024-12-09,2452,20,9,471.4
2024-12-16,2453,20,7,205.0
2025-01-06,2456,20,9,222.8
2025-01-20,2458,20,9,295.9
2025-01-27,2459,20,9,253.7
2025-02-03,2460,20,9,44.4
2025-02-10,2461,20,9,224.1
2025-02-17,2462,20,7,320.3
2025-02-24,2463,20,9,478.5
2025-03-03,2464,20,7,172.4
2025-03-10,2465,20,9,73.5
2025-03-24,2467,20,9,200.1
2025-03-31,2468,20,9,195.6
2025-04-14,2470,20,7,450.9
2025-04-21,2471,20,7,224.1
2025-04-28,2472,20,7,228.1
2025-05-05,2473,20,9,91.4
2025-05-12,2474,20,9,281.6
2025-05-19,2475,20,7,550.5
2025-05-26,2476,20,9,333.4
2025-06-02,2477,20,7,254.3
2025-06-09,2478,20,9,143.2
2025-06-16,2479,20,9,379.4
2025-07-07,2482,20,7,439.1
2025-07-28,2485,20,7,163.2
2025-08-04,2486,20,7,327.4
2025-08-18,2488,20,7,435.4
2025-08-25,2489,20,7,365.4
2025-09-15,2492,20,7,387.9
2025-09-22,2493,20,7,481.3
2025-09-29,2494,20,9,256.6
2025-10-06,2495,20,9,386.7
2025-10-13,2496,20,9,60.1
2025-10-20,2497,20,7,343.9
2025-10-27,2498,20,7,415.8
2025-11-03,2499,20,9,241.6
2025-11-10,2500,20,9,154.9
2025-11-17,2501,20,7,483.4
2025-11-24,2502,20,7,313.0
2025-12-01,2503,20,7,125.1
2025-12-08,2504,20,7,206.7
2025-12-15,2505,20,7,104.9
2025-12-22,2506,20,7,145.2
2026-01-05,2508,20,9,150.8
2026-01-12,2509,20,7,106.2
2026-01-26,2511,20,9,70.5
2026-02-02,2512,20,9,261.4
2026-02-09,2513,20,7,41.3
2026-02-16,2514,20,7,351.8
2026-02-23,2515,20,7,359.5
2026-03-02,2516,20,9,359.3
2026-03-09,2517,20,9,56.0
2026-03-16,2518,20,7,375.3
2026-03-23,2519,20,9,387.9
2026-03-30,2520,20,9,365.4
2026-04-06,2521,20,9,381.6
2026-04-13,2522,20,9,142.4
2026-04-20,2523,20,9,45.9
2026-04-27,2524,20,7,245.5
2026-05-04,2525,20,9,84.9
2026-05-11,2526,20,7,126.7
2026-05-25,2528,20,9,274.0
2026-06-01,2529,20,7,87.5
2026-06-08,2530,20,7,93.6
2026-06-15,2531,20,9,121.5
2026-06-22,2532,20,9,388.1
2026-06-29,2533,20,9,420.8
2024-07-08,2534,20,10,87.7
2024-07-22,2536,20,10,52.4
2024-07-29,2537,20,10,194.4
2024-08-05,2538,20,10,363.5
2024-08-19,2540,20,10,170.9
2024-08-26,2541,20,10,509.0
2024-09-02,2542,20,10,229.3
2024-09-09,2543,20,10,290.1
2024-09-16,2544,20,10,320.4
2024-09-30,2546,20,10,396.3
2024-10-07,2547,20,10,138.0
2024-10-14,2548,20,10,267.5
2024-10-21,2549,20,10,248.1
2024-10-28,2550,20,10,285.5
2024-11-04,2551,20,10,347.7
2024-11-11,2552,20,10,448.5
2024-11-18,2553,20,10,503.2
2024-11-25,2554,20,10,296.0
2024-12-02,2555,20,10,158.7
2024-12-09,2556,20,10,93.7
2024-12-16,2557,20,10,38.4
2024-12-23,2558,20,10,420.8
2024-12-30,2559,20,10,182.8
2025-01-06,2560,20,10,295.5
2025-01-13,2561,20,10,181.4
2025-01-20,2562,20,10,457.5
2025-01-27,2563,20,10,182.3
2025-02-03,2564,20,10,310.3
2025-02-10,2565,20,10,40.7
2025-02-24,2567,20,10,442.3
2025-03-03,2568,20,10,484.3
2025-03-10,2569,20,10,145.6
2025-03-17,2570,20,10,245.8
2025-03-24,2571,20,10,152.9
2025-03-31,2572,20,10,322.7
2025-04-07,2573,20,10,245.6
2025-04-14,2574,20,10,392.1
2025-04-28,2576,20,10,62.0
2025-05-05,2577,20,10,493.3
2025-05-12,2578,20,10,569.6
2025-05-19,2579,20,10,184.6
2025-05-26,2580,20,10,229.5
2025-06-02,2581,20,10,531.4
2025-06-09,2582,20,10,310.7
2025-06-23,2584,20,10,229.3
2025-06-30,2585,20,10,112.1
2025-07-07,2586,20,10,262.6
2025-07-14,2587,20,10,372.7
2025-07-21,2588,20,10,251.8
2025-07-28,2589,20,10,367.4
2025-08-04,2590,20,10,208.8
2025-08-11,2591,20,10,197.6
2025-08-18,2592,20,10,193.9
2025-08-25,2593,20,10,504.8
2025-09-01,2594,20,10,153.9
2025-09-08,2595,20,10,220.0
2025-09-15,2596,20,10,500.7
2025-09-22,2597,20,10,224.1
2025-09-29,2598,20,10,284.4
2025-10-13,2600,20,10,162.2
2025-10-20,2601,20,10,384.2
2025-10-27,2602,20,10,318.1
2025-11-03,2603,20,10,477.5
2025-11-10,2604,20,10,99.8
2025-11-17,2605,20,10,435.4
2025-11-24,2606,20,10,395.5
2025-12-01,2607,20,10,35.3
2025-12-08,2608,20,10,214.0
2025-12-22,2610,20,10,431.7
2025-12-29,2611,20,10,159.4
2026-01-05,2612,20,10,60.0
2026-01-12,2613,20,10,39.3
2026-01-26,2615,20,10,396.6
2026-02-02,2616,20,10,568.9
2026-02-09,2617,20,10,589.7
2026-02-16,2618,20,10,318.5
2026-02-23,2619,20,10,311.6
2026-03-02,2620,20,10,246.8
2026-03-09,2621,20,10,103.5
2026-03-23,2623,20,10,347.9
2026-03-30,2624,20,10,334.8
2026-04-06,2625,20,10,217.0
2026-04-13,2626,20,10,38.8
2026-04-20,2627,20,10,564.3
2026-04-27,2628,20,10,148.4
2026-05-04,2629,20,10,68.9
2026-05-11,2630,20,10,244.4
2026-05-18,2631,20,10,324.4
2026-06-01,2633,20,10,521.2
2026-06-08,2634,20,10,545.8
2026-06-15,2635,20,10,527.4
2026-06-22,2636,20,10,386.7
2026-06-29,2637,20,10,106.1
2024-07-08,2638,21,3,302.0
2024-07-15,2638,21,3,171.0
2024-07-15,2639,21,3,408.5
2024-07-22,2640,21,1,564.1
2024-07-29,2641,21,3,464.1
2024-08-05,2642,21,3,227.1
2024-08-12,2643,21,1,107.9
2024-08-19,2644,21,3,138.9
2024-08-26,2644,21,3,0.0
2024-09-02,2645,21,3,146.8
2024-09-02,2646,21,3,517.4
2024-09-09,2646,21,3,147.7
2024-09-09,2647,21,1,106.8
2024-09-16,2648,21,1,187.9
2024-09-23,2649,21,1,491.5
2024-10-07,2650,21,3,187.6
2024-10-07,2651,21,3,406.2
2024-10-14,2652,21,3,56.8
2024-10-21,2652,21,3,14.7
2024-10-21,2653,21,3,289.8
2024-10-28,2654,21,1,192.8
2024-11-04,2655,21,3,486.5
2024-11-18,2656,21,3,122.7
2024-11-18,2657,21,3,305.5
2024-11-25,2658,21,1,371.9
2024-12-02,2659,21,1,358.3
2024-12-09,2660,21,1,178.4
2024-12-16,2660,21,1,107.8
2024-12-16,2661,21,3,44.4
2024-12-30,2662,21,3,119.1
2024-12-30,2663,21,3,250.8
2025-01-13,2664,21,1,331.0
2025-01-13,2665,21,1,397.2
2025-01-20,2666,21,3,220.1
2025-01-27,2667,21,3,453.6
2025-02-03,2668,21,1,374.3
2025-02-17,2669,21,1,379.9
2025-02-17,2670,21,3,416.3
2025-02-24,2671,21,1,324.6
2025-03-03,2671,21,1,163.1
2025-03-03,2672,21,1,407.2
2025-03-10,2673,21,1,370.1
2025-03-17,2674,21,3,525.1
2025-03-31,2675,21,1,329.0
2025-03-31,2676,21,3,279.0
2025-04-07,2677,21,3,99.6
2025-04-21,2678,21,1,168.7
2025-04-28,2679,21,3,34.4
2025-04-28,2680,21,1,121.9
2025-05-05,2680,21,1,41.7
2025-05-05,2681,21,3,311.4
2025-05-12,2682,21,3,526.2
2025-05-19,2682,21,3,158.4
2025-05-19,2683,21,3,383.0
2025-05-26,2684,21,1,437.2
2025-06-02,2685,21,3,358.4
2025-06-09,2686,21,3,45.7
2025-06-16,2687,21,3,370.4
2025-06-23,2687,21,3,70.8
2025-06-30,2688,21,3,122.9
2025-06-30,2689,21,1,285.8
2025-07-07,2689,21,1,0.0
2025-07-07,2690,21,1,230.1
2025-07-14,2691,21,3,272.6
2025-07-21,2692,21,1,352.9
2025-07-28,2693,21,3,168.6
2025-08-04,2694,21,3,565.0
2025-08-11,2695,21,3,324.9
2025-08-18,2696,21,1,435.1
2025-08-25,2696,21,1,107.1
2025-08-25,2697,21,3,100.3
2025-09-01,2698,21,3,470.5
2025-09-15,2699,21,1,89.4
2025-09-15,2700,21,1,61.5
2025-09-29,2701,21,3,48.6
2025-09-29,2702,21,3,495.2
2025-10-06,2703,21,3,79.3
2025-10-13,2704,21,1,286.5
2025-10-20,2705,21,3,162.6
2025-10-27,2705,21,3,50.2
2025-11-03,2706,21,3,357.8
2025-11-10,2707,21,3,575.3
2025-11-10,2708,21,3,321.4
2025-11-17,2708,21,3,1.7
2025-11-17,2709,21,3,72.6
2025-11-24,2710,21,1,290.3
2025-12-08,2711,21,3,351.9
2025-12-08,2712,21,3,357.6
2025-12-15,2713,21,3,178.4
2025-12-22,2714,21,3,642.4
2025-12-29,2715,21,1,53.8
2026-01-12,2716,21,3,324.1
2026-01-19,2717,21,3,412.1
2026-01-19,2718,21,3,271.3
2026-02-02,2719,21,3,241.0
2026-02-09,2720,21,3,214.8
2026-02-09,2721,21,3,166.0
2026-02-16,2722,21,3,280.8
2026-02-23,2723,21,3,98.5
2026-03-02,2724,21,3,603.4
2026-03-16,2725,21,3,316.0
2026-03-16,2726,21,3,207.2
2026-03-23,2727,21,3,561.3
2026-03-30,2728,21,3,531.5
2026-04-06,2728,21,3,170.1
2026-04-13,2729,21,1,265.5
2026-04-13,2730,21,1,141.1
2026-04-20,2731,21,3,56.4
2026-04-27,2732,21,3,124.9
2026-05-04,2733,21,3,282.7
2026-05-11,2734,21,1,484.5
2026-05-18,2734,21,1,220.9
2026-05-18,2735,21,1,509.3
2026-05-25,2736,21,1,559.9
2026-06-08,2737,21,1,544.8
2026-06-08,2738,21,3,194.0
2026-06-15,2739,21,3,136.7
2026-06-22,2740,21,3,153.4
2024-07-08,2742,21,4,255.8
2024-07-15,2743,21,4,294.3
2024-07-22,2744,21,4,461.0
2024-07-29,2745,21,4,262.0
2024-08-05,2746,21,4,317.9
2024-08-12,2747,21,4,419.2
2024-08-19,2748,21,4,234.1
2024-08-26,2749,21,4,429.3
2024-09-02,2750,21,4,350.7
2024-09-09,2751,21,4,301.1
2024-09-16,2752,21,4,229.9
2024-09-23,2753,21,4,393.2
2024-09-30,2754,21,4,516.4
2024-10-07,2755,21,4,394.8
2024-10-14,2756,21,4,308.2
2024-10-21,2757,21,4,364.0
2024-10-28,2758,21,4,414.3
2024-11-11,2759,21,4,310.9
2024-11-11,2760,21,4,429.2
2024-11-18,2760,21,4,159.4
2024-11-25,2761,21,4,142.9
2024-11-25,2762,21,4,547.0
2024-12-02,2763,21,4,349.1
2024-12-09,2764,21,4,404.2
2024-12-16,2765,21,4,92.8
2024-12-23,2766,21,4,80.4
2024-12-30,2767,21,4,56.4
2025-01-06,2768,21,4,285.4
2025-01-13,2769,21,4,165.7
2025-01-20,2770,21,4,143.3
2025-02-03,2771,21,4,209.1
2025-02-03,2772,21,4,88.2
2025-02-10,2773,21,4,449.2
2025-02-17,2774,21,4,43.0
2025-02-24,2775,21,4,182.5
2025-03-03,2775,21,4,41.9
2025-03-10,2776,21,4,498.6
2025-03-10,2777,21,4,412.5
2025-03-17,2778,21,4,83.0
2025-03-24,2779,21,4,229.5
2025-03-31,2779,21,4,60.0
2025-03-31,2780,21,4,208.9
2025-04-07,2781,21,4,232.6
2025-04-14,2782,21,4,320.1
2025-04-28,2783,21,4,363.5
2025-04-28,2784,21,4,135.8
2025-05-05,2785,21,4,388.3
2025-05-12,2786,21,4,295.9
2025-05-19,2787,21,4,480.5
2025-05-26,2788,21,4,515.3
2025-06-02,2788,21,4,238.6
2025-06-09,2789,21,4,447.3
2025-06-16,2790,21,4,389.0
2025-06-16,2791,21,4,361.5
2025-06-30,2792,21,4,456.0
2025-07-07,2793,21,4,408.7
2025-07-07,2794,21,4,391.6
2025-07-21,2795,21,4,576.5
2025-07-21,2796,21,4,283.3
2025-07-28,2796,21,4,126.6
2025-07-28,2797,21,4,305.5
2025-08-04,2798,21,4,248.7
2025-08-11,2798,21,4,0.0
2025-08-11,2799,21,4,379.4
2025-08-18,2800,21,4,261.8
2025-08-25,2801,21,4,141.0
2025-09-01,2802,21,4,466.3
2025-09-08,2803,21,4,43.6
2025-09-15,2804,21,4,302.2
2025-09-22,2805,21,4,91.0
2025-09-29,2806,21,4,409.9
2025-10-06,2807,21,4,531.5
2025-10-20,2808,21,4,63.3
2025-10-27,2809,21,4,481.0
2025-10-27,2810,21,4,458.4
2025-11-03,2811,21,4,411.9
2025-11-10,2812,21,4,172.3
2025-11-24,2813,21,4,116.3
2025-11-24,2814,21,4,189.4
2025-12-08,2815,21,4,508.3
2025-12-08,2816,21,4,407.2
2025-12-15,2817,21,4,147.4
2025-12-22,2818,21,4,182.0
2025-12-29,2819,21,4,481.6
2026-01-05,2819,21,4,138.3
2026-01-05,2820,21,4,331.8
2026-01-12,2821,21,4,275.6
2026-01-19,2822,21,4,367.3
2026-01-26,2823,21,4,190.6
2026-02-02,2824,21,4,343.1
2026-02-09,2825,21,4,609.8
2026-02-16,2826,21,4,150.9
2026-02-23,2827,21,4,280.0
2026-03-02,2828,21,4,245.8
2026-03-09,2829,21,4,201.4
2026-03-16,2830,21,4,134.4
2026-03-23,2831,21,4,102.5
2026-03-30,2831,21,4,31.0
2026-03-30,2832,21,4,427.2
2026-04-06,2833,21,4,352.4
2026-04-13,2834,21,4,319.6
2026-04-20,2835,21,4,355.7
2026-04-27,2836,21,4,63.3
2026-05-04,2837,21,4,460.0
2026-05-11,2838,21,4,326.0
2026-05-18,2839,21,4,456.2
2026-06-01,2840,21,4,442.9
2026-06-08,2841,21,4,38.0
2026-06-08,2842,21,4,115.9
2026-06-15,2843,21,4,164.7
2026-06-22,2844,21,4,498.3
2026-06-29,2845,21,4,251.3
2024-07-08,2846,21,5,81.8
2024-07-15,2847,21,5,212.6
2024-07-22,2848,21,5,411.3
2024-07-29,2849,21,5,200.2
2024-08-05,2850,21,5,310.9
2024-08-12,2851,21,5,95.3
2024-08-19,2852,21,5,385.3
2024-08-26,2853,21,5,103.7
2024-09-02,2854,21,5,234.1
2024-09-09,2855,21,5,282.5
2024-09-16,2856,21,5,191.5
2024-09-30,2857,21,5,599.5
2024-09-30,2858,21,5,130.9
2024-10-07,2859,21,5,238.5
2024-10-14,2860,21,5,193.7
2024-10-28,2861,21,5,325.2
2024-10-28,2862,21,5,374.5
2024-11-04,2862,21,5,212.0
2024-11-04,2863,21,5,106.4
2024-11-18,2864,21,5,566.7
2024-11-18,2865,21,5,115.6
2024-11-25,2866,21,5,411.2
2024-12-02,2867,21,5,262.8
2024-12-09,2868,21,5,347.1
2024-12-16,2869,21,5,203.5
2024-12-23,2870,21,5,54.4
2024-12-30,2871,21,5,427.8
2025-01-06,2872,21,5,111.3
2025-01-13,2873,21,5,259.6
2025-01-20,2873,21,5,106.3
2025-01-20,2874,21,5,103.5
2025-01-27,2875,21,5,330.5
2025-02-03,2876,21,5,76.4
2025-02-10,2877,21,5,149.9
2025-02-17,2878,21,5,553.2
2025-02-24,2879,21,5,484.0
2025-03-03,2879,21,5,301.0
2025-03-03,2880,21,5,330.6
2025-03-17,2881,21,5,194.1
2025-03-17,2882,21,5,405.9
2025-03-24,2883,21,5,157.9
2025-04-07,2884,21,5,237.4
2025-04-14,2885,21,5,303.0
2025-04-14,2886,21,5,52.4
2025-04-21,2886,21,5,7.8
2025-04-21,2887,21,5,89.5
2025-04-28,2888,21,5,397.0
2025-05-05,2889,21,5,130.0
2025-05-12,2890,21,5,634.8
2025-05-19,2891,21,5,581.0
2025-05-26,2892,21,5,448.8
2025-06-02,2893,21,5,364.2
2025-06-09,2894,21,5,464.7
2025-06-23,2895,21,5,518.8
2025-06-23,2896,21,5,540.5
2025-06-30,2897,21,5,94.2
2025-07-07,2897,21,5,13.5
2025-07-07,2898,21,5,208.3
2025-07-14,2899,21,5,43.4
2025-07-21,2900,21,5,200.4
2025-07-28,2900,21,5,0.0
2025-07-28,2901,21,5,226.9
2025-08-04,2902,21,5,577.4
2025-08-11,2903,21,5,305.3
2025-08-18,2904,21,5,596.9
2025-08-25,2905,21,5,290.4
2025-09-01,2906,21,5,365.1
2025-09-15,2907,21,5,68.5
2025-09-15,2908,21,5,291.5
2025-09-22,2909,21,5,229.2
2025-09-29,2910,21,5,185.7
2025-10-06,2911,21,5,436.2
2025-10-20,2912,21,5,294.7
2025-10-20,2913,21,5,183.3
2025-10-27,2913,21,5,1.6
2025-10-27,2914,21,5,138.8
2025-11-03,2915,21,5,403.5
2025-11-10,2916,21,5,131.3
2025-11-24,2917,21,5,383.6
2025-11-24,2918,21,5,215.5
2025-12-01,2919,21,5,487.5
2025-12-08,2920,21,5,475.8
2025-12-15,2921,21,5,362.8
2025-12-22,2922,21,5,263.3
2025-12-29,2923,21,5,107.5
2026-01-05,2924,21,5,206.6
2026-01-12,2925,21,5,172.9
2026-01-19,2925,21,5,8.9
2026-01-19,2926,21,5,392.5
2026-01-26,2927,21,5,281.9
2026-02-02,2928,21,5,153.9
2026-02-09,2929,21,5,571.4
2026-02-16,2930,21,5,33.4
2026-03-02,2931,21,5,415.5
2026-03-02,2932,21,5,82.8
2026-03-09,2933,21,5,269.9
2026-03-16,2934,21,5,601.8
2026-03-23,2935,21,5,129.9
2026-03-30,2935,21,5,73.8
2026-04-06,2936,21,5,544.6
2026-04-06,2937,21,5,40.1
2026-04-13,2938,21,5,305.4
2026-04-20,2939,21,5,550.0
2026-04-27,2940,21,5,425.9
2026-05-04,2941,21,5,521.2
2026-05-18,2942,21,5,317.6
2026-05-25,2943,21,5,203.1
2026-05-25,2944,21,5,442.0
2026-06-01,2945,21,5,545.2
2026-06-08,2945,21,5,325.3
2026-06-08,2946,21,5,381.5
2026-06-15,2947,21,5,406.4
2026-06-29,2948,21,5,365.8
2026-06-29,2949,21,5,124.8
2024-07-08,2950,21,7,52.6
2024-07-15,2951,21,7,186.9
2024-07-22,2951,21,7,0.0
2024-07-22,2952,21,9,359.5
2024-07-29,2953,21,9,116.6
2024-08-05,2954,21,9,294.1
2024-08-12,2955,21,9,191.0
2024-08-19,2956,21,9,80.9
2024-08-26,2957,21,7,240.4
2024-09-02,2958,21,7,136.4
2024-09-09,2958,21,7,26.9
2024-09-09,2959,21,9,226.4
2024-09-16,2960,21,9,175.1
2024-09-23,2961,21,9,194.1
2024-09-30,2962,21,7,364.4
2024-10-07,2963,21,9,225.1
2024-10-14,2964,21,7,212.6
2024-10-28,2965,21,9,420.9
2024-10-28,2966,21,7,106.1
2024-11-04,2967,21,9,488.0
2024-11-11,2968,21,9,215.9
2024-11-18,2969,21,9,239.9
2024-11-25,2970,21,9,396.0
2024-12-02,2971,21,9,358.7
2024-12-09,2972,21,7,490.0
2024-12-16,2972,21,7,211.0
2024-12-16,2973,21,7,236.2
2024-12-23,2974,21,7,362.8
2024-12-30,2975,21,7,323.0
2025-01-06,2975,21,7,133.0
2025-01-06,2976,21,7,203.1
2025-01-13,2977,21,9,300.9
2025-01-20,2978,21,7,122.0
2025-01-27,2978,21,7,13.0
2025-01-27,2979,21,7,203.3
2025-02-03,2979,21,7,60.7
2025-02-10,2980,21,7,464.9
2025-02-10,2981,21,9,531.8
2025-02-17,2982,21,7,119.3
2025-02-24,2983,21,9,296.6
2025-03-03,2983,21,9,109.2
2025-03-03,2984,21,7,555.4
2025-03-10,2985,21,9,312.8
2025-03-17,2986,21,9,517.8
2025-03-31,2987,21,9,45.0
2025-03-31,2988,21,7,340.4
2025-04-14,2989,21,9,366.7
2025-04-14,2990,21,7,260.0
2025-04-21,2991,21,9,467.3
2025-05-05,2992,21,7,415.8
2025-05-05,2993,21,7,73.2
2025-05-12,2994,21,9,353.4
2025-05-19,2994,21,9,215.8
2025-05-19,2995,21,7,160.7
2025-05-26,2996,21,9,163.9
2025-06-02,2997,21,9,70.9
2025-06-09,2998,21,7,321.7
2025-06-23,2999,21,7,200.1
2025-06-23,3000,21,7,67.2
2025-06-30,3000,21,7,13.3
2025-06-30,3001,21,7,193.6
2025-07-07,3002,21,9,502.8
2025-07-21,3003,21,7,249.1
2025-07-21,3004,21,7,164.4
2025-07-28,3005,21,9,209.5
2025-08-04,3005,21,9,0.0
2025-08-04,3006,21,9,124.6
2025-08-11,3007,21,9,646.6
2025-08-18,3008,21,9,415.5
2025-08-25,3009,21,7,132.4
2025-09-01,3010,21,9,180.7
2025-09-08,3011,21,9,57.1
2025-09-15,3012,21,9,104.6
2025-09-22,3013,21,7,405.9
2025-09-29,3014,21,9,530.0
2025-10-06,3014,21,9,353.0
2025-10-06,3015,21,7,129.9
2025-10-13,3016,21,9,129.3
2025-10-20,3016,21,9,0.0
2025-10-20,3017,21,9,343.3
2025-10-27,3018,21,7,274.4
2025-11-03,3019,21,9,341.3
2025-11-17,3020,21,9,179.2
2025-11-17,3021,21,7,584.7
2025-11-24,3022,21,9,300.6
2025-12-01,3022,21,9,169.2
2025-12-01,3023,21,7,162.8
2025-12-08,3024,21,7,446.0
2025-12-15,3025,21,9,211.0
2025-12-29,3026,21,7,203.4
2025-12-29,3027,21,9,286.0
2026-01-05,3028,21,9,475.3
2026-01-12,3028,21,9,156.5
2026-01-12,3029,21,9,158.8
2026-01-19,3029,21,9,76.6
2026-01-19,3030,21,9,480.7
2026-01-26,3031,21,7,382.9
2026-02-02,3032,21,9,536.9
2026-02-09,3033,21,7,365.9
2026-02-16,3034,21,9,257.7
2026-02-23,3035,21,9,61.7
2026-03-02,3036,21,9,33.7
2026-03-09,3036,21,9,0.0
2026-03-09,3037,21,9,380.6
2026-03-23,3038,21,7,183.9
2026-03-23,3039,21,7,262.6
2026-03-30,3040,21,7,310.5
2026-04-13,3041,21,7,146.3
2026-04-13,3042,21,9,551.9
2026-04-20,3043,21,9,561.5
2026-04-27,3043,21,9,317.1
2026-04-27,3044,21,7,192.4
2026-05-11,3045,21,9,215.3
2026-05-18,3046,21,9,68.7
2026-05-18,3047,21,9,298.6
2026-05-25,3048,21,9,45.2
2026-06-01,3049,21,9,303.6
2026-06-08,3049,21,9,183.1
2026-06-08,3050,21,9,67.2
2026-06-22,3051,21,7,133.7
2026-06-22,3052,21,7,121.8
2026-06-29,3052,21,7,1.5
2026-06-29,3053,21,9,485.2
2024-07-08,3054,21,10,390.0
2024-07-15,3055,21,10,351.9
2024-07-22,3056,21,10,181.0
2024-08-05,3057,21,10,469.3
2024-08-05,3058,21,10,225.8
2024-08-12,3059,21,10,550.9
2024-08-19,3059,21,10,231.7
2024-08-19,3060,21,10,279.9
2024-08-26,3061,21,10,496.9
2024-09-02,3062,21,10,311.6
2024-09-09,3063,21,10,208.1
2024-09-16,3064,21,10,39.5
2024-09-23,3064,21,10,12.9
2024-09-23,3065,21,10,431.3
2024-09-30,3066,21,10,302.5
2024-10-07,3067,21,10,54.4
2024-10-14,3068,21,10,367.1
2024-10-21,3068,21,10,0.0
2024-10-28,3069,21,10,428.2
2024-10-28,3070,21,10,343.0
2024-11-04,3071,21,10,221.0
2024-11-18,3072,21,10,459.1
2024-11-18,3073,21,10,375.4
2024-11-25,3074,21,10,223.7
2024-12-02,3075,21,10,191.1
2024-12-09,3075,21,10,55.1
2024-12-09,3076,21,10,308.9
2024-12-16,3077,21,10,51.6
2024-12-30,3078,21,10,456.3
2025-01-06,3079,21,10,399.0
2025-01-06,3080,21,10,191.4
2025-01-13,3081,21,10,197.2
2025-01-20,3082,21,10,157.4
2025-01-27,3083,21,10,148.5
2025-02-03,3084,21,10,569.9
2025-02-10,3085,21,10,274.2
2025-02-17,3086,21,10,318.7
2025-02-24,3087,21,10,189.0
2025-03-10,3088,21,10,160.9
2025-03-10,3089,21,10,265.8
2025-03-17,3090,21,10,555.2
2025-03-24,3091,21,10,373.6
2025-03-31,3092,21,10,216.4
2025-04-07,3093,21,10,451.7
2025-04-14,3094,21,10,96.6
2025-04-21,3094,21,10,18.2
2025-04-21,3095,21,10,117.3
2025-05-05,3096,21,10,68.9
2025-05-05,3097,21,10,105.6
2025-05-12,3098,21,10,408.7
2025-05-19,3099,21,10,342.6
2025-05-26,3099,21,10,0.0
2025-06-02,3100,21,10,134.0
2025-06-02,3101,21,10,564.3
2025-06-09,3102,21,10,48.3
2025-06-16,3103,21,10,390.1
2025-06-23,3104,21,10,540.3
2025-07-07,3105,21,10,262.2
2025-07-07,3106,21,10,74.0
2025-07-14,3107,21,10,61.0
2025-07-21,3107,21,10,31.0
2025-07-21,3108,21,10,201.1
2025-08-04,3109,21,10,457.0
2025-08-04,3110,21,10,167.6
2025-08-11,3111,21,10,237.6
2025-08-18,3111,21,10,145.1
2025-08-18,3112,21,10,341.7
2025-08-25,3113,21,10,318.3
2025-09-01,3114,21,10,303.0
2025-09-08,3115,21,10,607.8
2025-09-15,3116,21,10,309.3
2025-09-22,3116,21,10,124.6
2025-09-22,3117,21,10,359.3
2025-09-29,3118,21,10,194.9
2025-10-06,3119,21,10,263.4
2025-10-13,3120,21,10,229.2
2025-10-20,3121,21,10,79.3
2025-11-03,3122,21,10,203.3
2025-11-03,3123,21,10,490.1
2025-11-17,3124,21,10,291.0
2025-11-17,3125,21,10,220.1
2025-11-24,3126,21,10,388.7
2025-12-01,3127,21,10,431.1
2025-12-08,3128,21,10,193.8
2025-12-15,3129,21,10,366.8
2025-12-22,3130,21,10,144.0
2025-12-29,3131,21,10,136.0
2026-01-05,3132,21,10,73.1
2026-01-12,3132,21,10,0.0
2026-01-12,3133,21,10,83.2
2026-01-19,3133,21,10,25.4
2026-01-19,3134,21,10,128.2
2026-01-26,3135,21,10,469.4
2026-02-02,3136,21,10,328.7
2026-02-09,3137,21,10,227.6
2026-02-16,3137,21,10,0.0
2026-02-16,3138,21,10,335.0
2026-02-23,3138,21,10,28.1
2026-02-23,3139,21,10,331.8
2026-03-02,3140,21,10,142.9
2026-03-09,3141,21,10,387.0
2026-03-16,3142,21,10,392.1
2026-03-23,3143,21,10,187.3
2026-03-30,3144,21,10,403.8
2026-04-06,3144,21,10,145.5
2026-04-06,3145,21,10,293.4
2026-04-13,3145,21,10,0.0
2026-04-13,3146,21,10,463.7
2026-04-20,3146,21,10,246.4
2026-04-20,3147,21,10,293.6
2026-05-04,3148,21,10,503.1
2026-05-04,3149,21,10,511.2
2026-05-11,3150,21,10,125.4
2026-05-18,3151,21,10,107.4
2026-05-25,3152,21,10,278.1
2026-06-01,3153,21,10,217.4
2026-06-08,3154,21,10,55.4
2026-06-22,3155,21,10,551.0
2026-06-22,3156,21,10,435.7
2026-06-29,3157,21,10,269.9
2024-07-08,3159,22,1,49.5
2024-07-15,3159,22,1,13.9
2024-07-15,3160,22,3,250.8
2024-07-22,3160,22,3,0.0
2024-07-29,3161,22,1,585.8
2024-08-12,3162,22,1,242.1
2024-08-19,3163,22,1,195.9
2024-08-19,3164,22,1,426.8
2024-08-26,3164,22,1,126.7
2024-09-02,3165,22,3,254.7
2024-09-09,3165,22,3,34.4
2024-09-16,3166,22,3,543.9
2024-09-23,3167,22,1,489.4
2024-09-30,3167,22,1,251.8
2024-09-30,3168,22,1,142.4
2024-10-14,3169,22,3,344.1
2024-10-21,3170,22,1,465.3
2024-10-28,3171,22,3,420.6
2024-11-04,3172,22,3,60.3
2024-11-11,3172,22,3,12.6
2024-11-11,3173,22,1,168.1
2024-11-18,3173,22,1,0.0
2024-11-18,3174,22,1,71.6
2024-11-25,3174,22,1,23.2
2024-11-25,3175,22,3,295.1
2024-12-02,3175,22,3,91.1
2024-12-09,3176,22,1,111.0
2024-12-16,3176,22,1,15.9
2024-12-23,3177,22,3,359.2
2024-12-30,3177,22,3,227.3
2024-12-30,3178,22,1,411.5
2025-01-06,3179,22,1,265.4
2025-01-13,3180,22,1,50.9
2025-01-20,3180,22,1,0.0
2025-01-27,3181,22,3,367.2
2025-02-03,3181,22,3,42.3
2025-02-10,3182,22,3,179.7
2025-02-10,3183,22,3,71.9
2025-02-17,3183,22,3,47.8
2025-02-24,3184,22,3,237.4
2025-03-03,3185,22,3,457.1
2025-03-17,3186,22,3,66.3
2025-03-17,3187,22,1,170.7
2025-03-24,3187,22,1,8.4
2025-03-24,3188,22,1,153.5
2025-03-31,3188,22,1,60.0
2025-04-07,3189,22,1,186.8
2025-04-14,3189,22,1,104.5
2025-04-14,3190,22,3,447.8
2025-04-21,3190,22,3,95.6
2025-04-28,3191,22,1,417.2
2025-05-05,3191,22,1,112.4
2025-05-05,3192,22,3,401.7
2025-05-12,3193,22,1,286.5
2025-05-19,3194,22,1,202.2
2025-05-26,3194,22,1,0.0
2025-06-02,3195,22,1,243.6
2025-06-09,3196,22,1,123.2
2025-06-16,3196,22,1,63.4
2025-06-23,3197,22,1,372.5
2025-06-23,3198,22,3,78.1
2025-06-30,3198,22,3,32.2
2025-06-30,3199,22,1,377.5
2025-07-07,3199,22,1,0.0
2025-07-14,3200,22,3,160.8
2025-07-21,3200,22,3,84.6
2025-07-21,3201,22,1,557.9
2025-08-04,3202,22,3,81.6
2025-08-04,3203,22,1,60.7
2025-08-11,3203,22,1,36.4
2025-08-18,3204,22,3,271.3
2025-08-25,3204,22,3,141.7
2025-09-01,3205,22,3,148.4
2025-09-08,3206,22,1,398.1
2025-09-15,3206,22,1,93.2
2025-09-15,3207,22,3,108.2
2025-09-22,3207,22,3,0.0
2025-09-29,3208,22,1,446.2
2025-10-06,3209,22,1,416.4
2025-10-13,3210,22,3,133.5
2025-10-20,3210,22,3,9.0
2025-10-20,3211,22,1,306.0
2025-10-27,3211,22,1,0.0
2025-10-27,3212,22,1,479.1
2025-11-03,3212,22,1,245.2
2025-11-10,3213,22,1,85.4
2025-11-17,3214,22,1,141.1
2025-11-24,3214,22,1,87.2
2025-11-24,3215,22,1,112.4
2025-12-01,3215,22,1,0.0
2025-12-01,3216,22,3,41.3
2025-12-08,3216,22,3,9.5
2025-12-08,3217,22,1,266.3
2025-12-15,3217,22,1,153.7
2025-12-22,3218,22,3,643.0
2026-01-05,3219,22,1,104.0
2026-01-05,3220,22,1,121.4
2026-01-12,3220,22,1,65.9
2026-01-19,3221,22,3,178.0
2026-01-26,3221,22,3,17.0
2026-01-26,3222,22,1,61.5
2026-02-02,3222,22,1,0.0
2026-02-09,3223,22,1,201.9
2026-02-16,3224,22,3,399.0
2026-02-23,3224,22,3,200.0
2026-02-23,3225,22,1,328.6
2026-03-02,3225,22,1,183.3
2026-03-09,3226,22,3,109.7
2026-03-16,3227,22,1,418.5
2026-03-23,3228,22,3,197.2
2026-04-06,3229,22,1,488.3
2026-04-13,3230,22,3,380.0
2026-04-20,3231,22,3,458.2
2026-04-27,3231,22,3,265.3
2026-04-27,3232,22,3,361.0
2026-05-04,3232,22,3,191.1
2026-05-04,3233,22,3,144.3
2026-05-11,3233,22,3,22.5
2026-05-18,3234,22,1,308.7
2026-05-25,3235,22,3,89.0
2026-06-01,3235,22,3,51.9
2026-06-01,3236,22,3,279.6
2026-06-15,3237,22,1,186.1
2026-06-22,3237,22,1,113.1
2026-06-22,3238,22,1,275.2
2024-07-08,3240,22,4,281.3
2024-07-22,3241,22,4,561.5
2024-07-29,3242,22,4,285.6
2024-08-05,3243,22,4,351.3
2024-08-12,3243,22,4,75.6
2024-08-12,3244,22,4,467.4
2024-08-26,3245,22,4,412.3
2024-09-02,3245,22,4,39.7
2024-09-02,3246,22,4,186.9
2024-09-09,3247,22,4,51.1
2024-09-16,3248,22,4,141.0
2024-09-23,3248,22,4,69.9
2024-09-30,3249,22,4,123.2
2024-10-07,3249,22,4,33.4
2024-10-07,3250,22,4,55.9
2024-10-14,3250,22,4,9.8
2024-10-21,3251,22,4,368.3
2024-10-28,3252,22,4,481.4
2024-11-04,3252,22,4,155.8
2024-10-28,3253,22,4,413.3
2024-11-04,3253,22,4,188.7
2024-11-11,3254,22,4,146.0
2024-11-18,3255,22,4,599.4
2024-11-25,3255,22,4,307.8
2024-12-02,3256,22,4,94.7
2024-12-09,3257,22,4,477.9
2024-12-16,3258,22,4,242.8
2024-12-23,3258,22,4,85.6
2024-12-30,3259,22,4,230.6
2025-01-06,3259,22,4,102.2
2025-01-06,3260,22,4,113.1
2025-01-13,3261,22,4,287.9
2025-01-20,3261,22,4,136.8
2025-01-27,3262,22,4,249.7
2025-02-03,3262,22,4,0.0
2025-02-03,3263,22,4,349.0
2025-02-10,3264,22,4,375.6
2025-02-17,3265,22,4,314.7
2025-02-24,3265,22,4,36.4
2025-03-03,3266,22,4,241.5
2025-03-10,3266,22,4,45.9
2025-03-10,3267,22,4,628.1
2025-03-17,3267,22,4,357.2
2025-03-17,3268,22,4,108.1
2025-03-31,3269,22,4,119.2
2025-04-07,3270,22,4,105.5
2025-04-14,3270,22,4,0.0
2025-04-21,3271,22,4,478.6
2025-04-28,3272,22,4,239.5
2025-05-05,3273,22,4,354.6
2025-05-19,3274,22,4,260.1
2025-05-19,3275,22,4,284.7
2025-05-26,3275,22,4,100.3
2025-06-02,3276,22,4,160.7
2025-06-09,3276,22,4,80.3
2025-06-09,3277,22,4,298.9
2025-06-16,3277,22,4,166.8
2025-06-16,3278,22,4,194.6
2025-06-23,3278,22,4,109.2
2025-06-30,3279,22,4,334.9
2025-07-07,3279,22,4,95.9
2025-07-07,3280,22,4,392.6
2025-07-14,3280,22,4,0.0
2025-07-14,3281,22,4,143.2
2025-07-28,3282,22,4,482.9
2025-08-04,3283,22,4,395.5
2025-08-11,3284,22,4,530.1
2025-08-18,3284,22,4,256.2
2025-08-18,3285,22,4,283.1
2025-09-01,3286,22,4,260.4
2025-09-01,3287,22,4,197.6
2025-09-08,3287,22,4,0.0
2025-09-15,3288,22,4,38.1
2025-09-22,3288,22,4,0.0
2025-09-22,3289,22,4,399.2
2025-09-29,3289,22,4,60.4
2025-09-29,3290,22,4,177.7
2025-10-06,3290,22,4,87.3
2025-10-06,3291,22,4,264.1
2025-10-13,3291,22,4,0.0
2025-10-20,3292,22,4,51.4
2025-10-27,3293,22,4,468.8
2025-11-03,3293,22,4,124.6
2025-11-10,3294,22,4,385.4
2025-11-17,3294,22,4,43.8
2025-11-17,3295,22,4,359.7
2025-11-24,3295,22,4,0.0
2025-11-24,3296,22,4,237.6
2025-12-01,3296,22,4,25.3
2025-12-01,3297,22,4,486.9
2025-12-08,3297,22,4,83.9
2025-12-08,3298,22,4,350.6
2025-12-15,3298,22,4,61.1
2025-12-22,3299,22,4,125.3
2025-12-29,3299,22,4,19.5
2026-01-05,3300,22,4,360.2
2026-01-12,3301,22,4,443.6
2026-01-19,3302,22,4,271.9
2026-02-02,3303,22,4,501.1
2026-02-09,3304,22,4,539.6
2026-02-16,3305,22,4,266.6
2026-03-02,3306,22,4,229.8
2026-03-09,3307,22,4,434.1
2026-03-16,3308,22,4,447.8
2026-03-23,3308,22,4,61.5
2026-03-23,3309,22,4,92.1
2026-03-30,3310,22,4,493.8
2026-04-13,3311,22,4,94.7
2026-04-20,3312,22,4,140.7
2026-04-27,3312,22,4,0.0
2026-04-27,3313,22,4,145.4
2026-05-04,3313,22,4,65.7
2026-05-11,3314,22,4,276.1
2026-05-11,3315,22,4,159.1
2026-05-18,3315,22,4,34.2
2026-05-25,3316,22,4,532.8
2026-06-01,3316,22,4,269.5
2026-06-08,3317,22,4,464.9
2026-06-15,3318,22,4,76.9
2026-06-15,3319,22,4,132.8
2026-06-22,3319,22,4,0.0
2026-06-29,3320,22,4,553.2
2024-07-15,3321,22,5,235.7
2024-07-22,3322,22,5,452.7
2024-07-29,3323,22,5,269.6
2024-08-05,3324,22,5,534.1
2024-08-12,3324,22,5,210.1
2024-08-12,3325,22,5,400.4
2024-08-19,3325,22,5,228.8
2024-08-19,3326,22,5,105.0
2024-08-26,3326,22,5,0.0
2024-09-09,3327,22,5,123.3
2024-09-09,3328,22,5,239.7
2024-09-16,3328,22,5,94.3
2024-09-16,3329,22,5,257.8
2024-09-23,3329,22,5,135.7
2024-09-23,3330,22,5,398.2
2024-09-30,3330,22,5,0.0
2024-10-14,3331,22,5,341.4
2024-10-21,3332,22,5,387.1
2024-10-21,3333,22,5,177.6
2024-10-28,3333,22,5,89.3
2024-11-04,3334,22,5,386.4
2024-11-11,3334,22,5,109.8
2024-11-11,3335,22,5,407.2
2024-11-25,3336,22,5,316.6
2024-12-02,3336,22,5,203.2
2024-12-02,3337,22,5,330.7
2024-12-09,3338,22,5,587.1
2024-12-23,3339,22,5,95.3
2024-12-30,3340,22,5,214.9
2025-01-06,3340,22,5,46.7
2025-01-06,3341,22,5,296.4
2025-01-13,3342,22,5,39.2
2025-01-20,3343,22,5,372.4
2025-01-27,3343,22,5,0.0
2025-01-27,3344,22,5,269.6
2025-02-03,3344,22,5,138.1
2025-02-10,3345,22,5,435.5
2025-02-24,3346,22,5,30.4
2025-03-03,3347,22,5,135.0
2025-03-10,3347,22,5,55.9
2025-03-17,3348,22,5,352.9
2025-03-24,3349,22,5,427.2
2025-03-31,3350,22,5,323.0
2025-04-07,3351,22,5,385.7
2025-04-21,3352,22,5,250.2
2025-04-28,3353,22,5,322.8
2025-05-05,3354,22,5,200.3
2025-05-12,3354,22,5,91.7
2025-05-12,3355,22,5,521.9
2025-05-19,3355,22,5,188.8
2025-05-19,3356,22,5,210.6
2025-05-26,3356,22,5,131.1
2025-05-26,3357,22,5,648.3
2025-06-02,3357,22,5,422.6
2025-06-09,3358,22,5,158.2
2025-06-16,3359,22,5,256.8
2025-06-23,3359,22,5,0.0
2025-06-30,3360,22,5,192.7
2025-06-30,3361,22,5,606.9
2025-07-07,3361,22,5,401.8
2025-07-14,3362,22,5,117.2
2025-07-28,3363,22,5,56.2
2025-08-04,3364,22,5,134.4
2025-08-11,3365,22,5,341.9
2025-08-18,3366,22,5,324.6
2025-08-25,3366,22,5,0.0
2025-08-25,3367,22,5,384.6
2025-09-01,3367,22,5,239.3
2025-09-08,3368,22,5,333.8
2025-09-15,3369,22,5,415.9
2025-09-22,3369,22,5,154.7
2025-09-22,3370,22,5,202.3
2025-09-29,3370,22,5,38.6
2025-10-06,3371,22,5,148.3
2025-10-13,3372,22,5,418.3
2025-10-20,3372,22,5,48.5
2025-10-20,3373,22,5,227.4
2025-10-27,3373,22,5,69.8
2025-11-03,3374,22,5,218.7
2025-11-10,3375,22,5,116.3
2025-11-17,3375,22,5,68.7
2025-11-10,3376,22,5,381.1
2025-11-17,3376,22,5,40.2
2025-12-01,3377,22,5,256.1
2025-12-08,3378,22,5,67.1
2025-12-15,3378,22,5,19.3
2025-12-15,3379,22,5,532.9
2025-12-22,3379,22,5,233.8
2025-12-29,3380,22,5,376.1
2026-01-05,3381,22,5,378.0
2026-01-12,3381,22,5,198.0
2026-01-12,3382,22,5,286.8
2026-01-19,3383,22,5,548.5
2026-01-26,3383,22,5,361.0
2026-02-02,3384,22,5,212.4
2026-02-02,3385,22,5,139.1
2026-02-09,3385,22,5,73.1
2026-02-16,3386,22,5,197.4
2026-02-23,3387,22,5,340.3
2026-03-02,3387,22,5,169.5
2026-03-09,3388,22,5,58.7
2026-03-16,3389,22,5,165.3
2026-03-23,3390,22,5,252.9
2026-03-30,3391,22,5,394.2
2026-04-06,3391,22,5,23.3
2026-04-13,3392,22,5,395.2
2026-04-20,3393,22,5,310.5
2026-04-27,3393,22,5,0.0
2026-04-27,3394,22,5,113.9
2026-05-04,3394,22,5,36.8
2026-05-04,3395,22,5,299.3
2026-05-11,3395,22,5,34.5
2026-05-18,3396,22,5,75.0
2026-05-25,3396,22,5,35.0
2026-05-25,3397,22,5,64.7
2026-06-01,3398,22,5,64.8
2026-06-08,3399,22,5,436.1
2026-06-15,3399,22,5,210.2
2026-06-22,3400,22,5,597.8
2026-06-29,3401,22,5,313.8
2024-07-08,3402,22,7,187.8
2024-07-15,3403,22,7,214.5
2024-07-22,3403,22,7,75.9
2024-07-22,3404,22,7,113.0
2024-07-29,3404,22,7,57.0
2024-08-12,3405,22,7,253.1
2024-08-12,3406,22,9,225.5
2024-08-19,3406,22,9,146.9
2024-08-19,3407,22,9,386.2
2024-08-26,3407,22,9,0.0
2024-09-02,3408,22,7,506.2
2024-09-09,3408,22,7,271.4
2024-09-16,3409,22,7,300.4
2024-09-23,3410,22,9,144.3
2024-09-30,3410,22,9,77.7
2024-09-23,3411,22,9,233.5
2024-09-30,3411,22,9,67.9
2024-10-07,3412,22,9,171.5
2024-10-14,3412,22,9,12.0
2024-10-14,3413,22,7,442.1
2024-10-21,3413,22,7,165.1
2024-10-28,3414,22,7,491.8
2024-11-04,3415,22,9,341.3
2024-11-11,3415,22,9,203.7
2024-11-18,3416,22,7,134.0
2024-11-25,3417,22,9,360.9
2024-12-02,3417,22,9,0.0
2024-11-25,3418,22,9,111.2
2024-12-02,3418,22,9,42.4
2024-12-09,3419,22,7,413.1
2024-12-16,3419,22,7,25.3
2024-12-23,3420,22,9,85.0
2024-12-30,3421,22,7,381.4
2025-01-06,3421,22,7,63.7
2025-01-06,3422,22,9,213.4
2025-01-13,3423,22,7,309.0
2025-01-20,3423,22,7,181.1
2025-01-20,3424,22,9,494.8
2025-01-27,3424,22,9,147.6
2025-02-03,3425,22,9,310.7
2025-02-10,3426,22,9,141.2
2025-02-17,3427,22,9,458.5
2025-03-03,3428,22,9,485.5
2025-03-10,3428,22,9,101.0
2025-03-03,3429,22,9,132.0
2025-03-10,3429,22,9,0.0
2025-03-24,3430,22,9,280.1
2025-03-24,3431,22,9,80.0
2025-03-31,3431,22,9,17.0
2025-03-31,3432,22,9,337.0
2025-04-07,3432,22,9,192.0
2025-04-21,3433,22,7,111.4
2025-04-28,3434,22,7,518.2
2025-05-05,3435,22,9,341.9
2025-05-12,3435,22,9,60.8
2025-05-12,3436,22,7,345.5
2025-05-26,3437,22,7,195.8
2025-06-02,3438,22,7,428.9
2025-06-09,3438,22,7,81.8
2025-06-09,3439,22,7,251.1
2025-06-16,3440,22,7,143.0
2025-06-23,3440,22,7,0.0
2025-06-30,3441,22,9,156.2
2025-07-07,3442,22,7,203.4
2025-07-14,3443,22,7,258.8
2025-07-21,3443,22,7,171.6
2025-07-21,3444,22,9,321.0
2025-07-28,3444,22,9,153.9
2025-07-28,3445,22,9,563.0
2025-08-04,3445,22,9,236.1
2025-08-11,3446,22,7,381.5
2025-08-18,3446,22,7,0.0
2025-08-18,3447,22,7,244.5
2025-09-01,3448,22,9,334.7
2025-09-08,3448,22,9,189.3
2025-09-08,3449,22,9,76.8
2025-09-15,3450,22,7,32.5
2025-09-29,3451,22,7,435.6
2025-10-06,3452,22,9,238.1
2025-10-13,3453,22,9,403.0
2025-10-20,3453,22,9,248.0
2025-10-20,3454,22,9,349.3
2025-11-03,3455,22,9,362.1
2025-11-03,3456,22,9,384.7
2025-11-10,3456,22,9,231.4
2025-11-10,3457,22,7,331.3
2025-11-17,3457,22,7,0.0
2025-11-24,3458,22,7,121.9
2025-12-01,3458,22,7,56.9
2025-12-08,3459,22,9,478.6
2025-12-15,3460,22,9,254.7
2025-12-22,3461,22,7,441.9
2026-01-05,3462,22,9,300.1
2026-01-12,3463,22,9,283.7
2026-01-19,3464,22,9,423.8
2026-01-26,3464,22,9,193.5
2026-01-26,3465,22,7,82.4
2026-02-09,3466,22,9,119.6
2026-02-16,3467,22,9,380.5
2026-02-23,3468,22,7,575.0
2026-03-02,3468,22,7,305.0
2026-03-02,3469,22,9,320.7
2026-03-09,3469,22,9,164.3
2026-03-16,3470,22,7,90.3
2026-03-23,3470,22,7,0.0
2026-03-23,3471,22,9,147.2
2026-03-30,3471,22,9,66.4
2026-03-30,3472,22,7,399.5
2026-04-06,3472,22,7,257.0
2026-04-06,3473,22,7,414.3
2026-04-13,3473,22,7,65.5
2026-04-13,3474,22,7,136.9
2026-04-20,3474,22,7,47.8
2026-04-27,3475,22,9,288.6
2026-05-04,3475,22,9,123.1
2026-05-04,3476,22,9,128.6
2026-05-11,3476,22,9,0.0
2026-05-11,3477,22,7,400.3
2026-05-18,3477,22,7,16.5
2026-06-01,3478,22,9,255.8
2026-06-01,3479,22,7,88.7
2026-06-15,3480,22,7,415.3
2026-06-22,3481,22,7,114.4
2026-06-29,3482,22,7,113.3
2024-07-08,3483,22,10,272.9
2024-07-22,3484,22,10,220.5
2024-07-29,3484,22,10,68.0
2024-07-22,3485,22,10,260.3
2024-07-29,3485,22,10,109.5
2024-08-05,3486,22,10,64.2
2024-08-12,3486,22,10,8.4
2024-08-12,3487,22,10,506.9
2024-08-19,3487,22,10,321.7
2024-08-19,3488,22,10,91.9
2024-08-26,3488,22,10,7.9
2024-09-09,3489,22,10,366.6
2024-09-09,3490,22,10,125.0
2024-09-16,3490,22,10,20.9
2024-09-23,3491,22,10,283.6
2024-09-30,3492,22,10,334.0
2024-10-14,3493,22,10,137.7
2024-10-21,3494,22,10,417.9
2024-10-28,3495,22,10,521.1
2024-11-04,3495,22,10,341.3
2024-10-28,3496,22,10,34.4
2024-11-04,3496,22,10,0.0
2024-11-18,3497,22,10,236.5
2024-11-25,3498,22,10,356.7
2024-11-25,3499,22,10,253.9
2024-12-02,3499,22,10,0.0
2024-12-09,3500,22,10,295.8
2024-12-23,3501,22,10,341.8
2024-12-23,3502,22,10,403.4
2024-12-30,3502,22,10,206.8
2025-01-06,3503,22,10,490.8
2025-01-13,3504,22,10,468.3
2025-01-27,3505,22,10,163.6
2025-02-03,3506,22,10,457.4
2025-02-10,3507,22,10,74.8
2025-02-17,3508,22,10,385.1
2025-02-24,3509,22,10,589.1
2025-03-03,3509,22,10,340.2
2025-03-10,3510,22,10,148.6
2025-03-17,3510,22,10,76.2
2025-03-24,3511,22,10,84.1
2025-03-24,3512,22,10,75.8
2025-03-31,3512,22,10,46.5
2025-04-07,3513,22,10,200.0
2025-04-14,3513,22,10,26.0
2025-04-14,3514,22,10,222.4
2025-04-21,3515,22,10,599.0
2025-04-28,3516,22,10,344.9
2025-05-05,3516,22,10,139.9
2025-05-12,3517,22,10,324.0
2025-05-19,3517,22,10,203.0
2025-05-26,3518,22,10,331.7
2025-05-26,3519,22,10,359.0
2025-06-02,3519,22,10,50.9
2025-06-02,3520,22,10,67.0
2025-06-09,3520,22,10,12.0
2025-06-23,3521,22,10,267.7
2025-06-23,3522,22,10,305.9
2025-06-30,3522,22,10,143.9
2025-07-07,3523,22,10,389.1
2025-07-14,3524,22,10,320.5
2025-07-21,3525,22,10,352.2
2025-07-28,3525,22,10,0.0
2025-07-28,3526,22,10,368.8
2025-08-04,3526,22,10,185.6
2025-08-11,3527,22,10,309.0
2025-08-18,3527,22,10,192.9
2025-08-25,3528,22,10,69.4
2025-08-25,3529,22,10,543.7
2025-09-01,3529,22,10,190.4
2025-09-01,3530,22,10,413.7
2025-09-08,3530,22,10,0.0
2025-09-15,3531,22,10,324.9
2025-09-22,3532,22,10,45.1
2025-09-29,3532,22,10,5.2
2025-10-06,3533,22,10,203.9
2025-10-13,3534,22,10,510.5
2025-10-20,3534,22,10,142.0
2025-10-20,3535,22,10,89.0
2025-10-27,3535,22,10,4.0
2025-11-03,3536,22,10,256.7
2025-11-10,3537,22,10,519.1
2025-11-17,3538,22,10,156.7
2025-11-24,3539,22,10,292.1
2025-12-01,3539,22,10,151.2
2025-12-08,3540,22,10,301.2
2025-12-08,3541,22,10,233.0
2025-12-15,3541,22,10,80.0
2025-12-29,3542,22,10,178.2
2025-12-29,3543,22,10,496.0
2026-01-05,3543,22,10,239.0
2026-01-05,3544,22,10,373.9
2026-01-12,3544,22,10,0.0
2026-01-19,3545,22,10,133.0
2026-02-02,3546,22,10,61.5
2026-02-02,3547,22,10,218.0
2026-02-09,3547,22,10,4.0
2026-02-23,3548,22,10,358.6
2026-03-02,3549,22,10,449.6
2026-03-02,3550,22,10,347.2
2026-03-09,3550,22,10,0.0
2026-03-16,3551,22,10,201.1
2026-03-23,3552,22,10,57.0
2026-03-30,3552,22,10,12.1
2026-03-30,3553,22,10,258.7
2026-04-06,3553,22,10,74.4
2026-04-06,3554,22,10,89.5
2026-04-13,3554,22,10,44.1
2026-04-20,3555,22,10,420.5
2026-04-27,3555,22,10,98.0
2026-04-27,3556,22,10,193.2
2026-05-11,3557,22,10,50.7
2026-05-18,3557,22,10,13.4
2026-05-18,3558,22,10,106.2
2026-05-25,3558,22,10,0.0
2026-05-18,3559,22,10,459.3
2026-05-25,3559,22,10,257.7
2026-06-08,3560,22,10,48.5
2026-06-08,3561,22,10,82.5
2026-06-15,3561,22,10,23.9
2026-06-22,3562,22,10,362.8
2026-06-29,3562,22,10,16.6
2026-06-29,3563,22,10,292.0
2024-08-05,3564,23,10,298.6
2024-08-12,3564,23,10,250.1
2024-08-19,3564,23,10,201.7
2024-08-26,3564,23,10,153.3
2024-09-02,3564,23,10,104.9
2024-09-09,3564,23,10,56.4
2024-09-16,3564,23,10,8.0
2024-09-23,3564,23,10,0.0
2025-02-10,3565,23,10,776.4
2025-02-17,3565,23,10,629.8
2025-02-24,3565,23,10,483.2
2025-03-03,3565,23,10,336.6
2025-03-10,3565,23,10,189.9
2025-03-17,3565,23,10,43.3
2025-03-24,3565,23,10,0.0
2025-06-30,3566,23,7,1126.7
2025-07-07,3566,23,7,874.5
2025-07-14,3566,23,7,622.2
2025-07-21,3566,23,7,369.9
2025-07-28,3566,23,7,117.6
2025-08-04,3566,23,7,0.0
2025-10-27,3567,23,10,501.8
2025-11-03,3567,23,10,395.7
2025-11-10,3567,23,10,289.5
2025-11-17,3567,23,10,183.4
2025-11-24,3567,23,10,77.2
2025-12-01,3567,23,10,0.0
2025-11-03,3568,23,4,765.1
2025-11-10,3568,23,4,628.1
2025-11-17,3568,23,4,491.2
2025-11-24,3568,23,4,354.3
2025-12-01,3568,23,4,217.4
2025-12-08,3568,23,4,80.4
2025-12-15,3568,23,4,0.0
2026-05-11,3569,23,7,762.2
2026-05-18,3569,23,7,697.4
2026-05-25,3569,23,7,632.6
2026-06-01,3569,23,7,567.8
2026-06-08,3569,23,7,503.0
2026-06-15,3569,23,7,438.2
2026-06-22,3569,23,7,373.5
2026-06-29,3569,23,7,308.7
2024-09-30,3570,24,5,671.1
2024-10-07,3570,24,5,616.2
2024-10-14,3570,24,5,561.3
2024-10-21,3570,24,5,506.4
2024-10-28,3570,24,5,451.5
2024-11-04,3570,24,5,396.6
2024-11-11,3570,24,5,341.7
2024-11-18,3570,24,5,286.8
2024-11-25,3570,24,5,231.9
2024-12-02,3570,24,5,177.0
2024-12-09,3570,24,5,122.1
2024-12-16,3570,24,5,67.2
2024-12-23,3570,24,5,12.3
2024-12-30,3570,24,5,0.0
2024-12-02,3571,24,4,768.6
2024-12-09,3571,24,4,693.2
2024-12-16,3571,24,4,617.8
2024-12-23,3571,24,4,542.5
2024-12-30,3571,24,4,467.1
2025-01-06,3571,24,4,391.7
2025-01-13,3571,24,4,316.3
2025-01-20,3571,24,4,240.9
2025-01-27,3571,24,4,165.5
2025-02-03,3571,24,4,90.1
2025-02-10,3571,24,4,14.8
2025-02-17,3571,24,4,0.0
2025-06-23,3572,24,8,96.8
2025-06-30,3572,24,8,89.6
2025-07-07,3572,24,8,82.4
2025-07-14,3572,24,8,75.2
2025-07-21,3572,24,8,67.9
2025-07-28,3572,24,8,60.7
2025-08-04,3572,24,8,53.5
2025-08-11,3572,24,8,46.3
2025-08-18,3572,24,8,39.1
2025-08-25,3572,24,8,31.9
2025-09-01,3572,24,8,24.7
2025-09-08,3572,24,8,17.5
2025-09-15,3572,24,8,10.3
2025-09-22,3572,24,8,3.1
2025-09-29,3572,24,8,0.0
2025-09-22,3573,24,5,612.0
2025-09-29,3573,24,5,462.9
2025-10-06,3573,24,5,313.9
2025-10-13,3573,24,5,164.9
2025-10-20,3573,24,5,15.9
2025-10-27,3573,24,5,0.0
2026-01-26,3574,24,4,953.9
2026-02-02,3574,24,4,824.9
2026-02-09,3574,24,4,695.8
2026-02-16,3574,24,4,566.7
2026-02-23,3574,24,4,437.6
2026-03-02,3574,24,4,308.6
2026-03-09,3574,24,4,179.5
2026-03-16,3574,24,4,50.4
2026-03-23,3574,24,4,0.0
2026-05-04,3575,24,8,1029.8
2026-05-11,3575,24,8,781.6
2026-05-18,3575,24,8,533.3
2026-05-25,3575,24,8,285.1
2026-06-01,3575,24,8,36.9
2026-06-08,3575,24,8,0.0
2024-07-22,3576,25,3,378.3
2024-07-29,3576,25,3,290.6
2024-08-05,3576,25,3,202.9
2024-08-12,3576,25,3,115.2
2024-08-19,3576,25,3,27.5
2024-08-26,3576,25,3,0.0
2024-09-30,3577,25,1,591.6
2024-10-07,3577,25,1,434.2
2024-10-14,3577,25,1,276.8
2024-10-21,3577,25,1,119.4
2024-10-28,3577,25,1,0.0
2024-12-02,3578,25,3,720.8
2024-12-09,3578,25,3,567.6
2024-12-16,3578,25,3,414.5
2024-12-23,3578,25,3,261.3
2024-12-30,3578,25,3,108.1
2025-01-06,3578,25,3,0.0
2025-01-27,3579,25,3,202.3
2025-02-03,3579,25,3,149.6
2025-02-10,3579,25,3,96.9
2025-02-17,3579,25,3,44.2
2025-02-24,3579,25,3,0.0
2025-04-14,3580,25,3,144.9
2025-04-21,3580,25,3,120.7
2025-04-28,3580,25,3,96.6
2025-05-05,3580,25,3,72.4
2025-05-12,3580,25,3,48.3
2025-05-19,3580,25,3,24.1
2025-05-26,3580,25,3,0.0
2025-05-26,3581,25,3,311.7
2025-06-02,3581,25,3,258.5
2025-06-09,3581,25,3,205.2
2025-06-16,3581,25,3,152.0
2025-06-23,3581,25,3,98.7
2025-06-30,3581,25,3,45.5
2025-07-07,3581,25,3,0.0
2025-08-04,3582,25,1,638.0
2025-08-11,3582,25,1,468.9
2025-08-18,3582,25,1,299.9
2025-08-25,3582,25,1,130.8
2025-09-01,3582,25,1,0.0
2025-10-06,3583,25,3,298.1
2025-10-13,3583,25,3,239.3
2025-10-20,3583,25,3,180.4
2025-10-27,3583,25,3,121.5
2025-11-03,3583,25,3,62.6
2025-11-10,3583,25,3,3.8
2025-11-17,3583,25,3,0.0
2025-11-24,3584,25,1,170.7
2025-12-01,3584,25,1,158.5
2025-12-08,3584,25,1,146.2
2025-12-15,3584,25,1,133.9
2025-12-22,3584,25,1,121.6
2025-12-29,3584,25,1,109.4
2026-01-05,3584,25,1,97.1
2026-01-12,3584,25,1,84.8
2026-01-19,3584,25,1,72.6
2026-01-26,3584,25,1,60.3
2026-02-02,3584,25,1,48.0
2026-02-09,3584,25,1,35.7
2026-02-16,3584,25,1,23.5
2026-02-23,3584,25,1,11.2
2026-03-02,3584,25,1,0.0
2026-02-23,3585,25,3,522.7
2026-03-02,3585,25,3,410.4
2026-03-09,3585,25,3,298.1
2026-03-16,3585,25,3,185.8
2026-03-23,3585,25,3,73.5
2026-03-30,3585,25,3,0.0
2026-04-13,3586,25,1,268.2
2026-04-20,3586,25,1,193.4
2026-04-27,3586,25,1,118.6
2026-05-04,3586,25,1,43.8
2026-05-11,3586,25,1,0.0
2026-05-04,3587,25,3,284.7
2026-05-11,3587,25,3,247.4
2026-05-18,3587,25,3,210.0
2026-05-25,3587,25,3,172.7
2026-06-01,3587,25,3,135.4
2026-06-08,3587,25,3,98.1
2026-06-15,3587,25,3,60.8
2026-06-22,3587,25,3,23.4
2026-06-29,3587,25,3,0.0
2024-07-08,3588,25,4,455.5
2024-07-15,3588,25,4,414.1
2024-07-22,3588,25,4,372.6
2024-07-29,3588,25,4,331.2
2024-08-05,3588,25,4,289.7
2024-08-12,3588,25,4,248.3
2024-08-19,3588,25,4,206.8
2024-08-26,3588,25,4,165.4
2024-09-02,3588,25,4,123.9
2024-09-09,3588,25,4,82.5
2024-09-16,3588,25,4,41.0
2024-09-23,3588,25,4,0.0
2024-10-28,3589,25,4,293.3
2024-11-04,3589,25,4,215.7
2024-11-11,3589,25,4,138.0
2024-11-18,3589,25,4,60.3
2024-11-25,3589,25,4,0.0
2024-12-16,3590,25,4,362.6
2024-12-23,3590,25,4,331.2
2024-12-30,3590,25,4,299.8
2025-01-06,3590,25,4,268.4
2025-01-13,3590,25,4,237.0
2025-01-20,3590,25,4,205.6
2025-01-27,3590,25,4,174.2
2025-02-03,3590,25,4,142.8
2025-02-10,3590,25,4,111.4
2025-02-17,3590,25,4,80.0
2025-02-24,3590,25,4,48.6
2025-03-03,3590,25,4,17.2
2025-03-10,3590,25,4,0.0
2025-03-03,3591,25,4,126.5
2025-03-10,3591,25,4,111.9
2025-03-17,3591,25,4,97.4
2025-03-24,3591,25,4,82.9
2025-03-31,3591,25,4,68.3
2025-04-07,3591,25,4,53.8
2025-04-14,3591,25,4,39.3
2025-04-21,3591,25,4,24.8
2025-04-28,3591,25,4,10.2
2025-05-05,3591,25,4,0.0
2025-04-14,3592,25,4,612.9
2025-04-21,3592,25,4,541.7
2025-04-28,3592,25,4,470.6
2025-05-05,3592,25,4,399.4
2025-05-12,3592,25,4,328.3
2025-05-19,3592,25,4,257.2
2025-05-26,3592,25,4,186.0
2025-06-02,3592,25,4,114.9
2025-06-09,3592,25,4,43.7
2025-06-16,3592,25,4,0.0
2025-06-09,3593,25,4,548.9
2025-06-16,3593,25,4,492.7
2025-06-23,3593,25,4,436.6
2025-06-30,3593,25,4,380.5
2025-07-07,3593,25,4,324.3
2025-07-14,3593,25,4,268.2
2025-07-21,3593,25,4,212.1
2025-07-28,3593,25,4,155.9
2025-08-04,3593,25,4,99.8
2025-08-11,3593,25,4,43.6
2025-08-18,3593,25,4,0.0
2025-07-14,3594,25,4,310.2
2025-07-21,3594,25,4,230.4
2025-07-28,3594,25,4,150.6
2025-08-04,3594,25,4,70.8
2025-08-11,3594,25,4,0.0
2025-09-08,3595,25,4,751.1
2025-09-15,3595,25,4,627.2
2025-09-22,3595,25,4,503.2
2025-09-29,3595,25,4,379.3
2025-10-06,3595,25,4,255.4
2025-10-13,3595,25,4,131.5
2025-10-20,3595,25,4,7.6
2025-10-27,3595,25,4,0.0
2025-12-22,3596,25,4,631.6
2025-12-29,3596,25,4,585.1
2026-01-05,3596,25,4,538.7
2026-01-12,3596,25,4,492.2
2026-01-19,3596,25,4,445.8
2026-01-26,3596,25,4,399.3
2026-02-02,3596,25,4,352.9
2026-02-09,3596,25,4,306.4
2026-02-16,3596,25,4,260.0
2026-02-23,3596,25,4,213.5
2026-03-02,3596,25,4,167.1
2026-03-09,3596,25,4,120.6
2026-03-16,3596,25,4,74.2
2026-03-23,3596,25,4,27.7
2026-01-19,3597,25,4,781.4
2026-01-26,3597,25,4,701.8
2026-02-02,3597,25,4,622.2
2026-02-09,3597,25,4,542.6
2026-02-16,3597,25,4,463.0
2026-02-23,3597,25,4,383.4
2026-03-02,3597,25,4,303.8
2026-03-09,3597,25,4,224.3
2026-03-16,3597,25,4,144.7
2026-03-23,3597,25,4,65.1
2026-03-30,3597,25,4,0.0
2026-04-20,3598,25,4,234.9
2026-04-27,3598,25,4,185.7
2026-05-04,3598,25,4,136.6
2026-05-11,3598,25,4,87.5
2026-05-18,3598,25,4,38.3
2026-05-25,3598,25,4,0.0
2026-06-22,3599,25,4,307.3
2026-06-29,3599,25,4,225.7
2024-07-22,3600,25,5,316.6
2024-07-29,3600,25,5,261.3
2024-08-05,3600,25,5,205.9
2024-08-12,3600,25,5,150.6
2024-08-19,3600,25,5,95.2
2024-08-26,3600,25,5,39.8
2024-09-02,3600,25,5,0.0
2024-09-09,3601,25,5,368.6
2024-09-16,3601,25,5,297.1
2024-09-23,3601,25,5,225.7
2024-09-30,3601,25,5,154.3
2024-10-07,3601,25,5,82.9
2024-10-14,3601,25,5,11.4
2024-10-21,3601,25,5,0.0
2024-12-09,3602,25,5,260.3
2024-12-16,3602,25,5,219.7
2024-12-23,3602,25,5,179.0
2024-12-30,3602,25,5,138.4
2025-01-06,3602,25,5,97.7
2025-01-13,3602,25,5,57.0
2025-01-20,3602,25,5,16.4
2025-01-27,3602,25,5,0.0
2025-01-06,3603,25,5,514.5
2025-01-13,3603,25,5,475.9
2025-01-20,3603,25,5,437.4
2025-01-27,3603,25,5,398.8
2025-02-03,3603,25,5,360.3
2025-02-10,3603,25,5,321.7
2025-02-17,3603,25,5,283.2
2025-02-24,3603,25,5,244.6
2025-03-03,3603,25,5,206.1
2025-03-10,3603,25,5,167.5
2025-03-17,3603,25,5,129.0
2025-03-24,3603,25,5,90.4
2025-03-31,3603,25,5,51.9
2025-04-07,3603,25,5,13.3
2025-04-14,3603,25,5,0.0
2025-03-31,3604,25,5,505.8
2025-04-07,3604,25,5,422.5
2025-04-14,3604,25,5,339.3
2025-04-21,3604,25,5,256.0
2025-04-28,3604,25,5,172.8
2025-05-05,3604,25,5,89.5
2025-05-12,3604,25,5,6.3
2025-05-19,3604,25,5,0.0
2025-05-12,3605,25,5,62.0
2025-05-19,3605,25,5,54.0
2025-05-26,3605,25,5,46.0
2025-06-02,3605,25,5,38.0
2025-06-09,3605,25,5,30.0
2025-06-16,3605,25,5,22.0
2025-06-23,3605,25,5,14.0
2025-06-30,3605,25,5,6.0
2025-07-07,3605,25,5,0.0
2025-07-07,3606,25,5,117.1
2025-07-14,3606,25,5,91.2
2025-07-21,3606,25,5,65.4
2025-07-28,3606,25,5,39.5
2025-08-04,3606,25,5,13.6
2025-08-11,3606,25,5,0.0
2025-09-01,3607,25,5,694.8
2025-09-08,3607,25,5,584.6
2025-09-15,3607,25,5,474.4
2025-09-22,3607,25,5,364.2
2025-09-29,3607,25,5,254.0
2025-10-06,3607,25,5,143.8
2025-10-13,3607,25,5,33.6
2025-10-20,3607,25,5,0.0
2025-12-01,3608,25,5,620.4
2025-12-08,3608,25,5,450.8
2025-12-15,3608,25,5,281.2
2025-12-22,3608,25,5,111.6
2025-12-29,3608,25,5,0.0
2026-02-02,3609,25,5,612.0
2026-02-09,3609,25,5,548.0
2026-02-16,3609,25,5,484.0
2026-02-23,3609,25,5,420.0
2026-03-02,3609,25,5,356.0
2026-03-09,3609,25,5,292.0
2026-03-16,3609,25,5,228.0
2026-03-23,3609,25,5,164.1
2026-03-30,3609,25,5,100.1
2026-04-06,3609,25,5,36.1
2026-04-13,3609,25,5,0.0
2026-03-30,3610,25,5,73.2
2026-04-06,3610,25,5,53.3
2026-04-13,3610,25,5,33.5
2026-04-20,3610,25,5,13.7
2026-04-27,3610,25,5,0.0
2026-05-04,3611,25,5,626.2
2026-05-11,3611,25,5,536.5
2026-05-18,3611,25,5,446.7
2026-05-25,3611,25,5,356.9
2026-06-01,3611,25,5,267.1
2026-06-08,3611,25,5,177.4
2026-06-15,3611,25,5,87.6
2026-06-22,3611,25,5,0.0
2024-07-08,3612,25,9,209.1
2024-07-15,3612,25,9,158.1
2024-07-22,3612,25,9,107.2
2024-07-29,3612,25,9,56.3
2024-08-05,3612,25,9,5.3
2024-08-12,3612,25,9,0.0
2024-10-21,3613,25,7,49.7
2024-10-28,3613,25,7,39.3
2024-11-04,3613,25,7,29.0
2024-11-11,3613,25,7,18.7
2024-11-18,3613,25,7,8.3
2024-11-25,3613,25,7,0.0
2024-12-16,3614,25,7,516.7
2024-12-23,3614,25,7,481.4
2024-12-30,3614,25,7,446.2
2025-01-06,3614,25,7,410.9
2025-01-13,3614,25,7,375.6
2025-01-20,3614,25,7,340.3
2025-01-27,3614,25,7,305.0
2025-02-03,3614,25,7,269.8
2025-02-10,3614,25,7,234.5
2025-02-17,3614,25,7,199.2
2025-02-24,3614,25,7,163.9
2025-03-03,3614,25,7,128.6
2025-03-10,3614,25,7,93.4
2025-03-17,3614,25,7,58.1
2025-03-24,3614,25,7,22.8
2025-02-24,3615,25,9,593.4
2025-03-03,3615,25,9,443.8
2025-03-10,3615,25,9,294.2
2025-03-17,3615,25,9,144.6
2025-03-24,3615,25,9,0.0
2025-04-28,3616,25,9,502.3
2025-05-05,3616,25,9,423.5
2025-05-12,3616,25,9,344.8
2025-05-19,3616,25,9,266.0
2025-05-26,3616,25,9,187.3
2025-06-02,3616,25,9,108.5
2025-06-09,3616,25,9,29.8
2025-06-16,3616,25,9,0.0
2025-05-26,3617,25,9,434.7
2025-06-02,3617,25,9,323.4
2025-06-09,3617,25,9,212.1
2025-06-16,3617,25,9,100.8
2025-06-23,3617,25,9,0.0
2025-08-25,3618,25,7,167.6
2025-09-01,3618,25,7,123.2
2025-09-08,3618,25,7,78.7
2025-09-15,3618,25,7,34.3
2025-09-22,3618,25,7,0.0
2025-09-15,3619,25,7,696.4
2025-09-22,3619,25,7,624.8
2025-09-29,3619,25,7,553.2
2025-10-06,3619,25,7,481.6
2025-10-13,3619,25,7,410.0
2025-10-20,3619,25,7,338.4
2025-10-27,3619,25,7,266.8
2025-11-03,3619,25,7,195.2
2025-11-10,3619,25,7,123.6
2025-11-17,3619,25,7,52.0
2025-11-24,3619,25,7,0.0
2025-12-01,3620,25,7,339.2
2025-12-08,3620,25,7,265.4
2025-12-15,3620,25,7,191.5
2025-12-22,3620,25,7,117.7
2025-12-29,3620,25,7,43.9
2026-01-05,3620,25,7,0.0
2026-01-12,3621,25,9,479.0
2026-01-19,3621,25,9,427.9
2026-01-26,3621,25,9,376.9
2026-02-02,3621,25,9,325.9
2026-02-09,3621,25,9,274.9
2026-02-16,3621,25,9,223.8
2026-02-23,3621,25,9,172.8
2026-03-02,3621,25,9,121.8
2026-03-09,3621,25,9,70.7
2026-03-16,3621,25,9,19.7
2026-03-23,3621,25,9,0.0
2026-03-16,3622,25,7,141.7
2026-03-23,3622,25,7,118.4
2026-03-30,3622,25,7,95.1
2026-04-06,3622,25,7,71.8
2026-04-13,3622,25,7,48.5
2026-04-20,3622,25,7,25.2
2026-04-27,3622,25,7,1.9
2026-05-04,3622,25,7,0.0
2026-06-08,3623,25,9,503.5
2026-06-15,3623,25,9,448.0
2026-06-22,3623,25,9,392.5
2026-06-29,3623,25,9,337.0
2024-07-29,3624,25,10,397.4
2024-08-05,3624,25,10,327.8
2024-08-12,3624,25,10,258.3
2024-08-19,3624,25,10,188.7
2024-08-26,3624,25,10,119.1
2024-09-02,3624,25,10,49.5
2024-09-09,3624,25,10,0.0
2024-10-14,3625,25,10,260.3
2024-10-21,3625,25,10,192.5
2024-10-28,3625,25,10,124.8
2024-11-04,3625,25,10,57.0
2024-11-11,3625,25,10,0.0
2024-12-02,3626,25,10,377.8
2024-12-09,3626,25,10,341.5
2024-12-16,3626,25,10,305.3
2024-12-23,3626,25,10,269.0
2024-12-30,3626,25,10,232.8
2025-01-06,3626,25,10,196.6
2025-01-13,3626,25,10,160.3
2025-01-20,3626,25,10,124.1
2025-01-27,3626,25,10,87.8
2025-02-03,3626,25,10,51.6
2025-02-10,3626,25,10,15.4
2025-02-17,3626,25,10,0.0
2025-02-10,3627,25,10,372.2
2025-02-17,3627,25,10,289.5
2025-02-24,3627,25,10,206.7
2025-03-03,3627,25,10,124.0
2025-03-10,3627,25,10,41.2
2025-03-17,3627,25,10,0.0
2025-04-28,3628,25,10,269.9
2025-05-05,3628,25,10,231.8
2025-05-12,3628,25,10,193.7
2025-05-19,3628,25,10,155.6
2025-05-26,3628,25,10,117.5
2025-06-02,3628,25,10,79.4
2025-06-09,3628,25,10,41.3
2025-06-16,3628,25,10,3.2
2025-06-23,3628,25,10,0.0
2025-06-30,3629,25,10,585.1
2025-07-07,3629,25,10,509.1
2025-07-14,3629,25,10,433.2
2025-07-21,3629,25,10,357.3
2025-07-28,3629,25,10,281.4
2025-08-04,3629,25,10,205.4
2025-08-11,3629,25,10,129.5
2025-08-18,3629,25,10,53.6
2025-08-25,3629,25,10,0.0
2025-07-21,3630,25,10,513.1
2025-07-28,3630,25,10,400.1
2025-08-04,3630,25,10,287.2
2025-08-11,3630,25,10,174.3
2025-08-18,3630,25,10,61.4
2025-08-25,3630,25,10,0.0
2025-10-20,3631,25,10,271.4
2025-10-27,3631,25,10,229.7
2025-11-03,3631,25,10,188.1
2025-11-10,3631,25,10,146.4
2025-11-17,3631,25,10,104.8
2025-11-24,3631,25,10,63.2
2025-12-01,3631,25,10,21.5
2025-12-08,3631,25,10,0.0
2025-12-15,3632,25,10,194.6
2025-12-22,3632,25,10,177.2
2025-12-29,3632,25,10,159.8
2026-01-05,3632,25,10,142.4
2026-01-12,3632,25,10,125.0
2026-01-19,3632,25,10,107.5
2026-01-26,3632,25,10,90.1
2026-02-02,3632,25,10,72.7
2026-02-09,3632,25,10,55.3
2026-02-16,3632,25,10,37.9
2026-02-23,3632,25,10,20.5
2026-03-02,3632,25,10,3.1
2026-03-09,3632,25,10,0.0
2026-02-16,3633,25,10,607.8
2026-02-23,3633,25,10,534.5
2026-03-02,3633,25,10,461.3
2026-03-09,3633,25,10,388.1
2026-03-16,3633,25,10,314.8
2026-03-23,3633,25,10,241.6
2026-03-30,3633,25,10,168.4
2026-04-06,3633,25,10,95.1
2026-04-13,3633,25,10,21.9
2026-04-20,3633,25,10,0.0
2026-04-20,3634,25,10,200.6
2026-04-27,3634,25,10,172.1
2026-05-04,3634,25,10,143.7
2026-05-11,3634,25,10,115.2
2026-05-18,3634,25,10,86.8
2026-05-25,3634,25,10,58.3
2026-06-01,3634,25,10,29.9
2026-06-08,3634,25,10,1.4
2026-06-15,3634,25,10,0.0
2026-06-15,3635,25,10,748.4
2026-06-22,3635,25,10,601.8
2026-06-29,3635,25,10,455.2
2024-09-09,3636,26,4,830.9
2024-09-16,3636,26,4,701.9
2024-09-23,3636,26,4,572.8
2024-09-30,3636,26,4,443.7
2024-10-07,3636,26,4,314.7
2024-10-14,3636,26,4,185.6
2024-10-21,3636,26,4,56.5
2024-10-28,3636,26,4,0.0
2025-01-27,3637,26,4,1099.2
2025-02-03,3637,26,4,880.4
2025-02-10,3637,26,4,661.5
2025-02-17,3637,26,4,442.7
2025-02-24,3637,26,4,223.9
2025-03-03,3637,26,4,5.1
2025-03-10,3637,26,4,0.0
2025-06-09,3638,26,10,365.2
2025-06-16,3638,26,10,268.3
2025-06-23,3638,26,10,171.5
2025-06-30,3638,26,10,74.7
2025-07-07,3638,26,10,0.0
2025-10-27,3639,26,5,352.7
2025-11-03,3639,26,5,297.4
2025-11-10,3639,26,5,242.1
2025-11-17,3639,26,5,186.8
2025-11-24,3639,26,5,131.5
2025-12-01,3639,26,5,76.2
2025-12-08,3639,26,5,20.9
2025-12-15,3639,26,5,0.0
2026-02-16,3640,26,5,1139.6
2026-02-23,3640,26,5,1025.1
2026-03-02,3640,26,5,910.7
2026-03-09,3640,26,5,796.3
2026-03-16,3640,26,5,681.8
2026-03-23,3640,26,5,567.4
2026-03-30,3640,26,5,453.0
2026-04-06,3640,26,5,338.5
2026-04-13,3640,26,5,224.1
2026-04-20,3640,26,5,109.7
2026-04-27,3640,26,5,0.0
2026-03-23,3641,26,10,479.5
2026-03-30,3641,26,10,371.0
2026-04-06,3641,26,10,262.6
2026-04-13,3641,26,10,154.1
2026-04-20,3641,26,10,45.6
2026-04-27,3641,26,10,0.0
2024-11-04,3642,27,7,209.4
2024-11-11,3642,27,7,156.9
2024-11-18,3642,27,7,104.3
2024-11-25,3642,27,7,51.8
2024-12-02,3642,27,7,0.0
2024-12-23,3643,27,7,728.0
2024-12-30,3643,27,7,676.9
2025-01-06,3643,27,7,625.9
2025-01-13,3643,27,7,574.9
2025-01-20,3643,27,7,523.9
2025-01-27,3643,27,7,472.8
2025-02-03,3643,27,7,421.8
2025-02-10,3643,27,7,370.8
2025-02-17,3643,27,7,319.7
2025-02-24,3643,27,7,268.7
2025-03-03,3643,27,7,217.7
2025-03-10,3643,27,7,166.7
2025-03-17,3643,27,7,115.6
2025-03-24,3643,27,7,64.6
2025-03-31,3643,27,7,13.6
2025-04-07,3643,27,7,0.0
2025-06-02,3644,27,5,603.3
2025-06-09,3644,27,5,486.6
2025-06-16,3644,27,5,369.8
2025-06-23,3644,27,5,253.1
2025-06-30,3644,27,5,136.4
2025-07-07,3644,27,5,19.7
2025-07-14,3644,27,5,0.0
2025-08-11,3645,27,5,1161.1
2025-08-18,3645,27,5,1074.3
2025-08-25,3645,27,5,987.4
2025-09-01,3645,27,5,900.6
2025-09-08,3645,27,5,813.7
2025-09-15,3645,27,5,726.9
2025-09-22,3645,27,5,640.0
2025-09-29,3645,27,5,553.2
2025-10-06,3645,27,5,466.3
2025-10-13,3645,27,5,379.5
2025-10-20,3645,27,5,292.6
2025-10-27,3645,27,5,205.8
2025-11-03,3645,27,5,118.9
2025-11-10,3645,27,5,32.1
2025-11-17,3645,27,5,0.0
2026-02-02,3646,27,5,613.0
2026-02-09,3646,27,5,568.9
2026-02-16,3646,27,5,524.9
2026-02-23,3646,27,5,480.9
2026-03-02,3646,27,5,436.8
2026-03-09,3646,27,5,392.8
2026-03-16,3646,27,5,348.8
2026-03-23,3646,27,5,304.7
2026-03-30,3646,27,5,260.7
2026-04-06,3646,27,5,216.7
2026-04-13,3646,27,5,172.6
2026-04-20,3646,27,5,128.6
2026-04-27,3646,27,5,84.6
2026-05-04,3646,27,5,40.5
2026-05-11,3646,27,5,0.0
2026-03-23,3647,27,7,382.0
2026-03-30,3647,27,7,284.0
2026-04-06,3647,27,7,186.0
2026-04-13,3647,27,7,88.0
2026-04-20,3647,27,7,0.0
2024-09-30,3648,28,5,913.5
2024-10-07,3648,28,5,763.1
2024-10-14,3648,28,5,612.6
2024-10-21,3648,28,5,462.1
2024-10-28,3648,28,5,311.6
2024-11-04,3648,28,5,161.2
2024-11-11,3648,28,5,10.7
2024-11-18,3648,28,5,0.0
2024-12-16,3649,28,7,878.3
2024-12-23,3649,28,7,630.7
2024-12-30,3649,28,7,383.0
2025-01-06,3649,28,7,135.4
2025-01-13,3649,28,7,0.0
2025-05-05,3650,28,5,614.8
2025-05-12,3650,28,5,484.6
2025-05-19,3650,28,5,354.4
2025-05-26,3650,28,5,224.2
2025-06-02,3650,28,5,93.9
2025-06-09,3650,28,5,0.0
2025-08-11,3651,28,7,616.2
2025-08-18,3651,28,7,469.4
2025-08-25,3651,28,7,322.6
2025-09-01,3651,28,7,175.8
2025-09-08,3651,28,7,28.9
2025-09-15,3651,28,7,0.0
2025-11-10,3652,28,10,719.2
2025-11-17,3652,28,10,570.3
2025-11-24,3652,28,10,421.5
2025-12-01,3652,28,10,272.6
2025-12-08,3652,28,10,123.8
2025-12-15,3652,28,10,0.0
2026-04-06,3653,28,7,183.1
2026-04-13,3653,28,7,152.2
2026-04-20,3653,28,7,121.2
2026-04-27,3653,28,7,90.3
2026-05-04,3653,28,7,59.4
2026-05-11,3653,28,7,28.5
2026-05-18,3653,28,7,0.0
2024-07-08,3654,29,1,94.7
2024-07-15,3654,29,1,32.3
2024-07-29,3655,29,3,464.1
2024-08-05,3656,29,3,48.6
2024-08-12,3656,29,3,26.2
2024-08-05,3657,29,3,281.6
2024-08-12,3657,29,3,61.2
2024-08-19,3658,29,3,361.0
2024-08-26,3658,29,3,100.0
2024-09-09,3659,29,3,133.2
2024-09-16,3659,29,3,0.0
2024-09-23,3660,29,1,511.2
2024-09-30,3660,29,1,288.3
2024-09-30,3661,29,1,159.5
2024-10-07,3661,29,1,75.9
2024-10-07,3662,29,1,383.6
2024-10-14,3662,29,1,43.2
2024-10-14,3663,29,1,526.1
2024-10-21,3663,29,1,328.1
2024-10-28,3664,29,3,263.8
2024-11-11,3665,29,3,190.9
2024-11-18,3665,29,3,41.7
2024-11-18,3666,29,3,289.6
2024-11-25,3666,29,3,155.1
2024-11-25,3667,29,1,110.7
2024-12-02,3667,29,1,0.0
2024-12-09,3668,29,1,98.9
2024-12-16,3668,29,1,42.9
2024-12-16,3669,29,1,251.2
2024-12-23,3669,29,1,46.4
2024-12-30,3670,29,1,456.5
2025-01-06,3670,29,1,112.0
2025-01-13,3671,29,3,288.2
2025-01-20,3671,29,3,111.4
2025-01-20,3672,29,3,500.8
2025-01-27,3672,29,3,214.5
2025-02-10,3673,29,1,375.8
2025-02-17,3673,29,1,176.7
2025-02-17,3674,29,1,269.7
2025-02-24,3674,29,1,146.3
2025-02-24,3675,29,1,107.3
2025-03-03,3675,29,1,45.6
2025-03-17,3676,29,1,253.8
2025-03-24,3676,29,1,72.6
2025-03-24,3677,29,3,136.4
2025-03-31,3677,29,3,76.8
2025-04-07,3678,29,3,309.5
2025-04-14,3678,29,3,79.0
2025-04-14,3679,29,1,419.8
2025-04-21,3679,29,1,171.5
2025-04-21,3680,29,1,350.9
2025-04-28,3680,29,1,142.9
2025-05-05,3681,29,3,243.3
2025-05-12,3681,29,3,0.0
2025-05-12,3682,29,1,201.2
2025-05-19,3682,29,1,98.5
2025-05-26,3682,29,1,0.0
2025-05-19,3683,29,1,70.8
2025-05-26,3683,29,1,0.6
2025-06-09,3684,29,1,359.0
2025-06-16,3684,29,1,170.1
2025-06-16,3685,29,1,121.1
2025-06-23,3685,29,1,69.2
2025-06-30,3686,29,1,196.9
2025-07-07,3686,29,1,72.7
2025-07-07,3687,29,1,119.2
2025-07-14,3687,29,1,38.4
2025-07-14,3688,29,3,405.4
2025-07-21,3688,29,3,7.8
2025-07-28,3689,29,3,581.5
2025-08-04,3689,29,3,320.9
2025-08-11,3690,29,3,328.2
2025-08-18,3690,29,3,0.0
2025-08-25,3691,29,3,85.5
2025-09-01,3691,29,3,0.0
2025-09-01,3692,29,1,432.1
2025-09-08,3692,29,1,36.1
2025-09-08,3693,29,3,613.1
2025-09-15,3693,29,3,335.2
2025-09-22,3693,29,3,57.3
2025-09-22,3694,29,3,140.4
2025-09-29,3694,29,3,0.0
2025-10-06,3695,29,3,422.0
2025-10-13,3695,29,3,35.0
2025-10-20,3696,29,1,151.0
2025-10-27,3696,29,1,62.9
2025-10-27,3697,29,3,189.8
2025-11-03,3697,29,3,15.6
2025-11-03,3698,29,3,401.8
2025-11-10,3698,29,3,238.7
2025-11-17,3699,29,3,164.9
2025-11-24,3699,29,3,82.9
2025-12-01,3700,29,3,46.8
2025-12-08,3700,29,3,0.0
2025-12-08,3701,29,1,598.4
2025-12-15,3701,29,1,383.8
2025-12-15,3702,29,3,208.1
2025-12-22,3702,29,3,78.2
2025-12-29,3703,29,1,79.4
2026-01-05,3703,29,1,0.0
2026-01-12,3704,29,1,291.2
2026-01-19,3704,29,1,77.3
2026-01-26,3705,29,3,566.9
2026-02-02,3705,29,3,317.8
2026-01-26,3706,29,1,159.7
2026-02-02,3706,29,1,15.3
2026-02-09,3706,29,1,0.0
2026-02-09,3707,29,1,278.7
2026-02-16,3707,29,1,165.5
2026-02-23,3708,29,1,323.4
2026-03-02,3708,29,1,0.0
2026-03-09,3709,29,1,87.1
2026-03-16,3709,29,1,20.1
2026-03-16,3710,29,1,263.1
2026-03-23,3710,29,1,64.2
2026-04-06,3711,29,1,93.9
2026-04-13,3711,29,1,21.8
2026-04-13,3712,29,3,366.6
2026-04-20,3712,29,3,157.2
2026-04-20,3713,29,3,390.6
2026-04-27,3713,29,3,0.0
2026-04-27,3714,29,3,477.5
2026-05-04,3714,29,3,249.0
2026-05-11,3715,29,3,381.9
2026-05-18,3715,29,3,6.8
2026-05-25,3716,29,1,332.8
2026-06-01,3716,29,1,30.6
2026-06-08,3716,29,1,0.0
2026-06-08,3717,29,1,250.8
2026-06-15,3717,29,1,66.5
2026-06-22,3718,29,1,47.2
2026-06-29,3718,29,1,7.4
2026-06-22,3719,29,3,561.4
2026-06-29,3719,29,3,270.7
2024-07-15,3720,29,4,208.3
2024-07-22,3720,29,4,97.6
2024-07-22,3721,29,4,557.3
2024-07-29,3721,29,4,299.6
2024-08-05,3722,29,4,199.1
2024-08-12,3722,29,4,23.2
2024-08-12,3723,29,4,299.4
2024-08-19,3723,29,4,0.0
2024-08-19,3724,29,4,613.2
2024-08-26,3724,29,4,369.4
2024-09-09,3725,29,4,454.6
2024-09-16,3725,29,4,293.2
2024-09-16,3726,29,4,466.9
2024-09-23,3726,29,4,145.8
2024-09-23,3727,29,4,134.2
2024-09-30,3727,29,4,36.4
2024-10-07,3728,29,4,99.1
2024-10-14,3728,29,4,52.1
2024-10-21,3729,29,4,79.3
2024-10-28,3729,29,4,15.7
2024-10-28,3730,29,4,363.3
2024-11-04,3730,29,4,0.0
2024-11-11,3731,29,4,145.5
2024-11-18,3731,29,4,51.1
2024-11-25,3732,29,4,186.9
2024-11-25,3733,29,4,404.0
2024-12-02,3733,29,4,126.0
2024-12-16,3734,29,4,351.9
2024-12-23,3734,29,4,189.8
2024-12-16,3735,29,4,436.8
2024-12-23,3735,29,4,190.6
2024-12-30,3736,29,4,188.3
2025-01-06,3736,29,4,0.0
2025-01-06,3737,29,4,632.5
2025-01-13,3737,29,4,370.1
2025-01-20,3738,29,4,320.9
2025-01-27,3738,29,4,160.8
2025-02-03,3739,29,4,288.3
2025-02-10,3739,29,4,73.6
2025-02-17,3740,29,4,131.0
2025-02-24,3740,29,4,0.0
2025-02-24,3741,29,4,113.1
2025-03-03,3741,29,4,67.2
2025-03-17,3742,29,4,445.4
2025-03-24,3743,29,4,492.9
2025-03-31,3743,29,4,127.7
2025-04-07,3744,29,4,330.3
2025-04-14,3744,29,4,197.7
2025-04-14,3745,29,4,200.7
2025-04-21,3745,29,4,66.4
2025-04-28,3746,29,4,106.9
2025-05-05,3746,29,4,0.0
2025-05-05,3747,29,4,236.5
2025-05-12,3748,29,4,357.3
2025-05-19,3748,29,4,0.0
2025-05-26,3749,29,4,151.6
2025-06-02,3749,29,4,48.2
2025-06-09,3750,29,4,531.8
2025-06-16,3750,29,4,255.6
2025-06-23,3751,29,4,56.6
2025-06-30,3751,29,4,25.1
2025-06-23,3752,29,4,238.8
2025-06-30,3752,29,4,14.6
2025-06-30,3753,29,4,176.3
2025-07-07,3753,29,4,32.6
2025-07-14,3753,29,4,0.0
2025-07-14,3754,29,4,370.3
2025-07-21,3754,29,4,132.6
2025-07-28,3754,29,4,0.0
2025-08-04,3755,29,4,238.9
2025-08-11,3755,29,4,0.0
2025-08-11,3756,29,4,564.1
2025-08-18,3756,29,4,290.2
2025-08-18,3757,29,4,86.1
2025-08-25,3757,29,4,29.3
2025-09-01,3758,29,4,235.5
2025-09-08,3758,29,4,1.9
2025-09-15,3759,29,4,306.5
2025-09-22,3759,29,4,170.0
2025-09-22,3760,29,4,126.3
2025-09-29,3760,29,4,47.5
2025-10-06,3761,29,4,312.0
2025-10-13,3761,29,4,36.0
2025-10-20,3762,29,4,214.2
2025-10-27,3762,29,4,123.3
2025-10-27,3763,29,4,268.2
2025-11-03,3763,29,4,99.5
2025-11-03,3764,29,4,351.8
2025-11-10,3764,29,4,47.7
2025-11-24,3765,29,4,283.7
2025-12-01,3765,29,4,107.4
2025-11-24,3766,29,4,304.0
2025-12-01,3766,29,4,138.1
2025-12-15,3767,29,4,360.5
2025-12-22,3767,29,4,197.1
2025-12-15,3768,29,4,158.4
2025-12-22,3768,29,4,0.0
2026-01-05,3769,29,4,267.9
2026-01-12,3769,29,4,110.8
2026-01-19,3770,29,4,301.9
2026-01-26,3770,29,4,93.7
2026-01-19,3771,29,4,144.5
2026-01-26,3771,29,4,83.9
2026-01-26,3772,29,4,102.9
2026-02-02,3772,29,4,0.0
2026-02-16,3773,29,4,574.6
2026-02-23,3773,29,4,337.2
2026-02-23,3774,29,4,390.8
2026-03-02,3774,29,4,58.5
2026-03-09,3775,29,4,243.2
2026-03-16,3775,29,4,13.5
2026-03-23,3776,29,4,340.7
2026-03-30,3776,29,4,25.4
2026-03-30,3777,29,4,119.0
2026-04-06,3777,29,4,0.0
2026-04-13,3778,29,4,382.7
2026-04-20,3778,29,4,113.4
2026-04-13,3779,29,4,123.2
2026-04-20,3779,29,4,0.4
2026-05-04,3780,29,4,478.1
2026-05-11,3780,29,4,115.1
2026-05-11,3781,29,4,180.6
2026-05-18,3781,29,4,75.1
2026-05-25,3782,29,4,373.7
2026-06-01,3782,29,4,54.5
2026-06-01,3783,29,4,431.6
2026-06-08,3783,29,4,69.1
2026-06-15,3784,29,4,149.3
2026-06-22,3784,29,4,82.7
2026-06-29,3784,29,4,16.0
2026-06-22,3785,29,4,292.2
2026-06-29,3785,29,4,33.3
2024-07-15,3787,29,5,41.5
2024-07-22,3787,29,5,21.1
2024-07-29,3788,29,5,475.5
2024-08-05,3788,29,5,86.9
2024-07-29,3789,29,5,473.5
2024-08-05,3789,29,5,220.0
2024-08-12,3790,29,5,43.2
2024-08-19,3790,29,5,0.0
2024-08-26,3791,29,5,305.7
2024-09-09,3792,29,5,326.8
2024-09-16,3792,29,5,18.5
2024-09-23,3793,29,5,393.0
2024-09-30,3793,29,5,0.0
2024-09-23,3794,29,5,293.2
2024-09-30,3794,29,5,154.4
2024-10-07,3795,29,5,465.0
2024-10-14,3795,29,5,219.9
2024-10-21,3796,29,5,228.6
2024-10-28,3796,29,5,25.1
2024-10-28,3797,29,5,388.9
2024-11-11,3798,29,5,483.5
2024-11-18,3798,29,5,68.1
2024-11-18,3799,29,5,177.6
2024-11-25,3799,29,5,0.0
2024-12-02,3800,29,5,492.8
2024-12-09,3800,29,5,313.6
2024-12-16,3801,29,5,430.3
2024-12-23,3801,29,5,96.6
2024-12-23,3802,29,5,405.1
2024-12-30,3802,29,5,246.2
2024-12-30,3803,29,5,483.8
2025-01-06,3803,29,5,125.6
2025-01-13,3804,29,5,222.7
2025-01-20,3804,29,5,11.4
2025-01-27,3805,29,5,41.1
2025-02-03,3805,29,5,15.3
2025-02-03,3806,29,5,144.3
2025-02-10,3806,29,5,12.5
2025-02-24,3807,29,5,267.6
2025-02-24,3808,29,5,442.5
2025-03-03,3808,29,5,147.0
2025-03-10,3809,29,5,318.7
2025-03-17,3809,29,5,0.3
2025-03-24,3810,29,5,417.1
2025-03-31,3810,29,5,102.2
2025-03-31,3811,29,5,121.3
2025-04-07,3811,29,5,27.7
2025-04-14,3812,29,5,267.0
2025-04-21,3812,29,5,0.0
2025-04-21,3813,29,5,263.3
2025-04-28,3813,29,5,56.6
2025-04-28,3814,29,5,366.8
2025-05-05,3814,29,5,196.5
2025-05-12,3815,29,5,401.3
2025-05-19,3815,29,5,62.5
2025-05-26,3816,29,5,392.5
2025-06-02,3816,29,5,196.1
2025-06-09,3816,29,5,0.0
2025-06-02,3817,29,5,72.1
2025-06-09,3817,29,5,40.2
2025-06-23,3818,29,5,452.2
2025-06-30,3818,29,5,234.3
2025-06-23,3819,29,5,109.8
2025-06-30,3819,29,5,26.7
2025-07-07,3820,29,5,188.0
2025-07-14,3820,29,5,107.1
2025-07-21,3821,29,5,288.7
2025-07-28,3821,29,5,19.5
2025-08-04,3822,29,5,401.3
2025-08-11,3822,29,5,23.7
2025-08-18,3823,29,5,419.5
2025-08-25,3823,29,5,71.0
2025-08-25,3824,29,5,195.8
2025-09-01,3824,29,5,3.6
2025-09-01,3825,29,5,432.9
2025-09-08,3825,29,5,88.8
2025-09-08,3826,29,5,88.5
2025-09-15,3826,29,5,53.9
2025-09-22,3827,29,5,262.2
2025-09-29,3827,29,5,82.4
2025-10-06,3827,29,5,0.0
2025-10-13,3828,29,5,302.9
2025-10-20,3828,29,5,0.0
2025-10-13,3829,29,5,120.6
2025-10-20,3829,29,5,34.3
2025-10-27,3830,29,5,92.1
2025-11-03,3830,29,5,0.0
2025-11-10,3831,29,5,251.4
2025-11-17,3831,29,5,0.0
2025-11-17,3832,29,5,265.7
2025-11-24,3832,29,5,140.4
2025-12-01,3833,29,5,379.5
2025-12-08,3833,29,5,135.0
2025-12-08,3834,29,5,327.1
2025-12-15,3834,29,5,190.2
2025-12-22,3835,29,5,437.9
2025-12-29,3835,29,5,291.7
2025-12-29,3836,29,5,129.0
2026-01-05,3836,29,5,37.0
2026-01-12,3837,29,5,112.4
2026-01-19,3837,29,5,47.8
2026-01-26,3838,29,5,316.3
2026-02-02,3838,29,5,155.5
2026-02-02,3839,29,5,187.4
2026-02-09,3839,29,5,0.0
2026-02-16,3840,29,5,203.4
2026-02-23,3840,29,5,0.0
2026-02-23,3841,29,5,117.3
2026-03-02,3841,29,5,70.6
2026-03-09,3842,29,5,94.8
2026-03-16,3842,29,5,49.5
2026-03-23,3843,29,5,103.7
2026-03-30,3843,29,5,26.4
2026-03-30,3844,29,5,261.1
2026-04-06,3844,29,5,22.1
2026-04-06,3845,29,5,426.2
2026-04-13,3845,29,5,64.5
2026-04-27,3846,29,5,133.3
2026-05-04,3846,29,5,79.6
2026-05-04,3847,29,5,390.2
2026-05-11,3847,29,5,65.4
2026-05-18,3848,29,5,341.8
2026-05-25,3848,29,5,115.7
2026-05-18,3849,29,5,637.4
2026-05-25,3849,29,5,405.8
2026-06-01,3850,29,5,87.9
2026-06-08,3850,29,5,26.7
2026-06-15,3851,29,5,364.6
2026-06-22,3851,29,5,186.3
2026-06-22,3852,29,5,135.0
2026-06-29,3852,29,5,0.0
2024-07-08,3854,29,7,290.3
2024-07-15,3854,29,7,10.7
2024-07-29,3855,29,7,215.1
2024-08-05,3855,29,7,10.1
2024-08-05,3856,29,7,235.1
2024-08-12,3856,29,7,118.3
2024-08-12,3857,29,7,164.5
2024-08-19,3858,29,7,401.2
2024-08-26,3858,29,7,42.5
2024-09-09,3859,29,7,196.4
2024-09-16,3859,29,7,84.8
2024-09-09,3860,29,7,282.2
2024-09-16,3860,29,7,140.4
2024-09-23,3861,29,7,377.0
2024-09-30,3861,29,7,38.0
2024-10-14,3862,29,7,325.8
2024-10-14,3863,29,9,268.9
2024-10-21,3863,29,9,136.8
2024-10-28,3864,29,7,129.7
2024-11-04,3864,29,7,53.3
2024-11-11,3865,29,7,518.5
2024-11-18,3865,29,7,202.1
2024-11-25,3866,29,7,271.8
2024-12-02,3866,29,7,177.6
2024-12-02,3867,29,9,555.8
2024-12-09,3867,29,9,304.7
2024-12-16,3868,29,9,236.0
2024-12-23,3868,29,9,0.0
2024-12-16,3869,29,7,258.0
2024-12-23,3869,29,7,87.9
2024-12-30,3870,29,7,120.6
2025-01-06,3870,29,7,65.1
2025-01-13,3871,29,7,227.1
2025-01-20,3871,29,7,0.0
2025-01-27,3872,29,9,333.5
2025-02-03,3872,29,9,0.0
2025-02-03,3873,29,7,51.9
2025-02-10,3873,29,7,26.7
2025-02-10,3874,29,9,411.9
2025-02-17,3874,29,9,245.8
2025-02-24,3875,29,7,158.7
2025-03-03,3875,29,7,0.0
2025-03-10,3876,29,7,92.4
2025-03-17,3876,29,7,9.7
2025-03-24,3876,29,7,0.0
2025-03-17,3877,29,9,169.5
2025-03-24,3877,29,9,0.0
2025-04-07,3878,29,9,330.1
2025-04-14,3879,29,9,376.0
2025-04-21,3879,29,9,205.1
2025-04-21,3880,29,9,392.9
2025-04-28,3880,29,9,153.9
2025-05-12,3881,29,7,104.8
2025-05-19,3882,29,7,169.3
2025-05-26,3882,29,7,25.6
2025-05-26,3883,29,9,171.5
2025-06-02,3883,29,9,75.0
2025-06-09,3884,29,9,363.7
2025-06-16,3884,29,9,227.3
2025-06-23,3885,29,9,356.0
2025-06-30,3885,29,9,14.1
2025-06-23,3886,29,7,396.8
2025-06-30,3886,29,7,138.5
2025-07-07,3887,29,9,251.3
2025-07-14,3887,29,9,76.7
2025-07-21,3888,29,9,403.2
2025-08-04,3889,29,9,428.8
2025-08-11,3889,29,9,8.7
2025-08-11,3890,29,9,239.3
2025-08-18,3890,29,9,130.7
2025-08-18,3891,29,9,305.8
2025-08-25,3891,29,9,75.6
2025-09-01,3892,29,7,163.1
2025-09-08,3892,29,7,66.2
2025-09-15,3893,29,9,203.0
2025-09-22,3894,29,7,443.3
2025-09-29,3894,29,7,13.5
2025-10-06,3895,29,7,288.2
2025-10-13,3895,29,7,0.0
2025-10-20,3896,29,9,409.3
2025-10-27,3896,29,9,220.6
2025-10-20,3897,29,7,56.5
2025-10-27,3897,29,7,34.0
2025-11-10,3898,29,9,456.2
2025-11-17,3898,29,9,150.5
2025-11-10,3899,29,9,491.3
2025-11-17,3899,29,9,153.5
2025-11-24,3899,29,9,0.0
2025-12-01,3900,29,9,392.4
2025-12-08,3900,29,9,151.8
2025-12-15,3901,29,7,86.7
2025-12-22,3901,29,7,42.3
2025-12-22,3902,29,9,283.3
2025-12-29,3902,29,9,135.6
2025-12-29,3903,29,7,232.6
2026-01-05,3903,29,7,97.2
2026-01-12,3904,29,7,413.0
2026-01-19,3904,29,7,153.0
2026-01-19,3905,29,9,123.6
2026-01-26,3905,29,9,69.3
2026-02-02,3906,29,9,465.1
2026-02-09,3906,29,9,71.2
2026-02-09,3907,29,9,336.4
2026-02-16,3907,29,9,0.0
2026-03-02,3908,29,9,423.3
2026-03-09,3908,29,9,192.7
2026-03-02,3909,29,7,158.7
2026-03-09,3909,29,7,93.5
2026-03-16,3910,29,7,397.0
2026-03-23,3910,29,7,27.9
2026-03-23,3911,29,7,307.7
2026-03-30,3911,29,7,160.3
2026-04-06,3911,29,7,13.0
2026-04-13,3912,29,7,610.6
2026-04-20,3912,29,7,406.2
2026-04-20,3913,29,9,128.2
2026-04-27,3913,29,9,0.0
2026-04-27,3914,29,7,535.8
2026-05-04,3914,29,7,274.7
2026-05-11,3914,29,7,13.5
2026-05-11,3915,29,7,277.6
2026-05-18,3915,29,7,135.1
2026-05-25,3916,29,9,389.2
2026-06-01,3917,29,9,350.3
2026-06-08,3917,29,9,222.6
2026-06-08,3918,29,7,633.1
2026-06-15,3918,29,7,386.1
2026-06-22,3919,29,7,216.7
2026-06-29,3919,29,7,77.4
2026-06-29,3920,29,9,157.7
2024-07-15,3921,29,10,567.1
2024-07-22,3921,29,10,345.3
2024-07-15,3922,29,10,362.6
2024-07-22,3922,29,10,177.2
2024-07-29,3922,29,10,0.0
2024-07-29,3923,29,10,296.5
2024-08-05,3923,29,10,143.1
2024-08-19,3924,29,10,240.4
2024-08-26,3924,29,10,122.8
2024-08-26,3925,29,10,336.5
2024-09-02,3925,29,10,151.0
2024-09-02,3926,29,10,63.9
2024-09-09,3926,29,10,0.0
2024-09-16,3927,29,10,142.8
2024-09-23,3927,29,10,15.6
2024-09-23,3928,29,10,147.8
2024-09-30,3928,29,10,15.6
2024-10-07,3929,29,10,191.4
2024-10-14,3929,29,10,108.8
2024-10-14,3930,29,10,200.4
2024-10-21,3930,29,10,86.8
2024-10-28,3931,29,10,250.8
2024-11-04,3931,29,10,43.7
2024-11-04,3932,29,10,63.3
2024-11-11,3932,29,10,0.0
2024-11-18,3933,29,10,333.9
2024-11-25,3933,29,10,200.8
2024-11-25,3934,29,10,256.9
2024-12-02,3934,29,10,118.8
2024-12-09,3935,29,10,62.3
2024-12-16,3935,29,10,0.0
2024-12-16,3936,29,10,465.9
2024-12-23,3936,29,10,286.8
2025-01-06,3937,29,10,149.0
2025-01-13,3937,29,10,11.0
2025-01-13,3938,29,10,456.7
2025-01-20,3938,29,10,229.4
2025-01-27,3939,29,10,485.9
2025-02-03,3939,29,10,283.8
2025-02-10,3940,29,10,441.6
2025-02-17,3940,29,10,11.3
2025-02-17,3941,29,10,568.2
2025-02-24,3941,29,10,339.4
2025-03-03,3942,29,10,95.0
2025-03-10,3942,29,10,38.9
2025-03-10,3943,29,10,262.6
2025-03-17,3943,29,10,132.2
2025-03-17,3944,29,10,225.1
2025-03-24,3944,29,10,94.2
2025-03-31,3945,29,10,601.7
2025-04-07,3945,29,10,326.4
2025-04-14,3946,29,10,334.3
2025-04-21,3946,29,10,208.6
2025-04-21,3947,29,10,193.2
2025-04-28,3947,29,10,95.4
2025-05-05,3948,29,10,171.1
2025-05-12,3948,29,10,36.2
2025-05-12,3949,29,10,336.1
2025-05-19,3949,29,10,107.3
2025-05-26,3950,29,10,193.5
2025-06-02,3950,29,10,6.0
2025-06-09,3951,29,10,478.7
2025-06-16,3951,29,10,153.5
2025-06-16,3952,29,10,407.1
2025-06-23,3952,29,10,263.3
2025-06-23,3953,29,10,61.4
2025-06-30,3953,29,10,28.8
2025-07-07,3954,29,10,381.4
2025-07-14,3954,29,10,216.9
2025-07-14,3955,29,10,140.5
2025-07-21,3955,29,10,52.9
2025-07-28,3956,29,10,307.7
2025-08-04,3956,29,10,117.3
2025-08-11,3957,29,10,401.4
2025-08-18,3957,29,10,171.8
2025-08-25,3957,29,10,0.0
2025-08-25,3958,29,10,292.5
2025-09-01,3958,29,10,0.0
2025-09-01,3959,29,10,201.1
2025-09-08,3959,29,10,0.0
2025-09-15,3960,29,10,145.8
2025-09-22,3960,29,10,83.6
2025-09-22,3961,29,10,264.5
2025-09-29,3961,29,10,19.0
2025-10-06,3962,29,10,207.8
2025-10-13,3962,29,10,0.0
2025-10-13,3963,29,10,289.9
2025-10-20,3963,29,10,0.0
2025-10-27,3964,29,10,83.2
2025-11-03,3964,29,10,11.3
2025-11-10,3965,29,10,203.3
2025-11-17,3965,29,10,35.6
2025-11-17,3966,29,10,161.1
2025-11-24,3966,29,10,16.1
2025-11-24,3967,29,10,381.7
2025-12-01,3967,29,10,193.4
2025-12-08,3968,29,10,571.2
2025-12-15,3968,29,10,273.4
2025-12-15,3969,29,10,385.9
2025-12-22,3969,29,10,207.9
2025-12-29,3970,29,10,102.2
2026-01-05,3970,29,10,27.4
2026-01-19,3971,29,10,382.1
2026-01-19,3972,29,10,85.3
2026-01-26,3972,29,10,0.7
2026-02-02,3973,29,10,320.5
2026-02-09,3973,29,10,40.0
2026-02-16,3974,29,10,53.9
2026-02-23,3974,29,10,9.8
2026-02-23,3975,29,10,64.1
2026-03-02,3975,29,10,0.0
2026-03-09,3976,29,10,169.4
2026-03-16,3976,29,10,96.8
2026-03-23,3977,29,10,374.5
2026-03-30,3977,29,10,131.9
2026-03-23,3978,29,10,380.2
2026-03-30,3978,29,10,61.3
2026-04-06,3979,29,10,473.7
2026-04-13,3979,29,10,301.4
2026-04-20,3980,29,10,265.4
2026-04-27,3980,29,10,0.0
2026-05-04,3981,29,10,285.9
2026-05-11,3981,29,10,7.8
2026-05-11,3982,29,10,363.4
2026-05-18,3982,29,10,209.9
2026-05-18,3983,29,10,173.8
2026-05-25,3983,29,10,18.7
2026-06-01,3984,29,10,397.5
2026-06-08,3984,29,10,0.0
2026-06-15,3985,29,10,167.5
2026-06-22,3985,29,10,68.9
2026-06-29,3986,29,10,250.6
2024-09-16,3988,30,4,1014.7
2024-09-23,3988,30,4,741.5
2024-09-30,3988,30,4,468.2
2024-10-07,3988,30,4,194.9
2024-10-14,3988,30,4,0.0
2024-12-16,3989,30,4,404.5
2024-12-23,3989,30,4,350.1
2024-12-30,3989,30,4,295.6
2025-01-06,3989,30,4,241.1
2025-01-13,3989,30,4,186.7
2025-01-20,3989,30,4,132.2
2025-01-27,3989,30,4,77.7
2025-02-03,3989,30,4,23.2
2025-02-10,3989,30,4,0.0
2025-04-28,3990,30,8,1054.3
2025-05-05,3990,30,8,940.7
2025-05-12,3990,30,8,827.0
2025-05-19,3990,30,8,713.3
2025-05-26,3990,30,8,599.6
2025-06-02,3990,30,8,486.0
2025-06-09,3990,30,8,372.3
2025-06-16,3990,30,8,258.6
2025-06-23,3990,30,8,144.9
2025-06-30,3990,30,8,31.3
2025-07-07,3990,30,8,0.0
2025-07-07,3991,30,8,134.2
2025-07-14,3991,30,8,120.4
2025-07-21,3991,30,8,106.6
2025-07-28,3991,30,8,92.8
2025-08-04,3991,30,8,79.1
2025-08-11,3991,30,8,65.3
2025-08-18,3991,30,8,51.5
2025-08-25,3991,30,8,37.7
2025-09-01,3991,30,8,23.9
2025-09-08,3991,30,8,10.1
2025-09-15,3991,30,8,0.0
2025-12-22,3992,30,8,473.4
2025-12-29,3992,30,8,434.7
2026-01-05,3992,30,8,396.1
2026-01-12,3992,30,8,357.5
2026-01-19,3992,30,8,318.9
2026-01-26,3992,30,8,280.2
2026-02-02,3992,30,8,241.6
2026-02-09,3992,30,8,203.0
2026-02-16,3992,30,8,164.3
2026-02-23,3992,30,8,125.7
2026-03-02,3992,30,8,87.1
2026-03-09,3992,30,8,48.4
2026-03-16,3992,30,8,9.8
2026-03-23,3992,30,8,0.0
2026-03-30,3993,30,8,759.2
2026-04-06,3993,30,8,709.3
2026-04-13,3993,30,8,659.5
2026-04-20,3993,30,8,609.7
2026-04-27,3993,30,8,559.8
2026-05-04,3993,30,8,510.0
2026-05-11,3993,30,8,460.2
2026-05-18,3993,30,8,410.3
2026-05-25,3993,30,8,360.5
2026-06-01,3993,30,8,310.7
2026-06-08,3993,30,8,260.8
2026-06-15,3993,30,8,211.0
2026-06-22,3993,30,8,161.2
2026-06-29,3993,30,8,111.3
2024-08-19,3994,31,3,298.8
2024-08-26,3994,31,3,260.5
2024-09-02,3994,31,3,222.3
2024-09-09,3994,31,3,184.0
2024-09-16,3994,31,3,145.8
2024-09-23,3994,31,3,107.5
2024-09-30,3994,31,3,69.3
2024-10-07,3994,31,3,31.0
2024-10-14,3994,31,3,0.0
2024-10-21,3995,31,1,479.2
2024-10-28,3995,31,1,359.3
2024-11-04,3995,31,1,239.5
2024-11-11,3995,31,1,119.6
2024-11-18,3995,31,1,0.0
2024-12-02,3996,31,3,126.9
2024-12-09,3996,31,3,94.7
2024-12-16,3996,31,3,62.6
2024-12-23,3996,31,3,30.4
2024-12-30,3996,31,3,0.0
2025-01-27,3997,31,1,712.4
2025-02-03,3997,31,1,640.9
2025-02-10,3997,31,1,569.3
2025-02-17,3997,31,1,497.8
2025-02-24,3997,31,1,426.2
2025-03-03,3997,31,1,354.6
2025-03-10,3997,31,1,283.1
2025-03-17,3997,31,1,211.5
2025-03-24,3997,31,1,140.0
2025-03-31,3997,31,1,68.4
2025-04-07,3997,31,1,0.0
2025-03-10,3998,31,1,657.1
2025-03-17,3998,31,1,607.1
2025-03-24,3998,31,1,557.2
2025-03-31,3998,31,1,507.3
2025-04-07,3998,31,1,457.4
2025-04-14,3998,31,1,407.4
2025-04-21,3998,31,1,357.5
2025-04-28,3998,31,1,307.6
2025-05-05,3998,31,1,257.7
2025-05-12,3998,31,1,207.7
2025-05-19,3998,31,1,157.8
2025-06-16,3999,31,3,107.9
2025-06-23,3999,31,3,78.7
2025-06-30,3999,31,3,49.6
2025-07-07,3999,31,3,20.5
2025-07-14,3999,31,3,0.0
2025-07-21,4000,31,1,618.5
2025-07-28,4000,31,1,548.0
2025-08-04,4000,31,1,477.6
2025-08-11,4000,31,1,407.1
2025-08-18,4000,31,1,336.6
2025-08-25,4000,31,1,266.1
2025-09-01,4000,31,1,195.7
2025-09-08,4000,31,1,125.2
2025-09-15,4000,31,1,54.7
2025-09-22,4000,31,1,0.0
2025-08-25,4001,31,1,159.6
2025-09-01,4001,31,1,148.2
2025-09-08,4001,31,1,136.8
2025-09-15,4001,31,1,125.4
2025-09-22,4001,31,1,114.0
2025-09-29,4001,31,1,102.5
2025-10-06,4001,31,1,91.1
2025-10-13,4001,31,1,79.7
2025-10-20,4001,31,1,68.3
2025-10-27,4001,31,1,56.9
2025-11-03,4001,31,1,45.5
2025-10-20,4002,31,1,515.2
2025-10-27,4002,31,1,434.4
2025-11-03,4002,31,1,353.6
2025-11-10,4002,31,1,272.8
2025-11-17,4002,31,1,192.0
2025-11-24,4002,31,1,111.2
2025-12-01,4002,31,1,30.4
2025-12-08,4002,31,1,0.0
2025-12-22,4003,31,3,616.8
2025-12-29,4003,31,3,505.7
2026-01-05,4003,31,3,394.5
2026-01-12,4003,31,3,283.3
2026-01-19,4003,31,3,172.2
2026-01-26,4003,31,3,61.0
2026-02-02,4003,31,3,0.0
2026-02-02,4004,31,3,522.2
2026-02-09,4004,31,3,458.5
2026-02-16,4004,31,3,394.7
2026-02-23,4004,31,3,330.9
2026-03-02,4004,31,3,267.2
2026-03-09,4004,31,3,203.4
2026-03-16,4004,31,3,139.6
2026-03-23,4004,31,3,75.9
2026-03-30,4004,31,3,12.1
2026-04-06,4004,31,3,0.0
2026-04-06,4005,31,1,466.0
2026-04-13,4005,31,1,411.0
2026-04-20,4005,31,1,356.0
2026-04-27,4005,31,1,300.9
2026-05-04,4005,31,1,245.9
2026-05-11,4005,31,1,190.9
2026-05-18,4005,31,1,135.9
2026-05-25,4005,31,1,80.9
2026-06-01,4005,31,1,25.9
2026-06-08,4005,31,1,0.0
2024-07-29,4006,31,4,154.6
2024-08-05,4006,31,4,118.3
2024-08-12,4006,31,4,81.9
2024-08-19,4006,31,4,45.5
2024-08-26,4006,31,4,9.1
2024-09-02,4006,31,4,0.0
2024-09-02,4007,31,4,416.4
2024-09-09,4007,31,4,308.8
2024-09-16,4007,31,4,201.2
2024-09-23,4007,31,4,93.6
2024-09-30,4007,31,4,0.0
2024-12-23,4008,31,4,205.7
2024-12-30,4008,31,4,182.4
2025-01-06,4008,31,4,159.1
2025-01-13,4008,31,4,135.8
2025-01-20,4008,31,4,112.5
2025-01-27,4008,31,4,89.2
2025-02-03,4008,31,4,65.9
2025-02-10,4008,31,4,42.6
2025-02-17,4008,31,4,19.3
2025-02-24,4008,31,4,0.0
2025-02-10,4009,31,4,553.3
2025-02-17,4009,31,4,469.7
2025-02-24,4009,31,4,386.0
2025-03-03,4009,31,4,302.4
2025-03-10,4009,31,4,218.7
2025-03-17,4009,31,4,135.1
2025-03-24,4009,31,4,51.4
2025-03-31,4009,31,4,0.0
2025-03-31,4010,31,4,451.4
2025-04-07,4010,31,4,398.8
2025-04-14,4010,31,4,346.3
2025-04-21,4010,31,4,293.7
2025-04-28,4010,31,4,241.1
2025-05-05,4010,31,4,188.5
2025-05-12,4010,31,4,136.0
2025-05-19,4010,31,4,83.4
2025-05-26,4010,31,4,30.8
2025-06-02,4010,31,4,0.0
2025-06-09,4011,31,4,176.2
2025-06-16,4011,31,4,156.3
2025-06-23,4011,31,4,136.5
2025-06-30,4011,31,4,116.7
2025-07-07,4011,31,4,96.8
2025-07-14,4011,31,4,77.0
2025-07-21,4011,31,4,57.2
2025-07-28,4011,31,4,37.3
2025-08-04,4011,31,4,17.5
2025-08-11,4011,31,4,0.0
2025-07-28,4012,31,4,604.7
2025-08-04,4012,31,4,508.4
2025-08-11,4012,31,4,412.1
2025-08-18,4012,31,4,315.8
2025-08-25,4012,31,4,219.5
2025-09-01,4012,31,4,123.2
2025-09-08,4012,31,4,26.9
2025-09-15,4012,31,4,0.0
2025-09-15,4013,31,4,84.2
2025-09-22,4013,31,4,76.4
2025-09-29,4013,31,4,68.6
2025-10-06,4013,31,4,60.8
2025-10-13,4013,31,4,53.0
2025-10-20,4013,31,4,45.2
2025-10-27,4013,31,4,37.4
2025-11-03,4013,31,4,29.6
2025-11-10,4013,31,4,21.8
2025-11-17,4013,31,4,13.9
2025-11-24,4013,31,4,6.1
2025-10-27,4014,31,4,538.5
2025-11-03,4014,31,4,500.0
2025-11-10,4014,31,4,461.5
2025-11-17,4014,31,4,423.1
2025-11-24,4014,31,4,384.6
2025-12-01,4014,31,4,346.1
2025-12-08,4014,31,4,307.6
2025-12-15,4014,31,4,269.1
2025-12-22,4014,31,4,230.6
2025-12-29,4014,31,4,192.2
2026-01-05,4014,31,4,153.7
2026-01-12,4015,31,4,524.5
2026-01-19,4015,31,4,462.0
2026-01-26,4015,31,4,399.5
2026-02-02,4015,31,4,337.0
2026-02-09,4015,31,4,274.5
2026-02-16,4015,31,4,212.1
2026-02-23,4015,31,4,149.6
2026-03-02,4015,31,4,87.1
2026-03-09,4015,31,4,24.6
2026-03-16,4015,31,4,0.0
2026-03-02,4016,31,4,363.5
2026-03-09,4016,31,4,336.0
2026-03-16,4016,31,4,308.5
2026-03-23,4016,31,4,281.0
2026-03-30,4016,31,4,253.5
2026-04-06,4016,31,4,226.0
2026-04-13,4016,31,4,198.5
2026-04-20,4016,31,4,171.0
2026-04-27,4016,31,4,143.5
2026-05-04,4016,31,4,116.0
2026-05-11,4016,31,4,88.5
2026-04-13,4017,31,4,282.6
2026-04-20,4017,31,4,258.2
2026-04-27,4017,31,4,233.8
2026-05-04,4017,31,4,209.4
2026-05-11,4017,31,4,185.0
2026-05-18,4017,31,4,160.6
2026-05-25,4017,31,4,136.2
2026-06-01,4017,31,4,111.8
2026-06-08,4017,31,4,87.4
2026-06-15,4017,31,4,63.0
2026-06-22,4017,31,4,38.6
2026-06-22,4018,31,4,447.2
2026-06-29,4018,31,4,381.4
2024-08-26,4019,31,5,90.9
2024-09-02,4019,31,5,84.7
2024-09-09,4019,31,5,78.6
2024-09-16,4019,31,5,72.4
2024-09-23,4019,31,5,66.3
2024-09-30,4019,31,5,60.1
2024-10-07,4019,31,5,54.0
2024-10-14,4019,31,5,47.8
2024-10-21,4019,31,5,41.7
2024-10-28,4019,31,5,35.5
2024-11-04,4019,31,5,29.4
2024-10-28,4020,31,5,369.0
2024-11-04,4020,31,5,344.9
2024-11-11,4020,31,5,320.9
2024-11-18,4020,31,5,296.8
2024-11-25,4020,31,5,272.8
2024-12-02,4020,31,5,248.7
2024-12-09,4020,31,5,224.7
2024-12-16,4020,31,5,200.7
2024-12-23,4020,31,5,176.6
2024-12-30,4020,31,5,152.6
2025-01-06,4020,31,5,128.5
2024-11-11,4021,31,5,290.0
2024-11-18,4021,31,5,246.0
2024-11-25,4021,31,5,202.0
2024-12-02,4021,31,5,158.0
2024-12-09,4021,31,5,114.0
2024-12-16,4021,31,5,70.0
2024-12-23,4021,31,5,26.0
2024-12-30,4021,31,5,0.0
2025-01-13,4022,31,5,274.6
2025-01-20,4022,31,5,249.3
2025-01-27,4022,31,5,223.9
2025-02-03,4022,31,5,198.6
2025-02-10,4022,31,5,173.2
2025-02-17,4022,31,5,147.8
2025-02-24,4022,31,5,122.5
2025-03-03,4022,31,5,97.1
2025-03-10,4022,31,5,71.7
2025-03-17,4022,31,5,46.4
2025-03-24,4022,31,5,21.0
2025-03-24,4023,31,5,436.9
2025-03-31,4023,31,5,335.9
2025-04-07,4023,31,5,234.8
2025-04-14,4023,31,5,133.8
2025-04-21,4023,31,5,32.7
2025-04-28,4023,31,5,0.0
2025-05-12,4024,31,5,89.2
2025-05-19,4024,31,5,83.4
2025-05-26,4024,31,5,77.7
2025-06-02,4024,31,5,71.9
2025-06-09,4024,31,5,66.1
2025-06-16,4024,31,5,60.3
2025-06-23,4024,31,5,54.5
2025-06-30,4024,31,5,48.7
2025-07-07,4024,31,5,43.0
2025-07-14,4024,31,5,37.2
2025-07-21,4024,31,5,31.4
2025-06-16,4025,31,5,649.1
2025-06-23,4025,31,5,538.2
2025-06-30,4025,31,5,427.3
2025-07-07,4025,31,5,316.4
2025-07-14,4025,31,5,205.4
2025-07-21,4025,31,5,94.5
2025-07-28,4025,31,5,0.0
2025-08-18,4026,31,5,523.0
2025-08-25,4026,31,5,403.0
2025-09-01,4026,31,5,283.1
2025-09-08,4026,31,5,163.1
2025-09-15,4026,31,5,43.1
2025-09-22,4026,31,5,0.0
2025-12-01,4027,31,5,401.5
2025-12-08,4027,31,5,337.0
2025-12-15,4027,31,5,272.4
2025-12-22,4027,31,5,207.9
2025-12-29,4027,31,5,143.4
2026-01-05,4027,31,5,78.9
2026-01-12,4027,31,5,14.3
2026-01-19,4027,31,5,0.0
2026-01-12,4028,31,5,334.5
2026-01-19,4028,31,5,300.9
2026-01-26,4028,31,5,267.4
2026-02-02,4028,31,5,233.8
2026-02-09,4028,31,5,200.3
2026-02-16,4028,31,5,166.7
2026-02-23,4028,31,5,133.2
2026-03-02,4028,31,5,99.7
2026-03-09,4028,31,5,66.1
2026-03-16,4028,31,5,32.6
2026-03-16,4029,31,5,654.9
2026-03-23,4029,31,5,533.9
2026-03-30,4029,31,5,412.8
2026-04-06,4029,31,5,291.8
2026-04-13,4029,31,5,170.7
2026-04-20,4029,31,5,49.7
2026-04-27,4029,31,5,0.0
2026-03-30,4030,31,5,480.4
2026-04-06,4030,31,5,375.8
2026-04-13,4030,31,5,271.2
2026-04-20,4030,31,5,166.6
2026-04-27,4030,31,5,62.0
2026-05-04,4030,31,5,0.0
2026-06-22,4031,31,5,254.3
2026-06-29,4031,31,5,219.5
2024-07-29,4032,31,7,536.4
2024-08-05,4032,31,7,434.8
2024-08-12,4032,31,7,333.2
2024-08-19,4032,31,7,231.6
2024-08-26,4032,31,7,129.9
2024-09-02,4032,31,7,28.3
2024-09-09,4032,31,7,0.0
2024-09-30,4033,31,9,142.0
2024-10-07,4033,31,9,123.0
2024-10-14,4033,31,9,104.1
2024-10-21,4033,31,9,85.1
2024-10-28,4033,31,9,66.1
2024-11-04,4033,31,9,47.1
2024-11-11,4033,31,9,28.1
2024-11-18,4033,31,9,9.2
2024-11-25,4033,31,9,0.0
2024-11-11,4034,31,7,644.7
2024-11-18,4034,31,7,544.4
2024-11-25,4034,31,7,444.1
2024-12-02,4034,31,7,343.8
2024-12-09,4034,31,7,243.5
2024-12-16,4034,31,7,143.1
2024-12-23,4034,31,7,42.8
2024-12-30,4034,31,7,0.0
2024-12-30,4035,31,7,495.8
2025-01-06,4035,31,7,419.6
2025-01-13,4035,31,7,343.4
2025-01-20,4035,31,7,267.2
2025-01-27,4035,31,7,191.0
2025-02-03,4035,31,7,114.8
2025-02-10,4035,31,7,38.6
2025-02-17,4035,31,7,0.0
2025-03-24,4036,31,7,591.3
2025-03-31,4036,31,7,513.7
2025-04-07,4036,31,7,436.0
2025-04-14,4036,31,7,358.3
2025-04-21,4036,31,7,280.7
2025-04-28,4036,31,7,203.0
2025-05-05,4036,31,7,125.3
2025-05-12,4036,31,7,47.7
2025-05-19,4036,31,7,0.0
2025-04-21,4037,31,7,758.8
2025-04-28,4037,31,7,668.7
2025-05-05,4037,31,7,578.5
2025-05-12,4037,31,7,488.3
2025-05-19,4037,31,7,398.1
2025-05-26,4037,31,7,308.0
2025-06-02,4037,31,7,217.8
2025-06-09,4037,31,7,127.6
2025-06-16,4037,31,7,37.4
2025-06-23,4037,31,7,0.0
2025-07-28,4038,31,9,654.9
2025-08-04,4038,31,9,597.9
2025-08-11,4038,31,9,540.8
2025-08-18,4038,31,9,483.8
2025-08-25,4038,31,9,426.7
2025-09-01,4038,31,9,369.7
2025-09-08,4038,31,9,312.6
2025-09-15,4038,31,9,255.6
2025-09-22,4038,31,9,198.5
2025-09-29,4038,31,9,141.5
2025-10-06,4038,31,9,84.4
2025-08-25,4039,31,9,508.9
2025-09-01,4039,31,9,464.8
2025-09-08,4039,31,9,420.7
2025-09-15,4039,31,9,376.6
2025-09-22,4039,31,9,332.6
2025-09-29,4039,31,9,288.5
2025-10-06,4039,31,9,244.4
2025-10-13,4039,31,9,200.3
2025-10-20,4039,31,9,156.2
2025-10-27,4039,31,9,112.1
2025-11-24,4040,31,9,517.3
2025-12-01,4040,31,9,393.5
2025-12-08,4040,31,9,269.8
2025-12-15,4040,31,9,146.0
2025-12-22,4040,31,9,22.3
2025-12-29,4040,31,9,0.0
2026-01-26,4041,31,7,609.0
2026-02-02,4041,31,7,483.0
2026-02-09,4041,31,7,357.0
2026-02-16,4041,31,7,231.0
2026-02-23,4041,31,7,105.0
2026-03-02,4041,31,7,0.0
2026-03-23,4042,31,7,141.4
2026-03-30,4042,31,7,117.8
2026-04-06,4042,31,7,94.2
2026-04-13,4042,31,7,70.5
2026-04-20,4042,31,7,46.9
2026-04-27,4042,31,7,23.3
2026-05-04,4042,31,7,0.0
2026-03-30,4043,31,9,667.1
2026-04-06,4043,31,9,532.2
2026-04-13,4043,31,9,397.3
2026-04-20,4043,31,9,262.4
2026-04-27,4043,31,9,127.5
2026-05-04,4043,31,9,0.0
2024-07-29,4044,31,10,109.4
2024-08-05,4044,31,10,84.8
2024-08-12,4044,31,10,60.2
2024-08-19,4044,31,10,35.7
2024-08-26,4044,31,10,11.1
2024-09-02,4044,31,10,0.0
2024-09-30,4045,31,10,132.6
2024-10-07,4045,31,10,122.2
2024-10-14,4045,31,10,111.7
2024-10-21,4045,31,10,101.3
2024-10-28,4045,31,10,90.9
2024-11-04,4045,31,10,80.5
2024-11-11,4045,31,10,70.0
2024-11-18,4045,31,10,59.6
2024-11-25,4045,31,10,49.2
2024-12-02,4045,31,10,38.8
2024-12-09,4045,31,10,28.3
2024-11-04,4046,31,10,499.6
2024-11-11,4046,31,10,411.2
2024-11-18,4046,31,10,322.8
2024-11-25,4046,31,10,234.4
2024-12-02,4046,31,10,146.0
2024-12-09,4046,31,10,57.6
2024-12-16,4046,31,10,0.0
2025-01-13,4047,31,10,213.0
2025-01-20,4047,31,10,193.1
2025-01-27,4047,31,10,173.1
2025-02-03,4047,31,10,153.2
2025-02-10,4047,31,10,133.2
2025-02-17,4047,31,10,113.3
2025-02-24,4047,31,10,93.3
2025-03-03,4047,31,10,73.4
2025-03-10,4047,31,10,53.4
2025-03-17,4047,31,10,33.5
2025-03-24,4047,31,10,13.5
2025-04-14,4048,31,10,318.0
2025-04-21,4048,31,10,267.0
2025-04-28,4048,31,10,216.0
2025-05-05,4048,31,10,165.0
2025-05-12,4048,31,10,114.0
2025-05-19,4048,31,10,63.1
2025-05-26,4048,31,10,12.1
2025-06-02,4048,31,10,0.0
2025-06-09,4049,31,10,779.4
2025-06-16,4049,31,10,680.7
2025-06-23,4049,31,10,582.1
2025-06-30,4049,31,10,483.4
2025-07-07,4049,31,10,384.8
2025-07-14,4049,31,10,286.1
2025-07-21,4049,31,10,187.5
2025-07-28,4049,31,10,88.8
2025-08-04,4049,31,10,0.0
2025-06-16,4050,31,10,697.1
2025-06-23,4050,31,10,524.2
2025-06-30,4050,31,10,351.3
2025-07-07,4050,31,10,178.5
2025-07-14,4050,31,10,5.6
2025-07-21,4050,31,10,0.0
2025-09-29,4051,31,10,273.3
2025-10-06,4051,31,10,227.6
2025-10-13,4051,31,10,182.0
2025-10-20,4051,31,10,136.3
2025-10-27,4051,31,10,90.6
2025-11-03,4051,31,10,44.9
2025-11-10,4051,31,10,0.0
2025-10-27,4052,31,10,133.5
2025-11-03,4052,31,10,100.1
2025-11-10,4052,31,10,66.6
2025-11-17,4052,31,10,33.1
2025-11-24,4052,31,10,0.0
2026-01-19,4053,31,10,716.2
2026-01-26,4053,31,10,548.5
2026-02-02,4053,31,10,380.7
2026-02-09,4053,31,10,213.0
2026-02-16,4053,31,10,45.2
2026-02-23,4053,31,10,0.0
2026-03-23,4054,31,10,547.2
2026-03-30,4054,31,10,506.3
2026-04-06,4054,31,10,465.5
2026-04-13,4054,31,10,424.6
2026-04-20,4054,31,10,383.8
2026-04-27,4054,31,10,342.9
2026-05-04,4054,31,10,302.1
2026-05-11,4054,31,10,261.3
2026-05-18,4054,31,10,220.4
2026-05-25,4054,31,10,179.6
2026-06-01,4054,31,10,138.7
2026-04-13,4055,31,10,361.4
2026-04-20,4055,31,10,288.8
2026-04-27,4055,31,10,216.2
2026-05-04,4055,31,10,143.5
2026-05-11,4055,31,10,70.9
2026-05-18,4055,31,10,0.0
2026-06-15,4056,31,10,585.2
2026-06-22,4056,31,10,496.3
2026-06-29,4056,31,10,407.5
2024-09-23,4057,32,8,325.4
2024-09-30,4057,32,8,300.9
2024-10-07,4057,32,8,276.3
2024-10-14,4057,32,8,251.8
2024-10-21,4057,32,8,227.2
2024-10-28,4057,32,8,202.6
2024-11-04,4057,32,8,178.1
2024-11-11,4057,32,8,153.5
2024-11-18,4057,32,8,128.9
2024-11-25,4057,32,8,104.4
2024-12-02,4057,32,8,79.8
2024-12-09,4057,32,8,55.3
2024-12-16,4057,32,8,30.7
2024-12-23,4057,32,8,6.1
2024-12-30,4057,32,8,0.0
2024-12-09,4058,32,10,998.0
2024-12-16,4058,32,10,776.1
2024-12-23,4058,32,10,554.1
2024-12-30,4058,32,10,332.1
2025-01-06,4058,32,10,110.2
2025-01-13,4058,32,10,0.0
2025-06-09,4059,32,10,961.2
2025-06-16,4059,32,10,830.5
2025-06-23,4059,32,10,699.7
2025-06-30,4059,32,10,568.9
2025-07-07,4059,32,10,438.2
2025-07-14,4059,32,10,307.4
2025-07-21,4059,32,10,176.7
2025-07-28,4059,32,10,45.9
2025-08-04,4059,32,10,0.0
2025-10-13,4060,32,4,1057.5
2025-10-20,4060,32,4,861.0
2025-10-27,4060,32,4,664.6
2025-11-03,4060,32,4,468.1
2025-11-10,4060,32,4,271.6
2025-11-17,4060,32,4,75.1
2025-11-24,4060,32,4,0.0
2025-12-08,4061,32,8,390.5
2025-12-15,4061,32,8,324.1
2025-12-22,4061,32,8,257.6
2025-12-29,4061,32,8,191.2
2026-01-05,4061,32,8,124.7
2026-01-12,4061,32,8,58.2
2026-01-19,4061,32,8,0.0
2026-05-25,4062,32,8,623.4
2026-06-01,4062,32,8,475.8
2026-06-08,4062,32,8,328.2
2026-06-15,4062,32,8,180.5
2026-06-22,4062,32,8,32.9
2026-06-29,4062,32,8,0.0
2024-07-08,4063,33,1,597.2
2024-07-15,4063,33,1,373.3
2024-07-15,4064,33,3,282.6
2024-07-22,4064,33,3,71.3
2024-07-29,4065,33,3,279.7
2024-08-05,4066,33,3,535.1
2024-08-12,4066,33,3,225.2
2024-08-12,4067,33,1,261.1
2024-08-19,4068,33,1,73.3
2024-08-26,4068,33,1,0.0
2024-08-26,4069,33,3,340.8
2024-09-02,4069,33,3,0.0
2024-09-09,4070,33,1,275.4
2024-09-23,4071,33,1,176.2
2024-09-30,4072,33,1,73.2
2024-10-07,4073,33,1,206.9
2024-10-14,4073,33,1,63.8
2024-10-21,4074,33,1,447.2
2024-10-28,4075,33,3,470.3
2024-11-04,4075,33,3,246.7
2024-11-04,4076,33,3,332.5
2024-11-11,4076,33,3,203.0
2024-11-11,4077,33,3,200.6
2024-11-18,4077,33,3,0.0
2024-11-25,4078,33,3,485.8
2024-12-02,4079,33,3,450.6
2024-12-09,4079,33,3,263.1
2024-12-02,4080,33,1,87.3
2024-12-09,4080,33,1,16.5
2024-12-16,4081,33,1,202.0
2024-12-23,4081,33,1,29.0
2024-12-30,4082,33,1,472.8
2025-01-06,4083,33,1,385.0
2025-01-13,4084,33,3,513.3
2025-01-20,4084,33,3,215.5
2025-01-27,4085,33,3,45.2
2025-02-03,4085,33,3,21.4
2025-02-03,4086,33,3,382.7
2025-02-10,4086,33,3,248.3
2025-02-10,4087,33,3,262.9
2025-02-24,4088,33,3,101.2
2025-03-03,4088,33,3,62.5
2025-02-24,4089,33,3,149.9
2025-03-03,4089,33,3,43.7
2025-03-10,4090,33,1,193.5
2025-03-24,4091,33,1,204.1
2025-03-24,4092,33,1,100.6
2025-03-31,4092,33,1,63.2
2025-04-07,4093,33,1,109.3
2025-04-14,4093,33,1,52.7
2025-04-14,4094,33,1,242.0
2025-04-21,4094,33,1,127.9
2025-04-28,4095,33,1,423.1
2025-05-05,4095,33,1,0.0
2025-04-28,4096,33,3,353.9
2025-05-05,4096,33,3,204.7
2025-05-12,4097,33,1,103.6
2025-05-19,4097,33,1,0.0
2025-05-19,4098,33,1,424.9
2025-05-26,4098,33,1,9.7
2025-06-02,4099,33,3,520.2
2025-06-09,4100,33,3,189.5
2025-06-16,4100,33,3,64.0
2025-06-16,4101,33,1,101.3
2025-06-23,4102,33,1,33.5
2025-06-30,4102,33,1,3.9
2025-07-07,4103,33,1,537.0
2025-07-14,4103,33,1,210.0
2025-07-14,4104,33,3,402.0
2025-07-28,4105,33,3,268.5
2025-07-28,4106,33,3,302.3
2025-08-04,4106,33,3,29.5
2025-08-11,4107,33,1,134.2
2025-08-18,4107,33,1,89.4
2025-08-18,4108,33,1,388.7
2025-09-01,4109,33,1,489.3
2025-09-08,4110,33,3,404.0
2025-09-15,4111,33,3,204.5
2025-09-22,4111,33,3,0.0
2025-09-29,4112,33,3,345.1
2025-10-06,4113,33,1,532.1
2025-10-13,4113,33,1,346.1
2025-10-13,4114,33,3,550.1
2025-10-20,4114,33,3,259.1
2025-10-20,4115,33,3,603.7
2025-10-27,4115,33,3,339.4
2025-10-27,4116,33,1,353.4
2025-11-03,4116,33,1,46.8
2025-11-10,4117,33,1,332.1
2025-11-17,4117,33,1,141.1
2025-11-24,4118,33,3,468.8
2025-11-24,4119,33,1,469.5
2025-12-01,4119,33,1,280.1
2025-12-08,4120,33,3,267.0
2025-12-15,4121,33,1,477.6
2025-12-29,4122,33,1,109.9
2026-01-05,4123,33,1,117.8
2026-01-12,4124,33,1,294.9
2026-01-19,4125,33,3,235.7
2026-01-26,4125,33,3,121.4
2026-02-02,4126,33,3,125.9
2026-02-02,4127,33,1,540.5
2026-02-09,4127,33,1,323.1
2026-02-16,4128,33,1,195.7
2026-02-23,4128,33,1,111.3
2026-02-16,4129,33,3,554.2
2026-02-23,4129,33,3,326.4
2026-03-02,4130,33,3,205.7
2026-03-09,4130,33,3,92.4
2026-03-16,4131,33,3,212.7
2026-03-23,4132,33,3,289.6
2026-03-30,4133,33,3,215.1
2026-04-06,4133,33,3,0.0
2026-04-06,4134,33,1,135.9
2026-04-13,4134,33,1,81.9
2026-04-20,4135,33,1,310.1
2026-04-27,4135,33,1,56.1
2026-04-27,4136,33,3,278.7
2026-05-04,4136,33,3,171.5
2026-05-11,4137,33,3,138.8
2026-05-18,4138,33,3,246.9
2026-05-25,4138,33,3,59.8
2026-05-25,4139,33,1,205.2
2026-06-01,4139,33,1,117.4
2026-06-01,4140,33,3,77.1
2026-06-08,4140,33,3,39.2
2026-06-15,4141,33,3,316.3
2026-06-22,4141,33,3,152.6
2026-06-22,4142,33,1,376.5
2026-06-29,4143,33,1,396.4
2024-07-08,4144,33,4,288.9
2024-07-15,4144,33,4,98.9
2024-07-22,4145,33,4,276.8
2024-07-29,4145,33,4,94.5
2024-07-22,4146,33,4,541.0
2024-07-29,4146,33,4,293.1
2024-08-05,4147,33,4,417.9
2024-08-12,4147,33,4,134.8
2024-08-12,4148,33,4,196.0
2024-08-19,4148,33,4,66.0
2024-08-19,4149,33,4,426.7
2024-08-26,4149,33,4,0.0
2024-09-02,4150,33,4,429.2
2024-09-09,4150,33,4,76.3
2024-09-09,4151,33,4,55.5
2024-09-16,4151,33,4,8.0
2024-09-16,4152,33,4,595.8
2024-09-23,4152,33,4,317.6
2024-09-30,4153,33,4,363.0
2024-10-07,4154,33,4,192.8
2024-10-14,4154,33,4,0.0
2024-10-21,4155,33,4,254.9
2024-10-28,4155,33,4,164.8
2024-10-28,4156,33,4,224.8
2024-11-04,4156,33,4,110.6
2024-11-04,4157,33,4,55.8
2024-11-11,4158,33,4,255.9
2024-11-25,4159,33,4,577.1
2024-12-02,4159,33,4,279.1
2024-12-02,4160,33,4,294.9
2024-12-09,4160,33,4,76.9
2024-12-09,4161,33,4,532.2
2024-12-16,4161,33,4,324.3
2024-12-23,4162,33,4,521.2
2024-12-30,4163,33,4,329.5
2025-01-06,4163,33,4,203.9
2024-12-30,4164,33,4,230.6
2025-01-06,4164,33,4,153.3
2025-01-20,4165,33,4,165.3
2025-01-27,4166,33,4,81.0
2025-02-03,4166,33,4,34.0
2025-02-03,4167,33,4,325.8
2025-02-10,4168,33,4,621.3
2025-02-24,4169,33,4,652.4
2025-03-03,4170,33,4,60.4
2025-03-10,4170,33,4,34.8
2025-03-10,4171,33,4,563.4
2025-03-17,4171,33,4,310.7
2025-03-17,4172,33,4,199.8
2025-03-24,4172,33,4,36.7
2025-03-31,4173,33,4,274.9
2025-04-07,4173,33,4,25.9
2025-04-07,4174,33,4,553.1
2025-04-14,4174,33,4,323.1
2025-04-21,4175,33,4,368.0
2025-04-28,4176,33,4,399.6
2025-05-05,4177,33,4,242.9
2025-05-12,4177,33,4,129.7
2025-05-12,4178,33,4,304.5
2025-05-19,4178,33,4,46.1
2025-05-19,4179,33,4,518.4
2025-06-02,4180,33,4,445.9
2025-06-02,4181,33,4,280.8
2025-06-09,4181,33,4,149.6
2025-06-16,4182,33,4,424.2
2025-06-23,4182,33,4,199.4
2025-06-30,4183,33,4,437.9
2025-07-07,4184,33,4,183.3
2025-07-07,4185,33,4,396.1
2025-07-14,4185,33,4,211.2
2025-07-21,4186,33,4,152.6
2025-08-04,4187,33,4,185.0
2025-08-11,4187,33,4,0.9
2025-08-11,4188,33,4,215.6
2025-08-25,4189,33,4,51.4
2025-08-25,4190,33,4,409.1
2025-09-01,4190,33,4,84.3
2025-09-08,4191,33,4,65.1
2025-09-15,4191,33,4,25.1
2025-09-15,4192,33,4,305.8
2025-09-22,4192,33,4,0.0
2025-09-29,4193,33,4,255.2
2025-10-06,4194,33,4,483.1
2025-10-13,4194,33,4,294.2
2025-10-13,4195,33,4,58.7
2025-10-20,4196,33,4,94.8
2025-10-27,4196,33,4,35.6
2025-11-03,4197,33,4,44.7
2025-11-10,4198,33,4,319.4
2025-11-17,4198,33,4,25.7
2025-11-17,4199,33,4,337.9
2025-11-24,4200,33,4,130.9
2025-12-08,4201,33,4,238.9
2025-12-15,4202,33,4,104.6
2025-12-22,4202,33,4,0.0
2025-12-22,4203,33,4,407.3
2025-12-29,4204,33,4,228.6
2026-01-05,4204,33,4,110.1
2026-01-05,4205,33,4,530.5
2026-01-12,4205,33,4,202.9
2026-01-19,4206,33,4,539.8
2026-01-26,4207,33,4,117.1
2026-02-02,4207,33,4,0.0
2026-02-09,4208,33,4,301.5
2026-02-16,4208,33,4,189.9
2026-02-16,4209,33,4,152.8
2026-02-23,4210,33,4,385.4
2026-03-02,4210,33,4,3.8
2026-03-09,4211,33,4,187.5
2026-03-16,4211,33,4,97.0
2026-03-16,4212,33,4,265.9
2026-03-23,4213,33,4,629.7
2026-03-30,4214,33,4,228.4
2026-04-06,4214,33,4,6.9
2026-04-06,4215,33,4,49.7
2026-04-13,4215,33,4,32.5
2026-04-20,4216,33,4,130.2
2026-04-27,4217,33,4,448.8
2026-05-11,4218,33,4,497.1
2026-05-18,4219,33,4,106.8
2026-05-25,4219,33,4,44.5
2026-06-01,4220,33,4,112.3
2026-06-01,4221,33,4,142.9
2026-06-08,4221,33,4,92.8
2026-06-15,4222,33,4,270.7
2026-06-22,4223,33,4,305.6
2026-06-29,4223,33,4,0.0
2024-07-08,4225,33,5,102.9
2024-07-22,4226,33,5,523.2
2024-07-29,4226,33,5,154.4
2024-07-22,4227,33,5,484.8
2024-07-29,4227,33,5,160.6
2024-08-05,4228,33,5,284.1
2024-08-12,4228,33,5,59.3
2024-08-12,4229,33,5,264.3
2024-08-19,4229,33,5,9.6
2024-08-26,4230,33,5,369.4
2024-09-02,4230,33,5,168.8
2024-09-02,4231,33,5,450.2
2024-09-09,4232,33,5,458.8
2024-09-23,4233,33,5,36.9
2024-09-30,4234,33,5,251.9
2024-10-07,4235,33,5,418.3
2024-10-14,4235,33,5,0.0
2024-10-21,4236,33,5,153.7
2024-10-21,4237,33,5,81.4
2024-10-28,4237,33,5,38.7
2024-11-04,4238,33,5,112.6
2024-11-11,4238,33,5,59.2
2024-11-11,4239,33,5,78.0
2024-11-18,4239,33,5,13.0
2024-11-18,4240,33,5,354.7
2024-11-25,4240,33,5,68.3
2024-12-02,4241,33,5,146.1
2024-12-09,4242,33,5,541.0
2024-12-16,4242,33,5,326.0
2024-12-23,4243,33,5,299.0
2024-12-23,4244,33,5,126.2
2024-12-30,4244,33,5,0.0
2025-01-06,4245,33,5,445.6
2025-01-13,4245,33,5,290.3
2025-01-20,4246,33,5,515.7
2025-01-27,4247,33,5,208.4
2025-02-03,4247,33,5,0.0
2025-02-03,4248,33,5,44.7
2025-02-10,4248,33,5,29.3
2025-02-10,4249,33,5,58.8
2025-02-17,4249,33,5,27.6
2025-02-17,4250,33,5,202.9
2025-02-24,4251,33,5,267.1
2025-03-03,4251,33,5,0.0
2025-03-10,4252,33,5,541.9
2025-03-17,4253,33,5,366.5
2025-03-31,4254,33,5,141.4
2025-04-07,4255,33,5,56.7
2025-04-14,4256,33,5,156.5
2025-04-28,4257,33,5,520.4
2025-04-28,4258,33,5,315.9
2025-05-05,4258,33,5,91.8
2025-05-12,4259,33,5,249.5
2025-05-19,4259,33,5,0.0
2025-05-19,4260,33,5,471.6
2025-05-26,4260,33,5,227.3
2025-06-02,4261,33,5,231.6
2025-06-09,4261,33,5,7.2
2025-06-02,4262,33,5,87.0
2025-06-09,4262,33,5,35.1
2025-06-16,4263,33,5,33.3
2025-06-30,4264,33,5,312.5
2025-07-07,4265,33,5,77.9
2025-07-14,4266,33,5,152.0
2025-07-28,4267,33,5,361.6
2025-07-28,4268,33,5,551.9
2025-08-04,4268,33,5,314.7
2025-08-11,4269,33,5,571.7
2025-08-25,4270,33,5,48.5
2025-09-01,4271,33,5,83.1
2025-09-08,4272,33,5,627.8
2025-09-15,4273,33,5,71.5
2025-09-29,4274,33,5,238.2
2025-09-29,4275,33,5,93.9
2025-10-06,4275,33,5,24.8
2025-10-13,4276,33,5,405.9
2025-10-20,4277,33,5,412.9
2025-10-27,4277,33,5,0.0
2025-11-03,4278,33,5,308.0
2025-11-10,4279,33,5,565.9
2025-11-17,4280,33,5,231.9
2025-11-24,4281,33,5,60.0
2025-12-01,4281,33,5,20.9
2025-12-01,4282,33,5,559.4
2025-12-08,4282,33,5,237.8
2025-12-15,4283,33,5,559.7
2025-12-22,4284,33,5,358.8
2025-12-29,4284,33,5,148.6
2025-12-29,4285,33,5,111.5
2026-01-05,4286,33,5,348.9
2026-01-12,4286,33,5,214.8
2026-01-19,4287,33,5,502.9
2026-01-26,4287,33,5,294.9
2026-01-26,4288,33,5,518.7
2026-02-02,4288,33,5,330.5
2026-02-09,4289,33,5,428.9
2026-02-16,4289,33,5,172.8
2026-02-16,4290,33,5,31.3
2026-02-23,4290,33,5,1.5
2026-02-23,4291,33,5,243.7
2026-03-09,4292,33,5,246.3
2026-03-09,4293,33,5,542.6
2026-03-16,4293,33,5,356.3
2026-03-23,4294,33,5,235.7
2026-03-30,4295,33,5,460.0
2026-04-06,4295,33,5,91.0
2026-04-06,4296,33,5,339.5
2026-04-13,4296,33,5,0.0
2026-04-20,4297,33,5,165.7
2026-04-27,4298,33,5,222.4
2026-05-04,4299,33,5,394.0
2026-05-11,4299,33,5,0.0
2026-05-18,4300,33,5,283.2
2026-05-25,4300,33,5,175.3
2026-05-25,4301,33,5,421.5
2026-06-01,4302,33,5,341.0
2026-06-08,4302,33,5,138.9
2026-06-08,4303,33,5,339.7
2026-06-15,4303,33,5,198.3
2026-06-15,4304,33,5,50.7
2026-06-22,4304,33,5,28.5
2024-07-15,4306,33,9,147.1
2024-07-22,4307,33,9,191.6
2024-07-29,4308,33,7,322.8
2024-08-05,4308,33,7,169.7
2024-08-05,4309,33,7,40.6
2024-08-12,4309,33,7,8.2
2024-08-12,4310,33,7,305.0
2024-08-19,4310,33,7,94.0
2024-08-19,4311,33,7,252.8
2024-08-26,4311,33,7,143.6
2024-09-02,4312,33,9,571.1
2024-09-09,4313,33,9,391.0
2024-09-16,4313,33,9,107.0
2024-09-23,4314,33,9,210.2
2024-09-30,4314,33,9,0.0
2024-09-30,4315,33,9,476.3
2024-10-07,4315,33,9,240.6
2024-10-07,4316,33,7,383.4
2024-10-14,4316,33,7,185.9
2024-10-21,4317,33,9,425.5
2024-10-28,4318,33,7,192.7
2024-11-04,4319,33,9,133.5
2024-11-11,4320,33,7,220.7
2024-11-18,4320,33,7,74.4
2024-11-18,4321,33,7,483.9
2024-11-25,4321,33,7,272.7
2024-12-02,4322,33,9,116.1
2024-12-09,4322,33,9,0.0
2024-12-09,4323,33,9,423.4
2024-12-16,4323,33,9,84.8
2024-12-23,4324,33,7,298.3
2024-12-23,4325,33,7,241.0
2024-12-30,4325,33,7,58.0
2025-01-13,4326,33,9,500.9
2025-01-13,4327,33,9,124.4
2025-01-27,4328,33,9,143.5
2025-02-03,4328,33,9,41.0
2025-02-10,4329,33,7,422.4
2025-02-10,4330,33,7,252.3
2025-02-24,4331,33,7,370.1
2025-03-03,4332,33,7,184.5
2025-03-10,4333,33,9,100.1
2025-03-24,4334,33,9,280.8
2025-03-24,4335,33,9,288.0
2025-03-31,4335,33,9,144.0
2025-03-31,4336,33,9,433.5
2025-04-07,4336,33,9,247.0
2025-04-14,4337,33,7,120.8
2025-04-21,4337,33,7,32.7
2025-04-21,4338,33,7,288.3
2025-04-28,4338,33,7,186.6
2025-05-05,4339,33,7,257.9
2025-05-12,4340,33,9,385.4
2025-05-19,4340,33,9,34.9
2025-05-19,4341,33,9,251.9
2025-05-26,4342,33,7,91.1
2025-06-02,4342,33,7,12.1
2025-06-09,4343,33,7,339.5
2025-06-16,4344,33,7,299.0
2025-06-23,4344,33,7,156.1
2025-06-30,4345,33,7,53.4
2025-07-07,4346,33,7,195.2
2025-07-14,4346,33,7,49.4
2025-07-14,4347,33,9,362.0
2025-07-21,4347,33,9,108.1
2025-07-28,4348,33,9,226.6
2025-08-04,4349,33,7,152.1
2025-08-11,4349,33,7,53.2
2025-08-04,4350,33,7,355.1
2025-08-11,4350,33,7,233.3
2025-08-11,4351,33,7,364.7
2025-08-18,4351,33,7,34.3
2025-08-25,4352,33,7,68.5
2025-09-08,4353,33,7,120.4
2025-09-15,4354,33,7,443.3
2025-09-22,4354,33,7,204.6
2025-09-29,4355,33,9,80.1
2025-09-29,4356,33,7,548.5
2025-10-06,4356,33,7,351.1
2025-10-13,4357,33,7,282.3
2025-10-27,4358,33,9,366.3
2025-10-27,4359,33,7,71.7
2025-11-03,4359,33,7,47.4
2025-11-03,4360,33,9,43.9
2025-11-10,4360,33,9,0.9
2025-11-24,4361,33,7,561.8
2025-11-24,4362,33,9,288.0
2025-12-01,4362,33,9,19.1
2025-12-08,4363,33,7,174.6
2025-12-08,4364,33,9,194.6
2025-12-15,4364,33,9,1.3
2025-12-22,4365,33,9,557.6
2025-12-29,4365,33,9,356.1
2026-01-05,4366,33,7,95.3
2026-01-12,4367,33,9,71.0
2026-01-19,4367,33,9,26.0
2026-01-19,4368,33,9,168.8
2026-01-26,4368,33,9,18.7
2026-01-26,4369,33,7,341.6
2026-02-02,4369,33,7,0.0
2026-02-02,4370,33,7,75.9
2026-02-09,4370,33,7,13.8
2026-02-09,4371,33,9,507.4
2026-02-16,4371,33,9,261.8
2026-02-23,4372,33,9,39.0
2026-03-02,4372,33,9,6.1
2026-03-02,4373,33,7,92.8
2026-03-09,4373,33,7,24.7
2026-03-16,4374,33,9,206.2
2026-03-23,4375,33,9,489.5
2026-03-30,4376,33,9,116.1
2026-04-06,4377,33,7,228.1
2026-04-13,4377,33,7,62.2
2026-04-20,4378,33,9,422.2
2026-04-27,4378,33,9,92.3
2026-04-27,4379,33,7,425.2
2026-05-04,4379,33,7,0.0
2026-05-11,4380,33,9,382.5
2026-05-18,4380,33,9,137.9
2026-05-11,4381,33,7,440.4
2026-05-18,4381,33,7,75.8
2026-05-25,4382,33,7,287.8
2026-06-01,4382,33,7,65.6
2026-06-08,4383,33,9,128.9
2026-06-08,4384,33,7,224.3
2026-06-15,4384,33,7,70.6
2026-06-22,4385,33,7,440.1
2026-06-29,4385,33,7,117.3
2024-07-08,4387,33,10,235.2
2024-07-15,4387,33,10,66.4
2024-07-22,4388,33,10,361.9
2024-07-29,4388,33,10,174.9
2024-07-29,4389,33,10,101.2
2024-08-12,4390,33,10,312.3
2024-08-19,4391,33,10,598.4
2024-08-26,4391,33,10,392.9
2024-08-26,4392,33,10,138.1
2024-09-02,4392,33,10,12.1
2024-09-02,4393,33,10,378.8
2024-09-09,4393,33,10,242.7
2024-09-09,4394,33,10,373.4
2024-09-16,4394,33,10,0.0
2024-09-16,4395,33,10,223.4
2024-09-23,4395,33,10,134.9
2024-09-23,4396,33,10,537.4
2024-09-30,4396,33,10,271.7
2024-10-07,4397,33,10,203.0
2024-10-14,4398,33,10,74.0
2024-10-21,4398,33,10,38.1
2024-10-28,4399,33,10,363.4
2024-11-04,4400,33,10,313.0
2024-11-11,4401,33,10,284.3
2024-11-18,4401,33,10,0.0
2024-11-25,4402,33,10,237.9
2024-12-02,4402,33,10,141.7
2024-11-25,4403,33,10,104.4
2024-12-02,4403,33,10,45.8
2024-12-09,4404,33,10,203.6
2024-12-16,4404,33,10,24.1
2024-12-16,4405,33,10,328.7
2024-12-23,4405,33,10,204.5
2024-12-23,4406,33,10,346.7
2024-12-30,4406,33,10,116.4
2025-01-06,4407,33,10,290.0
2025-01-13,4407,33,10,93.9
2025-01-20,4408,33,10,203.9
2025-01-27,4409,33,10,323.3
2025-02-03,4410,33,10,298.4
2025-02-17,4411,33,10,176.2
2025-02-17,4412,33,10,116.1
2025-02-24,4412,33,10,54.1
2025-02-24,4413,33,10,457.1
2025-03-03,4413,33,10,298.1
2025-03-10,4414,33,10,236.9
2025-03-17,4414,33,10,147.8
2025-03-17,4415,33,10,293.5
2025-03-24,4415,33,10,0.0
2025-03-24,4416,33,10,524.6
2025-03-31,4416,33,10,218.2
2025-04-07,4417,33,10,241.7
2025-04-14,4417,33,10,11.4
2025-04-14,4418,33,10,201.4
2025-04-21,4418,33,10,44.8
2025-04-21,4419,33,10,396.9
2025-04-28,4419,33,10,166.8
2025-05-05,4420,33,10,55.5
2025-05-12,4420,33,10,31.1
2025-05-19,4421,33,10,97.6
2025-05-19,4422,33,10,473.9
2025-05-26,4422,33,10,212.7
2025-05-26,4423,33,10,233.8
2025-06-02,4423,33,10,90.7
2025-06-09,4424,33,10,260.2
2025-06-16,4425,33,10,424.3
2025-06-23,4425,33,10,199.6
2025-06-23,4426,33,10,276.7
2025-06-30,4426,33,10,36.3
2025-07-07,4427,33,10,550.4
2025-07-07,4428,33,10,210.1
2025-07-14,4428,33,10,95.1
2025-07-28,4429,33,10,304.4
2025-08-04,4430,33,10,215.2
2025-08-11,4431,33,10,263.6
2025-08-18,4431,33,10,147.2
2025-08-11,4432,33,10,437.6
2025-08-18,4432,33,10,78.2
2025-08-25,4433,33,10,497.2
2025-09-01,4433,33,10,261.5
2025-09-08,4434,33,10,384.7
2025-09-15,4435,33,10,373.7
2025-09-22,4436,33,10,249.6
2025-09-29,4437,33,10,292.4
2025-10-06,4437,33,10,14.7
2025-10-20,4438,33,10,347.5
2025-10-20,4439,33,10,367.8
2025-11-03,4440,33,10,350.7
2025-11-03,4441,33,10,346.0
2025-11-10,4441,33,10,43.1
2025-11-17,4442,33,10,265.1
2025-11-24,4442,33,10,163.3
2025-11-24,4443,33,10,199.4
2025-12-01,4443,33,10,128.8
2025-12-01,4444,33,10,337.0
2025-12-08,4444,33,10,4.0
2025-12-15,4445,33,10,541.4
2025-12-22,4445,33,10,293.7
2025-12-22,4446,33,10,484.5
2025-12-29,4446,33,10,150.1
2025-12-29,4447,33,10,603.3
2026-01-05,4447,33,10,339.6
2026-01-12,4448,33,10,579.4
2026-01-19,4449,33,10,154.6
2026-01-26,4450,33,10,435.2
2026-02-02,4450,33,10,274.5
2026-02-09,4451,33,10,264.9
2026-02-16,4452,33,10,320.4
2026-02-23,4453,33,10,244.5
2026-03-02,4453,33,10,0.0
2026-03-02,4454,33,10,340.8
2026-03-09,4454,33,10,117.6
2026-03-09,4455,33,10,45.5
2026-03-16,4455,33,10,27.1
2026-03-23,4456,33,10,181.7
2026-03-30,4456,33,10,0.0
2026-03-30,4457,33,10,283.7
2026-04-06,4457,33,10,142.4
2026-04-13,4458,33,10,445.7
2026-04-13,4459,33,10,43.3
2026-04-20,4459,33,10,16.6
2026-04-27,4460,33,10,398.5
2026-05-04,4461,33,10,197.3
2026-05-11,4461,33,10,0.0
2026-05-11,4462,33,10,436.3
2026-05-18,4462,33,10,130.6
2026-05-25,4463,33,10,453.7
2026-06-01,4463,33,10,140.4
2026-06-01,4464,33,10,39.5
2026-06-15,4465,33,10,308.1
2026-06-22,4465,33,10,14.1
2026-06-22,4466,33,10,80.0
2026-06-29,4466,33,10,16.1
2026-06-29,4467,33,10,118.4
2024-09-16,4468,34,8,295.7
2024-09-23,4468,34,8,241.4
2024-09-30,4468,34,8,187.1
2024-10-07,4468,34,8,132.7
2024-10-14,4468,34,8,78.4
2024-10-21,4468,34,8,24.1
2024-10-28,4468,34,8,0.0
2025-02-17,4469,34,7,701.0
2025-02-24,4469,34,7,631.0
2025-03-03,4469,34,7,561.0
2025-03-10,4469,34,7,491.1
2025-03-17,4469,34,7,421.1
2025-03-24,4469,34,7,351.1
2025-03-31,4469,34,7,281.1
2025-04-07,4469,34,7,211.1
2025-04-14,4469,34,7,141.1
2025-04-21,4469,34,7,71.2
2025-04-28,4469,34,7,1.2
2025-05-05,4469,34,7,0.0
2025-04-07,4470,34,10,538.2
2025-04-14,4470,34,10,462.5
2025-04-21,4470,34,10,386.7
2025-04-28,4470,34,10,310.9
2025-05-05,4470,34,10,235.1
2025-05-12,4470,34,10,159.4
2025-05-19,4470,34,10,83.6
2025-05-26,4470,34,10,7.8
2025-06-02,4470,34,10,0.0
2025-07-21,4471,34,8,977.6
2025-07-28,4471,34,8,861.1
2025-08-04,4471,34,8,744.7
2025-08-11,4471,34,8,628.3
2025-08-18,4471,34,8,511.8
2025-08-25,4471,34,8,395.4
2025-09-01,4471,34,8,279.0
2025-09-08,4471,34,8,162.5
2025-09-15,4471,34,8,46.1
2025-09-22,4471,34,8,0.0
2026-01-12,4472,34,8,733.9
2026-01-19,4472,34,8,554.8
2026-01-26,4472,34,8,375.8
2026-02-02,4472,34,8,196.7
2026-02-09,4472,34,8,17.6
2026-02-16,4472,34,8,0.0
2026-02-23,4473,34,7,214.8
2026-03-02,4473,34,7,180.5
2026-03-09,4473,34,7,146.3
2026-03-16,4473,34,7,112.1
2026-03-23,4473,34,7,77.9
2026-03-30,4473,34,7,43.6
2026-04-06,4473,34,7,9.4
2026-04-13,4473,34,7,0.0
2024-09-09,4474,35,8,731.8
2024-09-16,4474,35,8,561.6
2024-09-23,4474,35,8,391.4
2024-09-30,4474,35,8,221.1
2024-10-07,4474,35,8,50.9
2024-10-14,4474,35,8,0.0
2024-11-18,4475,35,8,270.6
2024-11-25,4475,35,8,213.3
2024-12-02,4475,35,8,155.9
2024-12-09,4475,35,8,98.6
2024-12-16,4475,35,8,41.2
2024-12-23,4475,35,8,0.0
2025-06-09,4476,35,5,576.7
2025-06-16,4476,35,5,499.4
2025-06-23,4476,35,5,422.1
2025-06-30,4476,35,5,344.7
2025-07-07,4476,35,5,267.4
2025-07-14,4476,35,5,190.1
2025-07-21,4476,35,5,112.8
2025-07-28,4476,35,5,35.5
2025-08-04,4476,35,5,0.0
2025-09-15,4477,35,7,688.4
2025-09-22,4477,35,7,628.8
2025-09-29,4477,35,7,569.2
2025-10-06,4477,35,7,509.6
2025-10-13,4477,35,7,450.0
2025-10-20,4477,35,7,390.4
2025-10-27,4477,35,7,330.7
2025-11-03,4477,35,7,271.1
2025-11-10,4477,35,7,211.5
2025-11-17,4477,35,7,151.9
2025-11-24,4477,35,7,92.3
2025-12-01,4477,35,7,32.7
2025-12-08,4477,35,7,0.0
2025-12-29,4478,35,8,982.1
2026-01-05,4478,35,8,809.2
2026-01-12,4478,35,8,636.3
2026-01-19,4478,35,8,463.4
2026-01-26,4478,35,8,290.5
2026-02-02,4478,35,8,117.6
2026-02-09,4478,35,8,0.0
2026-05-25,4479,35,7,594.6
2026-06-01,4479,35,7,458.3
2026-06-08,4479,35,7,321.9
2026-06-15,4479,35,7,185.6
2026-06-22,4479,35,7,49.2
2026-06-29,4479,35,7,0.0
2024-09-23,4480,36,7,1081.7
2024-09-30,4480,36,7,840.4
2024-10-07,4480,36,7,599.2
2024-10-14,4480,36,7,357.9
2024-10-21,4480,36,7,116.6
2024-10-28,4480,36,7,0.0
2025-02-24,4481,36,8,525.7
2025-03-03,4481,36,8,479.5
2025-03-10,4481,36,8,433.2
2025-03-17,4481,36,8,387.0
2025-03-24,4481,36,8,340.7
2025-03-31,4481,36,8,294.5
2025-04-07,4481,36,8,248.2
2025-04-14,4481,36,8,202.0
2025-04-21,4481,36,8,155.7
2025-04-28,4481,36,8,109.4
2025-05-05,4481,36,8,63.2
2025-05-12,4481,36,8,16.9
2025-05-19,4481,36,8,0.0
2025-06-23,4482,36,7,1251.9
2025-06-30,4482,36,7,1097.9
2025-07-07,4482,36,7,943.8
2025-07-14,4482,36,7,789.7
2025-07-21,4482,36,7,635.7
2025-07-28,4482,36,7,481.6
2025-08-04,4482,36,7,327.5
2025-08-11,4482,36,7,173.5
2025-08-18,4482,36,7,19.4
2025-08-25,4482,36,7,0.0
2025-09-29,4483,36,7,950.2
2025-10-06,4483,36,7,804.3
2025-10-13,4483,36,7,658.5
2025-10-20,4483,36,7,512.7
2025-10-27,4483,36,7,366.9
2025-11-03,4483,36,7,221.0
2025-11-10,4483,36,7,75.2
2025-11-17,4483,36,7,0.0
2026-01-12,4484,36,7,120.0
2026-01-19,4484,36,7,88.0
2026-01-26,4484,36,7,55.9
2026-02-02,4484,36,7,23.9
2026-02-09,4484,36,7,0.0
2026-05-11,4485,36,7,1223.9
2026-05-18,4485,36,7,1102.8
2026-05-25,4485,36,7,981.8
2026-06-01,4485,36,7,860.7
2026-06-08,4485,36,7,739.6
2026-06-15,4485,36,7,618.5
2026-06-22,4485,36,7,497.5
2026-06-29,4485,36,7,376.4
2024-10-28,4486,37,4,683.3
2024-11-04,4486,37,4,522.6
2024-11-11,4486,37,4,361.9
2024-11-18,4486,37,4,201.2
2024-11-25,4486,37,4,40.5
2024-12-02,4486,37,4,0.0
2024-12-30,4487,37,5,113.5
2025-01-06,4487,37,5,86.9
2025-01-13,4487,37,5,60.4
2025-01-20,4487,37,5,33.9
2025-01-27,4487,37,5,7.4
2025-02-03,4487,37,5,0.0
2025-05-12,4488,37,5,413.1
2025-05-19,4488,37,5,314.1
2025-05-26,4488,37,5,215.2
2025-06-02,4488,37,5,116.2
2025-06-09,4488,37,5,17.3
2025-06-16,4488,37,5,0.0
2025-09-08,4489,37,4,432.0
2025-09-15,4489,37,4,359.9
2025-09-22,4489,37,4,287.9
2025-09-29,4489,37,4,215.9
2025-10-06,4489,37,4,143.8
2025-10-13,4489,37,4,71.8
2025-10-20,4489,37,4,0.0
2025-11-24,4490,37,5,1036.2
2025-12-01,4490,37,5,837.3
2025-12-08,4490,37,5,638.5
2025-12-15,4490,37,5,439.7
2025-12-22,4490,37,5,240.8
2025-12-29,4490,37,5,42.0
2026-01-05,4490,37,5,0.0
2026-03-16,4491,37,5,509.1
2026-03-23,4491,37,5,370.3
2026-03-30,4491,37,5,231.4
2026-04-06,4491,37,5,92.5
2026-04-13,4491,37,5,0.0
2024-08-26,4492,38,5,176.2
2024-09-02,4492,38,5,135.3
2024-09-09,4492,38,5,94.5
2024-09-16,4492,38,5,53.6
2024-09-23,4492,38,5,12.8
2024-09-30,4492,38,5,0.0
2025-02-10,4493,38,1,603.2
2025-02-17,4493,38,1,531.5
2025-02-24,4493,38,1,459.7
2025-03-03,4493,38,1,388.0
2025-03-10,4493,38,1,316.2
2025-03-17,4493,38,1,244.5
2025-03-24,4493,38,1,172.7
2025-03-31,4493,38,1,101.0
2025-04-07,4493,38,1,29.2
2025-04-14,4493,38,1,0.0
2025-03-10,4494,38,1,811.5
2025-03-17,4494,38,1,607.0
2025-03-24,4494,38,1,402.5
2025-03-31,4494,38,1,198.0
2025-04-07,4494,38,1,0.0
2025-08-18,4495,38,7,676.8
2025-08-25,4495,38,7,504.5
2025-09-01,4495,38,7,332.3
2025-09-08,4495,38,7,160.1
2025-09-15,4495,38,7,0.0
2025-11-24,4496,38,1,750.3
2025-12-01,4496,38,1,592.5
2025-12-08,4496,38,1,434.8
2025-12-15,4496,38,1,277.0
2025-12-22,4496,38,1,119.3
2025-12-29,4496,38,1,0.0
2026-03-30,4497,38,7,683.0
2026-04-06,4497,38,7,637.0
2026-04-13,4497,38,7,590.9
2026-04-20,4497,38,7,544.9
2026-04-27,4497,38,7,498.9
2026-05-04,4497,38,7,452.9
2026-05-11,4497,38,7,406.9
2026-05-18,4497,38,7,360.8
2026-05-25,4497,38,7,314.8
2026-06-01,4497,38,7,268.8
2026-06-08,4497,38,7,222.8
2026-06-15,4497,38,7,176.8
2026-06-22,4497,38,7,130.7
2026-06-29,4497,38,7,84.7
2024-07-15,4498,39,1,238.9
2024-07-22,4498,39,1,118.9
2024-07-29,4498,39,1,0.0
2024-08-05,4499,39,3,312.4
2024-08-12,4499,39,3,65.8
2024-08-19,4499,39,3,0.0
2024-08-26,4500,39,3,282.8
2024-09-02,4500,39,3,46.6
2024-09-09,4500,39,3,0.0
2024-09-02,4501,39,1,100.4
2024-09-09,4501,39,1,0.0
2024-09-30,4502,39,3,149.2
2024-10-07,4502,39,3,0.3
2024-10-14,4502,39,3,0.0
2024-10-07,4503,39,3,606.1
2024-10-14,4503,39,3,366.2
2024-10-21,4503,39,3,126.3
2024-10-28,4503,39,3,0.0
2024-10-28,4504,39,3,445.6
2024-11-04,4504,39,3,175.2
2024-11-11,4504,39,3,0.0
2024-11-18,4505,39,1,303.0
2024-11-25,4505,39,1,139.1
2024-12-02,4505,39,1,0.0
2024-11-25,4506,39,3,390.8
2024-12-02,4506,39,3,167.6
2024-12-09,4506,39,3,0.0
2024-12-30,4507,39,1,126.3
2025-01-06,4507,39,1,0.0
2024-12-30,4508,39,1,247.3
2025-01-06,4508,39,1,46.6
2025-01-13,4508,39,1,0.0
2025-01-20,4509,39,3,88.9
2025-01-27,4509,39,3,40.9
2025-02-03,4509,39,3,0.0
2025-02-10,4510,39,1,43.7
2025-02-17,4510,39,1,25.4
2025-02-24,4510,39,1,7.0
2025-03-03,4510,39,1,0.0
2025-03-10,4511,39,3,86.9
2025-03-17,4511,39,3,30.9
2025-03-24,4511,39,3,0.0
2025-03-17,4512,39,3,51.7
2025-03-24,4512,39,3,20.4
2025-03-31,4512,39,3,0.0
2025-04-21,4513,39,1,169.2
2025-04-28,4513,39,1,6.4
2025-05-05,4513,39,1,0.0
2025-05-05,4514,39,1,225.3
2025-05-12,4514,39,1,0.0
2025-05-19,4515,39,1,153.5
2025-05-26,4515,39,1,42.0
2025-06-02,4515,39,1,0.0
2025-05-26,4516,39,1,485.1
2025-06-02,4516,39,1,259.2
2025-06-09,4516,39,1,33.2
2025-06-16,4516,39,1,0.0
2025-06-16,4517,39,1,118.3
2025-06-23,4517,39,1,0.0
2025-07-07,4518,39,3,571.9
2025-07-14,4518,39,3,308.8
2025-07-21,4518,39,3,45.7
2025-07-28,4518,39,3,0.0
2025-07-21,4519,39,1,366.0
2025-07-28,4519,39,1,153.1
2025-08-04,4519,39,1,0.0
2025-08-18,4520,39,1,402.2
2025-08-25,4520,39,1,243.3
2025-09-01,4520,39,1,84.5
2025-09-08,4520,39,1,0.0
2025-09-01,4521,39,3,276.6
2025-09-08,4521,39,3,176.2
2025-09-15,4521,39,3,75.7
2025-09-22,4522,39,3,318.7
2025-09-29,4522,39,3,135.5
2025-10-06,4522,39,3,0.0
2025-09-29,4523,39,3,242.3
2025-10-06,4523,39,3,60.6
2025-10-13,4523,39,3,0.0
2025-10-27,4524,39,1,295.7
2025-11-03,4524,39,1,125.4
2025-11-10,4524,39,1,0.0
2025-11-10,4525,39,1,350.6
2025-11-17,4525,39,1,0.0
2025-12-01,4526,39,3,398.1
2025-12-08,4526,39,3,46.2
2025-12-15,4526,39,3,0.0
2025-12-15,4527,39,1,456.6
2025-12-22,4527,39,1,31.2
2025-12-29,4527,39,1,0.0
2026-01-05,4528,39,1,370.0
2026-01-12,4528,39,1,218.1
2026-01-19,4528,39,1,66.1
2026-01-26,4528,39,1,0.0
2026-01-26,4529,39,3,416.6
2026-02-02,4529,39,3,0.0
2026-02-09,4530,39,3,497.0
2026-02-16,4530,39,3,180.0
2026-02-23,4530,39,3,0.0
2026-03-02,4531,39,3,166.0
2026-03-09,4531,39,3,107.0
2026-03-16,4531,39,3,47.9
2026-03-23,4532,39,1,444.7
2026-03-30,4532,39,1,224.5
2026-04-06,4532,39,1,4.2
2026-04-06,4533,39,1,550.0
2026-04-13,4533,39,1,364.1
2026-04-20,4533,39,1,178.1
2026-04-20,4534,39,1,507.9
2026-04-27,4534,39,1,258.9
2026-05-04,4534,39,1,9.8
2026-05-11,4534,39,1,0.0
2026-05-11,4535,39,3,289.4
2026-05-18,4535,39,3,16.9
2026-05-25,4535,39,3,0.0
2026-06-01,4536,39,1,53.7
2026-06-08,4536,39,1,31.4
2026-06-15,4536,39,1,9.1
2026-06-22,4536,39,1,0.0
2026-06-22,4537,39,1,404.4
2026-06-29,4537,39,1,0.0
2024-07-08,4538,39,4,529.5
2024-07-15,4538,39,4,250.9
2024-07-22,4538,39,4,0.0
2024-08-05,4539,39,4,363.4
2024-08-12,4539,39,4,126.8
2024-08-19,4539,39,4,0.0
2024-08-19,4540,39,4,86.3
2024-08-26,4540,39,4,0.0
2024-09-02,4541,39,4,495.8
2024-09-09,4541,39,4,104.5
2024-09-16,4541,39,4,0.0
2024-09-30,4542,39,4,410.2
2024-10-07,4542,39,4,149.4
2024-10-14,4542,39,4,0.0
2024-10-07,4543,39,4,102.8
2024-10-14,4543,39,4,1.6
2024-10-21,4543,39,4,0.0
2024-10-21,4544,39,4,222.6
2024-10-28,4544,39,4,82.1
2024-11-04,4544,39,4,0.0
2024-11-11,4545,39,4,275.6
2024-11-18,4545,39,4,131.2
2024-11-25,4545,39,4,0.0
2024-12-02,4546,39,4,82.2
2024-12-09,4546,39,4,20.3
2024-12-16,4546,39,4,0.0
2024-12-30,4547,39,4,537.9
2025-01-06,4547,39,4,252.7
2025-01-13,4547,39,4,0.0
2025-01-13,4548,39,4,155.8
2025-01-20,4548,39,4,0.0
2025-01-20,4549,39,4,62.8
2025-01-27,4549,39,4,2.6
2025-02-03,4549,39,4,0.0
2025-02-17,4550,39,4,337.9
2025-02-24,4550,39,4,0.0
2025-03-03,4551,39,4,115.2
2025-03-10,4551,39,4,69.4
2025-03-17,4551,39,4,23.5
2025-03-24,4551,39,4,0.0
2025-03-24,4552,39,4,365.4
2025-03-31,4552,39,4,78.8
2025-04-07,4552,39,4,0.0
2025-03-31,4553,39,4,380.5
2025-04-07,4553,39,4,116.9
2025-04-14,4553,39,4,0.0
2025-04-28,4554,39,4,433.6
2025-05-05,4554,39,4,135.2
2025-05-12,4554,39,4,0.0
2025-05-19,4555,39,4,313.3
2025-05-26,4555,39,4,140.6
2025-06-02,4555,39,4,0.0
2025-06-02,4556,39,4,254.0
2025-06-09,4556,39,4,0.0
2025-06-23,4557,39,4,468.9
2025-06-30,4557,39,4,274.8
2025-07-07,4557,39,4,80.7
2025-07-14,4558,39,4,309.6
2025-07-21,4558,39,4,11.2
2025-07-28,4558,39,4,0.0
2025-07-28,4559,39,4,308.9
2025-08-04,4559,39,4,71.9
2025-08-11,4559,39,4,0.0
2025-08-11,4560,39,4,410.6
2025-08-18,4560,39,4,0.0
2025-09-08,4561,39,4,77.1
2025-09-15,4561,39,4,42.1
2025-09-22,4561,39,4,7.2
2025-09-29,4561,39,4,0.0
2025-09-22,4562,39,4,481.7
2025-09-29,4562,39,4,317.4
2025-10-06,4562,39,4,153.1
2025-10-06,4563,39,4,81.6
2025-10-13,4563,39,4,39.2
2025-10-20,4563,39,4,0.0
2025-10-20,4564,39,4,143.2
2025-10-27,4564,39,4,18.5
2025-11-03,4564,39,4,0.0
2025-11-10,4565,39,4,112.1
2025-11-17,4565,39,4,38.3
2025-11-24,4565,39,4,0.0
2025-11-24,4566,39,4,455.2
2025-12-01,4566,39,4,146.4
2025-12-08,4566,39,4,0.0
2025-12-22,4567,39,4,524.0
2025-12-29,4567,39,4,274.1
2026-01-05,4567,39,4,24.1
2026-01-12,4567,39,4,0.0
2026-01-12,4568,39,4,477.3
2026-01-19,4568,39,4,76.5
2026-01-26,4568,39,4,0.0
2026-01-26,4569,39,4,203.5
2026-02-02,4569,39,4,62.1
2026-02-09,4569,39,4,0.0
2026-02-02,4570,39,4,308.4
2026-02-09,4570,39,4,0.0
2026-03-02,4571,39,4,383.0
2026-03-09,4571,39,4,67.0
2026-03-16,4571,39,4,0.0
2026-03-16,4572,39,4,179.4
2026-03-23,4572,39,4,0.0
2026-04-13,4573,39,4,291.9
2026-04-20,4573,39,4,130.9
2026-04-27,4573,39,4,0.0
2026-05-04,4574,39,4,475.4
2026-05-11,4574,39,4,116.8
2026-05-18,4574,39,4,0.0
2026-05-11,4575,39,4,556.6
2026-05-18,4575,39,4,240.2
2026-05-25,4575,39,4,0.0
2026-06-01,4576,39,4,291.1
2026-06-08,4576,39,4,116.3
2026-06-15,4576,39,4,0.0
2026-06-22,4577,39,4,357.6
2026-06-29,4577,39,4,21.2
2024-07-08,4578,39,5,472.8
2024-07-15,4578,39,5,275.7
2024-07-22,4578,39,5,78.5
2024-07-29,4578,39,5,0.0
2024-08-05,4579,39,5,261.8
2024-08-12,4579,39,5,0.0
2024-08-26,4580,39,5,333.7
2024-09-02,4580,39,5,189.3
2024-09-09,4580,39,5,45.0
2024-09-02,4581,39,5,193.7
2024-09-09,4581,39,5,50.5
2024-09-16,4581,39,5,0.0
2024-09-23,4582,39,5,190.5
2024-09-30,4582,39,5,81.9
2024-10-07,4582,39,5,0.0
2024-10-14,4583,39,5,180.9
2024-10-21,4583,39,5,13.9
2024-10-28,4583,39,5,0.0
2024-10-21,4584,39,5,253.5
2024-10-28,4584,39,5,0.0
2024-11-25,4585,39,5,204.3
2024-12-02,4585,39,5,119.6
2024-12-09,4585,39,5,35.0
2024-12-02,4586,39,5,178.3
2024-12-09,4586,39,5,79.6
2024-12-16,4586,39,5,0.0
2024-12-23,4587,39,5,412.1
2024-12-30,4587,39,5,0.0
2025-01-13,4588,39,5,520.7
2025-01-20,4588,39,5,146.5
2025-01-27,4588,39,5,0.0
2025-01-27,4589,39,5,553.0
2025-02-03,4589,39,5,265.1
2025-02-10,4589,39,5,0.0
2025-02-24,4590,39,5,458.8
2025-03-03,4590,39,5,63.6
2025-03-10,4590,39,5,0.0
2025-03-03,4591,39,5,293.0
2025-03-10,4591,39,5,68.9
2025-03-17,4591,39,5,0.0
2025-03-17,4592,39,5,557.3
2025-03-24,4592,39,5,288.5
2025-03-31,4592,39,5,19.8
2025-04-07,4592,39,5,0.0
2025-04-07,4593,39,5,395.8
2025-04-14,4593,39,5,202.6
2025-04-21,4593,39,5,9.4
2025-04-28,4593,39,5,0.0
2025-04-28,4594,39,5,243.0
2025-05-05,4594,39,5,26.0
2025-05-12,4594,39,5,0.0
2025-05-19,4595,39,5,407.4
2025-05-26,4595,39,5,0.0
2025-06-09,4596,39,5,160.8
2025-06-16,4596,39,5,62.6
2025-06-23,4596,39,5,0.0
2025-06-30,4597,39,5,374.6
2025-07-07,4597,39,5,129.1
2025-07-14,4597,39,5,0.0
2025-07-07,4598,39,5,377.4
2025-07-14,4598,39,5,87.9
2025-07-21,4598,39,5,0.0
2025-07-28,4599,39,5,335.1
2025-08-04,4599,39,5,165.3
2025-08-11,4599,39,5,0.0
2025-08-18,4600,39,5,289.7
2025-08-25,4600,39,5,152.3
2025-09-01,4600,39,5,15.0
2025-08-25,4601,39,5,202.7
2025-09-01,4601,39,5,95.3
2025-09-08,4601,39,5,0.0
2025-09-08,4602,39,5,448.7
2025-09-15,4602,39,5,128.4
2025-09-22,4602,39,5,0.0
2025-10-06,4603,39,5,39.1
2025-10-13,4603,39,5,17.3
2025-10-20,4603,39,5,0.0
2025-11-03,4604,39,5,427.8
2025-11-10,4604,39,5,0.0
2025-11-03,4605,39,5,588.3
2025-11-10,4605,39,5,286.6
2025-11-17,4605,39,5,0.0
2025-12-08,4606,39,5,144.7
2025-12-15,4606,39,5,23.4
2025-12-22,4606,39,5,0.0
2025-12-22,4607,39,5,108.7
2025-12-29,4607,39,5,40.4
2026-01-05,4607,39,5,0.0
2026-01-05,4608,39,5,530.2
2026-01-12,4608,39,5,208.5
2026-01-19,4608,39,5,0.0
2026-01-19,4609,39,5,365.4
2026-01-26,4609,39,5,0.0
2026-02-02,4610,39,5,411.5
2026-02-09,4610,39,5,69.0
2026-02-16,4610,39,5,0.0
2026-02-23,4611,39,5,142.3
2026-03-02,4611,39,5,13.5
2026-03-09,4611,39,5,0.0
2026-03-30,4612,39,5,464.1
2026-04-06,4612,39,5,299.2
2026-04-13,4612,39,5,134.2
2026-04-06,4613,39,5,311.0
2026-04-13,4613,39,5,88.0
2026-04-20,4613,39,5,0.0
2026-04-13,4614,39,5,298.3
2026-04-20,4614,39,5,160.5
2026-04-27,4614,39,5,22.8
2026-05-04,4614,39,5,0.0
2026-05-11,4615,39,5,272.9
2026-05-18,4615,39,5,5.7
2026-05-25,4615,39,5,0.0
2026-06-08,4616,39,5,98.8
2026-06-15,4616,39,5,39.6
2026-06-22,4616,39,5,0.0
2026-06-22,4617,39,5,351.8
2026-06-29,4617,39,5,106.6
2024-07-22,4618,39,9,500.7
2024-07-29,4618,39,9,232.4
2024-08-05,4618,39,9,0.0
2024-08-05,4619,39,9,100.0
2024-08-12,4619,39,9,57.1
2024-08-19,4619,39,9,14.1
2024-08-26,4619,39,9,0.0
2024-08-12,4620,39,7,242.0
2024-08-19,4620,39,7,147.9
2024-08-26,4620,39,7,53.9
2024-09-02,4620,39,7,0.0
2024-09-02,4621,39,9,278.9
2024-09-09,4621,39,9,61.9
2024-09-16,4621,39,9,0.0
2024-09-16,4622,39,9,532.1
2024-09-23,4622,39,9,215.2
2024-09-30,4622,39,9,0.0
2024-10-07,4623,39,9,126.8
2024-10-14,4623,39,9,37.6
2024-10-21,4623,39,9,0.0
2024-10-28,4624,39,9,421.3
2024-11-04,4624,39,9,242.5
2024-11-11,4624,39,9,63.8
2024-11-25,4625,39,9,230.3
2024-12-02,4625,39,9,91.6
2024-12-09,4625,39,9,0.0
2024-12-09,4626,39,7,204.6
2024-12-16,4626,39,7,35.2
2024-12-23,4626,39,7,0.0
2024-12-30,4627,39,7,424.8
2025-01-06,4627,39,7,251.6
2025-01-13,4627,39,7,78.3
2025-01-13,4628,39,9,257.0
2025-01-20,4628,39,9,0.0
2025-01-27,4629,39,9,356.8
2025-02-03,4629,39,9,0.0
2025-02-24,4630,39,9,256.2
2025-03-03,4630,39,9,106.5
2025-03-10,4630,39,9,0.0
2025-02-24,4631,39,9,588.7
2025-03-03,4631,39,9,317.5
2025-03-10,4631,39,9,46.2
2025-03-17,4631,39,9,0.0
2025-03-31,4632,39,7,272.3
2025-04-07,4632,39,7,148.6
2025-04-14,4632,39,7,24.9
2025-04-14,4633,39,7,133.8
2025-04-21,4633,39,7,52.5
2025-04-28,4633,39,7,0.0
2025-04-28,4634,39,9,360.1
2025-05-05,4634,39,9,162.3
2025-05-12,4634,39,9,0.0
2025-05-19,4635,39,7,315.5
2025-05-26,4635,39,7,0.0
2025-06-02,4636,39,9,117.6
2025-06-09,4636,39,9,60.1
2025-06-16,4636,39,9,2.7
2025-06-16,4637,39,7,479.8
2025-06-23,4637,39,7,306.6
2025-06-30,4637,39,7,133.4
2025-06-30,4638,39,9,418.9
2025-07-07,4638,39,9,208.7
2025-07-14,4638,39,9,0.0
2025-08-04,4639,39,7,321.5
2025-08-11,4639,39,7,179.9
2025-08-18,4639,39,7,38.4
2025-08-11,4640,39,9,118.6
2025-08-18,4640,39,9,0.0
2025-08-25,4641,39,9,47.7
2025-09-01,4641,39,9,21.4
2025-09-08,4641,39,9,0.0
2025-09-15,4642,39,7,213.9
2025-09-22,4642,39,7,0.0
2025-10-13,4643,39,7,100.8
2025-10-20,4643,39,7,35.6
2025-10-27,4643,39,7,0.0
2025-10-27,4644,39,9,237.8
2025-11-03,4644,39,9,118.5
2025-11-10,4644,39,9,0.0
2025-11-17,4645,39,9,95.7
2025-11-24,4645,39,9,40.4
2025-12-01,4645,39,9,0.0
2025-12-01,4646,39,7,195.5
2025-12-08,4646,39,7,38.9
2025-12-15,4646,39,7,0.0
2025-12-22,4647,39,7,215.2
2025-12-29,4647,39,7,25.3
2026-01-05,4647,39,7,0.0
2026-01-12,4648,39,7,304.9
2026-01-19,4648,39,7,136.7
2026-01-26,4648,39,7,0.0
2026-01-19,4649,39,7,437.2
2026-01-26,4649,39,7,215.4
2026-02-02,4649,39,7,0.0
2026-02-16,4650,39,9,150.4
2026-02-23,4650,39,9,79.8
2026-03-02,4650,39,9,9.1
2026-03-09,4650,39,9,0.0
2026-02-23,4651,39,9,442.4
2026-03-02,4651,39,9,102.8
2026-03-09,4651,39,9,0.0
2026-03-16,4652,39,7,504.0
2026-03-23,4652,39,7,311.0
2026-03-30,4652,39,7,118.0
2026-03-30,4653,39,9,577.9
2026-04-06,4653,39,9,348.7
2026-04-13,4653,39,9,119.6
2026-04-20,4653,39,9,0.0
2026-04-27,4654,39,7,424.9
2026-05-04,4654,39,7,236.7
2026-05-11,4654,39,7,48.6
2026-05-18,4655,39,7,280.9
2026-05-25,4655,39,7,151.9
2026-06-01,4655,39,7,22.8
2026-05-25,4656,39,9,374.4
2026-06-01,4656,39,9,0.0
2026-06-15,4657,39,7,92.3
2026-06-22,4657,39,7,23.7
2026-06-29,4657,39,7,0.0
2024-07-08,4658,39,10,42.3
2024-07-15,4658,39,10,12.5
2024-07-22,4658,39,10,0.0
2024-07-29,4659,39,10,251.1
2024-08-05,4659,39,10,104.2
2024-08-12,4659,39,10,0.0
2024-08-19,4660,39,10,134.3
2024-08-26,4660,39,10,1.6
2024-09-02,4660,39,10,0.0
2024-09-09,4661,39,10,389.6
2024-09-16,4661,39,10,97.2
2024-09-23,4661,39,10,0.0
2024-09-30,4662,39,10,304.1
2024-10-07,4662,39,10,137.3
2024-10-14,4662,39,10,0.0
2024-10-14,4663,39,10,590.8
2024-10-21,4663,39,10,385.5
2024-10-28,4663,39,10,180.3
2024-11-04,4663,39,10,0.0
2024-10-28,4664,39,10,367.8
2024-11-04,4664,39,10,0.0
2024-11-18,4665,39,10,137.9
2024-11-25,4665,39,10,76.8
2024-12-02,4665,39,10,15.7
2024-12-09,4665,39,10,0.0
2024-12-02,4666,39,10,80.9
2024-12-09,4666,39,10,3.8
2024-12-16,4666,39,10,0.0
2024-12-23,4667,39,10,65.2
2024-12-30,4667,39,10,0.0
2025-01-20,4668,39,10,408.1
2025-01-27,4668,39,10,239.2
2025-02-03,4668,39,10,70.3
2025-02-03,4669,39,10,372.7
2025-02-10,4669,39,10,178.3
2025-02-17,4669,39,10,0.0
2025-02-17,4670,39,10,251.4
2025-02-24,4670,39,10,36.9
2025-03-03,4670,39,10,0.0
2025-02-24,4671,39,10,147.2
2025-03-03,4671,39,10,68.4
2025-03-10,4671,39,10,0.0
2025-03-24,4672,39,10,372.9
2025-03-31,4672,39,10,0.0
2025-04-07,4673,39,10,407.4
2025-04-14,4673,39,10,0.0
2025-05-05,4674,39,10,42.5
2025-05-12,4674,39,10,0.0
2025-05-12,4675,39,10,412.7
2025-05-19,4675,39,10,0.0
2025-06-09,4676,39,10,449.9
2025-06-16,4676,39,10,121.9
2025-06-23,4676,39,10,0.0
2025-06-16,4677,39,10,251.3
2025-06-23,4677,39,10,0.0
2025-06-30,4678,39,10,211.8
2025-07-07,4678,39,10,127.6
2025-07-14,4678,39,10,43.4
2025-07-21,4678,39,10,0.0
2025-08-04,4679,39,10,122.6
2025-08-11,4679,39,10,64.1
2025-08-18,4679,39,10,5.7
2025-08-11,4680,39,10,245.0
2025-08-18,4680,39,10,7.9
2025-08-25,4680,39,10,0.0
2025-09-01,4681,39,10,611.1
2025-09-08,4681,39,10,393.2
2025-09-15,4681,39,10,175.3
2025-09-22,4681,39,10,0.0
2025-09-15,4682,39,10,218.7
2025-09-22,4682,39,10,54.4
2025-09-29,4682,39,10,0.0
2025-09-29,4683,39,10,455.8
2025-10-06,4683,39,10,187.7
2025-10-13,4683,39,10,0.0
2025-10-27,4684,39,10,113.0
2025-11-03,4684,39,10,6.1
2025-11-10,4684,39,10,0.0
2025-11-10,4685,39,10,383.8
2025-11-17,4685,39,10,102.5
2025-11-24,4685,39,10,0.0
2025-12-08,4686,39,10,516.9
2025-12-15,4686,39,10,252.7
2025-12-22,4686,39,10,0.0
2025-12-29,4687,39,10,377.5
2026-01-05,4687,39,10,0.0
2026-01-12,4688,39,10,89.8
2026-01-19,4688,39,10,28.7
2026-01-26,4688,39,10,0.0
2026-01-19,4689,39,10,439.8
2026-01-26,4689,39,10,259.6
2026-02-02,4689,39,10,79.4
2026-02-09,4690,39,10,405.6
2026-02-16,4690,39,10,26.2
2026-02-23,4690,39,10,0.0
2026-02-23,4691,39,10,126.7
2026-03-02,4691,39,10,0.0
2026-03-16,4692,39,10,596.6
2026-03-23,4692,39,10,356.3
2026-03-30,4692,39,10,115.9
2026-04-06,4693,39,10,415.8
2026-04-13,4693,39,10,131.6
2026-04-20,4693,39,10,0.0
2026-04-20,4694,39,10,255.1
2026-04-27,4694,39,10,72.2
2026-05-04,4694,39,10,0.0
2026-05-11,4695,39,10,368.4
2026-05-18,4695,39,10,101.8
2026-05-25,4695,39,10,0.0
2026-06-01,4696,39,10,394.9
2026-06-08,4696,39,10,0.7
2026-06-15,4696,39,10,0.0
2026-06-22,4697,39,10,93.1
2026-06-29,4697,39,10,19.1
2024-09-02,4699,40,6,402.2
2024-09-09,4699,40,6,299.5
2024-09-16,4699,40,6,196.7
2024-09-23,4699,40,6,93.9
2024-09-30,4699,40,6,0.0
2024-12-02,4700,40,5,1021.5
2024-12-09,4700,40,5,834.0
2024-12-16,4700,40,5,646.5
2024-12-23,4700,40,5,459.0
2024-12-30,4700,40,5,271.5
2025-01-06,4700,40,5,84.0
2025-01-13,4700,40,5,0.0
2025-06-09,4701,40,5,307.4
2025-06-16,4701,40,5,283.7
2025-06-23,4701,40,5,260.1
2025-06-30,4701,40,5,236.4
2025-07-07,4701,40,5,212.8
2025-07-14,4701,40,5,189.2
2025-07-21,4701,40,5,165.5
2025-07-28,4701,40,5,141.9
2025-08-04,4701,40,5,118.2
2025-08-11,4701,40,5,94.6
2025-08-18,4701,40,5,71.0
2025-08-25,4701,40,5,47.3
2025-09-01,4701,40,5,23.7
2025-09-08,4701,40,5,0.0
2025-09-15,4701,40,5,0.0
2025-09-15,4702,40,5,350.1
2025-09-22,4702,40,5,278.1
2025-09-29,4702,40,5,206.2
2025-10-06,4702,40,5,134.3
2025-10-13,4702,40,5,62.3
2025-10-20,4702,40,5,0.0
2025-12-29,4703,40,6,687.8
2026-01-05,4703,40,6,580.6
2026-01-12,4703,40,6,473.4
2026-01-19,4703,40,6,366.2
2026-01-26,4703,40,6,259.0
2026-02-02,4703,40,6,151.9
2026-02-09,4703,40,6,44.7
2026-02-16,4703,40,6,0.0
2026-06-01,4704,40,4,1153.8
2026-06-08,4704,40,4,1058.6
2026-06-15,4704,40,4,963.3
2026-06-22,4704,40,4,868.1
2026-06-29,4704,40,4,772.9
2024-09-23,4705,41,2,829.1
2024-09-30,4705,41,2,615.3
2024-10-07,4705,41,2,401.4
2024-10-14,4705,41,2,187.6
2024-10-21,4705,41,2,0.0
2024-12-30,4706,41,4,1145.9
2025-01-06,4706,41,4,1029.8
2025-01-13,4706,41,4,913.7
2025-01-20,4706,41,4,797.6
2025-01-27,4706,41,4,681.5
2025-02-03,4706,41,4,565.4
2025-02-10,4706,41,4,449.3
2025-02-17,4706,41,4,333.2
2025-02-24,4706,41,4,217.1
2025-03-03,4706,41,4,101.0
2025-03-10,4706,41,4,0.0
2025-05-19,4707,41,2,796.3
2025-05-26,4707,41,2,644.7
2025-06-02,4707,41,2,493.0
2025-06-09,4707,41,2,341.4
2025-06-16,4707,41,2,189.7
2025-06-23,4707,41,2,38.1
2025-06-30,4707,41,2,0.0
2025-07-21,4708,41,6,119.9
2025-07-28,4708,41,6,105.7
2025-08-04,4708,41,6,91.6
2025-08-11,4708,41,6,77.4
2025-08-18,4708,41,6,63.3
2025-08-25,4708,41,6,49.1
2025-09-01,4708,41,6,35.0
2025-09-08,4708,41,6,20.8
2025-09-15,4708,41,6,6.7
2025-09-22,4708,41,6,0.0
2025-11-24,4709,41,6,397.9
2025-12-01,4709,41,6,312.9
2025-12-08,4709,41,6,227.8
2025-12-15,4709,41,6,142.8
2025-12-22,4709,41,6,57.7
2025-12-29,4709,41,6,0.0
2026-03-02,4710,41,6,518.9
2026-03-09,4710,41,6,429.7
2026-03-16,4710,41,6,340.6
2026-03-23,4710,41,6,251.4
2026-03-30,4710,41,6,162.3
2026-04-06,4710,41,6,73.1
2026-04-13,4710,41,6,0.0
2026-06-29,4711,41,4,473.7
2024-07-15,4712,42,1,718.9
2024-07-22,4712,42,1,639.8
2024-07-29,4712,42,1,560.8
2024-08-05,4712,42,1,481.7
2024-08-12,4712,42,1,402.6
2024-08-19,4712,42,1,323.5
2024-08-26,4712,42,1,244.4
2024-09-02,4712,42,1,165.3
2024-09-09,4712,42,1,86.3
2024-09-16,4712,42,1,7.2
2024-09-23,4712,42,1,0.0
2024-10-21,4713,42,3,153.5
2024-10-28,4713,42,3,130.0
2024-11-04,4713,42,3,106.5
2024-11-11,4713,42,3,82.9
2024-11-18,4713,42,3,59.4
2024-11-25,4713,42,3,35.9
2024-12-02,4713,42,3,12.4
2024-12-09,4713,42,3,0.0
2024-12-30,4714,42,3,101.1
2025-01-06,4714,42,3,80.3
2025-01-13,4714,42,3,59.4
2025-01-20,4714,42,3,38.5
2025-01-27,4714,42,3,17.6
2025-02-03,4714,42,3,0.0
2025-02-10,4715,42,3,510.7
2025-02-17,4715,42,3,435.4
2025-02-24,4715,42,3,360.1
2025-03-03,4715,42,3,284.8
2025-03-10,4715,42,3,209.5
2025-03-17,4715,42,3,134.2
2025-03-24,4715,42,3,58.9
2025-03-31,4715,42,3,0.0
2025-03-17,4716,42,1,204.7
2025-03-24,4716,42,1,189.4
2025-03-31,4716,42,1,174.1
2025-04-07,4716,42,1,158.7
2025-04-14,4716,42,1,143.4
2025-04-21,4716,42,1,128.1
2025-04-28,4716,42,1,112.8
2025-05-05,4716,42,1,97.5
2025-05-12,4716,42,1,82.2
2025-05-19,4716,42,1,66.9
2025-05-26,4716,42,1,51.5
2025-06-16,4717,42,3,567.1
2025-06-23,4717,42,3,528.3
2025-06-30,4717,42,3,489.4
2025-07-07,4717,42,3,450.5
2025-07-14,4717,42,3,411.7
2025-07-21,4717,42,3,372.8
2025-07-28,4717,42,3,333.9
2025-08-04,4717,42,3,295.1
2025-08-11,4717,42,3,256.2
2025-08-18,4717,42,3,217.3
2025-08-25,4717,42,3,178.5
2025-07-28,4718,42,1,391.2
2025-08-04,4718,42,1,337.4
2025-08-11,4718,42,1,283.6
2025-08-18,4718,42,1,229.7
2025-08-25,4718,42,1,175.9
2025-09-01,4718,42,1,122.1
2025-09-08,4718,42,1,68.3
2025-09-15,4718,42,1,14.5
2025-09-22,4718,42,1,0.0
2025-09-22,4719,42,3,440.8
2025-09-29,4719,42,3,333.6
2025-10-06,4719,42,3,226.4
2025-10-13,4719,42,3,119.1
2025-10-20,4719,42,3,11.9
2025-10-27,4719,42,3,0.0
2025-10-20,4720,42,3,350.5
2025-10-27,4720,42,3,309.0
2025-11-03,4720,42,3,267.4
2025-11-10,4720,42,3,225.9
2025-11-17,4720,42,3,184.4
2025-11-24,4720,42,3,142.9
2025-12-01,4720,42,3,101.3
2025-12-08,4720,42,3,59.8
2025-12-15,4720,42,3,18.3
2025-12-22,4720,42,3,0.0
2025-12-29,4721,42,1,544.9
2026-01-05,4721,42,1,435.9
2026-01-12,4721,42,1,326.8
2026-01-19,4721,42,1,217.7
2026-01-26,4721,42,1,108.6
2026-02-02,4721,42,1,0.0
2026-03-16,4722,42,3,206.7
2026-03-23,4722,42,3,169.3
2026-03-30,4722,42,3,132.0
2026-04-06,4722,42,3,94.6
2026-04-13,4722,42,3,57.3
2026-04-20,4722,42,3,19.9
2026-04-27,4722,42,3,0.0
2026-06-08,4723,42,3,452.2
2026-06-15,4723,42,3,359.5
2026-06-22,4723,42,3,266.7
2026-06-29,4723,42,3,174.0
2026-06-29,4724,42,3,399.6
2024-08-05,4725,42,4,607.7
2024-08-12,4725,42,4,491.3
2024-08-19,4725,42,4,375.0
2024-08-26,4725,42,4,258.7
2024-09-02,4725,42,4,142.4
2024-09-09,4725,42,4,26.0
2024-09-16,4725,42,4,0.0
2024-10-21,4726,42,4,305.1
2024-10-28,4726,42,4,256.2
2024-11-04,4726,42,4,207.4
2024-11-11,4726,42,4,158.5
2024-11-18,4726,42,4,109.6
2024-11-25,4726,42,4,60.7
2024-12-02,4726,42,4,11.8
2024-12-09,4726,42,4,0.0
2024-11-11,4727,42,4,89.0
2024-11-18,4727,42,4,69.0
2024-11-25,4727,42,4,49.0
2024-12-02,4727,42,4,29.0
2024-12-09,4727,42,4,9.0
2024-12-16,4727,42,4,0.0
2025-02-03,4728,42,4,62.6
2025-02-10,4728,42,4,54.1
2025-02-17,4728,42,4,45.7
2025-02-24,4728,42,4,37.2
2025-03-03,4728,42,4,28.8
2025-03-10,4728,42,4,20.3
2025-03-17,4728,42,4,11.9
2025-03-24,4728,42,4,3.4
2025-03-31,4728,42,4,0.0
2025-03-10,4729,42,4,303.5
2025-03-17,4729,42,4,235.0
2025-03-24,4729,42,4,166.5
2025-03-31,4729,42,4,98.0
2025-04-07,4729,42,4,29.5
2025-04-14,4729,42,4,0.0
2025-06-09,4730,42,4,336.8
2025-06-16,4730,42,4,279.7
2025-06-23,4730,42,4,222.5
2025-06-30,4730,42,4,165.4
2025-07-07,4730,42,4,108.2
2025-07-14,4730,42,4,51.1
2025-07-21,4730,42,4,0.0
2025-08-18,4731,42,4,89.3
2025-08-25,4731,42,4,70.7
2025-09-01,4731,42,4,52.0
2025-09-08,4731,42,4,33.3
2025-09-15,4731,42,4,14.6
2025-09-22,4731,42,4,0.0
2025-09-15,4732,42,4,631.8
2025-09-22,4732,42,4,519.7
2025-09-29,4732,42,4,407.5
2025-10-06,4732,42,4,295.3
2025-10-13,4732,42,4,183.1
2025-10-20,4732,42,4,71.0
2025-10-27,4732,42,4,0.0
2025-10-27,4733,42,4,49.4
2025-11-03,4733,42,4,37.8
2025-11-10,4733,42,4,26.3
2025-11-17,4733,42,4,14.7
2025-11-24,4733,42,4,3.1
2025-12-01,4733,42,4,0.0
2026-01-26,4734,42,4,449.5
2026-02-02,4734,42,4,398.0
2026-02-09,4734,42,4,346.6
2026-02-16,4734,42,4,295.1
2026-02-23,4734,42,4,243.6
2026-03-02,4734,42,4,192.1
2026-03-09,4734,42,4,140.6
2026-03-16,4734,42,4,89.2
2026-03-23,4734,42,4,37.7
2026-03-30,4734,42,4,0.0
2026-03-09,4735,42,4,98.9
2026-03-16,4735,42,4,75.8
2026-03-23,4735,42,4,52.7
2026-03-30,4735,42,4,29.6
2026-04-06,4735,42,4,6.5
2026-04-13,4735,42,4,0.0
2026-04-20,4736,42,4,262.5
2026-04-27,4736,42,4,234.0
2026-05-04,4736,42,4,205.5
2026-05-11,4736,42,4,177.0
2026-05-18,4736,42,4,148.6
2026-05-25,4736,42,4,120.1
2026-06-01,4736,42,4,91.6
2026-06-08,4736,42,4,63.1
2026-06-15,4736,42,4,34.6
2026-06-22,4736,42,4,6.1
2026-06-29,4736,42,4,0.0
2026-06-15,4737,42,4,244.1
2026-06-22,4737,42,4,217.3
2026-06-29,4737,42,4,190.4
2024-08-12,4738,42,5,229.0
2024-08-19,4738,42,5,212.0
2024-08-26,4738,42,5,195.0
2024-09-02,4738,42,5,177.9
2024-09-09,4738,42,5,160.9
2024-09-16,4738,42,5,143.9
2024-09-23,4738,42,5,126.9
2024-09-30,4738,42,5,109.9
2024-10-07,4738,42,5,92.9
2024-10-14,4738,42,5,75.9
2024-10-21,4738,42,5,58.8
2024-10-28,4739,42,5,801.4
2024-11-04,4739,42,5,740.8
2024-11-11,4739,42,5,680.2
2024-11-18,4739,42,5,619.7
2024-11-25,4739,42,5,559.1
2024-12-02,4739,42,5,498.5
2024-12-09,4739,42,5,437.9
2024-12-16,4739,42,5,377.3
2024-12-23,4739,42,5,316.7
2024-12-30,4739,42,5,256.1
2025-01-06,4739,42,5,195.5
2024-12-02,4740,42,5,354.0
2024-12-09,4740,42,5,330.9
2024-12-16,4740,42,5,307.9
2024-12-23,4740,42,5,284.8
2024-12-30,4740,42,5,261.8
2025-01-06,4740,42,5,238.7
2025-01-13,4740,42,5,215.7
2025-01-20,4740,42,5,192.6
2025-01-27,4740,42,5,169.6
2025-02-03,4740,42,5,146.5
2025-02-10,4740,42,5,123.5
2025-02-03,4741,42,5,173.2
2025-02-10,4741,42,5,143.4
2025-02-17,4741,42,5,113.5
2025-02-24,4741,42,5,83.7
2025-03-03,4741,42,5,53.9
2025-03-10,4741,42,5,24.1
2025-03-17,4741,42,5,0.0
2025-03-03,4742,42,5,94.1
2025-03-10,4742,42,5,77.1
2025-03-17,4742,42,5,60.2
2025-03-24,4742,42,5,43.2
2025-03-31,4742,42,5,26.3
2025-04-07,4742,42,5,9.3
2025-04-14,4742,42,5,0.0
2025-05-12,4743,42,5,512.6
2025-05-19,4743,42,5,439.2
2025-05-26,4743,42,5,365.8
2025-06-02,4743,42,5,292.4
2025-06-09,4743,42,5,218.9
2025-06-16,4743,42,5,145.5
2025-06-23,4743,42,5,72.1
2025-06-30,4743,42,5,0.0
2025-07-14,4744,42,5,57.5
2025-07-21,4744,42,5,42.0
2025-07-28,4744,42,5,26.5
2025-08-04,4744,42,5,11.0
2025-08-11,4744,42,5,0.0
2025-09-22,4745,42,5,129.3
2025-09-29,4745,42,5,107.6
2025-10-06,4745,42,5,85.9
2025-10-13,4745,42,5,64.1
2025-10-20,4745,42,5,42.4
2025-10-27,4745,42,5,20.7
2025-11-03,4745,42,5,0.0
2025-11-24,4746,42,5,566.0
2025-12-01,4746,42,5,523.9
2025-12-08,4746,42,5,481.9
2025-12-15,4746,42,5,439.8
2025-12-22,4746,42,5,397.8
2025-12-29,4746,42,5,355.8
2026-01-05,4746,42,5,313.7
2026-01-12,4746,42,5,271.7
2026-01-19,4746,42,5,229.6
2026-01-26,4746,42,5,187.6
2026-02-02,4746,42,5,145.6
2026-01-05,4747,42,5,625.5
2026-01-12,4747,42,5,525.9
2026-01-19,4747,42,5,426.4
2026-01-26,4747,42,5,326.9
2026-02-02,4747,42,5,227.3
2026-02-09,4747,42,5,127.8
2026-02-16,4747,42,5,28.3
2026-02-23,4747,42,5,0.0
2026-03-09,4748,42,5,68.3
2026-03-16,4748,42,5,56.7
2026-03-23,4748,42,5,45.0
2026-03-30,4748,42,5,33.4
2026-04-06,4748,42,5,21.7
2026-04-13,4748,42,5,10.0
2026-04-20,4748,42,5,0.0
2026-05-04,4749,42,5,336.8
2026-05-11,4749,42,5,304.7
2026-05-18,4749,42,5,272.5
2026-05-25,4749,42,5,240.4
2026-06-01,4749,42,5,208.2
2026-06-08,4749,42,5,176.0
2026-06-15,4749,42,5,143.9
2026-06-22,4749,42,5,111.7
2026-06-29,4749,42,5,79.6
2026-06-22,4750,42,5,260.7
2026-06-29,4750,42,5,210.5
2024-09-02,4751,42,9,191.6
2024-09-09,4751,42,9,151.3
2024-09-16,4751,42,9,110.9
2024-09-23,4751,42,9,70.6
2024-09-30,4751,42,9,30.2
2024-10-07,4751,42,9,0.0
2024-10-28,4752,42,7,323.7
2024-11-04,4752,42,7,270.3
2024-11-11,4752,42,7,217.0
2024-11-18,4752,42,7,163.7
2024-11-25,4752,42,7,110.3
2024-12-02,4752,42,7,57.0
2024-12-09,4752,42,7,3.7
2024-12-16,4752,42,7,0.0
2024-12-02,4753,42,9,107.2
2024-12-09,4753,42,9,82.5
2024-12-16,4753,42,9,57.7
2024-12-23,4753,42,9,33.0
2024-12-30,4753,42,9,8.2
2025-01-06,4753,42,9,0.0
2025-02-03,4754,42,9,522.7
2025-02-10,4754,42,9,433.5
2025-02-17,4754,42,9,344.2
2025-02-24,4754,42,9,255.0
2025-03-03,4754,42,9,165.7
2025-03-10,4754,42,9,76.5
2025-03-17,4754,42,9,0.0
2025-04-14,4755,42,9,117.4
2025-04-21,4755,42,9,100.8
2025-04-28,4755,42,9,84.2
2025-05-05,4755,42,9,67.6
2025-05-12,4755,42,9,50.9
2025-05-19,4755,42,9,34.3
2025-05-26,4755,42,9,17.7
2025-06-02,4755,42,9,1.1
2025-06-09,4755,42,9,0.0
2025-05-12,4756,42,9,263.7
2025-05-19,4756,42,9,224.3
2025-05-26,4756,42,9,185.0
2025-06-02,4756,42,9,145.7
2025-06-09,4756,42,9,106.4
2025-06-16,4756,42,9,67.0
2025-06-23,4756,42,9,27.7
2025-06-30,4756,42,9,0.0
2025-08-18,4757,42,9,374.3
2025-08-25,4757,42,9,313.7
2025-09-01,4757,42,9,253.0
2025-09-08,4757,42,9,192.3
2025-09-15,4757,42,9,131.7
2025-09-22,4757,42,9,71.0
2025-09-29,4757,42,9,10.3
2025-10-06,4757,42,9,0.0
2025-08-25,4758,42,7,701.8
2025-09-01,4758,42,7,539.6
2025-09-08,4758,42,7,377.4
2025-09-15,4758,42,7,215.2
2025-09-22,4758,42,7,53.0
2025-09-29,4758,42,7,0.0
2025-12-01,4759,42,9,465.3
2025-12-08,4759,42,9,347.7
2025-12-15,4759,42,9,230.0
2025-12-22,4759,42,9,112.4
2025-12-29,4759,42,9,0.0
2026-01-05,4760,42,7,698.6
2026-01-12,4760,42,7,621.3
2026-01-19,4760,42,7,543.9
2026-01-26,4760,42,7,466.6
2026-02-02,4760,42,7,389.2
2026-02-09,4760,42,7,311.9
2026-02-16,4760,42,7,234.5
2026-02-23,4760,42,7,157.2
2026-03-02,4760,42,7,79.8
2026-03-09,4760,42,7,2.5
2026-03-16,4760,42,7,0.0
2026-03-16,4761,42,9,120.5
2026-03-23,4761,42,9,103.1
2026-03-30,4761,42,9,85.6
2026-04-06,4761,42,9,68.2
2026-04-13,4761,42,9,50.7
2026-04-20,4761,42,9,33.3
2026-04-27,4761,42,9,15.8
2026-05-04,4761,42,9,0.0
2026-06-01,4762,42,7,601.0
2026-06-08,4762,42,7,433.0
2026-06-15,4762,42,7,264.9
2026-06-22,4762,42,7,96.9
2026-06-29,4762,42,7,0.0
2024-07-29,4763,42,10,243.0
2024-08-05,4763,42,10,186.1
2024-08-12,4763,42,10,129.1
2024-08-19,4763,42,10,72.1
2024-08-26,4763,42,10,15.1
2024-09-02,4763,42,10,0.0
2024-11-04,4764,42,10,703.8
2024-11-11,4764,42,10,521.7
2024-11-18,4764,42,10,339.5
2024-11-25,4764,42,10,157.3
2024-12-02,4764,42,10,0.0
2024-11-04,4765,42,10,165.3
2024-11-11,4765,42,10,128.5
2024-11-18,4765,42,10,91.8
2024-11-25,4765,42,10,55.0
2024-12-02,4765,42,10,18.3
2024-12-09,4765,42,10,0.0
2025-02-10,4766,42,10,291.8
2025-02-17,4766,42,10,247.5
2025-02-24,4766,42,10,203.3
2025-03-03,4766,42,10,159.1
2025-03-10,4766,42,10,114.8
2025-03-17,4766,42,10,70.6
2025-03-24,4766,42,10,26.4
2025-03-31,4766,42,10,0.0
2025-04-28,4767,42,10,517.1
2025-05-05,4767,42,10,396.2
2025-05-12,4767,42,10,275.2
2025-05-19,4767,42,10,154.3
2025-05-26,4767,42,10,33.4
2025-06-02,4767,42,10,0.0
2025-06-16,4768,42,10,104.6
2025-06-23,4768,42,10,95.3
2025-06-30,4768,42,10,85.9
2025-07-07,4768,42,10,76.6
2025-07-14,4768,42,10,67.2
2025-07-21,4768,42,10,57.9
2025-07-28,4768,42,10,48.5
2025-08-04,4768,42,10,39.2
2025-08-11,4768,42,10,29.8
2025-08-18,4768,42,10,20.5
2025-08-25,4768,42,10,11.1
2025-07-07,4769,42,10,239.1
2025-07-14,4769,42,10,213.2
2025-07-21,4769,42,10,187.3
2025-07-28,4769,42,10,161.3
2025-08-04,4769,42,10,135.4
2025-08-11,4769,42,10,109.5
2025-08-18,4769,42,10,83.6
2025-08-25,4769,42,10,57.7
2025-09-01,4769,42,10,31.8
2025-09-08,4769,42,10,5.9
2025-09-15,4769,42,10,0.0
2025-09-01,4770,42,10,235.9
2025-09-08,4770,42,10,201.8
2025-09-15,4770,42,10,167.7
2025-09-22,4770,42,10,133.6
2025-09-29,4770,42,10,99.5
2025-10-06,4770,42,10,65.4
2025-10-13,4770,42,10,31.3
2025-10-20,4770,42,10,0.0
2025-12-08,4771,42,10,347.9
2025-12-15,4771,42,10,315.8
2025-12-22,4771,42,10,283.7
2025-12-29,4771,42,10,251.6
2026-01-05,4771,42,10,219.4
2026-01-12,4771,42,10,187.3
2026-01-19,4771,42,10,155.2
2026-01-26,4771,42,10,123.1
2026-02-02,4771,42,10,91.0
2026-02-09,4771,42,10,58.9
2026-02-16,4771,42,10,26.8
2026-01-05,4772,42,10,767.4
2026-01-12,4772,42,10,662.8
2026-01-19,4772,42,10,558.3
2026-01-26,4772,42,10,453.7
2026-02-02,4772,42,10,349.1
2026-02-09,4772,42,10,244.5
2026-02-16,4772,42,10,139.9
2026-02-23,4772,42,10,35.4
2026-03-02,4772,42,10,0.0
2026-02-16,4773,42,10,91.8
2026-02-23,4773,42,10,73.6
2026-03-02,4773,42,10,55.5
2026-03-09,4773,42,10,37.3
2026-03-16,4773,42,10,19.1
2026-03-23,4773,42,10,0.9
2026-03-30,4773,42,10,0.0
2026-05-25,4774,42,10,483.6
2026-06-01,4774,42,10,424.2
2026-06-08,4774,42,10,364.8
2026-06-15,4774,42,10,305.4
2026-06-22,4774,42,10,246.0
2026-06-29,4774,42,10,186.6
2024-07-08,4775,43,1,120.5
2024-07-15,4776,43,3,66.9
2024-07-22,4777,43,3,263.5
2024-07-29,4777,43,3,37.1
2024-07-29,4778,43,3,600.2
2024-08-05,4779,43,1,180.7
2024-08-12,4780,43,3,90.2
2024-08-19,4781,43,3,145.2
2024-08-26,4782,43,1,338.8
2024-09-02,4783,43,3,488.7
2024-09-09,4784,43,1,486.0
2024-09-16,4784,43,1,318.9
2024-09-23,4785,43,1,410.7
2024-09-30,4786,43,3,301.9
2024-10-07,4787,43,3,75.4
2024-10-14,4788,43,3,290.3
2024-10-14,4789,43,3,399.0
2024-10-21,4789,43,3,237.1
2024-10-21,4790,43,1,191.8
2024-10-28,4790,43,1,17.6
2024-11-04,4791,43,1,388.0
2024-11-04,4792,43,3,160.2
2024-11-11,4793,43,3,107.8
2024-11-18,4794,43,1,309.9
2024-11-25,4795,43,1,174.6
2024-12-02,4796,43,1,491.6
2024-12-09,4797,43,3,42.8
2024-12-16,4797,43,3,22.6
2024-12-23,4798,43,1,535.9
2024-12-23,4799,43,3,44.0
2025-01-06,4800,43,3,282.4
2025-01-06,4801,43,1,348.3
2025-01-13,4801,43,1,189.5
2025-01-13,4802,43,3,173.8
2025-01-20,4803,43,1,237.1
2025-01-27,4804,43,1,612.2
2025-02-03,4805,43,3,306.5
2025-02-10,4806,43,3,383.5
2025-02-17,4806,43,3,33.0
2025-02-17,4807,43,1,157.2
2025-02-24,4808,43,1,249.8
2025-03-03,4808,43,1,74.5
2025-03-03,4809,43,1,446.3
2025-03-10,4809,43,1,59.6
2025-03-10,4810,43,3,199.7
2025-03-17,4811,43,3,422.6
2025-03-31,4812,43,1,141.4
2025-03-31,4813,43,3,157.9
2025-04-07,4813,43,3,0.0
2025-04-07,4814,43,1,550.4
2025-04-14,4815,43,1,380.2
2025-04-21,4815,43,1,103.3
2025-04-21,4816,43,1,150.8
2025-04-28,4817,43,3,46.4
2025-05-05,4818,43,3,491.1
2025-05-12,4819,43,1,173.6
2025-05-19,4820,43,1,47.8
2025-05-26,4821,43,1,366.5
2025-06-02,4822,43,3,485.5
2025-06-09,4823,43,1,142.0
2025-06-16,4824,43,1,79.3
2025-06-23,4825,43,3,234.8
2025-06-30,4826,43,1,73.1
2025-07-07,4827,43,1,60.5
2025-07-14,4828,43,3,504.4
2025-07-28,4829,43,1,377.9
2025-07-28,4830,43,3,308.2
2025-08-11,4831,43,3,54.8
2025-08-11,4832,43,1,368.5
2025-08-18,4832,43,1,109.9
2025-08-18,4833,43,3,411.3
2025-09-01,4834,43,3,195.0
2025-09-08,4835,43,1,127.0
2025-09-08,4836,43,1,288.3
2025-09-15,4837,43,3,210.5
2025-09-22,4838,43,1,258.0
2025-09-29,4838,43,1,7.1
2025-09-29,4839,43,3,97.3
2025-10-13,4840,43,3,267.9
2025-10-13,4841,43,3,367.1
2025-10-20,4842,43,3,249.8
2025-10-27,4842,43,3,98.6
2025-10-27,4843,43,1,357.7
2025-11-03,4844,43,3,529.7
2025-11-10,4845,43,3,108.5
2025-11-17,4845,43,3,5.0
2025-11-17,4846,43,1,105.1
2025-11-24,4846,43,1,23.2
2025-11-24,4847,43,3,270.5
2025-12-01,4848,43,3,472.0
2025-12-08,4849,43,3,227.1
2025-12-15,4850,43,1,334.3
2025-12-22,4851,43,1,450.2
2025-12-29,4851,43,1,292.4
2025-12-29,4852,43,3,37.7
2026-01-05,4853,43,1,373.5
2026-01-12,4854,43,3,541.3
2026-01-19,4855,43,1,557.1
2026-01-26,4855,43,1,222.2
2026-01-26,4856,43,1,476.0
2026-02-02,4857,43,3,214.0
2026-02-09,4857,43,3,125.1
2026-02-09,4858,43,1,109.7
2026-02-16,4859,43,1,365.5
2026-02-23,4860,43,3,347.3
2026-03-02,4861,43,3,376.0
2026-03-09,4862,43,3,512.8
2026-03-16,4863,43,3,184.6
2026-03-23,4863,43,3,24.2
2026-03-23,4864,43,3,131.7
2026-04-06,4865,43,1,95.3
2026-04-06,4866,43,1,256.7
2026-04-13,4867,43,3,199.8
2026-04-20,4868,43,3,140.3
2026-04-27,4868,43,3,43.6
2026-04-27,4869,43,3,237.0
2026-05-04,4870,43,3,409.9
2026-05-11,4871,43,3,162.3
2026-05-18,4871,43,3,8.6
2026-05-18,4872,43,1,41.0
2026-05-25,4872,43,1,18.1
2026-05-25,4873,43,1,96.9
2026-06-01,4874,43,1,610.3
2026-06-08,4874,43,1,363.6
2026-06-08,4875,43,3,540.8
2026-06-15,4875,43,3,286.6
2026-06-22,4876,43,1,255.0
2026-06-22,4877,43,3,528.5
2024-07-08,4880,43,4,349.8
2024-07-15,4881,43,4,207.5
2024-07-22,4882,43,4,179.0
2024-07-29,4883,43,4,325.8
2024-08-05,4884,43,4,46.9
2024-08-19,4885,43,4,42.0
2024-08-19,4886,43,4,545.8
2024-08-26,4887,43,4,317.1
2024-09-02,4887,43,4,0.0
2024-09-02,4888,43,4,285.7
2024-09-09,4889,43,4,412.5
2024-09-23,4890,43,4,560.8
2024-09-23,4891,43,4,320.3
2024-09-30,4891,43,4,0.0
2024-10-07,4892,43,4,332.9
2024-10-07,4893,43,4,214.9
2024-10-14,4894,43,4,425.5
2024-10-21,4894,43,4,228.0
2024-10-21,4895,43,4,406.3
2024-10-28,4896,43,4,88.8
2024-11-04,4897,43,4,568.8
2024-11-11,4897,43,4,350.6
2024-11-11,4898,43,4,129.5
2024-11-18,4898,43,4,64.0
2024-11-18,4899,43,4,475.1
2024-11-25,4900,43,4,418.8
2024-12-02,4900,43,4,0.0
2024-12-02,4901,43,4,184.3
2024-12-09,4902,43,4,146.8
2024-12-16,4903,43,4,61.8
2024-12-23,4904,43,4,537.1
2024-12-30,4905,43,4,251.8
2025-01-06,4905,43,4,90.7
2025-01-06,4906,43,4,119.5
2025-01-13,4907,43,4,105.1
2025-01-20,4908,43,4,404.2
2025-01-27,4909,43,4,295.1
2025-02-03,4910,43,4,132.1
2025-02-10,4910,43,4,26.1
2025-02-10,4911,43,4,583.2
2025-02-17,4912,43,4,76.9
2025-02-24,4913,43,4,497.6
2025-03-03,4914,43,4,292.7
2025-03-10,4915,43,4,263.9
2025-03-17,4915,43,4,1.8
2025-03-17,4916,43,4,36.0
2025-03-24,4916,43,4,0.0
2025-03-24,4917,43,4,139.9
2025-03-31,4918,43,4,248.4
2025-04-07,4918,43,4,67.7
2025-04-14,4919,43,4,279.8
2025-04-14,4920,43,4,308.4
2025-04-21,4920,43,4,193.8
2025-04-21,4921,43,4,255.6
2025-04-28,4922,43,4,380.8
2025-05-05,4922,43,4,64.6
2025-05-05,4923,43,4,372.0
2025-05-12,4924,43,4,448.7
2025-05-19,4925,43,4,97.2
2025-05-26,4926,43,4,288.8
2025-06-02,4927,43,4,75.0
2025-06-09,4928,43,4,285.2
2025-06-16,4928,43,4,184.5
2025-06-16,4929,43,4,86.8
2025-06-23,4930,43,4,534.1
2025-06-30,4931,43,4,467.1
2025-07-07,4932,43,4,244.6
2025-07-14,4933,43,4,524.6
2025-07-21,4934,43,4,353.7
2025-07-28,4934,43,4,153.3
2025-07-28,4935,43,4,148.9
2025-08-04,4936,43,4,109.0
2025-08-11,4937,43,4,242.2
2025-08-18,4938,43,4,306.9
2025-08-25,4938,43,4,124.9
2025-08-25,4939,43,4,220.2
2025-09-01,4940,43,4,174.6
2025-09-08,4941,43,4,88.6
2025-09-22,4942,43,4,551.3
2025-09-22,4943,43,4,242.9
2025-09-29,4944,43,4,265.2
2025-10-13,4945,43,4,139.1
2025-10-13,4946,43,4,226.2
2025-10-20,4946,43,4,0.0
2025-10-20,4947,43,4,413.8
2025-10-27,4948,43,4,427.8
2025-11-10,4949,43,4,229.8
2025-11-17,4950,43,4,267.3
2025-11-17,4951,43,4,144.2
2025-12-01,4952,43,4,178.6
2025-12-01,4953,43,4,300.8
2025-12-08,4954,43,4,415.6
2025-12-22,4955,43,4,50.8
2025-12-22,4956,43,4,394.7
2026-01-05,4957,43,4,46.2
2026-01-05,4958,43,4,640.4
2026-01-12,4959,43,4,80.2
2026-01-26,4960,43,4,150.6
2026-01-26,4961,43,4,40.8
2026-02-02,4962,43,4,386.4
2026-02-09,4963,43,4,192.8
2026-02-16,4964,43,4,581.2
2026-02-23,4964,43,4,276.3
2026-02-23,4965,43,4,307.1
2026-03-02,4966,43,4,138.3
2026-03-09,4967,43,4,332.9
2026-03-16,4968,43,4,55.7
2026-03-23,4968,43,4,31.4
2026-03-23,4969,43,4,599.7
2026-03-30,4970,43,4,70.2
2026-04-06,4970,43,4,25.3
2026-04-06,4971,43,4,421.5
2026-04-13,4971,43,4,84.9
2026-04-13,4972,43,4,491.5
2026-04-20,4973,43,4,57.3
2026-04-27,4973,43,4,31.6
2026-05-04,4974,43,4,375.7
2026-05-04,4975,43,4,239.6
2026-05-11,4976,43,4,421.0
2026-05-18,4977,43,4,450.2
2026-06-01,4978,43,4,405.1
2026-06-08,4979,43,4,559.0
2026-06-08,4980,43,4,335.0
2026-06-15,4980,43,4,41.0
2026-06-15,4981,43,4,422.0
2026-06-22,4982,43,4,207.6
2026-06-29,4983,43,4,341.5
2024-07-08,4984,43,5,328.7
2024-07-15,4985,43,5,172.1
2024-07-22,4986,43,5,93.9
2024-07-29,4987,43,5,369.9
2024-08-05,4987,43,5,0.0
2024-08-05,4988,43,5,110.9
2024-08-12,4989,43,5,314.2
2024-08-19,4990,43,5,86.2
2024-08-26,4991,43,5,413.7
2024-09-02,4992,43,5,255.1
2024-09-09,4992,43,5,36.2
2024-09-09,4993,43,5,372.0
2024-09-16,4993,43,5,226.1
2024-09-16,4994,43,5,348.9
2024-09-23,4995,43,5,457.5
2024-09-30,4996,43,5,341.3
2024-10-07,4997,43,5,399.4
2024-10-14,4998,43,5,473.3
2024-10-21,4999,43,5,158.8
2024-11-04,5000,43,5,333.7
2024-11-11,5001,43,5,133.1
2024-11-11,5002,43,5,535.3
2024-11-18,5002,43,5,262.6
2024-11-18,5003,43,5,164.1
2024-11-25,5004,43,5,448.3
2024-12-02,5005,43,5,236.1
2024-12-09,5005,43,5,19.2
2024-12-09,5006,43,5,47.3
2024-12-16,5006,43,5,17.6
2024-12-16,5007,43,5,219.5
2024-12-23,5007,43,5,0.0
2024-12-23,5008,43,5,185.0
2024-12-30,5008,43,5,29.0
2024-12-30,5009,43,5,279.1
2025-01-06,5010,43,5,280.0
2025-01-13,5011,43,5,121.4
2025-01-20,5012,43,5,383.7
2025-01-27,5013,43,5,73.0
2025-02-03,5013,43,5,0.0
2025-02-03,5014,43,5,453.7
2025-02-17,5015,43,5,238.8
2025-02-17,5016,43,5,136.9
2025-02-24,5017,43,5,472.4
2025-03-03,5018,43,5,107.4
2025-03-10,5018,43,5,0.0
2025-03-10,5019,43,5,452.3
2025-03-17,5020,43,5,98.5
2025-03-24,5020,43,5,19.0
2025-03-31,5021,43,5,393.7
2025-03-31,5022,43,5,97.4
2025-04-07,5022,43,5,0.0
2025-04-07,5023,43,5,255.7
2025-04-14,5024,43,5,444.0
2025-04-21,5025,43,5,104.5
2025-04-28,5026,43,5,575.0
2025-05-05,5027,43,5,572.6
2025-05-12,5028,43,5,56.9
2025-05-19,5029,43,5,476.7
2025-05-26,5029,43,5,215.3
2025-05-26,5030,43,5,255.7
2025-06-02,5030,43,5,50.3
2025-06-02,5031,43,5,348.5
2025-06-09,5032,43,5,325.7
2025-06-16,5033,43,5,211.0
2025-06-23,5034,43,5,66.1
2025-06-30,5035,43,5,605.2
2025-07-07,5036,43,5,417.0
2025-07-14,5037,43,5,232.6
2025-07-21,5037,43,5,131.1
2025-07-21,5038,43,5,443.2
2025-07-28,5038,43,5,206.4
2025-07-28,5039,43,5,561.0
2025-08-04,5039,43,5,230.1
2025-08-04,5040,43,5,198.8
2025-08-11,5041,43,5,259.2
2025-08-18,5041,43,5,167.4
2025-08-18,5042,43,5,459.2
2025-08-25,5042,43,5,59.4
2025-08-25,5043,43,5,462.0
2025-09-01,5043,43,5,142.0
2025-09-01,5044,43,5,361.3
2025-09-08,5044,43,5,70.5
2025-09-08,5045,43,5,73.7
2025-09-15,5046,43,5,230.6
2025-09-22,5047,43,5,57.2
2025-09-29,5047,43,5,4.5
2025-09-29,5048,43,5,165.3
2025-10-06,5048,43,5,108.6
2025-10-06,5049,43,5,226.0
2025-10-13,5049,43,5,67.0
2025-10-13,5050,43,5,259.2
2025-10-20,5051,43,5,163.3
2025-10-27,5051,43,5,53.5
2025-10-27,5052,43,5,227.9
2025-11-03,5052,43,5,98.7
2025-11-10,5053,43,5,371.4
2025-11-10,5054,43,5,141.0
2025-11-17,5055,43,5,456.1
2025-11-24,5056,43,5,120.0
2025-12-01,5056,43,5,20.0
2025-12-01,5057,43,5,158.0
2025-12-08,5058,43,5,484.9
2025-12-15,5059,43,5,294.9
2025-12-22,5060,43,5,168.9
2025-12-29,5061,43,5,91.8
2026-01-05,5061,43,5,60.6
2026-01-05,5062,43,5,143.2
2026-01-12,5063,43,5,184.9
2026-01-19,5063,43,5,89.9
2026-01-19,5064,43,5,110.9
2026-01-26,5064,43,5,0.0
2026-02-02,5065,43,5,386.1
2026-02-02,5066,43,5,174.7
2026-02-09,5067,43,5,451.1
2026-02-16,5068,43,5,101.6
2026-02-23,5069,43,5,116.4
2026-03-02,5069,43,5,71.7
2026-03-09,5070,43,5,224.3
2026-03-09,5071,43,5,555.3
2026-03-16,5072,43,5,333.2
2026-03-23,5073,43,5,509.5
2026-03-30,5074,43,5,88.1
2026-04-06,5074,43,5,46.3
2026-04-06,5075,43,5,468.9
2026-04-13,5075,43,5,168.8
2026-04-13,5076,43,5,148.3
2026-04-20,5077,43,5,211.6
2026-04-27,5078,43,5,197.7
2026-05-04,5079,43,5,432.6
2026-05-18,5080,43,5,302.2
2026-05-18,5081,43,5,579.0
2026-06-01,5082,43,5,131.2
2026-06-01,5083,43,5,290.5
2026-06-08,5084,43,5,540.8
2026-06-15,5084,43,5,197.6
2026-06-15,5085,43,5,140.7
2026-06-29,5086,43,5,140.6
2026-06-29,5087,43,5,298.0
2024-07-08,5089,43,9,384.1
2024-07-15,5090,43,7,106.5
2024-07-22,5091,43,7,232.4
2024-07-29,5091,43,7,72.8
2024-07-29,5092,43,9,507.9
2024-08-05,5093,43,9,194.8
2024-08-12,5094,43,9,425.1
2024-08-19,5095,43,7,375.8
2024-08-26,5095,43,7,139.5
2024-08-26,5096,43,9,228.7
2024-09-02,5097,43,7,77.6
2024-09-09,5098,43,9,608.0
2024-09-16,5099,43,7,327.9
2024-09-23,5099,43,7,6.8
2024-09-23,5100,43,9,378.7
2024-09-30,5101,43,9,116.6
2024-10-07,5102,43,7,415.7
2024-10-14,5102,43,7,160.3
2024-10-14,5103,43,9,152.9
2024-10-21,5103,43,9,0.0
2024-10-21,5104,43,9,307.9
2024-10-28,5104,43,9,18.9
2024-10-28,5105,43,7,525.1
2024-11-04,5105,43,7,192.2
2024-11-04,5106,43,7,397.2
2024-11-11,5106,43,7,47.3
2024-11-11,5107,43,7,614.6
2024-11-18,5107,43,7,344.1
2024-11-18,5108,43,9,54.8
2024-11-25,5109,43,9,394.0
2024-12-02,5109,43,9,15.1
2024-12-09,5110,43,9,130.0
2024-12-16,5111,43,7,222.8
2024-12-23,5112,43,7,168.7
2024-12-23,5113,43,9,248.2
2024-12-30,5113,43,9,0.0
2025-01-06,5114,43,9,57.0
2025-01-06,5115,43,7,122.6
2025-01-13,5116,43,7,317.1
2025-01-20,5117,43,7,152.2
2025-01-27,5118,43,9,55.9
2025-02-03,5119,43,7,444.1
2025-02-10,5119,43,7,238.2
2025-02-10,5120,43,7,314.6
2025-02-24,5121,43,7,593.2
2025-02-24,5122,43,7,269.1
2025-03-03,5122,43,7,17.2
2025-03-03,5123,43,7,496.9
2025-03-10,5123,43,7,127.8
2025-03-10,5124,43,7,279.4
2025-03-17,5124,43,7,100.7
2025-03-24,5125,43,7,50.9
2025-03-24,5126,43,9,348.5
2025-03-31,5127,43,7,572.4
2025-04-14,5128,43,7,231.5
2025-04-14,5129,43,9,576.1
2025-04-21,5129,43,9,348.2
2025-04-21,5130,43,9,166.8
2025-04-28,5131,43,9,362.0
2025-05-12,5132,43,9,364.1
2025-05-19,5133,43,7,228.2
2025-05-19,5134,43,9,252.2
2025-05-26,5134,43,9,0.0
2025-05-26,5135,43,9,399.6
2025-06-02,5136,43,9,331.4
2025-06-16,5137,43,7,497.2
2025-06-16,5138,43,7,378.0
2025-06-23,5138,43,7,243.0
2025-06-23,5139,43,9,407.2
2025-06-30,5140,43,9,529.8
2025-07-07,5141,43,9,286.2
2025-07-14,5141,43,9,69.3
2025-07-14,5142,43,9,72.5
2025-07-21,5143,43,7,357.3
2025-07-28,5143,43,7,129.6
2025-07-28,5144,43,9,407.5
2025-08-04,5144,43,9,39.0
2025-08-11,5145,43,9,416.6
2025-08-11,5146,43,7,382.9
2025-08-18,5147,43,9,261.8
2025-08-25,5148,43,9,165.3
2025-09-01,5149,43,9,252.9
2025-09-08,5149,43,9,128.7
2025-09-15,5150,43,9,334.3
2025-09-15,5151,43,9,203.1
2025-09-22,5152,43,7,279.9
2025-09-29,5153,43,7,531.6
2025-10-06,5154,43,7,139.8
2025-10-13,5154,43,7,45.7
2025-10-13,5155,43,7,238.0
2025-10-20,5155,43,7,123.1
2025-10-20,5156,43,9,521.9
2025-10-27,5157,43,7,415.1
2025-11-03,5157,43,7,229.2
2025-11-03,5158,43,9,206.1
2025-11-10,5159,43,7,355.1
2025-11-17,5159,43,7,0.0
2025-11-17,5160,43,7,390.5
2025-11-24,5161,43,7,139.1
2025-12-01,5161,43,7,53.2
2025-12-08,5162,43,7,440.8
2025-12-08,5163,43,9,390.4
2025-12-15,5163,43,9,96.9
2025-12-15,5164,43,9,583.8
2025-12-22,5165,43,7,570.5
2025-12-29,5166,43,7,35.9
2026-01-05,5167,43,9,39.8
2026-01-12,5168,43,9,397.6
2026-01-19,5169,43,9,435.2
2026-01-26,5170,43,7,158.7
2026-02-02,5171,43,9,42.7
2026-02-09,5171,43,9,16.5
2026-02-09,5172,43,7,324.0
2026-02-16,5173,43,7,225.1
2026-02-23,5173,43,7,0.0
2026-02-23,5174,43,9,461.9
2026-03-02,5175,43,9,36.8
2026-03-09,5176,43,9,168.3
2026-03-16,5176,43,9,78.6
2026-03-16,5177,43,7,310.6
2026-03-23,5177,43,7,166.1
2026-03-23,5178,43,7,260.2
2026-03-30,5179,43,9,456.8
2026-04-06,5179,43,9,127.6
2026-04-06,5180,43,7,327.5
2026-04-13,5181,43,7,54.4
2026-04-20,5182,43,9,132.7
2026-04-27,5182,43,9,0.0
2026-04-27,5183,43,7,402.9
2026-05-04,5183,43,7,141.7
2026-05-04,5184,43,7,306.2
2026-05-11,5184,43,7,0.0
2026-05-11,5185,43,7,235.7
2026-05-18,5185,43,7,152.4
2026-05-18,5186,43,9,166.4
2026-05-25,5187,43,9,330.0
2026-06-01,5187,43,9,47.9
2026-06-01,5188,43,9,548.4
2026-06-08,5188,43,9,263.8
2026-06-08,5189,43,7,549.3
2026-06-15,5189,43,7,262.7
2026-06-15,5190,43,9,157.8
2026-06-22,5191,43,7,70.8
2026-06-29,5192,43,7,491.4
2024-07-08,5193,43,10,55.4
2024-07-22,5194,43,10,216.3
2024-07-29,5195,43,10,480.6
2024-07-29,5196,43,10,215.4
2024-08-05,5196,43,10,101.8
2024-08-05,5197,43,10,108.9
2024-08-12,5198,43,10,225.3
2024-08-19,5198,43,10,80.6
2024-08-19,5199,43,10,99.3
2024-08-26,5199,43,10,24.6
2024-08-26,5200,43,10,55.9
2024-09-09,5201,43,10,505.2
2024-09-09,5202,43,10,89.5
2024-09-16,5202,43,10,0.0
2024-09-16,5203,43,10,464.0
2024-09-23,5204,43,10,105.1
2024-09-30,5204,43,10,61.3
2024-09-30,5205,43,10,440.4
2024-10-07,5205,43,10,0.0
2024-10-07,5206,43,10,104.9
2024-10-14,5207,43,10,293.7
2024-10-21,5208,43,10,106.8
2024-10-28,5209,43,10,330.3
2024-11-04,5210,43,10,391.8
2024-11-11,5211,43,10,501.0
2024-11-18,5212,43,10,106.8
2024-12-02,5213,43,10,316.1
2024-12-02,5214,43,10,92.4
2024-12-09,5215,43,10,550.0
2024-12-16,5215,43,10,273.1
2024-12-16,5216,43,10,85.8
2024-12-23,5217,43,10,225.5
2024-12-30,5217,43,10,130.0
2024-12-30,5218,43,10,438.4
2025-01-06,5218,43,10,44.8
2025-01-13,5219,43,10,369.1
2025-01-13,5220,43,10,339.1
2025-01-20,5221,43,10,501.9
2025-02-03,5222,43,10,377.3
2025-02-03,5223,43,10,191.5
2025-02-10,5224,43,10,386.8
2025-02-17,5225,43,10,389.2
2025-02-24,5226,43,10,269.2
2025-03-03,5227,43,10,427.7
2025-03-10,5227,43,10,0.0
2025-03-17,5228,43,10,142.4
2025-03-17,5229,43,10,243.7
2025-03-24,5230,43,10,411.6
2025-03-31,5230,43,10,58.2
2025-03-31,5231,43,10,626.0
2025-04-07,5231,43,10,383.9
2025-04-07,5232,43,10,493.1
2025-04-14,5232,43,10,90.1
2025-04-14,5233,43,10,449.6
2025-04-28,5234,43,10,393.6
2025-04-28,5235,43,10,149.9
2025-05-05,5236,43,10,166.2
2025-05-12,5236,43,10,109.5
2025-05-19,5237,43,10,201.9
2025-05-19,5238,43,10,375.6
2025-05-26,5239,43,10,329.6
2025-06-02,5240,43,10,472.7
2025-06-09,5240,43,10,94.3
2025-06-16,5241,43,10,327.2
2025-06-16,5242,43,10,479.1
2025-06-23,5243,43,10,368.6
2025-06-30,5244,43,10,396.1
2025-07-07,5245,43,10,437.1
2025-07-14,5245,43,10,18.2
2025-07-14,5246,43,10,159.9
2025-07-21,5247,43,10,356.8
2025-07-28,5248,43,10,50.0
2025-08-11,5249,43,10,62.9
2025-08-11,5250,43,10,372.7
2025-08-18,5251,43,10,461.3
2025-08-25,5252,43,10,44.0
2025-09-01,5252,43,10,16.0
2025-09-01,5253,43,10,335.8
2025-09-08,5254,43,10,69.6
2025-09-22,5255,43,10,157.7
2025-09-29,5256,43,10,549.3
2025-10-06,5257,43,10,382.0
2025-10-06,5258,43,10,135.9
2025-10-20,5259,43,10,386.7
2025-10-27,5260,43,10,125.6
2025-10-27,5261,43,10,448.8
2025-11-03,5262,43,10,571.3
2025-11-10,5262,43,10,304.7
2025-11-10,5263,43,10,428.8
2025-11-17,5264,43,10,295.4
2025-11-24,5265,43,10,238.4
2025-12-01,5266,43,10,51.4
2025-12-08,5267,43,10,171.5
2025-12-15,5268,43,10,313.9
2025-12-22,5269,43,10,286.9
2025-12-29,5270,43,10,471.7
2026-01-05,5271,43,10,387.5
2026-01-12,5272,43,10,87.6
2026-01-26,5273,43,10,161.1
2026-01-26,5274,43,10,358.9
2026-02-02,5274,43,10,0.0
2026-02-02,5275,43,10,193.8
2026-02-09,5275,43,10,109.5
2026-02-09,5276,43,10,107.5
2026-02-16,5277,43,10,291.8
2026-02-23,5277,43,10,3.6
2026-02-23,5278,43,10,103.1
2026-03-02,5279,43,10,470.4
2026-03-09,5280,43,10,429.7
2026-03-16,5280,43,10,155.4
2026-03-16,5281,43,10,87.0
2026-03-23,5282,43,10,127.8
2026-03-30,5283,43,10,73.5
2026-04-06,5283,43,10,24.0
2026-04-06,5284,43,10,198.1
2026-04-13,5285,43,10,368.1
2026-04-20,5285,43,10,86.3
2026-04-20,5286,43,10,479.5
2026-04-27,5286,43,10,287.1
2026-04-27,5287,43,10,551.3
2026-05-04,5287,43,10,296.6
2026-05-04,5288,43,10,157.1
2026-05-11,5288,43,10,18.2
2026-05-18,5289,43,10,459.5
2026-05-18,5290,43,10,321.5
2026-05-25,5290,43,10,129.0
2026-05-25,5291,43,10,501.1
2026-06-01,5292,43,10,464.5
2026-06-08,5292,43,10,46.0
2026-06-08,5293,43,10,314.9
2026-06-15,5294,43,10,273.4
2026-06-22,5294,43,10,160.8
2026-06-29,5295,43,10,271.2
2026-06-29,5296,43,10,79.9
2024-07-08,5297,44,1,195.2
2024-07-15,5297,44,1,95.5
2024-07-22,5298,44,3,159.9
2024-07-29,5298,44,3,56.8
2024-08-05,5299,44,1,519.6
2024-08-12,5299,44,1,293.3
2024-08-12,5300,44,3,152.6
2024-08-19,5300,44,3,50.1
2024-09-02,5301,44,3,74.2
2024-09-09,5301,44,3,31.5
2024-09-02,5302,44,3,146.3
2024-09-09,5302,44,3,41.7
2024-09-16,5302,44,3,0.0
2024-09-23,5303,44,3,604.9
2024-09-30,5303,44,3,317.8
2024-09-30,5304,44,1,216.4
2024-10-07,5304,44,1,88.8
2024-10-14,5305,44,1,101.7
2024-10-21,5305,44,1,32.3
2024-10-21,5306,44,3,48.1
2024-10-28,5306,44,3,19.3
2024-11-04,5306,44,3,0.0
2024-11-04,5307,44,1,65.8
2024-11-11,5307,44,1,20.6
2024-11-18,5307,44,1,0.0
2024-11-18,5308,44,3,279.6
2024-11-25,5308,44,3,15.2
2024-12-02,5308,44,3,0.0
2024-12-02,5309,44,1,168.6
2024-12-09,5309,44,1,64.2
2024-12-16,5310,44,3,41.6
2024-12-23,5310,44,3,14.3
2024-12-30,5311,44,1,396.5
2025-01-06,5311,44,1,28.9
2025-01-06,5312,44,1,425.3
2025-01-13,5312,44,1,130.6
2025-01-13,5313,44,1,467.4
2025-01-20,5313,44,1,203.7
2025-02-03,5314,44,1,107.1
2025-02-10,5314,44,1,59.1
2025-02-17,5315,44,1,107.4
2025-02-24,5315,44,1,0.0
2025-03-03,5316,44,3,182.2
2025-03-10,5316,44,3,56.4
2025-03-10,5317,44,1,95.4
2025-03-17,5317,44,1,0.0
2025-03-17,5318,44,1,321.8
2025-03-24,5318,44,1,0.0
2025-03-31,5319,44,1,221.2
2025-04-07,5319,44,1,80.5
2025-04-21,5320,44,1,233.5
2025-04-28,5320,44,1,0.0
2025-04-28,5321,44,3,162.6
2025-05-05,5321,44,3,93.2
2025-05-05,5322,44,1,306.7
2025-05-12,5322,44,1,164.5
2025-05-12,5323,44,3,152.9
2025-05-19,5323,44,3,9.8
2025-06-02,5324,44,3,100.7
2025-06-09,5324,44,3,51.3
2025-06-16,5325,44,3,134.6
2025-06-23,5325,44,3,62.1
2025-06-30,5326,44,1,560.1
2025-07-07,5326,44,1,246.1
2025-07-07,5327,44,1,447.5
2025-07-14,5327,44,1,23.0
2025-07-21,5328,44,1,56.7
2025-07-28,5328,44,1,33.3
2025-08-04,5329,44,1,191.8
2025-08-11,5329,44,1,108.7
2025-08-11,5330,44,3,48.2
2025-08-18,5330,44,3,1.4
2025-08-25,5330,44,3,0.0
2025-08-25,5331,44,1,535.8
2025-09-01,5331,44,1,177.5
2025-09-08,5331,44,1,0.0
2025-09-01,5332,44,3,420.6
2025-09-08,5332,44,3,81.1
2025-09-15,5333,44,1,533.4
2025-09-22,5333,44,1,205.7
2025-09-22,5334,44,3,395.3
2025-09-29,5334,44,3,0.0
2025-10-06,5335,44,1,366.3
2025-10-13,5335,44,1,75.6
2025-10-27,5336,44,1,43.5
2025-11-03,5336,44,1,2.0
2025-10-27,5337,44,1,125.2
2025-11-03,5337,44,1,81.4
2025-11-10,5338,44,1,38.3
2025-11-17,5338,44,1,11.6
2025-11-24,5338,44,1,0.0
2025-11-24,5339,44,3,336.2
2025-12-01,5339,44,3,0.0
2025-12-08,5340,44,3,296.2
2025-12-15,5340,44,3,0.0
2025-12-22,5341,44,1,91.7
2025-12-29,5341,44,1,34.4
2026-01-05,5342,44,3,98.8
2026-01-12,5342,44,3,33.7
2026-01-19,5343,44,3,386.9
2026-01-26,5343,44,3,0.0
2026-01-26,5344,44,1,60.1
2026-02-02,5344,44,1,25.3
2026-02-02,5345,44,3,98.2
2026-02-09,5345,44,3,24.3
2026-02-16,5345,44,3,0.0
2026-02-23,5346,44,1,78.2
2026-03-02,5346,44,1,13.3
2026-02-23,5347,44,3,294.3
2026-03-02,5347,44,3,131.7
2026-03-09,5347,44,3,0.0
2026-03-16,5348,44,3,98.7
2026-03-23,5348,44,3,64.5
2026-03-23,5349,44,1,277.6
2026-03-30,5349,44,1,174.2
2026-04-13,5350,44,1,593.4
2026-04-20,5350,44,1,386.8
2026-04-13,5351,44,3,51.3
2026-04-20,5351,44,3,4.6
2026-04-27,5351,44,3,0.0
2026-05-04,5352,44,3,490.5
2026-05-11,5352,44,3,297.0
2026-05-18,5352,44,3,103.5
2026-05-18,5353,44,1,122.2
2026-05-25,5353,44,1,0.4
2026-06-01,5354,44,1,274.3
2026-06-08,5354,44,1,0.0
2026-06-15,5355,44,3,183.6
2026-06-22,5355,44,3,79.1
2026-06-22,5356,44,3,517.9
2026-06-29,5356,44,3,319.8
2026-06-29,5357,44,3,234.2
2024-07-15,5358,44,4,302.0
2024-07-22,5358,44,4,0.0
2024-07-22,5359,44,4,267.9
2024-07-29,5359,44,4,156.9
2024-08-12,5360,44,4,94.7
2024-08-19,5360,44,4,16.3
2024-08-19,5361,44,4,99.2
2024-08-26,5361,44,4,40.5
2024-09-02,5362,44,4,423.8
2024-09-09,5362,44,4,43.6
2024-09-16,5363,44,4,45.4
2024-09-23,5363,44,4,17.9
2024-09-23,5364,44,4,58.4
2024-09-30,5364,44,4,30.9
2024-10-07,5364,44,4,3.3
2024-10-07,5365,44,4,581.8
2024-10-14,5365,44,4,271.6
2024-10-14,5366,44,4,102.6
2024-10-21,5366,44,4,28.2
2024-10-28,5366,44,4,0.0
2024-10-28,5367,44,4,292.8
2024-11-04,5367,44,4,187.6
2024-11-11,5368,44,4,415.8
2024-11-18,5368,44,4,215.5
2024-11-25,5368,44,4,15.3
2024-11-25,5369,44,4,305.6
2024-12-02,5369,44,4,126.3
2024-12-02,5370,44,4,383.6
2024-12-09,5370,44,4,0.0
2024-12-09,5371,44,4,337.0
2024-12-16,5371,44,4,146.9
2024-12-23,5372,44,4,569.4
2024-12-30,5372,44,4,350.7
2024-12-30,5373,44,4,258.7
2025-01-06,5373,44,4,0.0
2025-01-20,5374,44,4,94.5
2025-01-27,5374,44,4,45.0
2025-02-03,5375,44,4,489.2
2025-02-10,5375,44,4,121.3
2025-02-17,5376,44,4,168.0
2025-02-24,5376,44,4,4.0
2025-03-03,5377,44,4,513.1
2025-03-10,5377,44,4,261.2
2025-03-03,5378,44,4,42.0
2025-03-10,5378,44,4,9.1
2025-03-17,5378,44,4,0.0
2025-03-24,5379,44,4,345.9
2025-03-31,5379,44,4,0.0
2025-03-31,5380,44,4,317.8
2025-04-07,5380,44,4,0.0
2025-04-07,5381,44,4,410.0
2025-04-14,5381,44,4,0.0
2025-04-28,5382,44,4,100.3
2025-05-05,5382,44,4,22.5
2025-05-05,5383,44,4,337.7
2025-05-12,5383,44,4,36.3
2025-05-19,5384,44,4,275.7
2025-05-26,5384,44,4,0.0
2025-06-02,5385,44,4,183.6
2025-06-09,5385,44,4,116.1
2025-06-16,5386,44,4,474.4
2025-06-23,5386,44,4,254.8
2025-06-23,5387,44,4,379.5
2025-06-30,5387,44,4,86.0
2025-06-30,5388,44,4,316.7
2025-07-07,5388,44,4,192.5
2025-07-14,5389,44,4,105.0
2025-07-21,5389,44,4,61.0
2025-08-04,5390,44,4,409.7
2025-08-11,5390,44,4,149.4
2025-08-18,5391,44,4,269.6
2025-08-25,5391,44,4,85.2
2025-08-25,5392,44,4,139.3
2025-09-01,5392,44,4,62.5
2025-09-08,5393,44,4,500.5
2025-09-15,5393,44,4,286.0
2025-09-22,5394,44,4,422.1
2025-09-29,5394,44,4,129.3
2025-09-29,5395,44,4,316.6
2025-10-06,5395,44,4,59.1
2025-10-13,5395,44,4,0.0
2025-10-13,5396,44,4,270.6
2025-10-20,5396,44,4,140.3
2025-10-20,5397,44,4,267.5
2025-10-27,5397,44,4,87.1
2025-10-27,5398,44,4,158.6
2025-11-03,5398,44,4,54.2
2025-11-10,5399,44,4,110.1
2025-11-17,5399,44,4,63.2
2025-11-24,5400,44,4,518.1
2025-12-01,5400,44,4,215.2
2025-12-08,5400,44,4,0.0
2025-12-08,5401,44,4,293.3
2025-12-15,5401,44,4,176.6
2025-12-29,5402,44,4,586.0
2026-01-05,5402,44,4,327.9
2026-01-05,5403,44,4,307.3
2026-01-12,5403,44,4,0.0
2026-01-12,5404,44,4,63.0
2026-01-19,5404,44,4,0.0
2026-01-26,5405,44,4,395.9
2026-02-02,5405,44,4,227.8
2026-02-09,5406,44,4,465.1
2026-02-16,5406,44,4,276.2
2026-02-23,5407,44,4,397.1
2026-03-02,5407,44,4,94.1
2026-03-02,5408,44,4,559.8
2026-03-09,5408,44,4,334.6
2026-03-16,5409,44,4,154.3
2026-03-23,5409,44,4,48.7
2026-03-23,5410,44,4,390.8
2026-03-30,5410,44,4,21.6
2026-04-13,5411,44,4,394.8
2026-04-20,5411,44,4,0.0
2026-04-13,5412,44,4,591.6
2026-04-20,5412,44,4,368.2
2026-04-27,5412,44,4,144.8
2026-04-27,5413,44,4,600.5
2026-05-04,5413,44,4,317.9
2026-05-18,5414,44,4,588.4
2026-05-25,5414,44,4,391.8
2026-05-25,5415,44,4,85.8
2026-06-01,5415,44,4,32.6
2026-06-08,5415,44,4,0.0
2026-06-08,5416,44,4,357.9
2026-06-15,5416,44,4,24.8
2026-06-22,5417,44,4,376.9
2026-06-29,5417,44,4,0.0
2026-06-29,5418,44,4,485.6
2024-07-15,5419,44,5,164.3
2024-07-22,5419,44,5,48.7
2024-07-15,5420,44,5,137.4
2024-07-22,5420,44,5,76.9
2024-07-29,5420,44,5,16.3
2024-08-05,5421,44,5,238.2
2024-08-12,5421,44,5,124.4
2024-08-19,5422,44,5,424.4
2024-08-26,5422,44,5,277.8
2024-09-02,5423,44,5,462.3
2024-09-09,5423,44,5,246.7
2024-09-09,5424,44,5,144.8
2024-09-16,5424,44,5,66.5
2024-09-23,5425,44,5,113.4
2024-09-30,5425,44,5,38.9
2024-10-07,5426,44,5,388.7
2024-10-14,5426,44,5,205.4
2024-10-14,5427,44,5,197.9
2024-10-21,5427,44,5,3.7
2024-10-28,5427,44,5,0.0
2024-10-28,5428,44,5,245.9
2024-11-04,5428,44,5,3.9
2024-11-11,5429,44,5,221.5
2024-11-18,5429,44,5,1.0
2024-11-25,5430,44,5,85.3
2024-12-02,5430,44,5,13.7
2024-12-02,5431,44,5,397.1
2024-12-09,5431,44,5,261.3
2024-12-16,5432,44,5,98.0
2024-12-23,5432,44,5,16.0
2024-12-30,5433,44,5,86.0
2025-01-06,5433,44,5,42.0
2025-01-13,5434,44,5,112.6
2025-01-20,5434,44,5,0.0
2025-01-13,5435,44,5,67.0
2025-01-20,5435,44,5,0.0
2025-02-03,5436,44,5,292.9
2025-02-10,5436,44,5,166.7
2025-02-10,5437,44,5,502.6
2025-02-17,5437,44,5,125.1
2025-02-24,5438,44,5,264.6
2025-03-03,5438,44,5,160.2
2025-03-10,5439,44,5,251.1
2025-03-17,5439,44,5,77.2
2025-03-24,5440,44,5,105.7
2025-03-31,5440,44,5,5.4
2025-04-07,5441,44,5,277.0
2025-04-14,5441,44,5,65.9
2025-04-14,5442,44,5,137.8
2025-04-21,5442,44,5,81.6
2025-04-21,5443,44,5,618.1
2025-04-28,5443,44,5,401.2
2025-05-05,5444,44,5,449.9
2025-05-12,5444,44,5,190.8
2025-05-19,5444,44,5,0.0
2025-05-26,5445,44,5,405.6
2025-06-02,5445,44,5,5.1
2025-05-26,5446,44,5,520.6
2025-06-02,5446,44,5,213.3
2025-06-09,5447,44,5,152.9
2025-06-16,5447,44,5,0.0
2025-06-30,5448,44,5,109.5
2025-07-07,5448,44,5,0.0
2025-06-30,5449,44,5,323.0
2025-07-07,5449,44,5,48.0
2025-07-14,5449,44,5,0.0
2025-07-14,5450,44,5,274.4
2025-07-21,5450,44,5,0.0
2025-07-28,5451,44,5,389.9
2025-08-04,5451,44,5,163.7
2025-08-11,5452,44,5,355.7
2025-08-18,5452,44,5,173.4
2025-08-25,5453,44,5,257.1
2025-09-01,5453,44,5,126.2
2025-09-01,5454,44,5,204.1
2025-09-08,5454,44,5,128.3
2025-09-15,5455,44,5,355.3
2025-09-22,5455,44,5,206.6
2025-09-29,5456,44,5,224.6
2025-10-06,5456,44,5,1.1
2025-10-13,5456,44,5,0.0
2025-10-13,5457,44,5,440.6
2025-10-20,5457,44,5,123.2
2025-10-27,5457,44,5,0.0
2025-10-20,5458,44,5,217.0
2025-10-27,5458,44,5,134.0
2025-11-10,5459,44,5,515.5
2025-11-17,5459,44,5,289.1
2025-11-17,5460,44,5,261.3
2025-11-24,5460,44,5,59.6
2025-12-01,5461,44,5,405.7
2025-12-08,5461,44,5,0.0
2025-12-08,5462,44,5,302.3
2025-12-15,5462,44,5,118.7
2025-12-22,5462,44,5,0.0
2025-12-15,5463,44,5,276.9
2025-12-22,5463,44,5,90.9
2025-12-29,5464,44,5,87.4
2026-01-05,5464,44,5,29.8
2026-01-12,5465,44,5,234.0
2026-01-19,5465,44,5,2.9
2026-01-19,5466,44,5,617.3
2026-01-26,5466,44,5,370.6
2026-02-02,5466,44,5,124.0
2026-02-02,5467,44,5,309.5
2026-02-09,5467,44,5,124.9
2026-02-16,5468,44,5,37.0
2026-02-23,5468,44,5,11.1
2026-03-02,5468,44,5,0.0
2026-03-02,5469,44,5,327.1
2026-03-09,5469,44,5,40.1
2026-03-16,5470,44,5,43.0
2026-03-23,5470,44,5,12.1
2026-03-30,5471,44,5,298.6
2026-04-06,5471,44,5,48.3
2026-04-06,5472,44,5,190.1
2026-04-13,5472,44,5,97.1
2026-04-27,5473,44,5,477.3
2026-05-04,5473,44,5,178.5
2026-04-27,5474,44,5,103.4
2026-05-04,5474,44,5,53.8
2026-05-11,5475,44,5,315.1
2026-05-18,5475,44,5,79.2
2026-06-01,5476,44,5,91.4
2026-06-08,5476,44,5,1.9
2026-06-01,5477,44,5,412.7
2026-06-08,5477,44,5,204.4
2026-06-15,5477,44,5,0.0
2026-06-22,5478,44,5,141.0
2026-06-29,5478,44,5,38.1
2026-06-29,5479,44,5,116.9
2024-07-08,5480,44,9,191.5
2024-07-15,5480,44,9,46.9
2024-07-22,5481,44,7,330.1
2024-07-29,5481,44,7,54.2
2024-08-05,5482,44,7,535.7
2024-08-12,5482,44,7,317.4
2024-08-12,5483,44,7,47.3
2024-08-19,5483,44,7,16.6
2024-09-02,5484,44,9,345.0
2024-09-09,5484,44,9,70.9
2024-09-02,5485,44,9,557.1
2024-09-09,5485,44,9,232.2
2024-09-16,5485,44,9,0.0
2024-09-23,5486,44,7,159.6
2024-09-30,5486,44,7,79.2
2024-10-07,5487,44,7,251.2
2024-10-14,5487,44,7,162.5
2024-10-21,5488,44,9,453.3
2024-10-28,5488,44,9,190.5
2024-10-21,5489,44,7,440.5
2024-10-28,5489,44,7,148.9
2024-11-04,5490,44,7,189.6
2024-11-11,5490,44,7,0.0
2024-11-25,5491,44,9,118.7
2024-12-02,5491,44,9,48.4
2024-11-25,5492,44,9,289.7
2024-12-02,5492,44,9,39.3
2024-12-09,5492,44,9,0.0
2024-12-16,5493,44,7,386.2
2024-12-23,5493,44,7,157.4
2024-12-23,5494,44,7,232.2
2024-12-30,5494,44,7,44.3
2025-01-13,5495,44,7,380.5
2025-01-20,5495,44,7,116.0
2025-01-13,5496,44,9,604.2
2025-01-20,5496,44,9,393.4
2025-02-03,5497,44,9,298.6
2025-02-10,5497,44,9,0.0
2025-02-10,5498,44,9,314.9
2025-02-17,5498,44,9,86.9
2025-02-24,5498,44,9,0.0
2025-02-24,5499,44,9,291.4
2025-03-03,5499,44,9,0.0
2025-03-10,5500,44,7,488.5
2025-03-17,5500,44,7,247.1
2025-03-17,5501,44,9,569.5
2025-03-24,5501,44,9,311.0
2025-03-24,5502,44,9,564.8
2025-03-31,5502,44,9,328.6
2025-04-07,5502,44,9,92.4
2025-04-14,5503,44,7,340.1
2025-04-21,5503,44,7,215.1
2025-04-21,5504,44,7,259.9
2025-04-28,5504,44,7,0.0
2025-05-12,5505,44,7,56.6
2025-05-19,5505,44,7,11.3
2025-05-26,5506,44,7,510.5
2025-06-02,5506,44,7,208.9
2025-06-02,5507,44,7,64.0
2025-06-09,5507,44,7,3.0
2025-06-09,5508,44,7,439.0
2025-06-16,5508,44,7,135.0
2025-06-30,5509,44,7,188.9
2025-07-07,5509,44,7,121.9
2025-07-07,5510,44,7,593.1
2025-07-14,5510,44,7,310.2
2025-07-21,5511,44,9,247.4
2025-07-28,5511,44,9,136.8
2025-07-28,5512,44,9,102.6
2025-08-04,5512,44,9,2.2
2025-08-11,5513,44,9,376.5
2025-08-18,5513,44,9,206.1
2025-08-25,5514,44,7,419.8
2025-09-01,5514,44,7,253.5
2025-09-01,5515,44,7,369.5
2025-09-08,5515,44,7,241.9
2025-09-15,5516,44,7,182.2
2025-09-22,5516,44,7,95.3
2025-09-29,5516,44,7,8.5
2025-09-29,5517,44,9,240.5
2025-10-06,5517,44,9,159.1
2025-10-13,5518,44,7,439.4
2025-10-20,5518,44,7,263.8
2025-10-20,5519,44,7,461.6
2025-10-27,5519,44,7,42.2
2025-11-10,5520,44,7,235.7
2025-11-17,5520,44,7,0.0
2025-11-10,5521,44,9,326.1
2025-11-17,5521,44,9,211.2
2025-11-24,5521,44,9,96.3
2025-11-24,5522,44,9,71.3
2025-12-01,5522,44,9,23.6
2025-12-08,5523,44,7,391.4
2025-12-15,5523,44,7,242.8
2025-12-29,5524,44,7,121.2
2026-01-05,5524,44,7,0.0
2025-12-29,5525,44,9,113.2
2026-01-05,5525,44,9,0.0
2026-01-12,5526,44,7,452.6
2026-01-19,5526,44,7,241.2
2026-02-02,5527,44,7,285.8
2026-02-09,5527,44,7,147.6
2026-02-02,5528,44,7,287.6
2026-02-09,5528,44,7,4.2
2026-02-16,5528,44,7,0.0
2026-02-23,5529,44,7,167.6
2026-03-02,5529,44,7,88.1
2026-02-23,5530,44,9,132.9
2026-03-02,5530,44,9,69.7
2026-03-09,5530,44,9,6.6
2026-03-16,5531,44,7,101.2
2026-03-23,5531,44,7,63.4
2026-03-30,5532,44,7,187.0
2026-04-06,5532,44,7,45.9
2026-04-13,5533,44,7,135.3
2026-04-20,5533,44,7,21.6
2026-04-20,5534,44,9,510.3
2026-04-27,5534,44,9,316.6
2026-04-27,5535,44,9,362.6
2026-05-04,5535,44,9,200.3
2026-05-11,5536,44,9,115.2
2026-05-18,5536,44,9,21.3
2026-05-25,5536,44,9,0.0
2026-05-25,5537,44,7,218.7
2026-06-01,5537,44,7,75.5
2026-06-15,5538,44,9,291.3
2026-06-22,5538,44,9,177.5
2026-06-15,5539,44,7,479.5
2026-06-22,5539,44,7,147.1
2026-06-29,5539,44,7,0.0
2024-07-08,5540,44,10,98.2
2024-07-15,5540,44,10,25.3
2024-07-22,5541,44,10,232.1
2024-07-29,5541,44,10,11.2
2024-08-05,5542,44,10,473.5
2024-08-12,5542,44,10,314.0
2024-08-12,5543,44,10,187.3
2024-08-19,5543,44,10,44.5
2024-09-02,5544,44,10,292.5
2024-09-09,5544,44,10,58.1
2024-09-09,5545,44,10,498.8
2024-09-16,5545,44,10,208.6
2024-09-16,5546,44,10,500.9
2024-09-23,5546,44,10,284.9
2024-09-30,5546,44,10,68.8
2024-10-07,5547,44,10,203.8
2024-10-14,5547,44,10,111.7
2024-10-21,5548,44,10,310.7
2024-10-28,5548,44,10,70.4
2024-10-21,5549,44,10,229.5
2024-10-28,5549,44,10,70.0
2024-11-04,5550,44,10,176.1
2024-11-11,5550,44,10,6.1
2024-11-25,5551,44,10,500.2
2024-12-02,5551,44,10,140.4
2024-12-09,5552,44,10,470.8
2024-12-16,5552,44,10,288.7
2024-12-09,5553,44,10,54.4
2024-12-16,5553,44,10,27.8
2024-12-23,5553,44,10,1.1
2024-12-23,5554,44,10,409.2
2024-12-30,5554,44,10,0.0
2025-01-06,5555,44,10,278.7
2025-01-13,5555,44,10,0.0
2025-01-20,5556,44,10,159.3
2025-01-27,5556,44,10,7.7
2025-01-27,5557,44,10,126.1
2025-02-03,5557,44,10,77.3
2025-02-10,5558,44,10,70.2
2025-02-17,5558,44,10,2.4
2025-02-17,5559,44,10,105.9
2025-02-24,5559,44,10,67.8
2025-03-03,5559,44,10,29.7
2025-03-10,5560,44,10,303.7
2025-03-17,5560,44,10,49.3
2025-03-24,5561,44,10,367.8
2025-03-31,5561,44,10,0.0
2025-03-31,5562,44,10,130.3
2025-04-07,5562,44,10,0.0
2025-04-21,5563,44,10,94.0
2025-04-28,5563,44,10,39.0
2025-04-21,5564,44,10,221.6
2025-04-28,5564,44,10,77.2
2025-05-12,5565,44,10,72.9
2025-05-19,5565,44,10,31.8
2025-05-19,5566,44,10,464.6
2025-05-26,5566,44,10,37.2
2025-05-26,5567,44,10,436.5
2025-06-02,5567,44,10,115.9
2025-06-09,5568,44,10,462.9
2025-06-16,5568,44,10,209.8
2025-06-23,5568,44,10,0.0
2025-06-23,5569,44,10,65.7
2025-06-30,5569,44,10,38.5
2025-07-07,5570,44,10,428.4
2025-07-14,5570,44,10,277.9
2025-07-14,5571,44,10,219.4
2025-07-21,5571,44,10,113.8
2025-07-28,5572,44,10,100.7
2025-08-04,5572,44,10,64.4
2025-08-11,5572,44,10,28.2
2025-08-11,5573,44,10,416.0
2025-08-18,5573,44,10,0.0
2025-08-18,5574,44,10,235.8
2025-08-25,5574,44,10,0.0
2025-09-01,5575,44,10,112.4
2025-09-08,5575,44,10,0.0
2025-09-15,5576,44,10,180.3
2025-09-22,5576,44,10,100.7
2025-09-29,5577,44,10,175.2
2025-10-06,5577,44,10,0.0
2025-10-06,5578,44,10,58.5
2025-10-13,5578,44,10,14.0
2025-10-20,5579,44,10,462.4
2025-10-27,5579,44,10,34.8
2025-11-03,5580,44,10,314.2
2025-11-10,5580,44,10,128.3
2025-11-24,5581,44,10,170.2
2025-12-01,5581,44,10,0.0
2025-12-01,5582,44,10,419.6
2025-12-08,5582,44,10,198.2
2025-12-08,5583,44,10,51.8
2025-12-15,5583,44,10,9.6
2025-12-22,5584,44,10,212.3
2025-12-29,5584,44,10,95.7
2026-01-05,5585,44,10,310.6
2026-01-12,5585,44,10,0.0
2026-01-12,5586,44,10,537.3
2026-01-19,5586,44,10,228.7
2026-01-19,5587,44,10,362.3
2026-01-26,5587,44,10,86.6
2026-02-09,5588,44,10,199.2
2026-02-16,5588,44,10,86.3
2026-02-23,5589,44,10,247.4
2026-03-02,5589,44,10,106.9
2026-02-23,5590,44,10,106.9
2026-03-02,5590,44,10,0.0
2026-03-16,5591,44,10,234.8
2026-03-23,5591,44,10,87.7
2026-03-30,5592,44,10,353.3
2026-04-06,5592,44,10,0.0
2026-04-13,5593,44,10,172.0
2026-04-20,5593,44,10,85.1
2026-04-27,5594,44,10,306.0
2026-05-04,5594,44,10,129.9
2026-05-04,5595,44,10,569.1
2026-05-11,5595,44,10,281.1
2026-05-11,5596,44,10,132.2
2026-05-18,5596,44,10,0.0
2026-05-18,5597,44,10,562.8
2026-05-25,5597,44,10,334.7
2026-06-01,5597,44,10,106.5
2026-06-08,5598,44,10,390.8
2026-06-15,5598,44,10,82.5
2026-06-22,5599,44,10,256.8
2026-06-29,5599,44,10,123.7
2024-09-30,5600,45,4,721.7
2024-10-07,5600,45,4,642.3
2024-10-14,5600,45,4,563.0
2024-10-21,5600,45,4,483.7
2024-10-28,5600,45,4,404.3
2024-11-04,5600,45,4,325.0
2024-11-11,5600,45,4,245.6
2024-11-18,5600,45,4,166.3
2024-11-25,5600,45,4,87.0
2024-12-02,5600,45,4,7.6
2024-12-09,5600,45,4,0.0
2025-01-27,5601,45,7,383.4
2025-02-03,5601,45,7,325.8
2025-02-10,5601,45,7,268.2
2025-02-17,5601,45,7,210.7
2025-02-24,5601,45,7,153.1
2025-03-03,5601,45,7,95.5
2025-03-10,5601,45,7,37.9
2025-03-17,5601,45,7,0.0
2025-05-12,5602,45,5,1084.0
2025-05-19,5602,45,5,868.9
2025-05-26,5602,45,5,653.9
2025-06-02,5602,45,5,438.8
2025-06-09,5602,45,5,223.8
2025-06-16,5602,45,5,8.8
2025-06-23,5602,45,5,0.0
2025-08-25,5603,45,7,528.3
2025-09-01,5603,45,7,396.5
2025-09-08,5603,45,7,264.8
2025-09-15,5603,45,7,133.1
2025-09-22,5603,45,7,1.3
2025-09-29,5603,45,7,0.0
2025-12-08,5604,45,4,701.5
2025-12-15,5604,45,4,580.9
2025-12-22,5604,45,4,460.4
2025-12-29,5604,45,4,339.9
2026-01-05,5604,45,4,219.4
2026-01-12,5604,45,4,98.8
2026-01-19,5604,45,4,0.0
2026-04-27,5605,45,4,338.1
2026-05-04,5605,45,4,308.2
2026-05-11,5605,45,4,278.3
2026-05-18,5605,45,4,248.4
2026-05-25,5605,45,4,218.5
2026-06-01,5605,45,4,188.6
2026-06-08,5605,45,4,158.7
2026-06-15,5605,45,4,128.8
2026-06-22,5605,45,4,99.0
2026-06-29,5605,45,4,69.1
2024-09-16,5606,46,6,147.0
2024-09-23,5606,46,6,122.1
2024-09-30,5606,46,6,97.1
2024-10-07,5606,46,6,72.2
2024-10-14,5606,46,6,47.2
2024-10-21,5606,46,6,22.3
2024-10-28,5606,46,6,0.0
2025-02-10,5607,46,6,376.2
2025-02-17,5607,46,6,327.5
2025-02-24,5607,46,6,278.7
2025-03-03,5607,46,6,229.9
2025-03-10,5607,46,6,181.2
2025-03-17,5607,46,6,132.4
2025-03-24,5607,46,6,83.6
2025-03-31,5607,46,6,34.9
2025-04-07,5607,46,6,0.0
2025-06-30,5608,46,6,480.6
2025-07-07,5608,46,6,406.1
2025-07-14,5608,46,6,331.7
2025-07-21,5608,46,6,257.2
2025-07-28,5608,46,6,182.8
2025-08-04,5608,46,6,108.4
2025-08-11,5608,46,6,33.9
2025-08-18,5608,46,6,0.0
2025-08-18,5609,46,7,665.2
2025-08-25,5609,46,7,502.4
2025-09-01,5609,46,7,339.6
2025-09-08,5609,46,7,176.7
2025-09-15,5609,46,7,13.9
2025-09-22,5609,46,7,0.0
2025-11-24,5610,46,7,1051.4
2025-12-01,5610,46,7,968.8
2025-12-08,5610,46,7,886.1
2025-12-15,5610,46,7,803.5
2025-12-22,5610,46,7,720.9
2025-12-29,5610,46,7,638.3
2026-01-05,5610,46,7,555.6
2026-01-12,5610,46,7,473.0
2026-01-19,5610,46,7,390.4
2026-01-26,5610,46,7,307.8
2026-02-02,5610,46,7,225.2
2026-02-09,5610,46,7,142.5
2026-02-16,5610,46,7,59.9
2026-02-23,5610,46,7,0.0
2026-05-11,5611,46,5,695.7
2026-05-18,5611,46,5,567.5
2026-05-25,5611,46,5,439.2
2026-06-01,5611,46,5,310.9
2026-06-08,5611,46,5,182.7
2026-06-15,5611,46,5,54.4
2026-06-22,5611,46,5,0.0
2024-09-16,5612,47,2,320.9
2024-09-23,5612,47,2,245.7
2024-09-30,5612,47,2,170.6
2024-10-07,5612,47,2,95.5
2024-10-14,5612,47,2,20.3
2024-10-21,5612,47,2,0.0
2024-11-11,5613,47,1,496.7
2024-11-18,5613,47,1,416.3
2024-11-25,5613,47,1,336.0
2024-12-02,5613,47,1,255.7
2024-12-09,5613,47,1,175.3
2024-12-16,5613,47,1,95.0
2024-12-23,5613,47,1,14.7
2024-12-30,5613,47,1,0.0
2025-04-14,5614,47,2,788.0
2025-04-21,5614,47,2,594.0
2025-04-28,5614,47,2,400.1
2025-05-05,5614,47,2,206.1
2025-05-12,5614,47,2,12.1
2025-05-19,5614,47,2,0.0
2025-09-15,5615,47,2,939.6
2025-09-22,5615,47,2,847.2
2025-09-29,5615,47,2,754.8
2025-10-06,5615,47,2,662.4
2025-10-13,5615,47,2,569.9
2025-10-20,5615,47,2,477.5
2025-10-27,5615,47,2,385.1
2025-11-03,5615,47,2,292.7
2025-11-10,5615,47,2,200.3
2025-11-17,5615,47,2,107.9
2025-11-24,5615,47,2,15.5
2025-12-01,5615,47,2,0.0
2025-11-17,5616,47,8,342.9
2025-11-24,5616,47,8,290.9
2025-12-01,5616,47,8,238.8
2025-12-08,5616,47,8,186.7
2025-12-15,5616,47,8,134.7
2025-12-22,5616,47,8,82.6
2025-12-29,5616,47,8,30.5
2026-01-05,5616,47,8,0.0
2026-06-08,5617,47,2,607.0
2026-06-15,5617,47,2,536.0
2026-06-22,5617,47,2,465.0
2026-06-29,5617,47,2,394.0
2024-07-08,5618,48,1,204.7
2024-07-15,5619,48,1,140.7
2024-07-22,5620,48,1,57.9
2024-07-29,5621,48,3,65.0
2024-08-05,5622,48,1,75.3
2024-08-12,5623,48,1,619.3
2024-08-26,5625,48,3,71.5
2024-09-02,5626,48,3,368.7
2024-09-09,5627,48,1,109.1
2024-09-16,5628,48,3,144.4
2024-09-30,5630,48,1,348.0
2024-10-07,5631,48,3,61.9
2024-10-14,5632,48,3,174.7
2024-10-28,5634,48,3,199.8
2024-11-04,5635,48,3,360.9
2024-11-11,5636,48,3,167.7
2024-11-18,5637,48,1,221.6
2024-11-25,5638,48,3,141.9
2024-12-02,5639,48,1,319.1
2024-12-09,5640,48,1,241.2
2024-12-16,5641,48,3,328.4
2024-12-30,5643,48,3,158.0
2025-01-06,5644,48,1,489.9
2025-01-13,5645,48,1,383.1
2025-01-27,5647,48,3,86.4
2025-02-03,5648,48,1,492.7
2025-02-10,5649,48,3,264.7
2025-02-17,5650,48,1,372.4
2025-03-03,5652,48,1,74.6
2025-03-10,5653,48,1,189.1
2025-03-17,5654,48,1,289.8
2025-03-24,5655,48,3,308.4
2025-03-31,5656,48,1,350.1
2025-04-14,5658,48,1,194.2
2025-04-21,5659,48,3,145.7
2025-04-28,5660,48,1,366.4
2025-05-12,5662,48,3,527.3
2025-05-19,5663,48,1,196.6
2025-05-26,5664,48,1,489.3
2025-06-02,5665,48,3,326.9
2025-06-16,5667,48,1,47.8
2025-06-23,5668,48,3,109.7
2025-06-30,5669,48,3,497.4
2025-07-07,5670,48,1,72.2
2025-07-14,5671,48,1,513.9
2025-07-21,5672,48,1,73.9
2025-07-28,5673,48,3,219.7
2025-08-04,5674,48,3,41.0
2025-08-18,5676,48,1,444.6
2025-08-25,5677,48,3,315.4
2025-09-01,5678,48,1,248.1
2025-09-08,5679,48,1,89.7
2025-09-15,5680,48,1,65.2
2025-09-22,5681,48,3,152.6
2025-10-06,5683,48,1,388.0
2025-10-13,5684,48,3,474.9
2025-10-20,5685,48,3,501.1
2025-10-27,5686,48,3,307.0
2025-11-03,5687,48,3,125.2
2025-11-10,5688,48,3,118.8
2025-11-17,5689,48,1,210.9
2025-11-24,5690,48,3,425.8
2025-12-01,5691,48,3,44.2
2025-12-08,5692,48,1,84.1
2025-12-15,5693,48,1,243.5
2025-12-22,5694,48,1,394.1
2025-12-29,5695,48,1,416.0
2026-01-05,5696,48,3,369.5
2026-01-12,5697,48,3,293.6
2026-01-19,5698,48,3,415.0
2026-01-26,5699,48,3,365.1
2026-02-02,5700,48,1,309.6
2026-02-09,5701,48,3,158.3
2026-02-23,5703,48,1,354.6
2026-03-02,5704,48,1,240.4
2026-03-09,5705,48,1,32.6
2026-03-16,5706,48,1,246.3
2026-03-23,5707,48,1,251.4
2026-04-06,5709,48,1,333.1
2026-04-13,5710,48,3,519.1
2026-04-20,5711,48,3,298.2
2026-04-27,5712,48,3,222.3
2026-05-04,5713,48,3,345.4
2026-05-11,5714,48,3,367.9
2026-05-18,5715,48,1,74.8
2026-05-25,5716,48,1,330.3
2026-06-01,5717,48,3,414.8
2026-06-08,5718,48,1,330.0
2026-06-15,5719,48,3,123.0
2026-06-22,5720,48,3,358.6
2026-06-29,5721,48,1,300.4
2024-07-08,5723,48,4,262.4
2024-07-15,5724,48,4,353.5
2024-07-22,5725,48,4,482.9
2024-07-29,5726,48,4,548.8
2024-08-05,5727,48,4,67.3
2024-08-12,5728,48,4,401.2
2024-08-19,5729,48,4,355.9
2024-08-26,5730,48,4,601.5
2024-09-02,5731,48,4,640.8
2024-09-09,5732,48,4,294.2
2024-09-16,5733,48,4,503.0
2024-09-23,5734,48,4,126.3
2024-09-30,5735,48,4,483.8
2024-10-07,5736,48,4,208.3
2024-10-21,5738,48,4,130.8
2024-10-28,5739,48,4,291.8
2024-12-02,5744,48,4,406.7
2024-12-16,5746,48,4,288.6
2024-12-23,5747,48,4,181.1
2024-12-30,5748,48,4,370.9
2025-01-06,5749,48,4,417.7
2025-01-13,5750,48,4,394.2
2025-01-20,5751,48,4,644.9
2025-01-27,5752,48,4,438.2
2025-02-03,5753,48,4,96.1
2025-02-10,5754,48,4,220.4
2025-02-17,5755,48,4,527.0
2025-02-24,5756,48,4,78.1
2025-03-03,5757,48,4,263.2
2025-03-10,5758,48,4,291.0
2025-03-17,5759,48,4,405.4
2025-03-24,5760,48,4,226.1
2025-03-31,5761,48,4,206.1
2025-04-07,5762,48,4,281.0
2025-04-21,5764,48,4,175.0
2025-04-28,5765,48,4,472.5
2025-05-05,5766,48,4,558.1
2025-05-12,5767,48,4,41.5
2025-06-02,5770,48,4,535.9
2025-06-09,5771,48,4,324.1
2025-06-16,5772,48,4,477.9
2025-06-23,5773,48,4,319.0
2025-06-30,5774,48,4,449.2
2025-07-14,5776,48,4,30.4
2025-07-28,5778,48,4,425.9
2025-08-11,5780,48,4,285.4
2025-08-25,5782,48,4,239.6
2025-09-01,5783,48,4,396.1
2025-09-08,5784,48,4,504.0
2025-09-15,5785,48,4,263.9
2025-09-29,5787,48,4,464.4
2025-10-06,5788,48,4,155.5
2025-10-13,5789,48,4,161.6
2025-10-20,5790,48,4,488.9
2025-10-27,5791,48,4,47.4
2025-11-03,5792,48,4,394.4
2025-11-10,5793,48,4,102.3
2025-11-17,5794,48,4,358.1
2025-11-24,5795,48,4,374.6
2025-12-01,5796,48,4,101.2
2025-12-08,5797,48,4,65.9
2025-12-15,5798,48,4,512.6
2025-12-22,5799,48,4,56.8
2025-12-29,5800,48,4,339.9
2026-01-05,5801,48,4,320.3
2026-01-12,5802,48,4,149.8
2026-01-26,5804,48,4,253.9
2026-02-02,5805,48,4,146.7
2026-02-09,5806,48,4,283.1
2026-02-16,5807,48,4,424.7
2026-02-23,5808,48,4,221.5
2026-03-02,5809,48,4,122.0
2026-03-09,5810,48,4,420.5
2026-03-16,5811,48,4,110.5
2026-03-23,5812,48,4,421.5
2026-03-30,5813,48,4,138.7
2026-04-06,5814,48,4,89.7
2026-04-13,5815,48,4,467.2
2026-04-20,5816,48,4,365.4
2026-05-04,5818,48,4,127.1
2026-05-11,5819,48,4,638.7
2026-05-18,5820,48,4,106.3
2026-05-25,5821,48,4,319.9
2026-06-01,5822,48,4,189.8
2026-06-08,5823,48,4,331.1
2026-06-15,5824,48,4,215.1
2026-06-22,5825,48,4,430.2
2026-06-29,5826,48,4,254.0
2024-07-08,5827,48,5,317.0
2024-07-15,5828,48,5,253.7
2024-07-22,5829,48,5,616.1
2024-07-29,5830,48,5,613.6
2024-08-05,5831,48,5,397.8
2024-08-12,5832,48,5,462.2
2024-08-19,5833,48,5,461.0
2024-08-26,5834,48,5,445.3
2024-09-02,5835,48,5,165.9
2024-09-09,5836,48,5,153.6
2024-09-16,5837,48,5,535.5
2024-09-23,5838,48,5,139.9
2024-09-30,5839,48,5,90.3
2024-10-14,5841,48,5,261.9
2024-10-21,5842,48,5,230.3
2024-10-28,5843,48,5,246.7
2024-11-04,5844,48,5,258.6
2024-11-11,5845,48,5,387.8
2024-11-18,5846,48,5,144.2
2024-11-25,5847,48,5,558.7
2024-12-02,5848,48,5,298.2
2024-12-09,5849,48,5,327.2
2024-12-16,5850,48,5,127.9
2024-12-23,5851,48,5,120.4
2024-12-30,5852,48,5,287.3
2025-01-06,5853,48,5,336.8
2025-01-13,5854,48,5,375.7
2025-01-20,5855,48,5,236.8
2025-01-27,5856,48,5,517.9
2025-02-03,5857,48,5,108.2
2025-02-10,5858,48,5,453.0
2025-02-24,5860,48,5,139.0
2025-03-03,5861,48,5,369.1
2025-03-10,5862,48,5,173.3
2025-03-17,5863,48,5,364.5
2025-03-24,5864,48,5,217.2
2025-03-31,5865,48,5,274.4
2025-04-07,5866,48,5,619.6
2025-04-21,5868,48,5,453.9
2025-04-28,5869,48,5,298.2
2025-05-05,5870,48,5,405.7
2025-05-12,5871,48,5,41.2
2025-05-19,5872,48,5,237.1
2025-05-26,5873,48,5,267.3
2025-06-02,5874,48,5,134.0
2025-06-09,5875,48,5,259.6
2025-06-16,5876,48,5,558.8
2025-06-23,5877,48,5,342.9
2025-06-30,5878,48,5,54.5
2025-07-07,5879,48,5,420.8
2025-07-14,5880,48,5,383.7
2025-07-21,5881,48,5,200.9
2025-08-04,5883,48,5,395.0
2025-08-11,5884,48,5,390.8
2025-08-18,5885,48,5,122.4
2025-08-25,5886,48,5,91.7
2025-09-22,5890,48,5,381.2
2025-09-29,5891,48,5,68.8
2025-10-06,5892,48,5,195.9
2025-10-13,5893,48,5,133.2
2025-10-20,5894,48,5,218.3
2025-10-27,5895,48,5,343.5
2025-11-03,5896,48,5,303.2
2025-11-10,5897,48,5,164.1
2025-11-17,5898,48,5,417.4
2025-11-24,5899,48,5,110.4
2025-12-01,5900,48,5,309.8
2025-12-08,5901,48,5,232.7
2025-12-15,5902,48,5,640.9
2025-12-22,5903,48,5,485.9
2025-12-29,5904,48,5,343.3
2026-01-05,5905,48,5,432.4
2026-01-12,5906,48,5,66.4
2026-01-19,5907,48,5,83.3
2026-01-26,5908,48,5,377.3
2026-02-02,5909,48,5,303.2
2026-02-09,5910,48,5,285.6
2026-02-16,5911,48,5,92.0
2026-02-23,5912,48,5,255.9
2026-03-02,5913,48,5,311.8
2026-03-09,5914,48,5,272.0
2026-03-16,5915,48,5,208.7
2026-03-23,5916,48,5,414.2
2026-04-06,5918,48,5,128.0
2026-04-13,5919,48,5,235.0
2026-04-20,5920,48,5,121.8
2026-04-27,5921,48,5,215.0
2026-05-04,5922,48,5,295.0
2026-05-11,5923,48,5,563.8
2026-05-18,5924,48,5,53.7
2026-05-25,5925,48,5,274.9
2026-06-01,5926,48,5,265.1
2026-06-08,5927,48,5,225.6
2026-06-15,5928,48,5,391.0
2026-06-22,5929,48,5,372.4
2026-06-29,5930,48,5,122.7
2024-07-08,5932,48,7,153.8
2024-07-15,5933,48,7,88.6
2024-07-22,5934,48,9,46.4
2024-07-29,5935,48,7,447.4
2024-08-05,5936,48,9,467.1
2024-08-12,5937,48,9,137.9
2024-08-19,5938,48,7,312.1
2024-08-26,5939,48,9,211.1
2024-09-02,5940,48,9,75.7
2024-09-09,5941,48,9,100.4
2024-09-16,5942,48,7,499.1
2024-09-23,5943,48,9,524.6
2024-09-30,5944,48,9,65.5
2024-10-07,5945,48,9,155.0
2024-10-14,5946,48,9,196.0
2024-10-21,5947,48,9,42.8
2024-10-28,5948,48,7,40.1
2024-11-04,5949,48,7,393.7
2024-11-11,5950,48,9,601.3
2024-11-25,5952,48,7,546.2
2024-12-16,5955,48,7,199.2
2024-12-23,5956,48,7,372.3
2024-12-30,5957,48,7,295.3
2025-01-06,5958,48,9,141.7
2025-01-13,5959,48,9,433.6
2025-01-20,5960,48,9,166.7
2025-01-27,5961,48,9,235.4
2025-02-10,5963,48,9,216.3
2025-02-17,5964,48,7,546.7
2025-02-24,5965,48,9,159.6
2025-03-03,5966,48,9,267.5
2025-03-10,5967,48,7,52.6
2025-03-17,5968,48,7,103.9
2025-03-24,5969,48,7,503.6
2025-03-31,5970,48,9,210.1
2025-04-07,5971,48,7,270.0
2025-04-14,5972,48,7,371.3
2025-04-21,5973,48,7,467.4
2025-04-28,5974,48,7,264.1
2025-05-05,5975,48,9,62.5
2025-05-12,5976,48,9,285.3
2025-05-19,5977,48,9,475.1
2025-05-26,5978,48,7,89.7
2025-06-02,5979,48,7,230.3
2025-06-09,5980,48,9,448.1
2025-06-16,5981,48,7,255.3
2025-06-30,5983,48,9,601.3
2025-07-07,5984,48,9,228.2
2025-07-14,5985,48,7,173.7
2025-07-21,5986,48,7,206.3
2025-07-28,5987,48,9,479.2
2025-08-04,5988,48,7,160.9
2025-08-11,5989,48,9,393.9
2025-08-18,5990,48,9,224.8
2025-08-25,5991,48,9,207.7
2025-09-08,5993,48,9,360.9
2025-09-15,5994,48,9,501.7
2025-09-22,5995,48,7,546.5
2025-09-29,5996,48,7,269.5
2025-10-06,5997,48,7,387.3
2025-10-13,5998,48,9,255.5
2025-10-20,5999,48,7,294.0
2025-10-27,6000,48,7,390.8
2025-11-03,6001,48,7,160.1
2025-11-10,6002,48,7,216.1
2025-11-17,6003,48,9,94.6
2025-12-01,6005,48,7,427.2
2025-12-08,6006,48,7,125.0
2025-12-15,6007,48,7,137.5
2025-12-22,6008,48,7,88.0
2025-12-29,6009,48,7,389.2
2026-01-05,6010,48,9,198.9
2026-01-12,6011,48,9,231.8
2026-01-19,6012,48,7,191.6
2026-01-26,6013,48,9,191.7
2026-02-09,6015,48,9,402.0
2026-02-16,6016,48,7,416.1
2026-02-23,6017,48,9,454.6
2026-03-02,6018,48,7,306.9
2026-03-09,6019,48,7,350.1
2026-03-16,6020,48,9,448.7
2026-03-23,6021,48,9,171.0
2026-03-30,6022,48,7,182.9
2026-04-06,6023,48,7,227.4
2026-04-13,6024,48,7,470.9
2026-04-20,6025,48,7,129.8
2026-04-27,6026,48,7,598.9
2026-05-04,6027,48,7,518.1
2026-05-11,6028,48,7,536.5
2026-05-18,6029,48,9,310.5
2026-05-25,6030,48,7,323.6
2026-06-08,6032,48,7,251.4
2026-06-15,6033,48,9,165.4
2026-06-22,6034,48,7,638.0
2026-06-29,6035,48,7,436.6
2024-07-15,6037,48,10,114.4
2024-07-22,6038,48,10,396.2
2024-07-29,6039,48,10,453.4
2024-08-05,6040,48,10,333.4
2024-08-12,6041,48,10,476.9
2024-08-19,6042,48,10,276.7
2024-09-02,6044,48,10,149.4
2024-09-09,6045,48,10,380.1
2024-09-16,6046,48,10,177.5
2024-09-23,6047,48,10,218.5
2024-09-30,6048,48,10,393.3
2024-10-07,6049,48,10,419.6
2024-10-14,6050,48,10,530.1
2024-10-21,6051,48,10,348.6
2024-10-28,6052,48,10,384.1
2024-11-04,6053,48,10,144.5
2024-11-25,6056,48,10,45.6
2024-12-09,6058,48,10,213.3
2024-12-16,6059,48,10,457.6
2024-12-23,6060,48,10,239.6
2024-12-30,6061,48,10,210.3
2025-01-06,6062,48,10,158.3
2025-01-27,6065,48,10,414.6
2025-02-03,6066,48,10,493.2
2025-02-10,6067,48,10,610.6
2025-02-17,6068,48,10,130.0
2025-02-24,6069,48,10,429.9
2025-03-03,6070,48,10,430.0
2025-03-10,6071,48,10,197.9
2025-03-17,6072,48,10,75.2
2025-03-24,6073,48,10,356.6
2025-03-31,6074,48,10,70.8
2025-04-07,6075,48,10,361.9
2025-04-14,6076,48,10,110.8
2025-04-21,6077,48,10,55.2
2025-04-28,6078,48,10,382.2
2025-05-05,6079,48,10,40.8
2025-05-12,6080,48,10,402.3
2025-05-19,6081,48,10,546.6
2025-06-02,6083,48,10,323.9
2025-06-09,6084,48,10,289.3
2025-06-16,6085,48,10,343.8
2025-06-23,6086,48,10,386.2
2025-07-07,6088,48,10,524.4
2025-07-14,6089,48,10,206.9
2025-07-21,6090,48,10,355.6
2025-07-28,6091,48,10,325.2
2025-08-04,6092,48,10,102.2
2025-08-11,6093,48,10,400.8
2025-08-18,6094,48,10,527.0
2025-08-25,6095,48,10,314.8
2025-09-01,6096,48,10,338.9
2025-09-08,6097,48,10,45.4
2025-09-15,6098,48,10,278.2
2025-09-22,6099,48,10,204.8
2025-09-29,6100,48,10,116.5
2025-10-06,6101,48,10,207.4
2025-10-13,6102,48,10,426.7
2025-10-20,6103,48,10,452.8
2025-10-27,6104,48,10,137.3
2025-11-03,6105,48,10,477.8
2025-11-10,6106,48,10,157.5
2025-11-17,6107,48,10,165.5
2025-11-24,6108,48,10,256.5
2025-12-08,6110,48,10,43.1
2025-12-22,6112,48,10,252.6
2025-12-29,6113,48,10,369.0
2026-01-05,6114,48,10,60.8
2026-01-12,6115,48,10,38.5
2026-01-19,6116,48,10,539.5
2026-01-26,6117,48,10,55.2
2026-02-02,6118,48,10,109.9
2026-02-09,6119,48,10,207.9
2026-02-16,6120,48,10,319.6
2026-02-23,6121,48,10,373.4
2026-03-09,6123,48,10,295.3
2026-03-16,6124,48,10,282.1
2026-03-23,6125,48,10,407.6
2026-03-30,6126,48,10,172.0
2026-04-06,6127,48,10,383.7
2026-04-13,6128,48,10,77.6
2026-04-20,6129,48,10,161.9
2026-04-27,6130,48,10,444.2
2026-05-04,6131,48,10,321.1
2026-05-11,6132,48,10,261.0
2026-05-18,6133,48,10,240.9
2026-05-25,6134,48,10,164.0
2026-06-01,6135,48,10,115.8
2026-06-08,6136,48,10,225.5
2026-06-15,6137,48,10,406.9
2026-06-29,6139,48,10,69.7
2024-10-28,6140,49,7,95.3
2024-11-04,6140,49,7,88.7
2024-11-11,6140,49,7,82.0
2024-11-18,6140,49,7,75.3
2024-11-25,6140,49,7,68.7
2024-12-02,6140,49,7,62.0
2024-12-09,6140,49,7,55.4
2024-12-16,6140,49,7,48.7
2024-12-23,6140,49,7,42.0
2024-12-30,6140,49,7,35.4
2025-01-06,6140,49,7,28.7
2025-01-13,6140,49,7,22.0
2025-01-20,6140,49,7,15.4
2025-01-27,6140,49,7,8.7
2025-02-03,6140,49,7,2.1
2025-02-10,6140,49,7,0.0
2024-11-25,6141,49,7,287.2
2024-12-02,6141,49,7,211.3
2024-12-09,6141,49,7,135.5
2024-12-16,6141,49,7,59.7
2024-12-23,6141,49,7,0.0
2025-04-14,6142,49,5,1085.5
2025-04-21,6142,49,5,965.0
2025-04-28,6142,49,5,844.5
2025-05-05,6142,49,5,724.0
2025-05-12,6142,49,5,603.5
2025-05-19,6142,49,5,483.0
2025-05-26,6142,49,5,362.5
2025-06-02,6142,49,5,242.0
2025-06-09,6142,49,5,121.5
2025-06-16,6142,49,5,1.0
2025-06-23,6142,49,5,0.0
2025-08-04,6143,49,6,985.7
2025-08-11,6143,49,6,803.4
2025-08-18,6143,49,6,621.0
2025-08-25,6143,49,6,438.7
2025-09-01,6143,49,6,256.4
2025-09-08,6143,49,6,74.1
2025-09-15,6143,49,6,0.0
2025-11-10,6144,49,5,645.2
2025-11-17,6144,49,5,594.5
2025-11-24,6144,49,5,543.7
2025-12-01,6144,49,5,493.0
2025-12-08,6144,49,5,442.2
2025-12-15,6144,49,5,391.4
2025-12-22,6144,49,5,340.7
2025-12-29,6144,49,5,289.9
2026-01-05,6144,49,5,239.2
2026-01-12,6144,49,5,188.4
2026-01-19,6144,49,5,137.7
2026-01-26,6144,49,5,86.9
2026-02-02,6144,49,5,36.1
2026-02-09,6144,49,5,0.0
2026-06-22,6145,49,6,972.3
2026-06-29,6145,49,6,863.6
2026-06-29,6146,49,5,907.7
2024-10-14,6147,50,10,808.2
2024-10-21,6147,50,10,613.5
2024-10-28,6147,50,10,418.7
2024-11-04,6147,50,10,223.9
2024-11-11,6147,50,10,29.2
2024-11-18,6147,50,10,0.0
2024-12-09,6148,50,8,199.1
2024-12-16,6148,50,8,170.2
2024-12-23,6148,50,8,141.2
2024-12-30,6148,50,8,112.3
2025-01-06,6148,50,8,83.4
2025-01-13,6148,50,8,54.5
2025-01-20,6148,50,8,25.6
2025-01-27,6148,50,8,0.0
2025-05-05,6149,50,6,456.2
2025-05-12,6149,50,6,360.5
2025-05-19,6149,50,6,264.7
2025-05-26,6149,50,6,169.0
2025-06-02,6149,50,6,73.2
2025-06-09,6149,50,6,0.0
2025-09-01,6150,50,6,919.0
2025-09-08,6150,50,6,762.0
2025-09-15,6150,50,6,605.1
2025-09-22,6150,50,6,448.1
2025-09-29,6150,50,6,291.1
2025-10-06,6150,50,6,134.1
2025-10-13,6150,50,6,0.0
2025-12-01,6151,50,6,1113.8
2025-12-08,6151,50,6,1023.6
2025-12-15,6151,50,6,933.4
2025-12-22,6151,50,6,843.2
2025-12-29,6151,50,6,753.0
2026-01-05,6151,50,6,662.8
2026-01-12,6151,50,6,572.6
2026-01-19,6151,50,6,482.4
2026-01-26,6151,50,6,392.2
2026-02-02,6151,50,6,302.0
2026-02-09,6151,50,6,211.8
2026-02-16,6151,50,6,121.6
2026-02-23,6151,50,6,31.4
2026-03-02,6151,50,6,0.0
2026-04-27,6152,50,6,913.5
2026-05-04,6152,50,6,855.0
2026-05-11,6152,50,6,796.5
2026-05-18,6152,50,6,738.0
2026-05-25,6152,50,6,679.5
2026-06-01,6152,50,6,621.0
2026-06-08,6152,50,6,562.5
2026-06-15,6152,50,6,504.1
2026-06-22,6152,50,6,445.6
2026-06-29,6152,50,6,387.1
2024-07-15,6153,51,3,52.1
2024-07-15,6154,51,3,371.5
2024-07-29,6155,51,3,245.4
2024-07-29,6156,51,1,306.7
2024-08-05,6157,51,1,59.5
2024-08-12,6158,51,3,202.5
2024-08-19,6159,51,1,31.3
2024-08-26,6160,51,1,46.5
2024-09-02,6161,51,3,432.2
2024-09-09,6162,51,1,276.3
2024-09-16,6163,51,1,553.5
2024-09-23,6163,51,1,237.0
2024-09-23,6164,51,3,213.1
2024-09-30,6165,51,3,341.2
2024-10-07,6166,51,3,141.6
2024-10-14,6167,51,3,147.3
2024-10-21,6168,51,3,419.9
2024-10-28,6169,51,3,197.7
2024-11-04,6169,51,3,86.4
2024-11-04,6170,51,1,220.4
2024-11-11,6171,51,1,110.9
2024-11-25,6172,51,3,140.8
2024-11-25,6173,51,1,609.4
2024-12-02,6174,51,3,181.8
2024-12-09,6174,51,3,9.6
2024-12-09,6175,51,3,295.9
2024-12-16,6176,51,3,611.6
2024-12-23,6176,51,3,365.2
2024-12-23,6177,51,1,71.7
2024-12-30,6178,51,1,163.0
2025-01-06,6179,51,3,290.1
2025-01-13,6180,51,1,477.9
2025-01-20,6181,51,3,416.4
2025-02-03,6182,51,1,32.7
2025-02-10,6183,51,3,306.0
2025-02-10,6184,51,1,174.8
2025-02-17,6185,51,1,205.6
2025-02-24,6186,51,1,428.5
2025-03-03,6187,51,3,409.1
2025-03-10,6187,51,3,91.1
2025-03-10,6188,51,1,71.1
2025-03-17,6189,51,1,359.9
2025-03-24,6190,51,3,244.6
2025-03-31,6190,51,3,123.2
2025-03-31,6191,51,1,291.3
2025-04-07,6192,51,3,463.2
2025-04-14,6193,51,1,395.8
2025-04-21,6193,51,1,99.5
2025-04-21,6194,51,1,364.8
2025-05-05,6195,51,3,52.0
2025-05-12,6196,51,1,107.0
2025-05-19,6197,51,1,73.2
2025-05-19,6198,51,3,123.5
2025-05-26,6199,51,1,230.0
2025-06-02,6200,51,3,431.6
2025-06-09,6201,51,1,406.8
2025-06-16,6201,51,1,0.0
2025-06-16,6202,51,1,286.0
2025-06-23,6202,51,1,151.9
2025-06-30,6203,51,1,75.8
2025-06-30,6204,51,3,182.5
2025-07-07,6205,51,3,432.2
2025-07-21,6206,51,3,293.3
2025-07-21,6207,51,1,359.0
2025-07-28,6208,51,3,197.7
2025-08-04,6209,51,3,326.9
2025-08-18,6210,51,1,54.0
2025-08-18,6211,51,1,249.9
2025-09-01,6212,51,3,351.9
2025-09-08,6213,51,1,209.7
2025-09-08,6214,51,3,369.2
2025-09-15,6214,51,3,205.4
2025-09-22,6215,51,3,85.0
2025-09-22,6216,51,3,242.3
2025-09-29,6217,51,1,207.9
2025-10-13,6218,51,1,95.3
2025-10-13,6219,51,1,288.4
2025-10-20,6220,51,3,174.2
2025-11-03,6221,51,3,51.6
2025-11-03,6222,51,3,181.8
2025-11-10,6223,51,1,358.9
2025-11-24,6224,51,1,347.2
2025-11-24,6225,51,1,454.4
2025-12-01,6226,51,1,436.2
2025-12-08,6227,51,3,434.5
2025-12-22,6228,51,1,94.1
2025-12-22,6229,51,1,135.3
2025-12-29,6230,51,3,279.3
2026-01-05,6231,51,1,247.3
2026-01-19,6232,51,3,431.0
2026-01-19,6233,51,1,235.4
2026-01-26,6234,51,3,271.7
2026-02-02,6235,51,3,155.2
2026-02-09,6236,51,3,326.1
2026-02-16,6237,51,3,241.1
2026-02-23,6238,51,1,62.6
2026-03-09,6239,51,3,176.1
2026-03-09,6240,51,1,134.7
2026-03-16,6241,51,1,395.0
2026-03-30,6242,51,3,213.6
2026-04-06,6243,51,1,363.8
2026-04-06,6244,51,1,539.8
2026-04-13,6244,51,1,279.6
2026-04-13,6245,51,1,298.1
2026-04-20,6245,51,1,132.2
2026-04-20,6246,51,3,336.5
2026-04-27,6247,51,3,184.3
2026-05-04,6248,51,3,44.0
2026-05-11,6249,51,3,480.4
2026-05-25,6250,51,3,267.9
2026-06-01,6251,51,1,593.3
2026-06-08,6252,51,3,200.1
2026-06-08,6253,51,3,466.1
2026-06-15,6254,51,1,355.8
2026-06-22,6255,51,1,147.7
2026-06-29,6255,51,1,67.5
2024-07-08,6257,51,4,294.8
2024-07-15,6258,51,4,617.9
2024-07-22,6259,51,4,144.7
2024-07-29,6260,51,4,211.1
2024-08-05,6261,51,4,79.3
2024-08-12,6261,51,4,51.5
2024-08-12,6262,51,4,214.6
2024-08-19,6263,51,4,135.6
2024-08-26,6264,51,4,275.0
2024-09-02,6264,51,4,19.0
2024-09-02,6265,51,4,409.8
2024-09-09,6265,51,4,169.6
2024-09-09,6266,51,4,294.7
2024-09-16,6267,51,4,443.0
2024-09-23,6268,51,4,297.3
2024-09-30,6269,51,4,81.4
2024-10-07,6269,51,4,0.0
2024-10-07,6270,51,4,117.2
2024-10-14,6271,51,4,260.5
2024-10-28,6272,51,4,32.6
2024-11-04,6273,51,4,159.1
2024-11-04,6274,51,4,587.6
2024-11-11,6275,51,4,40.5
2024-11-18,6276,51,4,465.3
2024-12-02,6277,51,4,379.9
2024-12-02,6278,51,4,452.6
2024-12-16,6279,51,4,285.9
2024-12-23,6280,51,4,214.2
2024-12-30,6281,51,4,106.3
2025-01-06,6282,51,4,517.3
2025-01-06,6283,51,4,148.2
2025-01-13,6283,51,4,0.0
2025-01-13,6284,51,4,253.2
2025-01-20,6285,51,4,104.6
2025-01-27,6286,51,4,348.9
2025-02-03,6287,51,4,465.6
2025-02-10,6288,51,4,665.9
2025-02-17,6288,51,4,439.9
2025-02-24,6289,51,4,85.6
2025-02-24,6290,51,4,168.2
2025-03-03,6291,51,4,353.4
2025-03-10,6292,51,4,142.3
2025-03-17,6293,51,4,414.4
2025-03-24,6294,51,4,250.9
2025-03-31,6294,51,4,130.9
2025-03-31,6295,51,4,97.3
2025-04-07,6296,51,4,72.3
2025-04-21,6297,51,4,62.8
2025-04-21,6298,51,4,112.9
2025-04-28,6298,51,4,20.7
2025-04-28,6299,51,4,389.3
2025-05-05,6299,51,4,0.0
2025-05-05,6300,51,4,101.4
2025-05-19,6301,51,4,241.9
2025-05-19,6302,51,4,305.7
2025-05-26,6303,51,4,350.1
2025-06-02,6303,51,4,94.2
2025-06-09,6304,51,4,460.0
2025-06-16,6305,51,4,283.1
2025-06-16,6306,51,4,536.7
2025-06-23,6307,51,4,619.2
2025-07-07,6308,51,4,608.9
2025-07-07,6309,51,4,317.7
2025-07-14,6310,51,4,332.5
2025-07-21,6311,51,4,493.8
2025-07-28,6312,51,4,358.5
2025-08-04,6312,51,4,0.0
2025-08-04,6313,51,4,175.1
2025-08-11,6314,51,4,276.5
2025-08-18,6314,51,4,0.0
2025-08-18,6315,51,4,248.9
2025-08-25,6316,51,4,621.9
2025-09-01,6317,51,4,342.8
2025-09-08,6318,51,4,375.8
2025-09-15,6319,51,4,244.2
2025-09-22,6320,51,4,118.9
2025-09-29,6321,51,4,325.2
2025-10-06,6322,51,4,572.4
2025-10-20,6323,51,4,154.7
2025-10-27,6324,51,4,394.4
2025-10-27,6325,51,4,77.4
2025-11-03,6326,51,4,419.8
2025-11-10,6327,51,4,601.2
2025-11-17,6328,51,4,131.6
2025-11-24,6329,51,4,466.7
2025-12-01,6329,51,4,267.4
2025-12-01,6330,51,4,327.9
2025-12-15,6331,51,4,334.0
2025-12-15,6332,51,4,257.5
2025-12-22,6333,51,4,330.8
2025-12-29,6333,51,4,143.7
2025-12-29,6334,51,4,264.5
2026-01-05,6335,51,4,171.2
2026-01-12,6336,51,4,327.6
2026-01-19,6337,51,4,582.1
2026-01-26,6338,51,4,342.3
2026-02-02,6338,51,4,0.0
2026-02-02,6339,51,4,98.1
2026-02-09,6340,51,4,412.3
2026-02-16,6341,51,4,348.7
2026-03-02,6342,51,4,191.1
2026-03-02,6343,51,4,482.0
2026-03-09,6344,51,4,386.0
2026-03-16,6345,51,4,45.1
2026-03-23,6346,51,4,425.2
2026-03-30,6347,51,4,68.1
2026-04-06,6348,51,4,359.4
2026-04-13,6348,51,4,0.0
2026-04-13,6349,51,4,512.0
2026-04-20,6349,51,4,284.0
2026-04-20,6350,51,4,455.2
2026-04-27,6351,51,4,532.1
2026-05-04,6352,51,4,258.0
2026-05-11,6353,51,4,133.6
2026-05-18,6354,51,4,368.0
2026-05-25,6355,51,4,179.1
2026-06-01,6356,51,4,123.9
2026-06-08,6357,51,4,203.4
2026-06-15,6358,51,4,294.2
2026-06-22,6359,51,4,363.6
2026-06-29,6360,51,4,309.6
2024-07-08,6362,51,5,234.9
2024-07-15,6363,51,5,289.4
2024-07-22,6364,51,5,602.7
2024-07-29,6365,51,5,160.9
2024-08-05,6366,51,5,413.1
2024-08-12,6367,51,5,482.6
2024-08-19,6368,51,5,173.5
2024-09-02,6369,51,5,350.6
2024-09-02,6370,51,5,475.0
2024-09-09,6371,51,5,218.3
2024-09-16,6371,51,5,89.5
2024-09-16,6372,51,5,349.3
2024-09-23,6373,51,5,171.0
2024-09-30,6374,51,5,170.4
2024-10-07,6375,51,5,340.5
2024-10-14,6376,51,5,495.7
2024-10-21,6377,51,5,593.2
2024-11-04,6378,51,5,188.5
2024-11-04,6379,51,5,295.6
2024-11-11,6380,51,5,51.7
2024-11-18,6381,51,5,385.6
2024-11-25,6382,51,5,279.2
2024-12-02,6383,51,5,575.1
2024-12-09,6384,51,5,230.2
2024-12-16,6385,51,5,314.1
2024-12-23,6386,51,5,400.8
2024-12-30,6387,51,5,313.0
2025-01-06,6388,51,5,253.4
2025-01-13,6389,51,5,304.6
2025-01-20,6390,51,5,59.4
2025-01-27,6391,51,5,302.2
2025-02-03,6392,51,5,422.8
2025-02-10,6393,51,5,541.7
2025-02-17,6394,51,5,152.8
2025-03-03,6395,51,5,270.7
2025-03-03,6396,51,5,107.7
2025-03-10,6397,51,5,181.9
2025-03-17,6397,51,5,41.7
2025-03-17,6398,51,5,79.7
2025-03-24,6399,51,5,118.6
2025-04-07,6400,51,5,348.1
2025-04-07,6401,51,5,453.8
2025-04-14,6402,51,5,315.5
2025-04-21,6403,51,5,420.4
2025-04-28,6404,51,5,623.1
2025-05-05,6405,51,5,363.9
2025-05-12,6405,51,5,218.9
2025-05-12,6406,51,5,292.4
2025-05-19,6407,51,5,618.3
2025-05-26,6408,51,5,94.7
2025-06-02,6409,51,5,377.9
2025-06-09,6410,51,5,173.6
2025-06-16,6411,51,5,466.5
2025-06-23,6412,51,5,316.2
2025-06-30,6413,51,5,528.2
2025-07-07,6414,51,5,376.8
2025-07-14,6415,51,5,183.4
2025-07-21,6416,51,5,265.9
2025-07-28,6416,51,5,76.8
2025-07-28,6417,51,5,365.3
2025-08-04,6418,51,5,46.4
2025-08-18,6419,51,5,281.6
2025-08-18,6420,51,5,246.2
2025-09-01,6421,51,5,233.4
2025-09-01,6422,51,5,339.9
2025-09-08,6423,51,5,619.6
2025-09-15,6424,51,5,85.9
2025-09-22,6425,51,5,401.1
2025-09-29,6426,51,5,153.7
2025-10-06,6427,51,5,536.5
2025-10-20,6428,51,5,94.1
2025-10-20,6429,51,5,31.7
2025-10-27,6430,51,5,485.1
2025-11-03,6431,51,5,271.6
2025-11-10,6432,51,5,593.7
2025-11-24,6433,51,5,409.2
2025-11-24,6434,51,5,218.8
2025-12-01,6435,51,5,306.1
2025-12-08,6436,51,5,176.1
2025-12-22,6437,51,5,65.6
2025-12-22,6438,51,5,98.9
2025-12-29,6438,51,5,4.7
2025-12-29,6439,51,5,184.0
2026-01-05,6440,51,5,297.1
2026-01-12,6440,51,5,0.0
2026-01-12,6441,51,5,470.9
2026-01-19,6442,51,5,432.9
2026-01-26,6443,51,5,488.7
2026-02-02,6444,51,5,647.7
2026-02-09,6445,51,5,54.9
2026-02-23,6446,51,5,109.8
2026-03-02,6447,51,5,308.0
2026-03-09,6448,51,5,65.8
2026-03-16,6449,51,5,92.8
2026-03-23,6450,51,5,455.7
2026-03-23,6451,51,5,432.4
2026-03-30,6452,51,5,301.7
2026-04-06,6453,51,5,566.8
2026-04-13,6454,51,5,240.6
2026-04-20,6455,51,5,212.6
2026-04-27,6456,51,5,310.8
2026-05-04,6457,51,5,136.2
2026-05-11,6458,51,5,517.2
2026-05-18,6459,51,5,492.3
2026-06-01,6460,51,5,332.6
2026-06-01,6461,51,5,521.5
2026-06-08,6462,51,5,34.2
2026-06-22,6463,51,5,390.6
2026-06-22,6464,51,5,116.7
2026-06-29,6464,51,5,6.3
2026-06-29,6465,51,5,277.8
2024-07-15,6466,51,7,104.7
2024-07-22,6467,51,7,453.7
2024-07-22,6468,51,9,594.5
2024-07-29,6469,51,9,338.8
2024-08-05,6470,51,7,296.6
2024-08-12,6471,51,7,492.3
2024-08-19,6472,51,9,221.5
2024-08-26,6473,51,9,136.7
2024-09-02,6474,51,9,191.1
2024-09-09,6475,51,9,475.0
2024-09-16,6476,51,7,614.1
2024-09-23,6477,51,9,347.0
2024-09-30,6478,51,7,132.5
2024-10-07,6478,51,7,59.9
2024-10-07,6479,51,9,198.8
2024-10-14,6480,51,7,454.1
2024-10-21,6481,51,9,391.9
2024-10-28,6482,51,7,76.6
2024-11-04,6482,51,7,39.1
2024-11-04,6483,51,7,248.7
2024-11-11,6484,51,7,488.4
2024-11-18,6485,51,9,86.2
2024-11-25,6485,51,9,0.0
2024-11-25,6486,51,9,249.4
2024-12-02,6487,51,9,103.3
2024-12-16,6488,51,9,369.6
2024-12-16,6489,51,7,414.3
2024-12-23,6490,51,9,188.0
2024-12-30,6491,51,9,485.7
2025-01-06,6492,51,9,523.2
2025-01-13,6492,51,9,244.4
2025-01-13,6493,51,9,331.0
2025-01-20,6494,51,7,491.1
2025-02-03,6495,51,9,313.9
2025-02-03,6496,51,9,302.3
2025-02-17,6497,51,7,553.8
2025-02-24,6498,51,9,45.5
2025-03-03,6499,51,7,325.2
2025-03-03,6500,51,9,259.4
2025-03-10,6501,51,7,386.0
2025-03-24,6502,51,7,159.9
2025-03-24,6503,51,9,242.4
2025-03-31,6504,51,9,296.7
2025-04-07,6505,51,9,317.7
2025-04-14,6506,51,9,150.5
2025-04-28,6507,51,7,582.4
2025-04-28,6508,51,9,320.2
2025-05-05,6509,51,7,437.9
2025-05-12,6510,51,9,484.7
2025-05-19,6510,51,9,149.5
2025-05-19,6511,51,7,562.7
2025-05-26,6512,51,7,235.7
2025-06-02,6513,51,7,360.5
2025-06-09,6514,51,7,400.9
2025-06-16,6515,51,9,484.2
2025-06-23,6516,51,9,207.1
2025-06-30,6516,51,9,118.2
2025-07-07,6517,51,9,535.9
2025-07-07,6518,51,9,265.6
2025-07-21,6519,51,7,207.8
2025-07-21,6520,51,9,321.4
2025-07-28,6521,51,9,433.0
2025-08-04,6522,51,9,108.3
2025-08-11,6523,51,9,365.0
2025-08-18,6523,51,9,150.9
2025-08-18,6524,51,9,298.8
2025-08-25,6525,51,7,348.6
2025-09-01,6525,51,7,204.1
2025-09-01,6526,51,7,372.4
2025-09-08,6526,51,7,0.0
2025-09-08,6527,51,7,52.9
2025-09-15,6528,51,9,438.3
2025-09-22,6529,51,7,198.7
2025-09-29,6530,51,7,206.8
2025-10-06,6531,51,7,258.9
2025-10-13,6532,51,7,76.2
2025-10-20,6533,51,9,510.5
2025-10-27,6534,51,9,164.7
2025-11-03,6535,51,7,278.4
2025-11-10,6536,51,9,232.3
2025-11-17,6536,51,9,0.0
2025-11-17,6537,51,7,174.5
2025-11-24,6537,51,7,38.0
2025-12-01,6538,51,7,249.7
2025-12-01,6539,51,9,394.2
2025-12-08,6540,51,9,547.2
2025-12-22,6541,51,7,235.8
2025-12-22,6542,51,9,431.0
2025-12-29,6543,51,7,62.1
2026-01-05,6544,51,7,315.2
2026-01-12,6545,51,9,214.8
2026-01-19,6546,51,7,433.2
2026-02-02,6547,51,7,560.0
2026-02-02,6548,51,9,380.3
2026-02-16,6549,51,9,259.1
2026-02-16,6550,51,9,40.6
2026-02-23,6551,51,7,427.8
2026-03-02,6551,51,7,92.6
2026-03-09,6552,51,9,144.0
2026-03-09,6553,51,7,44.4
2026-03-16,6554,51,7,48.4
2026-03-23,6555,51,9,603.8
2026-03-30,6555,51,9,379.6
2026-03-30,6556,51,9,321.6
2026-04-06,6557,51,9,469.6
2026-04-13,6558,51,9,148.0
2026-04-20,6558,51,9,23.0
2026-04-20,6559,51,9,89.4
2026-04-27,6559,51,9,35.8
2026-05-04,6560,51,7,75.6
2026-05-11,6561,51,9,567.3
2026-05-11,6562,51,7,333.6
2026-05-25,6563,51,9,337.5
2026-06-01,6564,51,9,158.3
2026-06-01,6565,51,7,490.4
2026-06-08,6566,51,9,119.0
2026-06-15,6566,51,9,52.0
2026-06-15,6567,51,9,334.9
2026-06-22,6568,51,9,162.9
2026-06-29,6569,51,9,193.9
2024-07-08,6571,51,10,652.1
2024-07-15,6572,51,10,86.7
2024-07-22,6573,51,10,207.0
2024-07-29,6574,51,10,408.7
2024-08-05,6575,51,10,180.5
2024-08-12,6576,51,10,428.2
2024-08-19,6577,51,10,491.3
2024-08-26,6577,51,10,197.6
2024-08-26,6578,51,10,470.3
2024-09-02,6578,51,10,262.6
2024-09-02,6579,51,10,179.4
2024-09-09,6580,51,10,183.5
2024-09-16,6581,51,10,282.5
2024-09-23,6582,51,10,262.7
2024-09-30,6582,51,10,63.4
2024-09-30,6583,51,10,270.3
2024-10-14,6584,51,10,371.6
2024-10-14,6585,51,10,189.5
2024-10-21,6586,51,10,73.3
2024-10-28,6587,51,10,182.5
2024-11-11,6588,51,10,182.5
2024-11-11,6589,51,10,31.2
2024-11-18,6590,51,10,251.4
2024-11-25,6591,51,10,391.6
2024-12-02,6592,51,10,532.1
2024-12-16,6593,51,10,390.3
2024-12-16,6594,51,10,45.9
2024-12-23,6595,51,10,378.1
2024-12-30,6596,51,10,150.5
2025-01-06,6596,51,10,84.0
2025-01-13,6597,51,10,480.2
2025-01-13,6598,51,10,204.0
2025-01-20,6599,51,10,269.6
2025-01-27,6600,51,10,225.0
2025-02-03,6601,51,10,322.7
2025-02-10,6602,51,10,285.0
2025-02-24,6603,51,10,433.1
2025-03-03,6604,51,10,126.9
2025-03-03,6605,51,10,556.5
2025-03-10,6606,51,10,71.2
2025-03-17,6607,51,10,173.5
2025-03-24,6607,51,10,13.9
2025-03-24,6608,51,10,147.4
2025-03-31,6609,51,10,253.7
2025-04-07,6610,51,10,353.9
2025-04-14,6611,51,10,340.8
2025-04-28,6612,51,10,481.8
2025-04-28,6613,51,10,329.9
2025-05-05,6613,51,10,80.9
2025-05-05,6614,51,10,104.6
2025-05-19,6615,51,10,162.6
2025-05-19,6616,51,10,432.2
2025-05-26,6616,51,10,275.3
2025-06-02,6617,51,10,202.4
2025-06-02,6618,51,10,246.3
2025-06-09,6619,51,10,87.2
2025-06-16,6620,51,10,57.6
2025-06-30,6621,51,10,359.0
2025-07-07,6622,51,10,469.0
2025-07-07,6623,51,10,469.1
2025-07-14,6624,51,10,178.2
2025-07-21,6625,51,10,226.6
2025-07-28,6625,51,10,90.2
2025-07-28,6626,51,10,253.3
2025-08-04,6627,51,10,208.6
2025-08-11,6628,51,10,575.6
2025-08-18,6629,51,10,251.1
2025-08-25,6630,51,10,131.9
2025-09-01,6630,51,10,79.9
2025-09-01,6631,51,10,369.0
2025-09-08,6631,51,10,12.1
2025-09-08,6632,51,10,563.6
2025-09-15,6633,51,10,329.2
2025-09-22,6634,51,10,474.1
2025-09-29,6635,51,10,63.6
2025-10-06,6636,51,10,328.3
2025-10-13,6636,51,10,0.0
2025-10-13,6637,51,10,381.6
2025-10-20,6638,51,10,219.1
2025-10-27,6639,51,10,171.9
2025-11-10,6640,51,10,164.6
2025-11-10,6641,51,10,351.2
2025-11-17,6642,51,10,582.6
2025-11-24,6642,51,10,305.3
2025-11-24,6643,51,10,120.5
2025-12-01,6644,51,10,642.9
2025-12-08,6645,51,10,358.2
2025-12-15,6646,51,10,225.5
2025-12-22,6647,51,10,562.3
2025-12-29,6648,51,10,100.8
2026-01-05,6649,51,10,59.6
2026-01-12,6650,51,10,173.2
2026-01-19,6650,51,10,1.3
2026-01-19,6651,51,10,73.6
2026-01-26,6652,51,10,433.9
2026-02-02,6652,51,10,267.8
2026-02-02,6653,51,10,110.6
2026-02-09,6654,51,10,116.7
2026-02-16,6655,51,10,234.9
2026-02-23,6656,51,10,289.6
2026-03-02,6657,51,10,372.0
2026-03-09,6658,51,10,123.9
2026-03-16,6659,51,10,480.9
2026-03-23,6660,51,10,366.9
2026-03-30,6661,51,10,541.3
2026-04-06,6661,51,10,314.7
2026-04-06,6662,51,10,410.9
2026-04-13,6663,51,10,118.9
2026-04-27,6664,51,10,84.6
2026-04-27,6665,51,10,219.0
2026-05-04,6666,51,10,28.0
2026-05-11,6667,51,10,544.0
2026-05-18,6668,51,10,435.3
2026-05-25,6668,51,10,174.5
2026-06-01,6669,51,10,142.1
2026-06-01,6670,51,10,364.7
2026-06-08,6670,51,10,0.0
2026-06-15,6671,51,10,360.9
2026-06-15,6672,51,10,456.7
2026-06-22,6673,51,10,166.4
2024-07-08,6675,52,3,151.4
2024-07-15,6676,52,3,595.1
2024-07-22,6677,52,3,58.3
2024-07-29,6678,52,1,281.3
2024-08-05,6679,52,3,230.0
2024-08-12,6680,52,3,93.5
2024-08-19,6681,52,1,241.9
2024-08-26,6682,52,3,536.0
2024-09-02,6683,52,3,489.6
2024-09-09,6684,52,1,433.5
2024-09-16,6685,52,3,106.5
2024-09-23,6686,52,1,450.4
2024-09-30,6687,52,1,412.4
2024-10-07,6688,52,3,174.8
2024-10-21,6690,52,1,436.5
2024-10-28,6691,52,3,86.4
2024-11-18,6694,52,3,413.1
2024-12-02,6696,52,1,469.6
2024-12-09,6697,52,3,42.4
2024-12-16,6698,52,3,55.5
2024-12-23,6699,52,1,80.6
2024-12-30,6700,52,3,373.7
2025-01-06,6701,52,1,152.6
2025-01-13,6702,52,1,473.2
2025-01-20,6703,52,3,257.4
2025-01-27,6704,52,1,502.9
2025-02-03,6705,52,1,572.8
2025-02-10,6706,52,3,273.8
2025-02-17,6707,52,3,339.8
2025-02-24,6708,52,3,107.2
2025-03-03,6709,52,3,373.4
2025-03-10,6710,52,1,195.1
2025-03-17,6711,52,1,426.4
2025-03-24,6712,52,3,267.9
2025-03-31,6713,52,1,206.4
2025-04-07,6714,52,1,118.3
2025-04-14,6715,52,1,94.5
2025-04-21,6716,52,3,197.9
2025-04-28,6717,52,1,239.1
2025-05-05,6718,52,1,114.9
2025-05-12,6719,52,1,338.4
2025-05-19,6720,52,1,485.5
2025-05-26,6721,52,3,234.1
2025-06-09,6723,52,1,371.0
2025-06-16,6724,52,1,263.2
2025-06-23,6725,52,1,225.9
2025-07-07,6727,52,3,471.1
2025-07-14,6728,52,1,586.1
2025-07-21,6729,52,3,349.2
2025-07-28,6730,52,1,398.0
2025-08-04,6731,52,1,413.0
2025-08-11,6732,52,1,259.0
2025-08-18,6733,52,3,357.6
2025-08-25,6734,52,1,572.4
2025-09-01,6735,52,3,45.0
2025-09-08,6736,52,3,79.4
2025-09-15,6737,52,3,464.7
2025-09-22,6738,52,3,146.1
2025-09-29,6739,52,1,301.9
2025-10-06,6740,52,3,229.8
2025-10-13,6741,52,3,230.4
2025-10-20,6742,52,3,271.5
2025-10-27,6743,52,1,182.5
2025-11-10,6745,52,1,134.3
2025-11-24,6747,52,3,381.1
2025-12-01,6748,52,1,553.9
2025-12-08,6749,52,3,433.4
2025-12-15,6750,52,1,357.3
2025-12-22,6751,52,3,449.6
2025-12-29,6752,52,1,354.2
2026-01-05,6753,52,1,451.3
2026-01-12,6754,52,1,525.7
2026-01-19,6755,52,1,39.8
2026-01-26,6756,52,3,185.7
2026-02-02,6757,52,3,324.0
2026-02-09,6758,52,3,382.4
2026-02-16,6759,52,3,177.9
2026-02-23,6760,52,1,314.5
2026-03-02,6761,52,1,313.5
2026-03-09,6762,52,1,152.6
2026-03-16,6763,52,1,512.4
2026-03-30,6765,52,3,69.8
2026-04-06,6766,52,1,120.5
2026-04-13,6767,52,3,504.7
2026-04-20,6768,52,1,210.2
2026-04-27,6769,52,3,90.3
2026-05-04,6770,52,3,273.6
2026-05-11,6771,52,1,354.2
2026-05-18,6772,52,3,410.1
2026-06-01,6774,52,3,165.0
2026-06-08,6775,52,1,167.4
2026-06-15,6776,52,3,341.5
2026-06-22,6777,52,1,531.9
2024-07-15,6780,52,4,186.9
2024-07-22,6781,52,4,371.7
2024-08-05,6783,52,4,440.9
2024-08-12,6784,52,4,330.6
2024-08-19,6785,52,4,502.8
2024-08-26,6786,52,4,92.2
2024-09-02,6787,52,4,163.1
2024-09-16,6789,52,4,376.4
2024-09-23,6790,52,4,76.3
2024-09-30,6791,52,4,559.9
2024-10-14,6793,52,4,208.7
2024-10-21,6794,52,4,442.8
2024-11-04,6796,52,4,647.2
2024-11-11,6797,52,4,369.7
2024-11-18,6798,52,4,383.9
2024-11-25,6799,52,4,174.2
2024-12-02,6800,52,4,529.0
2024-12-16,6802,52,4,240.6
2024-12-30,6804,52,4,395.9
2025-01-06,6805,52,4,324.5
2025-01-13,6806,52,4,541.9
2025-01-20,6807,52,4,206.3
2025-01-27,6808,52,4,559.6
2025-02-10,6810,52,4,355.7
2025-02-17,6811,52,4,337.5
2025-02-24,6812,52,4,379.3
2025-03-03,6813,52,4,300.9
2025-03-10,6814,52,4,233.3
2025-03-17,6815,52,4,349.0
2025-03-24,6816,52,4,140.6
2025-04-07,6818,52,4,218.6
2025-04-14,6819,52,4,47.5
2025-04-21,6820,52,4,68.5
2025-04-28,6821,52,4,135.6
2025-05-05,6822,52,4,119.1
2025-05-12,6823,52,4,230.4
2025-05-19,6824,52,4,391.3
2025-06-02,6826,52,4,319.8
2025-06-09,6827,52,4,291.9
2025-06-23,6829,52,4,73.6
2025-06-30,6830,52,4,113.1
2025-07-07,6831,52,4,396.7
2025-07-14,6832,52,4,380.6
2025-07-21,6833,52,4,321.7
2025-07-28,6834,52,4,245.5
2025-08-04,6835,52,4,246.4
2025-08-11,6836,52,4,188.5
2025-08-18,6837,52,4,280.5
2025-08-25,6838,52,4,442.1
2025-09-01,6839,52,4,194.6
2025-09-22,6842,52,4,223.7
2025-09-29,6843,52,4,75.9
2025-10-06,6844,52,4,29.4
2025-10-13,6845,52,4,161.9
2025-10-20,6846,52,4,607.8
2025-11-03,6848,52,4,201.8
2025-11-10,6849,52,4,283.8
2025-11-24,6851,52,4,148.1
2025-12-01,6852,52,4,400.3
2025-12-15,6854,52,4,219.2
2025-12-22,6855,52,4,234.0
2025-12-29,6856,52,4,332.6
2026-01-05,6857,52,4,192.1
2026-01-12,6858,52,4,178.0
2026-01-26,6860,52,4,104.1
2026-02-02,6861,52,4,552.5
2026-02-09,6862,52,4,349.6
2026-02-16,6863,52,4,244.3
2026-02-23,6864,52,4,45.9
2026-03-02,6865,52,4,495.4
2026-03-09,6866,52,4,188.1
2026-03-16,6867,52,4,158.2
2026-03-23,6868,52,4,320.5
2026-03-30,6869,52,4,461.9
2026-04-06,6870,52,4,266.0
2026-04-13,6871,52,4,531.0
2026-04-20,6872,52,4,33.5
2026-04-27,6873,52,4,141.2
2026-05-04,6874,52,4,142.8
2026-05-18,6876,52,4,373.7
2026-05-25,6877,52,4,157.8
2026-06-01,6878,52,4,275.7
2026-06-08,6879,52,4,55.0
2026-06-22,6881,52,4,284.9
2024-07-08,6884,52,5,215.0
2024-07-15,6885,52,5,431.7
2024-07-22,6886,52,5,307.8
2024-07-29,6887,52,5,326.6
2024-08-05,6888,52,5,91.4
2024-08-12,6889,52,5,117.7
2024-08-19,6890,52,5,485.9
2024-08-26,6891,52,5,451.9
2024-09-02,6892,52,5,368.3
2024-09-09,6893,52,5,157.4
2024-09-16,6894,52,5,330.3
2024-09-23,6895,52,5,556.3
2024-09-30,6896,52,5,445.5
2024-10-07,6897,52,5,54.1
2024-10-14,6898,52,5,137.3
2024-10-28,6900,52,5,606.0
2024-11-04,6901,52,5,447.8
2024-11-11,6902,52,5,427.5
2024-11-18,6903,52,5,212.0
2024-11-25,6904,52,5,497.1
2024-12-02,6905,52,5,214.9
2024-12-09,6906,52,5,523.2
2024-12-23,6908,52,5,290.0
2024-12-30,6909,52,5,510.0
2025-01-06,6910,52,5,113.5
2025-01-13,6911,52,5,47.5
2025-01-20,6912,52,5,467.8
2025-01-27,6913,52,5,447.7
2025-02-03,6914,52,5,84.7
2025-02-17,6916,52,5,392.2
2025-02-24,6917,52,5,269.0
2025-03-03,6918,52,5,228.8
2025-03-10,6919,52,5,188.7
2025-03-17,6920,52,5,56.7
2025-03-24,6921,52,5,636.9
2025-04-14,6924,52,5,132.4
2025-04-21,6925,52,5,508.2
2025-04-28,6926,52,5,131.5
2025-05-05,6927,52,5,117.3
2025-05-12,6928,52,5,342.7
2025-05-19,6929,52,5,392.6
2025-06-02,6931,52,5,353.9
2025-06-09,6932,52,5,65.9
2025-06-16,6933,52,5,373.2
2025-06-30,6935,52,5,401.9
2025-07-07,6936,52,5,419.2
2025-07-14,6937,52,5,280.2
2025-07-21,6938,52,5,346.9
2025-07-28,6939,52,5,193.7
2025-08-18,6942,52,5,148.5
2025-08-25,6943,52,5,258.4
2025-09-01,6944,52,5,177.6
2025-09-08,6945,52,5,301.5
2025-09-15,6946,52,5,208.1
2025-09-22,6947,52,5,503.0
2025-09-29,6948,52,5,153.4
2025-10-06,6949,52,5,404.5
2025-10-13,6950,52,5,239.5
2025-10-20,6951,52,5,436.7
2025-10-27,6952,52,5,39.9
2025-11-03,6953,52,5,398.9
2025-11-10,6954,52,5,148.3
2025-11-17,6955,52,5,624.9
2025-11-24,6956,52,5,362.1
2025-12-01,6957,52,5,56.4
2025-12-15,6959,52,5,453.5
2025-12-22,6960,52,5,151.0
2025-12-29,6961,52,5,180.7
2026-01-05,6962,52,5,303.9
2026-01-12,6963,52,5,160.1
2026-01-19,6964,52,5,400.8
2026-01-26,6965,52,5,143.9
2026-02-02,6966,52,5,366.3
2026-02-09,6967,52,5,278.5
2026-02-16,6968,52,5,276.1
2026-02-23,6969,52,5,509.6
2026-03-09,6971,52,5,204.9
2026-03-16,6972,52,5,100.7
2026-03-23,6973,52,5,367.0
2026-03-30,6974,52,5,444.8
2026-04-06,6975,52,5,283.0
2026-04-13,6976,52,5,385.4
2026-04-20,6977,52,5,384.3
2026-04-27,6978,52,5,164.1
2026-05-04,6979,52,5,451.8
2026-05-11,6980,52,5,176.8
2026-05-18,6981,52,5,568.4
2026-05-25,6982,52,5,101.9
2026-06-01,6983,52,5,525.0
2026-06-08,6984,52,5,462.1
2026-06-15,6985,52,5,390.7
2026-06-22,6986,52,5,514.2
2026-06-29,6987,52,5,428.1
2024-07-08,6988,52,9,613.0
2024-07-15,6989,52,7,95.2
2024-07-22,6990,52,7,332.1
2024-08-05,6992,52,7,97.4
2024-08-12,6993,52,7,214.6
2024-08-26,6995,52,9,112.3
2024-09-02,6996,52,9,228.9
2024-09-09,6997,52,7,95.0
2024-09-16,6998,52,7,521.6
2024-09-23,6999,52,9,431.6
2024-09-30,7000,52,9,368.7
2024-10-07,7001,52,7,438.7
2024-10-14,7002,52,9,380.6
2024-10-21,7003,52,9,423.6
2024-10-28,7004,52,9,267.9
2024-11-04,7005,52,9,550.0
2024-11-18,7007,52,7,429.8
2024-11-25,7008,52,7,235.4
2024-12-02,7009,52,9,410.6
2024-12-09,7010,52,7,149.5
2024-12-23,7012,52,9,312.9
2024-12-30,7013,52,7,96.8
2025-01-06,7014,52,9,46.0
2025-01-20,7016,52,7,109.2
2025-01-27,7017,52,7,229.0
2025-02-03,7018,52,7,89.0
2025-02-10,7019,52,9,463.3
2025-02-17,7020,52,9,115.5
2025-02-24,7021,52,9,309.2
2025-03-10,7023,52,9,444.6
2025-03-17,7024,52,9,73.9
2025-03-31,7026,52,7,114.6
2025-04-07,7027,52,7,143.0
2025-04-14,7028,52,9,151.9
2025-04-28,7030,52,9,100.3
2025-05-05,7031,52,9,585.5
2025-05-12,7032,52,9,87.6
2025-05-19,7033,52,7,436.0
2025-05-26,7034,52,9,321.6
2025-06-02,7035,52,7,103.2
2025-06-09,7036,52,9,506.9
2025-06-16,7037,52,7,198.1
2025-06-23,7038,52,9,451.2
2025-06-30,7039,52,9,92.4
2025-07-07,7040,52,9,73.7
2025-07-14,7041,52,9,198.2
2025-07-21,7042,52,7,123.0
2025-07-28,7043,52,7,252.9
2025-08-04,7044,52,7,162.1
2025-08-18,7046,52,7,74.7
2025-08-25,7047,52,9,262.8
2025-09-01,7048,52,9,410.6
2025-09-08,7049,52,9,38.2
2025-09-15,7050,52,9,138.3
2025-09-22,7051,52,9,335.7
2025-09-29,7052,52,7,213.0
2025-10-06,7053,52,9,173.4
2025-10-13,7054,52,9,333.1
2025-10-20,7055,52,7,505.1
2025-10-27,7056,52,7,60.0
2025-11-03,7057,52,9,453.6
2025-11-10,7058,52,7,506.0
2025-11-17,7059,52,7,170.4
2025-11-24,7060,52,9,84.6
2025-12-01,7061,52,9,378.9
2025-12-08,7062,52,9,70.8
2025-12-15,7063,52,7,88.8
2025-12-22,7064,52,7,66.5
2025-12-29,7065,52,7,220.6
2026-01-05,7066,52,7,456.0
2026-01-19,7068,52,9,446.7
2026-01-26,7069,52,7,358.5
2026-02-02,7070,52,7,128.7
2026-02-09,7071,52,9,265.9
2026-02-16,7072,52,9,296.3
2026-02-23,7073,52,7,609.7
2026-03-02,7074,52,7,323.8
2026-03-09,7075,52,7,353.8
2026-03-16,7076,52,9,45.8
2026-03-23,7077,52,9,342.0
2026-03-30,7078,52,9,244.4
2026-04-06,7079,52,9,411.7
2026-04-13,7080,52,7,467.5
2026-04-20,7081,52,9,45.1
2026-04-27,7082,52,7,77.8
2026-05-04,7083,52,7,463.9
2026-05-11,7084,52,7,250.0
2026-05-18,7085,52,7,454.4
2026-05-25,7086,52,9,128.0
2026-06-01,7087,52,7,226.6
2026-06-08,7088,52,7,582.2
2026-06-15,7089,52,9,227.7
2026-06-22,7090,52,9,642.2
2026-06-29,7091,52,7,240.3
2024-07-08,7093,52,10,447.2
2024-07-15,7094,52,10,238.3
2024-07-22,7095,52,10,299.4
2024-08-05,7097,52,10,606.7
2024-08-19,7099,52,10,313.2
2024-09-02,7101,52,10,463.4
2024-09-09,7102,52,10,551.1
2024-09-16,7103,52,10,112.8
2024-09-23,7104,52,10,431.9
2024-09-30,7105,52,10,221.1
2024-10-07,7106,52,10,199.1
2024-10-14,7107,52,10,46.8
2024-10-21,7108,52,10,199.2
2024-11-04,7110,52,10,259.6
2024-11-11,7111,52,10,62.5
2024-11-18,7112,52,10,559.0
2024-11-25,7113,52,10,202.8
2024-12-09,7115,52,10,413.4
2024-12-16,7116,52,10,331.2
2024-12-23,7117,52,10,493.3
2024-12-30,7118,52,10,373.4
2025-01-06,7119,52,10,376.4
2025-01-20,7121,52,10,594.6
2025-01-27,7122,52,10,120.5
2025-02-03,7123,52,10,455.0
2025-02-10,7124,52,10,361.5
2025-02-17,7125,52,10,294.6
2025-03-10,7128,52,10,241.1
2025-03-17,7129,52,10,224.6
2025-03-24,7130,52,10,357.3
2025-03-31,7131,52,10,203.0
2025-04-07,7132,52,10,221.3
2025-04-14,7133,52,10,242.4
2025-04-21,7134,52,10,299.7
2025-04-28,7135,52,10,307.8
2025-05-05,7136,52,10,450.5
2025-05-12,7137,52,10,446.3
2025-05-19,7138,52,10,298.2
2025-05-26,7139,52,10,99.1
2025-06-02,7140,52,10,471.4
2025-06-09,7141,52,10,441.0
2025-06-16,7142,52,10,327.3
2025-06-23,7143,52,10,390.2
2025-06-30,7144,52,10,168.6
2025-07-07,7145,52,10,248.6
2025-07-14,7146,52,10,351.2
2025-07-21,7147,52,10,364.4
2025-07-28,7148,52,10,232.2
2025-08-04,7149,52,10,458.1
2025-08-18,7151,52,10,117.0
2025-08-25,7152,52,10,410.2
2025-09-01,7153,52,10,237.4
2025-09-15,7155,52,10,274.1
2025-09-22,7156,52,10,279.0
2025-09-29,7157,52,10,463.2
2025-10-20,7160,52,10,354.6
2025-10-27,7161,52,10,385.2
2025-11-03,7162,52,10,207.9
2025-11-10,7163,52,10,283.2
2025-11-24,7165,52,10,134.3
2025-12-01,7166,52,10,304.3
2025-12-08,7167,52,10,114.0
2025-12-22,7169,52,10,71.2
2025-12-29,7170,52,10,184.5
2026-01-05,7171,52,10,390.3
2026-01-12,7172,52,10,428.3
2026-01-19,7173,52,10,354.9
2026-01-26,7174,52,10,439.3
2026-02-02,7175,52,10,372.5
2026-02-09,7176,52,10,64.8
2026-02-16,7177,52,10,323.9
2026-02-23,7178,52,10,395.1
2026-03-16,7181,52,10,292.5
2026-03-23,7182,52,10,411.7
2026-03-30,7183,52,10,476.9
2026-04-06,7184,52,10,540.8
2026-04-13,7185,52,10,547.7
2026-04-20,7186,52,10,256.4
2026-04-27,7187,52,10,237.1
2026-05-04,7188,52,10,243.9
2026-05-11,7189,52,10,223.2
2026-05-18,7190,52,10,301.1
2026-05-25,7191,52,10,246.2
2026-06-01,7192,52,10,259.0
2026-06-08,7193,52,10,344.2
2026-06-15,7194,52,10,497.1
2026-06-22,7195,52,10,233.8
2026-06-29,7196,52,10,309.7
2024-07-15,7197,53,2,1264.8
2024-07-22,7197,53,2,1136.5
2024-07-29,7197,53,2,1008.3
2024-08-05,7197,53,2,880.0
2024-08-12,7197,53,2,751.8
2024-08-19,7197,53,2,623.5
2024-08-26,7197,53,2,495.3
2024-09-02,7197,53,2,367.0
2024-09-09,7197,53,2,238.8
2024-09-16,7197,53,2,110.5
2024-09-23,7197,53,2,0.0
2024-11-25,7198,53,2,81.8
2024-12-02,7198,53,2,66.5
2024-12-09,7198,53,2,51.3
2024-12-16,7198,53,2,36.0
2024-12-23,7198,53,2,20.8
2024-12-30,7198,53,2,5.6
2025-01-06,7198,53,2,0.0
2025-06-09,7199,53,5,522.0
2025-06-16,7199,53,5,438.0
2025-06-23,7199,53,5,354.1
2025-06-30,7199,53,5,270.1
2025-07-07,7199,53,5,186.1
2025-07-14,7199,53,5,102.1
2025-07-21,7199,53,5,18.1
2025-07-28,7199,53,5,0.0
2025-07-07,7200,53,4,667.0
2025-07-14,7200,53,4,506.0
2025-07-21,7200,53,4,345.0
2025-07-28,7200,53,4,184.0
2025-08-04,7200,53,4,23.0
2025-08-11,7200,53,4,0.0
2025-11-10,7201,53,5,1216.8
2025-11-17,7201,53,5,1129.6
2025-11-24,7201,53,5,1042.4
2025-12-01,7201,53,5,955.3
2025-12-08,7201,53,5,868.1
2025-12-15,7201,53,5,780.9
2025-12-22,7201,53,5,693.7
2025-12-29,7201,53,5,606.5
2026-01-05,7201,53,5,519.3
2026-01-12,7201,53,5,432.2
2026-01-19,7201,53,5,345.0
2026-01-26,7201,53,5,257.8
2026-02-02,7201,53,5,170.6
2026-02-09,7201,53,5,83.4
2026-02-16,7201,53,5,0.0
2026-05-18,7202,53,5,590.9
2026-05-25,7202,53,5,449.8
2026-06-01,7202,53,5,308.6
2026-06-08,7202,53,5,167.5
2026-06-15,7202,53,5,26.4
2026-06-22,7202,53,5,0.0
2024-07-08,7203,54,4,704.0
2024-07-15,7203,54,4,624.1
2024-07-22,7203,54,4,544.1
2024-07-29,7203,54,4,464.1
2024-08-05,7203,54,4,384.2
2024-08-12,7203,54,4,304.2
2024-08-19,7203,54,4,224.3
2024-08-26,7203,54,4,144.3
2024-09-02,7203,54,4,64.3
2024-09-09,7203,54,4,0.0
2024-12-30,7204,54,8,395.2
2025-01-06,7204,54,8,342.3
2025-01-13,7204,54,8,289.5
2025-01-20,7204,54,8,236.7
2025-01-27,7204,54,8,183.8
2025-02-03,7204,54,8,131.0
2025-02-10,7204,54,8,78.2
2025-02-17,7204,54,8,25.3
2025-02-24,7204,54,8,0.0
2025-02-17,7205,54,8,398.7
2025-02-24,7205,54,8,354.4
2025-03-03,7205,54,8,310.2
2025-03-10,7205,54,8,265.9
2025-03-17,7205,54,8,221.6
2025-03-24,7205,54,8,177.3
2025-03-31,7205,54,8,133.0
2025-04-07,7205,54,8,88.8
2025-04-14,7205,54,8,44.5
2025-04-21,7205,54,8,0.2
2025-04-28,7205,54,8,0.0
2025-08-11,7206,54,8,794.5
2025-08-18,7206,54,8,657.0
2025-08-25,7206,54,8,519.4
2025-09-01,7206,54,8,381.9
2025-09-08,7206,54,8,244.4
2025-09-15,7206,54,8,106.9
2025-09-22,7206,54,8,0.0
2025-10-27,7207,54,1,1090.7
2025-11-03,7207,54,1,917.4
2025-11-10,7207,54,1,744.1
2025-11-17,7207,54,1,570.8
2025-11-24,7207,54,1,397.5
2025-12-01,7207,54,1,224.3
2025-12-08,7207,54,1,51.0
2025-12-15,7207,54,1,0.0
2026-03-30,7208,54,8,450.1
2026-04-06,7208,54,8,409.3
2026-04-13,7208,54,8,368.4
2026-04-20,7208,54,8,327.6
2026-04-27,7208,54,8,286.7
2026-05-04,7208,54,8,245.8
2026-05-11,7208,54,8,205.0
2026-05-18,7208,54,8,164.1
2026-05-25,7208,54,8,123.3
2026-06-01,7208,54,8,82.4
2026-06-08,7208,54,8,41.5
2026-06-15,7208,54,8,0.7
2026-06-22,7208,54,8,0.0
2026-06-01,7209,54,4,1140.5
2026-06-08,7209,54,4,990.1
2026-06-15,7209,54,4,839.6
2026-06-22,7209,54,4,689.1
2026-06-29,7209,54,4,538.6
2024-10-21,7210,55,4,408.4
2024-10-28,7210,55,4,381.7
2024-11-04,7210,55,4,355.1
2024-11-11,7210,55,4,328.4
2024-11-18,7210,55,4,301.8
2024-11-25,7210,55,4,275.1
2024-12-02,7210,55,4,248.5
2024-12-09,7210,55,4,221.8
2024-12-16,7210,55,4,195.2
2024-12-23,7210,55,4,168.6
2024-12-30,7210,55,4,141.9
2025-01-06,7210,55,4,115.3
2025-01-13,7210,55,4,88.6
2025-01-20,7210,55,4,62.0
2025-01-27,7210,55,4,35.3
2025-02-03,7210,55,4,8.7
2025-02-10,7210,55,4,0.0
2025-02-10,7211,55,6,86.0
2025-02-17,7211,55,6,75.0
2025-02-24,7211,55,6,64.1
2025-03-03,7211,55,6,53.1
2025-03-10,7211,55,6,42.1
2025-03-17,7211,55,6,31.1
2025-03-24,7211,55,6,20.1
2025-03-31,7211,55,6,9.2
2025-04-07,7211,55,6,0.0
2025-05-19,7212,55,10,1204.2
2025-05-26,7212,55,10,1088.3
2025-06-02,7212,55,10,972.5
2025-06-09,7212,55,10,856.7
2025-06-16,7212,55,10,740.8
2025-06-23,7212,55,10,625.0
2025-06-30,7212,55,10,509.2
2025-07-07,7212,55,10,393.3
2025-07-14,7212,55,10,277.5
2025-07-21,7212,55,10,161.7
2025-07-28,7212,55,10,45.9
2025-08-04,7212,55,10,0.0
2025-09-22,7213,55,4,1168.8
2025-09-29,7213,55,4,918.6
2025-10-06,7213,55,4,668.4
2025-10-13,7213,55,4,418.3
2025-10-20,7213,55,4,168.1
2025-10-27,7213,55,4,0.0
2025-11-24,7214,55,4,743.1
2025-12-01,7214,55,4,682.2
2025-12-08,7214,55,4,621.3
2025-12-15,7214,55,4,560.4
2025-12-22,7214,55,4,499.5
2025-12-29,7214,55,4,438.6
2026-01-05,7214,55,4,377.7
2026-01-12,7214,55,4,316.8
2026-01-19,7214,55,4,255.9
2026-01-26,7214,55,4,195.0
2026-02-02,7214,55,4,134.1
2026-02-09,7214,55,4,73.2
2026-02-16,7214,55,4,12.3
2026-02-23,7214,55,4,0.0
2026-05-25,7215,55,6,758.7
2026-06-01,7215,55,6,570.3
2026-06-08,7215,55,6,382.0
2026-06-15,7215,55,6,193.6
2026-06-22,7215,55,6,5.3
2026-06-29,7215,55,6,0.0
2024-09-30,7216,56,6,533.8
2024-10-07,7216,56,6,467.7
2024-10-14,7216,56,6,401.5
2024-10-21,7216,56,6,335.3
2024-10-28,7216,56,6,269.2
2024-11-04,7216,56,6,203.0
2024-11-11,7216,56,6,136.8
2024-11-18,7216,56,6,70.6
2024-11-25,7216,56,6,4.5
2024-12-02,7216,56,6,0.0
2025-02-17,7217,56,8,909.6
2025-02-24,7217,56,8,757.1
2025-03-03,7217,56,8,604.7
2025-03-10,7217,56,8,452.3
2025-03-17,7217,56,8,299.8
2025-03-24,7217,56,8,147.4
2025-03-31,7217,56,8,0.0
2025-06-30,7218,56,8,138.6
2025-07-07,7218,56,8,129.3
2025-07-14,7218,56,8,119.9
2025-07-21,7218,56,8,110.6
2025-07-28,7218,56,8,101.2
2025-08-04,7218,56,8,91.9
2025-08-11,7218,56,8,82.5
2025-08-18,7218,56,8,73.2
2025-08-25,7218,56,8,63.8
2025-09-01,7218,56,8,54.4
2025-09-08,7218,56,8,45.1
2025-09-15,7218,56,8,35.7
2025-09-22,7218,56,8,26.4
2025-09-29,7218,56,8,17.0
2025-10-06,7218,56,8,7.7
2025-10-13,7218,56,8,0.0
2025-07-21,7219,56,8,852.4
2025-07-28,7219,56,8,703.9
2025-08-04,7219,56,8,555.3
2025-08-11,7219,56,8,406.8
2025-08-18,7219,56,8,258.2
2025-08-25,7219,56,8,109.7
2025-09-01,7219,56,8,0.0
2025-11-03,7220,56,8,121.7
2025-11-10,7220,56,8,104.4
2025-11-17,7220,56,8,87.2
2025-11-24,7220,56,8,69.9
2025-12-01,7220,56,8,52.6
2025-12-08,7220,56,8,35.3
2025-12-15,7220,56,8,18.1
2025-12-22,7220,56,8,0.8
2025-12-29,7220,56,8,0.0
2026-06-22,7221,56,6,225.5
2026-06-29,7221,56,6,199.0
2024-07-08,7222,57,1,583.6
2024-07-15,7222,57,1,320.1
2024-07-22,7223,57,1,359.8
2024-07-29,7223,57,1,161.6
2024-07-29,7224,57,3,167.9
2024-08-05,7224,57,3,84.8
2024-08-12,7225,57,3,166.4
2024-08-19,7225,57,3,41.8
2024-08-26,7225,57,3,0.0
2024-08-26,7226,57,1,317.6
2024-09-02,7226,57,1,165.2
2024-09-09,7227,57,1,78.1
2024-09-16,7227,57,1,42.2
2024-09-23,7228,57,1,412.3
2024-09-30,7228,57,1,71.6
2024-09-30,7229,57,3,211.1
2024-10-07,7229,57,3,30.1
2024-10-14,7230,57,3,429.5
2024-10-21,7230,57,3,60.0
2024-10-28,7231,57,1,274.3
2024-11-04,7231,57,1,153.6
2024-11-04,7232,57,1,434.5
2024-11-11,7232,57,1,80.1
2024-11-25,7233,57,1,45.5
2024-12-02,7233,57,1,4.1
2024-12-09,7234,57,1,335.8
2024-12-16,7234,57,1,81.7
2024-12-16,7235,57,3,399.9
2024-12-23,7235,57,3,112.7
2024-12-23,7236,57,1,429.4
2024-12-30,7236,57,1,17.8
2025-01-06,7237,57,1,229.4
2025-01-13,7237,57,1,103.8
2025-01-20,7238,57,3,296.7
2025-01-27,7238,57,3,169.4
2025-02-03,7239,57,3,271.4
2025-02-10,7239,57,3,0.0
2025-02-10,7240,57,1,113.0
2025-02-17,7240,57,1,0.0
2025-02-24,7241,57,1,57.0
2025-03-03,7241,57,1,34.1
2025-03-10,7241,57,1,11.1
2025-03-03,7242,57,3,439.7
2025-03-10,7242,57,3,273.3
2025-03-17,7243,57,1,480.9
2025-03-24,7243,57,1,265.8
2025-03-31,7244,57,1,242.8
2025-04-07,7244,57,1,86.6
2025-04-14,7244,57,1,0.0
2025-04-07,7245,57,3,387.3
2025-04-14,7245,57,3,0.0
2025-04-28,7246,57,3,147.8
2025-05-05,7246,57,3,0.0
2025-05-05,7247,57,1,287.9
2025-05-12,7247,57,1,77.9
2025-05-12,7248,57,3,286.4
2025-05-19,7248,57,3,148.8
2025-05-26,7248,57,3,11.2
2025-06-02,7249,57,1,74.3
2025-06-09,7249,57,1,38.6
2025-06-16,7250,57,3,64.2
2025-06-23,7250,57,3,39.4
2025-06-23,7251,57,1,227.2
2025-06-30,7251,57,1,48.4
2025-07-07,7252,57,1,192.7
2025-07-14,7252,57,1,80.5
2025-07-28,7253,57,1,492.6
2025-08-04,7253,57,1,308.1
2025-07-28,7254,57,1,51.5
2025-08-04,7254,57,1,9.1
2025-08-04,7255,57,3,241.1
2025-08-11,7255,57,3,136.3
2025-08-18,7255,57,3,31.4
2025-08-25,7256,57,1,379.1
2025-09-01,7256,57,1,133.2
2025-09-01,7257,57,3,279.5
2025-09-08,7257,57,3,185.1
2025-09-08,7258,57,1,342.0
2025-09-15,7258,57,1,8.0
2025-09-22,7258,57,1,0.0
2025-09-29,7259,57,3,469.3
2025-10-06,7259,57,3,169.5
2025-10-06,7260,57,1,496.6
2025-10-13,7260,57,1,212.1
2025-10-27,7261,57,3,199.6
2025-11-03,7261,57,3,98.1
2025-10-27,7262,57,1,343.6
2025-11-03,7262,57,1,59.1
2025-11-17,7263,57,1,338.3
2025-11-24,7263,57,1,44.5
2025-12-01,7264,57,3,50.6
2025-12-08,7264,57,3,22.2
2025-12-08,7265,57,3,209.6
2025-12-15,7265,57,3,127.1
2025-12-22,7266,57,1,197.0
2025-12-29,7266,57,1,36.0
2025-12-29,7267,57,1,237.5
2026-01-05,7267,57,1,86.0
2026-01-12,7267,57,1,0.0
2026-01-19,7268,57,1,298.4
2026-01-26,7268,57,1,0.0
2026-01-19,7269,57,1,37.0
2026-01-26,7269,57,1,8.0
2026-02-02,7269,57,1,0.0
2026-02-09,7270,57,1,220.8
2026-02-16,7270,57,1,145.5
2026-02-16,7271,57,1,496.5
2026-02-23,7271,57,1,240.0
2026-03-02,7271,57,1,0.0
2026-03-02,7272,57,1,386.9
2026-03-09,7272,57,1,0.0
2026-03-16,7273,57,3,534.6
2026-03-23,7273,57,3,212.2
2026-03-23,7274,57,3,80.8
2026-03-30,7274,57,3,44.6
2026-04-13,7275,57,1,325.8
2026-04-20,7275,57,1,0.0
2026-04-20,7276,57,1,341.3
2026-04-27,7276,57,1,0.0
2026-05-04,7277,57,3,364.9
2026-05-11,7277,57,3,37.9
2026-05-18,7277,57,3,0.0
2026-05-11,7278,57,1,534.7
2026-05-18,7278,57,1,261.5
2026-06-01,7279,57,1,207.4
2026-06-08,7279,57,1,116.9
2026-06-08,7280,57,1,124.0
2026-06-15,7280,57,1,0.0
2026-06-15,7281,57,3,139.6
2026-06-22,7281,57,3,59.2
2026-06-29,7282,57,1,495.1
2024-07-15,7283,57,4,372.0
2024-07-22,7283,57,4,189.9
2024-07-15,7284,57,4,325.2
2024-07-22,7284,57,4,170.3
2024-07-29,7284,57,4,15.5
2024-08-05,7285,57,4,299.1
2024-08-12,7285,57,4,31.2
2024-08-19,7286,57,4,42.8
2024-08-26,7286,57,4,0.0
2024-08-26,7287,57,4,331.0
2024-09-02,7287,57,4,213.0
2024-09-09,7287,57,4,95.0
2024-09-16,7288,57,4,456.3
2024-09-23,7288,57,4,30.5
2024-09-23,7289,57,4,119.3
2024-09-30,7289,57,4,0.0
2024-09-30,7290,57,4,94.4
2024-10-07,7290,57,4,14.7
2024-10-14,7290,57,4,0.0
2024-10-21,7291,57,4,65.8
2024-10-28,7291,57,4,29.6
2024-10-28,7292,57,4,51.9
2024-11-04,7292,57,4,24.8
2024-11-11,7293,57,4,85.9
2024-11-18,7293,57,4,0.0
2024-11-18,7294,57,4,375.0
2024-11-25,7294,57,4,210.0
2024-12-02,7294,57,4,44.9
2024-12-02,7295,57,4,203.7
2024-12-09,7295,57,4,79.5
2024-12-09,7296,57,4,337.1
2024-12-16,7296,57,4,177.2
2024-12-30,7297,57,4,220.2
2025-01-06,7297,57,4,0.0
2025-01-13,7298,57,4,173.1
2025-01-20,7298,57,4,110.2
2025-01-20,7299,57,4,503.9
2025-01-27,7299,57,4,290.8
2025-02-03,7300,57,4,39.5
2025-02-10,7300,57,4,5.9
2025-02-17,7301,57,4,268.6
2025-02-24,7301,57,4,127.2
2025-02-17,7302,57,4,52.9
2025-02-24,7302,57,4,10.9
2025-03-03,7303,57,4,390.9
2025-03-10,7303,57,4,218.8
2025-03-17,7304,57,4,109.4
2025-03-24,7304,57,4,34.9
2025-03-31,7305,57,4,291.4
2025-04-07,7305,57,4,171.8
2025-04-14,7306,57,4,188.1
2025-04-21,7306,57,4,0.0
2025-04-28,7307,57,4,469.0
2025-05-05,7307,57,4,271.0
2025-05-05,7308,57,4,395.0
2025-05-12,7308,57,4,180.9
2025-05-26,7309,57,4,251.8
2025-06-02,7309,57,4,25.6
2025-05-26,7310,57,4,331.6
2025-06-02,7310,57,4,0.0
2025-06-09,7311,57,4,62.0
2025-06-16,7311,57,4,40.0
2025-06-23,7312,57,4,178.2
2025-06-30,7312,57,4,113.4
2025-07-14,7313,57,4,408.0
2025-07-21,7313,57,4,201.0
2025-07-21,7314,57,4,128.5
2025-07-28,7314,57,4,55.0
2025-07-28,7315,57,4,355.7
2025-08-04,7315,57,4,189.4
2025-08-11,7316,57,4,597.7
2025-08-18,7316,57,4,342.4
2025-08-25,7317,57,4,455.7
2025-09-01,7317,57,4,286.4
2025-09-08,7318,57,4,109.0
2025-09-15,7318,57,4,0.0
2025-09-15,7319,57,4,116.1
2025-09-22,7319,57,4,27.2
2025-09-29,7319,57,4,0.0
2025-09-22,7320,57,4,329.4
2025-09-29,7320,57,4,20.9
2025-10-06,7321,57,4,412.6
2025-10-13,7321,57,4,217.3
2025-10-27,7322,57,4,571.7
2025-11-03,7322,57,4,365.3
2025-11-03,7323,57,4,440.9
2025-11-10,7323,57,4,183.8
2025-11-17,7324,57,4,403.3
2025-11-24,7324,57,4,74.6
2025-11-24,7325,57,4,58.4
2025-12-01,7325,57,4,0.7
2025-12-08,7326,57,4,661.5
2025-12-15,7326,57,4,440.9
2025-12-22,7327,57,4,556.8
2025-12-29,7327,57,4,349.6
2026-01-05,7328,57,4,560.3
2026-01-12,7328,57,4,370.5
2026-01-19,7329,57,4,82.0
2026-01-26,7329,57,4,15.1
2026-01-26,7330,57,4,350.9
2026-02-02,7330,57,4,178.7
2026-02-09,7331,57,4,346.2
2026-02-16,7331,57,4,122.4
2026-02-23,7331,57,4,0.0
2026-02-23,7332,57,4,350.8
2026-03-02,7332,57,4,84.6
2026-03-09,7333,57,4,128.8
2026-03-16,7333,57,4,0.0
2026-03-16,7334,57,4,473.6
2026-03-23,7334,57,4,306.1
2026-03-23,7335,57,4,76.9
2026-03-30,7335,57,4,39.7
2026-04-06,7336,57,4,98.4
2026-04-13,7336,57,4,49.8
2026-04-13,7337,57,4,124.2
2026-04-20,7337,57,4,46.5
2026-04-27,7338,57,4,68.6
2026-05-04,7338,57,4,34.1
2026-05-11,7339,57,4,413.8
2026-05-18,7339,57,4,275.6
2026-06-01,7340,57,4,76.2
2026-06-08,7340,57,4,34.4
2026-06-08,7341,57,4,180.0
2026-06-15,7341,57,4,109.9
2026-06-15,7342,57,4,359.4
2026-06-22,7342,57,4,131.8
2026-06-29,7342,57,4,0.0
2024-07-08,7344,57,5,50.4
2024-07-15,7344,57,5,6.9
2024-07-15,7345,57,5,404.8
2024-07-22,7345,57,5,26.6
2024-07-29,7345,57,5,0.0
2024-07-29,7346,57,5,543.3
2024-08-05,7346,57,5,221.5
2024-08-19,7347,57,5,150.3
2024-08-26,7347,57,5,0.0
2024-08-26,7348,57,5,94.4
2024-09-02,7348,57,5,15.8
2024-09-09,7349,57,5,220.5
2024-09-16,7349,57,5,0.0
2024-09-23,7350,57,5,305.2
2024-09-30,7350,57,5,200.3
2024-10-07,7351,57,5,494.4
2024-10-14,7351,57,5,132.8
2024-10-14,7352,57,5,545.7
2024-10-21,7352,57,5,282.3
2024-10-28,7353,57,5,274.6
2024-11-04,7353,57,5,0.0
2024-11-11,7354,57,5,278.2
2024-11-18,7354,57,5,183.3
2024-11-25,7354,57,5,88.5
2024-11-18,7355,57,5,364.0
2024-11-25,7355,57,5,0.0
2024-12-09,7356,57,5,253.1
2024-12-16,7356,57,5,156.2
2024-12-09,7357,57,5,498.5
2024-12-16,7357,57,5,260.9
2024-12-30,7358,57,5,241.9
2025-01-06,7358,57,5,115.7
2025-01-13,7359,57,5,322.5
2025-01-20,7359,57,5,179.0
2025-01-20,7360,57,5,188.2
2025-01-27,7360,57,5,89.5
2025-02-03,7361,57,5,443.5
2025-02-10,7361,57,5,239.0
2025-02-10,7362,57,5,244.6
2025-02-17,7362,57,5,48.2
2025-03-03,7363,57,5,390.0
2025-03-10,7363,57,5,183.0
2025-03-10,7364,57,5,272.9
2025-03-17,7364,57,5,100.7
2025-03-24,7365,57,5,252.3
2025-03-31,7365,57,5,0.0
2025-03-31,7366,57,5,346.3
2025-04-07,7366,57,5,0.0
2025-04-21,7367,57,5,378.0
2025-04-28,7367,57,5,26.9
2025-04-28,7368,57,5,463.1
2025-05-05,7368,57,5,282.3
2025-05-12,7368,57,5,101.4
2025-05-05,7369,57,5,391.0
2025-05-12,7369,57,5,0.0
2025-05-19,7370,57,5,361.2
2025-05-26,7370,57,5,0.0
2025-06-02,7371,57,5,450.3
2025-06-09,7371,57,5,2.5
2025-06-16,7372,57,5,354.5
2025-06-23,7372,57,5,124.0
2025-06-30,7373,57,5,224.5
2025-07-07,7373,57,5,0.0
2025-07-07,7374,57,5,398.0
2025-07-14,7374,57,5,0.0
2025-07-21,7375,57,5,113.4
2025-07-28,7375,57,5,25.7
2025-08-04,7376,57,5,55.3
2025-08-11,7376,57,5,1.7
2025-08-11,7377,57,5,120.2
2025-08-18,7377,57,5,37.4
2025-08-25,7377,57,5,0.0
2025-08-18,7378,57,5,132.8
2025-08-25,7378,57,5,0.0
2025-09-01,7379,57,5,453.4
2025-09-08,7379,57,5,103.7
2025-09-15,7380,57,5,53.7
2025-09-22,7380,57,5,21.4
2025-09-29,7381,57,5,199.4
2025-10-06,7381,57,5,129.9
2025-10-13,7382,57,5,307.1
2025-10-20,7382,57,5,127.1
2025-10-20,7383,57,5,155.8
2025-10-27,7383,57,5,66.5
2025-11-10,7384,57,5,455.6
2025-11-17,7384,57,5,234.3
2025-11-17,7385,57,5,72.5
2025-11-24,7385,57,5,46.9
2025-12-01,7385,57,5,21.4
2025-12-01,7386,57,5,177.3
2025-12-08,7386,57,5,88.7
2025-12-15,7387,57,5,544.9
2025-12-22,7387,57,5,259.9
2025-12-22,7388,57,5,422.1
2025-12-29,7388,57,5,156.2
2026-01-05,7389,57,5,143.2
2026-01-12,7389,57,5,64.5
2026-01-12,7390,57,5,79.1
2026-01-19,7390,57,5,24.1
2026-01-26,7391,57,5,237.0
2026-02-02,7391,57,5,133.0
2026-02-09,7392,57,5,285.9
2026-02-16,7392,57,5,124.9
2026-02-16,7393,57,5,85.0
2026-02-23,7393,57,5,38.0
2026-03-02,7394,57,5,404.2
2026-03-09,7394,57,5,0.0
2026-03-23,7395,57,5,443.8
2026-03-30,7395,57,5,288.7
2026-03-30,7396,57,5,195.3
2026-04-06,7396,57,5,99.6
2026-04-13,7397,57,5,553.7
2026-04-20,7397,57,5,283.3
2026-04-20,7398,57,5,58.0
2026-04-27,7398,57,5,27.0
2026-04-27,7399,57,5,392.0
2026-05-04,7399,57,5,0.0
2026-05-11,7400,57,5,308.8
2026-05-18,7400,57,5,0.0
2026-05-25,7401,57,5,435.9
2026-06-01,7401,57,5,102.9
2026-06-01,7402,57,5,510.3
2026-06-08,7402,57,5,325.7
2026-06-15,7403,57,5,508.8
2026-06-22,7403,57,5,283.5
2026-06-29,7404,57,5,605.1
2024-07-15,7405,57,7,437.0
2024-07-22,7405,57,7,231.1
2024-07-29,7406,57,7,362.3
2024-08-05,7406,57,7,44.6
2024-08-05,7407,57,7,154.7
2024-08-12,7407,57,7,38.4
2024-08-19,7407,57,7,0.0
2024-08-19,7408,57,7,582.3
2024-08-26,7408,57,7,355.5
2024-08-26,7409,57,9,273.5
2024-09-02,7409,57,9,0.0
2024-09-16,7410,57,9,510.3
2024-09-23,7410,57,9,254.6
2024-09-23,7411,57,7,201.4
2024-09-30,7411,57,7,83.9
2024-09-30,7412,57,9,261.2
2024-10-07,7412,57,9,167.4
2024-10-14,7413,57,7,291.3
2024-10-21,7413,57,7,0.0
2024-10-21,7414,57,9,189.7
2024-10-28,7414,57,9,109.4
2024-11-04,7415,57,7,140.0
2024-11-11,7415,57,7,18.0
2024-11-18,7416,57,7,58.6
2024-11-25,7416,57,7,0.0
2024-11-25,7417,57,9,154.5
2024-12-02,7417,57,9,101.9
2024-12-16,7418,57,7,140.2
2024-12-23,7418,57,7,87.3
2024-12-30,7418,57,7,34.5
2024-12-30,7419,57,9,141.1
2025-01-06,7419,57,9,8.2
2025-01-06,7420,57,9,444.3
2025-01-13,7420,57,9,182.6
2025-01-20,7421,57,9,219.4
2025-01-27,7421,57,9,121.7
2025-02-03,7421,57,9,24.1
2025-02-10,7422,57,7,237.1
2025-02-17,7422,57,7,21.1
2025-02-10,7423,57,9,466.9
2025-02-17,7423,57,9,218.9
2025-02-17,7424,57,9,467.6
2025-02-24,7424,57,9,166.2
2025-03-10,7425,57,7,505.9
2025-03-17,7425,57,7,285.8
2025-03-17,7426,57,7,155.8
2025-03-24,7426,57,7,0.0
2025-03-31,7427,57,9,372.8
2025-04-07,7427,57,9,0.0
2025-04-14,7428,57,7,210.3
2025-04-21,7428,57,7,67.6
2025-04-28,7428,57,7,0.0
2025-04-28,7429,57,9,184.0
2025-05-05,7429,57,9,31.0
2025-05-12,7430,57,7,55.1
2025-05-19,7430,57,7,28.2
2025-05-19,7431,57,7,161.2
2025-05-26,7431,57,7,0.0
2025-06-02,7432,57,9,266.1
2025-06-09,7432,57,9,0.0
2025-06-16,7433,57,7,443.6
2025-06-23,7433,57,7,249.3
2025-06-30,7434,57,7,594.2
2025-07-07,7434,57,7,340.4
2025-07-07,7435,57,7,538.2
2025-07-14,7435,57,7,289.3
2025-07-14,7436,57,7,218.1
2025-07-21,7436,57,7,0.0
2025-08-04,7437,57,9,96.1
2025-08-11,7437,57,9,14.1
2025-08-18,7438,57,7,105.5
2025-08-25,7438,57,7,0.0
2025-08-18,7439,57,9,416.7
2025-08-25,7439,57,9,251.4
2025-09-01,7439,57,9,86.1
2025-09-01,7440,57,9,305.4
2025-09-08,7440,57,9,137.8
2025-09-15,7440,57,9,0.0
2025-09-15,7441,57,9,155.3
2025-09-22,7441,57,9,97.6
2025-09-29,7442,57,7,367.9
2025-10-06,7442,57,7,56.8
2025-10-06,7443,57,7,121.5
2025-10-13,7443,57,7,0.0
2025-10-27,7444,57,9,250.9
2025-11-03,7444,57,9,56.8
2025-11-03,7445,57,7,192.4
2025-11-10,7445,57,7,122.9
2025-11-17,7446,57,7,610.2
2025-11-24,7446,57,7,361.5
2025-12-01,7447,57,7,564.4
2025-12-08,7447,57,7,370.7
2025-12-08,7448,57,7,502.7
2025-12-15,7448,57,7,198.4
2025-12-22,7448,57,7,0.0
2025-12-22,7449,57,9,131.1
2025-12-29,7449,57,9,80.2
2026-01-05,7450,57,9,112.2
2026-01-12,7450,57,9,34.4
2026-01-12,7451,57,7,292.7
2026-01-19,7451,57,7,59.3
2026-02-02,7452,57,7,256.4
2026-02-09,7452,57,7,2.7
2026-02-09,7453,57,9,528.7
2026-02-16,7453,57,9,273.5
2026-02-16,7454,57,9,590.0
2026-02-23,7454,57,9,302.0
2026-03-02,7454,57,9,13.9
2026-03-02,7455,57,9,86.4
2026-03-09,7455,57,9,0.0
2026-03-16,7456,57,7,53.2
2026-03-23,7456,57,7,34.3
2026-03-30,7457,57,9,365.5
2026-04-06,7457,57,9,0.0
2026-04-06,7458,57,9,460.0
2026-04-13,7458,57,9,218.1
2026-04-20,7459,57,9,64.3
2026-04-27,7459,57,9,16.6
2026-05-04,7460,57,9,128.5
2026-05-11,7460,57,9,54.1
2026-05-11,7461,57,7,481.9
2026-05-18,7461,57,7,245.7
2026-05-25,7462,57,9,574.4
2026-06-01,7462,57,9,254.8
2026-06-01,7463,57,9,106.0
2026-06-08,7463,57,9,47.9
2026-06-15,7463,57,9,0.0
2026-06-22,7464,57,9,383.0
2026-06-29,7464,57,9,178.1
2024-07-15,7466,57,10,146.6
2024-07-22,7466,57,10,81.1
2024-07-22,7467,57,10,288.2
2024-07-29,7467,57,10,0.0
2024-07-29,7468,57,10,466.5
2024-08-05,7468,57,10,74.0
2024-08-19,7469,57,10,219.1
2024-08-26,7469,57,10,0.0
2024-08-26,7470,57,10,343.6
2024-09-02,7470,57,10,201.1
2024-09-09,7471,57,10,272.4
2024-09-16,7471,57,10,53.7
2024-09-23,7472,57,10,241.9
2024-09-30,7472,57,10,62.8
2024-10-07,7472,57,10,0.0
2024-10-07,7473,57,10,235.5
2024-10-14,7473,57,10,29.0
2024-10-21,7474,57,10,197.3
2024-10-28,7474,57,10,83.5
2024-10-28,7475,57,10,615.0
2024-11-04,7475,57,10,366.1
2024-11-11,7475,57,10,117.1
2024-11-11,7476,57,10,108.3
2024-11-18,7476,57,10,0.0
2024-11-25,7477,57,10,163.5
2024-12-02,7477,57,10,56.0
2024-12-09,7478,57,10,415.9
2024-12-16,7478,57,10,141.8
2024-12-16,7479,57,10,113.2
2024-12-23,7479,57,10,0.0
2024-12-30,7480,57,10,565.8
2025-01-06,7480,57,10,258.5
2025-01-13,7481,57,10,66.3
2025-01-20,7481,57,10,26.7
2025-01-27,7482,57,10,101.6
2025-02-03,7482,57,10,67.2
2025-02-03,7483,57,10,96.7
2025-02-10,7483,57,10,27.4
2025-02-17,7484,57,10,49.1
2025-02-24,7484,57,10,8.2
2025-02-24,7485,57,10,308.9
2025-03-03,7485,57,10,0.0
2025-03-10,7486,57,10,387.6
2025-03-17,7486,57,10,121.1
2025-03-17,7487,57,10,448.2
2025-03-24,7487,57,10,206.3
2025-03-31,7488,57,10,168.4
2025-04-07,7488,57,10,52.8
2025-04-14,7489,57,10,56.4
2025-04-21,7489,57,10,4.8
2025-04-28,7490,57,10,411.6
2025-05-05,7490,57,10,210.2
2025-05-12,7491,57,10,239.4
2025-05-19,7491,57,10,0.0
2025-05-19,7492,57,10,372.4
2025-05-26,7492,57,10,104.9
2025-06-02,7493,57,10,501.3
2025-06-09,7493,57,10,232.5
2025-06-09,7494,57,10,138.2
2025-06-16,7494,57,10,78.5
2025-06-23,7495,57,10,480.7
2025-06-30,7495,57,10,304.5
2025-07-07,7496,57,10,336.1
2025-07-14,7496,57,10,184.1
2025-07-14,7497,57,10,168.2
2025-07-21,7497,57,10,0.0
2025-07-28,7498,57,10,125.8
2025-08-04,7498,57,10,20.7
2025-08-11,7499,57,10,422.0
2025-08-18,7499,57,10,179.0
2025-08-25,7500,57,10,89.8
2025-09-01,7500,57,10,58.6
2025-09-08,7501,57,10,280.1
2025-09-15,7501,57,10,90.3
2025-09-15,7502,57,10,603.7
2025-09-22,7502,57,10,375.4
2025-09-29,7503,57,10,471.1
2025-10-06,7503,57,10,233.1
2025-10-13,7504,57,10,83.1
2025-10-20,7504,57,10,45.1
2025-10-27,7505,57,10,147.3
2025-11-03,7505,57,10,0.0
2025-11-10,7506,57,10,166.7
2025-11-17,7506,57,10,74.4
2025-11-17,7507,57,10,237.4
2025-11-24,7507,57,10,33.9
2025-12-01,7507,57,10,0.0
2025-12-01,7508,57,10,81.8
2025-12-08,7508,57,10,11.5
2025-12-15,7509,57,10,222.8
2025-12-22,7509,57,10,70.5
2025-12-22,7510,57,10,65.9
2025-12-29,7510,57,10,42.9
2026-01-05,7511,57,10,80.2
2026-01-12,7511,57,10,0.0
2026-01-19,7512,57,10,58.6
2026-01-26,7512,57,10,1.2
2026-02-02,7513,57,10,317.0
2026-02-09,7513,57,10,174.1
2026-02-02,7514,57,10,165.2
2026-02-09,7514,57,10,109.4
2026-02-16,7515,57,10,608.8
2026-02-23,7515,57,10,368.6
2026-03-02,7516,57,10,330.8
2026-03-09,7516,57,10,96.5
2026-03-16,7517,57,10,217.5
2026-03-23,7517,57,10,7.0
2026-03-23,7518,57,10,181.5
2026-03-30,7518,57,10,78.0
2026-04-13,7519,57,10,337.3
2026-04-20,7519,57,10,121.6
2026-04-20,7520,57,10,178.1
2026-04-27,7520,57,10,6.1
2026-05-04,7521,57,10,522.4
2026-05-11,7521,57,10,262.7
2026-05-11,7522,57,10,170.6
2026-05-18,7522,57,10,91.2
2026-05-18,7523,57,10,77.1
2026-05-25,7523,57,10,51.3
2026-06-01,7523,57,10,25.4
2026-06-08,7524,57,10,245.8
2026-06-15,7524,57,10,7.6
2026-06-22,7524,57,10,0.0
2026-06-15,7525,57,10,317.1
2026-06-22,7525,57,10,12.2
2026-06-29,7526,57,10,371.1
2024-07-08,7527,58,3,61.9
2024-07-15,7527,58,3,33.8
2024-07-22,7527,58,3,5.6
2024-07-29,7527,58,3,0.0
2024-07-29,7528,58,3,103.0
2024-08-05,7528,58,3,49.1
2024-08-12,7528,58,3,0.0
2024-09-02,7529,58,1,397.0
2024-09-09,7529,58,1,197.9
2024-09-16,7529,58,1,0.0
2024-09-16,7530,58,3,96.4
2024-09-23,7530,58,3,0.0
2024-09-23,7531,58,3,339.1
2024-09-30,7531,58,3,0.0
2024-10-07,7532,58,1,387.7
2024-10-14,7532,58,1,73.4
2024-10-21,7532,58,1,0.0
2024-11-11,7533,58,1,651.5
2024-11-18,7533,58,1,419.0
2024-11-25,7533,58,1,186.6
2024-12-02,7533,58,1,0.0
2024-11-25,7534,58,3,108.3
2024-12-02,7534,58,3,1.7
2024-12-09,7534,58,3,0.0
2024-12-16,7535,58,3,385.3
2024-12-23,7535,58,3,93.7
2024-12-30,7535,58,3,0.0
2024-12-30,7536,58,1,158.8
2025-01-06,7536,58,1,83.6
2025-01-13,7536,58,1,8.4
2025-01-27,7537,58,1,94.3
2025-02-03,7537,58,1,0.0
2025-02-17,7538,58,3,438.7
2025-02-24,7538,58,3,288.4
2025-03-03,7538,58,3,138.1
2025-03-10,7538,58,3,0.0
2025-02-24,7539,58,3,528.8
2025-03-03,7539,58,3,318.5
2025-03-10,7539,58,3,108.3
2025-03-17,7539,58,3,0.0
2025-03-17,7540,58,1,253.8
2025-03-24,7540,58,1,0.0
2025-04-07,7541,58,1,399.7
2025-04-14,7541,58,1,140.5
2025-04-21,7541,58,1,0.0
2025-05-05,7542,58,1,103.8
2025-05-12,7542,58,1,49.6
2025-05-19,7542,58,1,0.0
2025-05-19,7543,58,3,349.5
2025-05-26,7543,58,3,0.0
2025-06-02,7544,58,3,301.0
2025-06-09,7544,58,3,134.0
2025-06-16,7544,58,3,0.0
2025-06-23,7545,58,3,354.6
2025-06-30,7545,58,3,119.1
2025-07-07,7545,58,3,0.0
2025-07-14,7546,58,3,236.4
2025-07-21,7546,58,3,131.9
2025-07-28,7546,58,3,27.3
2025-08-04,7546,58,3,0.0
2025-08-04,7547,58,1,548.3
2025-08-11,7547,58,1,355.7
2025-08-18,7547,58,1,163.0
2025-08-25,7548,58,1,99.8
2025-09-01,7548,58,1,42.6
2025-09-08,7548,58,1,0.0
2025-09-08,7549,58,3,338.9
2025-09-15,7549,58,3,100.7
2025-09-22,7549,58,3,0.0
2025-09-29,7550,58,3,191.3
2025-10-06,7550,58,3,45.6
2025-10-13,7550,58,3,0.0
2025-10-20,7551,58,3,122.3
2025-10-27,7551,58,3,71.6
2025-11-03,7551,58,3,20.9
2025-10-27,7552,58,1,325.8
2025-11-03,7552,58,1,152.6
2025-11-10,7552,58,1,0.0
2025-11-24,7553,58,3,608.8
2025-12-01,7553,58,3,369.7
2025-12-08,7553,58,3,130.5
2025-12-15,7553,58,3,0.0
2025-12-01,7554,58,3,411.4
2025-12-08,7554,58,3,30.8
2025-12-15,7554,58,3,0.0
2025-12-22,7555,58,3,569.5
2025-12-29,7555,58,3,322.0
2026-01-05,7555,58,3,74.4
2026-01-12,7555,58,3,0.0
2026-01-19,7556,58,3,146.6
2026-01-26,7556,58,3,14.1
2026-02-02,7556,58,3,0.0
2026-02-09,7557,58,1,333.5
2026-02-16,7557,58,1,44.0
2026-02-23,7557,58,1,0.0
2026-03-02,7558,58,3,360.7
2026-03-09,7558,58,3,51.3
2026-03-16,7558,58,3,0.0
2026-03-16,7559,58,3,534.1
2026-03-23,7559,58,3,177.3
2026-03-30,7559,58,3,0.0
2026-03-30,7560,58,3,53.5
2026-04-06,7560,58,3,5.0
2026-04-13,7560,58,3,0.0
2026-04-13,7561,58,3,106.3
2026-04-20,7561,58,3,0.0
2026-05-04,7562,58,3,479.7
2026-05-11,7562,58,3,190.4
2026-05-18,7562,58,3,0.0
2026-05-25,7563,58,1,261.7
2026-06-01,7563,58,1,74.5
2026-06-08,7563,58,1,0.0
2026-06-22,7564,58,3,476.4
2026-06-29,7564,58,3,251.7
2026-06-29,7565,58,1,470.4
2024-07-15,7566,58,4,345.4
2024-07-22,7566,58,4,88.9
2024-07-29,7566,58,4,0.0
2024-07-29,7567,58,4,288.7
2024-08-05,7567,58,4,152.5
2024-08-12,7567,58,4,16.2
2024-08-19,7567,58,4,0.0
2024-08-26,7568,58,4,348.1
2024-09-02,7568,58,4,0.0
2024-09-09,7569,58,4,186.0
2024-09-16,7569,58,4,0.0
2024-10-07,7570,58,4,242.0
2024-10-14,7570,58,4,134.1
2024-10-21,7570,58,4,26.1
2024-10-14,7571,58,4,100.1
2024-10-21,7571,58,4,11.2
2024-10-28,7571,58,4,0.0
2024-11-11,7572,58,4,218.2
2024-11-18,7572,58,4,131.3
2024-11-25,7572,58,4,44.5
2024-12-02,7572,58,4,0.0
2024-11-25,7573,58,4,498.1
2024-12-02,7573,58,4,290.2
2024-12-09,7573,58,4,82.3
2024-12-16,7573,58,4,0.0
2024-12-23,7574,58,4,608.4
2024-12-30,7574,58,4,398.7
2025-01-06,7574,58,4,189.1
2025-01-06,7575,58,4,274.7
2025-01-13,7575,58,4,67.5
2025-01-20,7575,58,4,0.0
2025-01-27,7576,58,4,67.0
2025-02-03,7576,58,4,9.0
2025-02-10,7576,58,4,0.0
2025-02-10,7577,58,4,71.0
2025-02-17,7577,58,4,26.1
2025-02-24,7577,58,4,0.0
2025-03-10,7578,58,4,444.5
2025-03-17,7578,58,4,140.9
2025-03-24,7578,58,4,0.0
2025-03-17,7579,58,4,91.6
2025-03-24,7579,58,4,33.2
2025-03-31,7579,58,4,0.0
2025-04-07,7580,58,4,486.3
2025-04-14,7580,58,4,73.6
2025-04-21,7580,58,4,0.0
2025-04-21,7581,58,4,78.8
2025-04-28,7581,58,4,35.6
2025-05-05,7581,58,4,0.0
2025-05-05,7582,58,4,239.0
2025-05-12,7582,58,4,80.0
2025-05-19,7582,58,4,0.0
2025-06-02,7583,58,4,111.2
2025-06-09,7583,58,4,7.5
2025-06-16,7583,58,4,0.0
2025-06-16,7584,58,4,483.5
2025-06-23,7584,58,4,212.0
2025-06-30,7584,58,4,0.0
2025-07-21,7585,58,4,414.9
2025-07-28,7585,58,4,0.0
2025-08-04,7586,58,4,361.8
2025-08-11,7586,58,4,0.0
2025-08-25,7587,58,4,180.9
2025-09-01,7587,58,4,39.7
2025-09-08,7587,58,4,0.0
2025-09-01,7588,58,4,529.9
2025-09-08,7588,58,4,348.7
2025-09-15,7588,58,4,167.6
2025-09-22,7588,58,4,0.0
2025-09-15,7589,58,4,140.4
2025-09-22,7589,58,4,46.8
2025-09-29,7589,58,4,0.0
2025-10-13,7590,58,4,209.6
2025-10-20,7590,58,4,85.2
2025-10-27,7590,58,4,0.0
2025-11-03,7591,58,4,126.5
2025-11-10,7591,58,4,21.0
2025-11-17,7591,58,4,0.0
2025-11-24,7592,58,4,199.5
2025-12-01,7592,58,4,67.9
2025-12-08,7592,58,4,0.0
2025-12-08,7593,58,4,271.0
2025-12-15,7593,58,4,76.0
2025-12-22,7593,58,4,0.0
2025-12-29,7594,58,4,431.9
2026-01-05,7594,58,4,205.9
2026-01-12,7594,58,4,0.0
2026-01-26,7595,58,4,283.4
2026-02-02,7595,58,4,1.8
2026-02-09,7595,58,4,0.0
2026-02-16,7596,58,4,142.6
2026-02-23,7596,58,4,91.2
2026-03-02,7596,58,4,39.8
2026-02-23,7597,58,4,283.3
2026-03-02,7597,58,4,42.7
2026-03-09,7597,58,4,0.0
2026-03-16,7598,58,4,53.8
2026-03-23,7598,58,4,0.0
2026-04-06,7599,58,4,237.0
2026-04-13,7599,58,4,30.1
2026-04-20,7599,58,4,0.0
2026-04-13,7600,58,4,129.8
2026-04-20,7600,58,4,67.5
2026-04-27,7600,58,4,5.3
2026-05-04,7600,58,4,0.0
2026-05-18,7601,58,4,88.4
2026-05-25,7601,58,4,9.8
2026-06-01,7601,58,4,0.0
2026-06-08,7602,58,4,359.3
2026-06-15,7602,58,4,0.0
2026-06-29,7603,58,4,622.1
2024-07-22,7605,58,5,98.0
2024-07-29,7605,58,5,0.0
2024-07-29,7606,58,5,214.5
2024-08-05,7606,58,5,135.9
2024-08-12,7606,58,5,57.4
2024-08-19,7606,58,5,0.0
2024-08-26,7607,58,5,95.5
2024-09-02,7607,58,5,26.0
2024-09-09,7607,58,5,0.0
2024-09-16,7608,58,5,122.2
2024-09-23,7608,58,5,16.4
2024-09-30,7608,58,5,0.0
2024-09-30,7609,58,5,332.0
2024-10-07,7609,58,5,211.0
2024-10-14,7609,58,5,89.9
2024-10-21,7610,58,5,113.2
2024-10-28,7610,58,5,59.4
2024-11-04,7610,58,5,5.7
2024-11-11,7610,58,5,0.0
2024-11-04,7611,58,5,156.1
2024-11-11,7611,58,5,30.2
2024-11-18,7611,58,5,0.0
2024-12-02,7612,58,5,511.7
2024-12-09,7612,58,5,330.3
2024-12-16,7612,58,5,149.0
2024-12-23,7612,58,5,0.0
2024-12-09,7613,58,5,477.5
2024-12-16,7613,58,5,246.9
2024-12-23,7613,58,5,16.4
2024-12-30,7613,58,5,0.0
2024-12-23,7614,58,5,147.8
2024-12-30,7614,58,5,22.6
2025-01-06,7614,58,5,0.0
2025-01-20,7615,58,5,425.0
2025-01-27,7615,58,5,108.0
2025-02-03,7615,58,5,0.0
2025-02-03,7616,58,5,435.8
2025-02-10,7616,58,5,131.6
2025-02-17,7616,58,5,0.0
2025-03-10,7617,58,5,200.4
2025-03-17,7617,58,5,94.9
2025-03-24,7617,58,5,0.0
2025-03-17,7618,58,5,454.0
2025-03-24,7618,58,5,282.0
2025-03-31,7618,58,5,110.1
2025-04-14,7619,58,5,311.2
2025-04-21,7619,58,5,12.3
2025-04-28,7619,58,5,0.0
2025-05-05,7620,58,5,475.2
2025-05-12,7620,58,5,122.4
2025-05-19,7620,58,5,0.0
2025-05-19,7621,58,5,121.4
2025-05-26,7621,58,5,71.7
2025-06-02,7621,58,5,22.1
2025-06-16,7622,58,5,409.5
2025-06-23,7622,58,5,196.9
2025-06-30,7622,58,5,0.0
2025-06-16,7623,58,5,304.4
2025-06-23,7623,58,5,185.8
2025-06-30,7623,58,5,67.2
2025-07-07,7623,58,5,0.0
2025-07-21,7624,58,5,404.8
2025-07-28,7624,58,5,197.5
2025-08-04,7624,58,5,0.0
2025-08-11,7625,58,5,381.8
2025-08-18,7625,58,5,20.6
2025-08-25,7625,58,5,0.0
2025-08-18,7626,58,5,64.3
2025-08-25,7626,58,5,10.7
2025-09-01,7626,58,5,0.0
2025-09-08,7627,58,5,445.6
2025-09-15,7627,58,5,236.1
2025-09-22,7627,58,5,26.7
2025-09-22,7628,58,5,322.2
2025-09-29,7628,58,5,11.4
2025-10-06,7628,58,5,0.0
2025-10-20,7629,58,5,533.7
2025-10-27,7629,58,5,306.5
2025-11-03,7629,58,5,79.2
2025-11-10,7630,58,5,189.3
2025-11-17,7630,58,5,0.0
2025-11-17,7631,58,5,40.6
2025-11-24,7631,58,5,0.0
2025-12-15,7632,58,5,180.0
2025-12-22,7632,58,5,52.0
2025-12-29,7632,58,5,0.0
2025-12-29,7633,58,5,139.9
2026-01-05,7633,58,5,65.8
2026-01-12,7633,58,5,0.0
2026-01-12,7634,58,5,189.4
2026-01-19,7634,58,5,85.9
2026-01-26,7634,58,5,0.0
2026-02-09,7635,58,5,251.9
2026-02-16,7635,58,5,164.9
2026-02-23,7635,58,5,77.8
2026-02-23,7636,58,5,101.7
2026-03-02,7636,58,5,50.3
2026-03-09,7636,58,5,0.0
2026-03-23,7637,58,5,245.8
2026-03-30,7637,58,5,91.6
2026-04-06,7637,58,5,0.0
2026-04-06,7638,58,5,113.7
2026-04-13,7638,58,5,45.4
2026-04-20,7638,58,5,0.0
2026-04-27,7639,58,5,288.5
2026-05-04,7639,58,5,43.0
2026-05-11,7639,58,5,0.0
2026-05-04,7640,58,5,270.1
2026-05-11,7640,58,5,0.0
2026-06-08,7641,58,5,114.6
2026-06-15,7641,58,5,62.3
2026-06-22,7641,58,5,9.9
2026-06-15,7642,58,5,91.5
2026-06-22,7642,58,5,49.1
2026-06-29,7642,58,5,6.6
2024-07-22,7643,58,9,46.1
2024-07-29,7643,58,9,10.2
2024-08-05,7643,58,9,0.0
2024-07-22,7644,58,7,96.0
2024-07-29,7644,58,7,48.1
2024-08-05,7644,58,7,0.1
2024-08-12,7644,58,7,0.0
2024-08-12,7645,58,7,138.7
2024-08-19,7645,58,7,0.0
2024-09-02,7646,58,9,278.6
2024-09-09,7646,58,9,20.2
2024-09-16,7646,58,9,0.0
2024-09-23,7647,58,9,48.9
2024-09-30,7647,58,9,12.9
2024-10-07,7647,58,9,0.0
2024-10-21,7648,58,9,442.9
2024-10-28,7648,58,9,204.7
2024-11-04,7648,58,9,0.0
2024-11-11,7649,58,9,668.3
2024-11-18,7649,58,9,443.5
2024-11-25,7649,58,9,218.8
2024-12-02,7649,58,9,0.0
2024-12-02,7650,58,9,189.2
2024-12-09,7650,58,9,74.3
2024-12-16,7650,58,9,0.0
2024-12-16,7651,58,9,313.7
2024-12-23,7651,58,9,131.4
2024-12-30,7651,58,9,0.0
2024-12-30,7652,58,9,290.2
2025-01-06,7652,58,9,18.5
2025-01-13,7652,58,9,0.0
2025-01-27,7653,58,7,216.3
2025-02-03,7653,58,7,76.5
2025-02-10,7653,58,7,0.0
2025-02-17,7654,58,7,513.8
2025-02-24,7654,58,7,223.6
2025-03-03,7654,58,7,0.0
2025-03-10,7655,58,9,507.7
2025-03-17,7655,58,9,303.4
2025-03-24,7655,58,9,99.1
2025-03-31,7656,58,7,149.3
2025-04-07,7656,58,7,3.6
2025-04-14,7656,58,7,0.0
2025-04-07,7657,58,7,110.6
2025-04-14,7657,58,7,0.0
2025-04-21,7658,58,7,385.5
2025-04-28,7658,58,7,140.1
2025-05-05,7658,58,7,0.0
2025-05-19,7659,58,9,213.7
2025-05-26,7659,58,9,0.0
2025-05-26,7660,58,9,392.2
2025-06-02,7660,58,9,0.0
2025-06-30,7661,58,7,215.0
2025-07-07,7661,58,7,0.0
2025-07-14,7662,58,9,307.0
2025-07-21,7662,58,9,96.1
2025-07-28,7662,58,9,0.0
2025-07-28,7663,58,7,310.7
2025-08-04,7663,58,7,121.4
2025-08-11,7663,58,7,0.0
2025-08-18,7664,58,7,178.4
2025-08-25,7664,58,7,93.8
2025-09-01,7664,58,7,9.2
2025-09-08,7664,58,7,0.0
2025-09-15,7665,58,9,44.5
2025-09-22,7665,58,9,0.0
2025-09-22,7666,58,9,289.8
2025-09-29,7666,58,9,160.6
2025-10-06,7666,58,9,31.4
2025-10-13,7666,58,9,0.0
2025-10-20,7667,58,9,217.2
2025-10-27,7667,58,9,110.4
2025-11-03,7667,58,9,3.5
2025-11-10,7667,58,9,0.0
2025-10-27,7668,58,9,164.7
2025-11-03,7668,58,9,17.4
2025-11-10,7668,58,9,0.0
2025-11-10,7669,58,7,464.2
2025-11-17,7669,58,7,260.3
2025-11-24,7669,58,7,56.5
2025-12-01,7669,58,7,0.0
2025-12-15,7670,58,9,400.6
2025-12-22,7670,58,9,0.0
2025-12-22,7671,58,7,611.9
2025-12-29,7671,58,7,392.9
2026-01-05,7671,58,7,173.8
2026-01-26,7672,58,9,400.5
2026-02-02,7672,58,9,229.0
2026-02-09,7672,58,9,57.5
2026-02-16,7672,58,9,0.0
2026-02-02,7673,58,9,96.5
2026-02-09,7673,58,9,0.0
2026-02-23,7674,58,9,322.3
2026-03-02,7674,58,9,173.6
2026-03-09,7674,58,9,24.8
2026-03-23,7675,58,7,468.3
2026-03-30,7675,58,7,217.5
2026-04-06,7675,58,7,0.0
2026-04-06,7676,58,7,89.7
2026-04-13,7676,58,7,23.4
2026-04-20,7676,58,7,0.0
2026-04-13,7677,58,9,625.4
2026-04-20,7677,58,9,398.8
2026-04-27,7677,58,9,172.2
2026-05-04,7677,58,9,0.0
2026-05-04,7678,58,9,296.0
2026-05-11,7678,58,9,179.0
2026-05-18,7678,58,9,62.1
2026-06-01,7679,58,7,449.0
2026-06-08,7679,58,7,219.9
2026-06-15,7679,58,7,0.0
2026-06-08,7680,58,7,336.0
2026-06-15,7680,58,7,211.0
2026-06-22,7680,58,7,86.0
2026-06-29,7680,58,7,0.0
2024-07-22,7681,58,10,361.0
2024-07-29,7681,58,10,156.0
2024-08-05,7681,58,10,0.0
2024-08-05,7682,58,10,356.4
2024-08-12,7682,58,10,51.8
2024-08-19,7682,58,10,0.0
2024-08-19,7683,58,10,368.0
2024-08-26,7683,58,10,0.0
2024-09-16,7684,58,10,87.2
2024-09-23,7684,58,10,0.0
2024-09-23,7685,58,10,380.0
2024-09-30,7685,58,10,248.0
2024-10-07,7685,58,10,116.0
2024-10-28,7686,58,10,308.8
2024-11-04,7686,58,10,130.7
2024-11-11,7686,58,10,0.0
2024-11-11,7687,58,10,481.7
2024-11-18,7687,58,10,162.4
2024-11-25,7687,58,10,0.0
2024-12-02,7688,58,10,307.3
2024-12-09,7688,58,10,165.5
2024-12-16,7688,58,10,23.8
2024-12-09,7689,58,10,141.1
2024-12-16,7689,58,10,0.0
2025-01-06,7690,58,10,412.9
2025-01-13,7690,58,10,0.0
2025-01-20,7691,58,10,251.2
2025-01-27,7691,58,10,25.4
2025-02-03,7691,58,10,0.0
2025-02-10,7692,58,10,214.8
2025-02-17,7692,58,10,103.6
2025-02-24,7692,58,10,0.0
2025-02-24,7693,58,10,112.0
2025-03-03,7693,58,10,5.0
2025-03-10,7693,58,10,0.0
2025-03-10,7694,58,10,424.0
2025-03-17,7694,58,10,175.1
2025-03-24,7694,58,10,0.0
2025-04-14,7695,58,10,575.0
2025-04-21,7695,58,10,319.9
2025-04-28,7695,58,10,64.9
2025-05-05,7695,58,10,0.0
2025-04-21,7696,58,10,350.9
2025-04-28,7696,58,10,111.7
2025-05-05,7696,58,10,0.0
2025-05-12,7697,58,10,202.1
2025-05-19,7697,58,10,0.0
2025-05-26,7698,58,10,192.3
2025-06-02,7698,58,10,47.6
2025-06-09,7698,58,10,0.0
2025-06-16,7699,58,10,278.5
2025-06-23,7699,58,10,147.9
2025-06-30,7699,58,10,17.4
2025-07-07,7699,58,10,0.0
2025-07-07,7700,58,10,106.8
2025-07-14,7700,58,10,15.6
2025-07-21,7700,58,10,0.0
2025-07-21,7701,58,10,34.5
2025-07-28,7701,58,10,3.0
2025-08-04,7701,58,10,0.0
2025-08-18,7702,58,10,145.4
2025-08-25,7702,58,10,41.8
2025-09-01,7702,58,10,0.0
2025-09-08,7703,58,10,108.0
2025-09-15,7703,58,10,0.0
2025-09-22,7703,58,10,0.0
2025-09-29,7704,58,10,388.2
2025-10-06,7704,58,10,244.4
2025-10-13,7704,58,10,100.7
2025-10-20,7704,58,10,0.0
2025-10-06,7705,58,10,51.9
2025-10-13,7705,58,10,17.8
2025-10-20,7705,58,10,0.0
2025-11-03,7706,58,10,143.6
2025-11-10,7706,58,10,69.1
2025-11-17,7706,58,10,0.0
2025-11-17,7707,58,10,358.8
2025-11-24,7707,58,10,0.0
2025-12-08,7708,58,10,591.1
2025-12-15,7708,58,10,358.1
2025-12-22,7708,58,10,125.2
2025-12-29,7708,58,10,0.0
2026-01-05,7709,58,10,383.3
2026-01-12,7709,58,10,0.6
2026-01-19,7709,58,10,0.0
2026-01-12,7710,58,10,194.3
2026-01-19,7710,58,10,0.0
2026-01-26,7711,58,10,367.0
2026-02-02,7711,58,10,137.0
2026-02-09,7711,58,10,0.0
2026-02-16,7712,58,10,165.8
2026-02-23,7712,58,10,97.6
2026-03-02,7712,58,10,29.4
2026-03-23,7713,58,10,65.5
2026-03-30,7713,58,10,17.0
2026-04-06,7713,58,10,0.0
2026-03-30,7714,58,10,303.1
2026-04-06,7714,58,10,0.0
2026-04-27,7715,58,10,143.4
2026-05-04,7715,58,10,0.0
2026-05-04,7716,58,10,114.3
2026-05-11,7716,58,10,0.0
2026-06-01,7717,58,10,70.4
2026-06-08,7717,58,10,25.8
2026-06-15,7717,58,10,0.0
2026-06-08,7718,58,10,529.8
2026-06-15,7718,58,10,228.6
2026-06-22,7718,58,10,0.0
2024-07-15,7719,59,1,569.6
2024-07-22,7719,59,1,517.2
2024-07-29,7719,59,1,464.8
2024-08-05,7719,59,1,412.3
2024-08-12,7719,59,1,359.9
2024-08-19,7719,59,1,307.5
2024-08-26,7719,59,1,255.1
2024-09-02,7719,59,1,202.7
2024-09-09,7719,59,1,150.3
2024-09-16,7719,59,1,97.9
2024-09-23,7719,59,1,45.4
2024-09-30,7719,59,1,0.0
2024-11-04,7720,59,3,129.0
2024-11-11,7720,59,3,103.1
2024-11-18,7720,59,3,77.1
2024-11-25,7720,59,3,51.2
2024-12-02,7720,59,3,25.2
2024-12-09,7720,59,3,0.0
2024-12-23,7721,59,3,269.8
2024-12-30,7721,59,3,230.6
2025-01-06,7721,59,3,191.5
2025-01-13,7721,59,3,152.3
2025-01-20,7721,59,3,113.1
2025-01-27,7721,59,3,73.9
2025-02-03,7721,59,3,34.7
2025-02-10,7721,59,3,0.0
2025-02-10,7722,59,1,579.8
2025-02-17,7722,59,1,518.7
2025-02-24,7722,59,1,457.5
2025-03-03,7722,59,1,396.4
2025-03-10,7722,59,1,335.2
2025-03-17,7722,59,1,274.0
2025-03-24,7722,59,1,212.9
2025-03-31,7722,59,1,151.7
2025-04-07,7722,59,1,90.5
2025-04-14,7722,59,1,29.4
2025-04-21,7722,59,1,0.0
2025-03-03,7723,59,1,685.8
2025-03-10,7723,59,1,537.7
2025-03-17,7723,59,1,389.5
2025-03-24,7723,59,1,241.4
2025-03-31,7723,59,1,93.2
2025-04-07,7723,59,1,0.0
2025-05-05,7724,59,1,162.0
2025-05-12,7724,59,1,143.0
2025-05-19,7724,59,1,124.0
2025-05-26,7724,59,1,105.0
2025-06-02,7724,59,1,86.0
2025-06-09,7724,59,1,67.0
2025-06-16,7724,59,1,48.0
2025-06-23,7724,59,1,29.0
2025-06-30,7724,59,1,10.0
2025-07-07,7724,59,1,0.0
2025-07-21,7725,59,3,647.8
2025-07-28,7725,59,3,602.5
2025-08-04,7725,59,3,557.3
2025-08-11,7725,59,3,512.1
2025-08-18,7725,59,3,466.9
2025-08-25,7725,59,3,421.6
2025-09-01,7725,59,3,376.4
2025-09-08,7725,59,3,331.2
2025-09-15,7725,59,3,285.9
2025-09-22,7725,59,3,240.7
2025-09-29,7725,59,3,195.5
2025-10-06,7725,59,3,150.2
2025-10-13,7725,59,3,105.0
2025-09-22,7726,59,3,640.6
2025-09-29,7726,59,3,529.3
2025-10-06,7726,59,3,417.9
2025-10-13,7726,59,3,306.5
2025-10-20,7726,59,3,195.1
2025-10-27,7726,59,3,83.8
2025-11-03,7726,59,3,0.0
2025-10-27,7727,59,1,500.7
2025-11-03,7727,59,1,394.5
2025-11-10,7727,59,1,288.2
2025-11-17,7727,59,1,182.0
2025-11-24,7727,59,1,75.7
2025-12-01,7727,59,1,0.0
2026-01-05,7728,59,3,356.3
2026-01-12,7728,59,3,285.7
2026-01-19,7728,59,3,215.0
2026-01-26,7728,59,3,144.3
2026-02-02,7728,59,3,73.7
2026-02-09,7728,59,3,3.0
2026-02-16,7728,59,3,0.0
2026-03-02,7729,59,1,166.7
2026-03-09,7729,59,1,146.4
2026-03-16,7729,59,1,126.1
2026-03-23,7729,59,1,105.7
2026-03-30,7729,59,1,85.4
2026-04-06,7729,59,1,65.1
2026-04-13,7729,59,1,44.8
2026-04-20,7729,59,1,24.5
2026-04-27,7729,59,1,4.2
2026-05-04,7729,59,1,0.0
2026-06-01,7730,59,3,67.3
2026-06-08,7730,59,3,52.7
2026-06-15,7730,59,3,38.0
2026-06-22,7730,59,3,23.3
2026-06-29,7730,59,3,8.6
2024-07-22,7731,59,4,87.5
2024-07-29,7731,59,4,71.9
2024-08-05,7731,59,4,56.4
2024-08-12,7731,59,4,40.9
2024-08-19,7731,59,4,25.3
2024-08-26,7731,59,4,9.8
2024-09-02,7731,59,4,0.0
2024-09-30,7732,59,4,279.9
2024-10-07,7732,59,4,252.7
2024-10-14,7732,59,4,225.6
2024-10-21,7732,59,4,198.5
2024-10-28,7732,59,4,171.3
2024-11-04,7732,59,4,144.2
2024-11-11,7732,59,4,117.1
2024-11-18,7732,59,4,89.9
2024-11-25,7732,59,4,62.8
2024-12-02,7732,59,4,35.7
2024-12-09,7732,59,4,8.5
2024-12-16,7732,59,4,0.0
2024-12-16,7733,59,4,268.9
2024-12-23,7733,59,4,247.9
2024-12-30,7733,59,4,226.8
2025-01-06,7733,59,4,205.8
2025-01-13,7733,59,4,184.7
2025-01-20,7733,59,4,163.7
2025-01-27,7733,59,4,142.6
2025-02-03,7733,59,4,121.6
2025-02-10,7733,59,4,100.5
2025-02-17,7733,59,4,79.5
2025-02-24,7733,59,4,58.4
2025-03-03,7733,59,4,37.4
2025-02-17,7734,59,4,273.3
2025-02-24,7734,59,4,201.5
2025-03-03,7734,59,4,129.8
2025-03-10,7734,59,4,58.1
2025-03-17,7734,59,4,0.0
2025-03-17,7735,59,4,364.4
2025-03-24,7735,59,4,315.7
2025-03-31,7735,59,4,267.1
2025-04-07,7735,59,4,218.4
2025-04-14,7735,59,4,169.8
2025-04-21,7735,59,4,121.1
2025-04-28,7735,59,4,72.5
2025-05-05,7735,59,4,23.8
2025-05-12,7735,59,4,0.0
2025-06-02,7736,59,4,155.4
2025-06-09,7736,59,4,116.7
2025-06-16,7736,59,4,78.1
2025-06-23,7736,59,4,39.4
2025-06-30,7736,59,4,0.8
2025-07-07,7736,59,4,0.0
2025-07-28,7737,59,4,77.1
2025-08-04,7737,59,4,67.2
2025-08-11,7737,59,4,57.3
2025-08-18,7737,59,4,47.3
2025-08-25,7737,59,4,37.4
2025-09-01,7737,59,4,27.5
2025-09-08,7737,59,4,17.6
2025-09-15,7737,59,4,7.7
2025-09-22,7737,59,4,0.0
2025-09-15,7738,59,4,631.2
2025-09-22,7738,59,4,517.4
2025-09-29,7738,59,4,403.6
2025-10-06,7738,59,4,289.9
2025-10-13,7738,59,4,176.1
2025-10-20,7738,59,4,62.3
2025-10-27,7738,59,4,0.0
2025-10-27,7739,59,4,498.6
2025-11-03,7739,59,4,439.1
2025-11-10,7739,59,4,379.7
2025-11-17,7739,59,4,320.3
2025-11-24,7739,59,4,260.8
2025-12-01,7739,59,4,201.4
2025-12-08,7739,59,4,142.0
2025-12-15,7739,59,4,82.5
2025-12-22,7739,59,4,23.1
2025-12-29,7739,59,4,0.0
2026-01-26,7740,59,4,772.4
2026-02-02,7740,59,4,661.7
2026-02-09,7740,59,4,551.1
2026-02-16,7740,59,4,440.5
2026-02-23,7740,59,4,329.8
2026-03-02,7740,59,4,219.2
2026-03-09,7740,59,4,108.5
2026-03-16,7740,59,4,0.0
2026-04-27,7741,59,4,287.2
2026-05-04,7741,59,4,268.3
2026-05-11,7741,59,4,249.5
2026-05-18,7741,59,4,230.7
2026-05-25,7741,59,4,211.8
2026-06-01,7741,59,4,193.0
2026-06-08,7741,59,4,174.1
2026-06-15,7741,59,4,155.3
2026-06-22,7741,59,4,136.5
2026-06-29,7741,59,4,117.6
2026-05-11,7742,59,4,592.7
2026-05-18,7742,59,4,470.4
2026-05-25,7742,59,4,348.2
2026-06-01,7742,59,4,225.9
2026-06-08,7742,59,4,103.6
2026-06-15,7742,59,4,0.0
2024-09-02,7743,59,5,381.5
2024-09-09,7743,59,5,282.9
2024-09-16,7743,59,5,184.4
2024-09-23,7743,59,5,85.9
2024-09-30,7743,59,5,0.0
2024-10-07,7744,59,5,363.8
2024-10-14,7744,59,5,268.5
2024-10-21,7744,59,5,173.3
2024-10-28,7744,59,5,78.1
2024-11-04,7744,59,5,0.0
2024-12-16,7745,59,5,139.2
2024-12-23,7745,59,5,118.4
2024-12-30,7745,59,5,97.6
2025-01-06,7745,59,5,76.8
2025-01-13,7745,59,5,56.0
2025-01-20,7745,59,5,35.2
2025-01-27,7745,59,5,14.4
2025-02-03,7745,59,5,0.0
2025-02-24,7746,59,5,499.9
2025-03-03,7746,59,5,393.9
2025-03-10,7746,59,5,287.8
2025-03-17,7746,59,5,181.7
2025-03-24,7746,59,5,75.7
2025-03-31,7746,59,5,0.0
2025-03-31,7747,59,5,84.0
2025-04-07,7747,59,5,69.1
2025-04-14,7747,59,5,54.1
2025-04-21,7747,59,5,39.1
2025-04-28,7747,59,5,24.2
2025-05-05,7747,59,5,9.2
2025-05-12,7747,59,5,0.0
2025-06-23,7748,59,5,409.0
2025-06-30,7748,59,5,371.1
2025-07-07,7748,59,5,333.1
2025-07-14,7748,59,5,295.2
2025-07-21,7748,59,5,257.2
2025-07-28,7748,59,5,219.3
2025-08-04,7748,59,5,181.3
2025-08-11,7748,59,5,143.4
2025-08-18,7748,59,5,105.4
2025-08-25,7748,59,5,67.5
2025-09-01,7748,59,5,29.5
2025-09-08,7748,59,5,0.0
2025-07-21,7749,59,5,391.5
2025-07-28,7749,59,5,351.0
2025-08-04,7749,59,5,310.5
2025-08-11,7749,59,5,269.9
2025-08-18,7749,59,5,229.4
2025-08-25,7749,59,5,188.9
2025-09-01,7749,59,5,148.4
2025-09-08,7749,59,5,107.9
2025-09-15,7749,59,5,67.4
2025-09-22,7749,59,5,26.9
2025-09-29,7749,59,5,0.0
2025-10-13,7750,59,5,484.8
2025-10-20,7750,59,5,353.6
2025-10-27,7750,59,5,222.5
2025-11-03,7750,59,5,91.3
2025-11-10,7750,59,5,0.0
2025-11-03,7751,59,5,152.8
2025-11-10,7751,59,5,135.6
2025-11-17,7751,59,5,118.4
2025-11-24,7751,59,5,101.1
2025-12-01,7751,59,5,83.9
2025-12-08,7751,59,5,66.7
2025-12-15,7751,59,5,49.5
2025-12-22,7751,59,5,32.3
2025-12-29,7751,59,5,15.1
2026-01-05,7751,59,5,0.0
2026-02-16,7752,59,5,764.8
2026-02-23,7752,59,5,631.6
2026-03-02,7752,59,5,498.4
2026-03-09,7752,59,5,365.2
2026-03-16,7752,59,5,232.1
2026-03-23,7752,59,5,98.9
2026-03-30,7752,59,5,0.0
2026-04-20,7753,59,5,160.1
2026-04-27,7753,59,5,135.1
2026-05-04,7753,59,5,110.2
2026-05-11,7753,59,5,85.3
2026-05-18,7753,59,5,60.4
2026-05-25,7753,59,5,35.4
2026-06-01,7753,59,5,10.5
2026-06-08,7753,59,5,0.0
2026-05-25,7754,59,5,244.2
2026-06-01,7754,59,5,183.4
2026-06-08,7754,59,5,122.7
2026-06-15,7754,59,5,61.9
2026-06-22,7754,59,5,1.1
2026-06-29,7754,59,5,0.0
2024-07-29,7755,59,9,710.4
2024-08-05,7755,59,9,644.9
2024-08-12,7755,59,9,579.3
2024-08-19,7755,59,9,513.8
2024-08-26,7755,59,9,448.2
2024-09-02,7755,59,9,382.7
2024-09-09,7755,59,9,317.1
2024-09-16,7755,59,9,251.6
2024-09-23,7755,59,9,186.0
2024-09-30,7755,59,9,120.4
2024-10-07,7755,59,9,54.9
2024-10-14,7755,59,9,0.0
2024-09-09,7756,59,9,401.1
2024-09-16,7756,59,9,308.1
2024-09-23,7756,59,9,215.2
2024-09-30,7756,59,9,122.2
2024-10-07,7756,59,9,29.3
2024-10-14,7756,59,9,0.0
2024-12-02,7757,59,9,664.3
2024-12-09,7757,59,9,498.7
2024-12-16,7757,59,9,333.0
2024-12-23,7757,59,9,167.4
2024-12-30,7757,59,9,1.7
2025-01-06,7757,59,9,0.0
2025-01-27,7758,59,7,767.0
2025-02-03,7758,59,7,716.0
2025-02-10,7758,59,7,664.9
2025-02-17,7758,59,7,613.9
2025-02-24,7758,59,7,562.9
2025-03-03,7758,59,7,511.9
2025-03-10,7758,59,7,460.8
2025-03-17,7758,59,7,409.8
2025-03-24,7758,59,7,358.8
2025-03-31,7758,59,7,307.8
2025-04-07,7758,59,7,256.7
2025-04-14,7758,59,7,205.7
2025-04-21,7758,59,7,154.7
2025-03-31,7759,59,9,627.2
2025-04-07,7759,59,9,515.4
2025-04-14,7759,59,9,403.6
2025-04-21,7759,59,9,291.8
2025-04-28,7759,59,9,180.0
2025-05-05,7759,59,9,68.2
2025-05-12,7759,59,9,0.0
2025-06-02,7760,59,9,62.4
2025-06-09,7760,59,9,45.8
2025-06-16,7760,59,9,29.3
2025-06-23,7760,59,9,12.7
2025-06-30,7760,59,9,0.0
2025-08-25,7761,59,9,277.3
2025-09-01,7761,59,9,238.6
2025-09-08,7761,59,9,199.9
2025-09-15,7761,59,9,161.2
2025-09-22,7761,59,9,122.6
2025-09-29,7761,59,9,83.9
2025-10-06,7761,59,9,45.2
2025-10-13,7761,59,9,6.5
2025-10-20,7761,59,9,0.0
2025-10-13,7762,59,9,378.3
2025-10-20,7762,59,9,332.6
2025-10-27,7762,59,9,286.9
2025-11-03,7762,59,9,241.2
2025-11-10,7762,59,9,195.5
2025-11-17,7762,59,9,149.8
2025-11-24,7762,59,9,104.1
2025-12-01,7762,59,9,58.4
2025-12-08,7762,59,9,12.7
2025-12-15,7762,59,9,0.0
2025-12-08,7763,59,7,104.8
2025-12-15,7763,59,7,80.7
2025-12-22,7763,59,7,56.5
2025-12-29,7763,59,7,32.4
2026-01-05,7763,59,7,8.2
2026-01-12,7763,59,7,0.0
2026-02-09,7764,59,7,657.8
2026-02-16,7764,59,7,473.6
2026-02-23,7764,59,7,289.4
2026-03-02,7764,59,7,105.1
2026-03-09,7764,59,7,0.0
2026-03-16,7765,59,9,423.5
2026-03-23,7765,59,9,377.0
2026-03-30,7765,59,9,330.5
2026-04-06,7765,59,9,283.9
2026-04-13,7765,59,9,237.4
2026-04-20,7765,59,9,190.9
2026-04-27,7765,59,9,144.4
2026-05-04,7765,59,9,97.9
2026-05-11,7765,59,9,51.4
2026-05-18,7765,59,9,4.8
2026-05-25,7765,59,9,0.0
2026-06-15,7766,59,9,347.0
2026-06-22,7766,59,9,289.0
2026-06-29,7766,59,9,231.0
2024-07-29,7767,59,10,429.9
2024-08-05,7767,59,10,357.8
2024-08-12,7767,59,10,285.7
2024-08-19,7767,59,10,213.6
2024-08-26,7767,59,10,141.5
2024-09-02,7767,59,10,69.4
2024-09-09,7767,59,10,0.0
2024-11-04,7768,59,10,434.3
2024-11-11,7768,59,10,390.7
2024-11-18,7768,59,10,347.0
2024-11-25,7768,59,10,303.4
2024-12-02,7768,59,10,259.7
2024-12-09,7768,59,10,216.1
2024-12-16,7768,59,10,172.4
2024-12-23,7768,59,10,128.7
2024-12-30,7768,59,10,85.1
2025-01-06,7768,59,10,41.4
2025-01-13,7768,59,10,0.0
2024-12-16,7769,59,10,517.7
2024-12-23,7769,59,10,418.4
2024-12-30,7769,59,10,319.1
2025-01-06,7769,59,10,219.8
2025-01-13,7769,59,10,120.5
2025-01-20,7769,59,10,21.3
2025-01-27,7769,59,10,0.0
2025-02-03,7770,59,10,718.2
2025-02-10,7770,59,10,645.4
2025-02-17,7770,59,10,572.6
2025-02-24,7770,59,10,499.7
2025-03-03,7770,59,10,426.9
2025-03-10,7770,59,10,354.1
2025-03-17,7770,59,10,281.3
2025-03-24,7770,59,10,208.5
2025-03-31,7770,59,10,135.7
2025-04-07,7770,59,10,62.8
2025-04-14,7770,59,10,0.0
2025-03-31,7771,59,10,307.9
2025-04-07,7771,59,10,279.8
2025-04-14,7771,59,10,251.6
2025-04-21,7771,59,10,223.5
2025-04-28,7771,59,10,195.4
2025-05-05,7771,59,10,167.3
2025-05-12,7771,59,10,139.2
2025-05-19,7771,59,10,111.0
2025-05-26,7771,59,10,82.9
2025-06-02,7771,59,10,54.8
2025-06-09,7771,59,10,26.7
2025-06-16,7771,59,10,0.0
2025-05-26,7772,59,10,544.1
2025-06-02,7772,59,10,448.2
2025-06-09,7772,59,10,352.3
2025-06-16,7772,59,10,256.4
2025-06-23,7772,59,10,160.6
2025-06-30,7772,59,10,64.7
2025-07-07,7772,59,10,0.0
2025-07-28,7773,59,10,260.0
2025-08-04,7773,59,10,207.9
2025-08-11,7773,59,10,155.9
2025-08-18,7773,59,10,103.8
2025-08-25,7773,59,10,51.8
2025-09-01,7773,59,10,0.0
2025-09-15,7774,59,10,402.3
2025-09-22,7774,59,10,350.6
2025-09-29,7774,59,10,298.8
2025-10-06,7774,59,10,247.1
2025-10-13,7774,59,10,195.4
2025-10-20,7774,59,10,143.7
2025-10-27,7774,59,10,92.0
2025-11-03,7774,59,10,40.2
2025-11-10,7774,59,10,0.0
2025-11-17,7775,59,10,673.3
2025-11-24,7775,59,10,542.6
2025-12-01,7775,59,10,412.0
2025-12-08,7775,59,10,281.3
2025-12-15,7775,59,10,150.6
2025-12-22,7775,59,10,19.9
2025-12-29,7775,59,10,0.0
2026-01-12,7776,59,10,171.1
2026-01-19,7776,59,10,139.3
2026-01-26,7776,59,10,107.4
2026-02-02,7776,59,10,75.6
2026-02-09,7776,59,10,43.7
2026-02-16,7776,59,10,11.9
2026-02-23,7776,59,10,0.0
2026-03-23,7777,59,10,458.5
2026-03-30,7777,59,10,337.9
2026-04-06,7777,59,10,217.4
2026-04-13,7777,59,10,96.9
2026-04-20,7777,59,10,0.0
2026-06-15,7778,59,10,246.8
2026-06-22,7778,59,10,206.7
2026-06-29,7778,59,10,166.5
2024-09-02,7779,60,2,1158.8
2024-09-09,7779,60,2,1068.5
2024-09-16,7779,60,2,978.3
2024-09-23,7779,60,2,888.1
2024-09-30,7779,60,2,797.9
2024-10-07,7779,60,2,707.6
2024-10-14,7779,60,2,617.4
2024-10-21,7779,60,2,527.2
2024-10-28,7779,60,2,436.9
2024-11-04,7779,60,2,346.7
2024-11-11,7779,60,2,256.5
2024-11-18,7779,60,2,166.3
2024-11-25,7779,60,2,76.0
2024-12-02,7779,60,2,0.0
2025-01-27,7780,60,5,594.1
2025-02-03,7780,60,5,427.2
2025-02-10,7780,60,5,260.3
2025-02-17,7780,60,5,93.4
2025-02-24,7780,60,5,0.0
2025-04-28,7781,60,5,580.5
2025-05-05,7781,60,5,494.0
2025-05-12,7781,60,5,407.5
2025-05-19,7781,60,5,321.0
2025-05-26,7781,60,5,234.6
2025-06-02,7781,60,5,148.1
2025-06-09,7781,60,5,61.6
2025-06-16,7781,60,5,0.0
2025-10-20,7782,60,2,208.6
2025-10-27,7782,60,2,193.2
2025-11-03,7782,60,2,177.8
2025-11-10,7782,60,2,162.4
2025-11-17,7782,60,2,146.9
2025-11-24,7782,60,2,131.5
2025-12-01,7782,60,2,116.1
2025-12-08,7782,60,2,100.7
2025-12-15,7782,60,2,85.3
2025-12-22,7782,60,2,69.9
2025-12-29,7782,60,2,54.5
2026-01-05,7782,60,2,39.1
2026-01-12,7782,60,2,23.7
2026-01-19,7782,60,2,8.3
2026-01-26,7782,60,2,0.0
2026-01-26,7783,60,2,776.9
2026-02-02,7783,60,2,710.9
2026-02-09,7783,60,2,644.8
2026-02-16,7783,60,2,578.8
2026-02-23,7783,60,2,512.7
2026-03-02,7783,60,2,446.7
2026-03-09,7783,60,2,380.6
2026-03-16,7783,60,2,314.6
2026-03-23,7783,60,2,248.5
2026-03-30,7783,60,2,182.5
2026-04-06,7783,60,2,116.4
2026-04-13,7783,60,2,50.4
2026-04-20,7783,60,2,0.0
2026-04-13,7784,60,2,607.1
2026-04-20,7784,60,2,547.2
2026-04-27,7784,60,2,487.2
2026-05-04,7784,60,2,427.3
2026-05-11,7784,60,2,367.4
2026-05-18,7784,60,2,307.5
2026-05-25,7784,60,2,247.5
2026-06-01,7784,60,2,187.6
2026-06-08,7784,60,2,127.7
2026-06-15,7784,60,2,67.8
2026-06-22,7784,60,2,7.9
2026-06-29,7784,60,2,0.0
2024-07-08,7785,61,3,290.3
2024-07-15,7786,61,3,211.3
2024-07-29,7788,61,1,95.5
2024-09-23,7796,61,3,419.5
2024-09-30,7797,61,3,627.6
2024-10-07,7798,61,1,293.6
2024-11-04,7802,61,3,255.1
2024-11-11,7803,61,3,54.3
2024-11-18,7804,61,1,236.9
2024-11-25,7805,61,1,649.2
2024-12-09,7807,61,3,190.6
2024-12-16,7808,61,1,465.7
2024-12-23,7809,61,1,377.8
2025-01-13,7812,61,3,331.8
2025-02-03,7815,61,1,134.7
2025-02-10,7816,61,1,332.1
2025-02-17,7817,61,3,63.1
2025-02-24,7818,61,3,129.0
2025-03-10,7820,61,3,383.9
2025-03-17,7821,61,1,99.3
2025-03-31,7823,61,3,536.2
2025-04-14,7825,61,1,384.8
2025-05-12,7829,61,3,490.4
2025-05-19,7830,61,1,194.7
2025-05-26,7831,61,1,392.6
2025-06-16,7834,61,1,136.2
2025-06-30,7836,61,3,602.1
2025-07-28,7840,61,1,118.9
2025-08-04,7841,61,1,487.3
2025-08-11,7842,61,3,200.5
2025-08-18,7843,61,1,265.6
2025-09-15,7847,61,3,381.0
2025-09-22,7848,61,1,245.8
2025-09-29,7849,61,1,264.7
2025-10-06,7850,61,1,259.8
2025-10-13,7851,61,1,148.0
2025-10-20,7852,61,3,533.6
2025-10-27,7853,61,1,326.0
2025-11-03,7854,61,3,52.7
2025-11-10,7855,61,3,286.3
2025-11-17,7856,61,1,37.0
2025-11-24,7857,61,3,476.5
2025-12-01,7858,61,3,505.8
2025-12-08,7859,61,1,241.7
2025-12-29,7862,61,1,493.1
2026-01-26,7866,61,3,68.3
2026-02-09,7868,61,3,474.5
2026-02-23,7870,61,3,59.8
2026-03-09,7872,61,1,50.5
2026-03-16,7873,61,1,325.4
2026-03-23,7874,61,3,121.8
2026-04-06,7876,61,1,510.5
2026-04-13,7877,61,3,386.1
2026-04-20,7878,61,3,329.0
2026-05-18,7882,61,1,231.8
2026-06-08,7885,61,3,129.0
2026-06-29,7888,61,1,335.7
2024-08-12,7894,61,4,78.4
2024-08-19,7895,61,4,403.8
2024-08-26,7896,61,4,86.9
2024-09-02,7897,61,4,57.4
2024-09-16,7899,61,4,356.3
2024-09-23,7900,61,4,439.2
2024-09-30,7901,61,4,349.4
2024-10-21,7904,61,4,70.6
2024-10-28,7905,61,4,97.2
2024-11-04,7906,61,4,329.0
2024-11-11,7907,61,4,262.0
2024-11-18,7908,61,4,220.0
2024-11-25,7909,61,4,146.1
2024-12-02,7910,61,4,263.8
2024-12-09,7911,61,4,229.6
2024-12-16,7912,61,4,98.3
2024-12-23,7913,61,4,318.9
2025-01-06,7915,61,4,333.5
2025-01-13,7916,61,4,113.2
2025-01-27,7918,61,4,271.8
2025-02-03,7919,61,4,476.4
2025-02-10,7920,61,4,440.8
2025-02-24,7922,61,4,197.3
2025-03-10,7924,61,4,91.7
2025-03-31,7927,61,4,620.6
2025-04-14,7929,61,4,156.5
2025-04-21,7930,61,4,66.5
2025-04-28,7931,61,4,448.4
2025-05-12,7933,61,4,168.9
2025-05-26,7935,61,4,198.8
2025-06-16,7938,61,4,93.9
2025-06-30,7940,61,4,447.9
2025-07-07,7941,61,4,261.8
2025-07-21,7943,61,4,59.4
2025-07-28,7944,61,4,244.2
2025-08-04,7945,61,4,247.1
2025-08-25,7948,61,4,379.4
2025-09-22,7952,61,4,355.4
2025-09-29,7953,61,4,516.2
2025-10-06,7954,61,4,230.1
2025-11-03,7958,61,4,133.2
2025-11-10,7959,61,4,466.3
2025-12-08,7963,61,4,243.6
2025-12-15,7964,61,4,218.4
2025-12-22,7965,61,4,221.5
2026-01-19,7969,61,4,422.7
2026-02-09,7972,61,4,312.6
2026-02-23,7974,61,4,469.2
2026-03-02,7975,61,4,176.8
2026-04-06,7980,61,4,229.7
2026-04-13,7981,61,4,425.2
2026-04-20,7982,61,4,297.6
2026-05-04,7984,61,4,315.6
2026-05-18,7986,61,4,509.4
2026-06-01,7988,61,4,203.8
2026-06-08,7989,61,4,371.2
2026-06-15,7990,61,4,182.9
2026-06-22,7991,61,4,99.5
2024-07-22,7996,61,5,193.8
2024-08-12,7999,61,5,277.4
2024-08-19,8000,61,5,485.4
2024-08-26,8001,61,5,335.0
2024-09-02,8002,61,5,173.3
2024-09-09,8003,61,5,452.7
2024-09-16,8004,61,5,502.5
2024-09-23,8005,61,5,412.5
2024-10-14,8008,61,5,314.4
2024-10-21,8009,61,5,520.3
2024-11-04,8011,61,5,283.9
2024-11-11,8012,61,5,539.9
2024-12-23,8018,61,5,316.3
2025-01-13,8021,61,5,287.2
2025-01-27,8023,61,5,272.4
2025-02-03,8024,61,5,221.5
2025-02-24,8027,61,5,124.8
2025-03-10,8029,61,5,563.3
2025-03-17,8030,61,5,599.9
2025-03-31,8032,61,5,86.1
2025-04-14,8034,61,5,248.8
2025-05-05,8037,61,5,233.6
2025-05-26,8040,61,5,129.3
2025-06-09,8042,61,5,366.5
2025-06-16,8043,61,5,419.7
2025-06-23,8044,61,5,86.7
2025-06-30,8045,61,5,182.7
2025-07-07,8046,61,5,267.8
2025-07-14,8047,61,5,287.5
2025-07-21,8048,61,5,416.8
2025-08-18,8052,61,5,111.2
2025-08-25,8053,61,5,221.0
2025-09-01,8054,61,5,185.6
2025-09-15,8056,61,5,80.1
2025-09-22,8057,61,5,411.3
2025-10-13,8060,61,5,167.5
2025-10-20,8061,61,5,491.2
2025-10-27,8062,61,5,332.4
2025-11-03,8063,61,5,234.3
2025-11-17,8065,61,5,289.1
2025-12-01,8067,61,5,214.4
2025-12-08,8068,61,5,63.7
2025-12-15,8069,61,5,37.9
2025-12-22,8070,61,5,628.2
2025-12-29,8071,61,5,171.2
2026-01-05,8072,61,5,257.3
2026-01-12,8073,61,5,185.0
2026-01-19,8074,61,5,110.0
2026-03-02,8080,61,5,616.0
2026-03-09,8081,61,5,465.7
2026-03-23,8083,61,5,223.9
2026-03-30,8084,61,5,503.7
2026-04-06,8085,61,5,328.2
2026-05-04,8089,61,5,221.4
2026-05-11,8090,61,5,376.8
2026-05-18,8091,61,5,546.5
2026-05-25,8092,61,5,274.3
2026-06-22,8096,61,5,459.5
2024-07-08,8098,61,9,296.4
2024-07-22,8100,61,7,197.0
2024-08-12,8103,61,9,552.9
2024-08-19,8104,61,7,247.2
2024-08-26,8105,61,9,219.4
2024-09-02,8106,61,7,139.5
2024-09-23,8109,61,9,290.8
2024-09-30,8110,61,9,452.9
2024-10-07,8111,61,7,245.7
2024-10-21,8113,61,9,426.3
2024-11-04,8115,61,9,372.6
2024-11-11,8116,61,9,345.3
2024-11-18,8117,61,9,35.1
2024-11-25,8118,61,9,195.3
2024-12-09,8120,61,9,53.4
2024-12-16,8121,61,7,75.6
2024-12-23,8122,61,9,94.9
2024-12-30,8123,61,9,29.9
2025-01-06,8124,61,9,261.7
2025-01-20,8126,61,7,244.6
2025-01-27,8127,61,9,502.7
2025-03-03,8132,61,7,393.7
2025-03-10,8133,61,9,400.2
2025-03-17,8134,61,7,277.7
2025-03-31,8136,61,9,547.6
2025-04-07,8137,61,9,136.6
2025-04-14,8138,61,7,249.6
2025-04-28,8140,61,7,175.5
2025-05-05,8141,61,7,390.8
2025-05-12,8142,61,7,235.4
2025-05-19,8143,61,7,173.4
2025-05-26,8144,61,7,279.4
2025-06-02,8145,61,7,181.0
2025-06-09,8146,61,7,372.2
2025-07-28,8153,61,7,247.2
2025-08-04,8154,61,7,469.7
2025-08-11,8155,61,9,64.6
2025-08-25,8157,61,9,318.4
2025-09-01,8158,61,7,431.4
2025-09-08,8159,61,9,177.5
2025-09-22,8161,61,7,163.9
2025-09-29,8162,61,7,468.7
2025-10-13,8164,61,9,477.4
2025-10-20,8165,61,7,100.7
2025-11-03,8167,61,7,105.0
2025-11-17,8169,61,9,120.2
2025-12-08,8172,61,9,110.9
2025-12-15,8173,61,9,391.5
2025-12-22,8174,61,7,373.4
2026-01-05,8176,61,9,409.7
2026-01-12,8177,61,7,420.1
2026-01-19,8178,61,9,65.8
2026-01-26,8179,61,9,611.2
2026-02-02,8180,61,9,250.7
2026-02-09,8181,61,9,178.9
2026-02-16,8182,61,9,379.4
2026-03-16,8186,61,7,203.3
2026-03-23,8187,61,9,251.6
2026-03-30,8188,61,9,86.9
2026-04-06,8189,61,7,148.4
2026-04-13,8190,61,9,351.8
2026-04-27,8192,61,9,536.0
2026-05-04,8193,61,9,47.6
2026-05-18,8195,61,9,277.9
2026-06-08,8198,61,9,168.6
2026-06-29,8201,61,9,403.4
2024-07-22,8204,61,10,341.7
2024-07-29,8205,61,10,61.3
2024-08-05,8206,61,10,238.2
2024-08-12,8207,61,10,177.6
2024-08-19,8208,61,10,290.2
2024-08-26,8209,61,10,330.1
2024-09-02,8210,61,10,329.5
2024-09-09,8211,61,10,255.8
2024-10-14,8216,61,10,226.6
2024-10-28,8218,61,10,231.8
2024-11-11,8220,61,10,188.6
2024-11-18,8221,61,10,254.4
2024-11-25,8222,61,10,282.0
2024-12-02,8223,61,10,542.6
2024-12-09,8224,61,10,341.2
2024-12-23,8226,61,10,330.3
2024-12-30,8227,61,10,116.9
2025-01-06,8228,61,10,368.8
2025-01-27,8231,61,10,507.0
2025-02-10,8233,61,10,38.4
2025-02-24,8235,61,10,158.2
2025-04-14,8242,61,10,367.2
2025-04-21,8243,61,10,39.2
2025-05-19,8247,61,10,251.0
2025-05-26,8248,61,10,218.6
2025-06-16,8251,61,10,404.8
2025-07-07,8254,61,10,347.4
2025-07-21,8256,61,10,310.2
2025-07-28,8257,61,10,279.0
2025-08-04,8258,61,10,38.5
2025-08-18,8260,61,10,262.6
2025-08-25,8261,61,10,120.8
2025-09-08,8263,61,10,508.0
2025-09-15,8264,61,10,257.7
2025-09-22,8265,61,10,265.7
2025-09-29,8266,61,10,452.4
2025-10-06,8267,61,10,170.9
2025-10-13,8268,61,10,124.9
2025-10-27,8270,61,10,401.7
2025-11-10,8272,61,10,204.1
2025-11-17,8273,61,10,446.3
2025-12-15,8277,61,10,173.5
2025-12-22,8278,61,10,279.7
2025-12-29,8279,61,10,390.9
2026-01-05,8280,61,10,314.0
2026-01-12,8281,61,10,174.8
2026-01-26,8283,61,10,255.3
2026-02-23,8287,61,10,256.4
2026-03-02,8288,61,10,338.2
2026-03-16,8290,61,10,239.9
2026-03-23,8291,61,10,175.3
2026-04-13,8294,61,10,168.4
2026-05-04,8297,61,10,194.0
2026-05-11,8298,61,10,75.8
2026-05-25,8300,61,10,150.1
2026-06-01,8301,61,10,125.6
2026-06-15,8303,61,10,42.6
2026-06-22,8304,61,10,183.0
2026-06-29,8305,61,10,377.2
2024-08-19,8306,62,7,498.9
2024-08-26,8306,62,7,439.7
2024-09-02,8306,62,7,380.6
2024-09-09,8306,62,7,321.4
2024-09-16,8306,62,7,262.3
2024-09-23,8306,62,7,203.1
2024-09-30,8306,62,7,144.0
2024-10-07,8306,62,7,84.9
2024-10-14,8306,62,7,25.7
2024-10-21,8306,62,7,0.0
2025-01-27,8307,62,7,499.8
2025-02-03,8307,62,7,414.5
2025-02-10,8307,62,7,329.3
2025-02-17,8307,62,7,244.1
2025-02-24,8307,62,7,158.8
2025-03-03,8307,62,7,73.6
2025-03-10,8307,62,7,0.0
2025-04-14,8308,62,2,110.9
2025-04-21,8308,62,2,81.9
2025-04-28,8308,62,2,52.8
2025-05-05,8308,62,2,23.7
2025-05-12,8308,62,2,0.0
2025-10-13,8309,62,7,462.9
2025-10-20,8309,62,7,386.8
2025-10-27,8309,62,7,310.7
2025-11-03,8309,62,7,234.6
2025-11-10,8309,62,7,158.4
2025-11-17,8309,62,7,82.3
2025-11-24,8309,62,7,6.2
2025-12-01,8309,62,7,0.0
2025-12-15,8310,62,2,290.3
2025-12-22,8310,62,2,219.6
2025-12-29,8310,62,2,148.9
2026-01-05,8310,62,2,78.2
2026-01-12,8310,62,2,7.5
2026-01-19,8310,62,2,0.0
2026-06-15,8311,62,7,1133.1
2026-06-22,8311,62,7,1047.2
2026-06-29,8311,62,7,961.2
2024-09-23,8312,63,8,909.2
2024-09-30,8312,63,8,766.4
2024-10-07,8312,63,8,623.6
2024-10-14,8312,63,8,480.8
2024-10-21,8312,63,8,338.0
2024-10-28,8312,63,8,195.2
2024-11-04,8312,63,8,52.4
2024-11-11,8312,63,8,0.0
2025-01-13,8313,63,7,1196.3
2025-01-20,8313,63,7,1002.5
2025-01-27,8313,63,7,808.8
2025-02-03,8313,63,7,615.1
2025-02-10,8313,63,7,421.4
2025-02-17,8313,63,7,227.6
2025-02-24,8313,63,7,33.9
2025-03-03,8313,63,7,0.0
2025-03-31,8314,63,7,190.7
2025-04-07,8314,63,7,148.3
2025-04-14,8314,63,7,106.0
2025-04-21,8314,63,7,63.7
2025-04-28,8314,63,7,21.3
2025-05-05,8314,63,7,0.0
2025-08-11,8315,63,7,740.8
2025-08-18,8315,63,7,685.6
2025-08-25,8315,63,7,630.5
2025-09-01,8315,63,7,575.3
2025-09-08,8315,63,7,520.1
2025-09-15,8315,63,7,464.9
2025-09-22,8315,63,7,409.7
2025-09-29,8315,63,7,354.6
2025-10-06,8315,63,7,299.4
2025-10-13,8315,63,7,244.2
2025-10-20,8315,63,7,189.0
2025-10-27,8315,63,7,133.8
2025-11-03,8315,63,7,78.7
2025-11-10,8315,63,7,23.5
2025-11-17,8315,63,7,0.0
2026-02-02,8316,63,10,140.8
2026-02-09,8316,63,10,126.6
2026-02-16,8316,63,10,112.4
2026-02-23,8316,63,10,98.1
2026-03-02,8316,63,10,83.9
2026-03-09,8316,63,10,69.7
2026-03-16,8316,63,10,55.5
2026-03-23,8316,63,10,41.3
2026-03-30,8316,63,10,27.1
2026-04-06,8316,63,10,12.9
2026-04-13,8316,63,10,0.0
2026-05-11,8317,63,8,765.3
2026-05-18,8317,63,8,588.6
2026-05-25,8317,63,8,411.8
2026-06-01,8317,63,8,235.1
2026-06-08,8317,63,8,58.4
2026-06-15,8317,63,8,0.0
2024-07-08,8318,64,3,337.6
2024-07-22,8320,64,1,89.3
2024-07-29,8321,64,3,130.7
2024-08-05,8322,64,3,462.8
2024-08-12,8323,64,3,412.9
2024-08-19,8324,64,1,80.7
2024-09-30,8330,64,1,594.4
2024-10-07,8331,64,3,180.8
2024-10-14,8332,64,3,147.4
2024-10-21,8333,64,1,77.0
2024-10-28,8334,64,1,108.6
2024-11-04,8335,64,1,152.3
2024-11-18,8337,64,1,84.5
2024-12-09,8340,64,3,178.3
2024-12-23,8342,64,1,99.8
2025-02-03,8348,64,1,215.1
2025-02-10,8349,64,1,283.1
2025-02-17,8350,64,1,278.7
2025-02-24,8351,64,1,351.4
2025-03-03,8352,64,3,299.6
2025-03-24,8355,64,3,95.8
2025-03-31,8356,64,3,402.8
2025-04-28,8360,64,3,139.4
2025-05-12,8362,64,1,82.4
2025-05-19,8363,64,3,558.7
2025-06-02,8365,64,3,436.8
2025-06-09,8366,64,1,509.5
2025-06-16,8367,64,1,389.8
2025-06-23,8368,64,3,386.2
2025-07-14,8371,64,3,233.6
2025-07-21,8372,64,1,614.8
2025-08-11,8375,64,1,68.1
2025-08-18,8376,64,1,332.0
2025-08-25,8377,64,3,473.9
2025-10-13,8384,64,3,96.4
2025-10-20,8385,64,1,256.2
2025-10-27,8386,64,1,327.9
2025-11-10,8388,64,3,567.4
2025-11-17,8389,64,3,583.8
2025-12-01,8391,64,1,314.3
2025-12-22,8394,64,1,129.7
2026-01-05,8396,64,1,89.7
2026-01-12,8397,64,1,172.7
2026-01-26,8399,64,3,430.5
2026-02-16,8402,64,3,277.3
2026-02-23,8403,64,3,314.0
2026-03-09,8405,64,1,175.5
2026-03-16,8406,64,3,240.6
2026-03-23,8407,64,3,287.6
2026-03-30,8408,64,3,117.8
2026-04-06,8409,64,1,518.8
2026-05-11,8414,64,1,111.4
2026-05-18,8415,64,3,315.9
2026-06-15,8419,64,3,96.6
2026-06-22,8420,64,1,388.1
2026-06-29,8421,64,1,239.2
2024-07-08,8422,64,4,596.3
2024-07-15,8423,64,4,156.0
2024-07-22,8424,64,4,468.5
2024-07-29,8425,64,4,195.8
2024-08-12,8427,64,4,127.7
2024-09-09,8431,64,4,552.1
2024-09-23,8433,64,4,462.8
2024-10-07,8435,64,4,230.4
2024-10-14,8436,64,4,45.3
2024-10-28,8438,64,4,287.7
2024-11-25,8442,64,4,516.1
2024-12-02,8443,64,4,585.7
2024-12-16,8445,64,4,272.4
2024-12-30,8447,64,4,121.0
2025-01-13,8449,64,4,382.3
2025-01-27,8451,64,4,143.4
2025-02-03,8452,64,4,264.9
2025-02-17,8454,64,4,74.9
2025-02-24,8455,64,4,293.2
2025-03-03,8456,64,4,445.7
2025-03-10,8457,64,4,434.1
2025-03-17,8458,64,4,368.1
2025-03-31,8460,64,4,256.1
2025-04-07,8461,64,4,309.0
2025-04-14,8462,64,4,69.4
2025-04-21,8463,64,4,527.4
2025-04-28,8464,64,4,242.5
2025-05-05,8465,64,4,463.5
2025-06-16,8471,64,4,70.0
2025-06-30,8473,64,4,362.9
2025-07-14,8475,64,4,283.2
2025-07-21,8476,64,4,470.2
2025-08-11,8479,64,4,109.3
2025-08-18,8480,64,4,149.5
2025-08-25,8481,64,4,167.8
2025-09-01,8482,64,4,322.4
2025-09-08,8483,64,4,283.0
2025-09-15,8484,64,4,69.2
2025-09-22,8485,64,4,160.9
2025-10-06,8487,64,4,302.1
2025-10-13,8488,64,4,433.4
2025-10-20,8489,64,4,457.0
2025-10-27,8490,64,4,383.7
2025-11-03,8491,64,4,528.9
2025-11-10,8492,64,4,456.5
2025-11-24,8494,64,4,234.1
2025-12-01,8495,64,4,448.3
2025-12-15,8497,64,4,534.9
2025-12-29,8499,64,4,417.0
2026-01-05,8500,64,4,277.5
2026-01-12,8501,64,4,285.1
2026-02-02,8504,64,4,90.3
2026-02-09,8505,64,4,156.5
2026-02-23,8507,64,4,116.2
2026-03-02,8508,64,4,120.5
2026-03-09,8509,64,4,41.6
2026-03-16,8510,64,4,268.1
2026-03-23,8511,64,4,333.9
2026-04-06,8513,64,4,122.6
2026-04-13,8514,64,4,208.7
2026-05-04,8517,64,4,515.4
2026-05-11,8518,64,4,281.4
2026-05-18,8519,64,4,207.2
2026-06-15,8523,64,4,434.5
2026-06-22,8524,64,4,231.5
2026-06-29,8525,64,4,474.8
2024-07-15,8528,64,5,360.4
2024-08-19,8533,64,5,227.8
2024-08-26,8534,64,5,572.5
2024-09-02,8535,64,5,211.0
2024-09-09,8536,64,5,253.7
2024-09-16,8537,64,5,288.8
2024-09-23,8538,64,5,81.8
2024-09-30,8539,64,5,412.6
2024-10-21,8542,64,5,607.2
2024-11-11,8545,64,5,493.1
2024-11-25,8547,64,5,186.7
2024-12-09,8549,64,5,228.9
2025-01-13,8554,64,5,365.9
2025-01-27,8556,64,5,531.5
2025-02-10,8558,64,5,230.0
2025-02-17,8559,64,5,453.2
2025-02-24,8560,64,5,155.7
2025-03-03,8561,64,5,330.6
2025-03-17,8563,64,5,128.0
2025-03-31,8565,64,5,141.8
2025-04-07,8566,64,5,484.2
2025-04-14,8567,64,5,383.9
2025-04-21,8568,64,5,212.4
2025-05-26,8573,64,5,541.5
2025-06-09,8575,64,5,73.5
2025-06-16,8576,64,5,120.7
2025-07-07,8579,64,5,277.9
2025-07-28,8582,64,5,237.7
2025-08-04,8583,64,5,271.6
2025-08-11,8584,64,5,194.2
2025-08-18,8585,64,5,388.5
2025-08-25,8586,64,5,210.5
2025-09-29,8591,64,5,360.6
2025-10-06,8592,64,5,355.8
2025-10-27,8595,64,5,332.1
2025-11-03,8596,64,5,286.2
2025-12-01,8600,64,5,99.6
2025-12-08,8601,64,5,398.1
2025-12-15,8602,64,5,567.9
2025-12-22,8603,64,5,394.9
2026-01-12,8606,64,5,317.9
2026-01-19,8607,64,5,89.9
2026-01-26,8608,64,5,125.0
2026-02-02,8609,64,5,493.2
2026-02-09,8610,64,5,481.1
2026-02-16,8611,64,5,190.5
2026-03-02,8613,64,5,321.7
2026-03-16,8615,64,5,532.6
2026-03-23,8616,64,5,573.7
2026-03-30,8617,64,5,138.8
2026-04-06,8618,64,5,574.7
2026-04-13,8619,64,5,165.9
2026-05-11,8623,64,5,170.3
2026-05-25,8625,64,5,367.1
2026-06-08,8627,64,5,352.8
2026-06-15,8628,64,5,207.9
2026-06-29,8630,64,5,142.5
2024-07-08,8631,64,9,209.9
2024-07-15,8632,64,9,565.9
2024-08-05,8635,64,9,103.4
2024-08-12,8636,64,9,197.4
2024-09-02,8639,64,9,226.0
2024-09-09,8640,64,7,135.8
2024-09-16,8641,64,9,323.8
2024-09-23,8642,64,7,422.4
2024-10-07,8644,64,7,88.1
2024-10-14,8645,64,7,373.5
2024-10-21,8646,64,7,465.8
2024-11-04,8648,64,9,332.1
2024-12-02,8652,64,9,498.3
2024-12-09,8653,64,9,95.4
2024-12-23,8655,64,7,423.1
2025-01-27,8660,64,7,185.9
2025-02-03,8661,64,7,423.4
2025-02-10,8662,64,7,262.1
2025-02-24,8664,64,9,341.0
2025-03-03,8665,64,9,44.4
2025-03-17,8667,64,7,325.0
2025-03-24,8668,64,7,106.6
2025-03-31,8669,64,9,426.4
2025-04-14,8671,64,7,189.3
2025-04-21,8672,64,7,360.2
2025-05-19,8676,64,7,224.4
2025-05-26,8677,64,9,612.7
2025-06-09,8679,64,9,162.7
2025-07-07,8683,64,9,322.3
2025-07-14,8684,64,7,141.4
2025-07-28,8686,64,7,153.7
2025-08-18,8689,64,7,434.1
2025-08-25,8690,64,9,29.6
2025-09-08,8692,64,7,433.2
2025-09-15,8693,64,9,457.9
2025-09-22,8694,64,7,136.5
2025-10-06,8696,64,7,344.4
2025-10-20,8698,64,7,431.5
2025-11-03,8700,64,9,351.1
2025-11-10,8701,64,9,391.3
2025-11-17,8702,64,9,158.8
2025-11-24,8703,64,9,231.8
2025-12-01,8704,64,7,292.2
2025-12-08,8705,64,9,250.0
2025-12-29,8708,64,7,155.5
2026-01-12,8710,64,7,239.4
2026-01-26,8712,64,9,363.8
2026-02-16,8715,64,9,421.4
2026-03-02,8717,64,7,401.2
2026-03-23,8720,64,9,68.4
2026-04-06,8722,64,9,332.5
2026-04-13,8723,64,7,129.4
2026-04-20,8724,64,7,59.9
2026-04-27,8725,64,7,284.9
2026-05-11,8727,64,7,390.0
2026-06-01,8730,64,9,268.9
2026-06-08,8731,64,7,281.2
2026-06-29,8734,64,9,205.1
2024-07-15,8737,64,10,367.2
2024-08-19,8742,64,10,110.2
2024-08-26,8743,64,10,250.1
2024-09-02,8744,64,10,598.1
2024-09-23,8747,64,10,366.6
2024-10-14,8750,64,10,556.3
2024-11-11,8754,64,10,497.0
2024-11-18,8755,64,10,489.1
2024-12-09,8758,64,10,351.4
2024-12-16,8759,64,10,261.6
2025-01-06,8762,64,10,213.1
2025-01-13,8763,64,10,122.4
2025-01-20,8764,64,10,480.4
2025-01-27,8765,64,10,429.4
2025-02-17,8768,64,10,130.5
2025-02-24,8769,64,10,47.1
2025-03-10,8771,64,10,421.4
2025-03-17,8772,64,10,116.9
2025-03-24,8773,64,10,257.3
2025-04-07,8775,64,10,437.3
2025-04-14,8776,64,10,84.8
2025-04-21,8777,64,10,117.1
2025-05-05,8779,64,10,220.0
2025-05-12,8780,64,10,454.4
2025-05-19,8781,64,10,211.9
2025-06-02,8783,64,10,122.3
2025-06-09,8784,64,10,446.4
2025-07-14,8789,64,10,286.9
2025-07-21,8790,64,10,231.6
2025-08-11,8793,64,10,343.3
2025-08-25,8795,64,10,90.5
2025-09-15,8798,64,10,111.7
2025-09-22,8799,64,10,144.2
2025-09-29,8800,64,10,428.4
2025-10-06,8801,64,10,162.0
2025-10-20,8803,64,10,75.1
2025-11-17,8807,64,10,341.2
2025-11-24,8808,64,10,394.8
2025-12-01,8809,64,10,239.6
2025-12-15,8811,64,10,385.1
2025-12-29,8813,64,10,448.4
2026-01-19,8816,64,10,318.1
2026-01-26,8817,64,10,48.4
2026-02-02,8818,64,10,392.4
2026-02-09,8819,64,10,493.6
2026-02-23,8821,64,10,89.7
2026-03-02,8822,64,10,170.3
2026-03-09,8823,64,10,354.4
2026-03-23,8825,64,10,442.9
2026-03-30,8826,64,10,175.7
2026-04-06,8827,64,10,59.2
2026-04-13,8828,64,10,249.7
2026-04-27,8830,64,10,119.4
2026-05-04,8831,64,10,457.4
2026-05-18,8833,64,10,103.2
2026-05-25,8834,64,10,58.7
2026-06-08,8836,64,10,42.1
2026-06-22,8838,64,10,327.9
2026-06-29,8839,64,10,527.0
2024-07-08,8840,65,3,442.7
2024-07-15,8841,65,1,93.3
2024-07-29,8842,65,1,329.0
2024-07-29,8843,65,3,355.0
2024-08-05,8844,65,3,623.4
2024-08-12,8844,65,3,406.7
2024-08-19,8845,65,3,466.0
2024-08-19,8846,65,1,479.0
2024-08-26,8846,65,1,316.1
2024-08-26,8847,65,3,527.3
2024-09-02,8847,65,3,220.6
2024-09-02,8848,65,3,93.0
2024-09-09,8849,65,1,314.1
2024-09-16,8849,65,1,174.2
2024-09-23,8850,65,1,302.4
2024-09-23,8851,65,3,210.9
2024-09-30,8852,65,3,308.5
2024-10-07,8853,65,1,144.2
2024-10-14,8854,65,1,548.2
2024-10-21,8855,65,3,68.8
2024-11-04,8856,65,1,581.3
2024-11-04,8857,65,1,133.1
2024-11-11,8857,65,1,55.3
2024-11-18,8858,65,1,143.4
2024-11-18,8859,65,1,252.8
2024-11-25,8860,65,1,486.3
2024-12-02,8860,65,1,116.6
2024-12-02,8861,65,3,217.1
2024-12-09,8862,65,1,523.5
2024-12-16,8863,65,1,40.5
2024-12-23,8864,65,1,223.3
2024-12-30,8864,65,1,58.7
2024-12-30,8865,65,1,407.7
2025-01-06,8865,65,1,0.0
2025-01-13,8866,65,1,72.5
2025-01-13,8867,65,3,163.2
2025-01-20,8868,65,1,219.3
2025-01-27,8868,65,1,0.0
2025-01-27,8869,65,3,501.6
2025-02-03,8870,65,3,372.3
2025-02-10,8870,65,3,164.6
2025-02-10,8871,65,3,260.9
2025-02-17,8872,65,3,292.5
2025-02-24,8872,65,3,54.9
2025-03-03,8873,65,1,215.8
2025-03-03,8874,65,1,391.0
2025-03-10,8875,65,3,367.0
2025-03-17,8876,65,3,260.2
2025-03-24,8876,65,3,115.3
2025-03-24,8877,65,3,400.8
2025-03-31,8877,65,3,0.0
2025-04-07,8878,65,3,106.9
2025-04-07,8879,65,1,279.5
2025-04-14,8880,65,1,258.3
2025-04-21,8880,65,1,134.6
2025-04-21,8881,65,3,389.2
2025-04-28,8881,65,3,169.4
2025-04-28,8882,65,3,360.8
2025-05-12,8883,65,1,513.9
2025-05-12,8884,65,3,456.1
2025-05-26,8885,65,1,182.3
2025-05-26,8886,65,1,381.2
2025-06-02,8886,65,1,0.0
2025-06-02,8887,65,1,128.2
2025-06-09,8888,65,1,420.4
2025-06-16,8888,65,1,248.8
2025-06-16,8889,65,1,223.3
2025-06-23,8890,65,1,245.0
2025-06-30,8891,65,3,271.4
2025-07-07,8891,65,3,34.9
2025-07-07,8892,65,1,356.4
2025-07-14,8892,65,1,87.8
2025-07-21,8893,65,1,448.1
2025-07-21,8894,65,1,129.7
2025-07-28,8895,65,1,370.4
2025-08-04,8895,65,1,48.9
2025-08-04,8896,65,1,54.6
2025-08-11,8897,65,3,287.6
2025-08-18,8897,65,3,165.2
2025-08-25,8898,65,3,348.6
2025-08-25,8899,65,1,264.0
2025-09-01,8900,65,3,363.0
2025-09-15,8901,65,1,176.6
2025-09-15,8902,65,1,171.9
2025-09-22,8902,65,1,93.7
2025-09-29,8903,65,1,512.4
2025-09-29,8904,65,3,61.9
2025-10-06,8904,65,3,0.0
2025-10-06,8905,65,1,124.0
2025-10-13,8906,65,1,116.8
2025-10-20,8906,65,1,38.5
2025-10-20,8907,65,1,297.5
2025-10-27,8908,65,1,122.6
2025-11-03,8909,65,3,484.4
2025-11-10,8910,65,3,254.0
2025-11-17,8911,65,1,223.8
2025-11-24,8912,65,1,276.0
2025-12-01,8913,65,3,184.8
2025-12-08,8914,65,1,135.1
2025-12-15,8915,65,1,161.7
2025-12-22,8916,65,3,82.8
2025-12-29,8917,65,1,83.3
2026-01-05,8918,65,3,286.7
2026-01-12,8919,65,3,41.1
2026-01-19,8919,65,3,15.2
2026-01-19,8920,65,3,606.5
2026-01-26,8920,65,3,400.1
2026-01-26,8921,65,1,359.8
2026-02-02,8922,65,1,219.7
2026-02-09,8922,65,1,68.5
2026-02-09,8923,65,3,369.4
2026-02-16,8923,65,3,117.9
2026-02-16,8924,65,3,299.6
2026-02-23,8925,65,3,261.1
2026-03-09,8926,65,3,226.6
2026-03-09,8927,65,3,245.9
2026-03-16,8928,65,3,185.1
2026-03-23,8928,65,3,54.3
2026-03-23,8929,65,1,74.8
2026-03-30,8930,65,1,105.9
2026-04-06,8931,65,1,348.3
2026-04-13,8932,65,3,50.4
2026-04-20,8933,65,3,321.3
2026-04-27,8933,65,3,210.7
2026-04-27,8934,65,3,214.0
2026-05-04,8935,65,1,184.5
2026-05-11,8935,65,1,0.0
2026-05-18,8936,65,3,141.9
2026-05-18,8937,65,1,243.7
2026-05-25,8937,65,1,45.4
2026-05-25,8938,65,1,322.9
2026-06-01,8939,65,1,343.4
2026-06-08,8940,65,3,538.8
2026-06-15,8940,65,3,220.7
2026-06-15,8941,65,1,383.8
2026-06-22,8941,65,1,218.6
2026-06-22,8942,65,3,400.9
2026-06-29,8942,65,3,131.9
2026-06-29,8943,65,3,216.3
2024-07-08,8945,65,4,117.1
2024-07-15,8946,65,4,72.9
2024-07-29,8947,65,4,439.3
2024-07-29,8948,65,4,623.5
2024-08-05,8948,65,4,351.1
2024-08-05,8949,65,4,214.6
2024-08-12,8949,65,4,110.1
2024-08-12,8950,65,4,200.3
2024-08-19,8951,65,4,120.5
2024-08-26,8952,65,4,579.0
2024-09-02,8952,65,4,371.0
2024-09-09,8953,65,4,291.6
2024-09-09,8954,65,4,452.9
2024-09-16,8954,65,4,18.7
2024-09-16,8955,65,4,163.5
2024-09-23,8956,65,4,453.0
2024-09-30,8957,65,4,40.9
2024-10-07,8958,65,4,533.8
2024-10-14,8959,65,4,198.5
2024-10-21,8959,65,4,56.0
2024-10-21,8960,65,4,267.1
2024-10-28,8960,65,4,131.3
2024-10-28,8961,65,4,79.2
2024-11-04,8961,65,4,4.4
2024-11-11,8962,65,4,441.4
2024-11-11,8963,65,4,44.7
2024-11-18,8964,65,4,387.7
2024-11-25,8965,65,4,235.1
2024-12-02,8966,65,4,67.2
2024-12-16,8967,65,4,156.6
2024-12-16,8968,65,4,173.4
2024-12-23,8969,65,4,169.1
2024-12-30,8970,65,4,299.8
2025-01-13,8971,65,4,309.4
2025-01-13,8972,65,4,228.6
2025-01-20,8973,65,4,397.7
2025-01-27,8974,65,4,418.1
2025-02-10,8975,65,4,448.3
2025-02-10,8976,65,4,573.8
2025-02-17,8976,65,4,264.6
2025-02-17,8977,65,4,431.6
2025-02-24,8977,65,4,19.3
2025-02-24,8978,65,4,298.3
2025-03-03,8979,65,4,401.4
2025-03-10,8979,65,4,0.0
2025-03-10,8980,65,4,147.7
2025-03-17,8981,65,4,272.0
2025-03-31,8982,65,4,344.0
2025-03-31,8983,65,4,290.5
2025-04-07,8984,65,4,320.8
2025-04-14,8984,65,4,12.5
2025-04-21,8985,65,4,611.1
2025-04-28,8986,65,4,447.4
2025-04-28,8987,65,4,286.9
2025-05-05,8988,65,4,126.5
2025-05-12,8989,65,4,223.0
2025-05-19,8989,65,4,8.1
2025-05-19,8990,65,4,246.3
2025-05-26,8990,65,4,53.6
2025-06-02,8991,65,4,148.9
2025-06-02,8992,65,4,311.8
2025-06-09,8993,65,4,64.8
2025-06-16,8994,65,4,214.9
2025-06-23,8994,65,4,70.9
2025-06-23,8995,65,4,434.9
2025-06-30,8996,65,4,507.8
2025-07-07,8997,65,4,393.3
2025-07-14,8997,65,4,131.7
2025-07-14,8998,65,4,457.0
2025-07-21,8999,65,4,304.7
2025-08-04,9000,65,4,453.9
2025-08-04,9001,65,4,263.6
2025-08-11,9001,65,4,0.0
2025-08-11,9002,65,4,268.5
2025-08-18,9002,65,4,156.0
2025-08-18,9003,65,4,602.4
2025-08-25,9004,65,4,267.0
2025-09-01,9005,65,4,520.4
2025-09-08,9006,65,4,313.1
2025-09-15,9007,65,4,370.6
2025-09-22,9008,65,4,375.0
2025-09-29,9009,65,4,33.0
2025-10-06,9009,65,4,0.0
2025-10-13,9010,65,4,409.3
2025-10-13,9011,65,4,311.9
2025-10-20,9012,65,4,311.4
2025-10-27,9012,65,4,2.7
2025-10-27,9013,65,4,105.9
2025-11-03,9013,65,4,0.0
2025-11-03,9014,65,4,201.9
2025-11-10,9015,65,4,94.0
2025-11-17,9016,65,4,39.9
2025-11-24,9016,65,4,0.0
2025-11-24,9017,65,4,420.8
2025-12-08,9018,65,4,589.3
2025-12-08,9019,65,4,185.9
2025-12-15,9019,65,4,103.7
2025-12-15,9020,65,4,296.7
2025-12-29,9021,65,4,560.8
2025-12-29,9022,65,4,183.3
2026-01-12,9023,65,4,276.2
2026-01-12,9024,65,4,342.2
2026-01-19,9024,65,4,142.3
2026-01-19,9025,65,4,158.5
2026-01-26,9026,65,4,295.7
2026-02-02,9027,65,4,530.5
2026-02-09,9028,65,4,444.8
2026-02-16,9029,65,4,177.5
2026-02-23,9030,65,4,121.2
2026-03-02,9030,65,4,56.4
2026-03-02,9031,65,4,496.4
2026-03-09,9032,65,4,535.6
2026-03-16,9032,65,4,330.3
2026-03-23,9033,65,4,389.5
2026-03-30,9034,65,4,76.7
2026-03-30,9035,65,4,261.7
2026-04-13,9036,65,4,94.1
2026-04-13,9037,65,4,355.1
2026-04-20,9037,65,4,210.2
2026-04-20,9038,65,4,484.7
2026-04-27,9039,65,4,213.6
2026-05-04,9039,65,4,139.2
2026-05-04,9040,65,4,165.1
2026-05-11,9041,65,4,437.0
2026-05-18,9042,65,4,394.7
2026-05-25,9043,65,4,207.5
2026-06-01,9044,65,4,373.5
2026-06-08,9045,65,4,447.5
2026-06-15,9046,65,4,105.6
2026-06-22,9046,65,4,9.3
2026-06-22,9047,65,4,380.6
2026-06-29,9047,65,4,179.3
2026-06-29,9048,65,4,267.9
2024-07-08,9049,65,5,205.6
2024-07-15,9050,65,5,508.2
2024-07-22,9051,65,5,218.1
2024-07-29,9052,65,5,148.0
2024-08-05,9052,65,5,0.0
2024-08-05,9053,65,5,311.6
2024-08-12,9053,65,5,197.2
2024-08-12,9054,65,5,421.2
2024-08-19,9055,65,5,215.2
2024-08-26,9055,65,5,90.5
2024-08-26,9056,65,5,215.8
2024-09-02,9056,65,5,30.5
2024-09-02,9057,65,5,289.2
2024-09-09,9058,65,5,174.8
2024-09-16,9059,65,5,221.3
2024-09-23,9060,65,5,123.0
2024-09-30,9061,65,5,216.9
2024-10-07,9062,65,5,396.7
2024-10-14,9062,65,5,182.5
2024-10-14,9063,65,5,339.3
2024-10-28,9064,65,5,474.6
2024-11-04,9065,65,5,81.0
2024-11-04,9066,65,5,193.6
2024-11-11,9066,65,5,0.0
2024-11-11,9067,65,5,202.7
2024-11-18,9067,65,5,0.0
2024-11-18,9068,65,5,355.8
2024-11-25,9068,65,5,0.0
2024-11-25,9069,65,5,68.6
2024-12-02,9069,65,5,9.2
2024-12-02,9070,65,5,390.3
2024-12-09,9071,65,5,402.4
2024-12-16,9072,65,5,381.4
2024-12-23,9072,65,5,187.7
2024-12-23,9073,65,5,195.2
2024-12-30,9074,65,5,619.8
2025-01-06,9075,65,5,116.2
2025-01-13,9075,65,5,48.3
2025-01-13,9076,65,5,110.6
2025-01-20,9076,65,5,32.2
2025-01-20,9077,65,5,395.7
2025-01-27,9078,65,5,469.0
2025-02-03,9078,65,5,142.9
2025-02-03,9079,65,5,333.3
2025-02-17,9080,65,5,277.8
2025-02-17,9081,65,5,242.8
2025-02-24,9082,65,5,98.3
2025-03-10,9083,65,5,231.1
2025-03-10,9084,65,5,408.1
2025-03-17,9085,65,5,521.1
2025-03-24,9086,65,5,461.9
2025-03-31,9086,65,5,273.7
2025-03-31,9087,65,5,217.4
2025-04-14,9088,65,5,532.9
2025-04-14,9089,65,5,257.7
2025-04-28,9090,65,5,101.6
2025-04-28,9091,65,5,354.1
2025-05-05,9091,65,5,127.3
2025-05-05,9092,65,5,57.5
2025-05-12,9093,65,5,636.8
2025-05-19,9093,65,5,386.6
2025-05-19,9094,65,5,366.3
2025-06-02,9095,65,5,257.7
2025-06-02,9096,65,5,475.7
2025-06-09,9096,65,5,238.4
2025-06-09,9097,65,5,143.1
2025-06-16,9098,65,5,318.5
2025-06-30,9099,65,5,182.9
2025-06-30,9100,65,5,169.4
2025-07-07,9101,65,5,379.5
2025-07-14,9102,65,5,254.9
2025-07-21,9103,65,5,286.1
2025-07-28,9104,65,5,202.6
2025-08-04,9104,65,5,116.2
2025-08-11,9105,65,5,549.8
2025-08-11,9106,65,5,199.1
2025-08-18,9107,65,5,135.5
2025-08-25,9108,65,5,395.5
2025-09-01,9109,65,5,57.6
2025-09-08,9110,65,5,413.6
2025-09-15,9111,65,5,182.8
2025-09-22,9112,65,5,166.8
2025-09-29,9112,65,5,0.0
2025-09-29,9113,65,5,46.5
2025-10-06,9114,65,5,618.2
2025-10-13,9114,65,5,352.4
2025-10-13,9115,65,5,434.4
2025-10-20,9116,65,5,198.3
2025-11-03,9117,65,5,244.7
2025-11-03,9118,65,5,45.9
2025-11-10,9118,65,5,20.8
2025-11-10,9119,65,5,553.5
2025-11-17,9120,65,5,413.5
2025-11-24,9121,65,5,556.1
2025-12-08,9122,65,5,326.9
2025-12-08,9123,65,5,82.4
2025-12-22,9124,65,5,51.5
2025-12-22,9125,65,5,62.9
2025-12-29,9125,65,5,0.0
2025-12-29,9126,65,5,300.8
2026-01-05,9126,65,5,26.5
2026-01-05,9127,65,5,444.0
2026-01-12,9127,65,5,263.0
2026-01-19,9128,65,5,461.0
2026-01-19,9129,65,5,92.1
2026-01-26,9129,65,5,0.0
2026-01-26,9130,65,5,429.5
2026-02-02,9131,65,5,393.3
2026-02-09,9131,65,5,116.5
2026-02-09,9132,65,5,305.9
2026-02-16,9133,65,5,464.5
2026-02-23,9134,65,5,174.6
2026-03-02,9134,65,5,0.0
2026-03-02,9135,65,5,139.5
2026-03-09,9136,65,5,191.2
2026-03-16,9136,65,5,0.0
2026-03-16,9137,65,5,317.4
2026-03-23,9138,65,5,337.6
2026-03-30,9138,65,5,115.2
2026-03-30,9139,65,5,371.9
2026-04-06,9139,65,5,54.8
2026-04-06,9140,65,5,189.4
2026-04-13,9140,65,5,34.9
2026-04-13,9141,65,5,635.9
2026-04-20,9142,65,5,41.5
2026-05-04,9143,65,5,33.8
2026-05-04,9144,65,5,32.2
2026-05-11,9144,65,5,0.0
2026-05-11,9145,65,5,263.9
2026-05-18,9145,65,5,0.0
2026-05-18,9146,65,5,228.1
2026-05-25,9147,65,5,312.1
2026-06-01,9148,65,5,160.7
2026-06-15,9149,65,5,397.2
2026-06-15,9150,65,5,167.9
2026-06-22,9151,65,5,161.9
2026-06-29,9152,65,5,278.7
2024-07-08,9154,65,9,74.0
2024-07-15,9154,65,9,33.9
2024-07-15,9155,65,7,410.7
2024-07-22,9156,65,9,435.1
2024-07-29,9156,65,9,134.1
2024-07-29,9157,65,9,339.1
2024-08-05,9157,65,9,90.2
2024-08-05,9158,65,9,355.5
2024-08-12,9159,65,7,229.5
2024-08-19,9160,65,9,332.6
2024-08-26,9160,65,9,92.3
2024-08-26,9161,65,9,133.5
2024-09-02,9161,65,9,24.0
2024-09-02,9162,65,7,573.0
2024-09-09,9162,65,7,320.1
2024-09-09,9163,65,7,275.9
2024-09-16,9163,65,7,33.8
2024-09-16,9164,65,7,235.6
2024-09-23,9165,65,9,53.1
2024-10-07,9166,65,9,385.7
2024-10-07,9167,65,9,476.0
2024-10-14,9168,65,9,213.5
2024-10-21,9168,65,9,97.9
2024-10-28,9169,65,9,247.6
2024-10-28,9170,65,9,372.3
2024-11-04,9171,65,7,400.4
2024-11-11,9171,65,7,202.8
2024-11-11,9172,65,7,179.1
2024-11-18,9172,65,7,18.1
2024-11-18,9173,65,7,301.1
2024-11-25,9174,65,7,420.3
2024-12-02,9175,65,7,629.0
2024-12-09,9176,65,9,273.1
2024-12-16,9177,65,9,86.1
2024-12-23,9178,65,9,521.2
2024-12-30,9179,65,7,303.1
2025-01-06,9179,65,7,121.2
2025-01-13,9180,65,7,386.7
2025-01-20,9181,65,7,581.0
2025-01-27,9182,65,7,502.2
2025-01-27,9183,65,9,98.4
2025-02-03,9183,65,9,48.8
2025-02-10,9184,65,9,611.7
2025-02-10,9185,65,7,116.0
2025-02-24,9186,65,9,79.9
2025-02-24,9187,65,9,391.0
2025-03-03,9188,65,7,177.0
2025-03-10,9189,65,7,80.4
2025-03-17,9190,65,7,414.4
2025-03-24,9191,65,7,82.2
2025-03-31,9191,65,7,29.3
2025-03-31,9192,65,7,527.2
2025-04-07,9193,65,9,261.3
2025-04-14,9194,65,9,47.3
2025-04-21,9195,65,9,374.9
2025-04-28,9196,65,7,258.1
2025-05-05,9197,65,9,283.7
2025-05-12,9198,65,7,75.4
2025-05-19,9198,65,7,15.9
2025-05-26,9199,65,9,122.0
2025-05-26,9200,65,9,385.4
2025-06-02,9200,65,9,6.9
2025-06-02,9201,65,7,421.6
2025-06-09,9202,65,7,160.3
2025-06-16,9202,65,7,11.6
2025-06-16,9203,65,9,81.7
2025-06-23,9203,65,9,0.0
2025-06-23,9204,65,7,475.6
2025-06-30,9205,65,7,379.0
2025-07-07,9205,65,7,0.0
2025-07-07,9206,65,7,206.4
2025-07-14,9207,65,7,350.8
2025-07-21,9208,65,7,139.8
2025-07-28,9209,65,9,487.3
2025-08-04,9210,65,9,84.1
2025-08-11,9211,65,9,64.4
2025-08-18,9212,65,7,60.0
2025-08-25,9212,65,7,23.9
2025-08-25,9213,65,9,253.0
2025-09-01,9213,65,9,0.0
2025-09-01,9214,65,9,335.7
2025-09-08,9214,65,9,127.4
2025-09-15,9215,65,7,334.9
2025-09-15,9216,65,7,137.7
2025-09-22,9217,65,7,455.1
2025-09-29,9218,65,7,148.9
2025-10-06,9219,65,7,525.5
2025-10-13,9220,65,9,272.5
2025-10-20,9220,65,9,129.0
2025-10-20,9221,65,9,227.8
2025-10-27,9222,65,7,395.8
2025-11-03,9223,65,7,468.3
2025-11-10,9223,65,7,144.6
2025-11-10,9224,65,7,382.8
2025-11-17,9225,65,9,252.7
2025-11-24,9226,65,9,186.8
2025-12-01,9227,65,7,361.1
2025-12-08,9227,65,7,0.0
2025-12-15,9228,65,7,382.2
2025-12-15,9229,65,9,358.7
2025-12-22,9229,65,9,200.4
2025-12-22,9230,65,9,220.0
2025-12-29,9230,65,9,140.9
2025-12-29,9231,65,9,209.5
2026-01-05,9231,65,9,134.9
2026-01-05,9232,65,9,232.6
2026-01-12,9232,65,9,120.2
2026-01-12,9233,65,7,95.5
2026-01-19,9234,65,9,128.1
2026-01-26,9234,65,9,0.0
2026-01-26,9235,65,7,242.2
2026-02-02,9236,65,9,329.8
2026-02-09,9236,65,9,192.6
2026-02-09,9237,65,9,449.0
2026-02-16,9238,65,9,230.3
2026-02-23,9238,65,9,58.6
2026-02-23,9239,65,9,384.6
2026-03-02,9240,65,7,313.7
2026-03-09,9241,65,7,129.0
2026-03-16,9241,65,7,0.0
2026-03-16,9242,65,9,135.8
2026-03-23,9242,65,9,0.0
2026-03-23,9243,65,9,324.4
2026-03-30,9243,65,9,0.0
2026-03-30,9244,65,7,470.0
2026-04-06,9245,65,7,121.4
2026-04-13,9246,65,9,258.8
2026-04-20,9247,65,7,381.0
2026-04-27,9248,65,9,532.9
2026-05-04,9248,65,9,183.8
2026-05-04,9249,65,9,264.4
2026-05-11,9250,65,7,225.1
2026-05-18,9250,65,7,77.1
2026-05-18,9251,65,9,341.9
2026-05-25,9252,65,7,52.4
2026-06-01,9253,65,9,219.8
2026-06-08,9254,65,9,249.6
2026-06-15,9254,65,9,17.3
2026-06-15,9255,65,9,44.0
2026-06-22,9256,65,9,283.2
2026-06-29,9257,65,9,101.8
2024-07-08,9258,65,10,361.8
2024-07-22,9259,65,10,142.4
2024-07-22,9260,65,10,587.7
2024-07-29,9261,65,10,463.5
2024-08-05,9262,65,10,76.3
2024-08-12,9263,65,10,249.1
2024-08-19,9263,65,10,150.1
2024-08-19,9264,65,10,390.7
2024-08-26,9264,65,10,70.5
2024-08-26,9265,65,10,375.4
2024-09-02,9265,65,10,28.7
2024-09-02,9266,65,10,377.7
2024-09-09,9267,65,10,321.5
2024-09-16,9267,65,10,39.9
2024-09-16,9268,65,10,267.1
2024-09-23,9269,65,10,166.4
2024-09-30,9269,65,10,0.0
2024-09-30,9270,65,10,440.6
2024-10-07,9270,65,10,142.1
2024-10-07,9271,65,10,296.3
2024-10-14,9272,65,10,132.0
2024-10-21,9272,65,10,4.9
2024-10-21,9273,65,10,225.7
2024-10-28,9274,65,10,520.0
2024-11-04,9274,65,10,209.0
2024-11-11,9275,65,10,312.2
2024-11-11,9276,65,10,281.6
2024-11-18,9277,65,10,139.9
2024-11-25,9278,65,10,388.6
2024-12-02,9279,65,10,297.5
2024-12-09,9279,65,10,167.0
2024-12-09,9280,65,10,369.6
2024-12-16,9281,65,10,183.1
2024-12-23,9281,65,10,58.1
2024-12-23,9282,65,10,204.1
2024-12-30,9283,65,10,328.6
2025-01-06,9283,65,10,69.1
2025-01-06,9284,65,10,103.2
2025-01-13,9285,65,10,395.8
2025-01-20,9285,65,10,227.6
2025-01-20,9286,65,10,573.2
2025-01-27,9287,65,10,364.6
2025-02-03,9288,65,10,427.8
2025-02-10,9288,65,10,0.0
2025-02-10,9289,65,10,246.7
2025-02-17,9289,65,10,1.5
2025-02-17,9290,65,10,81.4
2025-02-24,9290,65,10,0.0
2025-02-24,9291,65,10,294.0
2025-03-03,9292,65,10,127.9
2025-03-10,9293,65,10,203.9
2025-03-17,9293,65,10,78.9
2025-03-24,9294,65,10,305.2
2025-03-24,9295,65,10,281.9
2025-03-31,9296,65,10,164.5
2025-04-07,9297,65,10,294.4
2025-04-14,9298,65,10,261.4
2025-04-28,9299,65,10,548.1
2025-04-28,9300,65,10,83.1
2025-05-05,9301,65,10,445.0
2025-05-12,9302,65,10,289.5
2025-05-19,9303,65,10,624.2
2025-05-26,9304,65,10,92.7
2025-06-02,9305,65,10,119.2
2025-06-09,9306,65,10,63.4
2025-06-16,9307,65,10,357.1
2025-06-30,9308,65,10,188.7
2025-06-30,9309,65,10,198.5
2025-07-07,9310,65,10,367.2
2025-07-14,9311,65,10,267.0
2025-07-21,9311,65,10,82.0
2025-07-21,9312,65,10,364.1
2025-07-28,9313,65,10,464.5
2025-08-04,9314,65,10,121.1
2025-08-11,9314,65,10,48.2
2025-08-11,9315,65,10,525.7
2025-08-18,9315,65,10,297.5
2025-08-18,9316,65,10,50.3
2025-08-25,9317,65,10,310.4
2025-09-01,9318,65,10,360.1
2025-09-08,9319,65,10,250.6
2025-09-15,9320,65,10,209.4
2025-09-22,9320,65,10,113.8
2025-09-22,9321,65,10,47.6
2025-09-29,9322,65,10,456.4
2025-10-06,9323,65,10,325.5
2025-10-13,9324,65,10,156.4
2025-10-20,9325,65,10,285.4
2025-11-03,9326,65,10,314.9
2025-11-03,9327,65,10,190.6
2025-11-10,9327,65,10,119.1
2025-11-10,9328,65,10,424.7
2025-11-24,9329,65,10,431.4
2025-11-24,9330,65,10,127.9
2025-12-01,9330,65,10,41.8
2025-12-08,9331,65,10,187.9
2025-12-08,9332,65,10,435.6
2025-12-15,9332,65,10,199.1
2025-12-15,9333,65,10,303.3
2025-12-22,9333,65,10,18.7
2025-12-22,9334,65,10,334.3
2025-12-29,9335,65,10,371.2
2026-01-05,9336,65,10,80.8
2026-01-12,9337,65,10,306.7
2026-01-19,9337,65,10,154.3
2026-01-19,9338,65,10,312.6
2026-01-26,9338,65,10,63.3
2026-01-26,9339,65,10,343.2
2026-02-02,9340,65,10,475.3
2026-02-16,9341,65,10,75.9
2026-02-16,9342,65,10,505.3
2026-02-23,9342,65,10,327.6
2026-02-23,9343,65,10,422.6
2026-03-02,9344,65,10,389.8
2026-03-09,9345,65,10,432.1
2026-03-16,9345,65,10,252.2
2026-03-16,9346,65,10,195.2
2026-03-23,9347,65,10,558.5
2026-03-30,9348,65,10,325.7
2026-04-06,9349,65,10,388.4
2026-04-13,9349,65,10,170.8
2026-04-13,9350,65,10,455.9
2026-04-27,9351,65,10,514.8
2026-05-04,9352,65,10,137.8
2026-05-04,9353,65,10,274.2
2026-05-11,9353,65,10,0.0
2026-05-11,9354,65,10,254.7
2026-05-25,9355,65,10,144.9
2026-05-25,9356,65,10,30.9
2026-06-01,9357,65,10,318.1
2026-06-08,9358,65,10,207.0
2026-06-15,9359,65,10,58.4
2026-06-22,9360,65,10,190.7
2024-10-07,9363,66,6,423.3
2024-10-14,9363,66,6,306.7
2024-10-21,9363,66,6,190.0
2024-10-28,9363,66,6,73.4
2024-11-04,9363,66,6,0.0
2025-01-06,9364,66,6,370.7
2025-01-13,9364,66,6,329.4
2025-01-20,9364,66,6,288.2
2025-01-27,9364,66,6,246.9
2025-02-03,9364,66,6,205.6
2025-02-10,9364,66,6,164.3
2025-02-17,9364,66,6,123.1
2025-02-24,9364,66,6,81.8
2025-03-03,9364,66,6,40.5
2025-03-10,9364,66,6,0.0
2025-05-05,9365,66,6,255.9
2025-05-12,9365,66,6,227.9
2025-05-19,9365,66,6,199.8
2025-05-26,9365,66,6,171.8
2025-06-02,9365,66,6,143.7
2025-06-09,9365,66,6,115.7
2025-06-16,9365,66,6,87.6
2025-06-23,9365,66,6,59.5
2025-06-30,9365,66,6,31.5
2025-07-07,9365,66,6,3.4
2025-07-14,9365,66,6,0.0
2025-10-20,9366,66,10,301.1
2025-10-27,9366,66,10,230.2
2025-11-03,9366,66,10,159.3
2025-11-10,9366,66,10,88.4
2025-11-17,9366,66,10,17.5
2025-11-24,9366,66,10,0.0
2026-02-16,9367,66,10,1112.6
2026-02-23,9367,66,10,929.2
2026-03-02,9367,66,10,745.8
2026-03-09,9367,66,10,562.5
2026-03-16,9367,66,10,379.1
2026-03-23,9367,66,10,195.7
2026-03-30,9367,66,10,12.3
2026-04-06,9367,66,10,0.0
2026-03-02,9368,66,4,1099.9
2026-03-09,9368,66,4,963.8
2026-03-16,9368,66,4,827.7
2026-03-23,9368,66,4,691.6
2026-03-30,9368,66,4,555.4
2026-04-06,9368,66,4,419.3
2026-04-13,9368,66,4,283.2
2026-04-20,9368,66,4,147.1
2026-04-27,9368,66,4,11.0
2026-05-04,9368,66,4,0.0
2024-08-26,9369,67,4,918.3
2024-09-02,9369,67,4,678.5
2024-09-09,9369,67,4,438.8
2024-09-16,9369,67,4,199.1
2024-09-23,9369,67,4,0.0
2025-01-20,9370,67,7,101.0
2025-01-27,9370,67,7,88.9
2025-02-03,9370,67,7,76.9
2025-02-10,9370,67,7,64.8
2025-02-17,9370,67,7,52.8
2025-02-24,9370,67,7,40.7
2025-03-03,9370,67,7,28.7
2025-03-10,9370,67,7,16.6
2025-03-17,9370,67,7,4.6
2025-03-24,9370,67,7,0.0
2025-05-05,9371,67,4,461.9
2025-05-12,9371,67,4,392.7
2025-05-19,9371,67,4,323.6
2025-05-26,9371,67,4,254.4
2025-06-02,9371,67,4,185.3
2025-06-09,9371,67,4,116.1
2025-06-16,9371,67,4,47.0
2025-06-23,9371,67,4,0.0
2025-06-30,9372,67,8,1204.3
2025-07-07,9372,67,8,1080.6
2025-07-14,9372,67,8,956.9
2025-07-21,9372,67,8,833.2
2025-07-28,9372,67,8,709.4
2025-08-04,9372,67,8,585.7
2025-08-11,9372,67,8,462.0
2025-08-18,9372,67,8,338.3
2025-08-25,9372,67,8,214.6
2025-09-01,9372,67,8,90.9
2025-09-08,9372,67,8,0.0
2025-12-08,9373,67,8,1051.0
2025-12-15,9373,67,8,805.0
2025-12-22,9373,67,8,558.9
2025-12-29,9373,67,8,312.9
2026-01-05,9373,67,8,66.9
2026-01-12,9373,67,8,0.0
2026-03-09,9374,67,7,129.0
2026-03-16,9374,67,7,96.9
2026-03-23,9374,67,7,64.9
2026-03-30,9374,67,7,32.9
2026-04-06,9374,67,7,0.9
2026-04-13,9374,67,7,0.0
2024-07-22,9375,68,5,278.0
2024-07-29,9375,68,5,239.0
2024-08-05,9375,68,5,200.1
2024-08-12,9375,68,5,161.1
2024-08-19,9375,68,5,122.1
2024-08-26,9375,68,5,83.1
2024-09-02,9375,68,5,44.1
2024-09-09,9375,68,5,5.2
2024-09-16,9375,68,5,0.0
2024-12-02,9376,68,5,480.3
2024-12-09,9376,68,5,368.7
2024-12-16,9376,68,5,257.0
2024-12-23,9376,68,5,145.3
2024-12-30,9376,68,5,33.7
2025-01-06,9376,68,5,0.0
2025-02-24,9377,68,8,308.2
2025-03-03,9377,68,8,254.4
2025-03-10,9377,68,8,200.6
2025-03-17,9377,68,8,146.8
2025-03-24,9377,68,8,93.0
2025-03-31,9377,68,8,39.2
2025-04-07,9377,68,8,0.0
2025-04-14,9378,68,8,347.0
2025-04-21,9378,68,8,292.0
2025-04-28,9378,68,8,237.0
2025-05-05,9378,68,8,182.0
2025-05-12,9378,68,8,127.0
2025-05-19,9378,68,8,72.1
2025-05-26,9378,68,8,17.1
2025-06-02,9378,68,8,0.0
2025-06-02,9379,68,8,630.9
2025-06-09,9379,68,8,546.8
2025-06-16,9379,68,8,462.7
2025-06-23,9379,68,8,378.5
2025-06-30,9379,68,8,294.4
2025-07-07,9379,68,8,210.3
2025-07-14,9379,68,8,126.2
2025-07-21,9379,68,8,42.1
2025-07-28,9379,68,8,0.0
2025-08-18,9380,68,8,507.3
2025-08-25,9380,68,8,430.5
2025-09-01,9380,68,8,353.8
2025-09-08,9380,68,8,277.1
2025-09-15,9380,68,8,200.4
2025-09-22,9380,68,8,123.6
2025-09-29,9380,68,8,46.9
2025-10-06,9380,68,8,0.0
2026-01-12,9381,68,1,226.7
2026-01-19,9381,68,1,205.4
2026-01-26,9381,68,1,184.2
2026-02-02,9381,68,1,162.9
2026-02-09,9381,68,1,141.6
2026-02-16,9381,68,1,120.3
2026-02-23,9381,68,1,99.0
2026-03-02,9381,68,1,77.8
2026-03-09,9381,68,1,56.5
2026-03-16,9381,68,1,35.2
2026-03-23,9381,68,1,13.9
2026-03-30,9381,68,1,0.0
2026-02-09,9382,68,1,709.7
2026-02-16,9382,68,1,614.5
2026-02-23,9382,68,1,519.2
2026-03-02,9382,68,1,423.9
2026-03-09,9382,68,1,328.7
2026-03-16,9382,68,1,233.4
2026-03-23,9382,68,1,138.2
2026-03-30,9382,68,1,42.9
2026-04-06,9382,68,1,0.0
2026-06-08,9383,68,5,746.5
2026-06-15,9383,68,5,615.0
2026-06-22,9383,68,5,483.5
2026-06-29,9383,68,5,352.0
2024-10-21,9384,69,1,525.6
2024-10-28,9384,69,1,435.2
2024-11-04,9384,69,1,344.9
2024-11-11,9384,69,1,254.5
2024-11-18,9384,69,1,164.1
2024-11-25,9384,69,1,73.7
2024-12-02,9384,69,1,0.0
2024-12-30,9385,69,2,285.9
2025-01-06,9385,69,2,234.7
2025-01-13,9385,69,2,183.6
2025-01-20,9385,69,2,132.4
2025-01-27,9385,69,2,81.3
2025-02-03,9385,69,2,30.2
2025-02-10,9385,69,2,0.0
2025-03-24,9386,69,4,712.6
2025-03-31,9386,69,4,661.2
2025-04-07,9386,69,4,609.9
2025-04-14,9386,69,4,558.5
2025-04-21,9386,69,4,507.1
2025-04-28,9386,69,4,455.7
2025-05-05,9386,69,4,404.3
2025-05-12,9386,69,4,353.0
2025-05-19,9386,69,4,301.6
2025-05-26,9386,69,4,250.2
2025-06-02,9386,69,4,198.8
2025-06-09,9386,69,4,147.4
2025-06-16,9386,69,4,96.1
2025-06-23,9386,69,4,44.7
2025-06-30,9386,69,4,0.0
2025-10-27,9387,69,4,637.7
2025-11-03,9387,69,4,507.3
2025-11-10,9387,69,4,377.0
2025-11-17,9387,69,4,246.7
2025-11-24,9387,69,4,116.3
2025-12-01,9387,69,4,0.0
2026-02-02,9388,69,2,724.3
2026-02-09,9388,69,2,572.6
2026-02-16,9388,69,2,420.9
2026-02-23,9388,69,2,269.2
2026-03-02,9388,69,2,117.6
2026-03-09,9388,69,2,0.0
2026-03-02,9389,69,4,467.1
2026-03-09,9389,69,4,381.2
2026-03-16,9389,69,4,295.4
2026-03-23,9389,69,4,209.5
2026-03-30,9389,69,4,123.6
2026-04-06,9389,69,4,37.7
2026-04-13,9389,69,4,0.0
2024-07-22,9390,70,3,260.4
2024-07-29,9390,70,3,236.7
2024-08-05,9390,70,3,213.1
2024-08-12,9390,70,3,189.4
2024-08-19,9390,70,3,165.8
2024-08-26,9390,70,3,142.2
2024-09-02,9390,70,3,118.5
2024-09-09,9390,70,3,94.9
2024-09-16,9390,70,3,71.2
2024-09-23,9390,70,3,47.6
2024-09-30,9390,70,3,24.0
2024-10-07,9390,70,3,0.3
2024-10-14,9390,70,3,0.0
2024-10-21,9391,70,3,612.6
2024-10-28,9391,70,3,573.3
2024-11-04,9391,70,3,533.9
2024-11-11,9391,70,3,494.6
2024-11-18,9391,70,3,455.2
2024-11-25,9391,70,3,415.8
2024-12-02,9391,70,3,376.5
2024-12-09,9391,70,3,337.1
2024-12-16,9391,70,3,297.8
2024-12-23,9391,70,3,258.4
2024-12-30,9391,70,3,219.0
2025-01-06,9391,70,3,179.7
2025-01-13,9391,70,3,140.3
2025-01-20,9391,70,3,101.0
2025-01-27,9391,70,3,61.6
2025-02-03,9391,70,3,22.3
2025-02-10,9391,70,3,0.0
2024-12-30,9392,70,3,75.5
2025-01-06,9392,70,3,69.0
2025-01-13,9392,70,3,62.4
2025-01-20,9392,70,3,55.9
2025-01-27,9392,70,3,49.4
2025-02-03,9392,70,3,42.9
2025-02-10,9392,70,3,36.4
2025-02-17,9392,70,3,29.9
2025-02-24,9392,70,3,23.3
2025-03-03,9392,70,3,16.8
2025-03-10,9392,70,3,10.3
2025-03-17,9392,70,3,3.8
2025-03-24,9392,70,3,0.0
2025-02-10,9393,70,3,334.4
2025-02-17,9393,70,3,277.9
2025-02-24,9393,70,3,221.3
2025-03-03,9393,70,3,164.8
2025-03-10,9393,70,3,108.2
2025-03-17,9393,70,3,51.7
2025-03-24,9393,70,3,0.0
2025-03-31,9394,70,1,337.4
2025-04-07,9394,70,1,258.9
2025-04-14,9394,70,1,180.3
2025-04-21,9394,70,1,101.8
2025-04-28,9394,70,1,23.2
2025-05-05,9394,70,1,0.0
2025-05-19,9395,70,1,700.4
2025-05-26,9395,70,1,558.7
2025-06-02,9395,70,1,417.1
2025-06-09,9395,70,1,275.4
2025-06-16,9395,70,1,133.8
2025-06-23,9395,70,1,0.0
2025-07-28,9396,70,3,312.5
2025-08-04,9396,70,3,277.0
2025-08-11,9396,70,3,241.5
2025-08-18,9396,70,3,206.1
2025-08-25,9396,70,3,170.6
2025-09-01,9396,70,3,135.1
2025-09-08,9396,70,3,99.6
2025-09-15,9396,70,3,64.1
2025-09-22,9396,70,3,28.6
2025-09-29,9396,70,3,0.0
2025-09-08,9397,70,3,426.9
2025-09-15,9397,70,3,327.8
2025-09-22,9397,70,3,228.8
2025-09-29,9397,70,3,129.7
2025-10-06,9397,70,3,30.6
2025-10-13,9397,70,3,0.0
2025-11-24,9398,70,1,482.9
2025-12-01,9398,70,1,372.8
2025-12-08,9398,70,1,262.7
2025-12-15,9398,70,1,152.5
2025-12-22,9398,70,1,42.4
2025-12-29,9398,70,1,0.0
2026-01-19,9399,70,3,250.4
2026-01-26,9399,70,3,193.8
2026-02-02,9399,70,3,137.3
2026-02-09,9399,70,3,80.7
2026-02-16,9399,70,3,24.1
2026-02-23,9399,70,3,0.0
2026-04-20,9400,70,1,637.3
2026-04-27,9400,70,1,522.6
2026-05-04,9400,70,1,407.9
2026-05-11,9400,70,1,293.2
2026-05-18,9400,70,1,178.4
2026-05-25,9400,70,1,63.7
2026-06-01,9400,70,1,0.0
2026-05-04,9401,70,1,724.2
2026-05-11,9401,70,1,580.4
2026-05-18,9401,70,1,436.7
2026-05-25,9401,70,1,292.9
2026-06-01,9401,70,1,149.1
2026-06-08,9401,70,1,5.3
2026-06-15,9401,70,1,0.0
2024-08-19,9402,70,4,62.3
2024-08-26,9402,70,4,52.7
2024-09-02,9402,70,4,43.0
2024-09-09,9402,70,4,33.3
2024-09-16,9402,70,4,23.6
2024-09-23,9402,70,4,14.0
2024-09-30,9402,70,4,4.3
2024-10-07,9402,70,4,0.0
2024-10-07,9403,70,4,237.2
2024-10-14,9403,70,4,220.3
2024-10-21,9403,70,4,203.5
2024-10-28,9403,70,4,186.6
2024-11-04,9403,70,4,169.8
2024-11-11,9403,70,4,152.9
2024-11-18,9403,70,4,136.1
2024-11-25,9403,70,4,119.2
2024-12-02,9403,70,4,102.4
2024-12-09,9403,70,4,85.5
2024-12-16,9403,70,4,68.7
2024-12-23,9403,70,4,51.8
2024-12-30,9403,70,4,35.0
2025-01-06,9403,70,4,18.1
2025-01-13,9403,70,4,1.3
2025-01-20,9403,70,4,0.0
2024-12-09,9404,70,4,456.6
2024-12-16,9404,70,4,354.2
2024-12-23,9404,70,4,251.8
2024-12-30,9404,70,4,149.4
2025-01-06,9404,70,4,47.1
2025-01-13,9404,70,4,0.0
2025-01-20,9405,70,4,331.4
2025-01-27,9405,70,4,286.9
2025-02-03,9405,70,4,242.3
2025-02-10,9405,70,4,197.7
2025-02-17,9405,70,4,153.1
2025-02-24,9405,70,4,108.6
2025-03-03,9405,70,4,64.0
2025-03-10,9405,70,4,19.4
2025-03-17,9405,70,4,0.0
2025-04-28,9406,70,4,265.5
2025-05-05,9406,70,4,190.9
2025-05-12,9406,70,4,116.4
2025-05-19,9406,70,4,41.9
2025-05-26,9406,70,4,0.0
2025-06-23,9407,70,4,183.2
2025-06-30,9407,70,4,149.4
2025-07-07,9407,70,4,115.6
2025-07-14,9407,70,4,81.8
2025-07-21,9407,70,4,48.0
2025-07-28,9407,70,4,14.2
2025-08-04,9407,70,4,0.0
2025-08-11,9408,70,4,213.9
2025-08-18,9408,70,4,179.8
2025-08-25,9408,70,4,145.6
2025-09-01,9408,70,4,111.5
2025-09-08,9408,70,4,77.4
2025-09-15,9408,70,4,43.3
2025-09-22,9408,70,4,9.2
2025-09-29,9408,70,4,0.0
2025-10-06,9409,70,4,528.2
2025-10-13,9409,70,4,463.4
2025-10-20,9409,70,4,398.7
2025-10-27,9409,70,4,333.9
2025-11-03,9409,70,4,269.1
2025-11-10,9409,70,4,204.3
2025-11-17,9409,70,4,139.5
2025-11-24,9409,70,4,74.7
2025-12-01,9409,70,4,10.0
2025-12-08,9409,70,4,0.0
2025-11-03,9410,70,4,271.5
2025-11-10,9410,70,4,254.0
2025-11-17,9410,70,4,236.6
2025-11-24,9410,70,4,219.1
2025-12-01,9410,70,4,201.6
2025-12-08,9410,70,4,184.1
2025-12-15,9410,70,4,166.7
2025-12-22,9410,70,4,149.2
2025-12-29,9410,70,4,131.7
2026-01-05,9410,70,4,114.2
2026-01-12,9410,70,4,96.8
2026-01-19,9410,70,4,79.3
2026-01-26,9410,70,4,61.8
2026-02-02,9410,70,4,44.3
2026-02-09,9410,70,4,26.9
2026-02-16,9410,70,4,9.4
2026-02-23,9410,70,4,0.0
2026-02-23,9411,70,4,454.5
2026-03-02,9411,70,4,356.9
2026-03-09,9411,70,4,259.4
2026-03-16,9411,70,4,161.8
2026-03-23,9411,70,4,64.3
2026-03-30,9411,70,4,0.0
2026-03-23,9412,70,4,480.8
2026-03-30,9412,70,4,433.6
2026-04-06,9412,70,4,386.3
2026-04-13,9412,70,4,339.1
2026-04-20,9412,70,4,291.9
2026-04-27,9412,70,4,244.7
2026-05-04,9412,70,4,197.5
2026-05-11,9412,70,4,150.3
2026-05-18,9412,70,4,103.0
2026-05-25,9412,70,4,55.8
2026-06-01,9412,70,4,8.6
2026-06-08,9412,70,4,0.0
2026-05-11,9413,70,4,210.8
2026-05-18,9413,70,4,155.6
2026-05-25,9413,70,4,100.4
2026-06-01,9413,70,4,45.2
2026-06-08,9413,70,4,0.0
2024-08-19,9414,70,5,624.8
2024-08-26,9414,70,5,583.6
2024-09-02,9414,70,5,542.4
2024-09-09,9414,70,5,501.2
2024-09-16,9414,70,5,460.0
2024-09-23,9414,70,5,418.9
2024-09-30,9414,70,5,377.7
2024-10-07,9414,70,5,336.5
2024-10-14,9414,70,5,295.3
2024-10-21,9414,70,5,254.1
2024-10-28,9414,70,5,212.9
2024-11-04,9414,70,5,171.7
2024-11-11,9414,70,5,130.5
2024-11-18,9414,70,5,89.3
2024-11-25,9414,70,5,48.1
2024-12-02,9414,70,5,7.0
2024-12-09,9414,70,5,0.0
2024-10-07,9415,70,5,643.4
2024-10-14,9415,70,5,570.7
2024-10-21,9415,70,5,498.1
2024-10-28,9415,70,5,425.4
2024-11-04,9415,70,5,352.8
2024-11-11,9415,70,5,280.1
2024-11-18,9415,70,5,207.5
2024-11-25,9415,70,5,134.8
2024-12-02,9415,70,5,62.2
2024-12-09,9415,70,5,0.0
2024-12-09,9416,70,5,787.9
2024-12-16,9416,70,5,685.9
2024-12-23,9416,70,5,583.8
2024-12-30,9416,70,5,481.8
2025-01-06,9416,70,5,379.7
2025-01-13,9416,70,5,277.7
2025-01-20,9416,70,5,175.6
2025-01-27,9416,70,5,73.6
2025-02-03,9416,70,5,0.0
2025-01-27,9417,70,5,582.5
2025-02-03,9417,70,5,506.0
2025-02-10,9417,70,5,429.5
2025-02-17,9417,70,5,353.0
2025-02-24,9417,70,5,276.5
2025-03-03,9417,70,5,200.0
2025-03-10,9417,70,5,123.5
2025-03-17,9417,70,5,47.1
2025-03-24,9417,70,5,0.0
2025-04-14,9418,70,5,106.7
2025-04-21,9418,70,5,95.4
2025-04-28,9418,70,5,84.1
2025-05-05,9418,70,5,72.8
2025-05-12,9418,70,5,61.5
2025-05-19,9418,70,5,50.2
2025-05-26,9418,70,5,38.9
2025-06-02,9418,70,5,27.7
2025-06-09,9418,70,5,16.4
2025-06-16,9418,70,5,5.1
2025-06-23,9418,70,5,0.0
2025-06-23,9419,70,5,288.6
2025-06-30,9419,70,5,226.2
2025-07-07,9419,70,5,163.8
2025-07-14,9419,70,5,101.4
2025-07-21,9419,70,5,39.0
2025-07-28,9419,70,5,0.0
2025-07-14,9420,70,5,132.3
2025-07-21,9420,70,5,95.6
2025-07-28,9420,70,5,58.9
2025-08-04,9420,70,5,22.2
2025-08-11,9420,70,5,0.0
2025-10-20,9421,70,5,675.9
2025-10-27,9421,70,5,525.8
2025-11-03,9421,70,5,375.7
2025-11-10,9421,70,5,225.6
2025-11-17,9421,70,5,75.4
2025-11-24,9421,70,5,0.0
2025-11-03,9422,70,5,187.3
2025-11-10,9422,70,5,171.5
2025-11-17,9422,70,5,155.8
2025-11-24,9422,70,5,140.0
2025-12-01,9422,70,5,124.3
2025-12-08,9422,70,5,108.6
2025-12-15,9422,70,5,92.8
2025-12-22,9422,70,5,77.1
2025-12-29,9422,70,5,61.4
2026-01-05,9422,70,5,45.6
2026-01-12,9422,70,5,29.9
2026-01-19,9422,70,5,14.1
2026-01-26,9422,70,5,0.0
2026-01-05,9423,70,5,485.6
2026-01-12,9423,70,5,454.2
2026-01-19,9423,70,5,422.9
2026-01-26,9423,70,5,391.5
2026-02-02,9423,70,5,360.1
2026-02-09,9423,70,5,328.7
2026-02-16,9423,70,5,297.4
2026-02-23,9423,70,5,266.0
2026-03-02,9423,70,5,234.6
2026-03-09,9423,70,5,203.2
2026-03-16,9423,70,5,171.9
2026-03-23,9423,70,5,140.5
2026-03-30,9423,70,5,109.1
2026-04-06,9423,70,5,77.7
2026-04-13,9423,70,5,46.4
2026-04-20,9423,70,5,15.0
2026-04-27,9423,70,5,0.0
2026-04-27,9424,70,5,514.2
2026-05-04,9424,70,5,386.4
2026-05-11,9424,70,5,258.6
2026-05-18,9424,70,5,130.8
2026-05-25,9424,70,5,3.0
2026-06-01,9424,70,5,0.0
2026-06-22,9425,70,5,158.4
2026-06-29,9425,70,5,141.8
2024-08-12,9426,70,7,234.8
2024-08-19,9426,70,7,191.5
2024-08-26,9426,70,7,148.3
2024-09-02,9426,70,7,105.0
2024-09-09,9426,70,7,61.8
2024-09-16,9426,70,7,18.5
2024-09-23,9426,70,7,0.0
2024-09-30,9427,70,9,189.6
2024-10-07,9427,70,9,158.2
2024-10-14,9427,70,9,126.8
2024-10-21,9427,70,9,95.5
2024-10-28,9427,70,9,64.1
2024-11-04,9427,70,9,32.7
2024-11-11,9427,70,9,1.3
2024-11-18,9427,70,9,0.0
2024-12-23,9428,70,7,534.8
2024-12-30,9428,70,7,432.7
2025-01-06,9428,70,7,330.5
2025-01-13,9428,70,7,228.3
2025-01-20,9428,70,7,126.2
2025-01-27,9428,70,7,24.0
2025-02-03,9428,70,7,0.0
2025-02-17,9429,70,9,661.0
2025-02-24,9429,70,9,617.0
2025-03-03,9429,70,9,573.0
2025-03-10,9429,70,9,529.1
2025-03-17,9429,70,9,485.1
2025-03-24,9429,70,9,441.1
2025-03-31,9429,70,9,397.1
2025-04-07,9429,70,9,353.1
2025-04-14,9429,70,9,309.1
2025-04-21,9429,70,9,265.2
2025-04-28,9429,70,9,221.2
2025-05-05,9429,70,9,177.2
2025-05-12,9429,70,9,133.2
2025-05-19,9429,70,9,89.2
2025-05-26,9429,70,9,45.2
2025-06-02,9429,70,9,1.3
2025-06-09,9429,70,9,0.0
2025-04-07,9430,70,9,343.8
2025-04-14,9430,70,9,285.6
2025-04-21,9430,70,9,227.3
2025-04-28,9430,70,9,169.1
2025-05-05,9430,70,9,110.9
2025-05-12,9430,70,9,52.7
2025-05-19,9430,70,9,0.0
2025-05-26,9431,70,9,466.9
2025-06-02,9431,70,9,390.8
2025-06-09,9431,70,9,314.7
2025-06-16,9431,70,9,238.6
2025-06-23,9431,70,9,162.5
2025-06-30,9431,70,9,86.4
2025-07-07,9431,70,9,10.3
2025-07-14,9431,70,9,0.0
2025-08-18,9432,70,9,566.4
2025-08-25,9432,70,9,456.9
2025-09-01,9432,70,9,347.3
2025-09-08,9432,70,9,237.7
2025-09-15,9432,70,9,128.1
2025-09-22,9432,70,9,18.6
2025-09-29,9432,70,9,0.0
2025-09-22,9433,70,9,793.5
2025-09-29,9433,70,9,699.0
2025-10-06,9433,70,9,604.5
2025-10-13,9433,70,9,510.0
2025-10-20,9433,70,9,415.4
2025-10-27,9433,70,9,320.9
2025-11-03,9433,70,9,226.4
2025-11-10,9433,70,9,131.9
2025-11-17,9433,70,9,37.4
2025-11-24,9433,70,9,0.0
2025-12-22,9434,70,7,723.7
2025-12-29,9434,70,7,594.5
2026-01-05,9434,70,7,465.2
2026-01-12,9434,70,7,336.0
2026-01-19,9434,70,7,206.7
2026-01-26,9434,70,7,77.4
2026-02-02,9434,70,7,0.0
2026-02-09,9435,70,7,159.0
2026-02-16,9435,70,7,148.0
2026-02-23,9435,70,7,137.0
2026-03-02,9435,70,7,126.0
2026-03-09,9435,70,7,114.9
2026-03-16,9435,70,7,103.9
2026-03-23,9435,70,7,92.9
2026-03-30,9435,70,7,81.9
2026-04-06,9435,70,7,70.9
2026-04-13,9435,70,7,59.9
2026-04-20,9435,70,7,48.9
2026-04-27,9435,70,7,37.9
2026-05-04,9435,70,7,26.9
2026-05-11,9435,70,7,15.9
2026-05-18,9435,70,7,4.8
2026-05-25,9435,70,7,0.0
2026-04-06,9436,70,7,643.7
2026-04-13,9436,70,7,571.4
2026-04-20,9436,70,7,499.1
2026-04-27,9436,70,7,426.8
2026-05-04,9436,70,7,354.4
2026-05-11,9436,70,7,282.1
2026-05-18,9436,70,7,209.8
2026-05-25,9436,70,7,137.5
2026-06-01,9436,70,7,65.2
2026-06-08,9436,70,7,0.0
2026-06-15,9437,70,9,144.0
2026-06-22,9437,70,9,120.0
2026-06-29,9437,70,9,96.0
2024-08-05,9438,70,10,163.1
2024-08-12,9438,70,10,119.1
2024-08-19,9438,70,10,75.2
2024-08-26,9438,70,10,31.3
2024-09-02,9438,70,10,0.0
2024-10-14,9439,70,10,168.5
2024-10-21,9439,70,10,124.9
2024-10-28,9439,70,10,81.4
2024-11-04,9439,70,10,37.8
2024-11-11,9439,70,10,0.0
2024-12-09,9440,70,10,49.6
2024-12-16,9440,70,10,39.3
2024-12-23,9440,70,10,28.9
2024-12-30,9440,70,10,18.5
2025-01-06,9440,70,10,8.2
2025-01-13,9440,70,10,0.0
2025-01-20,9441,70,10,301.8
2025-01-27,9441,70,10,251.6
2025-02-03,9441,70,10,201.4
2025-02-10,9441,70,10,151.2
2025-02-17,9441,70,10,101.0
2025-02-24,9441,70,10,50.8
2025-03-03,9441,70,10,0.6
2025-03-10,9441,70,10,0.0
2025-03-24,9442,70,10,98.6
2025-03-31,9442,70,10,87.2
2025-04-07,9442,70,10,75.9
2025-04-14,9442,70,10,64.5
2025-04-21,9442,70,10,53.1
2025-04-28,9442,70,10,41.7
2025-05-05,9442,70,10,30.3
2025-05-12,9442,70,10,18.9
2025-05-19,9442,70,10,7.6
2025-05-26,9442,70,10,0.0
2025-05-26,9443,70,10,714.0
2025-06-02,9443,70,10,623.9
2025-06-09,9443,70,10,533.9
2025-06-16,9443,70,10,443.8
2025-06-23,9443,70,10,353.8
2025-06-30,9443,70,10,263.7
2025-07-07,9443,70,10,173.7
2025-07-14,9443,70,10,83.6
2025-07-21,9443,70,10,0.0
2025-08-11,9444,70,10,83.5
2025-08-18,9444,70,10,62.0
2025-08-25,9444,70,10,40.5
2025-09-01,9444,70,10,19.0
2025-09-08,9444,70,10,0.0
2025-09-15,9445,70,10,369.9
2025-09-22,9445,70,10,342.8
2025-09-29,9445,70,10,315.7
2025-10-06,9445,70,10,288.6
2025-10-13,9445,70,10,261.5
2025-10-20,9445,70,10,234.5
2025-10-27,9445,70,10,207.4
2025-11-03,9445,70,10,180.3
2025-11-10,9445,70,10,153.2
2025-11-17,9445,70,10,126.1
2025-11-24,9445,70,10,99.0
2025-12-01,9445,70,10,71.9
2025-12-08,9445,70,10,44.8
2025-12-15,9445,70,10,17.7
2025-12-22,9445,70,10,0.0
2025-11-10,9446,70,10,561.1
2025-11-17,9446,70,10,426.1
2025-11-24,9446,70,10,291.2
2025-12-01,9446,70,10,156.2
2025-12-08,9446,70,10,21.3
2025-12-15,9446,70,10,0.0
2026-01-05,9447,70,10,361.4
2026-01-12,9447,70,10,336.9
2026-01-19,9447,70,10,312.3
2026-01-26,9447,70,10,287.7
2026-02-02,9447,70,10,263.2
2026-02-09,9447,70,10,238.6
2026-02-16,9447,70,10,214.0
2026-02-23,9447,70,10,189.5
2026-03-02,9447,70,10,164.9
2026-03-09,9447,70,10,140.3
2026-03-16,9447,70,10,115.7
2026-03-23,9447,70,10,91.2
2026-03-30,9447,70,10,66.6
2026-04-06,9447,70,10,42.0
2026-04-13,9447,70,10,17.5
2026-04-20,9447,70,10,0.0
2026-04-06,9448,70,10,466.8
2026-04-13,9448,70,10,351.7
2026-04-20,9448,70,10,236.5
2026-04-27,9448,70,10,121.4
2026-05-04,9448,70,10,6.2
2026-05-11,9448,70,10,0.0
2026-05-18,9449,70,10,678.3
2026-05-25,9449,70,10,581.5
2026-06-01,9449,70,10,484.8
2026-06-08,9449,70,10,388.1
2026-06-15,9449,70,10,291.4
2026-06-22,9449,70,10,194.6
2026-06-29,9449,70,10,97.9
2024-07-22,9450,71,10,826.9
2024-07-29,9450,71,10,765.8
2024-08-05,9450,71,10,704.7
2024-08-12,9450,71,10,643.6
2024-08-19,9450,71,10,582.5
2024-08-26,9450,71,10,521.4
2024-09-02,9450,71,10,460.3
2024-09-09,9450,71,10,399.2
2024-09-16,9450,71,10,338.1
2024-09-23,9450,71,10,276.9
2024-09-30,9450,71,10,215.8
2024-10-07,9450,71,10,154.7
2024-10-14,9450,71,10,93.6
2024-10-21,9450,71,10,32.5
2024-10-28,9450,71,10,0.0
2025-01-20,9451,71,10,1049.4
2025-01-27,9451,71,10,758.9
2025-02-03,9451,71,10,468.3
2025-02-10,9451,71,10,177.7
2025-02-17,9451,71,10,0.0
2025-03-31,9452,71,1,312.6
2025-04-07,9452,71,1,251.2
2025-04-14,9452,71,1,189.8
2025-04-21,9452,71,1,128.5
2025-04-28,9452,71,1,67.1
2025-05-05,9452,71,1,5.7
2025-05-12,9452,71,1,0.0
2025-08-11,9453,71,1,668.5
2025-08-18,9453,71,1,518.0
2025-08-25,9453,71,1,367.5
2025-09-01,9453,71,1,217.0
2025-09-08,9453,71,1,66.5
2025-09-15,9453,71,1,0.0
2026-02-09,9454,71,10,967.5
2026-02-16,9454,71,10,891.1
2026-02-23,9454,71,10,814.6
2026-03-02,9454,71,10,738.2
2026-03-09,9454,71,10,661.7
2026-03-16,9454,71,10,585.3
2026-03-23,9454,71,10,508.8
2026-03-30,9454,71,10,432.4
2026-04-06,9454,71,10,355.9
2026-04-13,9454,71,10,279.5
2026-04-20,9454,71,10,203.0
2026-04-27,9454,71,10,126.5
2026-05-04,9454,71,10,50.1
2026-05-11,9454,71,10,0.0
2026-04-06,9455,71,1,85.4
2026-04-13,9455,71,1,66.9
2026-04-20,9455,71,1,48.3
2026-04-27,9455,71,1,29.7
2026-05-04,9455,71,1,11.2
2026-05-11,9455,71,1,0.0
2024-09-02,9456,72,1,539.4
2024-09-09,9456,72,1,420.8
2024-09-16,9456,72,1,302.2
2024-09-23,9456,72,1,183.6
2024-09-30,9456,72,1,65.0
2024-10-07,9456,72,1,0.0
2024-09-16,9457,72,1,115.0
2024-09-23,9457,72,1,84.9
2024-09-30,9457,72,1,54.9
2024-10-07,9457,72,1,24.9
2024-10-14,9457,72,1,0.0
2024-11-18,9458,72,1,245.0
2024-11-25,9458,72,1,202.0
2024-12-02,9458,72,1,159.1
2024-12-09,9458,72,1,116.1
2024-12-16,9458,72,1,73.1
2024-12-23,9458,72,1,30.1
2024-12-30,9458,72,1,0.0
2025-02-24,9459,72,3,646.0
2025-03-03,9459,72,3,472.9
2025-03-10,9459,72,3,299.9
2025-03-17,9459,72,3,126.9
2025-03-24,9459,72,3,0.0
2025-04-07,9460,72,3,319.2
2025-04-14,9460,72,3,234.4
2025-04-21,9460,72,3,149.6
2025-04-28,9460,72,3,64.8
2025-05-05,9460,72,3,0.0
2025-06-02,9461,72,1,398.1
2025-06-09,9461,72,1,334.1
2025-06-16,9461,72,1,270.2
2025-06-23,9461,72,1,206.2
2025-06-30,9461,72,1,142.3
2025-07-07,9461,72,1,78.4
2025-07-14,9461,72,1,14.4
2025-07-21,9461,72,1,0.0
2025-07-14,9462,72,1,145.7
2025-07-21,9462,72,1,135.4
2025-07-28,9462,72,1,125.1
2025-08-04,9462,72,1,114.9
2025-08-11,9462,72,1,104.6
2025-08-18,9462,72,1,94.3
2025-08-25,9462,72,1,84.0
2025-09-01,9462,72,1,73.7
2025-09-08,9462,72,1,63.4
2025-09-15,9462,72,1,53.2
2025-09-22,9462,72,1,42.9
2025-09-29,9462,72,1,32.6
2025-10-27,9463,72,1,783.0
2025-11-03,9463,72,1,700.0
2025-11-10,9463,72,1,617.1
2025-11-17,9463,72,1,534.1
2025-11-24,9463,72,1,451.1
2025-12-01,9463,72,1,368.1
2025-12-08,9463,72,1,285.1
2025-12-15,9463,72,1,202.2
2025-12-22,9463,72,1,119.2
2025-12-29,9463,72,1,36.2
2026-01-05,9463,72,1,0.0
2025-12-08,9464,72,3,69.7
2025-12-15,9464,72,3,55.5
2025-12-22,9464,72,3,41.2
2025-12-29,9464,72,3,27.0
2026-01-05,9464,72,3,12.7
2026-01-12,9464,72,3,0.0
2026-02-09,9465,72,3,270.0
2026-02-16,9465,72,3,205.0
2026-02-23,9465,72,3,140.0
2026-03-02,9465,72,3,75.0
2026-03-09,9465,72,3,10.0
2026-03-16,9465,72,3,0.0
2026-03-16,9466,72,3,624.6
2026-03-23,9466,72,3,490.2
2026-03-30,9466,72,3,355.8
2026-04-06,9466,72,3,221.5
2026-04-13,9466,72,3,87.1
2026-04-20,9466,72,3,0.0
2026-05-11,9467,72,1,520.2
2026-05-18,9467,72,1,419.4
2026-05-25,9467,72,1,318.6
2026-06-01,9467,72,1,217.8
2026-06-08,9467,72,1,117.0
2026-06-15,9467,72,1,16.2
2026-06-22,9467,72,1,0.0
2024-08-26,9468,72,4,209.3
2024-09-02,9468,72,4,186.6
2024-09-09,9468,72,4,164.0
2024-09-16,9468,72,4,141.3
2024-09-23,9468,72,4,118.6
2024-09-30,9468,72,4,95.9
2024-10-07,9468,72,4,73.3
2024-10-14,9468,72,4,50.6
2024-10-21,9468,72,4,27.9
2024-10-28,9468,72,4,5.2
2024-11-04,9468,72,4,0.0
2024-10-14,9469,72,4,269.8
2024-10-21,9469,72,4,233.5
2024-10-28,9469,72,4,197.3
2024-11-04,9469,72,4,161.0
2024-11-11,9469,72,4,124.8
2024-11-18,9469,72,4,88.5
2024-11-25,9469,72,4,52.3
2024-12-02,9469,72,4,16.0
2024-12-09,9469,72,4,0.0
2024-12-02,9470,72,4,784.9
2024-12-09,9470,72,4,732.8
2024-12-16,9470,72,4,680.7
2024-12-23,9470,72,4,628.7
2024-12-30,9470,72,4,576.6
2025-01-06,9470,72,4,524.5
2025-01-13,9470,72,4,472.4
2025-01-20,9470,72,4,420.3
2025-01-27,9470,72,4,368.2
2025-02-03,9470,72,4,316.1
2025-02-10,9470,72,4,264.1
2025-02-17,9470,72,4,212.0
2025-02-24,9470,72,4,159.9
2025-01-20,9471,72,4,337.6
2025-01-27,9471,72,4,246.2
2025-02-03,9471,72,4,154.7
2025-02-10,9471,72,4,63.3
2025-02-17,9471,72,4,0.0
2025-03-31,9472,72,4,232.2
2025-04-07,9472,72,4,175.4
2025-04-14,9472,72,4,118.6
2025-04-21,9472,72,4,61.8
2025-04-28,9472,72,4,5.1
2025-05-05,9472,72,4,0.0
2025-06-16,9473,72,4,270.4
2025-06-23,9473,72,4,203.8
2025-06-30,9473,72,4,137.3
2025-07-07,9473,72,4,70.7
2025-07-14,9473,72,4,4.1
2025-07-21,9473,72,4,0.0
2025-07-07,9474,72,4,343.5
2025-07-14,9474,72,4,296.1
2025-07-21,9474,72,4,248.6
2025-07-28,9474,72,4,201.2
2025-08-04,9474,72,4,153.7
2025-08-11,9474,72,4,106.3
2025-08-18,9474,72,4,58.8
2025-08-25,9474,72,4,11.4
2025-09-01,9474,72,4,0.0
2025-09-08,9475,72,4,765.7
2025-09-15,9475,72,4,659.3
2025-09-22,9475,72,4,553.0
2025-09-29,9475,72,4,446.7
2025-10-06,9475,72,4,340.3
2025-10-13,9475,72,4,234.0
2025-10-20,9475,72,4,127.7
2025-10-27,9475,72,4,21.3
2025-11-03,9475,72,4,0.0
2025-12-08,9476,72,4,244.5
2025-12-15,9476,72,4,175.9
2025-12-22,9476,72,4,107.4
2025-12-29,9476,72,4,38.9
2026-01-05,9476,72,4,0.0
2026-02-09,9477,72,4,166.6
2026-02-16,9477,72,4,131.3
2026-02-23,9477,72,4,95.9
2026-03-02,9477,72,4,60.6
2026-03-09,9477,72,4,25.2
2026-03-16,9477,72,4,0.0
2026-03-09,9478,72,4,435.1
2026-03-16,9478,72,4,363.3
2026-03-23,9478,72,4,291.4
2026-03-30,9478,72,4,219.6
2026-04-06,9478,72,4,147.7
2026-04-13,9478,72,4,75.9
2026-04-20,9478,72,4,4.0
2026-04-27,9478,72,4,0.0
2026-05-25,9479,72,4,127.9
2026-06-01,9479,72,4,98.7
2026-06-08,9479,72,4,69.6
2026-06-15,9479,72,4,40.5
2026-06-22,9479,72,4,11.3
2026-06-29,9479,72,4,0.0
2024-07-29,9480,72,5,651.4
2024-08-05,9480,72,5,494.8
2024-08-12,9480,72,5,338.1
2024-08-19,9480,72,5,181.5
2024-08-26,9480,72,5,24.9
2024-09-02,9480,72,5,0.0
2024-10-07,9481,72,5,703.1
2024-10-14,9481,72,5,623.2
2024-10-21,9481,72,5,543.2
2024-10-28,9481,72,5,463.3
2024-11-04,9481,72,5,383.4
2024-11-11,9481,72,5,303.5
2024-11-18,9481,72,5,223.5
2024-11-25,9481,72,5,143.6
2024-12-02,9481,72,5,63.7
2024-12-09,9481,72,5,0.0
2024-11-11,9482,72,5,495.4
2024-11-18,9482,72,5,368.8
2024-11-25,9482,72,5,242.2
2024-12-02,9482,72,5,115.6
2024-12-09,9482,72,5,0.0
2025-01-06,9483,72,5,130.2
2025-01-13,9483,72,5,96.3
2025-01-20,9483,72,5,62.5
2025-01-27,9483,72,5,28.7
2025-02-03,9483,72,5,0.0
2025-03-24,9484,72,5,130.3
2025-03-31,9484,72,5,96.6
2025-04-07,9484,72,5,62.9
2025-04-14,9484,72,5,29.2
2025-04-21,9484,72,5,0.0
2025-06-16,9485,72,5,369.6
2025-06-23,9485,72,5,282.1
2025-06-30,9485,72,5,194.7
2025-07-07,9485,72,5,107.3
2025-07-14,9485,72,5,19.8
2025-07-21,9485,72,5,0.0
2025-06-30,9486,72,5,332.9
2025-07-07,9486,72,5,304.9
2025-07-14,9486,72,5,276.8
2025-07-21,9486,72,5,248.8
2025-07-28,9486,72,5,220.7
2025-08-04,9486,72,5,192.6
2025-08-11,9486,72,5,164.6
2025-08-18,9486,72,5,136.5
2025-08-25,9486,72,5,108.5
2025-09-01,9486,72,5,80.4
2025-09-08,9486,72,5,52.3
2025-09-15,9486,72,5,24.3
2025-09-22,9486,72,5,0.0
2025-09-08,9487,72,5,625.0
2025-09-15,9487,72,5,464.1
2025-09-22,9487,72,5,303.1
2025-09-29,9487,72,5,142.1
2025-10-06,9487,72,5,0.0
2025-11-10,9488,72,5,99.6
2025-11-17,9488,72,5,88.1
2025-11-24,9488,72,5,76.7
2025-12-01,9488,72,5,65.2
2025-12-08,9488,72,5,53.8
2025-12-15,9488,72,5,42.3
2025-12-22,9488,72,5,30.9
2025-12-29,9488,72,5,19.5
2026-01-05,9488,72,5,8.0
2026-01-12,9488,72,5,0.0
2026-01-12,9489,72,5,150.6
2026-01-19,9489,72,5,112.1
2026-01-26,9489,72,5,73.7
2026-02-02,9489,72,5,35.3
2026-02-09,9489,72,5,0.0
2026-04-13,9490,72,5,577.8
2026-04-20,9490,72,5,502.6
2026-04-27,9490,72,5,427.5
2026-05-04,9490,72,5,352.3
2026-05-11,9490,72,5,277.1
2026-05-18,9490,72,5,201.9
2026-05-25,9490,72,5,126.8
2026-06-01,9490,72,5,51.6
2026-06-08,9490,72,5,0.0
2026-05-11,9491,72,5,485.0
2026-05-18,9491,72,5,371.9
2026-05-25,9491,72,5,258.9
2026-06-01,9491,72,5,145.9
2026-06-08,9491,72,5,32.8
2026-06-15,9491,72,5,0.0
2026-06-29,9492,72,5,352.9
2024-08-26,9493,72,9,318.5
2024-09-02,9493,72,9,264.9
2024-09-09,9493,72,9,211.4
2024-09-16,9493,72,9,157.9
2024-09-23,9493,72,9,104.4
2024-09-30,9493,72,9,50.8
2024-10-07,9493,72,9,0.0
2024-09-23,9494,72,7,650.0
2024-09-30,9494,72,7,488.0
2024-10-07,9494,72,7,326.1
2024-10-14,9494,72,7,164.1
2024-10-21,9494,72,7,2.1
2024-10-28,9494,72,7,0.0
2024-12-23,9495,72,9,591.8
2024-12-30,9495,72,9,448.6
2025-01-06,9495,72,9,305.4
2025-01-13,9495,72,9,162.2
2025-01-20,9495,72,9,19.0
2025-01-27,9495,72,9,0.0
2025-01-06,9496,72,7,349.7
2025-01-13,9496,72,7,308.4
2025-01-20,9496,72,7,267.1
2025-01-27,9496,72,7,225.8
2025-02-03,9496,72,7,184.5
2025-02-10,9496,72,7,143.2
2025-02-17,9496,72,7,101.9
2025-02-24,9496,72,7,60.6
2025-03-03,9496,72,7,19.3
2025-03-10,9496,72,7,0.0
2025-03-17,9497,72,9,86.8
2025-03-24,9497,72,9,62.6
2025-03-31,9497,72,9,38.4
2025-04-07,9497,72,9,14.2
2025-04-14,9497,72,9,0.0
2025-06-30,9498,72,7,741.4
2025-07-07,9498,72,7,618.8
2025-07-14,9498,72,7,496.2
2025-07-21,9498,72,7,373.6
2025-07-28,9498,72,7,250.9
2025-08-04,9498,72,7,128.3
2025-08-11,9498,72,7,5.7
2025-08-18,9498,72,7,0.0
2025-08-25,9499,72,7,428.8
2025-09-01,9499,72,7,321.6
2025-09-08,9499,72,7,214.4
2025-09-15,9499,72,7,107.3
2025-09-22,9499,72,7,0.1
2025-09-29,9499,72,7,0.0
2025-09-29,9500,72,9,688.6
2025-10-06,9500,72,9,604.2
2025-10-13,9500,72,9,519.8
2025-10-20,9500,72,9,435.4
2025-10-27,9500,72,9,351.0
2025-11-03,9500,72,9,266.6
2025-11-10,9500,72,9,182.2
2025-11-17,9500,72,9,97.8
2025-11-24,9500,72,9,13.4
2025-12-01,9500,72,9,0.0
2025-11-17,9501,72,9,306.3
2025-11-24,9501,72,9,261.7
2025-12-01,9501,72,9,217.0
2025-12-08,9501,72,9,172.4
2025-12-15,9501,72,9,127.7
2025-12-22,9501,72,9,83.0
2025-12-29,9501,72,9,38.4
2026-01-05,9501,72,9,0.0
2026-01-05,9502,72,7,730.0
2026-01-12,9502,72,7,588.9
2026-01-19,9502,72,7,447.9
2026-01-26,9502,72,7,306.8
2026-02-02,9502,72,7,165.8
2026-02-09,9502,72,7,24.8
2026-02-16,9502,72,7,0.0
2026-04-27,9503,72,9,498.8
2026-05-04,9503,72,9,365.6
2026-05-11,9503,72,9,232.4
2026-05-18,9503,72,9,99.2
2026-05-25,9503,72,9,0.0
2026-04-27,9504,72,9,305.4
2026-05-04,9504,72,9,267.8
2026-05-11,9504,72,9,230.2
2026-05-18,9504,72,9,192.6
2026-05-25,9504,72,9,155.0
2026-06-01,9504,72,9,117.3
2026-06-08,9504,72,9,79.7
2026-06-15,9504,72,9,42.1
2026-06-22,9504,72,9,4.5
2026-06-29,9504,72,9,0.0
2024-07-29,9505,72,10,78.3
2024-08-05,9505,72,10,65.6
2024-08-12,9505,72,10,52.8
2024-08-19,9505,72,10,40.1
2024-08-26,9505,72,10,27.4
2024-09-02,9505,72,10,14.7
2024-09-09,9505,72,10,1.9
2024-09-16,9505,72,10,0.0
2024-09-30,9506,72,10,214.2
2024-10-07,9506,72,10,187.5
2024-10-14,9506,72,10,160.7
2024-10-21,9506,72,10,133.9
2024-10-28,9506,72,10,107.2
2024-11-04,9506,72,10,80.4
2024-11-11,9506,72,10,53.7
2024-11-18,9506,72,10,26.9
2024-11-25,9506,72,10,0.1
2024-12-02,9506,72,10,0.0
2024-11-04,9507,72,10,530.6
2024-11-11,9507,72,10,463.2
2024-11-18,9507,72,10,395.8
2024-11-25,9507,72,10,328.4
2024-12-02,9507,72,10,260.9
2024-12-09,9507,72,10,193.5
2024-12-16,9507,72,10,126.1
2024-12-23,9507,72,10,58.7
2024-12-30,9507,72,10,0.0
2025-02-24,9508,72,10,617.7
2025-03-03,9508,72,10,544.4
2025-03-10,9508,72,10,471.2
2025-03-17,9508,72,10,397.9
2025-03-24,9508,72,10,324.6
2025-03-31,9508,72,10,251.3
2025-04-07,9508,72,10,178.0
2025-04-14,9508,72,10,104.7
2025-04-21,9508,72,10,31.5
2025-04-28,9508,72,10,0.0
2025-03-17,9509,72,10,126.7
2025-03-24,9509,72,10,96.3
2025-03-31,9509,72,10,66.0
2025-04-07,9509,72,10,35.6
2025-04-14,9509,72,10,5.3
2025-04-21,9509,72,10,0.0
2025-05-19,9510,72,10,643.0
2025-05-26,9510,72,10,536.0
2025-06-02,9510,72,10,429.0
2025-06-09,9510,72,10,322.0
2025-06-16,9510,72,10,215.1
2025-06-23,9510,72,10,108.1
2025-06-30,9510,72,10,1.1
2025-07-07,9510,72,10,0.0
2025-08-11,9511,72,10,186.9
2025-08-18,9511,72,10,159.7
2025-08-25,9511,72,10,132.6
2025-09-01,9511,72,10,105.5
2025-09-08,9511,72,10,78.3
2025-09-15,9511,72,10,51.2
2025-09-22,9511,72,10,24.1
2025-09-29,9511,72,10,0.0
2025-10-06,9512,72,10,234.4
2025-10-13,9512,72,10,198.8
2025-10-20,9512,72,10,163.2
2025-10-27,9512,72,10,127.6
2025-11-03,9512,72,10,92.0
2025-11-10,9512,72,10,56.4
2025-11-17,9512,72,10,20.8
2025-11-24,9512,72,10,0.0
2025-12-08,9513,72,10,283.3
2025-12-15,9513,72,10,259.5
2025-12-22,9513,72,10,235.8
2025-12-29,9513,72,10,212.1
2026-01-05,9513,72,10,188.4
2026-01-12,9513,72,10,164.6
2026-01-19,9513,72,10,140.9
2026-01-26,9513,72,10,117.2
2026-02-02,9513,72,10,93.4
2026-02-09,9513,72,10,69.7
2026-02-16,9513,72,10,46.0
2026-02-23,9513,72,10,22.3
2026-03-02,9513,72,10,0.0
2026-01-26,9514,72,10,266.1
2026-02-02,9514,72,10,199.2
2026-02-09,9514,72,10,132.2
2026-02-16,9514,72,10,65.3
2026-02-23,9514,72,10,0.0
2026-03-23,9515,72,10,317.7
2026-03-30,9515,72,10,262.4
2026-04-06,9515,72,10,207.0
2026-04-13,9515,72,10,151.7
2026-04-20,9515,72,10,96.4
2026-04-27,9515,72,10,41.1
2026-05-04,9515,72,10,0.0
2026-05-11,9516,72,10,348.3
2026-05-18,9516,72,10,323.6
2026-05-25,9516,72,10,298.9
2026-06-01,9516,72,10,274.2
2026-06-08,9516,72,10,249.5
2026-06-15,9516,72,10,224.8
2026-06-22,9516,72,10,200.0
2026-06-29,9516,72,10,175.3
2024-07-15,9517,73,1,85.0
2024-07-22,9518,73,1,311.4
2024-07-22,9519,73,1,255.7
2024-07-29,9520,73,3,209.0
2024-08-05,9521,73,3,278.9
2024-08-12,9522,73,1,308.9
2024-08-19,9523,73,1,104.6
2024-08-26,9524,73,3,44.3
2024-09-02,9524,73,3,13.6
2024-09-02,9525,73,3,108.9
2024-09-09,9526,73,3,247.0
2024-09-16,9527,73,3,342.7
2024-09-23,9528,73,1,54.8
2024-09-30,9529,73,3,314.8
2024-10-07,9530,73,3,301.6
2024-10-14,9531,73,1,54.4
2024-10-21,9532,73,3,70.0
2024-10-28,9533,73,3,216.3
2024-11-11,9534,73,1,451.5
2024-11-11,9535,73,1,554.8
2024-11-25,9536,73,3,397.4
2024-11-25,9537,73,3,496.7
2024-12-02,9538,73,3,354.7
2024-12-16,9539,73,1,188.6
2024-12-16,9540,73,3,222.5
2024-12-23,9541,73,1,233.7
2024-12-30,9542,73,1,128.9
2025-01-06,9543,73,1,455.9
2025-01-13,9544,73,1,75.8
2025-01-27,9545,73,1,244.4
2025-01-27,9546,73,3,297.1
2025-02-03,9546,73,3,64.2
2025-02-03,9547,73,1,544.8
2025-02-10,9547,73,1,256.6
2025-02-10,9548,73,3,91.6
2025-02-17,9549,73,1,413.0
2025-02-24,9549,73,1,181.1
2025-02-24,9550,73,1,354.3
2025-03-10,9551,73,1,405.8
2025-03-10,9552,73,1,286.5
2025-03-17,9553,73,1,270.2
2025-03-24,9554,73,3,463.5
2025-03-31,9555,73,3,86.3
2025-04-07,9556,73,3,311.3
2025-04-14,9557,73,3,140.8
2025-04-21,9558,73,1,224.4
2025-04-28,9559,73,1,325.8
2025-05-12,9560,73,3,528.5
2025-05-12,9561,73,1,207.6
2025-05-19,9562,73,3,586.1
2025-05-26,9563,73,1,616.9
2025-06-02,9564,73,1,252.2
2025-06-09,9565,73,3,411.5
2025-06-16,9566,73,1,370.3
2025-06-23,9567,73,1,174.6
2025-06-30,9568,73,1,162.5
2025-07-07,9569,73,1,403.5
2025-07-21,9570,73,3,516.4
2025-07-21,9571,73,1,47.0
2025-08-04,9572,73,1,264.3
2025-08-04,9573,73,3,402.0
2025-08-11,9574,73,1,407.3
2025-08-18,9574,73,1,244.5
2025-08-18,9575,73,1,273.6
2025-08-25,9576,73,3,488.3
2025-09-01,9577,73,3,258.0
2025-09-08,9578,73,3,490.3
2025-09-15,9579,73,3,122.5
2025-09-22,9580,73,1,390.9
2025-09-29,9581,73,1,418.4
2025-10-06,9582,73,1,307.6
2025-10-13,9583,73,3,377.8
2025-10-20,9584,73,3,70.1
2025-10-27,9585,73,3,262.6
2025-11-03,9586,73,3,212.7
2025-11-10,9587,73,3,175.1
2025-11-17,9588,73,3,131.9
2025-11-24,9589,73,3,218.1
2025-12-01,9590,73,1,567.6
2025-12-08,9591,73,1,114.6
2025-12-15,9591,73,1,51.3
2025-12-15,9592,73,1,221.9
2025-12-22,9593,73,1,50.9
2025-12-29,9594,73,1,622.1
2026-01-12,9595,73,1,393.0
2026-01-12,9596,73,3,493.5
2026-01-19,9597,73,3,387.9
2026-01-26,9598,73,3,142.4
2026-02-02,9599,73,1,251.8
2026-02-09,9600,73,1,177.3
2026-02-16,9601,73,3,296.5
2026-02-23,9602,73,3,350.4
2026-03-02,9603,73,1,215.9
2026-03-09,9604,73,1,518.7
2026-03-16,9605,73,1,41.3
2026-03-30,9606,73,1,142.8
2026-03-30,9607,73,3,408.1
2026-04-06,9608,73,3,43.1
2026-04-13,9609,73,1,214.9
2026-04-20,9610,73,1,381.5
2026-04-27,9611,73,3,204.2
2026-05-04,9612,73,3,495.3
2026-05-11,9613,73,1,124.1
2026-05-18,9614,73,1,491.1
2026-05-25,9614,73,1,209.2
2026-06-01,9615,73,3,494.9
2026-06-01,9616,73,3,50.7
2026-06-08,9617,73,1,294.6
2026-06-15,9617,73,1,0.0
2026-06-15,9618,73,1,107.6
2026-06-22,9619,73,3,42.5
2026-06-29,9620,73,3,208.9
2024-07-08,9621,73,4,555.2
2024-07-15,9622,73,4,418.4
2024-07-22,9623,73,4,327.8
2024-07-29,9624,73,4,140.9
2024-08-05,9624,73,4,92.8
2024-08-05,9625,73,4,240.0
2024-08-12,9626,73,4,309.4
2024-08-19,9627,73,4,165.7
2024-08-26,9627,73,4,0.0
2024-08-26,9628,73,4,181.2
2024-09-02,9629,73,4,223.1
2024-09-09,9630,73,4,487.7
2024-09-16,9630,73,4,254.4
2024-09-16,9631,73,4,419.4
2024-09-23,9631,73,4,234.7
2024-09-23,9632,73,4,426.7
2024-09-30,9633,73,4,380.9
2024-10-07,9634,73,4,41.5
2024-10-14,9635,73,4,452.1
2024-10-21,9636,73,4,638.3
2024-10-28,9636,73,4,388.5
2024-10-28,9637,73,4,313.6
2024-11-04,9637,73,4,0.0
2024-11-04,9638,73,4,419.6
2024-11-11,9639,73,4,54.6
2024-11-18,9640,73,4,575.3
2024-11-25,9641,73,4,354.6
2024-12-02,9642,73,4,487.9
2024-12-09,9643,73,4,346.7
2024-12-23,9644,73,4,385.8
2024-12-23,9645,73,4,117.6
2024-12-30,9646,73,4,61.7
2025-01-13,9647,73,4,114.5
2025-01-13,9648,73,4,232.1
2025-01-20,9648,73,4,78.1
2025-01-20,9649,73,4,96.9
2025-01-27,9650,73,4,233.0
2025-02-03,9651,73,4,509.9
2025-02-10,9652,73,4,149.7
2025-02-17,9653,73,4,321.2
2025-02-24,9653,73,4,160.3
2025-02-24,9654,73,4,486.5
2025-03-03,9655,73,4,37.5
2025-03-10,9656,73,4,206.2
2025-03-17,9656,73,4,96.3
2025-03-17,9657,73,4,276.9
2025-03-31,9658,73,4,197.9
2025-03-31,9659,73,4,406.0
2025-04-07,9659,73,4,253.1
2025-04-07,9660,73,4,171.9
2025-04-14,9661,73,4,101.7
2025-04-21,9662,73,4,419.5
2025-05-05,9663,73,4,195.0
2025-05-05,9664,73,4,395.3
2025-05-12,9665,73,4,267.3
2025-05-19,9666,73,4,419.5
2025-05-26,9667,73,4,196.1
2025-06-09,9668,73,4,165.6
2025-06-09,9669,73,4,562.2
2025-06-16,9670,73,4,103.0
2025-06-23,9671,73,4,528.5
2025-06-30,9672,73,4,359.3
2025-07-07,9672,73,4,109.5
2025-07-07,9673,73,4,83.0
2025-07-14,9673,73,4,14.1
2025-07-14,9674,73,4,75.0
2025-07-28,9675,73,4,184.2
2025-07-28,9676,73,4,128.4
2025-08-04,9677,73,4,256.4
2025-08-11,9678,73,4,344.2
2025-08-18,9679,73,4,275.1
2025-08-25,9680,73,4,82.8
2025-09-01,9681,73,4,306.8
2025-09-08,9682,73,4,366.2
2025-09-22,9683,73,4,106.2
2025-09-29,9684,73,4,509.5
2025-09-29,9685,73,4,133.6
2025-10-13,9686,73,4,210.4
2025-10-13,9687,73,4,223.6
2025-10-20,9688,73,4,228.0
2025-10-27,9689,73,4,91.0
2025-11-03,9689,73,4,27.9
2025-11-10,9690,73,4,304.6
2025-11-10,9691,73,4,67.6
2025-11-17,9692,73,4,383.4
2025-11-24,9693,73,4,401.8
2025-12-01,9694,73,4,278.5
2025-12-08,9695,73,4,344.1
2025-12-15,9696,73,4,293.8
2025-12-22,9696,73,4,47.5
2025-12-22,9697,73,4,175.9
2025-12-29,9698,73,4,52.7
2026-01-05,9698,73,4,0.0
2026-01-05,9699,73,4,324.4
2026-01-12,9700,73,4,140.2
2026-01-19,9701,73,4,629.5
2026-01-26,9701,73,4,370.1
2026-01-26,9702,73,4,588.3
2026-02-02,9703,73,4,204.9
2026-02-16,9704,73,4,174.9
2026-02-16,9705,73,4,77.9
2026-03-02,9706,73,4,554.6
2026-03-02,9707,73,4,498.3
2026-03-09,9708,73,4,398.7
2026-03-16,9709,73,4,529.9
2026-03-23,9710,73,4,238.7
2026-03-30,9710,73,4,36.3
2026-03-30,9711,73,4,156.1
2026-04-06,9712,73,4,180.4
2026-04-13,9713,73,4,181.2
2026-04-20,9714,73,4,257.4
2026-04-27,9715,73,4,627.0
2026-05-04,9715,73,4,374.9
2026-05-04,9716,73,4,200.9
2026-05-18,9717,73,4,340.3
2026-05-18,9718,73,4,386.3
2026-05-25,9719,73,4,329.4
2026-06-01,9720,73,4,95.0
2026-06-08,9721,73,4,135.9
2026-06-15,9722,73,4,149.9
2026-06-22,9723,73,4,411.1
2024-07-08,9726,73,5,189.3
2024-07-22,9727,73,5,350.3
2024-07-22,9728,73,5,576.3
2024-07-29,9728,73,5,361.6
2024-07-29,9729,73,5,253.3
2024-08-05,9730,73,5,515.1
2024-08-12,9731,73,5,509.0
2024-08-19,9732,73,5,176.0
2024-08-26,9732,73,5,109.1
2024-08-26,9733,73,5,618.0
2024-09-02,9734,73,5,505.5
2024-09-09,9735,73,5,98.9
2024-09-16,9736,73,5,343.8
2024-09-23,9736,73,5,220.6
2024-09-30,9737,73,5,476.4
2024-09-30,9738,73,5,476.5
2024-10-07,9739,73,5,440.9
2024-10-14,9739,73,5,129.8
2024-10-14,9740,73,5,374.3
2024-10-21,9741,73,5,454.9
2024-10-28,9741,73,5,208.7
2024-10-28,9742,73,5,136.8
2024-11-04,9743,73,5,422.3
2024-11-11,9744,73,5,258.6
2024-11-18,9744,73,5,3.3
2024-11-18,9745,73,5,430.0
2024-12-02,9746,73,5,177.2
2024-12-02,9747,73,5,599.0
2024-12-09,9748,73,5,162.2
2024-12-23,9749,73,5,257.4
2024-12-23,9750,73,5,439.0
2025-01-06,9751,73,5,35.1
2025-01-06,9752,73,5,67.4
2025-01-13,9752,73,5,4.7
2025-01-13,9753,73,5,128.4
2025-01-20,9754,73,5,206.3
2025-01-27,9755,73,5,38.5
2025-02-03,9756,73,5,264.7
2025-02-17,9757,73,5,102.4
2025-02-17,9758,73,5,224.4
2025-02-24,9759,73,5,274.3
2025-03-03,9760,73,5,558.0
2025-03-10,9761,73,5,287.5
2025-03-17,9762,73,5,415.6
2025-03-31,9763,73,5,171.0
2025-03-31,9764,73,5,273.5
2025-04-07,9765,73,5,270.5
2025-04-14,9766,73,5,418.4
2025-04-21,9767,73,5,447.8
2025-05-05,9768,73,5,254.1
2025-05-05,9769,73,5,489.9
2025-05-12,9770,73,5,310.2
2025-05-19,9771,73,5,390.5
2025-05-26,9772,73,5,387.2
2025-06-02,9773,73,5,400.5
2025-06-09,9774,73,5,343.5
2025-06-16,9775,73,5,584.3
2025-06-23,9776,73,5,199.0
2025-06-30,9777,73,5,121.9
2025-07-07,9778,73,5,195.0
2025-07-21,9779,73,5,444.6
2025-07-21,9780,73,5,419.8
2025-07-28,9781,73,5,469.7
2025-08-04,9782,73,5,429.0
2025-08-11,9783,73,5,47.8
2025-08-18,9784,73,5,266.8
2025-08-25,9784,73,5,0.0
2025-08-25,9785,73,5,237.7
2025-09-01,9786,73,5,491.5
2025-09-08,9787,73,5,542.1
2025-09-15,9788,73,5,480.3
2025-09-22,9789,73,5,224.9
2025-10-06,9790,73,5,204.1
2025-10-06,9791,73,5,350.5
2025-10-13,9792,73,5,59.4
2025-10-20,9793,73,5,521.3
2025-10-27,9794,73,5,371.2
2025-11-10,9795,73,5,148.5
2025-11-10,9796,73,5,110.6
2025-11-17,9796,73,5,25.3
2025-11-17,9797,73,5,125.7
2025-11-24,9798,73,5,109.3
2025-12-08,9799,73,5,455.3
2025-12-08,9800,73,5,235.7
2025-12-15,9801,73,5,413.6
2025-12-22,9802,73,5,158.4
2025-12-29,9803,73,5,563.5
2026-01-05,9804,73,5,212.9
2026-01-12,9805,73,5,145.7
2026-01-19,9806,73,5,112.1
2026-01-26,9807,73,5,369.1
2026-02-02,9808,73,5,217.9
2026-02-09,9808,73,5,104.8
2026-02-16,9809,73,5,225.2
2026-02-16,9810,73,5,351.0
2026-02-23,9811,73,5,278.8
2026-03-02,9812,73,5,219.9
2026-03-09,9813,73,5,212.9
2026-03-16,9813,73,5,15.9
2026-03-16,9814,73,5,42.2
2026-03-23,9815,73,5,53.7
2026-03-30,9815,73,5,0.3
2026-03-30,9816,73,5,584.6
2026-04-06,9817,73,5,72.5
2026-04-13,9818,73,5,229.9
2026-04-20,9818,73,5,8.8
2026-04-20,9819,73,5,254.8
2026-04-27,9819,73,5,53.6
2026-04-27,9820,73,5,525.9
2026-05-04,9821,73,5,538.0
2026-05-18,9822,73,5,332.9
2026-05-18,9823,73,5,404.3
2026-05-25,9824,73,5,112.8
2026-06-01,9825,73,5,335.3
2026-06-08,9826,73,5,49.2
2026-06-15,9827,73,5,299.7
2026-06-22,9828,73,5,318.8
2026-06-29,9829,73,5,104.9
2024-07-08,9830,73,7,89.4
2024-07-15,9831,73,7,309.3
2024-07-22,9832,73,9,275.0
2024-07-29,9832,73,9,0.0
2024-07-29,9833,73,9,347.2
2024-08-05,9834,73,7,346.1
2024-08-12,9834,73,7,223.2
2024-08-12,9835,73,9,49.7
2024-08-19,9836,73,9,199.3
2024-08-26,9837,73,9,446.7
2024-09-09,9838,73,7,48.5
2024-09-09,9839,73,7,468.6
2024-09-16,9840,73,9,319.4
2024-09-23,9841,73,7,233.5
2024-10-07,9842,73,7,174.9
2024-10-07,9843,73,7,344.5
2024-10-21,9844,73,9,420.8
2024-10-28,9845,73,9,443.0
2024-10-28,9846,73,9,296.0
2024-11-04,9847,73,7,121.2
2024-11-18,9848,73,9,303.6
2024-11-18,9849,73,9,546.9
2024-11-25,9849,73,9,209.9
2024-11-25,9850,73,9,93.9
2024-12-02,9851,73,7,419.8
2024-12-09,9852,73,9,405.9
2024-12-16,9853,73,9,184.5
2024-12-23,9853,73,9,110.0
2024-12-30,9854,73,9,582.4
2024-12-30,9855,73,7,525.4
2025-01-06,9856,73,9,296.9
2025-01-13,9857,73,9,209.9
2025-01-20,9858,73,7,119.9
2025-01-27,9859,73,7,268.0
2025-02-10,9860,73,7,520.0
2025-02-10,9861,73,9,47.5
2025-02-24,9862,73,7,320.5
2025-02-24,9863,73,7,137.4
2025-03-03,9863,73,7,0.0
2025-03-03,9864,73,7,364.9
2025-03-10,9864,73,7,16.8
2025-03-10,9865,73,7,103.7
2025-03-17,9866,73,7,214.9
2025-03-24,9867,73,9,393.9
2025-04-07,9868,73,9,138.6
2025-04-14,9869,73,7,197.6
2025-04-14,9870,73,7,603.7
2025-04-28,9871,73,9,330.5
2025-05-05,9872,73,9,51.5
2025-05-05,9873,73,7,77.2
2025-05-12,9874,73,9,245.6
2025-05-26,9875,73,7,456.9
2025-05-26,9876,73,9,561.3
2025-06-02,9877,73,9,163.1
2025-06-09,9878,73,7,451.2
2025-06-16,9879,73,9,462.7
2025-06-23,9880,73,9,430.0
2025-06-30,9881,73,7,84.4
2025-07-07,9881,73,7,0.0
2025-07-07,9882,73,9,348.1
2025-07-14,9883,73,7,624.5
2025-07-21,9884,73,7,263.1
2025-07-28,9885,73,7,158.9
2025-08-04,9886,73,7,204.5
2025-08-11,9887,73,9,408.8
2025-08-18,9888,73,7,155.6
2025-09-01,9889,73,7,88.5
2025-09-01,9890,73,7,62.9
2025-09-15,9891,73,9,128.0
2025-09-15,9892,73,7,138.5
2025-09-22,9893,73,7,133.4
2025-10-06,9894,73,9,518.8
2025-10-06,9895,73,7,396.4
2025-10-13,9896,73,9,592.1
2025-10-20,9896,73,9,339.1
2025-10-27,9897,73,7,229.5
2025-10-27,9898,73,9,279.3
2025-11-03,9899,73,7,205.4
2025-11-10,9900,73,7,297.8
2025-11-17,9901,73,7,494.9
2025-11-24,9902,73,7,431.9
2025-12-01,9902,73,7,174.7
2025-12-08,9903,73,9,505.9
2025-12-08,9904,73,7,134.5
2025-12-15,9905,73,7,439.2
2025-12-22,9906,73,7,295.4
2025-12-29,9907,73,7,265.1
2026-01-05,9908,73,7,78.8
2026-01-12,9909,73,9,543.0
2026-01-19,9909,73,9,259.9
2026-01-19,9910,73,7,230.9
2026-01-26,9911,73,9,62.1
2026-02-02,9912,73,9,458.5
2026-02-09,9913,73,7,66.7
2026-02-16,9914,73,7,117.4
2026-02-23,9915,73,7,472.4
2026-03-02,9916,73,7,472.1
2026-03-09,9917,73,9,333.5
2026-03-23,9918,73,9,256.9
2026-03-23,9919,73,7,229.7
2026-03-30,9920,73,7,71.0
2026-04-06,9920,73,7,28.0
2026-04-06,9921,73,7,90.2
2026-04-13,9922,73,9,615.1
2026-04-20,9923,73,9,259.9
2026-04-27,9924,73,9,165.1
2026-05-04,9925,73,7,354.8
2026-05-11,9926,73,7,462.1
2026-05-18,9927,73,7,63.9
2026-05-25,9928,73,9,540.2
2026-06-01,9929,73,7,467.6
2026-06-15,9930,73,7,99.5
2026-06-15,9931,73,9,259.6
2026-06-22,9931,73,9,138.2
2026-06-22,9932,73,9,132.1
2026-06-29,9933,73,7,486.5
2024-07-08,9934,73,10,421.1
2024-07-15,9935,73,10,304.0
2024-07-22,9936,73,10,61.7
2024-07-29,9936,73,10,7.5
2024-08-05,9937,73,10,419.8
2024-08-05,9938,73,10,221.6
2024-08-12,9939,73,10,343.7
2024-08-19,9939,73,10,121.5
2024-08-19,9940,73,10,531.6
2024-08-26,9940,73,10,173.2
2024-08-26,9941,73,10,407.9
2024-09-02,9942,73,10,512.3
2024-09-09,9943,73,10,235.9
2024-09-16,9944,73,10,250.9
2024-09-23,9945,73,10,438.4
2024-09-30,9945,73,10,67.8
2024-09-30,9946,73,10,463.9
2024-10-07,9947,73,10,324.3
2024-10-14,9948,73,10,76.6
2024-10-21,9949,73,10,316.3
2024-11-04,9950,73,10,434.8
2024-11-04,9951,73,10,91.4
2024-11-11,9952,73,10,115.6
2024-11-18,9953,73,10,241.0
2024-11-25,9954,73,10,467.2
2024-12-02,9955,73,10,112.6
2024-12-09,9956,73,10,506.8
2024-12-16,9957,73,10,503.0
2024-12-23,9958,73,10,38.6
2024-12-30,9959,73,10,635.0
2025-01-06,9960,73,10,327.3
2025-01-13,9961,73,10,58.5
2025-01-20,9962,73,10,300.7
2025-02-03,9963,73,10,345.0
2025-02-10,9964,73,10,465.4
2025-02-17,9965,73,10,138.0
2025-02-17,9966,73,10,313.6
2025-03-03,9967,73,10,298.0
2025-03-03,9968,73,10,77.2
2025-03-10,9969,73,10,505.5
2025-03-17,9969,73,10,157.9
2025-03-17,9970,73,10,183.3
2025-03-24,9970,73,10,15.5
2025-03-24,9971,73,10,433.7
2025-03-31,9972,73,10,197.1
2025-04-14,9973,73,10,58.3
2025-04-14,9974,73,10,54.9
2025-04-21,9974,73,10,20.9
2025-04-28,9975,73,10,103.8
2025-05-05,9976,73,10,149.5
2025-05-05,9977,73,10,394.6
2025-05-12,9978,73,10,404.7
2025-05-19,9979,73,10,70.6
2025-06-02,9980,73,10,100.1
2025-06-02,9981,73,10,240.9
2025-06-09,9982,73,10,329.4
2025-06-16,9983,73,10,242.1
2025-06-30,9984,73,10,109.9
2025-06-30,9985,73,10,88.0
2025-07-07,9986,73,10,235.4
2025-07-14,9987,73,10,423.6
2025-07-21,9988,73,10,140.2
2025-07-28,9989,73,10,196.6
2025-08-04,9989,73,10,101.1
2025-08-04,9990,73,10,123.1
2025-08-18,9991,73,10,404.5
2025-08-18,9992,73,10,389.8
2025-08-25,9993,73,10,452.7
2025-09-08,9994,73,10,48.8
2025-09-08,9995,73,10,202.4
2025-09-15,9996,73,10,435.6
2025-09-29,9997,73,10,319.2
2025-09-29,9998,73,10,44.5
2025-10-06,9999,73,10,390.7
2025-10-13,10000,73,10,403.1
2025-10-20,10001,73,10,209.1
2025-10-27,10001,73,10,78.2
2025-11-03,10002,73,10,393.7
2025-11-10,10003,73,10,224.9
2025-11-10,10004,73,10,117.5
2025-11-17,10005,73,10,330.3
2025-11-24,10006,73,10,500.1
2025-12-01,10007,73,10,230.2
2025-12-08,10008,73,10,468.1
2025-12-15,10008,73,10,98.2
2025-12-15,10009,73,10,500.3
2025-12-22,10010,73,10,344.9
2025-12-29,10011,73,10,585.0
2026-01-12,10012,73,10,447.9
2026-01-12,10013,73,10,111.2
2026-01-19,10014,73,10,202.2
2026-01-26,10015,73,10,476.5
2026-02-02,10016,73,10,237.0
2026-02-09,10017,73,10,441.7
2026-02-16,10018,73,10,597.3
2026-03-02,10019,73,10,196.5
2026-03-02,10020,73,10,188.6
2026-03-16,10021,73,10,294.4
2026-03-16,10022,73,10,137.7
2026-03-23,10023,73,10,195.3
2026-03-30,10024,73,10,215.4
2026-04-06,10025,73,10,445.5
2026-04-13,10026,73,10,474.3
2026-04-20,10027,73,10,67.3
2026-04-27,10028,73,10,264.9
2026-05-04,10029,73,10,44.1
2026-05-18,10030,73,10,375.0
2026-05-18,10031,73,10,659.2
2026-05-25,10032,73,10,388.3
2026-06-01,10032,73,10,0.0
2026-06-01,10033,73,10,408.1
2026-06-08,10034,73,10,138.0
2026-06-15,10034,73,10,42.0
2026-06-15,10035,73,10,153.4
2026-06-22,10036,73,10,114.7
2024-07-15,10039,74,1,454.3
2024-07-22,10039,74,1,196.5
2024-07-22,10040,74,3,326.2
2024-07-29,10041,74,1,545.4
2024-08-05,10041,74,1,290.7
2024-08-05,10042,74,3,422.2
2024-08-12,10042,74,3,0.0
2024-08-19,10043,74,1,460.4
2024-08-26,10043,74,1,201.8
2024-09-02,10044,74,1,120.2
2024-09-09,10044,74,1,5.3
2024-09-16,10045,74,1,373.7
2024-09-16,10046,74,3,349.5
2024-09-23,10046,74,3,70.0
2024-09-30,10047,74,3,455.8
2024-10-07,10047,74,3,246.6
2024-10-07,10048,74,1,376.2
2024-10-14,10048,74,1,29.3
2024-10-21,10049,74,1,367.6
2024-10-28,10049,74,1,0.0
2024-10-28,10050,74,1,483.7
2024-11-04,10050,74,1,185.5
2024-11-04,10051,74,1,566.6
2024-11-11,10051,74,1,309.1
2024-11-18,10052,74,3,482.3
2024-11-25,10052,74,3,127.6
2024-11-25,10053,74,3,83.5
2024-12-02,10053,74,3,20.1
2024-12-09,10054,74,1,146.0
2024-12-16,10054,74,1,0.0
2024-12-23,10055,74,1,87.0
2024-12-30,10055,74,1,0.0
2024-12-23,10056,74,1,450.7
2024-12-30,10056,74,1,137.4
2025-01-06,10057,74,1,469.8
2025-01-13,10057,74,1,201.6
2025-01-20,10058,74,3,569.7
2025-01-27,10058,74,3,299.3
2025-01-27,10059,74,1,134.5
2025-02-03,10059,74,1,0.0
2025-02-03,10060,74,1,338.8
2025-02-10,10060,74,1,176.6
2025-02-17,10061,74,1,437.7
2025-02-24,10061,74,1,143.4
2025-02-24,10062,74,3,57.3
2025-03-03,10062,74,3,21.7
2025-03-10,10063,74,3,339.0
2025-03-17,10063,74,3,113.0
2025-03-10,10064,74,3,185.0
2025-03-17,10064,74,3,52.1
2025-03-31,10065,74,1,252.4
2025-04-07,10066,74,1,125.6
2025-04-21,10067,74,1,573.2
2025-04-28,10068,74,3,215.3
2025-05-05,10068,74,3,62.7
2025-05-05,10069,74,1,215.2
2025-05-12,10069,74,1,47.3
2025-05-19,10070,74,3,445.2
2025-05-26,10070,74,3,90.5
2025-05-26,10071,74,3,512.1
2025-06-02,10072,74,1,536.6
2025-06-09,10072,74,1,300.3
2025-06-16,10073,74,1,357.3
2025-06-23,10073,74,1,165.6
2025-06-23,10074,74,3,219.0
2025-06-30,10074,74,3,0.0
2025-07-07,10075,74,1,195.3
2025-07-14,10075,74,1,127.6
2025-07-14,10076,74,1,497.0
2025-07-21,10076,74,1,314.0
2025-07-21,10077,74,1,299.6
2025-07-28,10077,74,1,0.0
2025-08-04,10078,74,1,320.9
2025-08-11,10079,74,1,471.2
2025-08-18,10079,74,1,280.4
2025-08-25,10080,74,1,272.7
2025-09-01,10080,74,1,66.4
2025-09-08,10081,74,3,103.8
2025-09-15,10081,74,3,0.0
2025-09-15,10082,74,1,489.4
2025-09-22,10083,74,3,244.4
2025-09-29,10083,74,3,102.9
2025-10-06,10084,74,1,142.6
2025-10-13,10084,74,1,51.1
2025-10-06,10085,74,1,258.2
2025-10-13,10085,74,1,129.4
2025-10-27,10086,74,3,321.2
2025-11-03,10086,74,3,133.4
2025-11-03,10087,74,1,382.3
2025-11-10,10087,74,1,28.5
2025-11-17,10088,74,3,296.5
2025-11-24,10088,74,3,168.9
2025-12-01,10089,74,3,72.3
2025-12-08,10090,74,1,230.4
2025-12-15,10090,74,1,137.8
2025-12-08,10091,74,1,72.6
2025-12-15,10091,74,1,25.2
2025-12-29,10092,74,3,150.7
2026-01-05,10092,74,3,58.4
2026-01-05,10093,74,3,281.4
2026-01-12,10093,74,3,0.0
2026-01-12,10094,74,3,125.9
2026-01-19,10094,74,3,81.7
2026-01-19,10095,74,1,185.3
2026-01-26,10095,74,1,0.0
2026-02-02,10096,74,1,135.6
2026-02-09,10096,74,1,48.2
2026-02-09,10097,74,1,187.4
2026-02-16,10097,74,1,19.8
2026-02-23,10098,74,1,88.1
2026-03-09,10099,74,3,336.0
2026-03-16,10099,74,3,0.0
2026-03-16,10100,74,1,268.5
2026-03-23,10100,74,1,34.1
2026-03-23,10101,74,3,230.6
2026-03-30,10101,74,3,0.0
2026-03-30,10102,74,1,382.1
2026-04-06,10102,74,1,0.0
2026-04-13,10103,74,1,441.8
2026-04-20,10103,74,1,198.5
2026-04-20,10104,74,3,313.5
2026-04-27,10104,74,3,68.0
2026-05-04,10105,74,1,185.2
2026-05-11,10105,74,1,0.0
2026-05-11,10106,74,3,377.0
2026-05-18,10106,74,3,0.0
2026-05-18,10107,74,1,249.3
2026-05-25,10107,74,1,0.0
2026-06-08,10108,74,1,267.3
2026-06-08,10109,74,3,312.9
2026-06-15,10109,74,3,71.7
2026-06-22,10110,74,3,417.2
2026-06-29,10110,74,3,114.5
2026-06-29,10111,74,3,380.5
2024-07-15,10112,74,4,599.5
2024-07-22,10112,74,4,389.0
2024-07-22,10113,74,4,193.9
2024-07-29,10113,74,4,126.9
2024-07-29,10114,74,4,304.7
2024-08-05,10114,74,4,62.3
2024-08-05,10115,74,4,324.0
2024-08-12,10115,74,4,213.0
2024-08-19,10116,74,4,166.6
2024-08-26,10116,74,4,70.2
2024-09-02,10117,74,4,237.1
2024-09-09,10117,74,4,123.2
2024-09-09,10118,74,4,149.5
2024-09-16,10119,74,4,153.5
2024-09-23,10119,74,4,60.9
2024-09-30,10120,74,4,357.4
2024-10-07,10120,74,4,211.8
2024-10-14,10121,74,4,248.7
2024-10-14,10122,74,4,53.4
2024-10-21,10122,74,4,16.8
2024-10-28,10123,74,4,580.6
2024-11-04,10123,74,4,271.2
2024-11-04,10124,74,4,179.6
2024-11-11,10124,74,4,26.2
2024-11-11,10125,74,4,289.3
2024-11-18,10125,74,4,136.6
2024-11-25,10126,74,4,180.6
2024-12-02,10126,74,4,38.2
2024-12-02,10127,74,4,378.6
2024-12-09,10127,74,4,0.0
2024-12-23,10128,74,4,235.0
2024-12-23,10129,74,4,447.7
2024-12-30,10129,74,4,179.5
2025-01-06,10130,74,4,384.4
2025-01-13,10130,74,4,243.8
2025-01-13,10131,74,4,114.6
2025-01-20,10131,74,4,64.1
2025-01-20,10132,74,4,291.5
2025-01-27,10132,74,4,22.0
2025-02-03,10133,74,4,341.3
2025-02-10,10133,74,4,155.6
2025-02-10,10134,74,4,180.1
2025-02-17,10134,74,4,107.2
2025-02-24,10135,74,4,116.5
2025-03-03,10135,74,4,60.1
2025-03-10,10136,74,4,379.5
2025-03-17,10136,74,4,241.0
2025-03-17,10137,74,4,257.9
2025-03-31,10138,74,4,54.5
2025-04-07,10138,74,4,14.1
2025-04-07,10139,74,4,367.8
2025-04-14,10139,74,4,209.6
2025-04-14,10140,74,4,368.7
2025-04-21,10140,74,4,101.5
2025-04-28,10141,74,4,396.1
2025-05-12,10142,74,4,370.0
2025-05-12,10143,74,4,216.6
2025-05-19,10143,74,4,53.1
2025-05-26,10144,74,4,230.1
2025-06-02,10144,74,4,49.2
2025-06-02,10145,74,4,59.7
2025-06-09,10145,74,4,16.4
2025-06-16,10146,74,4,401.1
2025-06-23,10146,74,4,188.1
2025-06-23,10147,74,4,292.7
2025-06-30,10147,74,4,168.4
2025-07-07,10148,74,4,354.8
2025-07-14,10149,74,4,501.0
2025-07-21,10149,74,4,260.9
2025-07-28,10150,74,4,164.4
2025-08-04,10150,74,4,95.7
2025-08-11,10151,74,4,294.4
2025-08-18,10151,74,4,76.7
2025-08-18,10152,74,4,239.6
2025-08-25,10152,74,4,96.1
2025-08-18,10153,74,4,421.0
2025-08-25,10153,74,4,0.0
2025-09-01,10154,74,4,139.8
2025-09-08,10154,74,4,91.6
2025-09-15,10155,74,4,523.4
2025-09-22,10155,74,4,271.8
2025-09-22,10156,74,4,405.0
2025-09-29,10156,74,4,12.9
2025-09-29,10157,74,4,223.3
2025-10-06,10157,74,4,138.6
2025-10-20,10158,74,4,422.2
2025-10-27,10158,74,4,242.4
2025-10-20,10159,74,4,256.5
2025-10-27,10159,74,4,111.0
2025-11-10,10160,74,4,107.7
2025-11-10,10161,74,4,121.4
2025-11-17,10161,74,4,56.9
2025-11-24,10162,74,4,223.1
2025-12-01,10163,74,4,202.1
2025-12-08,10163,74,4,87.2
2025-12-08,10164,74,4,33.3
2025-12-15,10164,74,4,0.6
2025-12-22,10165,74,4,237.8
2026-01-05,10166,74,4,405.7
2026-01-12,10167,74,4,388.6
2026-01-19,10167,74,4,0.0
2026-01-19,10168,74,4,494.7
2026-01-26,10168,74,4,305.5
2026-01-26,10169,74,4,108.8
2026-02-02,10169,74,4,45.6
2026-02-09,10170,74,4,318.6
2026-02-16,10170,74,4,126.2
2026-02-23,10171,74,4,69.4
2026-03-02,10171,74,4,4.9
2026-03-02,10172,74,4,485.6
2026-03-09,10172,74,4,181.1
2026-03-16,10173,74,4,378.0
2026-03-23,10173,74,4,0.0
2026-03-23,10174,74,4,400.4
2026-03-30,10175,74,4,397.2
2026-04-06,10175,74,4,0.0
2026-04-13,10176,74,4,158.9
2026-04-20,10177,74,4,217.1
2026-04-27,10177,74,4,0.1
2026-05-04,10178,74,4,56.7
2026-05-11,10178,74,4,36.4
2026-05-11,10179,74,4,217.8
2026-05-18,10179,74,4,118.6
2026-05-25,10180,74,4,244.5
2026-06-01,10180,74,4,8.0
2026-05-25,10181,74,4,290.5
2026-06-01,10181,74,4,161.9
2026-06-08,10182,74,4,319.3
2026-06-15,10182,74,4,30.6
2026-06-15,10183,74,4,237.4
2026-06-22,10183,74,4,26.8
2026-06-29,10184,74,4,257.8
2024-07-15,10185,74,5,331.8
2024-07-22,10185,74,5,54.6
2024-07-22,10186,74,5,329.0
2024-07-29,10186,74,5,25.0
2024-07-29,10187,74,5,484.7
2024-08-05,10187,74,5,241.4
2024-08-12,10188,74,5,149.8
2024-08-19,10188,74,5,46.7
2024-08-26,10189,74,5,258.2
2024-09-02,10189,74,5,129.3
2024-08-26,10190,74,5,557.0
2024-09-02,10190,74,5,266.1
2024-09-09,10191,74,5,130.0
2024-09-16,10192,74,5,251.7
2024-09-23,10192,74,5,139.4
2024-09-23,10193,74,5,510.0
2024-09-30,10193,74,5,264.1
2024-10-07,10194,74,5,174.3
2024-10-14,10194,74,5,7.7
2024-10-14,10195,74,5,188.4
2024-10-21,10195,74,5,109.8
2024-10-28,10196,74,5,140.3
2024-11-04,10196,74,5,23.6
2024-11-11,10197,74,5,417.4
2024-11-18,10197,74,5,259.8
2024-11-18,10198,74,5,372.0
2024-11-25,10199,74,5,372.4
2024-12-02,10199,74,5,224.9
2024-12-09,10200,74,5,120.9
2024-12-23,10201,74,5,406.3
2024-12-30,10202,74,5,363.9
2025-01-06,10202,74,5,57.9
2025-01-13,10203,74,5,437.0
2025-01-20,10204,74,5,316.6
2025-01-27,10204,74,5,135.1
2025-01-27,10205,74,5,83.0
2025-02-10,10206,74,5,145.6
2025-02-17,10206,74,5,0.0
2025-02-10,10207,74,5,436.2
2025-02-17,10207,74,5,199.5
2025-02-24,10208,74,5,408.0
2025-03-03,10208,74,5,241.1
2025-03-10,10209,74,5,231.8
2025-03-17,10209,74,5,38.6
2025-03-24,10210,74,5,405.4
2025-03-31,10211,74,5,283.2
2025-04-07,10212,74,5,381.6
2025-04-14,10212,74,5,54.1
2025-04-21,10213,74,5,456.4
2025-04-28,10214,74,5,589.2
2025-05-05,10214,74,5,313.4
2025-05-12,10215,74,5,169.1
2025-05-19,10215,74,5,0.0
2025-05-19,10216,74,5,330.3
2025-05-26,10217,74,5,287.2
2025-06-02,10217,74,5,0.0
2025-06-02,10218,74,5,282.3
2025-06-09,10218,74,5,0.0
2025-06-16,10219,74,5,575.0
2025-06-23,10219,74,5,256.0
2025-06-23,10220,74,5,89.6
2025-06-30,10220,74,5,18.2
2025-07-07,10221,74,5,279.1
2025-07-14,10221,74,5,67.2
2025-07-14,10222,74,5,225.3
2025-07-21,10222,74,5,0.0
2025-07-21,10223,74,5,166.2
2025-07-28,10223,74,5,0.0
2025-08-04,10224,74,5,371.5
2025-08-11,10224,74,5,141.0
2025-08-11,10225,74,5,126.1
2025-08-18,10225,74,5,0.0
2025-08-25,10226,74,5,289.4
2025-09-01,10227,74,5,162.9
2025-09-08,10227,74,5,63.8
2025-09-15,10228,74,5,142.8
2025-09-22,10228,74,5,7.5
2025-09-22,10229,74,5,45.6
2025-09-29,10229,74,5,25.2
2025-09-29,10230,74,5,452.7
2025-10-06,10230,74,5,92.5
2025-10-13,10231,74,5,236.8
2025-10-20,10231,74,5,81.6
2025-10-27,10232,74,5,109.5
2025-11-03,10232,74,5,0.0
2025-11-10,10233,74,5,351.0
2025-11-10,10234,74,5,472.5
2025-11-17,10234,74,5,223.0
2025-11-17,10235,74,5,413.1
2025-11-24,10235,74,5,96.2
2025-12-08,10236,74,5,282.3
2025-12-08,10237,74,5,293.5
2025-12-15,10237,74,5,0.0
2025-12-29,10238,74,5,176.1
2026-01-05,10238,74,5,77.2
2026-01-05,10239,74,5,432.7
2026-01-12,10240,74,5,359.2
2026-01-19,10240,74,5,179.5
2026-01-19,10241,74,5,362.8
2026-01-26,10241,74,5,0.0
2026-02-02,10242,74,5,101.2
2026-02-09,10242,74,5,43.4
2026-02-09,10243,74,5,383.7
2026-02-16,10243,74,5,0.0
2026-02-23,10244,74,5,287.9
2026-03-02,10245,74,5,568.6
2026-03-16,10246,74,5,355.1
2026-03-23,10246,74,5,0.0
2026-03-23,10247,74,5,52.7
2026-03-30,10247,74,5,7.4
2026-04-06,10248,74,5,223.3
2026-04-13,10248,74,5,31.6
2026-04-13,10249,74,5,349.3
2026-04-20,10249,74,5,0.0
2026-04-27,10250,74,5,163.0
2026-05-04,10250,74,5,11.0
2026-04-27,10251,74,5,172.8
2026-05-04,10251,74,5,55.7
2026-05-11,10252,74,5,69.2
2026-05-18,10252,74,5,29.4
2026-05-25,10253,74,5,503.4
2026-06-01,10253,74,5,118.7
2026-06-01,10254,74,5,228.6
2026-06-08,10254,74,5,71.2
2026-06-15,10255,74,5,374.4
2026-06-22,10255,74,5,39.7
2026-06-22,10256,74,5,509.0
2026-06-29,10256,74,5,126.0
2026-06-29,10257,74,5,119.7
2024-07-08,10258,74,9,318.5
2024-07-15,10258,74,9,200.1
2024-07-22,10259,74,9,450.5
2024-07-29,10259,74,9,117.9
2024-07-29,10260,74,9,189.4
2024-08-05,10260,74,9,113.8
2024-08-12,10261,74,9,174.7
2024-08-19,10261,74,9,38.5
2024-08-12,10262,74,9,485.5
2024-08-19,10262,74,9,138.9
2024-08-26,10263,74,9,594.7
2024-09-02,10263,74,9,292.3
2024-09-09,10264,74,7,557.9
2024-09-16,10264,74,7,307.7
2024-09-16,10265,74,7,448.5
2024-09-23,10265,74,7,106.1
2024-09-23,10266,74,7,51.4
2024-09-30,10266,74,7,17.9
2024-10-14,10267,74,7,198.0
2024-10-21,10267,74,7,78.0
2024-10-14,10268,74,9,536.0
2024-10-21,10268,74,9,223.9
2024-10-28,10269,74,7,427.2
2024-11-04,10269,74,7,213.3
2024-11-11,10270,74,7,133.0
2024-11-18,10270,74,7,21.0
2024-11-18,10271,74,7,564.8
2024-11-25,10271,74,7,359.7
2024-12-02,10272,74,7,239.8
2024-12-09,10272,74,7,0.0
2024-12-09,10273,74,7,227.9
2024-12-16,10273,74,7,0.0
2024-12-16,10274,74,9,550.7
2024-12-23,10274,74,9,271.5
2024-12-30,10275,74,9,377.1
2025-01-06,10275,74,9,0.0
2025-01-06,10276,74,7,513.7
2025-01-13,10276,74,7,233.5
2025-01-20,10277,74,7,466.4
2025-01-27,10277,74,7,292.8
2025-01-27,10278,74,7,440.9
2025-02-03,10278,74,7,291.8
2025-02-03,10279,74,9,297.3
2025-02-10,10279,74,9,159.6
2025-02-17,10280,74,7,210.1
2025-02-24,10281,74,7,351.8
2025-03-03,10281,74,7,115.5
2025-03-03,10282,74,7,279.4
2025-03-10,10282,74,7,0.0
2025-03-17,10283,74,7,487.2
2025-03-24,10283,74,7,254.5
2025-03-31,10284,74,9,566.6
2025-04-07,10284,74,9,357.1
2025-04-07,10285,74,9,122.1
2025-04-14,10285,74,9,51.2
2025-04-14,10286,74,7,158.2
2025-04-21,10286,74,7,51.3
2025-04-28,10287,74,9,342.9
2025-05-05,10287,74,9,187.8
2025-05-12,10288,74,7,441.7
2025-05-19,10288,74,7,267.4
2025-05-19,10289,74,7,70.7
2025-05-26,10289,74,7,22.5
2025-06-02,10290,74,9,47.4
2025-06-02,10291,74,7,353.2
2025-06-09,10291,74,7,0.0
2025-06-23,10292,74,7,433.4
2025-06-23,10293,74,9,153.5
2025-06-30,10293,74,9,0.0
2025-07-07,10294,74,9,621.0
2025-07-14,10295,74,7,315.2
2025-07-21,10295,74,7,0.0
2025-07-21,10296,74,9,95.3
2025-07-28,10296,74,9,38.5
2025-08-04,10297,74,7,569.6
2025-08-11,10297,74,7,316.2
2025-08-18,10298,74,7,403.0
2025-08-25,10298,74,7,0.0
2025-08-25,10299,74,7,208.4
2025-09-01,10299,74,7,0.0
2025-09-08,10300,74,7,291.8
2025-09-08,10301,74,7,512.6
2025-09-15,10301,74,7,223.2
2025-09-22,10302,74,7,468.6
2025-09-29,10302,74,7,273.3
2025-09-29,10303,74,9,318.0
2025-10-06,10303,74,9,126.9
2025-10-13,10304,74,7,168.2
2025-10-20,10304,74,7,0.0
2025-10-20,10305,74,9,66.1
2025-10-27,10305,74,9,16.3
2025-11-03,10306,74,7,311.3
2025-11-10,10306,74,7,160.6
2025-11-17,10307,74,7,90.0
2025-11-24,10307,74,7,31.0
2025-11-24,10308,74,9,88.3
2025-12-01,10308,74,9,44.6
2025-12-08,10309,74,7,202.4
2025-12-15,10310,74,9,132.1
2025-12-22,10310,74,9,68.2
2025-12-22,10311,74,7,546.1
2025-12-29,10311,74,7,337.3
2026-01-05,10312,74,7,118.4
2026-01-12,10312,74,7,57.9
2026-01-05,10313,74,7,241.7
2026-01-12,10313,74,7,158.3
2026-01-19,10314,74,7,363.2
2026-01-26,10314,74,7,39.4
2026-02-02,10315,74,9,243.6
2026-02-09,10315,74,9,0.0
2026-02-16,10316,74,9,421.3
2026-02-23,10316,74,9,0.0
2026-02-16,10317,74,7,385.7
2026-02-23,10317,74,7,112.4
2026-03-02,10318,74,7,562.4
2026-03-09,10318,74,7,229.7
2026-03-16,10319,74,7,155.4
2026-03-23,10319,74,7,72.9
2026-03-23,10320,74,9,537.2
2026-03-30,10320,74,9,256.4
2026-04-06,10321,74,7,152.1
2026-04-13,10321,74,7,98.1
2026-04-13,10322,74,7,159.6
2026-04-20,10322,74,7,79.3
2026-04-20,10323,74,9,409.7
2026-04-27,10323,74,9,0.0
2026-05-04,10324,74,9,177.1
2026-05-11,10324,74,9,81.2
2026-05-11,10325,74,7,523.5
2026-05-18,10325,74,7,239.0
2026-05-25,10326,74,7,192.4
2026-06-01,10326,74,7,54.8
2026-06-01,10327,74,7,234.9
2026-06-08,10327,74,7,100.9
2026-06-15,10328,74,9,389.0
2026-06-22,10328,74,9,192.0
2026-06-22,10329,74,9,299.9
2026-06-29,10329,74,9,164.8
2026-06-22,10330,74,7,383.0
2026-06-29,10330,74,7,175.0
2024-07-08,10331,74,10,592.8
2024-07-15,10331,74,10,301.6
2024-07-22,10332,74,10,170.3
2024-07-29,10332,74,10,107.6
2024-08-05,10333,74,10,642.2
2024-08-12,10333,74,10,413.5
2024-08-12,10334,74,10,158.5
2024-08-19,10334,74,10,3.0
2024-08-19,10335,74,10,329.0
2024-08-26,10335,74,10,0.0
2024-09-02,10336,74,10,127.7
2024-09-09,10336,74,10,73.4
2024-09-09,10337,74,10,320.1
2024-09-16,10337,74,10,148.2
2024-09-16,10338,74,10,312.9
2024-09-23,10338,74,10,30.7
2024-09-30,10339,74,10,546.8
2024-10-14,10340,74,10,199.6
2024-10-21,10340,74,10,122.2
2024-10-21,10341,74,10,125.3
2024-10-28,10341,74,10,34.7
2024-10-28,10342,74,10,104.6
2024-11-04,10342,74,10,3.2
2024-11-11,10343,74,10,367.9
2024-11-18,10343,74,10,216.8
2024-11-18,10344,74,10,58.6
2024-11-25,10344,74,10,10.3
2024-11-25,10345,74,10,484.9
2024-12-02,10345,74,10,265.8
2024-12-09,10346,74,10,253.0
2024-12-16,10346,74,10,137.1
2024-12-23,10347,74,10,617.3
2024-12-30,10348,74,10,573.3
2025-01-06,10348,74,10,350.5
2025-01-13,10349,74,10,162.1
2025-01-20,10350,74,10,438.1
2025-01-27,10350,74,10,185.1
2025-01-20,10351,74,10,50.3
2025-01-27,10351,74,10,1.6
2025-02-03,10352,74,10,94.4
2025-02-10,10352,74,10,0.0
2025-02-17,10353,74,10,238.0
2025-02-24,10353,74,10,119.1
2025-02-24,10354,74,10,112.9
2025-03-03,10354,74,10,60.7
2025-03-10,10355,74,10,499.2
2025-03-17,10355,74,10,211.4
2025-03-24,10356,74,10,645.2
2025-03-31,10356,74,10,424.5
2025-03-31,10357,74,10,41.1
2025-04-07,10358,74,10,404.8
2025-04-14,10358,74,10,146.6
2025-04-14,10359,74,10,178.2
2025-04-21,10359,74,10,103.4
2025-04-28,10360,74,10,89.9
2025-05-05,10360,74,10,0.0
2025-05-12,10361,74,10,128.2
2025-05-19,10361,74,10,0.4
2025-05-12,10362,74,10,368.9
2025-05-19,10362,74,10,208.8
2025-06-02,10363,74,10,402.2
2025-06-09,10363,74,10,89.5
2025-06-02,10364,74,10,92.6
2025-06-09,10364,74,10,9.2
2025-06-16,10365,74,10,149.7
2025-06-23,10365,74,10,56.4
2025-06-23,10366,74,10,47.5
2025-06-30,10366,74,10,15.0
2025-07-07,10367,74,10,344.0
2025-07-14,10367,74,10,88.0
2025-07-14,10368,74,10,136.2
2025-07-21,10369,74,10,288.5
2025-07-28,10369,74,10,116.0
2025-08-04,10370,74,10,211.6
2025-08-11,10370,74,10,84.2
2025-08-11,10371,74,10,141.4
2025-08-18,10371,74,10,14.7
2025-08-25,10372,74,10,504.4
2025-09-01,10372,74,10,275.7
2025-09-08,10373,74,10,166.6
2025-09-15,10374,74,10,474.8
2025-09-22,10375,74,10,149.8
2025-09-29,10375,74,10,41.6
2025-10-06,10376,74,10,99.8
2025-10-13,10377,74,10,159.5
2025-10-20,10377,74,10,51.0
2025-10-20,10378,74,10,635.9
2025-10-27,10378,74,10,382.8
2025-11-10,10379,74,10,372.3
2025-11-10,10380,74,10,168.6
2025-11-17,10380,74,10,67.2
2025-11-17,10381,74,10,373.1
2025-11-24,10381,74,10,100.1
2025-11-24,10382,74,10,285.2
2025-12-01,10382,74,10,166.3
2025-12-15,10383,74,10,249.7
2025-12-22,10383,74,10,5.5
2025-12-22,10384,74,10,365.0
2025-12-29,10384,74,10,49.0
2025-12-29,10385,74,10,257.7
2026-01-05,10385,74,10,0.0
2026-01-12,10386,74,10,451.9
2026-01-19,10386,74,10,56.9
2026-01-19,10387,74,10,444.6
2026-01-26,10387,74,10,63.2
2026-01-26,10388,74,10,115.8
2026-02-02,10388,74,10,52.5
2026-02-09,10389,74,10,59.4
2026-02-16,10389,74,10,7.8
2026-02-16,10390,74,10,147.0
2026-02-23,10390,74,10,44.0
2026-03-02,10391,74,10,504.6
2026-03-09,10391,74,10,325.3
2026-03-09,10392,74,10,235.7
2026-03-16,10392,74,10,0.0
2026-03-23,10393,74,10,119.3
2026-03-30,10393,74,10,23.6
2026-03-30,10394,74,10,494.5
2026-04-06,10394,74,10,261.0
2026-04-13,10395,74,10,149.1
2026-04-20,10395,74,10,0.0
2026-04-27,10396,74,10,232.5
2026-05-04,10396,74,10,134.9
2026-05-04,10397,74,10,95.9
2026-05-18,10398,74,10,214.3
2026-05-18,10399,74,10,71.3
2026-05-25,10399,74,10,0.0
2026-05-25,10400,74,10,94.1
2026-06-01,10400,74,10,44.1
2026-06-08,10401,74,10,76.6
2026-06-15,10401,74,10,37.3
2026-06-22,10402,74,10,88.9
2026-06-29,10402,74,10,20.9
2026-06-29,10403,74,10,390.5
2024-09-02,10404,75,1,276.8
2024-09-09,10404,75,1,243.7
2024-09-16,10404,75,1,210.5
2024-09-23,10404,75,1,177.4
2024-09-30,10404,75,1,144.2
2024-10-07,10404,75,1,111.1
2024-10-14,10404,75,1,77.9
2024-10-21,10404,75,1,44.7
2024-10-28,10404,75,1,11.6
2024-11-04,10404,75,1,0.0
2024-09-16,10405,75,3,169.2
2024-09-23,10405,75,3,148.4
2024-09-30,10405,75,3,127.6
2024-10-07,10405,75,3,106.8
2024-10-14,10405,75,3,86.0
2024-10-21,10405,75,3,65.2
2024-10-28,10405,75,3,44.4
2024-11-04,10405,75,3,23.6
2024-11-11,10405,75,3,2.8
2024-11-18,10405,75,3,0.0
2024-12-23,10406,75,1,261.7
2024-12-30,10406,75,1,207.5
2025-01-06,10406,75,1,153.2
2025-01-13,10406,75,1,98.9
2025-01-20,10406,75,1,44.7
2025-01-27,10406,75,1,0.0
2025-03-03,10407,75,3,678.9
2025-03-10,10407,75,3,551.7
2025-03-17,10407,75,3,424.6
2025-03-24,10407,75,3,297.5
2025-03-31,10407,75,3,170.3
2025-04-07,10407,75,3,43.2
2025-04-14,10407,75,3,0.0
2025-04-28,10408,75,1,676.7
2025-05-05,10408,75,1,499.5
2025-05-12,10408,75,1,322.2
2025-05-19,10408,75,1,145.0
2025-05-26,10408,75,1,0.0
2025-05-19,10409,75,3,753.4
2025-05-26,10409,75,3,624.8
2025-06-02,10409,75,3,496.3
2025-06-09,10409,75,3,367.7
2025-06-16,10409,75,3,239.1
2025-06-23,10409,75,3,110.5
2025-06-30,10409,75,3,0.0
2025-07-21,10410,75,3,258.4
2025-07-28,10410,75,3,197.9
2025-08-04,10410,75,3,137.3
2025-08-11,10410,75,3,76.8
2025-08-18,10410,75,3,16.2
2025-08-25,10410,75,3,0.0
2025-10-20,10411,75,1,704.5
2025-10-27,10411,75,1,588.9
2025-11-03,10411,75,1,473.4
2025-11-10,10411,75,1,357.9
2025-11-17,10411,75,1,242.3
2025-11-24,10411,75,1,126.8
2025-12-01,10411,75,1,11.3
2025-12-08,10411,75,1,0.0
2025-11-10,10412,75,1,430.4
2025-11-17,10412,75,1,338.8
2025-11-24,10412,75,1,247.1
2025-12-01,10412,75,1,155.5
2025-12-08,10412,75,1,63.9
2025-12-15,10412,75,1,0.0
2026-01-26,10413,75,1,140.5
2026-02-02,10413,75,1,108.1
2026-02-09,10413,75,1,75.6
2026-02-16,10413,75,1,43.2
2026-02-23,10413,75,1,10.7
2026-03-02,10413,75,1,0.0
2026-03-09,10414,75,3,790.0
2026-03-16,10414,75,3,701.1
2026-03-23,10414,75,3,612.1
2026-03-30,10414,75,3,523.2
2026-04-06,10414,75,3,434.2
2026-04-13,10414,75,3,345.2
2026-04-20,10414,75,3,256.3
2026-04-27,10414,75,3,167.3
2026-05-04,10414,75,3,78.4
2026-05-11,10414,75,3,0.0
2026-05-04,10415,75,3,71.9
2026-05-11,10415,75,3,63.9
2026-05-18,10415,75,3,55.8
2026-05-25,10415,75,3,47.7
2026-06-01,10415,75,3,39.7
2026-06-08,10415,75,3,31.6
2026-06-15,10415,75,3,23.5
2026-06-22,10415,75,3,15.5
2026-06-29,10415,75,3,7.4
2024-08-12,10416,75,4,209.5
2024-08-19,10416,75,4,153.1
2024-08-26,10416,75,4,96.6
2024-09-02,10416,75,4,40.1
2024-09-09,10416,75,4,0.0
2024-10-14,10417,75,4,252.6
2024-10-21,10417,75,4,220.2
2024-10-28,10417,75,4,187.8
2024-11-04,10417,75,4,155.4
2024-11-11,10417,75,4,123.0
2024-11-18,10417,75,4,90.6
2024-11-25,10417,75,4,58.2
2024-12-02,10417,75,4,25.8
2024-12-09,10417,75,4,0.0
2024-11-18,10418,75,4,103.5
2024-11-25,10418,75,4,93.0
2024-12-02,10418,75,4,82.5
2024-12-09,10418,75,4,72.0
2024-12-16,10418,75,4,61.5
2024-12-23,10418,75,4,51.1
2024-12-30,10418,75,4,40.6
2025-01-06,10418,75,4,30.1
2025-01-13,10418,75,4,19.6
2025-01-20,10418,75,4,9.1
2025-01-27,10418,75,4,0.0
2025-01-06,10419,75,4,353.9
2025-01-13,10419,75,4,308.8
2025-01-20,10419,75,4,263.6
2025-01-27,10419,75,4,218.5
2025-02-03,10419,75,4,173.4
2025-02-10,10419,75,4,128.3
2025-02-17,10419,75,4,83.2
2025-02-24,10419,75,4,38.0
2025-03-03,10419,75,4,0.0
2025-04-14,10420,75,4,145.2
2025-04-21,10420,75,4,115.3
2025-04-28,10420,75,4,85.5
2025-05-05,10420,75,4,55.7
2025-05-12,10420,75,4,25.8
2025-05-19,10420,75,4,0.0
2025-06-02,10421,75,4,610.0
2025-06-09,10421,75,4,556.1
2025-06-16,10421,75,4,502.1
2025-06-23,10421,75,4,448.2
2025-06-30,10421,75,4,394.2
2025-07-07,10421,75,4,340.2
2025-07-14,10421,75,4,286.3
2025-07-21,10421,75,4,232.3
2025-07-28,10421,75,4,178.4
2025-08-04,10421,75,4,124.4
2025-08-11,10421,75,4,70.4
2025-08-18,10421,75,4,16.5
2025-08-25,10421,75,4,0.0
2025-08-04,10422,75,4,606.2
2025-08-11,10422,75,4,505.4
2025-08-18,10422,75,4,404.5
2025-08-25,10422,75,4,303.7
2025-09-01,10422,75,4,202.9
2025-09-08,10422,75,4,102.1
2025-09-15,10422,75,4,1.2
2025-09-22,10422,75,4,0.0
2025-09-08,10423,75,4,158.5
2025-09-15,10423,75,4,139.0
2025-09-22,10423,75,4,119.5
2025-09-29,10423,75,4,100.0
2025-10-06,10423,75,4,80.5
2025-10-13,10423,75,4,61.0
2025-10-20,10423,75,4,41.5
2025-10-27,10423,75,4,21.9
2025-11-03,10423,75,4,2.4
2025-11-10,10423,75,4,0.0
2025-11-24,10424,75,4,707.9
2025-12-01,10424,75,4,572.8
2025-12-08,10424,75,4,437.7
2025-12-15,10424,75,4,302.6
2025-12-22,10424,75,4,167.5
2025-12-29,10424,75,4,32.4
2026-01-05,10424,75,4,0.0
2026-01-26,10425,75,4,170.9
2026-02-02,10425,75,4,158.8
2026-02-09,10425,75,4,146.7
2026-02-16,10425,75,4,134.6
2026-02-23,10425,75,4,122.4
2026-03-02,10425,75,4,110.3
2026-03-09,10425,75,4,98.2
2026-03-16,10425,75,4,86.1
2026-03-23,10425,75,4,74.0
2026-03-30,10425,75,4,61.9
2026-04-06,10425,75,4,49.8
2026-04-13,10425,75,4,37.7
2026-04-20,10425,75,4,25.5
2026-04-06,10426,75,4,132.7
2026-04-13,10426,75,4,121.4
2026-04-20,10426,75,4,110.1
2026-04-27,10426,75,4,98.8
2026-05-04,10426,75,4,87.5
2026-05-11,10426,75,4,76.2
2026-05-18,10426,75,4,64.9
2026-05-25,10426,75,4,53.6
2026-06-01,10426,75,4,42.3
2026-06-08,10426,75,4,31.0
2026-06-15,10426,75,4,19.7
2026-06-22,10426,75,4,8.4
2026-06-29,10426,75,4,0.0
2026-04-27,10427,75,4,267.1
2026-05-04,10427,75,4,238.3
2026-05-11,10427,75,4,209.4
2026-05-18,10427,75,4,180.6
2026-05-25,10427,75,4,151.7
2026-06-01,10427,75,4,122.8
2026-06-08,10427,75,4,94.0
2026-06-15,10427,75,4,65.1
2026-06-22,10427,75,4,36.3
2026-06-29,10427,75,4,7.4
2024-07-22,10428,75,5,623.8
2024-07-29,10428,75,5,458.6
2024-08-05,10428,75,5,293.4
2024-08-12,10428,75,5,128.1
2024-08-19,10428,75,5,0.0
2024-09-02,10429,75,5,61.7
2024-09-09,10429,75,5,45.3
2024-09-16,10429,75,5,29.0
2024-09-23,10429,75,5,12.6
2024-09-30,10429,75,5,0.0
2024-12-16,10430,75,5,255.9
2024-12-23,10430,75,5,220.9
2024-12-30,10430,75,5,185.8
2025-01-06,10430,75,5,150.8
2025-01-13,10430,75,5,115.7
2025-01-20,10430,75,5,80.7
2025-01-27,10430,75,5,45.6
2025-02-03,10430,75,5,10.6
2025-02-10,10430,75,5,0.0
2025-02-10,10431,75,5,161.9
2025-02-17,10431,75,5,127.8
2025-02-24,10431,75,5,93.7
2025-03-03,10431,75,5,59.6
2025-03-10,10431,75,5,25.5
2025-03-17,10431,75,5,0.0
2025-03-10,10432,75,5,633.1
2025-03-17,10432,75,5,561.1
2025-03-24,10432,75,5,489.2
2025-03-31,10432,75,5,417.2
2025-04-07,10432,75,5,345.3
2025-04-14,10432,75,5,273.3
2025-04-21,10432,75,5,201.4
2025-04-28,10432,75,5,129.4
2025-05-05,10432,75,5,57.5
2025-05-12,10432,75,5,0.0
2025-06-30,10433,75,5,196.8
2025-07-07,10433,75,5,182.7
2025-07-14,10433,75,5,168.5
2025-07-21,10433,75,5,154.4
2025-07-28,10433,75,5,140.2
2025-08-04,10433,75,5,126.1
2025-08-11,10433,75,5,111.9
2025-08-18,10433,75,5,97.7
2025-08-25,10433,75,5,83.6
2025-09-01,10433,75,5,69.4
2025-09-08,10433,75,5,55.3
2025-09-15,10433,75,5,41.1
2025-09-22,10433,75,5,27.0
2025-07-28,10434,75,5,614.4
2025-08-04,10434,75,5,452.8
2025-08-11,10434,75,5,291.2
2025-08-18,10434,75,5,129.6
2025-08-25,10434,75,5,0.0
2025-09-01,10435,75,5,71.5
2025-09-08,10435,75,5,60.1
2025-09-15,10435,75,5,48.6
2025-09-22,10435,75,5,37.2
2025-09-29,10435,75,5,25.7
2025-10-06,10435,75,5,14.2
2025-10-13,10435,75,5,2.8
2025-10-20,10435,75,5,0.0
2025-12-15,10436,75,5,236.3
2025-12-22,10436,75,5,194.6
2025-12-29,10436,75,5,152.9
2026-01-05,10436,75,5,111.2
2026-01-12,10436,75,5,69.4
2026-01-19,10436,75,5,27.7
2026-01-26,10436,75,5,0.0
2025-12-29,10437,75,5,58.3
2026-01-05,10437,75,5,50.7
2026-01-12,10437,75,5,43.0
2026-01-19,10437,75,5,35.4
2026-01-26,10437,75,5,27.7
2026-02-02,10437,75,5,20.1
2026-02-09,10437,75,5,12.4
2026-02-16,10437,75,5,4.8
2026-02-23,10437,75,5,0.0
2026-04-20,10438,75,5,602.1
2026-04-27,10438,75,5,469.1
2026-05-04,10438,75,5,336.2
2026-05-11,10438,75,5,203.3
2026-05-18,10438,75,5,70.3
2026-05-25,10438,75,5,0.0
2026-05-25,10439,75,5,586.1
2026-06-01,10439,75,5,446.2
2026-06-08,10439,75,5,306.3
2026-06-15,10439,75,5,166.4
2026-06-22,10439,75,5,26.5
2026-06-29,10439,75,5,0.0
2026-06-29,10440,75,5,539.1
2024-07-08,10441,75,7,52.3
2024-07-15,10441,75,7,44.6
2024-07-22,10441,75,7,36.8
2024-07-29,10441,75,7,29.1
2024-08-05,10441,75,7,21.4
2024-08-12,10441,75,7,13.7
2024-08-19,10441,75,7,6.0
2024-08-26,10441,75,7,0.0
2024-09-30,10442,75,9,699.2
2024-10-07,10442,75,9,564.3
2024-10-14,10442,75,9,429.5
2024-10-21,10442,75,9,294.6
2024-10-28,10442,75,9,159.8
2024-11-04,10442,75,9,24.9
2024-11-11,10442,75,9,0.0
2024-11-25,10443,75,7,106.7
2024-12-02,10443,75,7,78.4
2024-12-09,10443,75,7,50.1
2024-12-16,10443,75,7,21.8
2024-12-23,10443,75,7,0.0
2025-02-17,10444,75,7,746.0
2025-02-24,10444,75,7,683.1
2025-03-03,10444,75,7,620.1
2025-03-10,10444,75,7,557.2
2025-03-17,10444,75,7,494.2
2025-03-24,10444,75,7,431.2
2025-03-31,10444,75,7,368.3
2025-04-07,10444,75,7,305.3
2025-04-14,10444,75,7,242.4
2025-04-21,10444,75,7,179.4
2025-04-28,10444,75,7,116.5
2025-05-05,10444,75,7,53.5
2025-05-12,10444,75,7,0.0
2025-03-10,10445,75,7,640.1
2025-03-17,10445,75,7,481.2
2025-03-24,10445,75,7,322.4
2025-03-31,10445,75,7,163.5
2025-04-07,10445,75,7,4.6
2025-04-14,10445,75,7,0.0
2025-05-12,10446,75,9,656.4
2025-05-19,10446,75,9,521.9
2025-05-26,10446,75,9,387.3
2025-06-02,10446,75,9,252.8
2025-06-09,10446,75,9,118.2
2025-06-16,10446,75,9,0.0
2025-07-28,10447,75,7,65.5
2025-08-04,10447,75,7,57.9
2025-08-11,10447,75,7,50.4
2025-08-18,10447,75,7,42.8
2025-08-25,10447,75,7,35.3
2025-09-01,10447,75,7,27.8
2025-09-08,10447,75,7,20.2
2025-09-15,10447,75,7,12.7
2025-09-22,10447,75,7,5.2
2025-09-29,10447,75,7,0.0
2025-10-13,10448,75,7,231.4
2025-10-20,10448,75,7,177.8
2025-10-27,10448,75,7,124.2
2025-11-03,10448,75,7,70.6
2025-11-10,10448,75,7,17.0
2025-11-17,10448,75,7,0.0
2025-12-01,10449,75,9,59.4
2025-12-08,10449,75,9,52.7
2025-12-15,10449,75,9,46.1
2025-12-22,10449,75,9,39.4
2025-12-29,10449,75,9,32.8
2026-01-05,10449,75,9,26.1
2026-01-12,10449,75,9,19.5
2026-01-19,10449,75,9,12.8
2026-01-26,10449,75,9,6.2
2026-02-02,10449,75,9,0.0
2026-01-19,10450,75,9,577.7
2026-01-26,10450,75,9,500.4
2026-02-02,10450,75,9,423.1
2026-02-09,10450,75,9,345.8
2026-02-16,10450,75,9,268.4
2026-02-23,10450,75,9,191.1
2026-03-02,10450,75,9,113.8
2026-03-09,10450,75,9,36.5
2026-03-16,10450,75,9,0.0
2026-04-13,10451,75,7,765.2
2026-04-20,10451,75,7,668.4
2026-04-27,10451,75,7,571.6
2026-05-04,10451,75,7,474.8
2026-05-11,10451,75,7,378.0
2026-05-18,10451,75,7,281.2
2026-05-25,10451,75,7,184.4
2026-06-01,10451,75,7,87.6
2026-06-08,10451,75,7,0.0
2026-05-25,10452,75,9,623.6
2026-06-01,10452,75,9,473.2
2026-06-08,10452,75,9,322.7
2026-06-15,10452,75,9,172.3
2026-06-22,10452,75,9,21.9
2026-06-29,10452,75,9,0.0
2024-08-05,10453,75,10,563.6
2024-08-12,10453,75,10,504.2
2024-08-19,10453,75,10,444.8
2024-08-26,10453,75,10,385.4
2024-09-02,10453,75,10,325.9
2024-09-09,10453,75,10,266.5
2024-09-16,10453,75,10,207.1
2024-09-23,10453,75,10,147.7
2024-09-30,10453,75,10,88.3
2024-10-07,10453,75,10,28.9
2024-10-14,10453,75,10,0.0
2024-09-23,10454,75,10,600.9
2024-09-30,10454,75,10,452.9
2024-10-07,10454,75,10,304.8
2024-10-14,10454,75,10,156.7
2024-10-21,10454,75,10,8.6
2024-10-28,10454,75,10,0.0
2024-12-30,10455,75,10,199.3
2025-01-06,10455,75,10,167.6
2025-01-13,10455,75,10,135.9
2025-01-20,10455,75,10,104.2
2025-01-27,10455,75,10,72.5
2025-02-03,10455,75,10,40.8
2025-02-10,10455,75,10,9.1
2025-02-17,10455,75,10,0.0
2025-03-03,10456,75,10,597.1
2025-03-10,10456,75,10,439.3
2025-03-17,10456,75,10,281.4
2025-03-24,10456,75,10,123.5
2025-03-31,10456,75,10,0.0
2025-03-03,10457,75,10,783.4
2025-03-10,10457,75,10,671.9
2025-03-17,10457,75,10,560.3
2025-03-24,10457,75,10,448.7
2025-03-31,10457,75,10,337.1
2025-04-07,10457,75,10,225.6
2025-04-14,10457,75,10,114.0
2025-04-21,10457,75,10,2.4
2025-04-28,10457,75,10,0.0
2025-05-26,10458,75,10,459.1
2025-06-02,10458,75,10,392.2
2025-06-09,10458,75,10,325.2
2025-06-16,10458,75,10,258.3
2025-06-23,10458,75,10,191.4
2025-06-30,10458,75,10,124.5
2025-07-07,10458,75,10,57.6
2025-07-14,10458,75,10,0.0
2025-07-28,10459,75,10,110.2
2025-08-04,10459,75,10,99.4
2025-08-11,10459,75,10,88.5
2025-08-18,10459,75,10,77.7
2025-08-25,10459,75,10,66.9
2025-09-01,10459,75,10,56.1
2025-09-08,10459,75,10,45.3
2025-09-15,10459,75,10,34.4
2025-09-22,10459,75,10,23.6
2025-09-29,10459,75,10,12.8
2025-10-06,10459,75,10,2.0
2025-10-13,10459,75,10,0.0
2025-10-27,10460,75,10,399.9
2025-11-03,10460,75,10,366.9
2025-11-10,10460,75,10,333.8
2025-11-17,10460,75,10,300.8
2025-11-24,10460,75,10,267.7
2025-12-01,10460,75,10,234.7
2025-12-08,10460,75,10,201.6
2025-12-15,10460,75,10,168.6
2025-12-22,10460,75,10,135.5
2025-12-29,10460,75,10,102.5
2026-01-05,10460,75,10,69.4
2026-01-12,10460,75,10,36.4
2026-01-19,10460,75,10,3.3
2025-12-15,10461,75,10,123.4
2025-12-22,10461,75,10,97.8
2025-12-29,10461,75,10,72.2
2026-01-05,10461,75,10,46.7
2026-01-12,10461,75,10,21.1
2026-01-19,10461,75,10,0.0
2026-02-16,10462,75,10,409.8
2026-02-23,10462,75,10,344.6
2026-03-02,10462,75,10,279.3
2026-03-09,10462,75,10,214.1
2026-03-16,10462,75,10,148.9
2026-03-23,10462,75,10,83.7
2026-03-30,10462,75,10,18.4
2026-04-06,10462,75,10,0.0
2026-03-30,10463,75,10,364.6
2026-04-06,10463,75,10,332.2
2026-04-13,10463,75,10,299.8
2026-04-20,10463,75,10,267.5
2026-04-27,10463,75,10,235.1
2026-05-04,10463,75,10,202.7
2026-05-11,10463,75,10,170.3
2026-05-18,10463,75,10,137.9
2026-05-25,10463,75,10,105.5
2026-06-01,10463,75,10,73.1
2026-06-08,10463,75,10,40.8
2026-06-15,10463,75,10,8.4
2026-06-22,10463,75,10,0.0
2026-06-22,10464,75,10,60.7
2026-06-29,10464,75,10,56.4
2024-09-23,10465,76,1,525.2
2024-09-30,10465,76,1,385.4
2024-10-07,10465,76,1,245.7
2024-10-14,10465,76,1,105.9
2024-10-21,10465,76,1,0.0
2025-02-03,10466,76,1,1158.4
2025-02-10,10466,76,1,886.9
2025-02-17,10466,76,1,615.3
2025-02-24,10466,76,1,343.8
2025-03-03,10466,76,1,72.2
2025-03-10,10466,76,1,0.0
2025-05-26,10467,76,1,975.0
2025-06-02,10467,76,1,706.0
2025-06-09,10467,76,1,436.9
2025-06-16,10467,76,1,167.9
2025-06-23,10467,76,1,0.0
2025-09-15,10468,76,6,555.6
2025-09-22,10468,76,6,481.1
2025-09-29,10468,76,6,406.7
2025-10-06,10468,76,6,332.2
2025-10-13,10468,76,6,257.8
2025-10-20,10468,76,6,183.3
2025-10-27,10468,76,6,108.9
2025-11-03,10468,76,6,34.4
2025-11-10,10468,76,6,0.0
2026-02-02,10469,76,6,280.2
2026-02-09,10469,76,6,237.4
2026-02-16,10469,76,6,194.6
2026-02-23,10469,76,6,151.9
2026-03-02,10469,76,6,109.1
2026-03-09,10469,76,6,66.3
2026-03-16,10469,76,6,23.5
2026-03-23,10469,76,6,0.0
2026-06-01,10470,76,1,791.5
2026-06-08,10470,76,1,715.0
2026-06-15,10470,76,1,638.5
2026-06-22,10470,76,1,562.0
2026-06-29,10470,76,1,485.5
2024-09-23,10471,77,4,942.3
2024-09-30,10471,77,4,779.7
2024-10-07,10471,77,4,617.0
2024-10-14,10471,77,4,454.3
2024-10-21,10471,77,4,291.7
2024-10-28,10471,77,4,129.0
2024-11-04,10471,77,4,0.0
2025-01-06,10472,77,7,709.4
2025-01-13,10472,77,7,534.7
2025-01-20,10472,77,7,360.1
2025-01-27,10472,77,7,185.5
2025-02-03,10472,77,7,10.9
2025-02-10,10472,77,7,0.0
2025-04-28,10473,77,4,1023.4
2025-05-05,10473,77,4,800.9
2025-05-12,10473,77,4,578.3
2025-05-19,10473,77,4,355.8
2025-05-26,10473,77,4,133.2
2025-06-02,10473,77,4,0.0
2025-10-20,10474,77,4,592.9
2025-10-27,10474,77,4,545.9
2025-11-03,10474,77,4,498.8
2025-11-10,10474,77,4,451.8
2025-11-17,10474,77,4,404.7
2025-11-24,10474,77,4,357.7
2025-12-01,10474,77,4,310.6
2025-12-08,10474,77,4,263.5
2025-12-15,10474,77,4,216.5
2025-12-22,10474,77,4,169.4
2025-12-29,10474,77,4,122.4
2026-01-05,10474,77,4,75.3
2026-01-12,10474,77,4,28.2
2026-01-19,10474,77,4,0.0
2025-12-15,10475,77,10,1196.3
2025-12-22,10475,77,10,1068.7
2025-12-29,10475,77,10,941.0
2026-01-05,10475,77,10,813.4
2026-01-12,10475,77,10,685.7
2026-01-19,10475,77,10,558.0
2026-01-26,10475,77,10,430.4
2026-02-02,10475,77,10,302.7
2026-02-09,10475,77,10,175.1
2026-02-16,10475,77,10,47.4
2026-02-23,10475,77,10,0.0
2026-03-30,10476,77,10,705.4
2026-04-06,10476,77,10,518.8
2026-04-13,10476,77,10,332.3
2026-04-20,10476,77,10,145.7
2026-04-27,10476,77,10,0.0
2026-06-29,10477,77,10,363.2
2024-07-08,10478,78,3,111.5
2024-07-15,10479,78,1,396.1
2024-07-29,10481,78,1,306.3
2024-08-05,10482,78,3,447.9
2024-08-12,10483,78,1,386.6
2024-08-19,10484,78,3,40.3
2024-09-02,10486,78,1,313.1
2024-09-09,10487,78,1,217.1
2024-10-07,10491,78,3,491.9
2024-10-28,10494,78,3,53.6
2024-11-04,10495,78,1,306.0
2024-11-11,10496,78,1,42.3
2024-11-18,10497,78,3,108.4
2024-12-02,10499,78,1,351.8
2024-12-23,10502,78,3,224.5
2024-12-30,10503,78,3,248.6
2025-01-06,10504,78,1,200.2
2025-01-20,10506,78,3,403.0
2025-01-27,10507,78,3,420.5
2025-02-10,10509,78,1,196.2
2025-02-24,10511,78,3,446.6
2025-03-03,10512,78,3,257.1
2025-03-10,10513,78,3,155.3
2025-04-28,10520,78,3,173.2
2025-05-05,10521,78,1,525.1
2025-05-12,10522,78,1,449.8
2025-06-02,10525,78,1,202.0
2025-06-09,10526,78,3,306.5
2025-07-21,10532,78,3,514.5
2025-07-28,10533,78,1,174.1
2025-08-04,10534,78,3,408.4
2025-08-11,10535,78,1,547.9
2025-08-18,10536,78,1,298.7
2025-08-25,10537,78,1,125.3
2025-09-01,10538,78,1,79.8
2025-09-08,10539,78,1,416.2
2025-09-15,10540,78,3,470.1
2025-09-22,10541,78,1,384.6
2025-09-29,10542,78,1,463.8
2025-10-06,10543,78,3,91.5
2025-10-20,10545,78,1,161.6
2025-11-03,10547,78,3,506.5
2025-11-10,10548,78,1,229.5
2025-12-01,10551,78,3,351.8
2025-12-08,10552,78,3,638.4
2025-12-15,10553,78,1,325.0
2026-01-05,10556,78,1,317.0
2026-01-12,10557,78,3,121.2
2026-02-02,10560,78,1,319.3
2026-02-09,10561,78,3,317.2
2026-02-16,10562,78,1,243.4
2026-02-23,10563,78,3,145.4
2026-03-02,10564,78,3,101.4
2026-03-23,10567,78,3,509.6
2026-04-13,10570,78,1,59.6
2026-04-27,10572,78,3,122.5
2026-05-04,10573,78,1,164.0
2026-05-25,10576,78,1,36.1
2026-06-01,10577,78,1,476.6
2026-06-08,10578,78,3,378.2
2026-06-15,10579,78,1,338.2
2024-07-15,10583,78,4,304.5
2024-07-22,10584,78,4,618.1
2024-07-29,10585,78,4,526.9
2024-08-05,10586,78,4,317.6
2024-08-26,10589,78,4,489.7
2024-09-02,10590,78,4,560.0
2024-09-16,10592,78,4,500.1
2024-10-21,10597,78,4,359.1
2024-10-28,10598,78,4,113.1
2024-11-04,10599,78,4,438.2
2024-11-25,10602,78,4,331.9
2024-12-02,10603,78,4,386.6
2024-12-09,10604,78,4,383.0
2024-12-16,10605,78,4,368.9
2024-12-23,10606,78,4,593.5
2025-01-20,10610,78,4,564.8
2025-01-27,10611,78,4,56.1
2025-02-10,10613,78,4,480.3
2025-02-17,10614,78,4,76.1
2025-02-24,10615,78,4,480.6
2025-03-03,10616,78,4,386.7
2025-03-10,10617,78,4,230.9
2025-03-31,10620,78,4,177.8
2025-04-21,10623,78,4,348.6
2025-04-28,10624,78,4,91.0
2025-05-05,10625,78,4,240.4
2025-05-12,10626,78,4,230.3
2025-06-02,10629,78,4,61.1
2025-06-09,10630,78,4,118.9
2025-06-16,10631,78,4,534.2
2025-06-23,10632,78,4,444.5
2025-06-30,10633,78,4,55.9
2025-07-14,10635,78,4,159.1
2025-07-21,10636,78,4,61.0
2025-08-04,10638,78,4,67.0
2025-08-18,10640,78,4,66.1
2025-08-25,10641,78,4,309.4
2025-09-29,10646,78,4,405.4
2025-11-17,10653,78,4,392.0
2025-11-24,10654,78,4,479.9
2025-12-08,10656,78,4,105.4
2026-01-05,10660,78,4,361.6
2026-01-12,10661,78,4,628.2
2026-01-19,10662,78,4,217.8
2026-02-02,10664,78,4,151.8
2026-02-09,10665,78,4,386.2
2026-02-16,10666,78,4,242.0
2026-02-23,10667,78,4,279.2
2026-03-02,10668,78,4,230.0
2026-03-09,10669,78,4,193.4
2026-03-16,10670,78,4,155.4
2026-03-23,10671,78,4,101.1
2026-04-20,10675,78,4,339.4
2026-04-27,10676,78,4,143.1
2026-05-04,10677,78,4,456.8
2026-05-11,10678,78,4,434.9
2026-05-18,10679,78,4,307.9
2026-06-22,10684,78,4,107.1
2024-07-08,10686,78,5,179.2
2024-07-22,10688,78,5,367.1
2024-07-29,10689,78,5,390.9
2024-08-05,10690,78,5,248.4
2024-08-19,10692,78,5,389.3
2024-08-26,10693,78,5,63.4
2024-09-02,10694,78,5,334.7
2024-09-09,10695,78,5,73.0
2024-09-30,10698,78,5,286.0
2024-10-28,10702,78,5,189.9
2024-11-04,10703,78,5,160.1
2024-12-02,10707,78,5,361.0
2024-12-09,10708,78,5,209.4
2024-12-16,10709,78,5,382.7
2024-12-30,10711,78,5,216.2
2025-01-06,10712,78,5,448.7
2025-01-20,10714,78,5,255.5
2025-01-27,10715,78,5,223.8
2025-02-03,10716,78,5,371.3
2025-02-10,10717,78,5,419.9
2025-03-03,10720,78,5,229.2
2025-03-10,10721,78,5,299.9
2025-03-24,10723,78,5,506.2
2025-03-31,10724,78,5,404.7
2025-04-21,10727,78,5,295.3
2025-04-28,10728,78,5,323.5
2025-05-19,10731,78,5,357.8
2025-05-26,10732,78,5,396.2
2025-06-09,10734,78,5,636.3
2025-06-16,10735,78,5,250.1
2025-06-30,10737,78,5,34.0
2025-07-07,10738,78,5,64.5
2025-07-21,10740,78,5,73.6
2025-08-18,10744,78,5,431.1
2025-08-25,10745,78,5,30.8
2025-09-22,10749,78,5,184.8
2025-09-29,10750,78,5,569.6
2025-10-06,10751,78,5,235.1
2025-10-13,10752,78,5,183.9
2025-10-20,10753,78,5,362.9
2025-10-27,10754,78,5,224.2
2025-11-03,10755,78,5,63.6
2025-11-17,10757,78,5,338.1
2025-12-15,10761,78,5,106.6
2025-12-29,10763,78,5,99.9
2026-01-05,10764,78,5,359.5
2026-01-12,10765,78,5,386.6
2026-01-19,10766,78,5,395.2
2026-01-26,10767,78,5,254.0
2026-02-02,10768,78,5,183.9
2026-02-09,10769,78,5,572.6
2026-02-16,10770,78,5,341.3
2026-02-23,10771,78,5,444.0
2026-03-02,10772,78,5,52.3
2026-03-30,10776,78,5,449.6
2026-05-04,10781,78,5,208.5
2026-05-11,10782,78,5,241.4
2024-07-08,10790,78,7,86.8
2024-07-22,10792,78,9,320.5
2024-07-29,10793,78,7,192.7
2024-08-05,10794,78,7,405.1
2024-08-19,10796,78,9,190.6
2024-09-02,10798,78,9,216.4
2024-09-09,10799,78,9,516.2
2024-09-23,10801,78,9,156.4
2024-11-04,10807,78,9,202.6
2024-12-23,10814,78,9,185.8
2024-12-30,10815,78,7,51.9
2025-01-27,10819,78,7,138.5
2025-02-10,10821,78,9,194.9
2025-02-17,10822,78,7,218.1
2025-03-03,10824,78,7,435.8
2025-03-17,10826,78,7,170.8
2025-03-24,10827,78,7,569.5
2025-03-31,10828,78,7,193.8
2025-04-14,10830,78,9,489.7
2025-04-28,10832,78,7,97.5
2025-05-05,10833,78,7,40.1
2025-05-12,10834,78,9,238.9
2025-05-19,10835,78,7,453.5
2025-05-26,10836,78,9,448.9
2025-06-02,10837,78,7,174.8
2025-06-09,10838,78,9,409.3
2025-07-14,10843,78,7,186.0
2025-07-21,10844,78,9,445.2
2025-07-28,10845,78,9,148.5
2025-08-04,10846,78,7,568.8
2025-09-01,10850,78,7,338.5
2025-09-08,10851,78,7,218.1
2025-09-15,10852,78,7,375.4
2025-09-29,10854,78,9,43.7
2025-10-06,10855,78,7,415.3
2025-11-03,10859,78,7,286.0
2025-11-10,10860,78,9,73.7
2025-11-17,10861,78,7,330.1
2025-12-15,10865,78,9,395.8
2025-12-22,10866,78,7,363.3
2025-12-29,10867,78,7,104.1
2026-01-05,10868,78,9,420.5
2026-01-12,10869,78,7,200.0
2026-01-19,10870,78,9,263.6
2026-01-26,10871,78,7,257.5
2026-02-09,10873,78,9,346.1
2026-02-23,10875,78,9,120.6
2026-03-09,10877,78,9,238.2
2026-04-06,10881,78,9,128.6
2026-04-13,10882,78,7,475.9
2026-04-20,10883,78,9,531.8
2026-04-27,10884,78,7,241.1
2026-05-11,10886,78,9,142.0
2026-06-01,10889,78,9,453.1
2026-06-15,10891,78,7,269.6
2026-06-22,10892,78,7,335.7
2026-06-29,10893,78,7,131.9
2024-07-15,10895,78,10,171.2
2024-07-22,10896,78,10,318.5
2024-08-12,10899,78,10,75.7
2024-08-19,10900,78,10,126.8
2024-08-26,10901,78,10,367.7
2024-09-02,10902,78,10,55.4
2024-09-16,10904,78,10,328.0
2024-09-23,10905,78,10,201.7
2024-09-30,10906,78,10,561.8
2024-10-07,10907,78,10,432.4
2024-10-14,10908,78,10,267.8
2024-10-28,10910,78,10,462.8
2024-11-11,10912,78,10,325.9
2024-11-25,10914,78,10,219.4
2024-12-02,10915,78,10,122.6
2024-12-09,10916,78,10,247.9
2024-12-16,10917,78,10,606.0
2024-12-23,10918,78,10,167.3
2024-12-30,10919,78,10,96.3
2025-01-06,10920,78,10,387.9
2025-01-13,10921,78,10,235.0
2025-01-27,10923,78,10,62.1
2025-02-03,10924,78,10,224.6
2025-02-24,10927,78,10,153.0
2025-03-03,10928,78,10,162.3
2025-03-10,10929,78,10,243.8
2025-03-24,10931,78,10,122.7
2025-03-31,10932,78,10,333.3
2025-04-14,10934,78,10,83.8
2025-04-21,10935,78,10,61.4
2025-04-28,10936,78,10,471.1
2025-05-05,10937,78,10,164.6
2025-05-26,10940,78,10,493.7
2025-06-02,10941,78,10,448.9
2025-06-09,10942,78,10,163.8
2025-06-16,10943,78,10,130.9
2025-06-23,10944,78,10,369.1
2025-06-30,10945,78,10,159.7
2025-07-21,10948,78,10,388.4
2025-07-28,10949,78,10,126.2
2025-08-11,10951,78,10,368.4
2025-08-18,10952,78,10,378.3
2025-08-25,10953,78,10,327.7
2025-09-01,10954,78,10,155.5
2025-09-08,10955,78,10,149.0
2025-09-15,10956,78,10,315.0
2025-09-22,10957,78,10,393.8
2025-10-06,10959,78,10,45.4
2025-11-03,10963,78,10,573.6
2025-11-10,10964,78,10,474.8
2025-11-17,10965,78,10,143.5
2025-11-24,10966,78,10,549.0
2025-12-01,10967,78,10,97.4
2025-12-15,10969,78,10,232.3
2026-01-05,10972,78,10,262.4
2026-01-26,10975,78,10,438.3
2026-02-02,10976,78,10,237.8
2026-02-16,10978,78,10,409.1
2026-03-16,10982,78,10,169.3
2026-03-30,10984,78,10,422.0
2026-04-06,10985,78,10,181.8
2026-04-13,10986,78,10,492.1
2026-04-27,10988,78,10,535.8
2026-05-04,10989,78,10,179.1
2026-05-11,10990,78,10,69.0
2026-05-18,10991,78,10,245.8
2026-06-01,10993,78,10,231.8
2026-06-08,10994,78,10,78.2
2026-06-15,10995,78,10,401.7
2026-06-22,10996,78,10,64.8
2026-06-29,10997,78,10,71.7
2024-10-14,10998,79,2,1294.2
2024-10-21,10998,79,2,1192.3
2024-10-28,10998,79,2,1090.5
2024-11-04,10998,79,2,988.7
2024-11-11,10998,79,2,886.8
2024-11-18,10998,79,2,785.0
2024-11-25,10998,79,2,683.2
2024-12-02,10998,79,2,581.3
2024-12-09,10998,79,2,479.5
2024-12-16,10998,79,2,377.7
2024-12-23,10998,79,2,275.8
2024-12-30,10998,79,2,174.0
2025-01-06,10998,79,2,72.1
2025-01-13,10998,79,2,0.0
2025-01-27,10999,79,7,672.7
2025-02-03,10999,79,7,560.3
2025-02-10,10999,79,7,448.0
2025-02-17,10999,79,7,335.7
2025-02-24,10999,79,7,223.4
2025-03-03,10999,79,7,111.0
2025-03-10,10999,79,7,0.0
2025-05-12,11000,79,2,885.0
2025-05-19,11000,79,2,766.1
2025-05-26,11000,79,2,647.1
2025-06-02,11000,79,2,528.2
2025-06-09,11000,79,2,409.2
2025-06-16,11000,79,2,290.3
2025-06-23,11000,79,2,171.3
2025-06-30,11000,79,2,52.4
2025-07-07,11000,79,2,0.0
2025-09-22,11001,79,4,162.1
2025-09-29,11001,79,4,137.2
2025-10-06,11001,79,4,112.3
2025-10-13,11001,79,4,87.4
2025-10-20,11001,79,4,62.4
2025-10-27,11001,79,4,37.5
2025-11-03,11001,79,4,12.6
2025-11-10,11001,79,4,0.0
2025-11-17,11002,79,4,215.3
2025-11-24,11002,79,4,170.5
2025-12-01,11002,79,4,125.8
2025-12-08,11002,79,4,81.0
2025-12-15,11002,79,4,36.3
2025-12-22,11002,79,4,0.0
2026-04-06,11003,79,7,203.5
2026-04-13,11003,79,7,177.1
2026-04-20,11003,79,7,150.6
2026-04-27,11003,79,7,124.2
2026-05-04,11003,79,7,97.7
2026-05-11,11003,79,7,71.2
2026-05-18,11003,79,7,44.8
2026-05-25,11003,79,7,18.3
2026-06-01,11003,79,7,0.0
2024-07-15,11004,80,3,268.9
2024-07-15,11005,80,3,418.4
2024-07-22,11005,80,3,114.9
2024-07-22,11006,80,3,370.6
2024-07-29,11006,80,3,221.3
2024-08-05,11007,80,3,375.7
2024-08-12,11007,80,3,67.4
2024-08-19,11008,80,1,195.0
2024-08-26,11009,80,1,288.7
2024-09-02,11009,80,1,17.3
2024-09-02,11010,80,3,136.8
2024-09-09,11010,80,3,0.0
2024-09-09,11011,80,3,385.1
2024-09-16,11011,80,3,213.1
2024-09-16,11012,80,3,534.6
2024-09-23,11012,80,3,313.1
2024-09-30,11013,80,1,286.1
2024-10-07,11013,80,1,177.2
2024-10-07,11014,80,3,400.3
2024-10-14,11014,80,3,0.0
2024-10-21,11015,80,3,532.1
2024-10-28,11015,80,3,221.2
2024-10-28,11016,80,1,465.1
2024-11-04,11016,80,1,139.1
2024-11-04,11017,80,1,163.2
2024-11-11,11017,80,1,62.4
2024-11-18,11018,80,1,283.4
2024-11-25,11019,80,3,419.6
2024-12-02,11019,80,3,26.2
2024-12-02,11020,80,1,432.7
2024-12-09,11020,80,1,279.5
2024-12-09,11021,80,1,580.2
2024-12-16,11021,80,1,317.3
2024-12-16,11022,80,1,100.9
2024-12-23,11022,80,1,0.0
2024-12-30,11023,80,1,302.1
2024-12-30,11024,80,3,326.8
2025-01-06,11024,80,3,0.0
2025-01-13,11025,80,3,285.3
2025-01-20,11026,80,3,376.4
2025-01-27,11026,80,3,70.9
2025-02-03,11027,80,1,319.0
2025-02-03,11028,80,3,209.8
2025-02-10,11028,80,3,45.6
2025-02-24,11029,80,3,403.4
2025-03-03,11030,80,1,148.7
2025-03-10,11030,80,1,0.0
2025-03-17,11031,80,1,348.4
2025-03-17,11032,80,1,529.5
2025-03-31,11033,80,1,368.8
2025-04-07,11034,80,3,398.0
2025-04-14,11034,80,3,0.0
2025-04-14,11035,80,3,117.6
2025-04-21,11035,80,3,14.2
2025-04-21,11036,80,1,129.9
2025-04-28,11036,80,1,0.9
2025-05-05,11037,80,3,282.8
2025-05-12,11038,80,1,157.4
2025-05-19,11038,80,1,0.0
2025-05-19,11039,80,1,350.1
2025-05-26,11039,80,1,180.2
2025-06-02,11040,80,3,78.3
2025-06-09,11041,80,1,365.7
2025-06-16,11041,80,1,232.4
2025-06-16,11042,80,1,363.5
2025-06-23,11043,80,3,354.7
2025-07-07,11044,80,1,443.3
2025-07-14,11045,80,3,469.3
2025-07-21,11045,80,3,102.5
2025-07-21,11046,80,3,239.2
2025-07-28,11046,80,3,17.5
2025-08-04,11047,80,3,172.5
2025-08-11,11048,80,1,152.6
2025-08-18,11048,80,1,0.0
2025-08-25,11049,80,1,203.1
2025-09-01,11050,80,3,162.6
2025-09-01,11051,80,1,439.5
2025-09-08,11051,80,1,132.1
2025-09-15,11052,80,1,308.6
2025-09-22,11053,80,1,58.9
2025-10-06,11054,80,1,247.0
2025-10-13,11054,80,1,0.0
2025-10-13,11055,80,1,562.4
2025-10-20,11056,80,1,494.7
2025-10-27,11057,80,3,325.3
2025-11-03,11057,80,3,190.6
2025-11-10,11058,80,3,58.4
2025-11-17,11059,80,3,255.0
2025-11-24,11060,80,3,288.8
2025-12-01,11060,80,3,0.0
2025-12-01,11061,80,1,254.5
2025-12-08,11061,80,1,34.9
2025-12-08,11062,80,3,140.9
2025-12-15,11062,80,3,45.9
2025-12-29,11063,80,1,130.9
2026-01-05,11064,80,3,186.7
2026-01-12,11065,80,1,343.1
2026-01-19,11066,80,3,135.4
2026-01-26,11067,80,1,295.3
2026-02-02,11067,80,1,0.0
2026-02-09,11068,80,1,417.2
2026-02-16,11068,80,1,112.4
2026-02-16,11069,80,1,185.3
2026-02-23,11069,80,1,109.6
2026-02-23,11070,80,1,126.6
2026-03-02,11070,80,1,56.2
2026-03-09,11071,80,1,466.1
2026-03-16,11072,80,1,96.5
2026-03-23,11072,80,1,61.9
2026-03-23,11073,80,1,519.3
2026-04-06,11074,80,1,156.8
2026-04-06,11075,80,3,291.7
2026-04-13,11075,80,3,113.3
2026-04-13,11076,80,3,235.9
2026-04-20,11076,80,3,115.8
2026-05-04,11077,80,1,37.8
2026-05-11,11078,80,1,345.5
2026-05-18,11079,80,3,92.4
2026-05-25,11079,80,3,33.8
2026-05-25,11080,80,1,283.4
2026-06-08,11081,80,3,364.0
2026-06-15,11082,80,1,235.5
2026-06-22,11082,80,1,92.9
2026-06-22,11083,80,1,408.5
2026-06-29,11083,80,1,144.9
2026-06-29,11084,80,3,318.7
2024-07-08,11085,80,4,148.6
2024-07-15,11085,80,4,67.3
2024-07-15,11086,80,4,567.8
2024-07-22,11086,80,4,260.6
2024-07-29,11087,80,4,308.6
2024-08-05,11087,80,4,145.1
2024-08-05,11088,80,4,392.7
2024-08-12,11088,80,4,0.0
2024-08-12,11089,80,4,456.0
2024-08-19,11089,80,4,75.1
2024-08-26,11090,80,4,302.3
2024-09-02,11090,80,4,70.5
2024-09-02,11091,80,4,158.8
2024-09-09,11092,80,4,433.6
2024-09-16,11093,80,4,245.7
2024-09-23,11093,80,4,139.4
2024-10-07,11094,80,4,272.5
2024-10-07,11095,80,4,68.9
2024-10-21,11096,80,4,157.3
2024-10-28,11097,80,4,461.0
2024-11-04,11097,80,4,91.0
2024-11-04,11098,80,4,54.9
2024-11-11,11099,80,4,460.7
2024-11-18,11099,80,4,292.4
2024-11-18,11100,80,4,411.7
2024-11-25,11100,80,4,0.0
2024-12-09,11101,80,4,424.0
2024-12-09,11102,80,4,518.0
2024-12-23,11103,80,4,259.6
2024-12-23,11104,80,4,181.5
2024-12-30,11104,80,4,31.0
2025-01-06,11105,80,4,136.5
2025-01-13,11105,80,4,40.0
2025-01-13,11106,80,4,275.0
2025-01-20,11106,80,4,144.9
2025-01-20,11107,80,4,229.6
2025-01-27,11107,80,4,0.0
2025-02-03,11108,80,4,473.7
2025-02-17,11109,80,4,61.4
2025-02-24,11110,80,4,237.7
2025-03-03,11111,80,4,528.0
2025-03-10,11111,80,4,345.1
2025-03-10,11112,80,4,203.6
2025-03-24,11113,80,4,161.1
2025-03-24,11114,80,4,455.1
2025-03-31,11114,80,4,189.2
2025-04-14,11115,80,4,140.1
2025-04-21,11116,80,4,401.6
2025-04-28,11117,80,4,352.0
2025-05-05,11118,80,4,170.0
2025-05-12,11118,80,4,0.0
2025-05-12,11119,80,4,111.8
2025-05-19,11119,80,4,30.6
2025-05-26,11120,80,4,295.0
2025-06-02,11121,80,4,211.8
2025-06-09,11122,80,4,109.8
2025-06-16,11122,80,4,12.7
2025-06-16,11123,80,4,355.2
2025-06-23,11124,80,4,269.9
2025-06-30,11124,80,4,41.8
2025-07-07,11125,80,4,460.4
2025-07-14,11125,80,4,127.8
2025-07-21,11126,80,4,388.4
2025-07-21,11127,80,4,342.5
2025-07-28,11128,80,4,35.0
2025-08-04,11128,80,4,0.0
2025-08-11,11129,80,4,367.6
2025-08-18,11130,80,4,511.9
2025-08-25,11130,80,4,333.8
2025-08-25,11131,80,4,266.2
2025-09-01,11131,80,4,0.0
2025-09-01,11132,80,4,163.2
2025-09-08,11132,80,4,51.5
2025-09-22,11133,80,4,473.3
2025-09-29,11134,80,4,77.9
2025-10-06,11135,80,4,131.1
2025-10-13,11135,80,4,0.1
2025-10-13,11136,80,4,453.5
2025-10-20,11137,80,4,258.9
2025-10-27,11137,80,4,82.8
2025-11-03,11138,80,4,142.7
2025-11-10,11139,80,4,198.2
2025-11-24,11140,80,4,470.5
2025-11-24,11141,80,4,62.2
2025-12-01,11141,80,4,19.4
2025-12-01,11142,80,4,400.3
2025-12-08,11142,80,4,0.0
2025-12-15,11143,80,4,244.3
2025-12-22,11143,80,4,128.6
2025-12-29,11144,80,4,308.4
2026-01-05,11145,80,4,442.0
2026-01-12,11146,80,4,252.0
2026-01-19,11146,80,4,109.9
2026-01-12,11147,80,4,401.0
2026-01-19,11147,80,4,116.9
2026-01-26,11148,80,4,58.3
2026-02-02,11148,80,4,36.5
2026-02-09,11149,80,4,103.2
2026-02-16,11150,80,4,61.7
2026-02-23,11150,80,4,22.5
2026-03-02,11151,80,4,557.8
2026-03-09,11152,80,4,372.4
2026-03-09,11153,80,4,114.9
2026-03-16,11153,80,4,31.7
2026-03-23,11154,80,4,385.7
2026-03-30,11154,80,4,0.0
2026-04-06,11155,80,4,532.8
2026-04-13,11156,80,4,366.8
2026-04-20,11156,80,4,197.5
2026-04-20,11157,80,4,416.4
2026-05-04,11158,80,4,336.5
2026-05-04,11159,80,4,98.5
2026-05-11,11159,80,4,21.0
2026-05-11,11160,80,4,171.6
2026-05-18,11160,80,4,0.0
2026-05-25,11161,80,4,171.9
2026-06-08,11162,80,4,258.8
2026-06-08,11163,80,4,374.1
2026-06-15,11163,80,4,2.1
2026-06-22,11164,80,4,107.5
2026-06-29,11165,80,4,303.7
2024-07-15,11166,80,5,56.9
2024-07-15,11167,80,5,169.6
2024-07-22,11167,80,5,105.2
2024-07-29,11168,80,5,142.5
2024-08-05,11168,80,5,38.0
2024-08-12,11169,80,5,270.0
2024-08-19,11170,80,5,212.1
2024-08-26,11171,80,5,242.7
2024-09-02,11171,80,5,0.0
2024-09-02,11172,80,5,197.4
2024-09-09,11172,80,5,115.9
2024-09-09,11173,80,5,355.2
2024-09-23,11174,80,5,187.7
2024-09-23,11175,80,5,553.2
2024-09-30,11175,80,5,220.4
2024-10-14,11176,80,5,460.1
2024-10-14,11177,80,5,649.3
2024-10-21,11177,80,5,430.5
2024-10-21,11178,80,5,218.1
2024-10-28,11178,80,5,91.1
2024-11-04,11179,80,5,311.1
2024-11-11,11180,80,5,270.8
2024-11-18,11181,80,5,408.0
2024-11-25,11181,80,5,0.0
2024-12-02,11182,80,5,230.4
2024-12-09,11182,80,5,40.9
2024-12-16,11183,80,5,155.2
2024-12-23,11184,80,5,88.3
2024-12-23,11185,80,5,489.5
2024-12-30,11185,80,5,191.1
2025-01-06,11186,80,5,365.4
2025-01-13,11187,80,5,497.9
2025-01-27,11188,80,5,652.4
2025-02-03,11189,80,5,461.7
2025-02-17,11190,80,5,493.0
2025-02-17,11191,80,5,258.5
2025-03-03,11192,80,5,192.8
2025-03-10,11192,80,5,0.0
2025-03-10,11193,80,5,618.8
2025-03-17,11193,80,5,345.6
2025-03-17,11194,80,5,144.1
2025-03-24,11194,80,5,91.3
2025-03-31,11195,80,5,397.7
2025-03-31,11196,80,5,46.2
2025-04-07,11196,80,5,12.4
2025-04-14,11197,80,5,337.5
2025-04-21,11197,80,5,216.9
2025-04-28,11198,80,5,173.5
2025-05-05,11199,80,5,155.5
2025-05-12,11199,80,5,75.0
2025-05-12,11200,80,5,181.8
2025-05-19,11201,80,5,128.0
2025-05-26,11202,80,5,425.7
2025-06-02,11202,80,5,13.4
2025-06-09,11203,80,5,361.2
2025-06-16,11204,80,5,113.5
2025-06-23,11204,80,5,11.0
2025-06-23,11205,80,5,581.1
2025-06-30,11205,80,5,279.1
2025-07-07,11206,80,5,386.5
2025-07-14,11206,80,5,81.1
2025-07-21,11207,80,5,219.6
2025-07-28,11208,80,5,39.4
2025-08-04,11209,80,5,445.0
2025-08-11,11209,80,5,20.0
2025-08-11,11210,80,5,500.1
2025-08-18,11210,80,5,312.3
2025-08-18,11211,80,5,357.0
2025-09-01,11212,80,5,262.0
2025-09-01,11213,80,5,391.7
2025-09-08,11213,80,5,236.3
2025-09-08,11214,80,5,223.3
2025-09-15,11214,80,5,51.7
2025-09-22,11215,80,5,388.5
2025-09-29,11215,80,5,0.0
2025-10-06,11216,80,5,567.6
2025-10-13,11217,80,5,482.9
2025-10-20,11218,80,5,261.4
2025-10-27,11218,80,5,165.8
2025-11-03,11219,80,5,45.0
2025-11-03,11220,80,5,260.7
2025-11-10,11220,80,5,153.4
2025-11-24,11221,80,5,266.7
2025-12-01,11222,80,5,52.1
2025-12-01,11223,80,5,235.0
2025-12-08,11223,80,5,127.0
2025-12-15,11224,80,5,58.0
2025-12-22,11225,80,5,243.8
2025-12-29,11226,80,5,156.2
2026-01-05,11226,80,5,92.3
2026-01-12,11227,80,5,55.1
2026-01-19,11228,80,5,231.0
2026-01-26,11228,80,5,153.0
2026-02-02,11229,80,5,520.7
2026-02-09,11230,80,5,353.1
2026-02-16,11231,80,5,52.6
2026-02-23,11231,80,5,0.0
2026-03-02,11232,80,5,160.1
2026-03-09,11233,80,5,265.5
2026-03-16,11233,80,5,43.0
2026-03-16,11234,80,5,347.6
2026-03-30,11235,80,5,174.5
2026-04-06,11236,80,5,417.0
2026-04-06,11237,80,5,241.3
2026-04-13,11237,80,5,0.0
2026-04-20,11238,80,5,410.5
2026-04-27,11239,80,5,69.5
2026-05-11,11240,80,5,605.3
2026-05-18,11240,80,5,348.7
2026-05-18,11241,80,5,526.4
2026-05-25,11242,80,5,128.2
2026-06-01,11242,80,5,85.3
2026-06-08,11243,80,5,129.4
2026-06-08,11244,80,5,39.3
2026-06-15,11244,80,5,15.7
2026-06-15,11245,80,5,217.1
2026-06-22,11245,80,5,106.2
2024-07-15,11247,80,9,181.1
2024-07-22,11248,80,9,229.9
2024-07-29,11249,80,9,303.0
2024-08-05,11250,80,9,584.1
2024-08-19,11251,80,7,348.5
2024-08-26,11252,80,9,87.8
2024-09-02,11253,80,9,580.9
2024-09-09,11253,80,9,297.7
2024-09-09,11254,80,9,174.0
2024-09-16,11255,80,7,83.0
2024-09-23,11255,80,7,0.0
2024-09-30,11256,80,7,192.6
2024-10-07,11256,80,7,19.3
2024-10-07,11257,80,7,49.4
2024-10-14,11257,80,7,0.0
2024-10-14,11258,80,9,427.9
2024-10-21,11258,80,9,264.8
2024-10-28,11259,80,7,587.6
2024-11-04,11259,80,7,356.2
2024-11-04,11260,80,7,405.6
2024-11-11,11260,80,7,221.3
2024-11-11,11261,80,9,489.8
2024-11-18,11262,80,7,178.2
2024-11-25,11262,80,7,113.5
2024-12-02,11263,80,9,54.2
2024-12-09,11264,80,9,279.8
2024-12-16,11264,80,9,44.6
2024-12-23,11265,80,9,356.5
2024-12-23,11266,80,7,245.3
2024-12-30,11266,80,7,98.7
2025-01-06,11267,80,9,597.7
2025-01-13,11268,80,9,51.0
2025-01-20,11268,80,9,32.1
2025-01-27,11269,80,7,573.8
2025-02-03,11269,80,7,269.5
2025-02-03,11270,80,9,113.8
2025-02-10,11270,80,9,10.6
2025-02-10,11271,80,9,261.2
2025-02-17,11271,80,9,161.3
2025-02-17,11272,80,7,92.7
2025-02-24,11272,80,7,51.3
2025-02-24,11273,80,7,419.2
2025-03-03,11273,80,7,263.3
2025-03-03,11274,80,9,222.2
2025-03-10,11274,80,9,143.3
2025-03-24,11275,80,9,147.5
2025-03-31,11276,80,7,334.6
2025-04-07,11276,80,7,0.0
2025-04-07,11277,80,9,72.5
2025-04-14,11277,80,9,5.0
2025-04-14,11278,80,7,224.2
2025-04-21,11279,80,7,471.6
2025-04-28,11279,80,7,53.1
2025-05-05,11280,80,7,446.8
2025-05-12,11280,80,7,291.5
2025-05-12,11281,80,9,398.4
2025-05-26,11282,80,9,396.1
2025-06-02,11283,80,7,328.2
2025-06-09,11284,80,9,514.5
2025-06-16,11285,80,7,190.0
2025-06-23,11285,80,7,31.9
2025-06-23,11286,80,7,62.3
2025-06-30,11287,80,7,231.3
2025-07-07,11287,80,7,112.5
2025-07-14,11288,80,7,437.2
2025-07-21,11288,80,7,83.5
2025-07-28,11289,80,9,75.2
2025-08-04,11290,80,7,257.4
2025-08-11,11291,80,7,59.4
2025-08-18,11291,80,7,14.8
2025-08-18,11292,80,9,332.7
2025-08-25,11292,80,9,197.5
2025-08-25,11293,80,7,261.2
2025-09-01,11293,80,7,157.5
2025-09-08,11294,80,9,448.7
2025-09-15,11294,80,9,70.5
2025-09-22,11295,80,9,48.6
2025-09-22,11296,80,9,220.7
2025-09-29,11296,80,9,0.0
2025-10-06,11297,80,9,223.7
2025-10-13,11298,80,7,413.0
2025-10-20,11298,80,7,220.1
2025-10-20,11299,80,9,454.5
2025-10-27,11299,80,9,156.1
2025-10-27,11300,80,7,599.3
2025-11-03,11300,80,7,312.7
2025-11-10,11301,80,9,194.9
2025-11-17,11302,80,9,337.8
2025-11-24,11303,80,9,335.7
2025-12-01,11303,80,9,34.3
2025-12-08,11304,80,9,276.6
2025-12-15,11305,80,9,323.3
2025-12-22,11305,80,9,176.7
2025-12-22,11306,80,7,286.2
2026-01-05,11307,80,7,194.4
2026-01-05,11308,80,7,185.7
2026-01-12,11308,80,7,33.4
2026-01-19,11309,80,9,160.7
2026-02-02,11310,80,9,247.6
2026-02-02,11311,80,9,360.5
2026-02-09,11311,80,9,0.0
2026-02-16,11312,80,7,475.8
2026-03-02,11313,80,7,391.4
2026-03-02,11314,80,9,474.6
2026-03-09,11314,80,9,231.2
2026-03-16,11315,80,9,573.0
2026-03-23,11315,80,9,304.0
2026-03-23,11316,80,9,290.1
2026-03-30,11316,80,9,38.1
2026-03-30,11317,80,9,373.5
2026-04-06,11317,80,9,0.0
2026-04-06,11318,80,7,291.9
2026-04-13,11318,80,7,175.9
2026-04-13,11319,80,9,606.3
2026-04-20,11319,80,9,385.6
2026-04-27,11320,80,7,96.5
2026-05-04,11320,80,7,60.0
2026-05-11,11321,80,7,552.7
2026-05-11,11322,80,9,166.9
2026-05-18,11322,80,9,72.9
2026-05-25,11323,80,9,364.3
2026-06-01,11323,80,9,231.7
2026-06-08,11324,80,9,471.3
2026-06-08,11325,80,7,285.1
2026-06-15,11325,80,7,166.2
2026-06-22,11326,80,9,120.4
2026-06-29,11327,80,7,316.2
2024-07-08,11328,80,10,54.6
2024-07-15,11328,80,10,0.2
2024-07-22,11329,80,10,70.2
2024-07-29,11330,80,10,297.2
2024-08-05,11330,80,10,0.0
2024-08-05,11331,80,10,167.7
2024-08-12,11331,80,10,0.0
2024-08-12,11332,80,10,428.1
2024-08-19,11332,80,10,90.2
2024-08-19,11333,80,10,95.1
2024-08-26,11333,80,10,14.2
2024-09-02,11334,80,10,519.7
2024-09-16,11335,80,10,607.7
2024-09-23,11336,80,10,211.7
2024-10-07,11337,80,10,151.9
2024-10-07,11338,80,10,181.0
2024-10-21,11339,80,10,341.1
2024-10-28,11340,80,10,112.3
2024-11-04,11340,80,10,0.0
2024-11-04,11341,80,10,426.3
2024-11-11,11341,80,10,137.6
2024-11-11,11342,80,10,153.7
2024-11-18,11342,80,10,0.0
2024-11-18,11343,80,10,99.2
2024-11-25,11343,80,10,24.3
2024-12-02,11344,80,10,297.2
2024-12-09,11344,80,10,87.5
2024-12-09,11345,80,10,243.6
2024-12-16,11345,80,10,84.3
2024-12-16,11346,80,10,358.4
2024-12-23,11346,80,10,130.8
2024-12-23,11347,80,10,264.6
2024-12-30,11347,80,10,107.2
2025-01-06,11348,80,10,536.5
2025-01-13,11348,80,10,315.9
2025-01-13,11349,80,10,361.3
2025-01-20,11349,80,10,138.6
2025-01-27,11350,80,10,84.1
2025-02-03,11351,80,10,150.0
2025-02-10,11352,80,10,287.5
2025-02-17,11353,80,10,104.6
2025-02-24,11353,80,10,49.3
2025-03-03,11354,80,10,377.8
2025-03-10,11355,80,10,652.4
2025-03-17,11355,80,10,431.8
2025-03-17,11356,80,10,242.1
2025-03-24,11356,80,10,39.2
2025-03-31,11357,80,10,337.2
2025-04-07,11358,80,10,76.3
2025-04-14,11359,80,10,201.2
2025-04-21,11359,80,10,74.4
2025-04-21,11360,80,10,327.3
2025-04-28,11361,80,10,113.6
2025-05-05,11361,80,10,10.2
2025-05-12,11362,80,10,450.8
2025-05-19,11362,80,10,248.5
2025-05-19,11363,80,10,531.4
2025-05-26,11364,80,10,290.3
2025-06-02,11364,80,10,107.6
2025-06-09,11365,80,10,636.8
2025-06-23,11366,80,10,165.0
2025-06-23,11367,80,10,483.2
2025-06-30,11367,80,10,203.4
2025-07-07,11368,80,10,101.1
2025-07-14,11368,80,10,0.0
2025-07-14,11369,80,10,276.7
2025-07-21,11369,80,10,167.3
2025-07-28,11370,80,10,132.1
2025-07-28,11371,80,10,336.7
2025-08-04,11371,80,10,172.3
2025-08-11,11372,80,10,76.2
2025-08-18,11373,80,10,129.1
2025-08-25,11374,80,10,154.0
2025-09-08,11375,80,10,528.9
2025-09-15,11375,80,10,347.8
2025-09-15,11376,80,10,430.5
2025-09-22,11376,80,10,7.9
2025-09-22,11377,80,10,360.9
2025-09-29,11377,80,10,15.9
2025-10-06,11378,80,10,136.8
2025-10-13,11378,80,10,61.7
2025-10-06,11379,80,10,279.4
2025-10-13,11379,80,10,0.0
2025-10-20,11380,80,10,196.4
2025-10-27,11381,80,10,288.2
2025-11-03,11381,80,10,98.3
2025-11-03,11382,80,10,429.3
2025-11-10,11382,80,10,47.5
2025-11-17,11383,80,10,380.3
2025-11-24,11383,80,10,174.5
2025-11-24,11384,80,10,238.2
2025-12-01,11384,80,10,2.4
2025-12-08,11385,80,10,428.6
2025-12-08,11386,80,10,261.6
2025-12-15,11386,80,10,174.1
2025-12-22,11387,80,10,107.4
2025-12-29,11387,80,10,61.7
2025-12-29,11388,80,10,355.0
2026-01-05,11388,80,10,175.0
2026-01-05,11389,80,10,62.8
2026-01-12,11389,80,10,4.5
2026-01-19,11390,80,10,373.2
2026-01-26,11390,80,10,158.5
2026-01-26,11391,80,10,360.0
2026-02-02,11391,80,10,200.0
2026-02-09,11392,80,10,457.6
2026-02-16,11393,80,10,260.0
2026-02-23,11394,80,10,460.1
2026-03-02,11394,80,10,163.2
2026-03-02,11395,80,10,277.5
2026-03-09,11395,80,10,34.0
2026-03-16,11396,80,10,609.9
2026-03-23,11397,80,10,509.4
2026-03-30,11397,80,10,253.7
2026-03-30,11398,80,10,499.4
2026-04-06,11399,80,10,373.7
2026-04-13,11399,80,10,189.4
2026-04-20,11400,80,10,330.0
2026-04-27,11400,80,10,218.9
2026-04-27,11401,80,10,308.8
2026-05-04,11401,80,10,75.5
2026-05-11,11402,80,10,576.1
2026-05-18,11402,80,10,331.1
2026-05-18,11403,80,10,371.2
2026-05-18,11404,80,10,156.9
2026-05-25,11404,80,10,0.0
2026-06-01,11405,80,10,392.0
2026-06-08,11405,80,10,77.0
2026-06-08,11406,80,10,530.7
2026-06-15,11406,80,10,228.5
2026-06-15,11407,80,10,302.1
2026-06-22,11407,80,10,29.2
2026-06-29,11408,80,10,343.5
2024-08-05,11409,81,8,454.4
2024-08-12,11409,81,8,420.9
2024-08-19,11409,81,8,387.3
2024-08-26,11409,81,8,353.8
2024-09-02,11409,81,8,320.2
2024-09-09,11409,81,8,286.6
2024-09-16,11409,81,8,253.1
2024-09-23,11409,81,8,219.5
2024-09-30,11409,81,8,186.0
2024-10-07,11409,81,8,152.4
2024-10-14,11409,81,8,118.8
2024-10-21,11409,81,8,85.3
2024-10-28,11409,81,8,51.7
2024-11-04,11409,81,8,18.2
2024-11-11,11409,81,8,0.0
2024-09-23,11410,81,5,547.1
2024-09-30,11410,81,5,400.2
2024-10-07,11410,81,5,253.4
2024-10-14,11410,81,5,106.5
2024-10-21,11410,81,5,0.0
2024-12-23,11411,81,1,550.7
2024-12-30,11411,81,1,488.5
2025-01-06,11411,81,1,426.2
2025-01-13,11411,81,1,363.9
2025-01-20,11411,81,1,301.7
2025-01-27,11411,81,1,239.4
2025-02-03,11411,81,1,177.1
2025-02-10,11411,81,1,114.8
2025-02-17,11411,81,1,52.6
2025-02-24,11411,81,1,0.0
2025-04-28,11412,81,5,784.7
2025-05-05,11412,81,5,700.5
2025-05-12,11412,81,5,616.2
2025-05-19,11412,81,5,532.0
2025-05-26,11412,81,5,447.7
2025-06-02,11412,81,5,363.5
2025-06-09,11412,81,5,279.2
2025-06-16,11412,81,5,194.9
2025-06-23,11412,81,5,110.7
2025-06-30,11412,81,5,26.4
2025-07-07,11412,81,5,0.0
2025-06-09,11413,81,1,228.1
2025-06-16,11413,81,1,185.3
2025-06-23,11413,81,1,142.4
2025-06-30,11413,81,1,99.6
2025-07-07,11413,81,1,56.7
2025-07-14,11413,81,1,13.9
2025-07-21,11413,81,1,0.0
2025-09-22,11414,81,1,103.1
2025-09-29,11414,81,1,93.2
2025-10-06,11414,81,1,83.3
2025-10-13,11414,81,1,73.4
2025-10-20,11414,81,1,63.5
2025-10-27,11414,81,1,53.6
2025-11-03,11414,81,1,43.7
2025-11-10,11414,81,1,33.8
2025-11-17,11414,81,1,23.9
2025-11-24,11414,81,1,14.0
2025-12-01,11414,81,1,4.1
2025-12-08,11414,81,1,0.0
2025-10-13,11415,81,8,839.9
2025-10-20,11415,81,8,783.8
2025-10-27,11415,81,8,727.7
2025-11-03,11415,81,8,671.6
2025-11-10,11415,81,8,615.5
2025-11-17,11415,81,8,559.4
2025-11-24,11415,81,8,503.3
2025-12-01,11415,81,8,447.2
2025-12-08,11415,81,8,391.1
2025-12-15,11415,81,8,335.0
2025-12-22,11415,81,8,278.9
2025-12-29,11415,81,8,222.7
2026-01-05,11415,81,8,166.6
2026-01-12,11415,81,8,110.5
2026-01-19,11415,81,8,54.4
2026-01-26,11415,81,8,0.0
2025-12-15,11416,81,1,210.6
2025-12-22,11416,81,1,161.2
2025-12-29,11416,81,1,111.8
2026-01-05,11416,81,1,62.5
2026-01-12,11416,81,1,13.1
2026-01-19,11416,81,1,0.0
2026-03-30,11417,81,1,473.0
2026-04-06,11417,81,1,419.9
2026-04-13,11417,81,1,366.9
2026-04-20,11417,81,1,313.8
2026-04-27,11417,81,1,260.8
2026-05-04,11417,81,1,207.7
2026-05-11,11417,81,1,154.7
2026-05-18,11417,81,1,101.6
2026-05-25,11417,81,1,48.6
2026-06-01,11417,81,1,0.0
2026-05-25,11418,81,5,133.1
2026-06-01,11418,81,5,115.2
2026-06-08,11418,81,5,97.3
2026-06-15,11418,81,5,79.3
2026-06-22,11418,81,5,61.4
2026-06-29,11418,81,5,43.5
2024-07-29,11422,82,3,119.3
2024-08-05,11423,82,1,478.6
2024-08-12,11424,82,1,339.7
2024-08-19,11425,82,3,316.8
2024-08-26,11426,82,3,182.1
2024-09-02,11427,82,1,169.2
2024-09-16,11429,82,3,525.4
2024-09-23,11430,82,3,381.1
2024-09-30,11431,82,3,250.1
2024-10-28,11435,82,1,257.4
2024-11-11,11437,82,3,198.7
2024-11-25,11439,82,3,526.6
2024-12-02,11440,82,3,173.9
2024-12-23,11443,82,1,350.4
2025-01-06,11445,82,3,105.5
2025-01-13,11446,82,3,196.0
2025-01-20,11447,82,1,276.5
2025-01-27,11448,82,3,61.9
2025-02-03,11449,82,1,171.5
2025-02-10,11450,82,3,117.9
2025-02-24,11452,82,3,144.5
2025-03-03,11453,82,3,277.1
2025-03-10,11454,82,3,413.2
2025-03-17,11455,82,1,396.9
2025-04-07,11458,82,1,517.9
2025-04-14,11459,82,1,95.8
2025-04-28,11461,82,1,226.5
2025-05-19,11464,82,1,480.4
2025-05-26,11465,82,3,271.8
2025-06-02,11466,82,1,39.9
2025-06-09,11467,82,3,109.8
2025-06-16,11468,82,1,63.0
2025-06-23,11469,82,1,252.7
2025-07-14,11472,82,1,95.9
2025-07-21,11473,82,1,302.9
2025-07-28,11474,82,3,358.6
2025-08-04,11475,82,3,308.7
2025-08-18,11477,82,3,118.8
2025-09-01,11479,82,3,127.2
2025-09-08,11480,82,3,374.6
2025-09-22,11482,82,1,413.2
2025-09-29,11483,82,3,517.0
2025-10-13,11485,82,3,418.1
2025-10-20,11486,82,3,348.2
2025-11-03,11488,82,1,399.7
2025-11-10,11489,82,3,301.0
2025-11-24,11491,82,3,162.9
2025-12-01,11492,82,3,462.2
2025-12-15,11494,82,3,292.9
2025-12-22,11495,82,3,184.6
2026-01-19,11499,82,3,47.7
2026-01-26,11500,82,1,220.8
2026-02-09,11502,82,3,284.6
2026-02-16,11503,82,1,520.2
2026-02-23,11504,82,3,232.4
2026-03-02,11505,82,3,151.6
2026-03-30,11509,82,3,163.5
2026-04-13,11511,82,1,352.9
2026-04-27,11513,82,1,249.5
2026-05-04,11514,82,3,612.1
2026-05-11,11515,82,3,361.9
2026-05-18,11516,82,3,335.6
2026-05-25,11517,82,1,387.9
2026-06-01,11518,82,1,227.4
2026-06-08,11519,82,3,199.7
2026-06-15,11520,82,1,312.9
2026-06-29,11522,82,3,374.8
2024-07-08,11523,82,4,200.1
2024-07-15,11524,82,4,108.6
2024-07-22,11525,82,4,317.6
2024-07-29,11526,82,4,400.9
2024-08-12,11528,82,4,46.4
2024-08-26,11530,82,4,430.8
2024-09-16,11533,82,4,266.0
2024-10-07,11536,82,4,388.2
2024-10-21,11538,82,4,248.6
2024-10-28,11539,82,4,201.8
2024-11-04,11540,82,4,75.7
2024-11-11,11541,82,4,222.8
2024-12-02,11544,82,4,344.4
2024-12-23,11547,82,4,148.0
2025-01-06,11549,82,4,427.6
2025-01-13,11550,82,4,451.2
2025-01-20,11551,82,4,245.0
2025-01-27,11552,82,4,515.1
2025-02-03,11553,82,4,54.2
2025-02-10,11554,82,4,310.7
2025-02-17,11555,82,4,323.2
2025-03-03,11557,82,4,418.1
2025-03-10,11558,82,4,390.2
2025-03-17,11559,82,4,237.3
2025-03-31,11561,82,4,59.9
2025-04-07,11562,82,4,459.9
2025-04-14,11563,82,4,188.0
2025-04-28,11565,82,4,333.8
2025-06-02,11570,82,4,44.5
2025-06-09,11571,82,4,51.5
2025-06-23,11573,82,4,227.1
2025-06-30,11574,82,4,357.5
2025-07-07,11575,82,4,389.2
2025-07-14,11576,82,4,480.8
2025-07-21,11577,82,4,62.0
2025-08-11,11580,82,4,201.9
2025-09-15,11585,82,4,261.6
2025-10-06,11588,82,4,46.3
2025-10-20,11590,82,4,212.6
2025-10-27,11591,82,4,161.8
2025-11-03,11592,82,4,228.5
2025-11-10,11593,82,4,233.6
2025-11-17,11594,82,4,345.7
2025-12-01,11596,82,4,87.3
2025-12-15,11598,82,4,226.5
2026-01-19,11603,82,4,130.8
2026-02-02,11605,82,4,49.5
2026-02-09,11606,82,4,224.5
2026-03-02,11609,82,4,86.2
2026-03-09,11610,82,4,556.8
2026-03-23,11612,82,4,556.8
2026-03-30,11613,82,4,549.7
2026-04-13,11615,82,4,384.2
2026-05-04,11618,82,4,308.8
2026-05-25,11621,82,4,224.4
2026-06-01,11622,82,4,102.0
2026-06-15,11624,82,4,41.3
2026-06-22,11625,82,4,75.7
2024-07-08,11628,82,5,351.1
2024-07-15,11629,82,5,475.1
2024-07-29,11631,82,5,366.6
2024-08-05,11632,82,5,434.1
2024-08-12,11633,82,5,99.4
2024-08-26,11635,82,5,505.1
2024-09-16,11638,82,5,325.0
2024-09-23,11639,82,5,345.7
2024-09-30,11640,82,5,115.0
2024-10-21,11643,82,5,415.3
2024-10-28,11644,82,5,240.0
2024-11-04,11645,82,5,129.8
2024-11-18,11647,82,5,588.1
2024-12-02,11649,82,5,74.3
2024-12-16,11651,82,5,531.2
2024-12-23,11652,82,5,254.4
2024-12-30,11653,82,5,364.1
2025-01-06,11654,82,5,474.2
2025-01-27,11657,82,5,265.0
2025-02-03,11658,82,5,360.8
2025-02-24,11661,82,5,230.3
2025-03-03,11662,82,5,167.3
2025-03-17,11664,82,5,67.1
2025-03-24,11665,82,5,253.9
2025-03-31,11666,82,5,98.7
2025-04-07,11667,82,5,478.2
2025-04-14,11668,82,5,184.1
2025-04-21,11669,82,5,124.8
2025-04-28,11670,82,5,303.2
2025-05-19,11673,82,5,223.2
2025-06-09,11676,82,5,419.1
2025-06-16,11677,82,5,238.2
2025-07-14,11681,82,5,434.0
2025-07-21,11682,82,5,251.4
2025-07-28,11683,82,5,405.6
2025-08-04,11684,82,5,227.9
2025-08-25,11687,82,5,333.8
2025-09-15,11690,82,5,416.9
2025-09-29,11692,82,5,64.6
2025-10-13,11694,82,5,336.0
2025-10-27,11696,82,5,283.9
2025-11-03,11697,82,5,268.0
2025-11-10,11698,82,5,134.1
2025-11-24,11700,82,5,449.5
2025-12-01,11701,82,5,109.2
2025-12-08,11702,82,5,352.3
2025-12-15,11703,82,5,173.1
2025-12-29,11705,82,5,83.1
2026-01-26,11709,82,5,202.4
2026-02-09,11711,82,5,122.0
2026-03-16,11716,82,5,98.2
2026-04-06,11719,82,5,451.5
2026-04-13,11720,82,5,206.5
2026-04-20,11721,82,5,248.7
2026-04-27,11722,82,5,38.2
2026-05-11,11724,82,5,76.0
2026-05-18,11725,82,5,284.7
2026-05-25,11726,82,5,184.8
2026-06-08,11728,82,5,88.5
2026-06-15,11729,82,5,247.7
2026-06-22,11730,82,5,230.1
2026-06-29,11731,82,5,58.9
2024-07-08,11732,82,7,496.7
2024-07-15,11733,82,7,444.0
2024-07-22,11734,82,7,362.7
2024-08-05,11736,82,9,361.6
2024-08-12,11737,82,9,561.7
2024-08-19,11738,82,7,52.4
2024-08-26,11739,82,9,275.1
2024-09-09,11741,82,9,48.8
2024-09-16,11742,82,7,528.2
2024-10-14,11746,82,7,324.3
2024-10-21,11747,82,7,85.8
2024-11-11,11750,82,9,162.7
2024-11-18,11751,82,7,209.8
2024-11-25,11752,82,7,329.3
2024-12-02,11753,82,9,484.6
2024-12-09,11754,82,7,206.0
2024-12-16,11755,82,9,421.0
2024-12-30,11757,82,7,244.0
2025-01-06,11758,82,9,411.5
2025-01-13,11759,82,9,496.9
2025-01-20,11760,82,9,92.8
2025-02-17,11764,82,7,118.2
2025-02-24,11765,82,7,469.1
2025-03-10,11767,82,7,242.2
2025-03-17,11768,82,9,463.1
2025-03-24,11769,82,7,291.9
2025-03-31,11770,82,9,242.2
2025-04-07,11771,82,9,140.3
2025-04-14,11772,82,7,221.1
2025-04-21,11773,82,7,77.0
2025-04-28,11774,82,9,458.7
2025-05-12,11776,82,7,80.2
2025-05-26,11778,82,9,156.4
2025-06-02,11779,82,9,102.3
2025-06-09,11780,82,9,300.9
2025-06-23,11782,82,7,198.2
2025-06-30,11783,82,7,57.5
2025-07-07,11784,82,9,342.1
2025-07-14,11785,82,7,295.1
2025-07-28,11787,82,9,336.6
2025-08-04,11788,82,9,154.7
2025-08-11,11789,82,9,51.3
2025-08-18,11790,82,9,271.3
2025-08-25,11791,82,9,369.3
2025-09-01,11792,82,9,103.3
2025-09-29,11796,82,9,273.4
2025-10-06,11797,82,7,307.7
2025-10-13,11798,82,7,530.9
2025-10-20,11799,82,7,341.2
2025-10-27,11800,82,7,414.5
2025-11-03,11801,82,9,331.5
2025-11-17,11803,82,7,440.7
2025-11-24,11804,82,7,428.8
2025-12-01,11805,82,9,42.9
2025-12-08,11806,82,9,242.0
2026-01-26,11813,82,7,96.0
2026-02-09,11815,82,9,524.0
2026-02-16,11816,82,7,356.2
2026-02-23,11817,82,9,261.6
2026-03-02,11818,82,9,341.0
2026-03-30,11822,82,9,90.4
2026-04-13,11824,82,9,315.1
2026-04-20,11825,82,9,84.9
2026-04-27,11826,82,7,509.0
2026-05-11,11828,82,9,149.6
2026-05-18,11829,82,7,408.6
2026-06-01,11831,82,9,142.8
2026-06-08,11832,82,7,306.8
2026-06-22,11834,82,9,614.0
2026-06-29,11835,82,9,91.0
2024-07-15,11837,82,10,454.3
2024-08-12,11841,82,10,383.3
2024-08-26,11843,82,10,266.1
2024-09-02,11844,82,10,461.0
2024-09-23,11847,82,10,420.6
2024-10-07,11849,82,10,275.8
2024-10-14,11850,82,10,198.7
2024-11-18,11855,82,10,194.1
2024-12-09,11858,82,10,501.9
2024-12-16,11859,82,10,326.4
2025-01-06,11862,82,10,140.6
2025-01-20,11864,82,10,217.9
2025-01-27,11865,82,10,167.1
2025-02-03,11866,82,10,389.0
2025-02-17,11868,82,10,177.5
2025-03-03,11870,82,10,108.5
2025-03-10,11871,82,10,422.0
2025-03-17,11872,82,10,181.6
2025-03-24,11873,82,10,170.6
2025-04-14,11876,82,10,504.7
2025-04-21,11877,82,10,343.5
2025-05-05,11879,82,10,281.4
2025-05-12,11880,82,10,348.2
2025-05-26,11882,82,10,89.2
2025-06-16,11885,82,10,521.5
2025-06-23,11886,82,10,456.5
2025-07-21,11890,82,10,99.4
2025-08-11,11893,82,10,201.5
2025-08-18,11894,82,10,276.3
2025-08-25,11895,82,10,463.0
2025-09-01,11896,82,10,132.2
2025-09-08,11897,82,10,156.0
2025-09-15,11898,82,10,447.9
2025-09-29,11900,82,10,158.9
2025-10-06,11901,82,10,235.1
2025-10-13,11902,82,10,346.7
2025-11-03,11905,82,10,124.7
2025-11-10,11906,82,10,618.1
2025-11-24,11908,82,10,263.7
2025-12-01,11909,82,10,465.7
2025-12-15,11911,82,10,73.6
2025-12-22,11912,82,10,188.4
2026-01-12,11915,82,10,276.6
2026-01-19,11916,82,10,199.7
2026-01-26,11917,82,10,394.8
2026-02-09,11919,82,10,324.7
2026-02-23,11921,82,10,283.7
2026-03-16,11924,82,10,397.6
2026-03-23,11925,82,10,196.8
2026-04-06,11927,82,10,479.8
2026-04-13,11928,82,10,389.5
2026-05-04,11931,82,10,55.1
2026-05-18,11933,82,10,307.2
2026-06-01,11935,82,10,275.3
2026-06-15,11937,82,10,414.8
2026-06-22,11938,82,10,157.9
2024-07-08,11940,83,4,590.3
2024-07-15,11940,83,4,516.6
2024-07-22,11940,83,4,442.8
2024-07-29,11940,83,4,369.1
2024-08-05,11940,83,4,295.4
2024-08-12,11940,83,4,221.7
2024-08-19,11940,83,4,148.0
2024-08-26,11940,83,4,74.3
2024-09-02,11940,83,4,0.5
2024-09-09,11940,83,4,0.0
2025-01-20,11941,83,10,884.6
2025-01-27,11941,83,10,648.3
2025-02-03,11941,83,10,411.9
2025-02-10,11941,83,10,175.5
2025-02-17,11941,83,10,0.0
2025-06-23,11942,83,6,631.0
2025-06-30,11942,83,6,589.0
2025-07-07,11942,83,6,547.0
2025-07-14,11942,83,6,504.9
2025-07-21,11942,83,6,462.9
2025-07-28,11942,83,6,420.9
2025-08-04,11942,83,6,378.9
2025-08-11,11942,83,6,336.9
2025-08-18,11942,83,6,294.9
2025-08-25,11942,83,6,252.8
2025-09-01,11942,83,6,210.8
2025-09-08,11942,83,6,168.8
2025-09-15,11942,83,6,126.8
2025-09-22,11942,83,6,84.8
2025-09-29,11942,83,6,42.8
2025-10-06,11942,83,6,0.7
2025-10-13,11942,83,6,0.0
2025-07-07,11943,83,6,1004.4
2025-07-14,11943,83,6,775.8
2025-07-21,11943,83,6,547.1
2025-07-28,11943,83,6,318.5
2025-08-04,11943,83,6,89.9
2025-08-11,11943,83,6,0.0
2026-02-02,11944,83,4,1149.6
2026-02-09,11944,83,4,915.2
2026-02-16,11944,83,4,680.9
2026-02-23,11944,83,4,446.5
2026-03-02,11944,83,4,212.1
2026-03-09,11944,83,4,0.0
2026-03-02,11945,83,6,496.4
2026-03-09,11945,83,6,424.9
2026-03-16,11945,83,6,353.3
2026-03-23,11945,83,6,281.8
2026-03-30,11945,83,6,210.2
2026-04-06,11945,83,6,138.7
2026-04-13,11945,83,6,67.1
2026-04-20,11945,83,6,0.0
2024-08-26,11946,84,8,1029.5
2024-09-02,11946,84,8,899.1
2024-09-09,11946,84,8,768.6
2024-09-16,11946,84,8,638.2
2024-09-23,11946,84,8,507.7
2024-09-30,11946,84,8,377.3
2024-10-07,11946,84,8,246.8
2024-10-14,11946,84,8,116.4
2024-10-21,11946,84,8,0.0
2024-12-09,11947,84,8,1119.6
2024-12-16,11947,84,8,961.1
2024-12-23,11947,84,8,802.7
2024-12-30,11947,84,8,644.2
2025-01-06,11947,84,8,485.8
2025-01-13,11947,84,8,327.3
2025-01-20,11947,84,8,168.9
2025-01-27,11947,84,8,10.4
2025-02-03,11947,84,8,0.0
2025-03-31,11948,84,8,958.7
2025-04-07,11948,84,8,853.4
2025-04-14,11948,84,8,748.1
2025-04-21,11948,84,8,642.8
2025-04-28,11948,84,8,537.4
2025-05-05,11948,84,8,432.1
2025-05-12,11948,84,8,326.8
2025-05-19,11948,84,8,221.5
2025-05-26,11948,84,8,116.2
2025-06-02,11948,84,8,10.9
2025-06-09,11948,84,8,0.0
2025-07-14,11949,84,8,959.0
2025-07-21,11949,84,8,749.9
2025-07-28,11949,84,8,540.9
2025-08-04,11949,84,8,331.9
2025-08-11,11949,84,8,122.8
2025-08-18,11949,84,8,0.0
2026-01-19,11950,84,8,1053.3
2026-01-26,11950,84,8,839.5
2026-02-02,11950,84,8,625.8
2026-02-09,11950,84,8,412.1
2026-02-16,11950,84,8,198.3
2026-02-23,11950,84,8,0.0
2026-03-30,11951,84,2,852.7
2026-04-06,11951,84,2,701.5
2026-04-13,11951,84,2,550.2
2026-04-20,11951,84,2,399.0
2026-04-27,11951,84,2,247.7
2026-05-04,11951,84,2,96.4
2026-05-11,11951,84,2,0.0
2024-10-21,11952,85,1,488.7
2024-10-28,11952,85,1,425.5
2024-11-04,11952,85,1,362.2
2024-11-11,11952,85,1,299.0
2024-11-18,11952,85,1,235.7
2024-11-25,11952,85,1,172.5
2024-12-02,11952,85,1,109.2
2024-12-09,11952,85,1,46.0
2024-12-16,11952,85,1,0.0
2024-12-09,11953,85,8,781.9
2024-12-16,11953,85,8,616.8
2024-12-23,11953,85,8,451.7
2024-12-30,11953,85,8,286.6
2025-01-06,11953,85,8,121.5
2025-01-13,11953,85,8,0.0
2025-03-31,11954,85,4,494.8
2025-04-07,11954,85,4,393.5
2025-04-14,11954,85,4,292.3
2025-04-21,11954,85,4,191.1
2025-04-28,11954,85,4,89.8
2025-05-05,11954,85,4,0.0
2025-08-18,11955,85,1,1005.0
2025-08-25,11955,85,1,774.0
2025-09-01,11955,85,1,542.9
2025-09-08,11955,85,1,311.9
2025-09-15,11955,85,1,80.9
2025-09-22,11955,85,1,0.0
2026-02-23,11956,85,8,569.2
2026-03-02,11956,85,8,430.5
2026-03-09,11956,85,8,291.7
2026-03-16,11956,85,8,152.9
2026-03-23,11956,85,8,14.2
2026-03-30,11956,85,8,0.0
2026-03-16,11957,85,1,487.8
2026-03-23,11957,85,1,417.7
2026-03-30,11957,85,1,347.5
2026-04-06,11957,85,1,277.4
2026-04-13,11957,85,1,207.2
2026-04-20,11957,85,1,137.1
2026-04-27,11957,85,1,66.9
2026-05-04,11957,85,1,0.0
2024-08-12,11958,86,8,1077.5
2024-08-19,11958,86,8,899.0
2024-08-26,11958,86,8,720.5
2024-09-02,11958,86,8,542.0
2024-09-09,11958,86,8,363.5
2024-09-16,11958,86,8,185.0
2024-09-23,11958,86,8,6.5
2024-09-30,11958,86,8,0.0
2025-02-03,11959,86,8,763.4
2025-02-10,11959,86,8,690.8
2025-02-17,11959,86,8,618.1
2025-02-24,11959,86,8,545.5
2025-03-03,11959,86,8,472.9
2025-03-10,11959,86,8,400.3
2025-03-17,11959,86,8,327.7
2025-03-24,11959,86,8,255.0
2025-03-31,11959,86,8,182.4
2025-04-07,11959,86,8,109.8
2025-04-14,11959,86,8,37.2
2025-04-21,11959,86,8,0.0
2025-06-02,11960,86,8,1332.4
2025-06-09,11960,86,8,1234.7
2025-06-16,11960,86,8,1137.1
2025-06-23,11960,86,8,1039.4
2025-06-30,11960,86,8,941.8
2025-07-07,11960,86,8,844.2
2025-07-14,11960,86,8,746.5
2025-07-21,11960,86,8,648.9
2025-07-28,11960,86,8,551.3
2025-08-04,11960,86,8,453.6
2025-08-11,11960,86,8,356.0
2025-08-18,11960,86,8,258.3
2025-08-25,11960,86,8,160.7
2025-09-01,11960,86,8,63.1
2025-09-08,11960,86,8,0.0
2025-08-18,11961,86,7,150.0
2025-08-25,11961,86,7,137.0
2025-09-01,11961,86,7,124.1
2025-09-08,11961,86,7,111.1
2025-09-15,11961,86,7,98.1
2025-09-22,11961,86,7,85.1
2025-09-29,11961,86,7,72.2
2025-10-06,11961,86,7,59.2
2025-10-13,11961,86,7,46.2
2025-10-20,11961,86,7,33.2
2025-10-27,11961,86,7,20.2
2025-11-03,11961,86,7,7.3
2025-11-10,11961,86,7,0.0
2026-01-12,11962,86,4,418.1
2026-01-19,11962,86,4,323.1
2026-01-26,11962,86,4,228.2
2026-02-02,11962,86,4,133.3
2026-02-09,11962,86,4,38.3
2026-02-16,11962,86,4,0.0
2026-03-23,11963,86,8,475.7
2026-03-30,11963,86,8,407.4
2026-04-06,11963,86,8,339.1
2026-04-13,11963,86,8,270.8
2026-04-20,11963,86,8,202.5
2026-04-27,11963,86,8,134.2
2026-05-04,11963,86,8,65.9
2026-05-11,11963,86,8,0.0
2024-09-23,11964,87,6,435.1
2024-09-30,11964,87,6,389.2
2024-10-07,11964,87,6,343.3
2024-10-14,11964,87,6,297.4
2024-10-21,11964,87,6,251.5
2024-10-28,11964,87,6,205.7
2024-11-04,11964,87,6,159.8
2024-11-11,11964,87,6,113.9
2024-11-18,11964,87,6,68.0
2024-11-25,11964,87,6,22.1
2024-12-02,11964,87,6,0.0
2024-10-21,11965,87,2,185.8
2024-10-28,11965,87,2,161.5
2024-11-04,11965,87,2,137.3
2024-11-11,11965,87,2,113.0
2024-11-18,11965,87,2,88.8
2024-11-25,11965,87,2,64.5
2024-12-02,11965,87,2,40.3
2024-12-09,11965,87,2,16.1
2024-12-16,11965,87,2,0.0
2025-02-24,11966,87,6,216.0
2025-03-03,11966,87,6,184.1
2025-03-10,11966,87,6,152.1
2025-03-17,11966,87,6,120.2
2025-03-24,11966,87,6,88.2
2025-03-31,11966,87,6,56.3
2025-04-07,11966,87,6,24.3
2025-04-14,11966,87,6,0.0
2025-05-26,11967,87,7,695.0
2025-06-02,11967,87,7,512.9
2025-06-09,11967,87,7,330.9
2025-06-16,11967,87,7,148.9
2025-06-23,11967,87,7,0.0
2025-07-28,11968,87,7,265.3
2025-08-04,11968,87,7,192.7
2025-08-11,11968,87,7,120.0
2025-08-18,11968,87,7,47.4
2025-08-25,11968,87,7,0.0
2025-12-08,11969,87,2,289.2
2025-12-15,11969,87,2,247.5
2025-12-22,11969,87,2,205.7
2025-12-29,11969,87,2,163.9
2026-01-05,11969,87,2,122.2
2026-01-12,11969,87,2,80.4
2026-01-19,11969,87,2,38.6
2026-01-26,11969,87,2,0.0
2026-03-02,11970,87,7,624.2
2026-03-09,11970,87,7,449.3
2026-03-16,11970,87,7,274.5
2026-03-23,11970,87,7,99.6
2026-03-30,11970,87,7,0.0
2026-03-23,11971,87,6,592.9
2026-03-30,11971,87,6,446.8
2026-04-06,11971,87,6,300.7
2026-04-13,11971,87,6,154.6
2026-04-20,11971,87,6,8.5
2026-04-27,11971,87,6,0.0
2024-08-19,11972,88,6,195.4
2024-08-26,11972,88,6,141.8
2024-09-02,11972,88,6,88.2
2024-09-09,11972,88,6,34.6
2024-09-16,11972,88,6,0.0
2025-02-24,11973,88,5,800.2
2025-03-03,11973,88,5,660.5
2025-03-10,11973,88,5,520.7
2025-03-17,11973,88,5,381.0
2025-03-24,11973,88,5,241.2
2025-03-31,11973,88,5,101.5
2025-04-07,11973,88,5,0.0
2025-06-16,11974,88,8,220.8
2025-06-23,11974,88,8,160.6
2025-06-30,11974,88,8,100.5
2025-07-07,11974,88,8,40.3
2025-07-14,11974,88,8,0.0
2025-07-14,11975,88,8,778.5
2025-07-21,11975,88,8,583.0
2025-07-28,11975,88,8,387.5
2025-08-04,11975,88,8,191.9
2025-08-11,11975,88,8,0.0
2025-10-27,11976,88,6,730.1
2025-11-03,11976,88,6,646.1
2025-11-10,11976,88,6,562.2
2025-11-17,11976,88,6,478.3
2025-11-24,11976,88,6,394.3
2025-12-01,11976,88,6,310.4
2025-12-08,11976,88,6,226.5
2025-12-15,11976,88,6,142.5
2025-12-22,11976,88,6,58.6
2025-12-29,11976,88,6,0.0
2026-05-11,11977,88,8,937.3
2026-05-18,11977,88,8,724.5
2026-05-25,11977,88,8,511.8
2026-06-01,11977,88,8,299.0
2026-06-08,11977,88,8,86.3
2026-06-15,11977,88,8,0.0
2024-07-15,11978,89,1,167.4
2024-07-22,11979,89,3,170.9
2024-07-29,11979,89,3,91.8
2024-07-29,11980,89,1,349.1
2024-08-05,11980,89,1,0.0
2024-08-05,11981,89,3,456.4
2024-08-12,11981,89,3,82.9
2024-08-19,11982,89,3,536.1
2024-08-19,11983,89,3,471.1
2024-08-26,11983,89,3,253.2
2024-09-02,11984,89,3,228.5
2024-09-16,11985,89,3,42.1
2024-09-16,11986,89,3,295.9
2024-09-23,11986,89,3,132.7
2024-09-30,11987,89,3,480.8
2024-10-07,11987,89,3,113.6
2024-10-07,11988,89,3,223.2
2024-10-21,11989,89,3,188.8
2024-10-28,11989,89,3,17.7
2024-10-28,11990,89,3,497.5
2024-11-04,11991,89,1,475.3
2024-11-11,11991,89,1,230.7
2024-11-11,11992,89,1,126.3
2024-11-18,11993,89,1,344.7
2024-11-25,11993,89,1,0.0
2024-11-25,11994,89,1,529.2
2024-12-02,11994,89,1,283.3
2024-12-09,11995,89,3,335.9
2024-12-16,11995,89,3,0.0
2024-12-16,11996,89,3,409.7
2024-12-23,11996,89,3,53.3
2024-12-30,11997,89,1,318.0
2025-01-06,11997,89,1,167.0
2025-01-06,11998,89,1,127.0
2025-01-13,11999,89,3,548.6
2025-01-20,12000,89,1,504.9
2025-01-27,12000,89,1,236.8
2025-01-27,12001,89,3,521.3
2025-02-03,12001,89,3,304.6
2025-02-10,12002,89,1,244.6
2025-02-17,12003,89,1,161.0
2025-02-24,12003,89,1,103.0
2025-02-24,12004,89,3,245.0
2025-03-03,12004,89,3,146.0
2025-03-10,12005,89,3,76.8
2025-03-17,12006,89,1,358.5
2025-03-24,12006,89,1,83.0
2025-03-31,12007,89,1,331.9
2025-04-07,12007,89,1,107.9
2025-04-07,12008,89,1,168.8
2025-04-14,12008,89,1,18.5
2025-04-21,12009,89,1,583.4
2025-04-21,12010,89,3,355.6
2025-04-28,12010,89,3,0.0
2025-04-28,12011,89,1,249.9
2025-05-05,12011,89,1,0.0
2025-05-12,12012,89,1,238.7
2025-05-19,12012,89,1,0.0
2025-05-19,12013,89,1,518.5
2025-05-26,12013,89,1,329.0
2025-06-02,12014,89,3,427.9
2025-06-02,12015,89,1,179.2
2025-06-09,12015,89,1,51.4
2025-06-16,12016,89,1,258.6
2025-06-23,12016,89,1,0.0
2025-06-23,12017,89,1,530.2
2025-06-30,12017,89,1,305.4
2025-07-07,12018,89,3,419.1
2025-07-14,12018,89,3,120.1
2025-07-21,12019,89,3,552.8
2025-07-21,12020,89,3,31.2
2025-08-04,12021,89,3,389.6
2025-08-11,12021,89,3,37.1
2025-08-11,12022,89,3,247.1
2025-08-18,12022,89,3,42.1
2025-08-18,12023,89,3,133.9
2025-08-25,12023,89,3,68.8
2025-09-01,12024,89,1,167.5
2025-09-08,12025,89,3,460.9
2025-09-15,12026,89,1,78.2
2025-09-29,12027,89,1,213.8
2025-10-06,12028,89,1,235.7
2025-10-13,12029,89,3,125.4
2025-10-20,12030,89,3,360.6
2025-11-03,12031,89,3,147.6
2025-11-10,12032,89,3,289.8
2025-11-17,12032,89,3,0.0
2025-11-17,12033,89,3,210.1
2025-11-24,12033,89,3,72.1
2025-11-24,12034,89,1,373.3
2025-12-08,12035,89,3,385.4
2025-12-15,12036,89,3,195.8
2025-12-22,12036,89,3,0.0
2025-12-22,12037,89,1,98.8
2025-12-29,12037,89,1,57.7
2026-01-05,12038,89,1,147.7
2026-01-12,12039,89,1,80.8
2026-01-19,12039,89,1,17.6
2026-01-19,12040,89,1,354.6
2026-01-26,12041,89,1,507.2
2026-02-02,12041,89,1,321.5
2026-02-02,12042,89,1,375.7
2026-02-09,12042,89,1,0.0
2026-02-09,12043,89,1,116.6
2026-02-16,12043,89,1,51.3
2026-02-23,12044,89,3,77.5
2026-03-02,12044,89,3,32.1
2026-03-09,12045,89,1,256.0
2026-03-09,12046,89,3,289.5
2026-03-16,12046,89,3,171.0
2026-03-23,12047,89,3,267.0
2026-03-30,12047,89,3,22.0
2026-03-30,12048,89,1,472.2
2026-04-06,12048,89,1,193.3
2026-04-06,12049,89,3,82.5
2026-04-13,12049,89,3,12.0
2026-04-20,12050,89,1,508.6
2026-04-27,12050,89,1,237.3
2026-04-27,12051,89,1,89.3
2026-05-04,12051,89,1,20.6
2026-05-11,12052,89,3,63.7
2026-05-18,12052,89,3,29.4
2026-05-18,12053,89,3,423.5
2026-05-25,12053,89,3,18.0
2026-05-18,12054,89,3,349.5
2026-05-25,12054,89,3,0.0
2026-06-08,12055,89,1,546.7
2026-06-08,12056,89,3,384.0
2026-06-15,12056,89,3,0.0
2026-06-22,12057,89,3,417.0
2026-06-29,12057,89,3,153.1
2024-07-15,12059,89,4,167.4
2024-07-15,12060,89,4,313.3
2024-07-22,12060,89,4,28.5
2024-07-22,12061,89,4,551.8
2024-07-29,12061,89,4,280.6
2024-08-12,12062,89,4,506.4
2024-08-12,12063,89,4,446.3
2024-08-19,12063,89,4,212.6
2024-08-26,12064,89,4,68.9
2024-09-02,12064,89,4,4.7
2024-09-02,12065,89,4,360.6
2024-09-09,12065,89,4,94.1
2024-09-09,12066,89,4,658.2
2024-09-16,12066,89,4,436.4
2024-09-16,12067,89,4,251.1
2024-09-23,12067,89,4,156.3
2024-09-23,12068,89,4,560.4
2024-09-30,12068,89,4,285.9
2024-10-07,12069,89,4,461.4
2024-10-21,12070,89,4,263.2
2024-10-21,12071,89,4,208.5
2024-10-28,12071,89,4,71.0
2024-11-04,12072,89,4,190.6
2024-11-11,12073,89,4,76.4
2024-11-18,12073,89,4,31.7
2024-11-25,12074,89,4,193.3
2024-12-02,12075,89,4,604.5
2024-12-09,12075,89,4,324.9
2024-12-02,12076,89,4,420.3
2024-12-09,12076,89,4,0.0
2024-12-16,12077,89,4,254.5
2024-12-23,12077,89,4,103.0
2024-12-30,12078,89,4,72.3
2025-01-06,12078,89,4,40.6
2025-01-06,12079,89,4,85.1
2025-01-13,12079,89,4,47.2
2025-01-13,12080,89,4,204.8
2025-01-20,12081,89,4,301.4
2025-01-27,12081,89,4,18.8
2025-02-03,12082,89,4,594.8
2025-02-10,12082,89,4,379.7
2025-02-10,12083,89,4,394.8
2025-02-24,12084,89,4,217.1
2025-03-03,12084,89,4,0.0
2025-03-03,12085,89,4,212.8
2025-03-10,12085,89,4,44.5
2025-03-10,12086,89,4,222.6
2025-03-17,12087,89,4,194.7
2025-03-24,12087,89,4,8.3
2025-03-31,12088,89,4,344.1
2025-04-07,12088,89,4,91.1
2025-04-07,12089,89,4,572.7
2025-04-07,12090,89,4,241.3
2025-04-14,12090,89,4,77.7
2025-04-21,12091,89,4,76.1
2025-04-28,12091,89,4,50.2
2025-04-28,12092,89,4,404.1
2025-05-05,12092,89,4,93.3
2025-05-12,12093,89,4,395.9
2025-05-19,12094,89,4,461.4
2025-05-26,12094,89,4,110.9
2025-06-02,12095,89,4,210.9
2025-06-09,12095,89,4,82.8
2025-06-02,12096,89,4,169.9
2025-06-09,12096,89,4,0.0
2025-06-16,12097,89,4,257.2
2025-06-23,12097,89,4,143.3
2025-06-23,12098,89,4,393.7
2025-06-30,12098,89,4,0.0
2025-07-07,12099,89,4,93.3
2025-07-14,12099,89,4,45.5
2025-07-14,12100,89,4,97.3
2025-07-21,12100,89,4,0.0
2025-07-21,12101,89,4,418.4
2025-07-28,12101,89,4,50.8
2025-07-28,12102,89,4,106.2
2025-08-04,12102,89,4,48.4
2025-08-11,12103,89,4,181.4
2025-08-18,12104,89,4,510.8
2025-08-25,12105,89,4,209.1
2025-09-01,12105,89,4,0.0
2025-09-08,12106,89,4,390.2
2025-09-15,12106,89,4,0.0
2025-09-15,12107,89,4,377.3
2025-09-22,12108,89,4,300.0
2025-09-29,12108,89,4,117.0
2025-09-29,12109,89,4,142.5
2025-10-06,12109,89,4,65.1
2025-10-20,12110,89,4,391.3
2025-10-27,12111,89,4,269.1
2025-11-03,12112,89,4,325.4
2025-11-10,12113,89,4,171.7
2025-11-17,12113,89,4,0.0
2025-11-10,12114,89,4,378.6
2025-11-17,12114,89,4,44.2
2025-12-01,12115,89,4,60.3
2025-12-08,12116,89,4,374.1
2025-12-15,12117,89,4,540.8
2025-12-22,12118,89,4,450.1
2025-12-29,12118,89,4,248.3
2025-12-29,12119,89,4,231.9
2026-01-05,12119,89,4,95.7
2026-01-12,12120,89,4,486.9
2026-01-12,12121,89,4,45.6
2026-01-19,12121,89,4,7.1
2026-01-26,12122,89,4,421.1
2026-02-02,12122,89,4,251.2
2026-02-09,12123,89,4,219.0
2026-02-16,12124,89,4,372.1
2026-02-23,12124,89,4,223.2
2026-02-23,12125,89,4,372.8
2026-03-02,12125,89,4,184.6
2026-03-09,12126,89,4,248.8
2026-03-16,12127,89,4,240.1
2026-03-23,12128,89,4,201.1
2026-03-30,12129,89,4,334.3
2026-04-06,12129,89,4,11.7
2026-04-06,12130,89,4,219.1
2026-04-13,12130,89,4,108.3
2026-04-20,12131,89,4,415.0
2026-04-27,12132,89,4,272.1
2026-05-04,12132,89,4,170.3
2026-05-11,12133,89,4,89.2
2026-05-18,12134,89,4,581.9
2026-05-25,12134,89,4,282.7
2026-05-18,12135,89,4,343.4
2026-05-25,12135,89,4,209.8
2026-06-08,12136,89,4,349.0
2026-06-15,12137,89,4,118.3
2026-06-22,12137,89,4,40.6
2026-06-22,12138,89,4,286.3
2026-06-29,12138,89,4,107.6
2024-07-08,12140,89,5,180.6
2024-07-15,12140,89,5,0.0
2024-07-22,12141,89,5,490.7
2024-07-29,12142,89,5,641.6
2024-08-05,12142,89,5,416.3
2024-07-29,12143,89,5,476.5
2024-08-05,12143,89,5,261.0
2024-08-12,12144,89,5,105.7
2024-08-19,12144,89,5,60.5
2024-08-19,12145,89,5,286.9
2024-08-26,12145,89,5,62.8
2024-09-02,12146,89,5,222.8
2024-09-09,12146,89,5,0.0
2024-09-09,12147,89,5,45.2
2024-09-23,12148,89,5,257.6
2024-09-30,12148,89,5,0.0
2024-09-23,12149,89,5,218.1
2024-09-30,12149,89,5,0.0
2024-10-07,12150,89,5,81.9
2024-10-14,12150,89,5,33.9
2024-10-14,12151,89,5,79.3
2024-10-21,12151,89,5,5.6
2024-10-28,12152,89,5,220.5
2024-11-04,12152,89,5,118.0
2024-11-04,12153,89,5,481.7
2024-11-11,12153,89,5,128.5
2024-11-11,12154,89,5,237.4
2024-11-18,12154,89,5,140.8
2024-11-25,12155,89,5,418.1
2024-12-02,12156,89,5,448.8
2024-12-09,12156,89,5,282.6
2024-12-16,12157,89,5,329.4
2024-12-23,12158,89,5,114.1
2024-12-23,12159,89,5,186.8
2024-12-30,12159,89,5,55.7
2025-01-06,12160,89,5,181.3
2025-01-20,12161,89,5,282.8
2025-01-20,12162,89,5,136.5
2025-01-27,12162,89,5,19.1
2025-02-03,12163,89,5,285.3
2025-02-10,12164,89,5,321.5
2025-02-24,12165,89,5,57.8
2025-02-24,12166,89,5,405.3
2025-03-03,12166,89,5,80.5
2025-03-10,12167,89,5,317.0
2025-03-17,12168,89,5,104.1
2025-03-24,12168,89,5,43.3
2025-03-31,12169,89,5,194.2
2025-04-07,12170,89,5,198.5
2025-04-14,12170,89,5,23.1
2025-04-14,12171,89,5,287.6
2025-04-21,12171,89,5,49.1
2025-04-28,12172,89,5,119.6
2025-04-28,12173,89,5,264.5
2025-05-05,12173,89,5,171.0
2025-05-12,12174,89,5,405.5
2025-05-19,12175,89,5,400.4
2025-05-26,12175,89,5,0.0
2025-06-02,12176,89,5,234.9
2025-06-02,12177,89,5,154.9
2025-06-09,12177,89,5,44.8
2025-06-16,12178,89,5,38.3
2025-06-23,12179,89,5,413.0
2025-06-30,12179,89,5,1.0
2025-06-30,12180,89,5,506.0
2025-07-07,12180,89,5,158.0
2025-07-14,12181,89,5,95.8
2025-07-28,12182,89,5,150.4
2025-07-28,12183,89,5,353.0
2025-08-04,12183,89,5,150.1
2025-08-11,12184,89,5,579.5
2025-08-25,12185,89,5,108.0
2025-08-25,12186,89,5,89.0
2025-09-01,12186,89,5,22.0
2025-09-08,12187,89,5,402.7
2025-09-15,12187,89,5,234.3
2025-09-15,12188,89,5,446.7
2025-09-22,12189,89,5,81.1
2025-09-29,12189,89,5,36.3
2025-09-29,12190,89,5,125.9
2025-10-06,12190,89,5,45.8
2025-10-13,12191,89,5,604.3
2025-10-20,12192,89,5,433.6
2025-11-03,12193,89,5,516.7
2025-11-03,12194,89,5,147.3
2025-11-10,12194,89,5,75.6
2025-11-17,12195,89,5,447.5
2025-12-01,12196,89,5,152.3
2025-12-01,12197,89,5,373.9
2025-12-08,12197,89,5,0.0
2025-12-15,12198,89,5,380.7
2025-12-22,12198,89,5,114.4
2025-12-29,12199,89,5,97.0
2026-01-05,12200,89,5,412.5
2026-01-12,12201,89,5,42.8
2026-01-19,12202,89,5,323.3
2026-02-02,12203,89,5,101.1
2026-02-09,12204,89,5,353.4
2026-02-16,12204,89,5,204.9
2026-02-16,12205,89,5,402.6
2026-02-23,12205,89,5,68.3
2026-02-23,12206,89,5,247.2
2026-03-02,12206,89,5,137.5
2026-03-09,12207,89,5,296.3
2026-03-16,12208,89,5,354.1
2026-03-23,12209,89,5,139.7
2026-03-30,12210,89,5,232.4
2026-04-06,12210,89,5,113.8
2026-04-13,12211,89,5,58.2
2026-04-13,12212,89,5,57.0
2026-04-20,12212,89,5,24.9
2026-04-27,12213,89,5,43.8
2026-05-04,12213,89,5,25.5
2026-05-11,12214,89,5,210.4
2026-05-18,12215,89,5,62.4
2026-05-25,12216,89,5,319.4
2026-06-01,12216,89,5,40.7
2026-06-01,12217,89,5,291.0
2026-06-08,12217,89,5,14.9
2026-06-15,12218,89,5,115.2
2026-06-15,12219,89,5,464.2
2026-06-22,12219,89,5,39.3
2024-07-08,12221,89,9,271.4
2024-07-15,12221,89,9,54.8
2024-07-22,12222,89,7,436.8
2024-07-29,12222,89,7,232.5
2024-07-29,12223,89,7,244.4
2024-08-05,12223,89,7,114.9
2024-08-12,12224,89,7,339.5
2024-08-19,12225,89,9,269.1
2024-08-26,12225,89,9,0.0
2024-08-26,12226,89,7,356.4
2024-09-02,12227,89,7,375.8
2024-09-16,12228,89,9,158.2
2024-09-23,12229,89,7,267.8
2024-09-23,12230,89,9,297.2
2024-09-30,12230,89,9,132.3
2024-10-14,12231,89,7,326.2
2024-10-14,12232,89,7,339.6
2024-10-21,12232,89,7,59.3
2024-10-21,12233,89,7,171.0
2024-10-28,12233,89,7,102.0
2024-11-04,12234,89,9,117.9
2024-11-18,12235,89,9,325.4
2024-11-25,12236,89,9,314.9
2024-11-25,12237,89,9,605.0
2024-12-02,12237,89,9,317.1
2024-12-09,12238,89,7,479.2
2024-12-16,12238,89,7,103.3
2024-12-23,12239,89,9,458.0
2024-12-30,12240,89,7,241.7
2025-01-06,12241,89,7,124.8
2025-01-13,12241,89,7,16.6
2025-01-13,12242,89,9,395.2
2025-01-20,12242,89,9,256.4
2025-01-27,12243,89,9,357.7
2025-02-03,12244,89,9,577.1
2025-02-10,12244,89,9,372.1
2025-02-10,12245,89,7,472.0
2025-02-17,12246,89,7,430.3
2025-02-24,12246,89,7,133.6
2025-03-03,12247,89,7,470.5
2025-03-10,12248,89,9,310.3
2025-03-17,12248,89,9,119.5
2025-03-17,12249,89,9,326.4
2025-03-24,12249,89,9,213.8
2025-03-31,12250,89,7,147.4
2025-04-07,12251,89,7,246.5
2025-04-21,12252,89,9,371.0
2025-04-21,12253,89,9,310.7
2025-04-28,12253,89,9,166.4
2025-04-28,12254,89,9,438.3
2025-05-05,12254,89,9,209.6
2025-05-12,12255,89,7,367.7
2025-05-19,12255,89,7,60.4
2025-05-19,12256,89,9,151.2
2025-05-26,12256,89,9,17.4
2025-06-02,12257,89,9,120.3
2025-06-09,12258,89,7,380.2
2025-06-16,12258,89,7,8.5
2025-06-16,12259,89,9,233.5
2025-06-23,12259,89,9,70.0
2025-06-23,12260,89,9,145.4
2025-06-30,12260,89,9,0.0
2025-07-07,12261,89,9,454.0
2025-07-14,12262,89,9,481.1
2025-07-21,12262,89,9,228.1
2025-07-21,12263,89,9,457.7
2025-07-28,12263,89,9,36.4
2025-07-28,12264,89,7,342.2
2025-08-04,12264,89,7,0.0
2025-08-11,12265,89,9,258.5
2025-08-18,12265,89,9,125.9
2025-08-18,12266,89,7,294.9
2025-08-25,12266,89,7,150.7
2025-08-25,12267,89,9,256.1
2025-09-08,12268,89,9,400.5
2025-09-15,12269,89,7,625.3
2025-09-22,12269,89,7,405.6
2025-09-22,12270,89,7,61.7
2025-09-29,12270,89,7,0.0
2025-10-06,12271,89,9,99.6
2025-10-13,12272,89,9,414.0
2025-10-27,12273,89,9,102.1
2025-11-03,12274,89,9,204.1
2025-11-03,12275,89,9,396.4
2025-11-10,12275,89,9,126.7
2025-11-17,12276,89,7,178.9
2025-11-24,12277,89,7,140.1
2025-12-08,12278,89,9,365.7
2025-12-15,12279,89,7,273.2
2025-12-22,12279,89,7,0.0
2025-12-22,12280,89,7,148.5
2025-12-29,12281,89,9,279.0
2026-01-05,12281,89,9,174.0
2026-01-12,12282,89,9,169.9
2026-01-19,12283,89,7,103.8
2026-01-26,12283,89,7,0.0
2026-01-26,12284,89,7,266.4
2026-02-02,12284,89,7,145.7
2026-02-09,12285,89,9,171.1
2026-02-16,12285,89,9,0.0
2026-02-16,12286,89,9,227.5
2026-02-23,12286,89,9,89.0
2026-02-23,12287,89,9,166.2
2026-03-02,12287,89,9,88.4
2026-03-02,12288,89,7,205.1
2026-03-09,12288,89,7,2.2
2026-03-16,12289,89,7,317.1
2026-03-23,12289,89,7,145.2
2026-03-23,12290,89,7,544.3
2026-03-30,12291,89,9,255.5
2026-04-06,12292,89,7,472.5
2026-04-13,12292,89,7,246.0
2026-04-20,12293,89,7,128.3
2026-04-27,12294,89,7,168.8
2026-05-04,12294,89,7,27.5
2026-05-11,12295,89,9,50.4
2026-05-18,12296,89,7,441.0
2026-05-18,12297,89,9,169.9
2026-05-25,12297,89,9,109.8
2026-06-01,12298,89,7,544.2
2026-06-08,12298,89,7,284.3
2026-06-15,12299,89,7,270.2
2026-06-15,12300,89,9,45.3
2026-06-22,12300,89,9,0.0
2026-06-29,12301,89,9,406.9
2024-07-08,12302,89,10,323.6
2024-07-22,12303,89,10,383.0
2024-07-29,12304,89,10,205.7
2024-08-05,12305,89,10,136.8
2024-08-12,12305,89,10,35.7
2024-08-12,12306,89,10,260.2
2024-08-19,12306,89,10,0.0
2024-08-19,12307,89,10,360.6
2024-08-26,12307,89,10,198.3
2024-09-02,12308,89,10,120.0
2024-09-09,12308,89,10,71.9
2024-09-09,12309,89,10,175.2
2024-09-16,12309,89,10,87.4
2024-09-23,12310,89,10,111.3
2024-09-30,12311,89,10,47.2
2024-10-07,12311,89,10,28.4
2024-10-07,12312,89,10,132.6
2024-10-14,12312,89,10,37.2
2024-10-14,12313,89,10,440.2
2024-10-21,12313,89,10,192.3
2024-10-28,12314,89,10,51.9
2024-11-04,12314,89,10,22.7
2024-11-04,12315,89,10,395.1
2024-11-18,12316,89,10,224.7
2024-11-18,12317,89,10,274.8
2024-11-25,12317,89,10,41.5
2024-12-02,12318,89,10,233.7
2024-12-09,12319,89,10,396.7
2024-12-23,12320,89,10,457.0
2024-12-30,12321,89,10,67.4
2025-01-06,12321,89,10,40.7
2025-01-06,12322,89,10,42.8
2025-01-13,12322,89,10,1.6
2025-01-20,12323,89,10,75.7
2025-01-27,12324,89,10,286.9
2025-02-03,12324,89,10,107.8
2025-02-03,12325,89,10,482.2
2025-02-10,12325,89,10,113.4
2025-02-10,12326,89,10,123.4
2025-02-17,12326,89,10,0.0
2025-02-17,12327,89,10,125.6
2025-02-24,12327,89,10,21.2
2025-03-03,12328,89,10,580.8
2025-03-10,12328,89,10,295.7
2025-03-10,12329,89,10,225.7
2025-03-17,12329,89,10,30.3
2025-03-24,12330,89,10,382.9
2025-03-31,12331,89,10,203.2
2025-04-07,12332,89,10,581.2
2025-04-14,12333,89,10,484.3
2025-04-28,12334,89,10,224.6
2025-05-05,12335,89,10,196.4
2025-05-12,12336,89,10,491.1
2025-05-19,12336,89,10,297.3
2025-05-19,12337,89,10,167.8
2025-06-02,12338,89,10,441.8
2025-06-02,12339,89,10,225.5
2025-06-09,12339,89,10,127.0
2025-06-16,12340,89,10,153.5
2025-06-23,12341,89,10,80.2
2025-06-30,12341,89,10,20.4
2025-06-30,12342,89,10,138.5
2025-07-07,12342,89,10,67.1
2025-07-14,12343,89,10,404.9
2025-07-28,12344,89,10,181.2
2025-07-28,12345,89,10,452.5
2025-08-04,12345,89,10,133.1
2025-08-11,12346,89,10,94.5
2025-08-25,12347,89,10,484.7
2025-08-25,12348,89,10,285.5
2025-09-01,12349,89,10,235.2
2025-09-08,12349,89,10,5.3
2025-09-22,12350,89,10,488.4
2025-09-22,12351,89,10,526.1
2025-10-06,12352,89,10,403.4
2025-10-13,12352,89,10,0.0
2025-10-13,12353,89,10,275.0
2025-10-27,12354,89,10,661.1
2025-11-03,12355,89,10,194.8
2025-11-03,12356,89,10,255.1
2025-11-10,12356,89,10,25.1
2025-11-17,12357,89,10,240.9
2025-11-24,12357,89,10,103.9
2025-12-01,12358,89,10,209.1
2025-12-08,12359,89,10,421.1
2025-12-15,12359,89,10,203.3
2025-12-15,12360,89,10,73.1
2025-12-22,12361,89,10,532.9
2025-12-29,12361,89,10,243.9
2026-01-05,12362,89,10,184.0
2026-01-12,12362,89,10,21.0
2026-01-12,12363,89,10,390.0
2026-01-26,12364,89,10,79.8
2026-01-26,12365,89,10,318.2
2026-02-02,12365,89,10,4.4
2026-02-02,12366,89,10,226.8
2026-02-09,12366,89,10,0.0
2026-02-23,12367,89,10,246.3
2026-02-23,12368,89,10,118.0
2026-03-09,12369,89,10,269.1
2026-03-09,12370,89,10,368.1
2026-03-16,12370,89,10,0.0
2026-03-16,12371,89,10,545.0
2026-03-23,12371,89,10,192.9
2026-03-30,12372,89,10,115.6
2026-04-06,12372,89,10,12.3
2026-04-13,12373,89,10,290.6
2026-04-20,12374,89,10,273.4
2026-04-27,12374,89,10,174.9
2026-04-27,12375,89,10,260.1
2026-05-04,12375,89,10,110.1
2026-05-04,12376,89,10,491.9
2026-05-11,12376,89,10,308.8
2026-05-11,12377,89,10,470.9
2026-05-18,12377,89,10,228.9
2026-05-18,12378,89,10,376.5
2026-05-25,12378,89,10,59.1
2026-06-01,12379,89,10,97.9
2026-06-08,12379,89,10,48.8
2026-06-08,12380,89,10,214.9
2026-06-15,12380,89,10,124.8
2026-06-22,12381,89,10,305.9
2026-06-29,12381,89,10,155.8
2026-06-29,12382,89,10,251.5
2024-09-16,12383,90,5,267.0
2024-09-23,12383,90,5,244.9
2024-09-30,12383,90,5,222.9
2024-10-07,12383,90,5,200.8
2024-10-14,12383,90,5,178.8
2024-10-21,12383,90,5,156.7
2024-10-28,12383,90,5,134.7
2024-11-04,12383,90,5,112.6
2024-11-11,12383,90,5,90.6
2024-11-18,12383,90,5,68.5
2024-11-25,12383,90,5,46.5
2024-12-02,12383,90,5,24.4
2024-12-09,12383,90,5,2.4
2024-12-16,12383,90,5,0.0
2024-11-25,12384,90,5,971.5
2024-12-02,12384,90,5,764.0
2024-12-09,12384,90,5,556.5
2024-12-16,12384,90,5,349.0
2024-12-23,12384,90,5,141.5
2024-12-30,12384,90,5,0.0
2025-05-05,12385,90,5,1000.7
2025-05-12,12385,90,5,931.4
2025-05-19,12385,90,5,862.0
2025-05-26,12385,90,5,792.7
2025-06-02,12385,90,5,723.4
2025-06-09,12385,90,5,654.1
2025-06-16,12385,90,5,584.8
2025-06-23,12385,90,5,515.4
2025-06-30,12385,90,5,446.1
2025-07-07,12385,90,5,376.8
2025-07-14,12385,90,5,307.5
2025-07-21,12385,90,5,238.2
2025-07-28,12385,90,5,168.8
2025-08-04,12385,90,5,99.5
2025-08-11,12385,90,5,30.2
2025-08-18,12385,90,5,0.0
2025-07-21,12386,90,10,877.3
2025-07-28,12386,90,10,804.6
2025-08-04,12386,90,10,731.9
2025-08-11,12386,90,10,659.2
2025-08-18,12386,90,10,586.5
2025-08-25,12386,90,10,513.8
2025-09-01,12386,90,10,441.1
2025-09-08,12386,90,10,368.4
2025-09-15,12386,90,10,295.7
2025-09-22,12386,90,10,223.0
2025-09-29,12386,90,10,150.3
2025-10-06,12386,90,10,77.6
2025-10-13,12386,90,10,4.9
2025-10-20,12386,90,10,0.0
2026-02-02,12387,90,6,863.8
2026-02-09,12387,90,6,699.5
2026-02-16,12387,90,6,535.3
2026-02-23,12387,90,6,371.0
2026-03-02,12387,90,6,206.8
2026-03-09,12387,90,6,42.6
2026-03-16,12387,90,6,0.0
2026-05-11,12388,90,10,604.0
2026-05-18,12388,90,10,514.0
2026-05-25,12388,90,10,424.1
2026-06-01,12388,90,10,334.1
2026-06-08,12388,90,10,244.1
2026-06-15,12388,90,10,154.1
2026-06-22,12388,90,10,64.2
2026-06-29,12388,90,10,0.0
2024-07-29,12389,91,6,739.6
2024-08-05,12389,91,6,635.3
2024-08-12,12389,91,6,530.9
2024-08-19,12389,91,6,426.5
2024-08-26,12389,91,6,322.2
2024-09-02,12389,91,6,217.8
2024-09-09,12389,91,6,113.4
2024-09-16,12389,91,6,9.0
2024-09-23,12389,91,6,0.0
2024-12-23,12390,91,5,773.1
2024-12-30,12390,91,5,692.2
2025-01-06,12390,91,5,611.2
2025-01-13,12390,91,5,530.3
2025-01-20,12390,91,5,449.4
2025-01-27,12390,91,5,368.5
2025-02-03,12390,91,5,287.6
2025-02-10,12390,91,5,206.7
2025-02-17,12390,91,5,125.7
2025-02-24,12390,91,5,44.8
2025-03-03,12390,91,5,0.0
2025-06-16,12391,91,5,223.3
2025-06-23,12391,91,5,208.5
2025-06-30,12391,91,5,193.8
2025-07-07,12391,91,5,179.1
2025-07-14,12391,91,5,164.3
2025-07-21,12391,91,5,149.6
2025-07-28,12391,91,5,134.9
2025-08-04,12391,91,5,120.2
2025-08-11,12391,91,5,105.4
2025-08-18,12391,91,5,90.7
2025-08-25,12391,91,5,76.0
2025-09-01,12391,91,5,61.2
2025-09-08,12391,91,5,46.5
2025-09-15,12391,91,5,31.8
2025-09-22,12391,91,5,17.0
2025-09-29,12391,91,5,2.3
2025-10-06,12391,91,5,0.0
2025-07-21,12392,91,5,612.7
2025-07-28,12392,91,5,565.4
2025-08-04,12392,91,5,518.1
2025-08-11,12392,91,5,470.8
2025-08-18,12392,91,5,423.5
2025-08-25,12392,91,5,376.2
2025-09-01,12392,91,5,328.9
2025-09-08,12392,91,5,281.6
2025-09-15,12392,91,5,234.3
2025-09-22,12392,91,5,187.0
2025-09-29,12392,91,5,139.7
2025-10-06,12392,91,5,92.5
2025-10-13,12392,91,5,45.2
2025-10-20,12392,91,5,0.0
2026-02-09,12393,91,5,979.9
2026-02-16,12393,91,5,899.9
2026-02-23,12393,91,5,819.8
2026-03-02,12393,91,5,739.8
2026-03-09,12393,91,5,659.7
2026-03-16,12393,91,5,579.7
2026-03-23,12393,91,5,499.6
2026-03-30,12393,91,5,419.6
2026-04-06,12393,91,5,339.5
2026-04-13,12393,91,5,259.5
2026-04-20,12393,91,5,179.4
2026-04-27,12393,91,5,99.3
2026-05-04,12393,91,5,19.3
2026-05-11,12393,91,5,0.0
2026-04-13,12394,91,5,862.8
2026-04-20,12394,91,5,679.6
2026-04-27,12394,91,5,496.4
2026-05-04,12394,91,5,313.3
2026-05-11,12394,91,5,130.1
2026-05-18,12394,91,5,0.0
2024-07-08,12395,92,3,509.6
2024-07-15,12395,92,3,280.3
2024-07-22,12395,92,3,50.9
2024-07-22,12396,92,3,103.1
2024-07-29,12396,92,3,60.2
2024-08-05,12397,92,1,432.7
2024-08-12,12397,92,1,104.3
2024-08-19,12398,92,3,427.1
2024-08-26,12398,92,3,115.2
2024-09-02,12399,92,1,235.8
2024-09-09,12399,92,1,0.0
2024-09-16,12400,92,3,279.1
2024-09-23,12400,92,3,99.3
2024-09-30,12400,92,3,0.0
2024-10-07,12401,92,1,376.2
2024-10-14,12401,92,1,99.4
2024-10-07,12402,92,1,451.8
2024-10-14,12402,92,1,9.7
2024-10-21,12403,92,1,299.1
2024-10-28,12403,92,1,188.2
2024-11-04,12403,92,1,77.4
2024-11-11,12404,92,1,141.7
2024-11-18,12404,92,1,12.4
2024-11-18,12405,92,1,219.8
2024-11-25,12405,92,1,33.6
2024-12-02,12405,92,1,0.0
2024-11-25,12406,92,1,146.1
2024-12-02,12406,92,1,9.3
2024-12-09,12406,92,1,0.0
2024-12-09,12407,92,3,377.9
2024-12-16,12407,92,3,27.9
2024-12-23,12407,92,3,0.0
2024-12-30,12408,92,1,418.7
2025-01-06,12408,92,1,70.5
2025-01-13,12408,92,1,0.0
2025-01-13,12409,92,1,208.1
2025-01-20,12409,92,1,49.1
2025-01-20,12410,92,1,116.5
2025-01-27,12410,92,1,66.9
2025-02-03,12410,92,1,17.4
2025-02-10,12411,92,1,433.2
2025-02-17,12411,92,1,226.5
2025-02-24,12412,92,3,145.8
2025-03-03,12412,92,3,0.0
2025-03-03,12413,92,3,116.6
2025-03-10,12413,92,3,74.1
2025-03-17,12413,92,3,31.7
2025-03-17,12414,92,1,232.1
2025-03-24,12414,92,1,10.2
2025-03-31,12414,92,1,0.0
2025-03-31,12415,92,3,560.6
2025-04-07,12415,92,3,322.3
2025-04-14,12416,92,3,324.0
2025-04-21,12416,92,3,66.1
2025-04-28,12417,92,3,239.1
2025-05-05,12417,92,3,0.0
2025-05-05,12418,92,3,255.3
2025-05-12,12418,92,3,44.7
2025-05-19,12418,92,3,0.0
2025-05-26,12419,92,1,287.0
2025-06-02,12419,92,1,149.0
2025-05-26,12420,92,3,191.6
2025-06-02,12420,92,3,0.0
2025-06-16,12421,92,1,232.3
2025-06-23,12421,92,1,0.0
2025-06-23,12422,92,3,312.0
2025-06-30,12422,92,3,21.0
2025-07-14,12423,92,1,485.4
2025-07-21,12423,92,1,224.9
2025-07-28,12424,92,1,543.2
2025-08-04,12424,92,1,221.3
2025-08-11,12424,92,1,0.0
2025-07-28,12425,92,1,355.0
2025-08-04,12425,92,1,192.1
2025-08-11,12425,92,1,29.1
2025-08-18,12426,92,1,589.7
2025-08-25,12426,92,1,392.5
2025-09-01,12427,92,1,374.0
2025-09-08,12427,92,1,76.1
2025-09-15,12427,92,1,0.0
2025-09-15,12428,92,3,364.2
2025-09-22,12428,92,3,232.4
2025-09-29,12429,92,1,240.6
2025-10-06,12429,92,1,0.0
2025-10-06,12430,92,1,224.2
2025-10-13,12430,92,1,64.4
2025-10-20,12431,92,1,517.0
2025-10-27,12431,92,1,173.0
2025-11-10,12432,92,1,105.1
2025-11-17,12432,92,1,51.1
2025-11-17,12433,92,1,157.9
2025-11-24,12433,92,1,46.8
2025-12-08,12434,92,3,520.6
2025-12-15,12434,92,3,165.1
2025-12-15,12435,92,1,128.6
2025-12-22,12435,92,1,32.1
2025-12-29,12435,92,1,0.0
2025-12-29,12436,92,1,135.5
2026-01-05,12436,92,1,59.0
2026-01-12,12436,92,1,0.0
2026-01-12,12437,92,1,221.0
2026-01-19,12437,92,1,93.9
2026-01-26,12438,92,3,51.2
2026-02-02,12438,92,3,15.4
2026-02-09,12439,92,3,298.5
2026-02-16,12439,92,3,0.0
2026-02-16,12440,92,1,53.2
2026-02-23,12440,92,1,22.4
2026-03-02,12440,92,1,0.0
2026-02-23,12441,92,3,387.7
2026-03-02,12441,92,3,0.0
2026-03-16,12442,92,1,309.3
2026-03-23,12442,92,1,144.7
2026-03-23,12443,92,3,102.5
2026-03-30,12443,92,3,46.9
2026-04-13,12444,92,1,332.2
2026-04-20,12444,92,1,0.0
2026-04-20,12445,92,3,142.9
2026-04-27,12445,92,3,56.8
2026-05-04,12445,92,3,0.0
2026-05-04,12446,92,3,178.5
2026-05-11,12446,92,3,15.0
2026-05-18,12446,92,3,0.0
2026-05-11,12447,92,1,110.4
2026-05-18,12447,92,1,40.7
2026-05-25,12447,92,1,0.0
2026-06-01,12448,92,1,582.8
2026-06-08,12448,92,1,275.5
2026-06-15,12448,92,1,0.0
2026-06-15,12449,92,1,70.6
2026-06-22,12449,92,1,18.2
2026-06-29,12449,92,1,0.0
2026-06-29,12450,92,1,237.2
2024-07-08,12451,92,4,252.4
2024-07-15,12451,92,4,144.8
2024-07-22,12451,92,4,37.2
2024-07-22,12452,92,4,359.0
2024-07-29,12452,92,4,211.0
2024-08-05,12452,92,4,63.0
2024-08-05,12453,92,4,276.1
2024-08-12,12453,92,4,0.0
2024-08-26,12454,92,4,440.4
2024-09-02,12454,92,4,233.7
2024-09-02,12455,92,4,191.0
2024-09-09,12455,92,4,75.1
2024-09-16,12456,92,4,227.8
2024-09-23,12456,92,4,114.6
2024-09-30,12456,92,4,1.4
2024-09-30,12457,92,4,290.3
2024-10-07,12457,92,4,65.5
2024-10-14,12457,92,4,0.0
2024-10-07,12458,92,4,479.4
2024-10-14,12458,92,4,177.8
2024-10-28,12459,92,4,257.7
2024-11-04,12459,92,4,138.3
2024-11-11,12459,92,4,19.0
2024-11-11,12460,92,4,268.0
2024-11-18,12460,92,4,124.0
2024-11-25,12460,92,4,0.0
2024-11-25,12461,92,4,418.6
2024-12-02,12461,92,4,187.2
2024-11-25,12462,92,4,285.9
2024-12-02,12462,92,4,28.7
2024-12-09,12462,92,4,0.0
2024-12-16,12463,92,4,220.7
2024-12-23,12463,92,4,141.5
2024-12-30,12463,92,4,62.2
2024-12-23,12464,92,4,482.0
2024-12-30,12464,92,4,297.1
2025-01-06,12464,92,4,112.1
2025-01-06,12465,92,4,95.5
2025-01-13,12465,92,4,40.0
2025-01-20,12465,92,4,0.0
2025-01-20,12466,92,4,77.4
2025-01-27,12466,92,4,30.9
2025-02-03,12466,92,4,0.0
2025-02-03,12467,92,4,299.3
2025-02-10,12467,92,4,133.6
2025-02-17,12467,92,4,0.0
2025-02-17,12468,92,4,314.2
2025-02-24,12468,92,4,205.3
2025-02-24,12469,92,4,54.0
2025-03-03,12469,92,4,0.0
2025-03-17,12470,92,4,268.6
2025-03-24,12470,92,4,79.2
2025-03-31,12470,92,4,0.0
2025-03-31,12471,92,4,509.4
2025-04-07,12471,92,4,320.8
2025-04-07,12472,92,4,318.3
2025-04-14,12472,92,4,0.0
2025-04-28,12473,92,4,428.1
2025-05-05,12473,92,4,92.2
2025-05-12,12473,92,4,0.0
2025-05-05,12474,92,4,285.4
2025-05-12,12474,92,4,184.8
2025-05-19,12475,92,4,430.7
2025-05-26,12475,92,4,0.0
2025-06-02,12476,92,4,233.9
2025-06-09,12476,92,4,0.0
2025-06-16,12477,92,4,347.1
2025-06-23,12477,92,4,99.2
2025-06-23,12478,92,4,187.7
2025-06-30,12478,92,4,95.5
2025-07-07,12478,92,4,3.2
2025-07-07,12479,92,4,153.6
2025-07-14,12479,92,4,72.2
2025-07-21,12480,92,4,321.4
2025-07-28,12480,92,4,0.0
2025-08-11,12481,92,4,486.9
2025-08-18,12481,92,4,207.8
2025-08-25,12482,92,4,159.7
2025-09-01,12482,92,4,39.4
2025-09-08,12483,92,4,134.2
2025-09-15,12483,92,4,86.4
2025-09-15,12484,92,4,56.1
2025-09-22,12484,92,4,0.0
2025-09-29,12485,92,4,65.3
2025-10-06,12485,92,4,0.0
2025-10-13,12486,92,4,219.8
2025-10-20,12486,92,4,31.6
2025-10-27,12486,92,4,0.0
2025-10-27,12487,92,4,291.0
2025-11-03,12487,92,4,0.0
2025-11-03,12488,92,4,233.1
2025-11-10,12488,92,4,27.2
2025-11-17,12488,92,4,0.0
2025-11-10,12489,92,4,316.2
2025-11-17,12489,92,4,59.3
2025-11-24,12489,92,4,0.0
2025-12-08,12490,92,4,578.0
2025-12-15,12490,92,4,346.9
2025-12-08,12491,92,4,535.1
2025-12-15,12491,92,4,309.3
2025-12-29,12492,92,4,423.7
2026-01-05,12492,92,4,225.3
2026-01-12,12492,92,4,27.0
2026-01-05,12493,92,4,53.0
2026-01-12,12493,92,4,0.0
2026-01-19,12494,92,4,478.8
2026-01-26,12494,92,4,84.6
2026-02-02,12494,92,4,0.0
2026-02-02,12495,92,4,350.2
2026-02-09,12495,92,4,225.5
2026-02-23,12496,92,4,277.6
2026-03-02,12496,92,4,0.0
2026-03-09,12497,92,4,142.0
2026-03-16,12497,92,4,22.9
2026-03-23,12498,92,4,236.3
2026-03-30,12498,92,4,113.6
2026-04-06,12499,92,4,445.9
2026-04-13,12499,92,4,204.8
2026-04-13,12500,92,4,375.4
2026-04-20,12500,92,4,248.8
2026-04-27,12500,92,4,122.1
2026-04-20,12501,92,4,410.3
2026-04-27,12501,92,4,90.6
2026-05-04,12502,92,4,533.0
2026-05-11,12502,92,4,289.9
2026-05-18,12503,92,4,395.1
2026-05-25,12503,92,4,196.2
2026-06-08,12504,92,4,321.0
2026-06-15,12504,92,4,11.0
2026-06-08,12505,92,4,378.6
2026-06-15,12505,92,4,232.1
2026-06-22,12505,92,4,85.7
2026-06-29,12506,92,4,153.8
2024-07-08,12508,92,5,228.0
2024-07-15,12508,92,5,143.9
2024-07-22,12508,92,5,59.9
2024-07-29,12509,92,5,317.0
2024-08-05,12509,92,5,153.1
2024-08-12,12509,92,5,0.0
2024-08-12,12510,92,5,183.3
2024-08-19,12510,92,5,53.7
2024-08-19,12511,92,5,527.8
2024-08-26,12511,92,5,300.5
2024-09-09,12512,92,5,627.2
2024-09-16,12512,92,5,389.5
2024-09-16,12513,92,5,533.2
2024-09-23,12513,92,5,264.5
2024-09-30,12513,92,5,0.0
2024-09-23,12514,92,5,172.1
2024-09-30,12514,92,5,68.1
2024-10-07,12514,92,5,0.0
2024-10-07,12515,92,5,418.0
2024-10-14,12515,92,5,240.1
2024-10-21,12515,92,5,62.1
2024-10-21,12516,92,5,585.7
2024-10-28,12516,92,5,276.4
2024-11-04,12516,92,5,0.0
2024-11-04,12517,92,5,304.5
2024-11-11,12517,92,5,128.0
2024-11-18,12518,92,5,236.7
2024-11-25,12518,92,5,72.3
2024-12-02,12518,92,5,0.0
2024-12-09,12519,92,5,291.8
2024-12-16,12519,92,5,183.6
2024-12-16,12520,92,5,405.3
2024-12-23,12520,92,5,183.6
2024-12-30,12521,92,5,219.9
2025-01-06,12521,92,5,61.9
2025-01-13,12522,92,5,498.8
2025-01-20,12522,92,5,99.7
2025-01-27,12522,92,5,0.0
2025-01-20,12523,92,5,490.5
2025-01-27,12523,92,5,272.0
2025-02-03,12523,92,5,53.5
2025-02-10,12524,92,5,247.5
2025-02-17,12524,92,5,0.0
2025-02-17,12525,92,5,427.0
2025-02-24,12525,92,5,268.1
2025-03-03,12526,92,5,393.9
2025-03-10,12526,92,5,216.8
2025-03-17,12526,92,5,39.7
2025-03-17,12527,92,5,432.5
2025-03-24,12527,92,5,87.0
2025-03-31,12527,92,5,0.0
2025-03-24,12528,92,5,205.8
2025-03-31,12528,92,5,0.0
2025-04-07,12529,92,5,111.2
2025-04-14,12529,92,5,68.4
2025-04-21,12529,92,5,25.6
2025-04-28,12530,92,5,216.5
2025-05-05,12530,92,5,36.1
2025-05-12,12530,92,5,0.0
2025-05-05,12531,92,5,85.5
2025-05-12,12531,92,5,29.9
2025-05-19,12531,92,5,0.0
2025-05-19,12532,92,5,91.9
2025-05-26,12532,92,5,23.9
2025-06-02,12532,92,5,0.0
2025-05-26,12533,92,5,662.7
2025-06-02,12533,92,5,440.3
2025-06-09,12533,92,5,218.0
2025-06-16,12534,92,5,312.4
2025-06-23,12534,92,5,64.9
2025-06-30,12535,92,5,533.2
2025-07-07,12535,92,5,344.4
2025-07-14,12535,92,5,155.7
2025-07-14,12536,92,5,138.3
2025-07-21,12536,92,5,39.7
2025-07-21,12537,92,5,145.7
2025-07-28,12537,92,5,20.4
2025-08-04,12537,92,5,0.0
2025-08-11,12538,92,5,437.5
2025-08-18,12538,92,5,118.1
2025-08-18,12539,92,5,68.3
2025-08-25,12539,92,5,0.0
2025-08-25,12540,92,5,317.3
2025-09-01,12540,92,5,64.6
2025-09-08,12540,92,5,0.0
2025-09-15,12541,92,5,233.8
2025-09-22,12541,92,5,4.6
2025-09-22,12542,92,5,181.1
2025-09-29,12542,92,5,0.0
2025-10-13,12543,92,5,404.2
2025-10-20,12543,92,5,0.0
2025-10-27,12544,92,5,123.3
2025-11-03,12544,92,5,78.7
2025-11-10,12544,92,5,34.0
2025-11-10,12545,92,5,408.2
2025-11-17,12545,92,5,189.5
2025-11-17,12546,92,5,317.1
2025-11-24,12546,92,5,29.3
2025-12-01,12546,92,5,0.0
2025-12-08,12547,92,5,200.0
2025-12-15,12547,92,5,130.9
2025-12-08,12548,92,5,275.2
2025-12-15,12548,92,5,160.4
2025-12-22,12548,92,5,45.6
2025-12-22,12549,92,5,206.3
2025-12-29,12549,92,5,0.0
2026-01-05,12550,92,5,105.8
2026-01-12,12550,92,5,56.6
2026-01-19,12550,92,5,7.4
2026-01-19,12551,92,5,274.0
2026-01-26,12551,92,5,133.0
2026-02-02,12551,92,5,0.0
2026-01-26,12552,92,5,207.8
2026-02-02,12552,92,5,108.5
2026-02-09,12552,92,5,9.3
2026-02-16,12553,92,5,543.1
2026-02-23,12553,92,5,259.3
2026-03-02,12553,92,5,0.0
2026-03-02,12554,92,5,232.0
2026-03-09,12554,92,5,60.1
2026-03-09,12555,92,5,100.9
2026-03-16,12555,92,5,65.7
2026-03-23,12555,92,5,30.6
2026-04-06,12556,92,5,425.5
2026-04-13,12556,92,5,86.9
2026-04-13,12557,92,5,516.5
2026-04-20,12557,92,5,190.0
2026-04-27,12558,92,5,61.1
2026-05-04,12558,92,5,0.0
2026-05-04,12559,92,5,348.8
2026-05-11,12559,92,5,184.6
2026-05-18,12559,92,5,20.5
2026-05-25,12560,92,5,272.2
2026-06-01,12560,92,5,139.4
2026-06-01,12561,92,5,434.6
2026-06-08,12561,92,5,216.2
2026-06-15,12562,92,5,390.9
2026-06-22,12562,92,5,181.7
2026-06-29,12563,92,5,341.0
2024-07-15,12564,92,9,381.9
2024-07-22,12564,92,9,232.8
2024-07-29,12564,92,9,83.7
2024-07-22,12565,92,9,585.8
2024-07-29,12565,92,9,340.7
2024-08-12,12566,92,9,205.0
2024-08-19,12566,92,9,63.0
2024-08-26,12567,92,9,275.4
2024-09-02,12567,92,9,130.7
2024-08-26,12568,92,9,88.5
2024-09-02,12568,92,9,0.0
2024-09-16,12569,92,7,67.6
2024-09-23,12569,92,7,41.2
2024-09-23,12570,92,7,414.4
2024-09-30,12570,92,7,71.9
2024-10-07,12570,92,7,0.0
2024-10-07,12571,92,9,637.4
2024-10-14,12571,92,9,403.8
2024-10-21,12571,92,9,170.2
2024-10-21,12572,92,9,320.9
2024-10-28,12572,92,9,105.9
2024-11-11,12573,92,7,81.2
2024-11-18,12573,92,7,33.4
2024-11-18,12574,92,7,358.6
2024-11-25,12574,92,7,95.2
2024-11-25,12575,92,9,379.7
2024-12-02,12575,92,9,160.4
2024-12-09,12575,92,9,0.0
2024-12-16,12576,92,9,245.9
2024-12-23,12576,92,9,0.0
2024-12-23,12577,92,7,537.0
2024-12-30,12577,92,7,320.0
2025-01-06,12577,92,7,103.0
2025-01-06,12578,92,7,287.0
2025-01-13,12578,92,7,157.0
2025-01-13,12579,92,9,593.5
2025-01-20,12579,92,9,339.9
2025-01-27,12579,92,9,86.4
2025-02-10,12580,92,7,394.4
2025-02-17,12580,92,7,203.8
2025-02-17,12581,92,9,489.1
2025-02-24,12581,92,9,277.2
2025-03-10,12582,92,7,470.6
2025-03-17,12582,92,7,240.2
2025-03-17,12583,92,9,95.4
2025-03-24,12583,92,9,37.8
2025-03-24,12584,92,7,532.4
2025-03-31,12584,92,7,222.8
2025-04-07,12584,92,7,0.0
2025-04-14,12585,92,9,88.1
2025-04-21,12585,92,9,0.0
2025-04-28,12586,92,7,72.6
2025-05-05,12586,92,7,16.3
2025-05-05,12587,92,9,135.9
2025-05-12,12587,92,9,42.9
2025-05-19,12587,92,9,0.0
2025-05-26,12588,92,7,135.0
2025-06-02,12588,92,7,0.0
2025-05-26,12589,92,7,245.8
2025-06-02,12589,92,7,0.0
2025-06-16,12590,92,9,498.8
2025-06-23,12590,92,9,181.6
2025-06-23,12591,92,7,518.6
2025-06-30,12591,92,7,342.2
2025-07-07,12591,92,7,165.9
2025-07-14,12592,92,9,397.9
2025-07-21,12592,92,9,0.0
2025-07-21,12593,92,7,418.6
2025-07-28,12593,92,7,26.3
2025-08-04,12593,92,7,0.0
2025-08-11,12594,92,9,154.5
2025-08-18,12594,92,9,96.9
2025-08-18,12595,92,7,287.9
2025-08-25,12595,92,7,0.0
2025-09-08,12596,92,9,42.4
2025-09-15,12596,92,9,16.8
2025-09-15,12597,92,9,148.6
2025-09-22,12597,92,9,0.0
2025-09-22,12598,92,7,535.2
2025-09-29,12598,92,7,259.5
2025-10-06,12598,92,7,0.0
2025-10-06,12599,92,9,363.4
2025-10-13,12599,92,9,66.9
2025-10-20,12600,92,9,300.6
2025-10-27,12600,92,9,93.2
2025-11-10,12601,92,7,393.4
2025-11-17,12601,92,7,172.9
2025-11-24,12601,92,7,0.0
2025-11-17,12602,92,9,335.9
2025-11-24,12602,92,9,23.7
2025-11-24,12603,92,9,166.8
2025-12-01,12603,92,9,51.6
2025-12-08,12603,92,9,0.0
2025-12-08,12604,92,7,98.6
2025-12-15,12604,92,7,13.1
2025-12-22,12604,92,7,0.0
2025-12-29,12605,92,7,137.3
2026-01-05,12605,92,7,9.6
2026-01-12,12605,92,7,0.0
2026-01-12,12606,92,9,590.2
2026-01-19,12606,92,9,366.4
2026-01-19,12607,92,9,501.0
2026-01-26,12607,92,9,234.1
2026-02-02,12608,92,7,70.8
2026-02-09,12608,92,7,0.0
2026-02-16,12609,92,7,548.9
2026-02-23,12609,92,7,252.8
2026-03-09,12610,92,9,157.9
2026-03-16,12610,92,9,14.8
2026-03-23,12611,92,9,419.0
2026-03-30,12611,92,9,255.0
2026-03-23,12612,92,9,309.0
2026-03-30,12612,92,9,0.0
2026-04-13,12613,92,9,254.5
2026-04-20,12613,92,9,0.0
2026-04-27,12614,92,9,402.0
2026-05-04,12614,92,9,0.0
2026-05-11,12615,92,9,91.2
2026-05-18,12615,92,9,22.4
2026-05-18,12616,92,9,41.4
2026-05-25,12616,92,9,16.9
2026-06-01,12617,92,7,98.5
2026-06-08,12617,92,7,55.9
2026-06-15,12617,92,7,13.4
2026-06-15,12618,92,7,407.4
2026-06-22,12618,92,7,0.0
2026-06-29,12619,92,7,182.1
2024-07-15,12620,92,10,216.0
2024-07-22,12620,92,10,5.0
2024-07-29,12620,92,10,0.0
2024-07-22,12621,92,10,434.7
2024-07-29,12621,92,10,60.4
2024-08-05,12621,92,10,0.0
2024-08-12,12622,92,10,332.0
2024-08-19,12622,92,10,22.0
2024-08-19,12623,92,10,60.2
2024-08-26,12623,92,10,35.3
2024-08-26,12624,92,10,303.5
2024-09-02,12624,92,10,157.1
2024-09-09,12624,92,10,10.6
2024-09-09,12625,92,10,490.9
2024-09-16,12625,92,10,300.7
2024-09-23,12625,92,10,110.6
2024-09-30,12626,92,10,376.4
2024-10-07,12626,92,10,144.8
2024-10-14,12626,92,10,0.0
2024-10-14,12627,92,10,276.8
2024-10-21,12627,92,10,148.7
2024-10-28,12627,92,10,20.5
2024-10-21,12628,92,10,130.6
2024-10-28,12628,92,10,38.2
2024-11-11,12629,92,10,367.3
2024-11-18,12629,92,10,44.7
2024-11-25,12630,92,10,532.1
2024-12-02,12630,92,10,191.2
2024-12-02,12631,92,10,73.4
2024-12-09,12631,92,10,0.0
2024-12-09,12632,92,10,144.0
2024-12-16,12632,92,10,5.9
2024-12-23,12632,92,10,0.0
2024-12-30,12633,92,10,365.1
2025-01-06,12633,92,10,0.0
2025-01-13,12634,92,10,283.0
2025-01-20,12634,92,10,126.0
2025-01-27,12634,92,10,0.0
2025-01-20,12635,92,10,412.5
2025-01-27,12635,92,10,252.9
2025-02-03,12636,92,10,449.3
2025-02-10,12636,92,10,28.5
2025-02-17,12637,92,10,486.4
2025-02-24,12637,92,10,249.8
2025-02-24,12638,92,10,254.7
2025-03-03,12638,92,10,51.4
2025-03-10,12638,92,10,0.0
2025-03-17,12639,92,10,100.7
2025-03-24,12639,92,10,35.4
2025-03-31,12639,92,10,0.0
2025-03-24,12640,92,10,67.0
2025-03-31,12640,92,10,32.0
2025-04-14,12641,92,10,343.4
2025-04-21,12641,92,10,0.0
2025-04-21,12642,92,10,218.4
2025-04-28,12642,92,10,6.9
2025-05-05,12642,92,10,0.0
2025-05-12,12643,92,10,426.8
2025-05-19,12643,92,10,248.5
2025-05-26,12644,92,10,185.0
2025-06-02,12644,92,10,0.0
2025-06-02,12645,92,10,118.0
2025-06-09,12645,92,10,60.1
2025-06-16,12646,92,10,225.4
2025-06-23,12646,92,10,6.9
2025-07-07,12647,92,10,338.5
2025-07-14,12647,92,10,70.1
2025-07-07,12648,92,10,125.6
2025-07-14,12648,92,10,71.1
2025-07-21,12649,92,10,207.0
2025-07-28,12649,92,10,0.0
2025-08-04,12650,92,10,343.2
2025-08-11,12650,92,10,31.4
2025-08-11,12651,92,10,263.5
2025-08-18,12651,92,10,75.9
2025-08-25,12651,92,10,0.0
2025-09-08,12652,92,10,116.7
2025-09-15,12652,92,10,50.4
2025-09-08,12653,92,10,195.5
2025-09-15,12653,92,10,65.0
2025-09-29,12654,92,10,652.7
2025-10-06,12654,92,10,432.4
2025-10-06,12655,92,10,359.3
2025-10-13,12655,92,10,196.5
2025-10-27,12656,92,10,129.2
2025-11-03,12656,92,10,68.4
2025-11-03,12657,92,10,111.4
2025-11-10,12657,92,10,54.7
2025-11-17,12658,92,10,140.3
2025-11-24,12658,92,10,41.5
2025-11-24,12659,92,10,256.8
2025-12-01,12659,92,10,0.0
2025-12-15,12660,92,10,42.6
2025-12-22,12660,92,10,9.2
2025-12-29,12661,92,10,318.5
2026-01-05,12661,92,10,167.9
2026-01-12,12662,92,10,526.9
2026-01-19,12662,92,10,174.9
2026-01-19,12663,92,10,457.9
2026-01-26,12663,92,10,220.8
2026-02-02,12663,92,10,0.0
2026-02-02,12664,92,10,128.7
2026-02-09,12664,92,10,0.0
2026-02-09,12665,92,10,572.7
2026-02-16,12665,92,10,306.4
2026-02-23,12665,92,10,40.1
2026-02-23,12666,92,10,477.8
2026-03-02,12666,92,10,104.7
2026-03-09,12666,92,10,0.0
2026-03-16,12667,92,10,36.6
2026-03-23,12667,92,10,7.2
2026-03-30,12668,92,10,206.6
2026-04-06,12668,92,10,51.3
2026-04-13,12669,92,10,293.5
2026-04-20,12669,92,10,190.0
2026-04-27,12669,92,10,86.5
2026-04-27,12670,92,10,194.3
2026-05-04,12670,92,10,34.6
2026-05-11,12670,92,10,0.0
2026-05-04,12671,92,10,276.1
2026-05-11,12671,92,10,139.2
2026-05-18,12671,92,10,2.2
2026-05-18,12672,92,10,121.4
2026-05-25,12672,92,10,63.7
2026-06-01,12672,92,10,6.1
2026-05-25,12673,92,10,163.8
2026-06-01,12673,92,10,0.0
2026-06-15,12674,92,10,196.2
2026-06-22,12674,92,10,0.0
2026-06-22,12675,92,10,51.0
2026-06-29,12675,92,10,3.9
2024-07-15,12677,93,1,202.8
2024-07-22,12678,93,3,363.4
2024-08-05,12680,93,3,310.5
2024-08-19,12682,93,3,215.6
2024-10-28,12692,93,3,343.5
2024-11-04,12693,93,3,489.4
2024-12-02,12697,93,1,277.0
2025-02-10,12707,93,3,34.7
2025-02-17,12708,93,1,483.1
2025-03-03,12710,93,1,271.6
2025-03-31,12714,93,1,333.3
2025-04-07,12715,93,3,76.9
2025-04-21,12717,93,3,420.4
2025-06-30,12727,93,3,154.4
2025-08-18,12734,93,1,61.6
2025-08-25,12735,93,1,256.5
2025-11-10,12746,93,1,594.2
2025-12-15,12751,93,3,220.1
2025-12-29,12753,93,1,369.7
2026-01-12,12755,93,3,637.4
2026-02-16,12760,93,1,118.3
2026-03-02,12762,93,3,365.3
2026-03-30,12766,93,3,218.9
2026-04-13,12768,93,3,53.1
2026-06-01,12775,93,1,119.5
2026-06-22,12778,93,1,254.1
2026-06-29,12779,93,1,324.3
2024-07-08,12780,93,4,147.6
2024-07-22,12782,93,4,337.6
2024-07-29,12783,93,4,577.5
2024-08-05,12784,93,4,436.1
2024-08-19,12786,93,4,588.2
2024-08-26,12787,93,4,441.8
2024-09-02,12788,93,4,226.6
2024-09-30,12792,93,4,439.6
2024-12-02,12801,93,4,308.0
2024-12-09,12802,93,4,413.7
2024-12-23,12804,93,4,151.1
2025-01-13,12807,93,4,127.6
2025-01-27,12809,93,4,245.6
2025-02-10,12811,93,4,562.8
2025-03-03,12814,93,4,297.6
2025-03-10,12815,93,4,271.7
2025-03-31,12818,93,4,543.5
2025-04-21,12821,93,4,47.0
2025-04-28,12822,93,4,155.2
2025-05-05,12823,93,4,63.8
2025-05-12,12824,93,4,308.4
2025-05-19,12825,93,4,401.0
2025-06-09,12828,93,4,377.2
2025-06-16,12829,93,4,268.8
2025-07-21,12834,93,4,62.9
2025-08-04,12836,93,4,77.5
2025-08-25,12839,93,4,492.7
2025-09-01,12840,93,4,127.0
2025-11-17,12851,93,4,439.3
2025-11-24,12852,93,4,185.9
2026-01-26,12861,93,4,87.0
2026-02-09,12863,93,4,478.8
2026-03-16,12868,93,4,73.0
2026-03-30,12870,93,4,351.5
2026-04-06,12871,93,4,371.3
2026-05-04,12875,93,4,375.3
2026-05-18,12877,93,4,265.5
2026-05-25,12878,93,4,385.6
2026-06-01,12879,93,4,144.4
2026-06-15,12881,93,4,160.0
2024-07-15,12886,93,5,483.4
2024-08-12,12890,93,5,431.4
2024-09-02,12893,93,5,180.8
2024-09-30,12897,93,5,173.4
2024-11-11,12903,93,5,223.8
2024-11-18,12904,93,5,96.7
2024-11-25,12905,93,5,314.2
2024-12-30,12910,93,5,424.7
2025-01-27,12914,93,5,342.7
2025-02-10,12916,93,5,514.9
2025-03-17,12921,93,5,161.7
2025-04-14,12925,93,5,122.3
2025-05-05,12928,93,5,166.2
2025-05-12,12929,93,5,363.4
2025-06-23,12935,93,5,286.6
2025-07-21,12939,93,5,221.3
2025-07-28,12940,93,5,172.4
2025-08-04,12941,93,5,295.4
2025-09-29,12949,93,5,482.9
2025-10-13,12951,93,5,158.5
2025-11-17,12956,93,5,256.5
2025-12-08,12959,93,5,198.3
2025-12-29,12962,93,5,225.2
2026-02-16,12969,93,5,224.9
2026-03-02,12971,93,5,551.8
2026-04-13,12977,93,5,364.1
2026-06-22,12987,93,5,75.3
2024-07-08,12989,93,7,52.7
2024-08-12,12994,93,7,77.4
2024-09-09,12998,93,9,378.7
2024-09-16,12999,93,7,236.7
2024-09-23,13000,93,7,559.6
2024-09-30,13001,93,7,53.7
2024-10-07,13002,93,7,405.3
2024-10-21,13004,93,7,385.5
2024-10-28,13005,93,9,191.5
2024-12-02,13010,93,7,65.9
2024-12-09,13011,93,7,50.2
2024-12-30,13014,93,7,195.6
2025-01-13,13016,93,9,186.6
2025-02-03,13019,93,7,198.7
2025-02-17,13021,93,9,421.9
2025-03-10,13024,93,7,301.8
2025-03-24,13026,93,7,414.0
2025-04-28,13031,93,7,199.7
2025-06-02,13036,93,7,68.3
2025-06-23,13039,93,9,534.7
2025-07-14,13042,93,7,120.3
2025-09-29,13053,93,7,327.9
2025-10-20,13056,93,7,222.6
2025-10-27,13057,93,7,69.7
2025-11-10,13059,93,7,490.8
2025-12-08,13063,93,9,321.8
2025-12-22,13065,93,9,107.7
2026-02-02,13071,93,9,82.3
2026-02-23,13074,93,7,494.1
2026-03-02,13075,93,7,350.1
2026-03-16,13077,93,9,447.2
2026-03-23,13078,93,9,265.1
2026-03-30,13079,93,7,32.5
2026-04-06,13080,93,9,214.9
2026-04-20,13082,93,9,444.0
2026-04-27,13083,93,9,455.1
2026-06-08,13089,93,7,177.4
2026-06-22,13091,93,7,432.3
2026-06-29,13092,93,9,191.1
2024-07-15,13094,93,10,290.8
2024-08-05,13097,93,10,344.1
2024-08-12,13098,93,10,207.6
2024-08-26,13100,93,10,133.4
2024-10-07,13106,93,10,100.1
2024-10-21,13108,93,10,111.9
2024-11-04,13110,93,10,104.7
2024-12-23,13117,93,10,267.1
2025-02-10,13124,93,10,292.4
2025-03-03,13127,93,10,342.6
2025-04-07,13132,93,10,275.6
2025-04-14,13133,93,10,448.1
2025-04-21,13134,93,10,507.1
2025-04-28,13135,93,10,82.9
2025-06-09,13141,93,10,126.9
2025-07-21,13147,93,10,411.6
2025-09-01,13153,93,10,186.3
2025-09-08,13154,93,10,100.3
2025-10-27,13161,93,10,251.2
2025-11-24,13165,93,10,486.9
2025-12-15,13168,93,10,490.1
2025-12-22,13169,93,10,76.8
2025-12-29,13170,93,10,290.0
2026-01-12,13172,93,10,252.7
2026-01-26,13174,93,10,79.2
2026-02-09,13176,93,10,44.7
2026-03-02,13179,93,10,465.8
2026-03-16,13181,93,10,142.0
2026-04-06,13184,93,10,178.9
2026-04-13,13185,93,10,111.5
2026-06-08,13193,93,10,303.9
2024-07-15,13198,94,1,458.1
2024-07-29,13200,94,3,145.1
2024-09-02,13205,94,1,603.8
2024-09-16,13207,94,3,250.3
2024-09-23,13208,94,3,94.9
2024-10-21,13212,94,3,441.2
2024-10-28,13213,94,1,315.8
2024-11-18,13216,94,1,275.9
2024-12-30,13222,94,3,132.6
2025-01-20,13225,94,3,192.0
2025-02-03,13227,94,1,64.3
2025-02-24,13230,94,1,100.6
2025-03-10,13232,94,1,424.7
2025-04-07,13236,94,1,165.5
2025-04-14,13237,94,1,189.7
2025-04-21,13238,94,3,286.5
2025-05-19,13242,94,3,383.2
2025-07-14,13250,94,1,257.8
2025-08-04,13253,94,1,371.5
2025-08-11,13254,94,3,252.1
2025-08-25,13256,94,3,162.7
2025-09-08,13258,94,1,229.3
2025-09-22,13260,94,3,368.5
2025-10-06,13262,94,3,513.7
2025-10-13,13263,94,1,198.8
2025-10-27,13265,94,1,535.3
2025-11-03,13266,94,1,277.8
2025-12-01,13270,94,3,56.3
2025-12-15,13272,94,3,104.6
2025-12-22,13273,94,3,43.0
2026-01-05,13275,94,3,239.3
2026-01-26,13278,94,1,99.2
2026-02-09,13280,94,1,318.4
2026-03-02,13283,94,1,125.2
2026-03-09,13284,94,3,250.8
2026-03-23,13286,94,1,142.5
2026-03-30,13287,94,3,38.6
2026-04-20,13290,94,3,380.9
2026-04-27,13291,94,1,239.5
2026-05-11,13293,94,3,290.6
2026-05-18,13294,94,3,469.9
2026-05-25,13295,94,1,71.5
2026-06-08,13297,94,1,232.8
2026-06-22,13299,94,3,346.7
2024-07-29,13304,94,4,263.3
2024-08-12,13306,94,4,252.0
2024-09-02,13309,94,4,429.0
2024-09-23,13312,94,4,247.4
2024-09-30,13313,94,4,210.2
2024-10-14,13315,94,4,381.1
2024-10-28,13317,94,4,292.8
2024-11-18,13320,94,4,612.9
2024-12-02,13322,94,4,337.1
2024-12-23,13325,94,4,403.7
2025-01-13,13328,94,4,67.1
2025-01-27,13330,94,4,542.1
2025-02-03,13331,94,4,433.6
2025-03-10,13336,94,4,196.7
2025-04-28,13343,94,4,392.6
2025-06-02,13348,94,4,439.0
2025-06-09,13349,94,4,415.2
2025-06-23,13351,94,4,83.8
2025-08-11,13358,94,4,280.7
2025-08-18,13359,94,4,441.6
2025-09-22,13364,94,4,314.5
2025-09-29,13365,94,4,359.1
2025-10-06,13366,94,4,275.1
2025-10-27,13369,94,4,129.6
2025-11-10,13371,94,4,220.2
2025-12-01,13374,94,4,209.1
2025-12-22,13377,94,4,189.3
2026-02-16,13385,94,4,456.5
2026-03-16,13389,94,4,358.0
2026-03-23,13390,94,4,200.9
2026-03-30,13391,94,4,207.5
2026-04-27,13395,94,4,253.1
2026-05-04,13396,94,4,341.6
2026-05-25,13399,94,4,97.7
2026-06-15,13402,94,4,560.0
2026-06-22,13403,94,4,343.3
2024-09-16,13415,94,5,219.8
2024-09-23,13416,94,5,131.5
2024-09-30,13417,94,5,531.0
2024-11-11,13423,94,5,223.9
2024-11-18,13424,94,5,265.9
2024-12-02,13426,94,5,347.8
2024-12-16,13428,94,5,437.2
2024-12-23,13429,94,5,555.0
2025-01-06,13431,94,5,98.5
2025-02-24,13438,94,5,500.3
2025-03-10,13440,94,5,353.8
2025-03-31,13443,94,5,269.0
2025-04-07,13444,94,5,535.7
2025-04-14,13445,94,5,392.2
2025-04-21,13446,94,5,275.0
2025-05-12,13449,94,5,214.5
2025-05-19,13450,94,5,450.2
2025-06-02,13452,94,5,54.4
2025-06-09,13453,94,5,290.8
2025-06-30,13456,94,5,495.2
2025-07-28,13460,94,5,77.4
2025-08-04,13461,94,5,601.4
2025-08-11,13462,94,5,385.8
2025-08-25,13464,94,5,240.7
2025-10-20,13472,94,5,338.6
2025-11-03,13474,94,5,207.4
2025-11-24,13477,94,5,71.1
2025-12-01,13478,94,5,192.8
2025-12-08,13479,94,5,57.0
2025-12-22,13481,94,5,359.4
2026-01-26,13486,94,5,183.9
2026-02-09,13488,94,5,473.9
2026-02-23,13490,94,5,298.8
2026-03-02,13491,94,5,218.4
2026-03-16,13493,94,5,341.2
2026-03-23,13494,94,5,578.3
2026-04-06,13496,94,5,585.7
2026-04-27,13499,94,5,275.8
2026-05-25,13503,94,5,374.5
2026-06-01,13504,94,5,267.3
2026-06-08,13505,94,5,178.0
2026-06-29,13508,94,5,284.1
2024-07-15,13510,94,9,438.0
2024-07-22,13511,94,7,177.4
2024-08-12,13514,94,7,178.7
2024-08-26,13516,94,7,98.6
2024-09-02,13517,94,7,397.9
2024-09-16,13519,94,7,78.4
2024-09-23,13520,94,7,151.2
2024-10-07,13522,94,7,616.0
2024-10-14,13523,94,7,189.8
2024-10-21,13524,94,7,423.3
2024-12-09,13531,94,9,279.4
2024-12-16,13532,94,7,536.6
2024-12-23,13533,94,9,413.9
2025-01-06,13535,94,9,233.3
2025-03-10,13544,94,7,105.1
2025-03-17,13545,94,9,250.1
2025-03-31,13547,94,7,265.4
2025-04-14,13549,94,7,426.4
2025-05-05,13552,94,9,86.0
2025-05-26,13555,94,7,254.6
2025-06-09,13557,94,9,240.1
2025-07-07,13561,94,9,418.2
2025-07-14,13562,94,9,320.1
2025-07-28,13564,94,9,379.3
2025-08-04,13565,94,7,98.4
2025-08-11,13566,94,9,57.2
2025-10-13,13575,94,7,408.4
2025-11-10,13579,94,9,552.4
2025-11-17,13580,94,9,307.3
2025-12-08,13583,94,9,135.1
2025-12-22,13585,94,9,85.0
2026-01-05,13587,94,7,222.8
2026-02-09,13592,94,9,252.2
2026-02-16,13593,94,9,349.1
2026-02-23,13594,94,7,156.1
2026-03-23,13598,94,9,460.9
2026-03-30,13599,94,7,427.6
2026-06-01,13608,94,9,368.4
2026-06-15,13610,94,9,150.0
2026-06-22,13611,94,7,321.2
2024-07-15,13614,94,10,453.7
2024-07-22,13615,94,10,92.4
2024-09-09,13622,94,10,258.3
2024-09-16,13623,94,10,430.0
2024-09-23,13624,94,10,624.0
2024-10-07,13626,94,10,279.7
2024-11-04,13630,94,10,441.0
2024-11-11,13631,94,10,241.3
2024-11-25,13633,94,10,297.0
2024-12-09,13635,94,10,563.5
2024-12-23,13637,94,10,244.5
2025-01-06,13639,94,10,594.5
2025-01-13,13640,94,10,511.5
2025-01-20,13641,94,10,510.4
2025-01-27,13642,94,10,406.3
2025-03-03,13647,94,10,196.2
2025-03-17,13649,94,10,442.9
2025-03-24,13650,94,10,196.1
2025-03-31,13651,94,10,271.2
2025-04-07,13652,94,10,190.9
2025-04-21,13654,94,10,98.4
2025-05-12,13657,94,10,375.4
2025-05-26,13659,94,10,396.4
2025-06-02,13660,94,10,470.0
2025-06-09,13661,94,10,117.6
2025-06-16,13662,94,10,497.1
2025-06-30,13664,94,10,309.6
2025-07-14,13666,94,10,379.4
2025-07-28,13668,94,10,357.0
2025-08-18,13671,94,10,73.9
2025-09-15,13675,94,10,188.1
2025-09-22,13676,94,10,294.7
2025-09-29,13677,94,10,473.2
2025-10-13,13679,94,10,161.3
2025-10-20,13680,94,10,231.8
2025-11-17,13684,94,10,159.1
2025-12-01,13686,94,10,247.1
2025-12-22,13689,94,10,102.2
2026-01-05,13691,94,10,150.4
2026-02-02,13695,94,10,114.7
2026-03-23,13702,94,10,493.7
2026-03-30,13703,94,10,141.3
2026-04-06,13704,94,10,88.3
2026-05-04,13708,94,10,246.8
2026-05-25,13711,94,10,365.2
2026-06-01,13712,94,10,137.0
2026-06-15,13714,94,10,301.1
2026-06-22,13715,94,10,377.5
2026-06-29,13716,94,10,486.2
2024-09-09,13717,95,8,408.8
2024-09-16,13717,95,8,376.6
2024-09-23,13717,95,8,344.4
2024-09-30,13717,95,8,312.2
2024-10-07,13717,95,8,280.0
2024-10-14,13717,95,8,247.8
2024-10-21,13717,95,8,215.6
2024-10-28,13717,95,8,183.4
2024-11-04,13717,95,8,151.1
2024-11-11,13717,95,8,118.9
2024-11-18,13717,95,8,86.7
2024-11-25,13717,95,8,54.5
2024-12-02,13717,95,8,22.3
2024-12-09,13717,95,8,0.0
2024-11-18,13718,95,7,686.6
2024-11-25,13718,95,7,516.3
2024-12-02,13718,95,7,345.9
2024-12-09,13718,95,7,175.5
2024-12-16,13718,95,7,5.2
2024-12-23,13718,95,7,0.0
2025-05-05,13719,95,10,106.0
2025-05-12,13719,95,10,84.1
2025-05-19,13719,95,10,62.1
2025-05-26,13719,95,10,40.1
2025-06-02,13719,95,10,18.1
2025-06-09,13719,95,10,0.0
2025-08-04,13720,95,7,290.9
2025-08-11,13720,95,7,218.8
2025-08-18,13720,95,7,146.7
2025-08-25,13720,95,7,74.6
2025-09-01,13720,95,7,2.5
2025-09-08,13720,95,7,0.0
2026-01-19,13721,95,7,474.5
2026-01-26,13721,95,7,413.0
2026-02-02,13721,95,7,351.5
2026-02-09,13721,95,7,290.0
2026-02-16,13721,95,7,228.5
2026-02-23,13721,95,7,166.9
2026-03-02,13721,95,7,105.4
2026-03-09,13721,95,7,43.9
2026-03-16,13721,95,7,0.0
2026-06-22,13722,95,10,993.3
2026-06-29,13722,95,10,766.7
2024-09-09,13723,96,7,1233.2
2024-09-16,13723,96,7,1146.3
2024-09-23,13723,96,7,1059.5
2024-09-30,13723,96,7,972.7
2024-10-07,13723,96,7,885.9
2024-10-14,13723,96,7,799.0
2024-10-21,13723,96,7,712.2
2024-10-28,13723,96,7,625.4
2024-11-04,13723,96,7,538.6
2024-11-11,13723,96,7,451.7
2024-11-18,13723,96,7,364.9
2024-11-25,13723,96,7,278.1
2024-12-02,13723,96,7,191.2
2024-12-09,13723,96,7,104.4
2024-12-16,13723,96,7,17.6
2024-12-23,13723,96,7,0.0
2024-11-18,13724,96,7,1269.2
2024-11-25,13724,96,7,1100.3
2024-12-02,13724,96,7,931.5
2024-12-09,13724,96,7,762.7
2024-12-16,13724,96,7,593.8
2024-12-23,13724,96,7,425.0
2024-12-30,13724,96,7,256.2
2025-01-06,13724,96,7,87.3
2025-01-13,13724,96,7,0.0
2025-05-05,13725,96,1,312.1
2025-05-12,13725,96,1,282.2
2025-05-19,13725,96,1,252.4
2025-05-26,13725,96,1,222.5
2025-06-02,13725,96,1,192.6
2025-06-09,13725,96,1,162.7
2025-06-16,13725,96,1,132.8
2025-06-23,13725,96,1,103.0
2025-06-30,13725,96,1,73.1
2025-07-07,13725,96,1,43.2
2025-07-14,13725,96,1,13.3
2025-07-21,13725,96,1,0.0
2025-09-15,13726,96,1,204.1
2025-09-22,13726,96,1,159.2
2025-09-29,13726,96,1,114.3
2025-10-06,13726,96,1,69.4
2025-10-13,13726,96,1,24.6
2025-10-20,13726,96,1,0.0
2026-01-12,13727,96,10,156.1
2026-01-19,13727,96,10,116.2
2026-01-26,13727,96,10,76.3
2026-02-02,13727,96,10,36.4
2026-02-09,13727,96,10,0.0
2026-06-15,13728,96,7,753.4
2026-06-22,13728,96,7,620.8
2026-06-29,13728,96,7,488.2
2024-10-07,13729,97,7,628.8
2024-10-14,13729,97,7,566.5
2024-10-21,13729,97,7,504.3
2024-10-28,13729,97,7,442.1
2024-11-04,13729,97,7,379.8
2024-11-11,13729,97,7,317.6
2024-11-18,13729,97,7,255.4
2024-11-25,13729,97,7,193.2
2024-12-02,13729,97,7,130.9
2024-12-09,13729,97,7,68.7
2024-12-16,13729,97,7,6.5
2024-12-23,13729,97,7,0.0
2024-12-02,13730,97,7,410.6
2024-12-09,13730,97,7,322.1
2024-12-16,13730,97,7,233.7
2024-12-23,13730,97,7,145.2
2024-12-30,13730,97,7,56.8
2025-01-06,13730,97,7,0.0
2025-03-31,13731,97,4,280.9
2025-04-07,13731,97,4,216.9
2025-04-14,13731,97,4,152.8
2025-04-21,13731,97,4,88.7
2025-04-28,13731,97,4,24.6
2025-05-05,13731,97,4,0.0
2025-07-07,13732,97,8,501.1
2025-07-14,13732,97,8,439.1
2025-07-21,13732,97,8,377.2
2025-07-28,13732,97,8,315.3
2025-08-04,13732,97,8,253.3
2025-08-11,13732,97,8,191.4
2025-08-18,13732,97,8,129.5
2025-08-25,13732,97,8,67.6
2025-09-01,13732,97,8,5.6
2025-09-08,13732,97,8,0.0
2026-01-05,13733,97,7,133.4
2026-01-12,13733,97,7,103.8
2026-01-19,13733,97,7,74.2
2026-01-26,13733,97,7,44.6
2026-02-02,13733,97,7,15.0
2026-02-09,13733,97,7,0.0
2026-04-20,13734,97,8,806.9
2026-04-27,13734,97,8,671.8
2026-05-04,13734,97,8,536.6
2026-05-11,13734,97,8,401.5
2026-05-18,13734,97,8,266.4
2026-05-25,13734,97,8,131.3
2026-06-01,13734,97,8,0.0
2024-10-21,13735,98,2,388.9
2024-10-28,13735,98,2,339.9
2024-11-04,13735,98,2,290.8
2024-11-11,13735,98,2,241.8
2024-11-18,13735,98,2,192.7
2024-11-25,13735,98,2,143.7
2024-12-02,13735,98,2,94.6
2024-12-09,13735,98,2,45.5
2024-12-16,13735,98,2,0.0
2025-02-24,13736,98,8,724.4
2025-03-03,13736,98,8,645.7
2025-03-10,13736,98,8,567.1
2025-03-17,13736,98,8,488.5
2025-03-24,13736,98,8,409.8
2025-03-31,13736,98,8,331.2
2025-04-07,13736,98,8,252.6
2025-04-14,13736,98,8,173.9
2025-04-21,13736,98,8,95.3
2025-04-28,13736,98,8,16.7
2025-05-05,13736,98,8,0.0
2025-04-07,13737,98,6,166.1
2025-04-14,13737,98,6,121.3
2025-04-21,13737,98,6,76.4
2025-04-28,13737,98,6,31.5
2025-05-05,13737,98,6,0.0
2025-09-22,13738,98,8,718.3
2025-09-29,13738,98,8,614.5
2025-10-06,13738,98,8,510.8
2025-10-13,13738,98,8,407.1
2025-10-20,13738,98,8,303.3
2025-10-27,13738,98,8,199.6
2025-11-03,13738,98,8,95.8
2025-11-10,13738,98,8,0.0
2025-11-24,13739,98,8,389.4
2025-12-01,13739,98,8,351.8
2025-12-08,13739,98,8,314.2
2025-12-15,13739,98,8,276.6
2025-12-22,13739,98,8,238.9
2025-12-29,13739,98,8,201.3
2026-01-05,13739,98,8,163.7
2026-01-12,13739,98,8,126.1
2026-01-19,13739,98,8,88.5
2026-01-26,13739,98,8,50.9
2026-02-02,13739,98,8,13.3
2026-02-09,13739,98,8,0.0
2026-03-02,13740,98,8,951.5
2026-03-09,13740,98,8,879.0
2026-03-16,13740,98,8,806.5
2026-03-23,13740,98,8,734.0
2026-03-30,13740,98,8,661.5
2026-04-06,13740,98,8,589.0
2026-04-13,13740,98,8,516.5
2026-04-20,13740,98,8,443.9
2026-04-27,13740,98,8,371.4
2026-05-04,13740,98,8,298.9
2026-05-11,13740,98,8,226.4
2026-05-18,13740,98,8,153.9
2026-05-25,13740,98,8,81.4
2026-06-01,13740,98,8,8.9
2026-06-08,13740,98,8,0.0
2024-08-12,13741,99,8,379.2
2024-08-19,13741,99,8,318.4
2024-08-26,13741,99,8,257.6
2024-09-02,13741,99,8,196.8
2024-09-09,13741,99,8,136.0
2024-09-16,13741,99,8,75.2
2024-09-23,13741,99,8,14.4
2024-09-30,13741,99,8,0.0
2025-02-03,13742,99,6,969.1
2025-02-10,13742,99,6,785.3
2025-02-17,13742,99,6,601.4
2025-02-24,13742,99,6,417.6
2025-03-03,13742,99,6,233.7
2025-03-10,13742,99,6,49.9
2025-03-17,13742,99,6,0.0
2025-06-02,13743,99,6,1123.9
2025-06-09,13743,99,6,838.9
2025-06-16,13743,99,6,553.8
2025-06-23,13743,99,6,268.7
2025-06-30,13743,99,6,0.0
2025-06-30,13744,99,8,866.2
2025-07-07,13744,99,8,731.4
2025-07-14,13744,99,8,596.6
2025-07-21,13744,99,8,461.8
2025-07-28,13744,99,8,327.0
2025-08-04,13744,99,8,192.2
2025-08-11,13744,99,8,57.4
2025-08-18,13744,99,8,0.0
2025-12-08,13745,99,8,1084.3
2025-12-15,13745,99,8,994.7
2025-12-22,13745,99,8,905.0
2025-12-29,13745,99,8,815.4
2026-01-05,13745,99,8,725.7
2026-01-12,13745,99,8,636.1
2026-01-19,13745,99,8,546.4
2026-01-26,13745,99,8,456.8
2026-02-02,13745,99,8,367.1
2026-02-09,13745,99,8,277.5
2026-02-16,13745,99,8,187.8
2026-02-23,13745,99,8,98.1
2026-03-02,13745,99,8,8.5
2026-03-09,13745,99,8,0.0
2026-04-27,13746,99,8,1174.0
2026-05-04,13746,99,8,974.0
2026-05-11,13746,99,8,774.1
2026-05-18,13746,99,8,574.1
2026-05-25,13746,99,8,374.1
2026-06-01,13746,99,8,174.1
2026-06-08,13746,99,8,0.0
2024-10-14,13747,100,7,292.1
2024-10-21,13747,100,7,232.1
2024-10-28,13747,100,7,172.2
2024-11-04,13747,100,7,112.2
2024-11-11,13747,100,7,52.3
2024-11-18,13747,100,7,0.0
2025-01-13,13748,100,2,185.4
2025-01-20,13748,100,2,158.9
2025-01-27,13748,100,2,132.3
2025-02-03,13748,100,2,105.7
2025-02-10,13748,100,2,79.1
2025-02-17,13748,100,2,52.6
2025-02-24,13748,100,2,26.0
2025-03-03,13748,100,2,0.0
2025-04-07,13749,100,5,435.9
2025-04-14,13749,100,5,366.8
2025-04-21,13749,100,5,297.6
2025-04-28,13749,100,5,228.5
2025-05-05,13749,100,5,159.4
2025-05-12,13749,100,5,90.3
2025-05-19,13749,100,5,21.1
2025-05-26,13749,100,5,0.0
2025-08-18,13750,100,5,386.8
2025-08-25,13750,100,5,345.5
2025-09-01,13750,100,5,304.3
2025-09-08,13750,100,5,263.1
2025-09-15,13750,100,5,221.9
2025-09-22,13750,100,5,180.6
2025-09-29,13750,100,5,139.4
2025-10-06,13750,100,5,98.2
2025-10-13,13750,100,5,56.9
2025-10-20,13750,100,5,15.7
2025-10-27,13750,100,5,0.0
2026-01-26,13751,100,5,541.9
2026-02-02,13751,100,5,391.8
2026-02-09,13751,100,5,241.7
2026-02-16,13751,100,5,91.6
2026-02-23,13751,100,5,0.0
2026-03-16,13752,100,5,1133.9
2026-03-23,13752,100,5,869.7
2026-03-30,13752,100,5,605.6
2026-04-06,13752,100,5,341.4
2026-04-13,13752,100,5,77.3
2026-04-20,13752,100,5,0.0
2024-07-22,13753,101,10,738.4
2024-07-29,13753,101,10,552.8
2024-08-05,13753,101,10,367.2
2024-08-12,13753,101,10,181.6
2024-08-19,13753,101,10,0.0
2025-02-17,13754,101,5,934.3
2025-02-24,13754,101,5,780.6
2025-03-03,13754,101,5,626.9
2025-03-10,13754,101,5,473.2
2025-03-17,13754,101,5,319.5
2025-03-24,13754,101,5,165.8
2025-03-31,13754,101,5,12.1
2025-04-07,13754,101,5,0.0
2025-05-12,13755,101,5,810.2
2025-05-19,13755,101,5,598.4
2025-05-26,13755,101,5,386.6
2025-06-02,13755,101,5,174.8
2025-06-09,13755,101,5,0.0
2025-10-06,13756,101,5,439.8
2025-10-13,13756,101,5,321.7
2025-10-20,13756,101,5,203.5
2025-10-27,13756,101,5,85.3
2025-11-03,13756,101,5,0.0
2025-11-17,13757,101,4,819.2
2025-11-24,13757,101,4,720.5
2025-12-01,13757,101,4,621.7
2025-12-08,13757,101,4,522.9
2025-12-15,13757,101,4,424.2
2025-12-22,13757,101,4,325.4
2025-12-29,13757,101,4,226.6
2026-01-05,13757,101,4,127.9
2026-01-12,13757,101,4,29.1
2026-01-19,13757,101,4,0.0
2026-04-06,13758,101,5,468.0
2026-04-13,13758,101,5,344.1
2026-04-20,13758,101,5,220.1
2026-04-27,13758,101,5,96.1
2026-05-04,13758,101,5,0.0
2024-08-26,13759,102,1,143.1
2024-09-02,13759,102,1,123.2
2024-09-09,13759,102,1,103.4
2024-09-16,13759,102,1,83.5
2024-09-23,13759,102,1,63.6
2024-09-30,13759,102,1,43.7
2024-10-07,13759,102,1,23.8
2024-10-14,13759,102,1,3.9
2024-10-21,13759,102,1,0.0
2025-02-03,13760,102,5,1022.3
2025-02-10,13760,102,5,936.6
2025-02-17,13760,102,5,850.9
2025-02-24,13760,102,5,765.1
2025-03-03,13760,102,5,679.4
2025-03-10,13760,102,5,593.7
2025-03-17,13760,102,5,508.0
2025-03-24,13760,102,5,422.3
2025-03-31,13760,102,5,336.6
2025-04-07,13760,102,5,250.9
2025-04-14,13760,102,5,165.2
2025-04-21,13760,102,5,79.4
2025-04-28,13760,102,5,0.0
2025-06-23,13761,102,1,920.9
2025-06-30,13761,102,1,752.9
2025-07-07,13761,102,1,584.8
2025-07-14,13761,102,1,416.7
2025-07-21,13761,102,1,248.6
2025-07-28,13761,102,1,80.6
2025-08-04,13761,102,1,0.0
2025-09-29,13762,102,5,160.3
2025-10-06,13762,102,5,132.5
2025-10-13,13762,102,5,104.8
2025-10-20,13762,102,5,77.1
2025-10-27,13762,102,5,49.4
2025-11-03,13762,102,5,21.6
2025-11-10,13762,102,5,0.0
2025-12-01,13763,102,5,1036.5
2025-12-08,13763,102,5,913.0
2025-12-15,13763,102,5,789.5
2025-12-22,13763,102,5,666.0
2025-12-29,13763,102,5,542.5
2026-01-05,13763,102,5,419.0
2026-01-12,13763,102,5,295.5
2026-01-19,13763,102,5,171.9
2026-01-26,13763,102,5,48.4
2026-02-02,13763,102,5,0.0
2026-06-01,13764,102,5,515.7
2026-06-08,13764,102,5,422.4
2026-06-15,13764,102,5,329.1
2026-06-22,13764,102,5,235.8
2026-06-29,13764,102,5,142.4
2024-09-23,13765,103,8,974.3
2024-09-30,13765,103,8,769.7
2024-10-07,13765,103,8,565.0
2024-10-14,13765,103,8,360.3
2024-10-21,13765,103,8,155.7
2024-10-28,13765,103,8,0.0
2024-12-30,13766,103,8,156.6
2025-01-06,13766,103,8,131.1
2025-01-13,13766,103,8,105.7
2025-01-20,13766,103,8,80.3
2025-01-27,13766,103,8,54.9
2025-02-03,13766,103,8,29.4
2025-02-10,13766,103,8,4.0
2025-02-17,13766,103,8,0.0
2025-06-30,13767,103,8,456.2
2025-07-07,13767,103,8,381.5
2025-07-14,13767,103,8,306.7
2025-07-21,13767,103,8,232.0
2025-07-28,13767,103,8,157.2
2025-08-04,13767,103,8,82.4
2025-08-11,13767,103,8,7.7
2025-08-18,13767,103,8,0.0
2025-09-01,13768,103,10,1081.6
2025-09-08,13768,103,10,899.1
2025-09-15,13768,103,10,716.7
2025-09-22,13768,103,10,534.2
2025-09-29,13768,103,10,351.8
2025-10-06,13768,103,10,169.3
2025-10-13,13768,103,10,0.0
2025-12-22,13769,103,2,485.3
2025-12-29,13769,103,2,407.6
2026-01-05,13769,103,2,329.9
2026-01-12,13769,103,2,252.2
2026-01-19,13769,103,2,174.5
2026-01-26,13769,103,2,96.8
2026-02-02,13769,103,2,19.1
2026-02-09,13769,103,2,0.0
2026-03-09,13770,103,8,889.2
2026-03-16,13770,103,8,735.4
2026-03-23,13770,103,8,581.6
2026-03-30,13770,103,8,427.8
2026-04-06,13770,103,8,274.0
2026-04-13,13770,103,8,120.2
2026-04-20,13770,103,8,0.0
2024-09-09,13771,104,5,654.2
2024-09-16,13771,104,5,554.4
2024-09-23,13771,104,5,454.6
2024-09-30,13771,104,5,354.8
2024-10-07,13771,104,5,255.0
2024-10-14,13771,104,5,155.2
2024-10-21,13771,104,5,55.4
2024-10-28,13771,104,5,0.0
2024-10-14,13772,104,2,296.1
2024-10-21,13772,104,2,251.2
2024-10-28,13772,104,2,206.3
2024-11-04,13772,104,2,161.4
2024-11-11,13772,104,2,116.5
2024-11-18,13772,104,2,71.7
2024-11-25,13772,104,2,26.8
2024-12-02,13772,104,2,0.0
2025-01-13,13773,104,2,337.5
2025-01-20,13773,104,2,265.0
2025-01-27,13773,104,2,192.5
2025-02-03,13773,104,2,120.0
2025-02-10,13773,104,2,47.5
2025-02-17,13773,104,2,0.0
2025-03-17,13774,104,10,656.4
2025-03-24,13774,104,10,613.7
2025-03-31,13774,104,10,571.1
2025-04-07,13774,104,10,528.4
2025-04-14,13774,104,10,485.8
2025-04-21,13774,104,10,443.1
2025-04-28,13774,104,10,400.5
2025-05-05,13774,104,10,357.8
2025-05-12,13774,104,10,315.2
2025-05-19,13774,104,10,272.5
2025-05-26,13774,104,10,229.9
2025-06-02,13774,104,10,187.2
2025-06-09,13774,104,10,144.6
2025-06-16,13774,104,10,101.9
2025-06-23,13774,104,10,59.3
2025-06-30,13774,104,10,16.6
2025-07-07,13774,104,10,0.0
2025-05-19,13775,104,2,659.1
2025-05-26,13775,104,2,592.1
2025-06-02,13775,104,2,525.2
2025-06-09,13775,104,2,458.3
2025-06-16,13775,104,2,391.3
2025-06-23,13775,104,2,324.4
2025-06-30,13775,104,2,257.4
2025-07-07,13775,104,2,190.5
2025-07-14,13775,104,2,123.6
2025-07-21,13775,104,2,56.6
2025-07-28,13775,104,2,0.0
2025-07-14,13776,104,10,79.1
2025-07-21,13776,104,10,67.3
2025-07-28,13776,104,10,55.4
2025-08-04,13776,104,10,43.5
2025-08-11,13776,104,10,31.6
2025-08-18,13776,104,10,19.8
2025-08-25,13776,104,10,7.9
2025-09-01,13776,104,10,0.0
2025-10-13,13777,104,2,230.6
2025-10-20,13777,104,2,177.2
2025-10-27,13777,104,2,123.8
2025-11-03,13777,104,2,70.4
2025-11-10,13777,104,2,17.0
2025-11-17,13777,104,2,0.0
2025-12-01,13778,104,5,358.7
2025-12-08,13778,104,5,266.4
2025-12-15,13778,104,5,174.1
2025-12-22,13778,104,5,81.7
2025-12-29,13778,104,5,0.0
2026-01-05,13779,104,5,166.4
2026-01-12,13779,104,5,121.8
2026-01-19,13779,104,5,77.2
2026-01-26,13779,104,5,32.6
2026-02-02,13779,104,5,0.0
2026-03-30,13780,104,2,714.5
2026-04-06,13780,104,2,544.1
2026-04-13,13780,104,2,373.6
2026-04-20,13780,104,2,203.2
2026-04-27,13780,104,2,32.7
2026-05-04,13780,104,2,0.0
2024-08-05,13781,105,1,741.7
2024-08-12,13781,105,1,652.4
2024-08-19,13781,105,1,563.1
2024-08-26,13781,105,1,473.8
2024-09-02,13781,105,1,384.5
2024-09-09,13781,105,1,295.2
2024-09-16,13781,105,1,205.9
2024-09-23,13781,105,1,116.6
2024-09-30,13781,105,1,27.3
2024-09-30,13782,105,1,522.2
2024-10-07,13782,105,1,391.3
2024-10-14,13782,105,1,260.5
2024-10-21,13782,105,1,129.7
2024-10-28,13782,105,1,0.0
2024-10-07,13783,105,3,610.3
2024-10-14,13783,105,3,529.5
2024-10-21,13783,105,3,448.8
2024-10-28,13783,105,3,368.0
2024-11-04,13783,105,3,287.3
2024-11-11,13783,105,3,206.5
2024-11-18,13783,105,3,125.8
2024-11-25,13783,105,3,45.0
2024-12-02,13783,105,3,0.0
2024-12-16,13784,105,3,758.2
2024-12-23,13784,105,3,638.4
2024-12-30,13784,105,3,518.6
2025-01-06,13784,105,3,398.8
2025-01-13,13784,105,3,278.9
2025-01-20,13784,105,3,159.1
2025-01-27,13784,105,3,39.3
2025-02-03,13784,105,3,0.0
2025-01-13,13785,105,1,379.0
2025-01-20,13785,105,1,346.1
2025-01-27,13785,105,1,313.1
2025-02-03,13785,105,1,280.2
2025-02-10,13785,105,1,247.2
2025-02-17,13785,105,1,214.3
2025-02-24,13785,105,1,181.3
2025-03-03,13785,105,1,148.4
2025-03-10,13785,105,1,115.4
2025-03-17,13786,105,1,77.1
2025-03-24,13786,105,1,62.3
2025-03-31,13786,105,1,47.4
2025-04-07,13786,105,1,32.5
2025-04-14,13786,105,1,17.7
2025-04-21,13786,105,1,2.8
2025-04-28,13786,105,1,0.0
2025-05-12,13787,105,3,543.5
2025-05-19,13787,105,3,440.0
2025-05-26,13787,105,3,336.6
2025-06-02,13787,105,3,233.1
2025-06-09,13787,105,3,129.6
2025-06-16,13787,105,3,26.1
2025-06-23,13787,105,3,0.0
2025-06-09,13788,105,1,505.1
2025-06-16,13788,105,1,435.2
2025-06-23,13788,105,1,365.3
2025-06-30,13788,105,1,295.4
2025-07-07,13788,105,1,225.5
2025-07-14,13788,105,1,155.6
2025-07-21,13788,105,1,85.7
2025-07-28,13788,105,1,15.8
2025-08-04,13788,105,1,0.0
2025-07-14,13789,105,3,340.1
2025-07-21,13789,105,3,276.3
2025-07-28,13789,105,3,212.4
2025-08-04,13789,105,3,148.5
2025-08-11,13789,105,3,84.7
2025-08-18,13789,105,3,20.8
2025-08-25,13789,105,3,0.0
2025-09-15,13790,105,1,468.3
2025-09-22,13790,105,1,400.5
2025-09-29,13790,105,1,332.8
2025-10-06,13790,105,1,265.1
2025-10-13,13790,105,1,197.4
2025-10-20,13790,105,1,129.6
2025-10-27,13790,105,1,61.9
2025-11-03,13790,105,1,0.0
2025-11-17,13791,105,1,77.0
2025-11-24,13791,105,1,63.0
2025-12-01,13791,105,1,49.0
2025-12-08,13791,105,1,35.0
2025-12-15,13791,105,1,21.0
2025-12-22,13791,105,1,7.0
2025-12-29,13791,105,1,0.0
2025-12-08,13792,105,3,70.2
2025-12-15,13792,105,3,64.3
2025-12-22,13792,105,3,58.5
2025-12-29,13792,105,3,52.7
2026-01-05,13792,105,3,46.8
2026-01-12,13792,105,3,41.0
2026-01-19,13792,105,3,35.2
2026-01-26,13792,105,3,29.3
2026-02-02,13792,105,3,23.5
2026-02-02,13793,105,3,697.6
2026-02-09,13793,105,3,609.1
2026-02-16,13793,105,3,520.7
2026-02-23,13793,105,3,432.3
2026-03-02,13793,105,3,343.8
2026-03-09,13793,105,3,255.4
2026-03-16,13793,105,3,166.9
2026-03-23,13793,105,3,78.5
2026-03-30,13793,105,3,0.0
2026-04-06,13794,105,1,790.8
2026-04-13,13794,105,1,707.7
2026-04-20,13794,105,1,624.5
2026-04-27,13794,105,1,541.4
2026-05-04,13794,105,1,458.2
2026-05-11,13794,105,1,375.0
2026-05-18,13794,105,1,291.9
2026-05-25,13794,105,1,208.7
2026-06-01,13794,105,1,125.5
2026-05-18,13795,105,1,253.5
2026-05-25,13795,105,1,233.9
2026-06-01,13795,105,1,214.4
2026-06-08,13795,105,1,194.8
2026-06-15,13795,105,1,175.3
2026-06-22,13795,105,1,155.7
2026-06-29,13795,105,1,136.2
2026-06-29,13796,105,3,502.8
2024-08-19,13797,105,4,443.9
2024-08-26,13797,105,4,323.7
2024-09-02,13797,105,4,203.6
2024-09-09,13797,105,4,83.5
2024-09-16,13797,105,4,0.0
2024-09-30,13798,105,4,690.1
2024-10-07,13798,105,4,602.2
2024-10-14,13798,105,4,514.3
2024-10-21,13798,105,4,426.4
2024-10-28,13798,105,4,338.5
2024-11-04,13798,105,4,250.6
2024-11-11,13798,105,4,162.6
2024-11-18,13798,105,4,74.7
2024-11-25,13798,105,4,0.0
2024-10-14,13799,105,4,57.1
2024-10-21,13799,105,4,43.2
2024-10-28,13799,105,4,29.3
2024-11-04,13799,105,4,15.4
2024-11-11,13799,105,4,1.5
2024-11-18,13799,105,4,0.0
2024-12-02,13800,105,4,392.4
2024-12-09,13800,105,4,366.8
2024-12-16,13800,105,4,341.2
2024-12-23,13800,105,4,315.6
2024-12-30,13800,105,4,290.0
2025-01-06,13800,105,4,264.4
2025-01-13,13800,105,4,238.8
2025-01-20,13800,105,4,213.1
2025-01-27,13800,105,4,187.5
2025-02-10,13801,105,4,625.4
2025-02-17,13801,105,4,470.8
2025-02-24,13801,105,4,316.2
2025-03-03,13801,105,4,161.7
2025-03-10,13801,105,4,7.1
2025-03-17,13801,105,4,0.0
2025-03-31,13802,105,4,555.6
2025-04-07,13802,105,4,437.2
2025-04-14,13802,105,4,318.7
2025-04-21,13802,105,4,200.3
2025-04-28,13802,105,4,81.9
2025-05-05,13802,105,4,0.0
2025-04-21,13803,105,4,777.4
2025-04-28,13803,105,4,677.9
2025-05-05,13803,105,4,578.3
2025-05-12,13803,105,4,478.8
2025-05-19,13803,105,4,379.2
2025-05-26,13803,105,4,279.6
2025-06-02,13803,105,4,180.1
2025-06-09,13803,105,4,80.5
2025-06-16,13803,105,4,0.0
2025-06-16,13804,105,4,64.4
2025-06-23,13804,105,4,47.9
2025-06-30,13804,105,4,31.3
2025-07-07,13804,105,4,14.7
2025-07-14,13804,105,4,0.0
2025-08-11,13805,105,4,87.0
2025-08-18,13805,105,4,75.0
2025-08-25,13805,105,4,62.9
2025-09-01,13805,105,4,50.9
2025-09-08,13805,105,4,38.9
2025-09-15,13805,105,4,26.9
2025-09-22,13805,105,4,14.9
2025-09-29,13805,105,4,2.8
2025-10-06,13805,105,4,0.0
2025-09-15,13806,105,4,484.1
2025-09-22,13806,105,4,405.3
2025-09-29,13806,105,4,326.4
2025-10-06,13806,105,4,247.6
2025-10-13,13806,105,4,168.7
2025-10-20,13806,105,4,89.9
2025-10-27,13806,105,4,11.0
2025-11-03,13806,105,4,0.0
2025-10-06,13807,105,4,699.0
2025-10-13,13807,105,4,643.0
2025-10-20,13807,105,4,587.0
2025-10-27,13807,105,4,531.1
2025-11-03,13807,105,4,475.1
2025-11-10,13807,105,4,419.1
2025-11-17,13807,105,4,363.1
2025-11-24,13807,105,4,307.1
2025-12-01,13807,105,4,251.1
2025-12-15,13808,105,4,561.3
2025-12-22,13808,105,4,451.5
2025-12-29,13808,105,4,341.8
2026-01-05,13808,105,4,232.1
2026-01-12,13808,105,4,122.3
2026-01-19,13808,105,4,12.6
2026-01-26,13808,105,4,0.0
2026-01-12,13809,105,4,512.6
2026-01-19,13809,105,4,437.1
2026-01-26,13809,105,4,361.7
2026-02-02,13809,105,4,286.3
2026-02-09,13809,105,4,210.9
2026-02-16,13809,105,4,135.4
2026-02-23,13809,105,4,60.0
2026-03-02,13809,105,4,0.0
2026-04-06,13810,105,4,295.2
2026-04-13,13810,105,4,227.3
2026-04-20,13810,105,4,159.5
2026-04-27,13810,105,4,91.6
2026-05-04,13810,105,4,23.8
2026-05-11,13810,105,4,0.0
2026-05-25,13811,105,4,280.3
2026-06-01,13811,105,4,256.5
2026-06-08,13811,105,4,232.8
2026-06-15,13811,105,4,209.0
2026-06-22,13811,105,4,185.3
2026-06-29,13811,105,4,161.5
2024-07-15,13813,105,5,238.0
2024-07-22,13813,105,5,215.1
2024-07-29,13813,105,5,192.1
2024-08-05,13813,105,5,169.2
2024-08-12,13813,105,5,146.2
2024-08-19,13813,105,5,123.3
2024-08-26,13813,105,5,100.3
2024-09-02,13813,105,5,77.4
2024-09-09,13813,105,5,54.4
2024-09-09,13814,105,5,637.6
2024-09-16,13814,105,5,514.3
2024-09-23,13814,105,5,390.9
2024-09-30,13814,105,5,267.6
2024-10-07,13814,105,5,144.2
2024-10-14,13814,105,5,20.9
2024-10-21,13814,105,5,0.0
2024-11-11,13815,105,5,513.9
2024-11-18,13815,105,5,376.9
2024-11-25,13815,105,5,239.8
2024-12-02,13815,105,5,102.7
2024-12-09,13815,105,5,0.0
2024-11-25,13816,105,5,601.3
2024-12-02,13816,105,5,509.5
2024-12-09,13816,105,5,417.8
2024-12-16,13816,105,5,326.0
2024-12-23,13816,105,5,234.3
2024-12-30,13816,105,5,142.5
2025-01-06,13816,105,5,50.8
2025-01-13,13816,105,5,0.0
2025-01-06,13817,105,5,362.1
2025-01-13,13817,105,5,333.2
2025-01-20,13817,105,5,304.3
2025-01-27,13817,105,5,275.3
2025-02-03,13817,105,5,246.4
2025-02-10,13817,105,5,217.5
2025-02-17,13817,105,5,188.6
2025-02-24,13817,105,5,159.7
2025-03-03,13817,105,5,130.8
2025-03-03,13818,105,5,351.9
2025-03-10,13818,105,5,311.7
2025-03-17,13818,105,5,271.6
2025-03-24,13818,105,5,231.4
2025-03-31,13818,105,5,191.3
2025-04-07,13818,105,5,151.1
2025-04-14,13818,105,5,111.0
2025-04-21,13818,105,5,70.8
2025-04-28,13818,105,5,30.7
2025-05-05,13819,105,5,141.4
2025-05-12,13819,105,5,125.8
2025-05-19,13819,105,5,110.2
2025-05-26,13819,105,5,94.6
2025-06-02,13819,105,5,79.1
2025-06-09,13819,105,5,63.5
2025-06-16,13819,105,5,47.9
2025-06-23,13819,105,5,32.3
2025-06-09,13820,105,5,242.3
2025-06-16,13820,105,5,221.5
2025-06-23,13820,105,5,200.8
2025-06-30,13820,105,5,180.0
2025-07-07,13820,105,5,159.3
2025-07-14,13820,105,5,138.6
2025-07-21,13820,105,5,117.8
2025-07-28,13820,105,5,97.1
2025-08-11,13821,105,5,697.4
2025-08-18,13821,105,5,632.8
2025-08-25,13821,105,5,568.2
2025-09-01,13821,105,5,503.6
2025-09-08,13821,105,5,438.9
2025-09-15,13821,105,5,374.3
2025-09-22,13821,105,5,309.7
2025-09-29,13821,105,5,245.1
2025-10-06,13821,105,5,180.5
2025-09-08,13822,105,5,209.2
2025-09-15,13822,105,5,188.5
2025-09-22,13822,105,5,167.7
2025-09-29,13822,105,5,146.9
2025-10-06,13822,105,5,126.1
2025-10-13,13822,105,5,105.4
2025-10-20,13822,105,5,84.6
2025-10-27,13822,105,5,63.8
2025-11-03,13822,105,5,43.0
2025-10-20,13823,105,5,262.5
2025-10-27,13823,105,5,195.9
2025-11-03,13823,105,5,129.4
2025-11-10,13823,105,5,62.8
2025-11-17,13823,105,5,0.0
2025-12-08,13824,105,5,357.2
2025-12-15,13824,105,5,294.3
2025-12-22,13824,105,5,231.5
2025-12-29,13824,105,5,168.7
2026-01-05,13824,105,5,105.9
2026-01-12,13824,105,5,43.0
2026-01-19,13824,105,5,0.0
2026-02-09,13825,105,5,159.8
2026-02-16,13825,105,5,119.5
2026-02-23,13825,105,5,79.3
2026-03-02,13825,105,5,39.1
2026-03-09,13825,105,5,0.0
2026-03-02,13826,105,5,537.6
2026-03-09,13826,105,5,414.2
2026-03-16,13826,105,5,290.9
2026-03-23,13826,105,5,167.5
2026-03-30,13826,105,5,44.1
2026-04-06,13826,105,5,0.0
2026-05-18,13827,105,5,682.4
2026-05-25,13827,105,5,550.8
2026-06-01,13827,105,5,419.2
2026-06-08,13827,105,5,287.6
2026-06-15,13827,105,5,155.9
2026-06-22,13827,105,5,24.3
2026-06-29,13827,105,5,0.0
2026-06-29,13828,105,5,532.0
2024-07-08,13829,105,9,608.8
2024-07-15,13829,105,9,469.6
2024-07-22,13829,105,9,330.4
2024-07-29,13829,105,9,191.2
2024-08-05,13829,105,9,52.0
2024-08-12,13829,105,9,0.0
2024-09-30,13830,105,9,400.1
2024-10-07,13830,105,9,353.1
2024-10-14,13830,105,9,306.2
2024-10-21,13830,105,9,259.3
2024-10-28,13830,105,9,212.3
2024-11-04,13830,105,9,165.4
2024-11-11,13830,105,9,118.5
2024-11-18,13830,105,9,71.5
2024-11-25,13830,105,9,24.6
2024-11-18,13831,105,7,670.8
2024-11-25,13831,105,7,515.5
2024-12-02,13831,105,7,360.3
2024-12-09,13831,105,7,205.0
2024-12-16,13831,105,7,49.8
2024-12-23,13831,105,7,0.0
2024-11-25,13832,105,9,795.1
2024-12-02,13832,105,9,721.1
2024-12-09,13832,105,9,647.2
2024-12-16,13832,105,9,573.2
2024-12-23,13832,105,9,499.3
2024-12-30,13832,105,9,425.3
2025-01-06,13832,105,9,351.4
2025-01-13,13832,105,9,277.4
2025-01-20,13832,105,9,203.5
2025-01-06,13833,105,7,706.5
2025-01-13,13833,105,7,536.9
2025-01-20,13833,105,7,367.4
2025-01-27,13833,105,7,197.8
2025-02-03,13833,105,7,28.3
2025-02-10,13833,105,7,0.0
2025-03-24,13834,105,9,434.3
2025-03-31,13834,105,9,386.6
2025-04-07,13834,105,9,338.9
2025-04-14,13834,105,9,291.3
2025-04-21,13834,105,9,243.6
2025-04-28,13834,105,9,195.9
2025-05-05,13834,105,9,148.2
2025-05-12,13834,105,9,100.5
2025-05-19,13834,105,9,52.8
2025-05-26,13835,105,7,252.7
2025-06-02,13835,105,7,202.4
2025-06-09,13835,105,7,152.1
2025-06-16,13835,105,7,101.8
2025-06-23,13835,105,7,51.5
2025-06-30,13835,105,7,1.1
2025-07-07,13835,105,7,0.0
2025-06-16,13836,105,9,461.3
2025-06-23,13836,105,9,414.7
2025-06-30,13836,105,9,368.0
2025-07-07,13836,105,9,321.3
2025-07-14,13836,105,9,274.7
2025-07-21,13836,105,9,228.0
2025-07-28,13836,105,9,181.3
2025-08-04,13836,105,9,134.7
2025-08-11,13836,105,9,88.0
2025-07-21,13837,105,7,776.0
2025-07-28,13837,105,7,712.0
2025-08-04,13837,105,7,648.0
2025-08-11,13837,105,7,584.0
2025-08-18,13837,105,7,520.0
2025-08-25,13837,105,7,456.0
2025-09-01,13837,105,7,392.1
2025-09-08,13837,105,7,328.1
2025-09-22,13838,105,9,75.0
2025-09-29,13838,105,9,63.9
2025-10-06,13838,105,9,52.9
2025-10-13,13838,105,9,41.8
2025-10-20,13838,105,9,30.8
2025-10-27,13838,105,9,19.8
2025-11-03,13838,105,9,8.7
2025-11-10,13838,105,9,0.0
2025-10-13,13839,105,9,140.5
2025-10-20,13839,105,9,129.0
2025-10-27,13839,105,9,117.5
2025-11-03,13839,105,9,106.0
2025-11-10,13839,105,9,94.5
2025-11-17,13839,105,9,83.0
2025-11-24,13839,105,9,71.5
2025-12-01,13839,105,9,60.0
2025-12-08,13839,105,9,48.5
2025-12-15,13840,105,7,282.1
2025-12-22,13840,105,7,247.2
2025-12-29,13840,105,7,212.4
2026-01-05,13840,105,7,177.5
2026-01-12,13840,105,7,142.6
2026-01-19,13840,105,7,107.7
2026-01-26,13840,105,7,72.8
2026-02-02,13840,105,7,38.0
2026-02-09,13840,105,7,3.1
2026-02-09,13841,105,9,228.6
2026-02-16,13841,105,9,178.2
2026-02-23,13841,105,9,127.7
2026-03-02,13841,105,9,77.3
2026-03-09,13841,105,9,26.9
2026-03-16,13841,105,9,0.0
2026-04-06,13842,105,9,737.8
2026-04-13,13842,105,9,641.7
2026-04-20,13842,105,9,545.5
2026-04-27,13842,105,9,449.3
2026-05-04,13842,105,9,353.1
2026-05-11,13842,105,9,257.0
2026-05-18,13842,105,9,160.8
2026-05-25,13842,105,9,64.6
2026-06-01,13842,105,9,0.0
2026-04-27,13843,105,7,406.5
2026-05-04,13843,105,7,358.1
2026-05-11,13843,105,7,309.6
2026-05-18,13843,105,7,261.2
2026-05-25,13843,105,7,212.7
2026-06-01,13843,105,7,164.3
2026-06-08,13843,105,7,115.8
2026-06-15,13843,105,7,67.4
2026-06-22,13843,105,7,18.9
2026-06-29,13844,105,7,454.8
2024-08-05,13845,105,10,388.9
2024-08-12,13845,105,10,308.7
2024-08-19,13845,105,10,228.6
2024-08-26,13845,105,10,148.4
2024-09-02,13845,105,10,68.3
2024-09-09,13845,105,10,0.0
2024-09-30,13846,105,10,137.1
2024-10-07,13846,105,10,109.1
2024-10-14,13846,105,10,81.2
2024-10-21,13846,105,10,53.2
2024-10-28,13846,105,10,25.3
2024-11-04,13846,105,10,0.0
2024-10-21,13847,105,10,764.9
2024-10-28,13847,105,10,699.8
2024-11-04,13847,105,10,634.7
2024-11-11,13847,105,10,569.6
2024-11-18,13847,105,10,504.5
2024-11-25,13847,105,10,439.4
2024-12-02,13847,105,10,374.3
2024-12-09,13847,105,10,309.2
2024-12-16,13847,105,10,244.2
2024-12-23,13848,105,10,721.8
2024-12-30,13848,105,10,601.5
2025-01-06,13848,105,10,481.3
2025-01-13,13848,105,10,361.1
2025-01-20,13848,105,10,240.9
2025-01-27,13848,105,10,120.6
2025-02-03,13848,105,10,0.4
2025-02-10,13848,105,10,0.0
2025-01-20,13849,105,10,495.0
2025-01-27,13849,105,10,364.9
2025-02-03,13849,105,10,234.9
2025-02-10,13849,105,10,104.9
2025-02-17,13849,105,10,0.0
2025-03-17,13850,105,10,601.8
2025-03-24,13850,105,10,461.5
2025-03-31,13850,105,10,321.3
2025-04-07,13850,105,10,181.1
2025-04-14,13850,105,10,40.8
2025-04-21,13850,105,10,0.0
2025-04-21,13851,105,10,237.3
2025-04-28,13851,105,10,194.6
2025-05-05,13851,105,10,151.9
2025-05-12,13851,105,10,109.1
2025-05-19,13851,105,10,66.4
2025-05-26,13851,105,10,23.7
2025-06-02,13851,105,10,0.0
2025-07-07,13852,105,10,660.3
2025-07-14,13852,105,10,570.5
2025-07-21,13852,105,10,480.8
2025-07-28,13852,105,10,391.1
2025-08-04,13852,105,10,301.3
2025-08-11,13852,105,10,211.6
2025-08-18,13852,105,10,121.8
2025-08-25,13852,105,10,32.1
2025-09-01,13852,105,10,0.0
2025-08-04,13853,105,10,513.2
2025-08-11,13853,105,10,474.4
2025-08-18,13853,105,10,435.6
2025-08-25,13853,105,10,396.9
2025-09-01,13853,105,10,358.1
2025-09-08,13853,105,10,319.3
2025-09-15,13853,105,10,280.5
2025-09-22,13853,105,10,241.7
2025-09-29,13854,105,10,182.0
2025-10-06,13854,105,10,156.0
2025-10-13,13854,105,10,130.0
2025-10-20,13854,105,10,104.0
2025-10-27,13854,105,10,78.0
2025-11-03,13854,105,10,52.0
2025-11-10,13854,105,10,26.0
2025-11-17,13854,105,10,0.0
2025-11-24,13854,105,10,0.0
2025-10-20,13855,105,10,59.4
2025-10-27,13855,105,10,46.7
2025-11-03,13855,105,10,34.1
2025-11-10,13855,105,10,21.5
2025-11-17,13855,105,10,8.8
2025-11-24,13855,105,10,0.0
2025-12-08,13856,105,10,518.8
2025-12-15,13856,105,10,464.6
2025-12-22,13856,105,10,410.4
2025-12-29,13856,105,10,356.3
2026-01-05,13856,105,10,302.1
2026-01-12,13856,105,10,247.9
2026-01-19,13856,105,10,193.7
2026-01-26,13856,105,10,139.5
2026-02-02,13856,105,10,85.3
2026-02-02,13857,105,10,187.0
2026-02-09,13857,105,10,145.0
2026-02-16,13857,105,10,103.1
2026-02-23,13857,105,10,61.1
2026-03-02,13857,105,10,19.1
2026-03-09,13857,105,10,0.0
2026-04-06,13858,105,10,795.8
2026-04-13,13858,105,10,735.7
2026-04-20,13858,105,10,675.5
2026-04-27,13858,105,10,615.3
2026-05-04,13858,105,10,555.2
2026-05-11,13858,105,10,495.0
2026-05-18,13858,105,10,434.8
2026-05-25,13858,105,10,374.7
2026-06-01,13858,105,10,314.5
2026-04-27,13859,105,10,689.5
2026-05-04,13859,105,10,569.9
2026-05-11,13859,105,10,450.4
2026-05-18,13859,105,10,330.8
2026-05-25,13859,105,10,211.3
2026-06-01,13859,105,10,91.7
2026-06-08,13859,105,10,0.0
2026-06-01,13860,105,10,411.2
2026-06-08,13860,105,10,375.4
2026-06-15,13860,105,10,339.5
2026-06-22,13860,105,10,303.7
2026-06-29,13860,105,10,267.9
2024-07-08,13861,106,3,39.4
2024-08-05,13865,106,3,368.8
2024-08-12,13866,106,1,206.6
2024-08-19,13867,106,1,281.1
2024-09-16,13871,106,1,457.1
2024-10-14,13875,106,3,459.3
2024-10-21,13876,106,3,236.3
2024-11-04,13878,106,1,155.6
2024-11-18,13880,106,1,169.4
2024-11-25,13881,106,3,198.4
2024-12-02,13882,106,3,596.4
2024-12-09,13883,106,1,438.8
2024-12-23,13885,106,1,431.2
2024-12-30,13886,106,3,300.5
2025-01-06,13887,106,1,356.1
2025-01-13,13888,106,3,531.9
2025-01-20,13889,106,1,428.4
2025-01-27,13890,106,3,287.1
2025-02-03,13891,106,3,70.9
2025-02-10,13892,106,1,345.1
2025-03-03,13895,106,1,361.1
2025-03-17,13897,106,3,342.0
2025-03-24,13898,106,3,286.7
2025-03-31,13899,106,1,370.5
2025-04-07,13900,106,1,364.4
2025-04-14,13901,106,3,177.3
2025-04-28,13903,106,3,433.9
2025-05-05,13904,106,1,384.3
2025-05-12,13905,106,1,376.5
2025-05-26,13907,106,3,123.6
2025-06-09,13909,106,3,187.3
2025-06-16,13910,106,3,348.7
2025-07-14,13914,106,3,184.5
2025-07-28,13916,106,1,61.4
2025-08-04,13917,106,1,513.6
2025-08-18,13919,106,1,566.1
2025-08-25,13920,106,1,77.6
2025-09-01,13921,106,1,296.1
2025-09-08,13922,106,1,212.2
2025-09-15,13923,106,3,444.6
2025-10-06,13926,106,3,272.2
2025-10-13,13927,106,3,236.4
2025-11-03,13930,106,3,153.2
2025-11-10,13931,106,3,233.4
2025-11-24,13933,106,3,399.6
2025-12-01,13934,106,3,390.6
2025-12-15,13936,106,3,243.6
2025-12-22,13937,106,1,191.3
2025-12-29,13938,106,3,164.3
2026-01-05,13939,106,1,546.7
2026-01-12,13940,106,1,207.4
2026-01-19,13941,106,1,471.1
2026-02-02,13943,106,3,140.8
2026-02-09,13944,106,3,318.7
2026-02-16,13945,106,1,144.7
2026-02-23,13946,106,1,304.0
2026-03-02,13947,106,1,420.5
2026-03-09,13948,106,1,59.8
2026-03-16,13949,106,3,45.4
2026-04-06,13952,106,1,431.7
2026-04-20,13954,106,1,499.8
2026-05-04,13956,106,3,173.7
2026-05-11,13957,106,1,390.0
2026-05-18,13958,106,1,304.5
2026-06-01,13960,106,1,378.2
2026-06-08,13961,106,3,425.0
2026-06-15,13962,106,1,281.7
2026-06-29,13964,106,1,652.6
2024-07-08,13965,106,4,159.5
2024-07-15,13966,106,4,350.2
2024-07-22,13967,106,4,275.8
2024-08-05,13969,106,4,42.6
2024-08-26,13972,106,4,409.6
2024-09-16,13975,106,4,301.5
2024-09-30,13977,106,4,268.0
2024-10-21,13980,106,4,138.7
2024-10-28,13981,106,4,159.9
2024-11-04,13982,106,4,295.6
2024-11-11,13983,106,4,99.7
2024-12-02,13986,106,4,184.2
2024-12-16,13988,106,4,417.6
2024-12-23,13989,106,4,178.2
2025-01-06,13991,106,4,505.8
2025-01-20,13993,106,4,381.9
2025-01-27,13994,106,4,622.7
2025-02-03,13995,106,4,437.5
2025-02-10,13996,106,4,178.1
2025-02-17,13997,106,4,222.9
2025-03-03,13999,106,4,560.8
2025-03-10,14000,106,4,235.5
2025-03-17,14001,106,4,50.7
2025-03-24,14002,106,4,236.0
2025-04-14,14005,106,4,208.4
2025-04-21,14006,106,4,529.9
2025-04-28,14007,106,4,476.7
2025-05-05,14008,106,4,302.4
2025-05-12,14009,106,4,287.9
2025-05-19,14010,106,4,291.9
2025-05-26,14011,106,4,290.0
2025-06-02,14012,106,4,385.4
2025-06-09,14013,106,4,254.7
2025-06-23,14015,106,4,362.5
2025-06-30,14016,106,4,111.9
2025-07-21,14019,106,4,311.6
2025-08-04,14021,106,4,503.3
2025-08-11,14022,106,4,207.9
2025-08-25,14024,106,4,503.8
2025-09-01,14025,106,4,287.7
2025-09-08,14026,106,4,144.8
2025-09-15,14027,106,4,49.7
2025-09-22,14028,106,4,350.2
2025-09-29,14029,106,4,156.6
2025-10-13,14031,106,4,264.4
2025-10-20,14032,106,4,132.6
2025-10-27,14033,106,4,153.3
2025-11-24,14037,106,4,221.5
2025-12-01,14038,106,4,220.9
2025-12-08,14039,106,4,113.3
2025-12-15,14040,106,4,329.8
2025-12-22,14041,106,4,373.2
2026-01-05,14043,106,4,46.4
2026-01-19,14045,106,4,342.3
2026-02-02,14047,106,4,237.0
2026-02-09,14048,106,4,245.2
2026-02-23,14050,106,4,519.7
2026-03-16,14053,106,4,389.9
2026-03-23,14054,106,4,193.7
2026-04-06,14056,106,4,397.2
2026-04-13,14057,106,4,346.2
2026-04-20,14058,106,4,73.5
2026-04-27,14059,106,4,167.3
2026-05-11,14061,106,4,199.3
2026-06-01,14064,106,4,438.5
2026-06-08,14065,106,4,72.6
2026-06-22,14067,106,4,138.4
2026-06-29,14068,106,4,66.8
2024-07-08,14069,106,5,320.4
2024-07-15,14070,106,5,358.2
2024-07-22,14071,106,5,317.7
2024-08-12,14074,106,5,140.4
2024-08-19,14075,106,5,333.6
2024-08-26,14076,106,5,70.2
2024-09-02,14077,106,5,338.7
2024-09-09,14078,106,5,334.1
2024-09-30,14081,106,5,369.0
2024-10-07,14082,106,5,45.9
2024-11-11,14087,106,5,319.2
2024-11-18,14088,106,5,369.1
2024-11-25,14089,106,5,493.5
2024-12-02,14090,106,5,284.9
2024-12-23,14093,106,5,123.3
2025-01-13,14096,106,5,189.7
2025-01-27,14098,106,5,434.5
2025-02-10,14100,106,5,372.3
2025-02-17,14101,106,5,58.9
2025-02-24,14102,106,5,192.2
2025-03-03,14103,106,5,515.3
2025-03-17,14105,106,5,164.3
2025-03-24,14106,106,5,136.6
2025-03-31,14107,106,5,320.4
2025-04-14,14109,106,5,626.2
2025-04-21,14110,106,5,393.0
2025-04-28,14111,106,5,163.2
2025-05-05,14112,106,5,191.3
2025-05-12,14113,106,5,250.6
2025-05-19,14114,106,5,110.5
2025-06-02,14116,106,5,179.6
2025-06-09,14117,106,5,367.4
2025-06-23,14119,106,5,100.6
2025-07-07,14121,106,5,479.5
2025-07-14,14122,106,5,167.9
2025-07-21,14123,106,5,520.4
2025-07-28,14124,106,5,353.2
2025-08-11,14126,106,5,491.8
2025-08-18,14127,106,5,334.9
2025-08-25,14128,106,5,563.9
2025-09-01,14129,106,5,515.0
2025-09-15,14131,106,5,310.8
2025-09-22,14132,106,5,482.4
2025-09-29,14133,106,5,143.4
2025-10-06,14134,106,5,307.8
2025-11-10,14139,106,5,270.6
2025-11-24,14141,106,5,431.2
2025-12-01,14142,106,5,68.6
2025-12-08,14143,106,5,370.3
2025-12-15,14144,106,5,514.0
2026-01-05,14147,106,5,241.0
2026-01-19,14149,106,5,140.5
2026-02-09,14152,106,5,291.6
2026-02-16,14153,106,5,273.7
2026-02-23,14154,106,5,244.5
2026-03-02,14155,106,5,298.0
2026-03-16,14157,106,5,262.5
2026-04-06,14160,106,5,44.4
2026-05-04,14164,106,5,112.3
2026-05-11,14165,106,5,639.9
2026-05-18,14166,106,5,470.9
2026-06-01,14168,106,5,105.5
2026-06-08,14169,106,5,245.9
2026-06-15,14170,106,5,134.8
2026-06-29,14172,106,5,345.6
2024-07-15,14174,106,7,199.7
2024-07-29,14176,106,7,318.1
2024-08-05,14177,106,7,550.2
2024-08-12,14178,106,9,558.4
2024-09-09,14182,106,9,125.5
2024-10-28,14189,106,9,77.4
2024-11-04,14190,106,7,344.9
2024-11-18,14192,106,9,245.1
2024-11-25,14193,106,7,253.2
2024-12-16,14196,106,7,40.6
2024-12-30,14198,106,7,384.5
2025-01-06,14199,106,7,64.6
2025-01-27,14202,106,9,91.8
2025-02-03,14203,106,7,378.0
2025-02-10,14204,106,9,411.8
2025-02-24,14206,106,9,69.0
2025-03-03,14207,106,9,345.8
2025-03-24,14210,106,7,402.1
2025-03-31,14211,106,7,249.2
2025-04-07,14212,106,9,94.7
2025-04-21,14214,106,9,98.0
2025-04-28,14215,106,9,153.5
2025-05-19,14218,106,9,464.2
2025-05-26,14219,106,9,360.8
2025-06-02,14220,106,9,391.6
2025-06-09,14221,106,7,135.7
2025-06-30,14224,106,9,95.9
2025-07-07,14225,106,9,204.9
2025-08-18,14231,106,7,296.8
2025-09-01,14233,106,9,315.6
2025-09-22,14236,106,7,305.5
2025-10-06,14238,106,9,586.8
2025-10-13,14239,106,7,53.1
2025-11-03,14242,106,7,387.1
2025-11-17,14244,106,9,69.5
2025-11-24,14245,106,9,307.3
2025-12-01,14246,106,9,64.5
2025-12-29,14250,106,7,401.3
2026-01-19,14253,106,7,289.7
2026-01-26,14254,106,7,644.5
2026-02-02,14255,106,9,225.3
2026-02-09,14256,106,7,505.8
2026-02-23,14258,106,9,312.9
2026-03-16,14261,106,9,88.0
2026-03-30,14263,106,7,526.9
2026-04-20,14266,106,7,369.9
2026-04-27,14267,106,7,532.5
2026-05-11,14269,106,9,139.0
2026-05-25,14271,106,7,373.0
2026-06-08,14273,106,7,353.8
2026-06-15,14274,106,9,200.7
2026-06-22,14275,106,7,74.6
2024-07-15,14279,106,10,241.6
2024-07-29,14281,106,10,305.7
2024-08-05,14282,106,10,229.0
2024-08-12,14283,106,10,47.8
2024-08-26,14285,106,10,496.8
2024-09-09,14287,106,10,363.3
2024-09-30,14290,106,10,610.8
2024-10-14,14292,106,10,321.3
2024-11-11,14296,106,10,399.5
2024-11-25,14298,106,10,296.2
2024-12-02,14299,106,10,65.6
2024-12-09,14300,106,10,427.4
2024-12-16,14301,106,10,364.9
2025-01-06,14304,106,10,338.5
2025-01-13,14305,106,10,83.6
2025-01-27,14307,106,10,165.2
2025-02-03,14308,106,10,376.0
2025-02-10,14309,106,10,405.5
2025-02-24,14311,106,10,372.4
2025-03-03,14312,106,10,227.9
2025-03-10,14313,106,10,398.3
2025-03-24,14315,106,10,517.3
2025-04-07,14317,106,10,287.3
2025-04-21,14319,106,10,417.6
2025-04-28,14320,106,10,453.0
2025-05-12,14322,106,10,173.6
2025-05-19,14323,106,10,122.4
2025-06-02,14325,106,10,90.7
2025-06-09,14326,106,10,165.9
2025-06-30,14329,106,10,273.8
2025-07-21,14332,106,10,494.6
2025-07-28,14333,106,10,193.8
2025-08-11,14335,106,10,515.4
2025-09-22,14341,106,10,396.2
2025-09-29,14342,106,10,345.8
2025-10-06,14343,106,10,433.1
2025-10-13,14344,106,10,586.2
2025-11-03,14347,106,10,190.7
2025-11-17,14349,106,10,441.0
2025-11-24,14350,106,10,182.1
2025-12-15,14353,106,10,268.6
2025-12-22,14354,106,10,481.9
2025-12-29,14355,106,10,89.2
2026-01-26,14359,106,10,217.5
2026-02-02,14360,106,10,347.6
2026-02-09,14361,106,10,390.2
2026-02-16,14362,106,10,496.7
2026-03-09,14365,106,10,648.7
2026-03-23,14367,106,10,261.5
2026-03-30,14368,106,10,42.7
2026-04-27,14372,106,10,412.1
2026-05-04,14373,106,10,70.8
2026-05-11,14374,106,10,196.4
2026-05-18,14375,106,10,182.8
2026-06-15,14379,106,10,136.3
2026-06-29,14381,106,10,482.9
2024-07-08,14382,107,1,784.9
2024-07-15,14382,107,1,706.8
2024-07-22,14382,107,1,628.7
2024-07-29,14382,107,1,550.6
2024-08-05,14382,107,1,472.5
2024-08-12,14382,107,1,394.4
2024-08-19,14382,107,1,316.3
2024-08-26,14382,107,1,238.2
2024-09-02,14382,107,1,160.0
2024-09-09,14382,107,1,81.9
2024-09-16,14382,107,1,3.8
2024-09-23,14382,107,1,0.0
2024-09-23,14383,107,6,709.7
2024-09-30,14383,107,6,643.4
2024-10-07,14383,107,6,577.1
2024-10-14,14383,107,6,510.8
2024-10-21,14383,107,6,444.4
2024-10-28,14383,107,6,378.1
2024-11-04,14383,107,6,311.8
2024-11-11,14383,107,6,245.5
2024-11-18,14383,107,6,179.2
2024-11-25,14383,107,6,112.9
2024-12-02,14383,107,6,46.6
2024-12-09,14383,107,6,0.0
2025-01-13,14384,107,1,395.5
2025-01-20,14384,107,1,319.1
2025-01-27,14384,107,1,242.6
2025-02-03,14384,107,1,166.1
2025-02-10,14384,107,1,89.7
2025-02-17,14384,107,1,13.2
2025-02-24,14384,107,1,0.0
2025-03-24,14385,107,1,477.2
2025-03-31,14385,107,1,378.5
2025-04-07,14385,107,1,279.7
2025-04-14,14385,107,1,181.0
2025-04-21,14385,107,1,82.2
2025-04-28,14385,107,1,0.0
2025-06-09,14386,107,6,603.1
2025-06-16,14386,107,6,473.2
2025-06-23,14386,107,6,343.3
2025-06-30,14386,107,6,213.4
2025-07-07,14386,107,6,83.4
2025-07-14,14386,107,6,0.0
2025-07-28,14387,107,6,286.6
2025-08-04,14387,107,6,264.3
2025-08-11,14387,107,6,241.9
2025-08-18,14387,107,6,219.6
2025-08-25,14387,107,6,197.2
2025-09-01,14387,107,6,174.8
2025-09-08,14387,107,6,152.5
2025-09-15,14387,107,6,130.1
2025-09-22,14387,107,6,107.7
2025-09-29,14387,107,6,85.4
2025-10-06,14387,107,6,63.0
2025-10-13,14387,107,6,40.7
2025-10-20,14387,107,6,18.3
2025-10-27,14387,107,6,0.0
2025-12-08,14388,107,6,234.2
2025-12-15,14388,107,6,176.4
2025-12-22,14388,107,6,118.5
2025-12-29,14388,107,6,60.7
2026-01-05,14388,107,6,2.9
2026-01-12,14388,107,6,0.0
2026-01-12,14389,107,1,76.7
2026-01-19,14389,107,1,64.4
2026-01-26,14389,107,1,52.2
2026-02-02,14389,107,1,39.9
2026-02-09,14389,107,1,27.6
2026-02-16,14389,107,1,15.3
2026-02-23,14389,107,1,3.0
2026-03-02,14389,107,1,0.0
2026-04-27,14390,107,6,651.9
2026-05-04,14390,107,6,551.7
2026-05-11,14390,107,6,451.6
2026-05-18,14390,107,6,351.4
2026-05-25,14390,107,6,251.3
2026-06-01,14390,107,6,151.1
2026-06-08,14390,107,6,51.0
2026-06-15,14390,107,6,0.0
2024-09-09,14391,108,7,663.6
2024-09-16,14391,108,7,564.2
2024-09-23,14391,108,7,464.7
2024-09-30,14391,108,7,365.3
2024-10-07,14391,108,7,265.9
2024-10-14,14391,108,7,166.5
2024-10-21,14391,108,7,67.1
2024-10-28,14391,108,7,0.0
2025-02-24,14392,108,6,559.9
2025-03-03,14392,108,6,510.9
2025-03-10,14392,108,6,461.8
2025-03-17,14392,108,6,412.8
2025-03-24,14392,108,6,363.7
2025-03-31,14392,108,6,314.7
2025-04-07,14392,108,6,265.6
2025-04-14,14392,108,6,216.6
2025-04-21,14392,108,6,167.5
2025-04-28,14392,108,6,118.5
2025-05-05,14392,108,6,69.4
2025-05-12,14392,108,6,20.4
2025-05-19,14392,108,6,0.0
2025-05-05,14393,108,6,174.9
2025-05-12,14393,108,6,141.8
2025-05-19,14393,108,6,108.7
2025-05-26,14393,108,6,75.6
2025-06-02,14393,108,6,42.6
2025-06-09,14393,108,6,9.5
2025-06-16,14393,108,6,0.0
2025-08-11,14394,108,5,756.4
2025-08-18,14394,108,5,684.8
2025-08-25,14394,108,5,613.3
2025-09-01,14394,108,5,541.7
2025-09-08,14394,108,5,470.1
2025-09-15,14394,108,5,398.5
2025-09-22,14394,108,5,326.9
2025-09-29,14394,108,5,255.4
2025-10-06,14394,108,5,183.8
2025-10-13,14394,108,5,112.2
2025-10-20,14394,108,5,40.6
2025-10-27,14394,108,5,0.0
2026-01-26,14395,108,5,91.5
2026-02-02,14395,108,5,82.9
2026-02-09,14395,108,5,74.4
2026-02-16,14395,108,5,65.9
2026-02-23,14395,108,5,57.4
2026-03-02,14395,108,5,48.8
2026-03-09,14395,108,5,40.3
2026-03-16,14395,108,5,31.8
2026-03-23,14395,108,5,23.3
2026-03-30,14395,108,5,14.7
2026-04-06,14395,108,5,6.2
2026-04-13,14395,108,5,0.0
2026-06-15,14396,108,5,868.6
2026-06-22,14396,108,5,787.1
2026-06-29,14396,108,5,705.7
2024-07-08,14397,109,3,798.4
2024-07-15,14397,109,3,711.7
2024-07-22,14397,109,3,625.1
2024-07-29,14397,109,3,538.5
2024-08-05,14397,109,3,451.9
2024-08-12,14398,109,1,293.5
2024-08-19,14398,109,1,271.0
2024-08-26,14398,109,1,248.5
2024-09-02,14398,109,1,226.0
2024-09-09,14399,109,3,742.5
2024-09-16,14399,109,3,618.0
2024-09-23,14399,109,3,493.6
2024-09-30,14399,109,3,369.1
2024-10-07,14399,109,3,244.6
2024-10-07,14400,109,1,537.7
2024-10-14,14400,109,1,457.4
2024-10-21,14400,109,1,377.1
2024-10-28,14400,109,1,296.8
2024-11-04,14400,109,1,216.5
2024-10-14,14401,109,3,235.8
2024-10-21,14401,109,3,215.6
2024-10-28,14401,109,3,195.4
2024-11-04,14401,109,3,175.2
2024-11-11,14401,109,3,155.0
2024-11-11,14402,109,3,694.6
2024-11-18,14402,109,3,584.2
2024-11-25,14402,109,3,473.7
2024-12-02,14402,109,3,363.3
2024-12-09,14402,109,3,252.9
2024-12-16,14403,109,1,139.5
2024-12-23,14403,109,1,104.1
2024-12-30,14403,109,1,68.6
2025-01-06,14403,109,1,33.1
2025-01-13,14403,109,1,0.0
2025-01-06,14404,109,3,195.3
2025-01-13,14404,109,3,173.6
2025-01-20,14404,109,3,151.8
2025-01-27,14404,109,3,130.1
2025-02-03,14404,109,3,108.4
2025-02-10,14405,109,3,465.8
2025-02-17,14405,109,3,417.6
2025-02-24,14405,109,3,369.3
2025-03-03,14405,109,3,321.1
2025-02-24,14406,109,1,283.9
2025-03-03,14406,109,1,226.9
2025-03-10,14406,109,1,169.8
2025-03-17,14406,109,1,112.7
2025-03-24,14406,109,1,55.6
2025-03-31,14407,109,3,329.5
2025-04-07,14407,109,3,303.0
2025-04-14,14407,109,3,276.5
2025-04-21,14407,109,3,250.0
2025-04-28,14407,109,3,223.4
2025-04-14,14408,109,1,191.2
2025-04-21,14408,109,1,165.4
2025-04-28,14408,109,1,139.6
2025-05-05,14408,109,1,113.8
2025-05-05,14409,109,3,380.6
2025-05-12,14409,109,3,321.2
2025-05-19,14409,109,3,261.8
2025-05-26,14409,109,3,202.4
2025-06-02,14410,109,1,671.8
2025-06-09,14410,109,1,618.6
2025-06-16,14410,109,1,565.4
2025-06-23,14410,109,1,512.2
2025-06-30,14410,109,1,459.0
2025-06-23,14411,109,1,215.9
2025-06-30,14411,109,1,199.8
2025-07-07,14411,109,1,183.7
2025-07-14,14411,109,1,167.6
2025-07-21,14411,109,1,151.4
2025-07-28,14412,109,1,218.8
2025-08-04,14412,109,1,195.5
2025-08-11,14412,109,1,172.3
2025-08-18,14412,109,1,149.1
2025-08-25,14412,109,1,125.9
2025-08-25,14413,109,1,84.2
2025-09-01,14413,109,1,64.4
2025-09-08,14413,109,1,44.6
2025-09-15,14413,109,1,24.8
2025-09-22,14414,109,3,584.9
2025-09-29,14414,109,3,469.8
2025-10-06,14414,109,3,354.8
2025-10-13,14414,109,3,239.7
2025-10-20,14414,109,3,124.6
2025-10-20,14415,109,3,136.8
2025-10-27,14415,109,3,104.7
2025-11-03,14415,109,3,72.5
2025-11-10,14415,109,3,40.3
2025-11-17,14415,109,3,8.1
2025-11-17,14416,109,3,352.3
2025-11-24,14416,109,3,318.6
2025-12-01,14416,109,3,284.9
2025-12-08,14416,109,3,251.2
2025-12-15,14416,109,3,217.5
2025-12-01,14417,109,3,302.3
2025-12-08,14417,109,3,241.6
2025-12-15,14417,109,3,180.8
2025-12-22,14417,109,3,120.1
2025-12-29,14417,109,3,59.4
2025-12-29,14418,109,1,756.9
2026-01-05,14418,109,1,646.7
2026-01-12,14418,109,1,536.6
2026-01-19,14418,109,1,426.5
2026-01-26,14418,109,1,316.3
2026-01-12,14419,109,1,234.4
2026-01-19,14419,109,1,188.8
2026-01-26,14419,109,1,143.3
2026-02-02,14419,109,1,97.7
2026-02-09,14419,109,1,52.1
2026-02-09,14420,109,1,743.8
2026-02-16,14420,109,1,593.5
2026-02-23,14420,109,1,443.3
2026-03-02,14420,109,1,293.0
2026-03-09,14420,109,1,142.8
2026-03-16,14421,109,1,537.8
2026-03-23,14421,109,1,487.7
2026-03-30,14421,109,1,437.5
2026-04-06,14421,109,1,387.4
2026-04-13,14421,109,1,337.2
2026-03-30,14422,109,3,761.9
2026-04-06,14422,109,3,633.8
2026-04-13,14422,109,3,505.6
2026-04-20,14422,109,3,377.5
2026-04-27,14422,109,3,249.4
2026-04-20,14423,109,1,403.3
2026-04-27,14423,109,1,332.7
2026-05-04,14423,109,1,262.0
2026-05-11,14423,109,1,191.4
2026-05-18,14423,109,1,120.7
2026-05-25,14424,109,1,121.2
2026-06-01,14424,109,1,89.4
2026-06-08,14424,109,1,57.7
2026-06-15,14424,109,1,25.9
2026-06-22,14424,109,1,0.0
2026-06-08,14425,109,3,522.2
2026-06-15,14425,109,3,478.4
2026-06-22,14425,109,3,434.6
2026-06-29,14425,109,3,390.7
2024-07-22,14426,109,4,516.3
2024-07-29,14426,109,4,477.6
2024-08-05,14426,109,4,438.9
2024-08-12,14426,109,4,400.2
2024-08-19,14426,109,4,361.5
2024-08-12,14427,109,4,268.7
2024-08-19,14427,109,4,244.4
2024-08-26,14427,109,4,220.1
2024-09-02,14427,109,4,195.8
2024-09-16,14428,109,4,238.6
2024-09-23,14428,109,4,221.2
2024-09-30,14428,109,4,203.8
2024-10-07,14428,109,4,186.4
2024-10-14,14428,109,4,169.1
2024-10-07,14429,109,4,530.5
2024-10-14,14429,109,4,404.9
2024-10-21,14429,109,4,279.4
2024-10-28,14429,109,4,153.9
2024-11-04,14430,109,4,206.0
2024-11-11,14430,109,4,167.1
2024-11-18,14430,109,4,128.1
2024-11-25,14430,109,4,89.1
2024-12-02,14430,109,4,50.2
2024-11-11,14431,109,4,475.9
2024-11-18,14431,109,4,364.9
2024-11-25,14431,109,4,253.8
2024-12-02,14431,109,4,142.8
2024-12-09,14431,109,4,31.7
2024-12-09,14432,109,4,742.6
2024-12-16,14432,109,4,682.2
2024-12-23,14432,109,4,621.8
2024-12-30,14432,109,4,561.5
2025-01-06,14432,109,4,501.1
2025-01-06,14433,109,4,141.5
2025-01-13,14433,109,4,123.9
2025-01-20,14433,109,4,106.4
2025-01-27,14433,109,4,88.8
2025-01-27,14434,109,4,619.1
2025-02-03,14434,109,4,491.2
2025-02-10,14434,109,4,363.3
2025-02-17,14434,109,4,235.4
2025-02-17,14435,109,4,393.4
2025-02-24,14435,109,4,340.7
2025-03-03,14435,109,4,288.1
2025-03-10,14435,109,4,235.5
2025-03-17,14435,109,4,182.9
2025-03-10,14436,109,4,254.1
2025-03-17,14436,109,4,197.2
2025-03-24,14436,109,4,140.4
2025-03-31,14436,109,4,83.5
2025-04-07,14436,109,4,26.6
2025-04-21,14437,109,4,656.6
2025-04-28,14437,109,4,494.1
2025-05-05,14437,109,4,331.7
2025-05-12,14437,109,4,169.3
2025-05-19,14438,109,4,428.0
2025-05-26,14438,109,4,385.0
2025-06-02,14438,109,4,342.0
2025-06-09,14438,109,4,299.0
2025-06-09,14439,109,4,296.7
2025-06-16,14439,109,4,254.4
2025-06-23,14439,109,4,212.1
2025-06-30,14439,109,4,169.8
2025-07-07,14439,109,4,127.5
2025-06-23,14440,109,4,302.5
2025-06-30,14440,109,4,277.9
2025-07-07,14440,109,4,253.4
2025-07-14,14440,109,4,228.9
2025-07-21,14440,109,4,204.3
2025-07-21,14441,109,4,618.6
2025-07-28,14441,109,4,460.2
2025-08-04,14441,109,4,301.7
2025-08-11,14441,109,4,143.3
2025-08-18,14442,109,4,433.4
2025-08-25,14442,109,4,386.7
2025-09-01,14442,109,4,340.1
2025-09-08,14442,109,4,293.4
2025-09-15,14442,109,4,246.8
2025-09-01,14443,109,4,126.0
2025-09-08,14443,109,4,94.0
2025-09-15,14443,109,4,62.0
2025-09-22,14443,109,4,30.0
2025-09-29,14443,109,4,0.0
2025-10-20,14444,109,4,57.2
2025-10-27,14444,109,4,48.3
2025-11-03,14444,109,4,39.5
2025-11-10,14444,109,4,30.7
2025-11-17,14444,109,4,21.9
2025-11-10,14445,109,4,558.5
2025-11-17,14445,109,4,470.0
2025-11-24,14445,109,4,381.5
2025-12-01,14445,109,4,292.9
2025-12-08,14446,109,4,452.2
2025-12-15,14446,109,4,367.5
2025-12-22,14446,109,4,282.7
2025-12-29,14446,109,4,197.9
2026-01-05,14447,109,4,535.2
2026-01-12,14447,109,4,488.5
2026-01-19,14447,109,4,441.7
2026-01-26,14447,109,4,395.0
2026-02-02,14447,109,4,348.2
2026-01-26,14448,109,4,601.7
2026-02-02,14448,109,4,454.5
2026-02-09,14448,109,4,307.2
2026-02-16,14448,109,4,159.9
2026-02-23,14448,109,4,12.7
2026-02-23,14449,109,4,271.2
2026-03-02,14449,109,4,230.3
2026-03-09,14449,109,4,189.5
2026-03-16,14449,109,4,148.6
2026-03-23,14449,109,4,107.8
2026-03-16,14450,109,4,357.5
2026-03-23,14450,109,4,271.0
2026-03-30,14450,109,4,184.6
2026-04-06,14450,109,4,98.1
2026-04-13,14450,109,4,11.6
2026-03-23,14451,109,4,483.5
2026-03-30,14451,109,4,365.0
2026-04-06,14451,109,4,246.5
2026-04-13,14451,109,4,128.0
2026-04-20,14451,109,4,9.5
2026-04-20,14452,109,4,469.5
2026-04-27,14452,109,4,344.1
2026-05-04,14452,109,4,218.6
2026-05-11,14452,109,4,93.2
2026-05-18,14453,109,4,362.6
2026-05-25,14453,109,4,302.2
2026-06-01,14453,109,4,241.8
2026-06-08,14453,109,4,181.3
2026-06-15,14453,109,4,120.9
2026-06-29,14454,109,4,421.0
2024-07-22,14456,109,5,644.3
2024-07-29,14456,109,5,589.7
2024-08-05,14456,109,5,535.0
2024-08-12,14456,109,5,480.4
2024-07-29,14457,109,5,289.3
2024-08-05,14457,109,5,258.5
2024-08-12,14457,109,5,227.8
2024-08-19,14457,109,5,197.0
2024-08-26,14457,109,5,166.3
2024-09-16,14458,109,5,475.2
2024-09-23,14458,109,5,437.4
2024-09-30,14458,109,5,399.7
2024-10-07,14458,109,5,361.9
2024-09-23,14459,109,5,686.2
2024-09-30,14459,109,5,595.3
2024-10-07,14459,109,5,504.5
2024-10-14,14459,109,5,413.6
2024-10-21,14459,109,5,322.8
2024-10-14,14460,109,5,214.4
2024-10-21,14460,109,5,196.7
2024-10-28,14460,109,5,179.1
2024-11-04,14460,109,5,161.4
2024-11-11,14460,109,5,143.8
2024-11-18,14461,109,5,577.6
2024-11-25,14461,109,5,459.2
2024-12-02,14461,109,5,340.9
2024-12-09,14461,109,5,222.5
2024-12-16,14461,109,5,104.1
2024-12-02,14462,109,5,292.5
2024-12-09,14462,109,5,252.1
2024-12-16,14462,109,5,211.6
2024-12-23,14462,109,5,171.1
2024-12-30,14462,109,5,130.6
2025-01-06,14463,109,5,614.8
2025-01-13,14463,109,5,565.6
2025-01-20,14463,109,5,516.3
2025-01-27,14463,109,5,467.1
2025-01-27,14464,109,5,623.3
2025-02-03,14464,109,5,467.5
2025-02-10,14464,109,5,311.8
2025-02-17,14464,109,5,156.0
2025-02-24,14464,109,5,0.3
2025-02-24,14465,109,5,292.4
2025-03-03,14465,109,5,251.9
2025-03-10,14465,109,5,211.3
2025-03-17,14465,109,5,170.8
2025-03-17,14466,109,5,122.4
2025-03-24,14466,109,5,100.8
2025-03-31,14466,109,5,79.2
2025-04-07,14466,109,5,57.6
2025-04-14,14466,109,5,36.0
2025-04-28,14467,109,5,606.8
2025-05-05,14467,109,5,471.7
2025-05-12,14467,109,5,336.5
2025-05-19,14467,109,5,201.3
2025-05-26,14467,109,5,66.2
2025-05-05,14468,109,5,254.3
2025-05-12,14468,109,5,233.5
2025-05-19,14468,109,5,212.8
2025-05-26,14468,109,5,192.1
2025-06-02,14468,109,5,171.4
2025-06-02,14469,109,5,497.0
2025-06-09,14469,109,5,393.1
2025-06-16,14469,109,5,289.1
2025-06-23,14469,109,5,185.2
2025-06-30,14469,109,5,81.2
2025-07-14,14470,109,5,645.9
2025-07-21,14470,109,5,553.8
2025-07-28,14470,109,5,461.7
2025-08-04,14470,109,5,369.6
2025-08-11,14470,109,5,277.5
2025-08-11,14471,109,5,592.0
2025-08-18,14471,109,5,498.0
2025-08-25,14471,109,5,404.1
2025-09-01,14471,109,5,310.1
2025-08-25,14472,109,5,382.7
2025-09-01,14472,109,5,299.5
2025-09-08,14472,109,5,216.2
2025-09-15,14472,109,5,133.0
2025-09-22,14472,109,5,49.7
2025-09-29,14473,109,5,557.5
2025-10-06,14473,109,5,494.1
2025-10-13,14473,109,5,430.6
2025-10-20,14473,109,5,367.2
2025-10-13,14474,109,5,222.7
2025-10-20,14474,109,5,189.5
2025-10-27,14474,109,5,156.2
2025-11-03,14474,109,5,123.0
2025-11-03,14475,109,5,689.1
2025-11-10,14475,109,5,640.2
2025-11-17,14475,109,5,591.3
2025-11-24,14475,109,5,542.4
2025-12-01,14475,109,5,493.5
2025-12-01,14476,109,5,515.4
2025-12-08,14476,109,5,397.8
2025-12-15,14476,109,5,280.3
2025-12-22,14476,109,5,162.7
2025-12-29,14476,109,5,45.1
2025-12-22,14477,109,5,712.7
2025-12-29,14477,109,5,535.4
2026-01-05,14477,109,5,358.1
2026-01-12,14477,109,5,180.8
2026-01-12,14478,109,5,686.0
2026-01-19,14478,109,5,516.0
2026-01-26,14478,109,5,346.0
2026-02-02,14478,109,5,176.0
2026-02-23,14479,109,5,158.9
2026-03-02,14479,109,5,121.7
2026-03-09,14479,109,5,84.6
2026-03-16,14479,109,5,47.5
2026-03-23,14479,109,5,10.3
2026-03-16,14480,109,5,385.5
2026-03-23,14480,109,5,328.1
2026-03-30,14480,109,5,270.6
2026-04-06,14480,109,5,213.1
2026-04-13,14481,109,5,168.6
2026-04-20,14481,109,5,140.2
2026-04-27,14481,109,5,111.8
2026-05-04,14481,109,5,83.4
2026-05-11,14481,109,5,55.0
2026-04-27,14482,109,5,725.6
2026-05-04,14482,109,5,618.1
2026-05-11,14482,109,5,510.7
2026-05-18,14482,109,5,403.2
2026-05-25,14482,109,5,295.8
2026-05-18,14483,109,5,604.0
2026-05-25,14483,109,5,519.0
2026-06-01,14483,109,5,434.0
2026-06-08,14483,109,5,349.0
2026-06-15,14483,109,5,264.0
2026-06-15,14484,109,5,681.0
2026-06-22,14484,109,5,574.9
2026-06-29,14484,109,5,468.9
2024-07-29,14486,109,7,614.0
2024-08-05,14486,109,7,548.0
2024-08-12,14486,109,7,482.1
2024-08-19,14486,109,7,416.1
2024-08-26,14486,109,7,350.1
2024-08-12,14487,109,9,214.9
2024-08-19,14487,109,9,192.8
2024-08-26,14487,109,9,170.8
2024-09-02,14487,109,9,148.7
2024-09-16,14488,109,7,679.4
2024-09-23,14488,109,7,566.7
2024-09-30,14488,109,7,454.1
2024-10-07,14488,109,7,341.4
2024-10-14,14488,109,7,228.8
2024-09-30,14489,109,9,232.4
2024-10-07,14489,109,9,209.8
2024-10-14,14489,109,9,187.2
2024-10-21,14489,109,9,164.6
2024-10-28,14489,109,9,142.0
2024-11-04,14490,109,9,172.4
2024-11-11,14490,109,9,160.8
2024-11-18,14490,109,9,149.1
2024-11-25,14490,109,9,137.5
2024-11-25,14491,109,7,673.8
2024-12-02,14491,109,7,533.6
2024-12-09,14491,109,7,393.3
2024-12-16,14491,109,7,253.1
2024-12-23,14491,109,7,112.9
2024-12-02,14492,109,9,474.0
2024-12-09,14492,109,9,390.0
2024-12-16,14492,109,9,306.0
2024-12-23,14492,109,9,222.1
2024-12-30,14492,109,9,138.1
2025-01-13,14493,109,9,764.1
2025-01-20,14493,109,9,683.1
2025-01-27,14493,109,9,602.2
2025-02-03,14493,109,9,521.3
2025-02-10,14493,109,9,440.3
2025-01-27,14494,109,7,595.2
2025-02-03,14494,109,7,501.4
2025-02-10,14494,109,7,407.6
2025-02-17,14494,109,7,313.9
2025-02-24,14494,109,7,220.1
2025-03-03,14495,109,7,401.5
2025-03-10,14495,109,7,368.1
2025-03-17,14495,109,7,334.6
2025-03-24,14495,109,7,301.1
2025-03-31,14495,109,7,267.7
2025-04-07,14496,109,9,668.2
2025-04-14,14496,109,9,559.4
2025-04-21,14496,109,9,450.6
2025-04-28,14496,109,9,341.8
2025-04-28,14497,109,9,408.0
2025-05-05,14497,109,9,381.0
2025-05-12,14497,109,9,354.0
2025-05-19,14497,109,9,326.9
2025-05-26,14497,109,9,299.9
2025-05-19,14498,109,7,219.7
2025-05-26,14498,109,7,175.4
2025-06-02,14498,109,7,131.1
2025-06-09,14498,109,7,86.8
2025-06-16,14498,109,7,42.5
2025-06-16,14499,109,7,157.2
2025-06-23,14499,109,7,123.4
2025-06-30,14499,109,7,89.6
2025-07-07,14499,109,7,55.8
2025-07-07,14500,109,7,75.4
2025-07-14,14500,109,7,69.7
2025-07-21,14500,109,7,64.1
2025-07-28,14500,109,7,58.5
2025-08-04,14500,109,7,52.8
2025-07-21,14501,109,9,246.2
2025-07-28,14501,109,9,195.5
2025-08-04,14501,109,9,144.7
2025-08-11,14501,109,9,93.9
2025-09-01,14502,109,7,663.0
2025-09-08,14502,109,7,589.1
2025-09-15,14502,109,7,515.1
2025-09-22,14502,109,7,441.1
2025-09-22,14503,109,9,71.4
2025-09-29,14503,109,9,51.8
2025-10-06,14503,109,9,32.3
2025-10-13,14503,109,9,12.7
2025-10-20,14503,109,9,0.0
2025-10-06,14504,109,9,593.9
2025-10-13,14504,109,9,520.8
2025-10-20,14504,109,9,447.7
2025-10-27,14504,109,9,374.6
2025-11-03,14504,109,9,301.6
2025-11-10,14505,109,7,685.1
2025-11-17,14505,109,7,595.2
2025-11-24,14505,109,7,505.3
2025-12-01,14505,109,7,415.5
2025-11-17,14506,109,7,136.2
2025-11-24,14506,109,7,113.3
2025-12-01,14506,109,7,90.5
2025-12-08,14506,109,7,67.6
2025-12-15,14506,109,7,44.8
2025-12-22,14507,109,7,428.0
2025-12-29,14507,109,7,338.9
2026-01-05,14507,109,7,249.9
2026-01-12,14507,109,7,160.8
2026-01-19,14507,109,7,71.8
2026-01-19,14508,109,9,409.8
2026-01-26,14508,109,9,294.7
2026-02-02,14508,109,9,179.5
2026-02-09,14508,109,9,64.3
2026-02-16,14508,109,9,0.0
2026-02-16,14509,109,9,515.0
2026-02-23,14509,109,9,372.0
2026-03-02,14509,109,9,228.9
2026-03-09,14509,109,9,85.9
2026-03-16,14510,109,7,163.0
2026-03-23,14510,109,7,130.9
2026-03-30,14510,109,7,98.9
2026-04-06,14510,109,7,66.9
2026-04-13,14510,109,7,34.8
2026-04-06,14511,109,7,574.6
2026-04-13,14511,109,7,472.1
2026-04-20,14511,109,7,369.7
2026-04-27,14511,109,7,267.2
2026-05-04,14511,109,7,164.8
2026-05-04,14512,109,9,367.1
2026-05-11,14512,109,9,340.1
2026-05-18,14512,109,9,313.2
2026-05-25,14512,109,9,286.3
2026-05-25,14513,109,7,170.1
2026-06-01,14513,109,7,138.1
2026-06-08,14513,109,7,106.2
2026-06-15,14513,109,7,74.3
2026-06-15,14514,109,9,394.0
2026-06-22,14514,109,9,358.9
2026-06-29,14514,109,9,323.9
2024-07-22,14515,109,10,323.8
2024-07-29,14515,109,10,260.6
2024-08-05,14515,109,10,197.4
2024-08-12,14515,109,10,134.2
2024-08-12,14516,109,10,373.6
2024-08-19,14516,109,10,278.2
2024-08-26,14516,109,10,182.7
2024-09-02,14516,109,10,87.3
2024-08-26,14517,109,10,457.9
2024-09-02,14517,109,10,346.9
2024-09-09,14517,109,10,235.8
2024-09-16,14517,109,10,124.8
2024-09-23,14517,109,10,13.7
2024-09-30,14518,109,10,56.9
2024-10-07,14518,109,10,49.7
2024-10-14,14518,109,10,42.6
2024-10-21,14518,109,10,35.4
2024-10-28,14519,109,10,165.7
2024-11-04,14519,109,10,136.5
2024-11-11,14519,109,10,107.2
2024-11-18,14519,109,10,77.9
2024-11-25,14519,109,10,48.6
2024-11-25,14520,109,10,522.3
2024-12-02,14520,109,10,381.7
2024-12-09,14520,109,10,241.0
2024-12-16,14520,109,10,100.3
2024-12-23,14520,109,10,0.0
2024-12-23,14521,109,10,60.4
2024-12-30,14521,109,10,55.7
2025-01-06,14521,109,10,51.1
2025-01-13,14521,109,10,46.4
2025-01-20,14521,109,10,41.8
2025-01-13,14522,109,10,280.0
2025-01-20,14522,109,10,251.1
2025-01-27,14522,109,10,222.1
2025-02-03,14522,109,10,193.1
2025-02-10,14523,109,10,364.9
2025-02-17,14523,109,10,281.9
2025-02-24,14523,109,10,198.8
2025-03-03,14523,109,10,115.7
2025-03-10,14523,109,10,32.6
2025-02-17,14524,109,10,565.6
2025-02-24,14524,109,10,517.3
2025-03-03,14524,109,10,468.9
2025-03-10,14524,109,10,420.5
2025-03-17,14524,109,10,372.1
2025-04-07,14525,109,10,153.7
2025-04-14,14525,109,10,137.3
2025-04-21,14525,109,10,121.0
2025-04-28,14525,109,10,104.7
2025-04-28,14526,109,10,99.5
2025-05-05,14526,109,10,90.9
2025-05-12,14526,109,10,82.4
2025-05-19,14526,109,10,73.8
2025-05-26,14526,109,10,65.3
2025-05-12,14527,109,10,85.0
2025-05-19,14527,109,10,74.0
2025-05-26,14527,109,10,63.1
2025-06-02,14527,109,10,52.1
2025-06-09,14527,109,10,41.1
2025-06-09,14528,109,10,364.4
2025-06-16,14528,109,10,304.9
2025-06-23,14528,109,10,245.3
2025-06-30,14528,109,10,185.7
2025-07-07,14528,109,10,126.2
2025-06-30,14529,109,10,789.3
2025-07-07,14529,109,10,701.6
2025-07-14,14529,109,10,613.9
2025-07-21,14529,109,10,526.1
2025-07-28,14529,109,10,438.4
2025-07-21,14530,109,10,807.4
2025-07-28,14530,109,10,750.8
2025-08-04,14530,109,10,694.2
2025-08-11,14530,109,10,637.5
2025-08-18,14530,109,10,580.9
2025-08-25,14531,109,10,257.3
2025-09-01,14531,109,10,238.6
2025-09-08,14531,109,10,219.9
2025-09-15,14531,109,10,201.2
2025-09-22,14532,109,10,520.7
2025-09-29,14532,109,10,452.3
2025-10-06,14532,109,10,384.0
2025-10-13,14532,109,10,315.6
2025-10-20,14532,109,10,247.3
2025-10-20,14533,109,10,252.7
2025-10-27,14533,109,10,231.3
2025-11-03,14533,109,10,210.0
2025-11-10,14533,109,10,188.6
2025-11-17,14533,109,10,167.3
2025-11-03,14534,109,10,214.5
2025-11-10,14534,109,10,197.0
2025-11-17,14534,109,10,179.5
2025-11-24,14534,109,10,162.0
2025-12-01,14534,109,10,144.5
2025-11-17,14535,109,10,55.8
2025-11-24,14535,109,10,44.5
2025-12-01,14535,109,10,33.3
2025-12-08,14535,109,10,22.0
2025-12-15,14535,109,10,10.8
2025-12-29,14536,109,10,764.3
2026-01-05,14536,109,10,685.6
2026-01-12,14536,109,10,606.8
2026-01-19,14536,109,10,528.1
2026-01-26,14536,109,10,449.4
2026-01-12,14537,109,10,593.2
2026-01-19,14537,109,10,430.4
2026-01-26,14537,109,10,267.7
2026-02-02,14537,109,10,104.9
2026-02-09,14537,109,10,0.0
2026-02-02,14538,109,10,457.0
2026-02-09,14538,109,10,412.0
2026-02-16,14538,109,10,367.0
2026-02-23,14538,109,10,322.0
2026-03-02,14538,109,10,277.0
2026-03-23,14539,109,10,531.9
2026-03-30,14539,109,10,490.7
2026-04-06,14539,109,10,449.6
2026-04-13,14539,109,10,408.5
2026-04-13,14540,109,10,314.2
2026-04-20,14540,109,10,237.5
2026-04-27,14540,109,10,160.7
2026-05-04,14540,109,10,83.9
2026-05-11,14541,109,10,671.9
2026-05-18,14541,109,10,546.7
2026-05-25,14541,109,10,421.6
2026-06-01,14541,109,10,296.4
2026-06-01,14542,109,10,362.0
2026-06-08,14542,109,10,288.9
2026-06-15,14542,109,10,215.9
2026-06-22,14542,109,10,142.8
2026-06-29,14542,109,10,69.8
2026-06-29,14543,109,10,391.7
2024-10-07,14544,110,2,764.9
2024-10-14,14544,110,2,697.7
2024-10-21,14544,110,2,630.6
2024-10-28,14544,110,2,563.5
2024-11-04,14544,110,2,496.3
2024-11-11,14544,110,2,429.2
2024-11-18,14544,110,2,362.1
2024-11-25,14544,110,2,295.0
2024-12-02,14544,110,2,227.8
2024-12-09,14544,110,2,160.7
2024-12-16,14544,110,2,93.6
2024-12-23,14544,110,2,26.4
2024-12-30,14544,110,2,0.0
2025-02-10,14545,110,1,135.9
2025-02-17,14545,110,1,121.8
2025-02-24,14545,110,1,107.7
2025-03-03,14545,110,1,93.6
2025-03-10,14545,110,1,79.5
2025-03-17,14545,110,1,65.4
2025-03-24,14545,110,1,51.3
2025-03-31,14545,110,1,37.2
2025-04-07,14545,110,1,23.1
2025-04-14,14545,110,1,9.0
2025-04-21,14545,110,1,0.0
2025-04-07,14546,110,1,716.1
2025-04-14,14546,110,1,538.1
2025-04-21,14546,110,1,360.2
2025-04-28,14546,110,1,182.3
2025-05-05,14546,110,1,4.3
2025-05-12,14546,110,1,0.0
2025-08-11,14547,110,2,1018.4
2025-08-18,14547,110,2,846.7
2025-08-25,14547,110,2,675.1
2025-09-01,14547,110,2,503.4
2025-09-08,14547,110,2,331.8
2025-09-15,14547,110,2,160.1
2025-09-22,14547,110,2,0.0
2026-01-12,14548,110,1,348.0
2026-01-19,14548,110,1,250.0
2026-01-26,14548,110,1,152.0
2026-02-02,14548,110,1,54.0
2026-02-09,14548,110,1,0.0
2026-05-18,14549,110,6,744.9
2026-05-25,14549,110,6,536.8
2026-06-01,14549,110,6,328.7
2026-06-08,14549,110,6,120.6
2026-06-15,14549,110,6,0.0
2024-09-16,14550,111,1,365.3
2024-09-23,14550,111,1,274.6
2024-09-30,14550,111,1,183.9
2024-10-07,14550,111,1,93.2
2024-10-14,14550,111,1,2.4
2024-10-21,14550,111,1,0.0
2025-01-13,14551,111,6,249.0
2025-01-20,14551,111,6,198.0
2025-01-27,14551,111,6,147.0
2025-02-03,14551,111,6,96.0
2025-02-10,14551,111,6,45.0
2025-02-17,14551,111,6,0.0
2025-05-26,14552,111,1,574.7
2025-06-02,14552,111,1,449.3
2025-06-09,14552,111,1,324.0
2025-06-16,14552,111,1,198.6
2025-06-23,14552,111,1,73.3
2025-06-30,14552,111,1,0.0
2025-07-21,14553,111,6,655.6
2025-07-28,14553,111,6,516.2
2025-08-04,14553,111,6,376.8
2025-08-11,14553,111,6,237.4
2025-08-18,14553,111,6,98.0
2025-08-25,14553,111,6,0.0
2026-01-05,14554,111,1,230.2
2026-01-12,14554,111,1,198.5
2026-01-19,14554,111,1,166.7
2026-01-26,14554,111,1,134.9
2026-02-02,14554,111,1,103.2
2026-02-09,14554,111,1,71.4
2026-02-16,14554,111,1,39.6
2026-02-23,14554,111,1,7.9
2026-03-02,14554,111,1,0.0
2026-04-06,14555,111,1,452.2
2026-04-13,14555,111,1,372.4
2026-04-20,14555,111,1,292.6
2026-04-27,14555,111,1,212.8
2026-05-04,14555,111,1,133.0
2026-05-11,14555,111,1,53.2
2026-05-18,14555,111,1,0.0
2024-09-23,14556,112,1,189.9
2024-09-30,14556,112,1,168.8
2024-10-07,14556,112,1,147.7
2024-10-14,14556,112,1,126.6
2024-10-21,14556,112,1,105.5
2024-10-28,14556,112,1,84.4
2024-11-04,14556,112,1,63.4
2024-11-11,14556,112,1,42.3
2024-11-18,14556,112,1,21.2
2024-11-25,14556,112,1,0.1
2024-12-02,14556,112,1,0.0
2025-02-24,14557,112,4,727.5
2025-03-03,14557,112,4,591.1
2025-03-10,14557,112,4,454.6
2025-03-17,14557,112,4,318.1
2025-03-24,14557,112,4,181.6
2025-03-31,14557,112,4,45.2
2025-04-07,14557,112,4,0.0
2025-04-14,14558,112,4,404.6
2025-04-21,14558,112,4,305.2
2025-04-28,14558,112,4,205.8
2025-05-05,14558,112,4,106.3
2025-05-12,14558,112,4,6.9
2025-05-19,14558,112,4,0.0
2025-08-11,14559,112,7,871.6
2025-08-18,14559,112,7,671.3
2025-08-25,14559,112,7,470.9
2025-09-01,14559,112,7,270.6
2025-09-08,14559,112,7,70.2
2025-09-15,14559,112,7,0.0
2026-01-05,14560,112,1,466.2
2026-01-12,14560,112,1,427.4
2026-01-19,14560,112,1,388.5
2026-01-26,14560,112,1,349.7
2026-02-02,14560,112,1,310.9
2026-02-09,14560,112,1,272.1
2026-02-16,14560,112,1,233.3
2026-02-23,14560,112,1,194.4
2026-03-02,14560,112,1,155.6
2026-03-09,14560,112,1,116.8
2026-03-16,14560,112,1,78.0
2026-03-23,14560,112,1,39.2
2026-03-30,14560,112,1,0.3
2026-04-06,14560,112,1,0.0
2026-04-27,14561,112,1,1012.6
2026-05-04,14561,112,1,777.2
2026-05-11,14561,112,1,541.8
2026-05-18,14561,112,1,306.3
2026-05-25,14561,112,1,70.9
2026-06-01,14561,112,1,0.0
2024-10-21,14562,113,2,383.9
2024-10-28,14562,113,2,347.7
2024-11-04,14562,113,2,311.6
2024-11-11,14562,113,2,275.4
2024-11-18,14562,113,2,239.3
2024-11-25,14562,113,2,203.1
2024-12-02,14562,113,2,167.0
2024-12-09,14562,113,2,130.8
2024-12-16,14562,113,2,94.7
2024-12-23,14562,113,2,58.5
2024-12-30,14562,113,2,22.4
2025-01-06,14562,113,2,0.0
2024-11-04,14563,113,8,955.8
2024-11-11,14563,113,8,803.6
2024-11-18,14563,113,8,651.4
2024-11-25,14563,113,8,499.2
2024-12-02,14563,113,8,347.0
2024-12-09,14563,113,8,194.9
2024-12-16,14563,113,8,42.7
2024-12-23,14563,113,8,0.0
2025-05-19,14564,113,2,620.7
2025-05-26,14564,113,2,448.5
2025-06-02,14564,113,2,276.2
2025-06-09,14564,113,2,103.9
2025-06-16,14564,113,2,0.0
2025-10-13,14565,113,2,1171.8
2025-10-20,14565,113,2,1073.7
2025-10-27,14565,113,2,975.5
2025-11-03,14565,113,2,877.4
2025-11-10,14565,113,2,779.2
2025-11-17,14565,113,2,681.1
2025-11-24,14565,113,2,582.9
2025-12-01,14565,113,2,484.8
2025-12-08,14565,113,2,386.6
2025-12-15,14565,113,2,288.5
2025-12-22,14565,113,2,190.3
2025-12-29,14565,113,2,92.2
2026-01-05,14565,113,2,0.0
2026-01-05,14566,113,2,769.7
2026-01-12,14566,113,2,659.5
2026-01-19,14566,113,2,549.2
2026-01-26,14566,113,2,439.0
2026-02-02,14566,113,2,328.7
2026-02-09,14566,113,2,218.4
2026-02-16,14566,113,2,108.2
2026-02-23,14566,113,2,0.0
2026-06-29,14567,113,2,112.1
2024-08-12,14568,114,2,1097.2
2024-08-19,14568,114,2,1014.5
2024-08-26,14568,114,2,931.7
2024-09-02,14568,114,2,848.9
2024-09-09,14568,114,2,766.2
2024-09-16,14568,114,2,683.4
2024-09-23,14568,114,2,600.6
2024-09-30,14568,114,2,517.9
2024-10-07,14568,114,2,435.1
2024-10-14,14568,114,2,352.4
2024-10-21,14568,114,2,269.6
2024-10-28,14568,114,2,186.8
2024-11-04,14568,114,2,104.1
2024-11-11,14568,114,2,21.3
2024-11-18,14568,114,2,0.0
2025-02-17,14569,114,1,1163.7
2025-02-24,14569,114,1,1035.4
2025-03-03,14569,114,1,907.1
2025-03-10,14569,114,1,778.8
2025-03-17,14569,114,1,650.5
2025-03-24,14569,114,1,522.2
2025-03-31,14569,114,1,393.9
2025-04-07,14569,114,1,265.6
2025-04-14,14569,114,1,137.3
2025-04-21,14569,114,1,9.0
2025-04-28,14569,114,1,0.0
2025-03-03,14570,114,1,834.7
2025-03-10,14570,114,1,722.3
2025-03-17,14570,114,1,610.0
2025-03-24,14570,114,1,497.6
2025-03-31,14570,114,1,385.3
2025-04-07,14570,114,1,273.0
2025-04-14,14570,114,1,160.6
2025-04-21,14570,114,1,48.3
2025-04-28,14570,114,1,0.0
2025-10-13,14571,114,1,610.5
2025-10-20,14571,114,1,561.9
2025-10-27,14571,114,1,513.4
2025-11-03,14571,114,1,464.8
2025-11-10,14571,114,1,416.3
2025-11-17,14571,114,1,367.7
2025-11-24,14571,114,1,319.2
2025-12-01,14571,114,1,270.6
2025-12-08,14571,114,1,222.1
2025-12-15,14571,114,1,173.5
2025-12-22,14571,114,1,125.0
2025-12-29,14571,114,1,76.5
2026-01-05,14571,114,1,27.9
2026-01-12,14571,114,1,0.0
2025-11-10,14572,114,1,615.0
2025-11-17,14572,114,1,528.0
2025-11-24,14572,114,1,441.0
2025-12-01,14572,114,1,354.0
2025-12-08,14572,114,1,267.0
2025-12-15,14572,114,1,180.0
2025-12-22,14572,114,1,93.0
2025-12-29,14572,114,1,6.0
2026-01-05,14572,114,1,0.0
2026-06-01,14573,114,2,441.1
2026-06-08,14573,114,2,358.2
2026-06-15,14573,114,2,275.3
2026-06-22,14573,114,2,192.3
2026-06-29,14573,114,2,109.4
2024-07-08,14574,115,1,157.4
2024-07-15,14574,115,1,0.0
2024-07-22,14575,115,3,197.5
2024-07-29,14575,115,3,58.0
2024-08-05,14576,115,3,188.0
2024-08-12,14576,115,3,88.0
2024-08-12,14577,115,3,487.7
2024-08-19,14577,115,3,304.4
2024-08-26,14578,115,1,155.4
2024-09-02,14578,115,1,99.7
2024-09-02,14579,115,1,184.5
2024-09-09,14579,115,1,42.9
2024-09-16,14580,115,3,102.2
2024-09-23,14580,115,3,31.5
2024-09-23,14581,115,3,69.4
2024-09-30,14581,115,3,28.8
2024-10-07,14582,115,1,253.9
2024-10-14,14582,115,1,0.0
2024-10-21,14583,115,3,542.0
2024-10-28,14583,115,3,190.0
2024-10-28,14584,115,1,74.3
2024-11-04,14584,115,1,41.5
2024-11-11,14585,115,1,232.7
2024-11-18,14585,115,1,83.4
2024-11-25,14586,115,3,521.1
2024-12-02,14586,115,3,274.2
2024-12-09,14587,115,3,203.0
2024-12-16,14587,115,3,0.0
2024-12-09,14588,115,1,465.3
2024-12-16,14588,115,1,143.6
2024-12-23,14589,115,3,268.4
2024-12-30,14589,115,3,122.9
2025-01-06,14590,115,1,430.5
2025-01-13,14590,115,1,0.0
2025-01-20,14591,115,1,136.8
2025-01-27,14591,115,1,57.7
2025-02-03,14592,115,1,80.9
2025-02-10,14593,115,1,494.8
2025-02-17,14593,115,1,133.6
2025-02-17,14594,115,1,157.3
2025-02-24,14594,115,1,99.5
2025-03-03,14594,115,1,41.8
2025-02-24,14595,115,1,42.1
2025-03-03,14595,115,1,4.1
2025-03-17,14596,115,1,312.2
2025-03-24,14596,115,1,129.4
2025-03-24,14597,115,1,386.6
2025-03-31,14597,115,1,223.2
2025-03-31,14598,115,3,191.7
2025-04-07,14598,115,3,63.4
2025-04-07,14599,115,3,81.8
2025-04-14,14599,115,3,34.7
2025-04-28,14600,115,3,227.8
2025-05-05,14600,115,3,26.7
2025-04-28,14601,115,3,140.6
2025-05-05,14601,115,3,77.2
2025-05-12,14602,115,3,308.8
2025-05-19,14602,115,3,0.0
2025-06-02,14603,115,1,356.9
2025-06-02,14604,115,1,417.1
2025-06-09,14604,115,1,58.2
2025-06-16,14605,115,3,344.8
2025-06-23,14605,115,3,134.5
2025-06-30,14606,115,1,65.6
2025-07-07,14606,115,1,31.2
2025-07-07,14607,115,3,407.2
2025-07-14,14607,115,3,0.0
2025-07-21,14608,115,3,353.8
2025-07-28,14608,115,3,70.6
2025-07-28,14609,115,3,308.0
2025-08-04,14609,115,3,0.0
2025-08-18,14610,115,3,34.2
2025-08-25,14611,115,3,71.9
2025-09-01,14611,115,3,46.8
2025-09-01,14612,115,3,451.7
2025-09-08,14612,115,3,30.4
2025-09-15,14613,115,1,225.9
2025-09-22,14613,115,1,126.7
2025-09-29,14614,115,3,147.0
2025-10-06,14615,115,1,555.3
2025-10-13,14615,115,1,289.7
2025-10-20,14616,115,3,412.0
2025-10-27,14616,115,3,211.9
2025-10-20,14617,115,1,212.4
2025-10-27,14617,115,1,0.0
2025-11-10,14618,115,1,186.3
2025-11-17,14618,115,1,109.6
2025-11-17,14619,115,1,455.4
2025-11-24,14619,115,1,233.8
2025-12-01,14620,115,1,77.7
2025-12-08,14620,115,1,4.4
2025-12-08,14621,115,3,371.7
2025-12-15,14621,115,3,126.4
2025-12-15,14622,115,3,99.9
2025-12-22,14622,115,3,45.8
2025-12-29,14623,115,3,351.4
2026-01-05,14623,115,3,60.8
2026-01-19,14624,115,3,122.1
2026-01-26,14624,115,3,2.1
2026-01-26,14625,115,1,82.8
2026-02-02,14625,115,1,47.6
2026-02-02,14626,115,3,295.6
2026-02-09,14626,115,3,173.1
2026-02-16,14627,115,1,452.8
2026-02-23,14627,115,1,240.7
2026-03-02,14628,115,3,357.5
2026-03-09,14629,115,1,370.5
2026-03-16,14629,115,1,198.0
2026-03-23,14630,115,1,151.4
2026-03-30,14630,115,1,77.8
2026-03-30,14631,115,3,222.8
2026-04-06,14631,115,3,49.5
2026-04-06,14632,115,1,211.5
2026-04-13,14632,115,1,55.9
2026-04-20,14633,115,1,481.6
2026-04-27,14633,115,1,140.1
2026-05-04,14634,115,3,158.3
2026-05-11,14634,115,3,21.7
2026-05-11,14635,115,1,378.5
2026-05-18,14635,115,1,211.1
2026-05-25,14636,115,1,468.9
2026-06-01,14636,115,1,143.9
2026-06-01,14637,115,1,451.1
2026-06-08,14637,115,1,224.1
2026-06-15,14638,115,3,153.7
2026-06-22,14638,115,3,0.0
2026-06-29,14639,115,1,147.7
2024-07-15,14640,115,4,282.6
2024-07-22,14640,115,4,46.1
2024-07-15,14641,115,4,389.5
2024-07-22,14641,115,4,208.9
2024-08-05,14642,115,4,254.1
2024-08-12,14642,115,4,83.2
2024-08-12,14643,115,4,59.4
2024-08-19,14643,115,4,0.0
2024-08-19,14644,115,4,297.8
2024-08-26,14644,115,4,0.0
2024-09-09,14645,115,4,131.1
2024-09-16,14645,115,4,11.1
2024-09-23,14646,115,4,269.5
2024-09-30,14646,115,4,0.0
2024-09-23,14647,115,4,216.1
2024-09-30,14647,115,4,0.0
2024-10-07,14648,115,4,434.0
2024-10-14,14648,115,4,44.9
2024-10-14,14649,115,4,220.3
2024-10-21,14649,115,4,25.6
2024-10-28,14650,115,4,475.3
2024-11-04,14650,115,4,197.7
2024-11-11,14650,115,4,0.0
2024-11-11,14651,115,4,454.5
2024-11-18,14651,115,4,290.0
2024-11-18,14652,115,4,97.8
2024-11-25,14652,115,4,0.0
2024-12-02,14653,115,4,311.2
2024-12-09,14653,115,4,0.0
2024-12-09,14654,115,4,535.5
2024-12-16,14654,115,4,256.1
2024-12-23,14655,115,4,615.7
2024-12-30,14655,115,4,375.5
2024-12-30,14656,115,4,354.6
2025-01-06,14656,115,4,184.3
2025-01-13,14657,115,4,531.4
2025-01-20,14657,115,4,321.8
2025-01-27,14658,115,4,114.9
2025-02-03,14658,115,4,71.8
2025-02-03,14659,115,4,58.9
2025-02-10,14659,115,4,5.8
2025-02-17,14660,115,4,393.2
2025-02-24,14660,115,4,10.3
2025-02-24,14661,115,4,120.9
2025-03-03,14661,115,4,59.8
2025-03-10,14662,115,4,80.5
2025-03-17,14662,115,4,52.0
2025-03-24,14663,115,4,200.6
2025-03-31,14663,115,4,16.3
2025-04-07,14664,115,4,262.4
2025-04-14,14664,115,4,171.8
2025-04-14,14665,115,4,257.5
2025-04-21,14665,115,4,110.9
2025-04-28,14666,115,4,192.5
2025-05-05,14666,115,4,91.1
2025-05-05,14667,115,4,564.1
2025-05-12,14667,115,4,290.1
2025-05-12,14668,115,4,161.3
2025-05-19,14668,115,4,0.0
2025-05-19,14669,115,4,562.8
2025-05-26,14669,115,4,293.6
2025-06-09,14670,115,4,475.9
2025-06-23,14671,115,4,629.9
2025-06-30,14672,115,4,165.1
2025-07-07,14672,115,4,64.2
2025-07-07,14673,115,4,261.3
2025-07-14,14673,115,4,65.6
2025-07-21,14674,115,4,118.5
2025-07-28,14674,115,4,42.0
2025-07-28,14675,115,4,36.3
2025-08-04,14675,115,4,0.0
2025-08-04,14676,115,4,36.7
2025-08-11,14676,115,4,0.0
2025-08-18,14677,115,4,415.1
2025-08-25,14677,115,4,248.2
2025-09-08,14678,115,4,165.4
2025-09-15,14678,115,4,109.7
2025-09-15,14679,115,4,401.7
2025-09-22,14679,115,4,242.3
2025-09-29,14680,115,4,150.6
2025-10-06,14680,115,4,0.0
2025-10-06,14681,115,4,494.6
2025-10-13,14681,115,4,181.2
2025-10-13,14682,115,4,421.6
2025-10-20,14682,115,4,57.3
2025-10-27,14683,115,4,195.8
2025-11-03,14683,115,4,28.6
2025-11-10,14684,115,4,146.6
2025-11-17,14684,115,4,70.2
2025-11-10,14685,115,4,455.4
2025-11-17,14685,115,4,116.7
2025-11-24,14685,115,4,0.0
2025-11-24,14686,115,4,411.5
2025-12-01,14686,115,4,0.0
2025-12-08,14687,115,4,178.5
2025-12-15,14687,115,4,35.0
2025-12-22,14688,115,4,67.6
2025-12-29,14688,115,4,21.1
2025-12-29,14689,115,4,205.4
2026-01-05,14689,115,4,112.8
2026-01-12,14689,115,4,20.1
2026-01-05,14690,115,4,574.9
2026-01-12,14690,115,4,317.8
2026-01-26,14691,115,4,130.1
2026-02-02,14691,115,4,78.2
2026-02-02,14692,115,4,185.1
2026-02-09,14692,115,4,98.3
2026-02-09,14693,115,4,355.6
2026-02-16,14693,115,4,235.3
2026-03-02,14694,115,4,536.0
2026-03-09,14694,115,4,344.0
2026-03-02,14695,115,4,537.1
2026-03-09,14695,115,4,314.2
2026-03-16,14695,115,4,91.4
2026-03-16,14696,115,4,236.6
2026-03-23,14696,115,4,127.2
2026-03-30,14697,115,4,267.4
2026-04-06,14697,115,4,0.8
2026-04-06,14698,115,4,385.4
2026-04-13,14698,115,4,0.0
2026-04-13,14699,115,4,217.2
2026-04-20,14699,115,4,129.4
2026-04-27,14700,115,4,404.9
2026-05-04,14700,115,4,253.7
2026-05-11,14701,115,4,222.1
2026-05-18,14701,115,4,113.2
2026-05-25,14702,115,4,369.8
2026-06-01,14702,115,4,210.6
2026-06-01,14703,115,4,436.7
2026-06-08,14703,115,4,179.3
2026-06-15,14704,115,4,223.6
2026-06-22,14704,115,4,0.0
2026-06-29,14705,115,4,88.1
2024-07-08,14707,115,5,296.4
2024-07-15,14707,115,5,44.7
2024-07-22,14707,115,5,0.0
2024-07-29,14708,115,5,314.8
2024-08-05,14708,115,5,0.0
2024-07-29,14709,115,5,243.2
2024-08-05,14709,115,5,110.4
2024-08-19,14710,115,5,547.2
2024-08-26,14710,115,5,198.4
2024-08-19,14711,115,5,94.0
2024-08-26,14711,115,5,0.0
2024-09-02,14712,115,5,221.2
2024-09-09,14712,115,5,23.3
2024-09-16,14713,115,5,529.9
2024-09-23,14713,115,5,321.8
2024-09-30,14714,115,5,174.8
2024-10-07,14714,115,5,97.5
2024-10-07,14715,115,5,215.1
2024-10-14,14715,115,5,0.0
2024-10-21,14716,115,5,408.2
2024-10-28,14716,115,5,237.3
2024-11-04,14717,115,5,108.6
2024-11-11,14717,115,5,42.3
2024-11-11,14718,115,5,75.8
2024-11-18,14718,115,5,30.6
2024-11-25,14719,115,5,160.8
2024-12-02,14719,115,5,48.5
2024-12-02,14720,115,5,439.1
2024-12-16,14721,115,5,256.9
2024-12-23,14721,115,5,100.7
2024-12-30,14722,115,5,324.1
2025-01-06,14723,115,5,478.2
2025-01-13,14723,115,5,113.4
2025-01-13,14724,115,5,464.8
2025-01-20,14724,115,5,88.6
2025-01-27,14725,115,5,263.1
2025-02-03,14725,115,5,158.2
2025-01-27,14726,115,5,454.3
2025-02-03,14726,115,5,225.6
2025-02-10,14726,115,5,0.0
2025-02-17,14727,115,5,200.5
2025-02-24,14727,115,5,0.0
2025-02-24,14728,115,5,274.4
2025-03-03,14728,115,5,83.7
2025-03-10,14729,115,5,374.2
2025-03-17,14729,115,5,115.3
2025-03-24,14729,115,5,0.0
2025-03-24,14730,115,5,101.9
2025-03-31,14730,115,5,0.0
2025-03-31,14731,115,5,484.0
2025-04-07,14731,115,5,137.1
2025-04-07,14732,115,5,289.1
2025-04-14,14732,115,5,152.2
2025-04-28,14733,115,5,345.7
2025-05-05,14733,115,5,167.3
2025-05-05,14734,115,5,280.5
2025-05-12,14734,115,5,183.1
2025-05-19,14735,115,5,49.0
2025-05-26,14735,115,5,24.1
2025-05-26,14736,115,5,418.6
2025-06-02,14736,115,5,264.3
2025-06-02,14737,115,5,492.9
2025-06-09,14737,115,5,182.7
2025-06-16,14738,115,5,152.0
2025-06-23,14738,115,5,36.1
2025-06-30,14739,115,5,203.6
2025-07-07,14739,115,5,97.2
2025-07-07,14740,115,5,404.7
2025-07-14,14740,115,5,226.4
2025-07-14,14741,115,5,203.9
2025-07-21,14741,115,5,123.8
2025-07-28,14742,115,5,223.6
2025-08-04,14742,115,5,104.1
2025-08-11,14743,115,5,320.6
2025-08-18,14743,115,5,0.3
2025-08-25,14744,115,5,97.6
2025-09-01,14744,115,5,13.2
2025-09-01,14745,115,5,218.3
2025-09-15,14746,115,5,169.4
2025-09-22,14746,115,5,11.8
2025-09-22,14747,115,5,221.3
2025-09-29,14747,115,5,130.5
2025-10-06,14748,115,5,469.4
2025-10-13,14748,115,5,111.8
2025-10-13,14749,115,5,140.2
2025-10-20,14749,115,5,24.4
2025-10-27,14750,115,5,193.4
2025-11-03,14750,115,5,17.7
2025-11-03,14751,115,5,146.8
2025-11-10,14751,115,5,63.6
2025-11-17,14751,115,5,0.0
2025-11-17,14752,115,5,468.3
2025-11-24,14752,115,5,238.6
2025-12-01,14753,115,5,484.3
2025-12-08,14753,115,5,247.6
2025-12-08,14754,115,5,323.7
2025-12-15,14754,115,5,94.3
2025-12-15,14755,115,5,239.6
2025-12-22,14755,115,5,67.2
2026-01-05,14756,115,5,394.6
2026-01-12,14756,115,5,214.1
2026-01-12,14757,115,5,488.8
2026-01-19,14757,115,5,182.6
2026-01-26,14758,115,5,345.7
2026-02-02,14758,115,5,205.4
2026-02-02,14759,115,5,353.6
2026-02-09,14759,115,5,0.0
2026-02-16,14760,115,5,220.1
2026-02-23,14760,115,5,137.2
2026-02-23,14761,115,5,54.5
2026-03-02,14761,115,5,14.0
2026-03-09,14762,115,5,323.2
2026-03-16,14762,115,5,202.3
2026-03-23,14763,115,5,293.0
2026-03-30,14764,115,5,154.8
2026-04-06,14764,115,5,44.6
2026-04-13,14765,115,5,521.2
2026-04-20,14765,115,5,144.4
2026-04-20,14766,115,5,253.1
2026-04-27,14766,115,5,29.1
2026-04-27,14767,115,5,159.8
2026-05-04,14767,115,5,86.6
2026-05-11,14768,115,5,31.0
2026-05-18,14768,115,5,1.0
2026-05-25,14769,115,5,282.0
2026-06-01,14769,115,5,55.9
2026-06-08,14770,115,5,347.1
2026-06-15,14770,115,5,0.0
2026-06-15,14771,115,5,250.0
2026-06-22,14771,115,5,52.1
2026-06-29,14772,115,5,323.7
2024-07-15,14773,115,9,246.9
2024-07-22,14773,115,9,0.0
2024-07-22,14774,115,7,525.3
2024-07-29,14774,115,7,341.5
2024-08-05,14774,115,7,157.8
2024-07-29,14775,115,9,38.1
2024-08-05,14775,115,9,14.3
2024-08-12,14776,115,7,297.1
2024-08-19,14776,115,7,189.3
2024-08-19,14777,115,9,193.6
2024-08-26,14777,115,9,117.2
2024-09-02,14778,115,9,327.8
2024-09-09,14778,115,9,0.0
2024-09-16,14779,115,9,383.8
2024-09-23,14779,115,9,0.0
2024-09-23,14780,115,9,66.9
2024-09-30,14780,115,9,4.7
2024-09-30,14781,115,9,46.7
2024-10-07,14781,115,9,22.5
2024-10-14,14782,115,9,488.9
2024-10-21,14782,115,9,127.7
2024-10-28,14783,115,9,333.1
2024-11-04,14783,115,9,157.2
2024-11-11,14784,115,9,85.2
2024-11-18,14784,115,9,0.0
2024-11-25,14785,115,9,375.9
2024-12-02,14785,115,9,191.7
2024-12-02,14786,115,7,165.0
2024-12-09,14786,115,7,91.1
2024-12-09,14787,115,7,269.1
2024-12-16,14787,115,7,172.2
2024-12-23,14788,115,9,562.8
2024-12-30,14788,115,9,348.6
2025-01-06,14789,115,7,288.3
2025-01-13,14789,115,7,152.7
2025-01-13,14790,115,9,381.5
2025-01-20,14790,115,9,126.0
2025-02-03,14791,115,9,121.4
2025-02-10,14792,115,9,303.7
2025-02-17,14792,115,9,12.4
2025-02-10,14793,115,9,71.9
2025-02-17,14793,115,9,33.7
2025-03-03,14794,115,9,234.3
2025-03-10,14794,115,9,0.0
2025-03-10,14795,115,9,171.8
2025-03-17,14795,115,9,0.0
2025-03-24,14796,115,7,184.8
2025-03-31,14797,115,9,103.3
2025-04-07,14797,115,9,31.5
2025-04-14,14798,115,7,407.2
2025-04-21,14798,115,7,128.4
2025-04-28,14799,115,7,71.8
2025-05-05,14799,115,7,40.6
2025-04-28,14800,115,7,347.5
2025-05-05,14800,115,7,96.0
2025-05-12,14800,115,7,0.0
2025-05-19,14801,115,7,134.5
2025-05-26,14801,115,7,70.0
2025-05-19,14802,115,9,167.3
2025-05-26,14802,115,9,50.7
2025-06-02,14802,115,9,0.0
2025-06-09,14803,115,7,156.6
2025-06-16,14803,115,7,86.2
2025-06-23,14804,115,9,514.3
2025-06-30,14804,115,9,248.5
2025-06-30,14805,115,7,537.8
2025-07-07,14805,115,7,302.7
2025-07-14,14806,115,7,285.6
2025-07-21,14806,115,7,160.1
2025-07-21,14807,115,7,92.9
2025-07-28,14807,115,7,0.0
2025-07-28,14808,115,9,438.3
2025-08-04,14808,115,9,0.0
2025-08-11,14809,115,7,53.7
2025-08-18,14809,115,7,0.0
2025-08-18,14810,115,7,272.6
2025-08-25,14810,115,7,0.0
2025-09-01,14811,115,9,118.8
2025-09-15,14812,115,9,258.4
2025-09-22,14812,115,9,131.8
2025-09-22,14813,115,9,111.4
2025-09-29,14813,115,9,66.7
2025-10-06,14814,115,9,248.8
2025-10-20,14815,115,7,120.3
2025-10-27,14815,115,7,50.6
2025-10-20,14816,115,7,460.8
2025-10-27,14816,115,7,275.7
2025-11-10,14817,115,7,95.4
2025-11-17,14817,115,7,33.8
2025-11-24,14818,115,7,392.7
2025-12-01,14818,115,7,0.0
2025-12-08,14819,115,7,375.9
2025-12-08,14820,115,9,58.3
2025-12-15,14820,115,9,17.5
2025-12-29,14821,115,7,283.9
2026-01-05,14822,115,7,238.4
2026-01-12,14823,115,7,458.5
2026-01-19,14823,115,7,215.9
2026-01-26,14824,115,7,62.2
2026-02-02,14824,115,7,31.5
2026-02-09,14825,115,9,115.4
2026-02-16,14825,115,9,44.9
2026-02-16,14826,115,9,330.2
2026-02-23,14826,115,9,0.0
2026-02-23,14827,115,7,194.5
2026-03-02,14827,115,7,64.0
2026-03-09,14828,115,9,145.9
2026-03-16,14828,115,9,43.7
2026-03-16,14829,115,9,250.0
2026-03-23,14829,115,9,46.1
2026-03-30,14830,115,9,100.6
2026-04-06,14830,115,9,0.0
2026-04-06,14831,115,9,477.8
2026-04-13,14831,115,9,282.5
2026-04-20,14832,115,9,367.1
2026-04-27,14832,115,9,80.1
2026-04-27,14833,115,9,335.1
2026-05-04,14833,115,9,208.1
2026-05-18,14834,115,7,554.7
2026-05-25,14834,115,7,271.4
2026-06-01,14835,115,9,352.6
2026-06-08,14835,115,9,159.2
2026-06-01,14836,115,7,381.7
2026-06-08,14836,115,7,0.0
2026-06-15,14837,115,9,477.6
2026-06-22,14837,115,9,298.1
2026-06-29,14838,115,7,552.1
2024-07-08,14839,115,10,308.5
2024-07-15,14839,115,10,0.0
2024-07-22,14840,115,10,139.8
2024-07-29,14840,115,10,64.5
2024-08-05,14841,115,10,486.9
2024-08-12,14841,115,10,85.9
2024-08-19,14842,115,10,533.7
2024-08-19,14843,115,10,257.4
2024-08-26,14843,115,10,96.8
2024-09-02,14843,115,10,0.0
2024-09-02,14844,115,10,148.4
2024-09-09,14844,115,10,17.9
2024-09-16,14845,115,10,39.6
2024-09-23,14845,115,10,16.3
2024-09-23,14846,115,10,469.9
2024-09-30,14846,115,10,309.9
2024-10-07,14846,115,10,149.8
2024-10-07,14847,115,10,396.5
2024-10-14,14847,115,10,87.0
2024-10-14,14848,115,10,269.7
2024-10-21,14848,115,10,121.4
2024-11-04,14849,115,10,347.1
2024-11-11,14849,115,10,121.1
2024-11-04,14850,115,10,450.0
2024-11-11,14850,115,10,80.1
2024-11-18,14851,115,10,271.3
2024-11-25,14851,115,10,0.0
2024-11-25,14852,115,10,289.2
2024-12-02,14852,115,10,63.4
2024-12-09,14853,115,10,44.7
2024-12-16,14853,115,10,20.3
2024-12-23,14854,115,10,477.9
2024-12-30,14854,115,10,155.9
2025-01-06,14855,115,10,312.0
2025-01-13,14855,115,10,181.1
2025-01-13,14856,115,10,176.3
2025-01-20,14856,115,10,0.0
2025-01-20,14857,115,10,411.6
2025-01-27,14857,115,10,5.2
2025-02-10,14858,115,10,254.0
2025-02-17,14858,115,10,98.1
2025-02-24,14859,115,10,129.9
2025-03-03,14859,115,10,31.7
2025-03-03,14860,115,10,381.5
2025-03-10,14860,115,10,233.1
2025-03-10,14861,115,10,380.6
2025-03-17,14861,115,10,175.1
2025-03-17,14862,115,10,186.9
2025-03-24,14862,115,10,81.7
2025-03-31,14863,115,10,90.5
2025-04-07,14863,115,10,56.1
2025-04-14,14864,115,10,225.8
2025-04-21,14864,115,10,126.6
2025-04-21,14865,115,10,544.8
2025-04-28,14865,115,10,246.5
2025-05-05,14866,115,10,358.2
2025-05-12,14866,115,10,151.4
2025-05-12,14867,115,10,157.6
2025-05-19,14867,115,10,0.0
2025-05-26,14868,115,10,40.4
2025-06-02,14868,115,10,2.8
2025-06-02,14869,115,10,412.7
2025-06-09,14869,115,10,266.4
2025-06-16,14870,115,10,380.1
2025-06-23,14870,115,10,0.0
2025-06-23,14871,115,10,243.9
2025-06-30,14871,115,10,23.8
2025-07-14,14872,115,10,122.7
2025-07-21,14872,115,10,52.3
2025-07-21,14873,115,10,195.1
2025-07-28,14873,115,10,31.1
2025-07-28,14874,115,10,59.7
2025-08-04,14874,115,10,3.5
2025-08-18,14875,115,10,96.4
2025-08-25,14875,115,10,11.8
2025-08-25,14876,115,10,226.1
2025-09-01,14876,115,10,0.0
2025-09-01,14877,115,10,295.6
2025-09-08,14877,115,10,70.2
2025-09-15,14878,115,10,189.7
2025-09-29,14879,115,10,88.0
2025-10-06,14879,115,10,40.0
2025-10-06,14880,115,10,138.4
2025-10-13,14880,115,10,29.9
2025-10-20,14881,115,10,266.9
2025-10-27,14881,115,10,0.0
2025-10-27,14882,115,10,498.2
2025-11-03,14882,115,10,178.4
2025-11-10,14883,115,10,360.2
2025-11-17,14883,115,10,109.4
2025-11-17,14884,115,10,587.6
2025-11-24,14884,115,10,335.2
2025-11-24,14885,115,10,338.6
2025-12-01,14885,115,10,0.0
2025-12-08,14886,115,10,139.3
2025-12-15,14886,115,10,83.7
2025-12-22,14887,115,10,502.4
2025-12-29,14887,115,10,237.7
2026-01-05,14888,115,10,130.2
2026-01-12,14888,115,10,81.4
2026-01-05,14889,115,10,121.6
2026-01-12,14889,115,10,18.2
2026-01-19,14890,115,10,148.7
2026-01-26,14890,115,10,96.4
2026-02-02,14891,115,10,474.8
2026-02-09,14891,115,10,110.5
2026-02-16,14892,115,10,51.5
2026-02-23,14892,115,10,0.0
2026-02-23,14893,115,10,159.5
2026-03-02,14893,115,10,59.0
2026-03-09,14894,115,10,413.4
2026-03-16,14894,115,10,64.9
2026-03-16,14895,115,10,331.6
2026-03-23,14895,115,10,108.2
2026-03-30,14896,115,10,221.1
2026-04-06,14896,115,10,8.2
2026-04-06,14897,115,10,281.0
2026-04-13,14897,115,10,0.0
2026-04-27,14898,115,10,389.7
2026-05-04,14898,115,10,0.0
2026-04-27,14899,115,10,233.0
2026-05-04,14899,115,10,43.1
2026-05-11,14899,115,10,0.0
2026-05-04,14900,115,10,94.3
2026-05-11,14900,115,10,44.5
2026-05-18,14900,115,10,0.0
2026-05-25,14901,115,10,432.6
2026-06-01,14901,115,10,3.1
2026-06-01,14902,115,10,140.4
2026-06-08,14902,115,10,0.0
2026-06-15,14903,115,10,202.8
2026-06-22,14903,115,10,0.0
2026-06-22,14904,115,10,496.5
2026-06-29,14904,115,10,325.9
2024-07-22,14905,116,2,1174.7
2024-07-29,14905,116,2,1055.4
2024-08-05,14905,116,2,936.1
2024-08-12,14905,116,2,816.9
2024-08-19,14905,116,2,697.6
2024-08-26,14905,116,2,578.3
2024-09-02,14905,116,2,459.0
2024-09-09,14905,116,2,339.7
2024-09-16,14905,116,2,220.4
2024-09-23,14905,116,2,101.2
2024-09-30,14905,116,2,0.0
2024-12-30,14906,116,7,391.5
2025-01-06,14906,116,7,339.0
2025-01-13,14906,116,7,286.5
2025-01-20,14906,116,7,234.0
2025-01-27,14906,116,7,181.5
2025-02-03,14906,116,7,129.0
2025-02-10,14906,116,7,76.5
2025-02-17,14906,116,7,24.0
2025-02-24,14906,116,7,0.0
2025-03-31,14907,116,7,1101.1
2025-04-07,14907,116,7,860.3
2025-04-14,14907,116,7,619.4
2025-04-21,14907,116,7,378.6
2025-04-28,14907,116,7,137.7
2025-05-05,14907,116,7,0.0
2025-09-08,14908,116,2,440.3
2025-09-15,14908,116,2,383.6
2025-09-22,14908,116,2,326.8
2025-09-29,14908,116,2,270.1
2025-10-06,14908,116,2,213.4
2025-10-13,14908,116,2,156.7
2025-10-20,14908,116,2,100.0
2025-10-27,14908,116,2,43.2
2025-11-03,14908,116,2,0.0
2025-11-17,14909,116,7,1148.8
2025-11-24,14909,116,7,1038.5
2025-12-01,14909,116,7,928.3
2025-12-08,14909,116,7,818.0
2025-12-15,14909,116,7,707.8
2025-12-22,14909,116,7,597.6
2025-12-29,14909,116,7,487.3
2026-01-05,14909,116,7,377.1
2026-01-12,14909,116,7,266.8
2026-01-19,14909,116,7,156.6
2026-01-26,14909,116,7,46.4
2026-02-02,14909,116,7,0.0
2026-06-08,14910,116,2,626.4
2026-06-15,14910,116,2,475.9
2026-06-22,14910,116,2,325.3
2026-06-29,14910,116,2,174.8
2026-06-29,14911,116,7,501.7
2024-07-15,14912,117,4,911.9
2024-07-22,14912,117,4,671.9
2024-07-29,14912,117,4,431.8
2024-08-05,14912,117,4,191.8
2024-08-12,14912,117,4,0.0
2024-11-18,14913,117,4,577.3
2024-11-25,14913,117,4,439.5
2024-12-02,14913,117,4,301.8
2024-12-09,14913,117,4,164.0
2024-12-16,14913,117,4,26.3
2024-12-23,14913,117,4,0.0
2025-03-31,14914,117,6,714.0
2025-04-07,14914,117,6,526.0
2025-04-14,14914,117,6,337.9
2025-04-21,14914,117,6,149.9
2025-04-28,14914,117,6,0.0
2025-10-06,14915,117,7,1139.5
2025-10-13,14915,117,7,934.1
2025-10-20,14915,117,7,728.6
2025-10-27,14915,117,7,523.1
2025-11-03,14915,117,7,317.7
2025-11-10,14915,117,7,112.2
2025-11-17,14915,117,7,0.0
2025-11-24,14916,117,6,361.6
2025-12-01,14916,117,6,269.2
2025-12-08,14916,117,6,176.8
2025-12-15,14916,117,6,84.4
2025-12-22,14916,117,6,0.0
2026-05-04,14917,117,6,586.4
2026-05-11,14917,117,6,544.8
2026-05-18,14917,117,6,503.1
2026-05-25,14917,117,6,461.5
2026-06-01,14917,117,6,419.9
2026-06-08,14917,117,6,378.3
2026-06-15,14917,117,6,336.7
2026-06-22,14917,117,6,295.1
2026-06-29,14917,117,6,253.4
2024-07-08,14918,118,1,446.1
2024-07-15,14918,118,1,2.2
2024-07-22,14919,118,3,594.1
2024-07-29,14920,118,1,451.7
2024-07-29,14921,118,1,363.9
2024-08-05,14921,118,1,72.7
2024-08-12,14922,118,3,348.7
2024-08-26,14923,118,3,548.7
2024-08-26,14924,118,3,170.2
2024-09-02,14924,118,3,88.4
2024-09-02,14925,118,3,149.0
2024-09-09,14926,118,1,227.0
2024-09-23,14927,118,1,308.3
2024-09-30,14928,118,1,245.0
2024-09-30,14929,118,1,622.5
2024-10-07,14929,118,1,410.1
2024-10-14,14930,118,3,165.1
2024-10-21,14931,118,1,38.5
2024-10-28,14931,118,1,9.0
2024-10-28,14932,118,1,511.9
2024-11-04,14932,118,1,296.9
2024-11-04,14933,118,1,356.6
2024-11-11,14934,118,1,216.7
2024-11-18,14934,118,1,0.0
2024-11-25,14935,118,3,207.3
2024-12-02,14936,118,1,403.8
2024-12-09,14937,118,3,91.8
2024-12-16,14938,118,1,509.4
2024-12-23,14939,118,1,477.0
2025-01-06,14940,118,1,421.0
2025-01-06,14941,118,1,206.4
2025-01-13,14941,118,1,37.8
2025-01-20,14942,118,1,295.5
2025-01-27,14942,118,1,82.0
2025-01-27,14943,118,1,77.8
2025-02-03,14944,118,3,443.6
2025-02-10,14944,118,3,263.3
2025-02-10,14945,118,3,358.2
2025-02-24,14946,118,3,262.8
2025-02-24,14947,118,3,650.6
2025-03-03,14947,118,3,403.3
2025-03-03,14948,118,3,466.5
2025-03-10,14948,118,3,164.1
2025-03-17,14949,118,1,204.4
2025-03-17,14950,118,3,305.5
2025-03-24,14950,118,3,12.9
2025-03-31,14951,118,1,281.7
2025-04-07,14951,118,1,26.4
2025-04-07,14952,118,1,387.2
2025-04-21,14953,118,1,278.3
2025-04-21,14954,118,1,288.9
2025-04-28,14954,118,1,174.8
2025-04-28,14955,118,1,61.7
2025-05-05,14955,118,1,23.4
2025-05-12,14956,118,1,260.2
2025-05-19,14956,118,1,68.4
2025-05-19,14957,118,3,464.5
2025-05-26,14958,118,1,388.2
2025-06-02,14958,118,1,225.3
2025-06-02,14959,118,3,49.8
2025-06-09,14959,118,3,6.7
2025-06-09,14960,118,3,371.0
2025-06-16,14961,118,3,389.7
2025-06-30,14962,118,3,82.8
2025-07-07,14963,118,3,156.0
2025-07-14,14963,118,3,52.1
2025-07-14,14964,118,1,365.8
2025-07-21,14965,118,3,281.3
2025-07-28,14965,118,3,63.6
2025-07-28,14966,118,3,238.5
2025-08-04,14967,118,3,405.5
2025-08-18,14968,118,1,342.5
2025-08-18,14969,118,3,253.7
2025-08-25,14970,118,3,237.7
2025-09-01,14970,118,3,0.0
2025-09-01,14971,118,1,388.2
2025-09-08,14971,118,1,122.4
2025-09-15,14972,118,1,242.9
2025-09-22,14972,118,1,0.0
2025-09-22,14973,118,3,410.0
2025-09-29,14973,118,3,57.0
2025-09-29,14974,118,3,245.1
2025-10-13,14975,118,1,436.3
2025-10-13,14976,118,1,324.4
2025-10-20,14976,118,1,115.7
2025-10-27,14977,118,1,239.4
2025-11-03,14978,118,1,295.6
2025-11-10,14979,118,3,207.0
2025-11-17,14979,118,3,0.0
2025-11-17,14980,118,1,161.2
2025-11-24,14981,118,1,484.9
2025-12-08,14982,118,3,225.3
2025-12-08,14983,118,1,361.3
2025-12-15,14983,118,1,141.5
2025-12-22,14984,118,3,357.6
2025-12-29,14984,118,3,172.2
2025-12-29,14985,118,3,280.5
2026-01-05,14985,118,3,0.0
2026-01-05,14986,118,1,255.3
2026-01-12,14987,118,3,456.4
2026-01-19,14987,118,3,242.8
2026-01-26,14988,118,3,188.2
2026-01-26,14989,118,1,92.2
2026-02-02,14989,118,1,42.5
2026-02-02,14990,118,3,124.4
2026-02-09,14990,118,3,13.7
2026-02-16,14991,118,3,127.0
2026-02-23,14992,118,1,535.3
2026-03-02,14992,118,1,340.6
2026-03-02,14993,118,3,523.2
2026-03-09,14994,118,1,117.0
2026-03-16,14994,118,1,0.0
2026-03-16,14995,118,1,102.1
2026-03-23,14995,118,1,27.3
2026-03-23,14996,118,3,344.3
2026-03-30,14997,118,1,389.7
2026-04-06,14997,118,1,140.4
2026-04-06,14998,118,1,429.7
2026-04-13,14998,118,1,134.3
2026-04-13,14999,118,1,315.6
2026-04-20,14999,118,1,53.1
2026-04-27,15000,118,3,355.7
2026-05-04,15001,118,3,496.7
2026-05-11,15002,118,3,208.3
2026-05-18,15002,118,3,0.0
2026-05-25,15003,118,3,289.4
2026-06-01,15004,118,1,400.5
2026-06-08,15005,118,1,88.7
2026-06-08,15006,118,3,56.8
2026-06-15,15006,118,3,25.6
2026-06-22,15007,118,3,267.7
2026-06-29,15008,118,3,600.3
2024-07-08,15009,118,4,174.5
2024-07-22,15010,118,4,143.7
2024-07-29,15011,118,4,274.7
2024-08-05,15012,118,4,302.7
2024-08-12,15013,118,4,282.4
2024-08-19,15013,118,4,15.7
2024-08-19,15014,118,4,281.4
2024-08-26,15015,118,4,180.2
2024-09-09,15016,118,4,478.4
2024-09-16,15017,118,4,384.0
2024-09-16,15018,118,4,371.9
2024-09-23,15019,118,4,201.2
2024-09-30,15019,118,4,52.5
2024-10-07,15020,118,4,194.6
2024-10-14,15020,118,4,11.1
2024-10-07,15021,118,4,245.0
2024-10-14,15021,118,4,117.0
2024-10-21,15022,118,4,466.2
2024-10-28,15022,118,4,264.3
2024-10-28,15023,118,4,111.1
2024-11-04,15023,118,4,60.2
2024-11-04,15024,118,4,127.2
2024-11-11,15025,118,4,189.2
2024-11-18,15025,118,4,103.4
2024-11-25,15026,118,4,477.4
2024-12-02,15027,118,4,228.3
2024-12-09,15027,118,4,51.7
2024-12-09,15028,118,4,320.1
2024-12-16,15028,118,4,145.3
2024-12-16,15029,118,4,101.3
2024-12-23,15030,118,4,301.2
2024-12-30,15030,118,4,112.3
2025-01-06,15031,118,4,481.7
2025-01-13,15032,118,4,269.6
2025-01-20,15033,118,4,45.0
2025-01-27,15034,118,4,317.6
2025-02-03,15035,118,4,262.7
2025-02-10,15036,118,4,460.2
2025-02-17,15037,118,4,369.6
2025-02-24,15037,118,4,221.2
2025-02-24,15038,118,4,475.6
2025-03-03,15038,118,4,193.3
2025-03-03,15039,118,4,41.6
2025-03-10,15039,118,4,21.3
2025-03-17,15040,118,4,279.4
2025-03-24,15041,118,4,337.7
2025-03-31,15042,118,4,325.0
2025-04-14,15043,118,4,405.8
2025-04-14,15044,118,4,36.8
2025-04-21,15044,118,4,0.0
2025-04-21,15045,118,4,441.1
2025-04-28,15045,118,4,219.3
2025-04-28,15046,118,4,269.0
2025-05-05,15046,118,4,63.9
2025-05-12,15047,118,4,357.5
2025-05-19,15048,118,4,79.7
2025-05-26,15049,118,4,86.2
2025-06-02,15049,118,4,0.0
2025-06-02,15050,118,4,94.9
2025-06-09,15051,118,4,173.6
2025-06-16,15052,118,4,195.9
2025-06-23,15052,118,4,18.7
2025-06-30,15053,118,4,509.1
2025-07-07,15054,118,4,270.0
2025-07-14,15054,118,4,103.0
2025-07-14,15055,118,4,382.0
2025-07-21,15055,118,4,125.1
2025-07-21,15056,118,4,353.1
2025-07-21,15057,118,4,99.9
2025-07-28,15057,118,4,24.8
2025-08-04,15058,118,4,316.5
2025-08-11,15058,118,4,0.0
2025-08-18,15059,118,4,271.4
2025-08-18,15060,118,4,196.3
2025-08-25,15060,118,4,115.6
2025-08-25,15061,118,4,44.8
2025-09-01,15061,118,4,16.7
2025-09-08,15062,118,4,263.9
2025-09-15,15063,118,4,170.4
2025-09-22,15064,118,4,538.7
2025-09-29,15064,118,4,347.3
2025-09-29,15065,118,4,282.1
2025-10-06,15066,118,4,340.5
2025-10-13,15066,118,4,129.9
2025-10-20,15067,118,4,538.2
2025-10-27,15068,118,4,59.7
2025-11-03,15069,118,4,348.7
2025-11-03,15070,118,4,371.4
2025-11-10,15070,118,4,0.0
2025-11-17,15071,118,4,483.3
2025-11-24,15072,118,4,271.5
2025-12-01,15073,118,4,441.0
2025-12-08,15073,118,4,101.0
2025-12-15,15074,118,4,477.6
2025-12-15,15075,118,4,192.5
2025-12-22,15075,118,4,75.1
2025-12-29,15076,118,4,101.6
2026-01-05,15077,118,4,542.7
2026-01-12,15078,118,4,367.3
2026-01-19,15079,118,4,89.6
2026-01-26,15079,118,4,58.2
2026-02-02,15080,118,4,417.3
2026-02-02,15081,118,4,297.9
2026-02-09,15081,118,4,161.7
2026-02-16,15082,118,4,270.5
2026-02-16,15083,118,4,199.4
2026-02-23,15083,118,4,39.8
2026-03-02,15084,118,4,355.8
2026-03-09,15085,118,4,396.1
2026-03-16,15085,118,4,229.3
2026-03-16,15086,118,4,179.3
2026-03-30,15087,118,4,466.8
2026-04-06,15088,118,4,372.4
2026-04-06,15089,118,4,350.0
2026-04-13,15089,118,4,93.0
2026-04-13,15090,118,4,194.6
2026-04-20,15090,118,4,75.2
2026-04-27,15091,118,4,147.1
2026-05-04,15092,118,4,351.3
2026-05-11,15093,118,4,410.1
2026-05-18,15093,118,4,72.1
2026-05-18,15094,118,4,80.6
2026-05-25,15094,118,4,35.2
2026-05-25,15095,118,4,375.0
2026-06-01,15095,118,4,174.9
2026-06-01,15096,118,4,486.7
2026-06-08,15096,118,4,323.4
2026-06-15,15097,118,4,43.4
2026-06-22,15098,118,4,69.5
2026-06-29,15099,118,4,45.5
2024-07-08,15100,118,5,434.5
2024-07-22,15101,118,5,145.6
2024-07-22,15102,118,5,377.5
2024-07-29,15102,118,5,80.0
2024-07-29,15103,118,5,455.7
2024-08-05,15103,118,5,226.4
2024-08-12,15104,118,5,173.0
2024-08-19,15105,118,5,426.7
2024-08-26,15106,118,5,299.6
2024-09-02,15106,118,5,46.1
2024-09-02,15107,118,5,255.1
2024-09-09,15108,118,5,571.8
2024-09-16,15109,118,5,124.8
2024-09-23,15109,118,5,3.5
2024-09-30,15110,118,5,155.3
2024-10-07,15111,118,5,110.7
2024-10-14,15112,118,5,238.4
2024-10-21,15113,118,5,350.8
2024-10-28,15113,118,5,0.0
2024-10-28,15114,118,5,620.1
2024-11-11,15115,118,5,134.8
2024-11-18,15116,118,5,199.5
2024-11-25,15117,118,5,78.8
2024-12-02,15118,118,5,30.5
2024-12-09,15118,118,5,1.0
2024-12-09,15119,118,5,311.6
2024-12-16,15120,118,5,211.4
2024-12-23,15120,118,5,92.7
2024-12-23,15121,118,5,173.8
2024-12-30,15122,118,5,515.8
2025-01-06,15122,118,5,191.6
2025-01-06,15123,118,5,469.4
2025-01-13,15123,118,5,252.8
2025-01-20,15124,118,5,186.2
2025-01-27,15125,118,5,110.2
2025-02-03,15126,118,5,148.9
2025-02-10,15127,118,5,160.8
2025-02-17,15127,118,5,52.6
2025-02-17,15128,118,5,155.2
2025-03-03,15129,118,5,493.1
2025-03-10,15130,118,5,265.3
2025-03-17,15131,118,5,645.2
2025-03-17,15132,118,5,613.9
2025-03-24,15132,118,5,369.8
2025-03-31,15133,118,5,503.3
2025-04-07,15134,118,5,166.2
2025-04-14,15135,118,5,339.4
2025-04-21,15135,118,5,104.8
2025-04-21,15136,118,5,608.7
2025-04-28,15136,118,5,337.3
2025-05-05,15137,118,5,73.5
2025-05-05,15138,118,5,83.3
2025-05-12,15138,118,5,25.5
2025-05-12,15139,118,5,163.2
2025-05-19,15139,118,5,0.0
2025-05-26,15140,118,5,316.0
2025-06-09,15141,118,5,258.0
2025-06-09,15142,118,5,229.7
2025-06-16,15143,118,5,342.0
2025-06-23,15143,118,5,0.0
2025-06-30,15144,118,5,135.8
2025-07-07,15145,118,5,246.7
2025-07-14,15146,118,5,576.0
2025-07-21,15146,118,5,318.1
2025-07-21,15147,118,5,81.3
2025-07-28,15148,118,5,36.8
2025-08-04,15149,118,5,244.1
2025-08-18,15150,118,5,309.9
2025-08-25,15151,118,5,254.2
2025-09-01,15152,118,5,419.5
2025-09-08,15152,118,5,236.0
2025-09-08,15153,118,5,62.1
2025-09-15,15154,118,5,179.9
2025-09-22,15154,118,5,30.9
2025-09-22,15155,118,5,539.8
2025-09-29,15155,118,5,286.5
2025-09-29,15156,118,5,256.2
2025-10-06,15157,118,5,313.3
2025-10-13,15158,118,5,638.5
2025-10-27,15159,118,5,269.6
2025-10-27,15160,118,5,507.0
2025-11-03,15160,118,5,322.9
2025-11-03,15161,118,5,185.6
2025-11-10,15161,118,5,28.1
2025-11-17,15162,118,5,50.1
2025-11-24,15163,118,5,383.8
2025-12-01,15163,118,5,246.5
2025-12-08,15164,118,5,159.4
2025-12-15,15165,118,5,120.0
2025-12-15,15166,118,5,185.6
2025-12-22,15166,118,5,58.1
2025-12-29,15167,118,5,344.5
2026-01-05,15168,118,5,253.1
2026-01-12,15168,118,5,96.1
2026-01-12,15169,118,5,296.5
2026-01-19,15170,118,5,308.2
2026-02-02,15171,118,5,482.7
2026-02-02,15172,118,5,483.0
2026-02-09,15172,118,5,185.0
2026-02-09,15173,118,5,266.5
2026-02-16,15173,118,5,0.0
2026-02-23,15174,118,5,144.1
2026-03-02,15175,118,5,65.5
2026-03-09,15175,118,5,7.1
2026-03-09,15176,118,5,125.8
2026-03-16,15177,118,5,347.0
2026-03-23,15178,118,5,137.6
2026-03-30,15178,118,5,47.3
2026-04-06,15179,118,5,61.4
2026-04-13,15180,118,5,141.9
2026-04-20,15181,118,5,411.4
2026-05-04,15182,118,5,306.6
2026-05-04,15183,118,5,163.7
2026-05-11,15184,118,5,189.6
2026-05-18,15185,118,5,549.4
2026-06-01,15186,118,5,428.5
2026-06-08,15187,118,5,351.4
2026-06-15,15188,118,5,136.2
2026-06-22,15188,118,5,18.4
2026-06-22,15189,118,5,434.8
2026-06-29,15190,118,5,204.9
2024-07-08,15192,118,9,414.1
2024-07-15,15193,118,7,393.6
2024-07-22,15193,118,7,152.3
2024-07-29,15194,118,9,432.8
2024-07-29,15195,118,9,507.2
2024-08-05,15195,118,9,293.3
2024-08-12,15196,118,7,36.7
2024-08-19,15197,118,7,532.7
2024-08-26,15197,118,7,322.4
2024-08-26,15198,118,9,178.1
2024-09-02,15198,118,9,107.3
2024-09-02,15199,118,9,389.2
2024-09-09,15199,118,9,28.5
2024-09-16,15200,118,7,356.3
2024-09-23,15201,118,7,54.8
2024-09-30,15202,118,7,70.5
2024-09-30,15203,118,7,457.8
2024-10-07,15203,118,7,231.7
2024-10-14,15204,118,9,424.9
2024-10-21,15204,118,9,14.8
2024-10-21,15205,118,9,129.5
2024-10-28,15206,118,9,134.4
2024-11-04,15207,118,9,151.6
2024-11-18,15208,118,7,384.6
2024-11-18,15209,118,9,236.4
2024-11-25,15209,118,9,103.8
2024-12-02,15210,118,7,434.6
2024-12-09,15210,118,7,100.1
2024-12-09,15211,118,7,548.3
2024-12-16,15212,118,7,418.3
2024-12-23,15212,118,7,32.7
2024-12-23,15213,118,9,485.7
2024-12-30,15213,118,9,91.3
2024-12-30,15214,118,9,371.9
2025-01-06,15214,118,9,125.9
2025-01-13,15215,118,9,280.9
2025-01-20,15216,118,9,491.6
2025-01-27,15217,118,7,440.9
2025-02-03,15218,118,9,461.8
2025-02-10,15218,118,9,138.7
2025-02-10,15219,118,9,112.7
2025-02-17,15219,118,9,0.0
2025-02-17,15220,118,7,200.6
2025-02-24,15220,118,7,80.2
2025-02-24,15221,118,9,549.3
2025-03-10,15222,118,9,75.2
2025-03-10,15223,118,9,116.0
2025-03-17,15223,118,9,47.0
2025-03-24,15224,118,9,466.9
2025-03-31,15225,118,9,84.9
2025-04-07,15225,118,9,20.7
2025-04-07,15226,118,9,265.7
2025-04-14,15227,118,7,183.6
2025-04-21,15228,118,9,52.0
2025-05-05,15229,118,7,174.3
2025-05-12,15230,118,7,159.3
2025-05-19,15231,118,7,290.6
2025-05-19,15232,118,9,91.1
2025-05-26,15232,118,9,39.2
2025-06-02,15233,118,7,259.5
2025-06-09,15234,118,7,368.7
2025-06-16,15234,118,7,125.3
2025-06-16,15235,118,9,451.3
2025-06-23,15235,118,9,87.6
2025-06-30,15236,118,9,245.8
2025-06-30,15237,118,7,192.0
2025-07-07,15237,118,7,24.1
2025-07-14,15238,118,9,341.6
2025-07-21,15239,118,9,398.7
2025-07-28,15239,118,9,2.4
2025-07-28,15240,118,7,134.0
2025-08-04,15241,118,9,99.4
2025-08-11,15241,118,9,42.8
2025-08-11,15242,118,7,415.0
2025-08-18,15242,118,7,129.0
2025-08-25,15243,118,7,465.1
2025-09-01,15244,118,7,414.0
2025-09-08,15244,118,7,0.0
2025-09-08,15245,118,7,507.4
2025-09-15,15246,118,9,412.1
2025-09-22,15246,118,9,191.2
2025-09-22,15247,118,9,150.1
2025-09-29,15247,118,9,75.2
2025-10-06,15248,118,9,262.7
2025-10-06,15249,118,7,400.4
2025-10-13,15249,118,7,0.0
2025-10-13,15250,118,7,375.6
2025-10-20,15250,118,7,194.3
2025-10-27,15251,118,9,410.8
2025-11-03,15252,118,9,243.8
2025-11-10,15252,118,9,103.7
2025-11-10,15253,118,9,104.4
2025-11-17,15254,118,7,503.6
2025-11-24,15255,118,9,242.7
2025-12-01,15255,118,9,147.4
2025-12-01,15256,118,7,98.1
2025-12-08,15256,118,7,44.3
2025-12-15,15257,118,7,498.1
2025-12-22,15258,118,7,146.0
2025-12-29,15259,118,7,644.5
2026-01-12,15260,118,7,356.9
2026-01-12,15261,118,7,557.1
2026-01-19,15261,118,7,326.1
2026-01-19,15262,118,9,267.0
2026-02-02,15263,118,7,122.1
2026-02-02,15264,118,7,181.3
2026-02-09,15264,118,7,0.0
2026-02-16,15265,118,9,236.1
2026-02-23,15266,118,7,416.5
2026-03-02,15266,118,7,0.0
2026-03-02,15267,118,9,280.0
2026-03-16,15268,118,9,119.5
2026-03-16,15269,118,7,233.4
2026-03-30,15270,118,7,307.2
2026-03-30,15271,118,7,497.4
2026-04-06,15271,118,7,304.8
2026-04-06,15272,118,9,38.3
2026-04-13,15272,118,9,3.6
2026-04-20,15273,118,9,340.1
2026-04-20,15274,118,9,360.8
2026-04-27,15274,118,9,152.6
2026-05-04,15275,118,9,71.6
2026-05-11,15276,118,9,371.4
2026-05-18,15277,118,9,501.7
2026-05-25,15277,118,9,321.4
2026-06-01,15278,118,7,168.0
2026-06-08,15279,118,9,335.6
2026-06-15,15280,118,7,385.8
2026-06-22,15280,118,7,256.7
2026-06-22,15281,118,9,387.7
2026-06-29,15282,118,9,364.6
2024-07-08,15283,118,10,129.9
2024-07-15,15283,118,10,51.8
2024-07-22,15284,118,10,278.6
2024-07-29,15285,118,10,209.1
2024-08-05,15286,118,10,214.0
2024-08-12,15287,118,10,283.4
2024-08-19,15288,118,10,562.7
2024-08-26,15289,118,10,169.7
2024-09-02,15289,118,10,69.4
2024-09-02,15290,118,10,326.8
2024-09-09,15290,118,10,0.0
2024-09-09,15291,118,10,184.8
2024-09-16,15291,118,10,109.6
2024-09-23,15292,118,10,36.6
2024-09-23,15293,118,10,40.8
2024-09-30,15293,118,10,21.7
2024-10-07,15294,118,10,246.2
2024-10-14,15294,118,10,6.4
2024-10-14,15295,118,10,440.7
2024-10-21,15295,118,10,145.4
2024-10-21,15296,118,10,185.5
2024-10-28,15297,118,10,380.2
2024-11-11,15298,118,10,314.7
2024-11-18,15299,118,10,549.6
2024-11-18,15300,118,10,44.7
2024-11-25,15300,118,10,0.0
2024-12-02,15301,118,10,199.3
2024-12-09,15302,118,10,131.1
2024-12-16,15303,118,10,166.6
2024-12-23,15303,118,10,0.0
2024-12-30,15304,118,10,147.9
2025-01-06,15305,118,10,135.0
2025-01-06,15306,118,10,220.4
2025-01-20,15307,118,10,35.9
2025-01-20,15308,118,10,472.0
2025-01-27,15308,118,10,284.9
2025-02-03,15309,118,10,45.3
2025-02-10,15309,118,10,14.5
2025-02-10,15310,118,10,228.4
2025-02-17,15310,118,10,143.9
2025-02-17,15311,118,10,273.3
2025-02-24,15312,118,10,404.2
2025-03-03,15312,118,10,228.3
2025-03-10,15313,118,10,275.7
2025-03-17,15314,118,10,182.4
2025-03-24,15315,118,10,115.4
2025-03-31,15316,118,10,359.7
2025-04-07,15316,118,10,0.0
2025-04-07,15317,118,10,183.2
2025-04-14,15318,118,10,219.6
2025-04-21,15318,118,10,48.2
2025-04-21,15319,118,10,292.7
2025-05-05,15320,118,10,119.4
2025-05-05,15321,118,10,451.6
2025-05-12,15321,118,10,245.2
2025-05-19,15322,118,10,242.3
2025-05-26,15322,118,10,0.0
2025-05-26,15323,118,10,379.8
2025-06-02,15324,118,10,78.3
2025-06-09,15325,118,10,312.7
2025-06-16,15326,118,10,212.8
2025-06-23,15327,118,10,131.3
2025-06-30,15327,118,10,70.5
2025-07-07,15328,118,10,92.2
2025-07-14,15329,118,10,520.4
2025-07-21,15330,118,10,323.9
2025-07-28,15330,118,10,66.9
2025-08-04,15331,118,10,505.8
2025-08-04,15332,118,10,114.9
2025-08-11,15333,118,10,123.9
2025-08-18,15333,118,10,0.0
2025-08-25,15334,118,10,165.6
2025-09-01,15335,118,10,252.5
2025-09-08,15336,118,10,35.6
2025-09-15,15336,118,10,10.2
2025-09-15,15337,118,10,147.1
2025-09-22,15337,118,10,17.2
2025-09-22,15338,118,10,166.2
2025-09-29,15338,118,10,88.4
2025-09-29,15339,118,10,81.1
2025-10-13,15340,118,10,70.1
2025-10-13,15341,118,10,198.5
2025-10-20,15342,118,10,242.5
2025-10-27,15342,118,10,120.0
2025-11-03,15343,118,10,420.1
2025-11-10,15343,118,10,254.2
2025-11-10,15344,118,10,203.3
2025-11-17,15344,118,10,0.0
2025-11-17,15345,118,10,92.9
2025-11-24,15346,118,10,375.2
2025-12-01,15347,118,10,524.5
2025-12-08,15348,118,10,139.9
2025-12-15,15348,118,10,39.8
2025-12-22,15349,118,10,328.0
2025-12-22,15350,118,10,94.1
2025-12-29,15350,118,10,21.1
2026-01-05,15351,118,10,380.4
2026-01-12,15352,118,10,374.4
2026-01-26,15353,118,10,349.9
2026-02-02,15354,118,10,214.3
2026-02-09,15355,118,10,272.2
2026-02-16,15356,118,10,533.0
2026-02-23,15357,118,10,275.6
2026-03-02,15358,118,10,480.3
2026-03-16,15359,118,10,467.1
2026-03-16,15360,118,10,657.4
2026-03-23,15360,118,10,436.8
2026-03-23,15361,118,10,573.4
2026-03-30,15361,118,10,319.8
2026-03-30,15362,118,10,355.8
2026-04-06,15362,118,10,195.6
2026-04-13,15363,118,10,565.2
2026-04-20,15364,118,10,68.1
2026-04-27,15365,118,10,243.2
2026-05-04,15365,118,10,0.0
2026-05-04,15366,118,10,35.4
2026-05-11,15367,118,10,160.7
2026-05-18,15368,118,10,205.3
2026-05-25,15369,118,10,250.4
2026-06-08,15370,118,10,61.1
2026-06-15,15371,118,10,489.1
2026-06-22,15371,118,10,190.2
2026-06-22,15372,118,10,494.0
2026-06-29,15373,118,10,54.7
2024-09-02,15374,119,2,820.8
2024-09-09,15374,119,2,755.7
2024-09-16,15374,119,2,690.5
2024-09-23,15374,119,2,625.4
2024-09-30,15374,119,2,560.2
2024-10-07,15374,119,2,495.0
2024-10-14,15374,119,2,429.9
2024-10-21,15374,119,2,364.7
2024-10-28,15374,119,2,299.5
2024-11-04,15374,119,2,234.4
2024-11-11,15374,119,2,169.2
2024-11-18,15374,119,2,104.1
2024-11-25,15374,119,2,38.9
2024-12-02,15374,119,2,0.0
2024-11-04,15375,119,2,1186.9
2024-11-11,15375,119,2,1044.9
2024-11-18,15375,119,2,902.8
2024-11-25,15375,119,2,760.7
2024-12-02,15375,119,2,618.7
2024-12-09,15375,119,2,476.6
2024-12-16,15375,119,2,334.5
2024-12-23,15375,119,2,192.5
2024-12-30,15375,119,2,50.4
2025-01-06,15375,119,2,0.0
2025-03-24,15376,119,2,1167.0
2025-03-31,15376,119,2,1008.0
2025-04-07,15376,119,2,849.0
2025-04-14,15376,119,2,690.1
2025-04-21,15376,119,2,531.1
2025-04-28,15376,119,2,372.1
2025-05-05,15376,119,2,213.1
2025-05-12,15376,119,2,54.1
2025-05-19,15376,119,2,0.0
2025-10-06,15377,119,2,525.2
2025-10-13,15377,119,2,470.3
2025-10-20,15377,119,2,415.5
2025-10-27,15377,119,2,360.6
2025-11-03,15377,119,2,305.8
2025-11-10,15377,119,2,250.9
2025-11-17,15377,119,2,196.1
2025-11-24,15377,119,2,141.3
2025-12-01,15377,119,2,86.4
2025-12-08,15377,119,2,31.6
2025-12-15,15377,119,2,0.0
2025-12-22,15378,119,2,656.4
2025-12-29,15378,119,2,592.8
2026-01-05,15378,119,2,529.2
2026-01-12,15378,119,2,465.6
2026-01-19,15378,119,2,402.0
2026-01-26,15378,119,2,338.5
2026-02-02,15378,119,2,274.9
2026-02-09,15378,119,2,211.3
2026-02-16,15378,119,2,147.7
2026-02-23,15378,119,2,84.1
2026-03-02,15378,119,2,20.5
2026-03-09,15378,119,2,0.0
2026-04-13,15379,119,1,977.3
2026-04-20,15379,119,1,833.5
2026-04-27,15379,119,1,689.8
2026-05-04,15379,119,1,546.1
2026-05-11,15379,119,1,402.3
2026-05-18,15379,119,1,258.6
2026-05-25,15379,119,1,114.8
2026-06-01,15379,119,1,0.0
2024-09-30,15380,120,2,806.1
2024-10-07,15380,120,2,611.2
2024-10-14,15380,120,2,416.3
2024-10-21,15380,120,2,221.4
2024-10-28,15380,120,2,26.5
2024-11-04,15380,120,2,0.0
2025-01-27,15381,120,2,1174.2
2025-02-03,15381,120,2,1073.4
2025-02-10,15381,120,2,972.6
2025-02-17,15381,120,2,871.9
2025-02-24,15381,120,2,771.1
2025-03-03,15381,120,2,670.3
2025-03-10,15381,120,2,569.5
2025-03-17,15381,120,2,468.7
2025-03-24,15381,120,2,367.9
2025-03-31,15381,120,2,267.1
2025-04-07,15381,120,2,166.3
2025-04-14,15381,120,2,65.6
2025-04-21,15381,120,2,0.0
2025-04-14,15382,120,2,584.1
2025-04-21,15382,120,2,522.2
2025-04-28,15382,120,2,460.3
2025-05-05,15382,120,2,398.4
2025-05-12,15382,120,2,336.5
2025-05-19,15382,120,2,274.6
2025-05-26,15382,120,2,212.6
2025-06-02,15382,120,2,150.7
2025-06-09,15382,120,2,88.8
2025-06-16,15382,120,2,26.9
2025-06-23,15382,120,2,0.0
2025-08-04,15383,120,6,227.0
2025-08-11,15383,120,6,203.0
2025-08-18,15383,120,6,179.0
2025-08-25,15383,120,6,155.1
2025-09-01,15383,120,6,131.1
2025-09-08,15383,120,6,107.1
2025-09-15,15383,120,6,83.1
2025-09-22,15383,120,6,59.1
2025-09-29,15383,120,6,35.1
2025-10-06,15383,120,6,11.1
2025-10-13,15383,120,6,0.0
2025-11-17,15384,120,1,585.3
2025-11-24,15384,120,1,492.6
2025-12-01,15384,120,1,399.9
2025-12-08,15384,120,1,307.3
2025-12-15,15384,120,1,214.6
2025-12-22,15384,120,1,121.9
2025-12-29,15384,120,1,29.2
2026-01-05,15384,120,1,0.0
2026-05-04,15385,120,1,628.8
2026-05-11,15385,120,1,486.6
2026-05-18,15385,120,1,344.4
2026-05-25,15385,120,1,202.3
2026-06-01,15385,120,1,60.1
2026-06-08,15385,120,1,0.0
2024-07-08,15386,121,8,1013.1
2024-07-15,15386,121,8,938.2
2024-07-22,15386,121,8,863.4
2024-07-29,15386,121,8,788.5
2024-08-05,15386,121,8,713.6
2024-08-12,15386,121,8,638.7
2024-08-19,15386,121,8,563.8
2024-08-26,15386,121,8,489.0
2024-09-02,15386,121,8,414.1
2024-09-09,15386,121,8,339.2
2024-09-16,15386,121,8,264.3
2024-09-23,15386,121,8,189.5
2024-09-30,15386,121,8,114.6
2024-10-07,15386,121,8,39.7
2024-10-14,15386,121,8,0.0
2025-02-03,15387,121,4,660.8
2025-02-10,15387,121,4,561.5
2025-02-17,15387,121,4,462.3
2025-02-24,15387,121,4,363.0
2025-03-03,15387,121,4,263.8
2025-03-10,15387,121,4,164.5
2025-03-17,15387,121,4,65.3
2025-03-24,15387,121,4,0.0
2025-04-07,15388,121,10,244.3
2025-04-14,15388,121,10,221.7
2025-04-21,15388,121,10,199.0
2025-04-28,15388,121,10,176.4
2025-05-05,15388,121,10,153.7
2025-05-12,15388,121,10,131.1
2025-05-19,15388,121,10,108.4
2025-05-26,15388,121,10,85.8
2025-06-02,15388,121,10,63.1
2025-06-09,15388,121,10,40.5
2025-06-16,15388,121,10,17.8
2025-06-23,15388,121,10,0.0
2025-07-21,15389,121,8,643.2
2025-07-28,15389,121,8,510.4
2025-08-04,15389,121,8,377.5
2025-08-11,15389,121,8,244.7
2025-08-18,15389,121,8,111.9
2025-08-25,15389,121,8,0.0
2025-11-10,15390,121,10,905.7
2025-11-17,15390,121,10,751.5
2025-11-24,15390,121,10,597.2
2025-12-01,15390,121,10,443.0
2025-12-08,15390,121,10,288.7
2025-12-15,15390,121,10,134.5
2025-12-22,15390,121,10,0.0
2026-03-23,15391,121,10,794.2
2026-03-30,15391,121,10,608.5
2026-04-06,15391,121,10,422.7
2026-04-13,15391,121,10,237.0
2026-04-20,15391,121,10,51.2
2026-04-27,15391,121,10,0.0
2024-07-15,15392,122,2,881.4
2024-07-22,15392,122,2,732.7
2024-07-29,15392,122,2,584.1
2024-08-05,15392,122,2,435.4
2024-08-12,15392,122,2,286.8
2024-08-19,15392,122,2,138.2
2024-08-26,15392,122,2,0.0
2024-11-11,15393,122,2,1103.6
2024-11-18,15393,122,2,940.1
2024-11-25,15393,122,2,776.7
2024-12-02,15393,122,2,613.3
2024-12-09,15393,122,2,449.8
2024-12-16,15393,122,2,286.4
2024-12-23,15393,122,2,123.0
2024-12-30,15393,122,2,0.0
2025-03-17,15394,122,6,769.2
2025-03-24,15394,122,6,602.5
2025-03-31,15394,122,6,435.7
2025-04-07,15394,122,6,269.0
2025-04-14,15394,122,6,102.2
2025-04-21,15394,122,6,0.0
2025-10-06,15395,122,2,270.1
2025-10-13,15395,122,2,216.3
2025-10-20,15395,122,2,162.4
2025-10-27,15395,122,2,108.5
2025-11-03,15395,122,2,54.7
2025-11-10,15395,122,2,0.8
2025-11-17,15395,122,2,0.0
2026-01-05,15396,122,1,179.1
2026-01-12,15396,122,1,141.2
2026-01-19,15396,122,1,103.2
2026-01-26,15396,122,1,65.3
2026-02-02,15396,122,1,27.4
2026-02-09,15396,122,1,0.0
2026-05-11,15397,122,1,286.8
2026-05-18,15397,122,1,221.6
2026-05-25,15397,122,1,156.3
2026-06-01,15397,122,1,91.1
2026-06-08,15397,122,1,25.9
2026-06-15,15397,122,1,0.0
2024-08-12,15398,123,10,560.4
2024-08-19,15398,123,10,522.7
2024-08-26,15398,123,10,485.1
2024-09-02,15398,123,10,447.4
2024-09-09,15398,123,10,409.8
2024-09-16,15398,123,10,372.1
2024-09-23,15398,123,10,334.5
2024-09-30,15398,123,10,296.8
2024-10-07,15398,123,10,259.2
2024-10-14,15398,123,10,221.5
2024-10-21,15398,123,10,183.9
2024-10-28,15398,123,10,146.2
2024-11-04,15398,123,10,108.6
2024-11-11,15398,123,10,71.0
2024-11-18,15398,123,10,33.3
2024-11-25,15398,123,10,0.0
2024-11-25,15399,123,1,943.8
2024-12-02,15399,123,1,732.6
2024-12-09,15399,123,1,521.4
2024-12-16,15399,123,1,310.2
2024-12-23,15399,123,1,99.0
2024-12-30,15399,123,1,0.0
2025-04-21,15400,123,10,1084.7
2025-04-28,15400,123,10,992.3
2025-05-05,15400,123,10,900.0
2025-05-12,15400,123,10,807.7
2025-05-19,15400,123,10,715.3
2025-05-26,15400,123,10,623.0
2025-06-02,15400,123,10,530.6
2025-06-09,15400,123,10,438.3
2025-06-16,15400,123,10,346.0
2025-06-23,15400,123,10,253.6
2025-06-30,15400,123,10,161.3
2025-07-07,15400,123,10,69.0
2025-07-14,15400,123,10,0.0
2025-07-14,15401,123,2,170.5
2025-07-21,15401,123,2,133.0
2025-07-28,15401,123,2,95.4
2025-08-04,15401,123,2,57.9
2025-08-11,15401,123,2,20.4
2025-08-18,15401,123,2,0.0
2025-12-08,15402,123,10,722.3
2025-12-15,15402,123,10,627.5
2025-12-22,15402,123,10,532.8
2025-12-29,15402,123,10,438.1
2026-01-05,15402,123,10,343.4
2026-01-12,15402,123,10,248.6
2026-01-19,15402,123,10,153.9
2026-01-26,15402,123,10,59.2
2026-02-02,15402,123,10,0.0
2026-03-30,15403,123,1,606.4
2026-04-06,15403,123,1,441.9
2026-04-13,15403,123,1,277.3
2026-04-20,15403,123,1,112.7
2026-04-27,15403,123,1,0.0
2024-09-09,15404,124,5,517.3
2024-09-16,15404,124,5,377.5
2024-09-23,15404,124,5,237.8
2024-09-30,15404,124,5,98.0
2024-10-07,15404,124,5,0.0
2025-01-13,15405,124,7,452.7
2025-01-20,15405,124,7,398.4
2025-01-27,15405,124,7,344.1
2025-02-03,15405,124,7,289.7
2025-02-10,15405,124,7,235.4
2025-02-17,15405,124,7,181.1
2025-02-24,15405,124,7,126.8
2025-03-03,15405,124,7,72.5
2025-03-10,15405,124,7,18.2
2025-03-17,15405,124,7,0.0
2025-03-03,15406,124,7,329.4
2025-03-10,15406,124,7,278.8
2025-03-17,15406,124,7,228.2
2025-03-24,15406,124,7,177.6
2025-03-31,15406,124,7,126.9
2025-04-07,15406,124,7,76.3
2025-04-14,15406,124,7,25.7
2025-04-21,15406,124,7,0.0
2025-08-18,15407,124,10,646.5
2025-08-25,15407,124,10,553.9
2025-09-01,15407,124,10,461.4
2025-09-08,15407,124,10,368.8
2025-09-15,15407,124,10,276.3
2025-09-22,15407,124,10,183.8
2025-09-29,15407,124,10,91.2
2025-10-06,15407,124,10,0.0
2025-11-24,15408,124,5,479.7
2025-12-01,15408,124,5,403.4
2025-12-08,15408,124,5,327.1
2025-12-15,15408,124,5,250.9
2025-12-22,15408,124,5,174.6
2025-12-29,15408,124,5,98.3
2026-01-05,15408,124,5,22.0
2026-01-12,15408,124,5,0.0
2026-06-22,15409,124,7,1159.3
2026-06-29,15409,124,7,1032.6
2024-09-09,15410,125,5,623.2
2024-09-16,15410,125,5,541.5
2024-09-23,15410,125,5,459.7
2024-09-30,15410,125,5,377.9
2024-10-07,15410,125,5,296.1
2024-10-14,15410,125,5,214.4
2024-10-21,15410,125,5,132.6
2024-10-28,15410,125,5,50.8
2024-11-04,15410,125,5,0.0
2025-01-13,15411,125,4,853.1
2025-01-20,15411,125,4,722.2
2025-01-27,15411,125,4,591.3
2025-02-03,15411,125,4,460.3
2025-02-10,15411,125,4,329.4
2025-02-17,15411,125,4,198.5
2025-02-24,15411,125,4,67.6
2025-03-03,15411,125,4,0.0
2025-06-02,15412,125,8,254.0
2025-06-09,15412,125,8,236.0
2025-06-16,15412,125,8,218.0
2025-06-23,15412,125,8,200.0
2025-06-30,15412,125,8,182.0
2025-07-07,15412,125,8,164.0
2025-07-14,15412,125,8,146.0
2025-07-21,15412,125,8,128.0
2025-07-28,15412,125,8,109.9
2025-08-04,15412,125,8,91.9
2025-08-11,15412,125,8,73.9
2025-08-18,15412,125,8,55.9
2025-08-25,15412,125,8,37.9
2025-09-01,15412,125,8,19.9
2025-09-08,15412,125,8,1.9
2025-09-15,15412,125,8,0.0
2025-10-13,15413,125,8,968.1
2025-10-20,15413,125,8,880.3
2025-10-27,15413,125,8,792.4
2025-11-03,15413,125,8,704.6
2025-11-10,15413,125,8,616.7
2025-11-17,15413,125,8,528.9
2025-11-24,15413,125,8,441.0
2025-12-01,15413,125,8,353.1
2025-12-08,15413,125,8,265.3
2025-12-15,15413,125,8,177.4
2025-12-22,15413,125,8,89.6
2025-12-29,15413,125,8,1.7
2026-01-05,15413,125,8,0.0
2026-01-26,15414,125,5,705.3
2026-02-02,15414,125,5,623.6
2026-02-09,15414,125,5,541.8
2026-02-16,15414,125,5,460.1
2026-02-23,15414,125,5,378.4
2026-03-02,15414,125,5,296.7
2026-03-09,15414,125,5,214.9
2026-03-16,15414,125,5,133.2
2026-03-23,15414,125,5,51.5
2026-03-30,15414,125,5,0.0
2026-06-15,15415,125,4,890.9
2026-06-22,15415,125,4,706.8
2026-06-29,15415,125,4,522.6
2024-07-08,15416,126,1,106.5
2024-08-19,15422,126,1,146.7
2024-08-26,15423,126,3,128.7
2024-10-21,15431,126,3,109.4
2024-11-04,15433,126,3,283.4
2024-12-09,15438,126,3,60.3
2025-01-20,15444,126,1,256.5
2025-02-10,15447,126,1,144.6
2025-03-10,15451,126,1,463.2
2025-03-24,15453,126,3,243.9
2025-03-31,15454,126,1,360.9
2025-06-02,15463,126,1,258.0
2025-06-09,15464,126,1,120.7
2025-06-23,15466,126,3,182.2
2025-08-25,15475,126,1,361.6
2025-09-22,15479,126,3,135.5
2025-09-29,15480,126,1,410.6
2025-10-20,15483,126,3,219.3
2025-11-10,15486,126,3,407.8
2025-12-01,15489,126,1,446.2
2026-01-05,15494,126,1,76.6
2026-02-09,15499,126,1,195.8
2026-04-06,15507,126,3,276.4
2026-04-27,15510,126,3,44.2
2026-05-04,15511,126,1,532.3
2026-05-25,15514,126,1,46.2
2026-06-08,15516,126,3,435.6
2024-07-15,15522,126,4,190.2
2024-08-26,15528,126,4,43.4
2024-09-09,15530,126,4,200.3
2024-09-23,15532,126,4,133.5
2024-10-21,15536,126,4,48.8
2025-01-27,15550,126,4,358.6
2025-02-03,15551,126,4,295.8
2025-02-17,15553,126,4,181.9
2025-03-31,15559,126,4,350.1
2025-08-11,15578,126,4,442.9
2025-08-18,15579,126,4,220.1
2025-09-29,15585,126,4,307.2
2025-12-08,15595,126,4,193.7
2025-12-15,15596,126,4,372.3
2026-02-16,15605,126,4,413.3
2026-03-16,15609,126,4,95.8
2026-03-23,15610,126,4,131.7
2026-03-30,15611,126,4,370.6
2026-04-13,15613,126,4,459.0
2026-04-27,15615,126,4,311.0
2026-06-15,15622,126,4,420.6
2024-07-15,15626,126,5,67.9
2024-08-05,15629,126,5,282.7
2024-09-02,15633,126,5,508.6
2024-12-23,15649,126,5,341.8
2024-12-30,15650,126,5,329.4
2025-03-03,15659,126,5,574.7
2025-05-05,15668,126,5,588.8
2025-05-19,15670,126,5,133.5
2025-06-09,15673,126,5,109.8
2025-06-23,15675,126,5,164.6
2025-06-30,15676,126,5,176.8
2025-09-15,15687,126,5,32.9
2025-09-29,15689,126,5,520.9
2025-11-24,15697,126,5,149.2
2025-12-29,15702,126,5,228.9
2026-02-16,15709,126,5,228.1
2026-02-23,15710,126,5,207.5
2026-03-23,15714,126,5,128.4
2026-04-13,15717,126,5,211.5
2026-05-18,15722,126,5,473.9
2024-07-15,15730,126,9,425.2
2024-07-22,15731,126,9,222.8
2024-07-29,15732,126,7,470.9
2024-08-19,15735,126,7,464.0
2024-08-26,15736,126,7,230.7
2024-09-02,15737,126,7,214.9
2024-09-16,15739,126,7,535.8
2024-09-23,15740,126,9,177.7
2024-10-28,15745,126,9,601.4
2024-11-18,15748,126,7,300.2
2024-12-30,15754,126,7,388.4
2025-01-20,15757,126,9,491.1
2025-02-10,15760,126,9,338.9
2025-03-24,15766,126,9,131.4
2025-03-31,15767,126,7,275.0
2025-04-28,15771,126,7,478.6
2025-05-05,15772,126,7,257.3
2025-05-12,15773,126,9,172.1
2025-06-02,15776,126,7,322.2
2025-06-30,15780,126,7,468.6
2025-07-14,15782,126,9,289.2
2025-07-28,15784,126,9,514.8
2025-09-01,15789,126,9,158.3
2025-09-08,15790,126,7,111.9
2025-09-29,15793,126,7,236.7
2025-12-29,15806,126,7,199.0
2026-02-02,15811,126,9,282.0
2026-03-09,15816,126,7,111.0
2026-03-16,15817,126,7,186.5
2026-04-13,15821,126,9,229.8
2026-04-27,15823,126,7,440.8
2026-05-11,15825,126,7,413.9
2026-06-01,15828,126,7,236.8
2026-06-08,15829,126,9,214.4
2026-06-22,15831,126,9,118.4
2024-08-05,15838,126,10,141.7
2024-08-12,15839,126,10,378.6
2024-08-19,15840,126,10,94.9
2024-09-02,15842,126,10,433.2
2024-09-23,15845,126,10,383.3
2024-11-25,15854,126,10,162.4
2024-12-02,15855,126,10,436.1
2024-12-16,15857,126,10,416.9
2025-01-06,15860,126,10,431.8
2025-02-03,15864,126,10,109.7
2025-02-10,15865,126,10,266.9
2025-04-14,15874,126,10,84.7
2025-04-21,15875,126,10,386.2
2025-04-28,15876,126,10,329.6
2025-06-09,15882,126,10,432.8
2025-07-14,15887,126,10,316.4
2025-07-21,15888,126,10,80.6
2025-08-04,15890,126,10,326.9
2025-08-25,15893,126,10,420.3
2025-09-15,15896,126,10,87.4
2025-09-29,15898,126,10,116.2
2025-10-06,15899,126,10,578.8
2025-10-20,15901,126,10,422.9
2025-11-03,15903,126,10,155.2
2025-11-10,15904,126,10,418.4
2025-11-17,15905,126,10,312.5
2025-11-24,15906,126,10,466.0
2025-12-08,15908,126,10,251.7
2025-12-15,15909,126,10,321.7
2025-12-29,15911,126,10,418.8
2026-01-12,15913,126,10,464.8
2026-01-19,15914,126,10,240.6
2026-01-26,15915,126,10,537.4
2026-03-23,15923,126,10,204.9
2026-03-30,15924,126,10,287.6
2026-04-06,15925,126,10,181.9
2026-04-20,15927,126,10,393.6
2026-05-18,15931,126,10,505.3
2026-06-01,15933,126,10,589.7
2026-06-08,15934,126,10,44.0
2024-07-08,15938,127,1,262.7
2024-07-15,15938,127,1,156.4
2024-07-22,15939,127,1,492.4
2024-07-29,15939,127,1,187.9
2024-07-29,15940,127,1,324.6
2024-08-05,15940,127,1,158.1
2024-08-12,15941,127,3,391.9
2024-08-19,15941,127,3,197.7
2024-08-19,15942,127,1,206.1
2024-08-26,15942,127,1,27.2
2024-09-09,15943,127,3,638.8
2024-09-16,15943,127,3,384.6
2024-09-16,15944,127,3,580.5
2024-09-23,15944,127,3,286.0
2024-09-23,15945,127,1,129.7
2024-09-30,15945,127,1,49.5
2024-10-07,15946,127,1,155.4
2024-10-14,15946,127,1,15.8
2024-10-21,15947,127,3,255.0
2024-10-28,15947,127,3,63.1
2024-10-28,15948,127,1,135.0
2024-11-04,15948,127,1,52.1
2024-11-11,15949,127,3,258.4
2024-11-18,15949,127,3,144.9
2024-11-18,15950,127,1,563.4
2024-11-25,15950,127,1,270.8
2024-12-02,15951,127,1,388.7
2024-12-09,15951,127,1,161.4
2024-12-16,15952,127,3,547.5
2024-12-23,15952,127,3,330.0
2024-12-16,15953,127,3,146.9
2024-12-23,15953,127,3,5.9
2024-12-30,15954,127,3,38.1
2025-01-06,15954,127,3,12.1
2025-01-20,15955,127,1,495.6
2025-01-27,15955,127,1,248.1
2025-01-27,15956,127,1,267.5
2025-02-03,15956,127,1,23.0
2025-02-03,15957,127,1,115.9
2025-02-10,15957,127,1,74.8
2025-02-17,15958,127,1,320.4
2025-02-24,15958,127,1,118.8
2025-02-24,15959,127,1,94.2
2025-03-03,15959,127,1,31.5
2025-03-10,15960,127,3,84.5
2025-03-24,15961,127,1,55.5
2025-03-31,15961,127,1,32.0
2025-04-07,15962,127,3,456.1
2025-04-14,15962,127,3,70.2
2025-04-07,15963,127,1,311.1
2025-04-14,15963,127,1,0.0
2025-04-28,15964,127,1,216.1
2025-05-05,15964,127,1,41.2
2025-05-05,15965,127,3,578.1
2025-05-12,15965,127,3,360.2
2025-05-19,15966,127,3,269.7
2025-05-26,15966,127,3,173.4
2025-05-26,15967,127,1,315.2
2025-06-02,15967,127,1,0.0
2025-06-02,15968,127,1,418.2
2025-06-09,15968,127,1,71.5
2025-06-16,15969,127,3,560.9
2025-06-23,15969,127,3,265.9
2025-06-30,15970,127,1,195.8
2025-07-07,15970,127,1,100.7
2025-07-07,15971,127,1,167.4
2025-07-14,15971,127,1,96.7
2025-07-21,15972,127,3,381.8
2025-07-28,15972,127,3,82.6
2025-08-04,15973,127,3,203.6
2025-08-11,15973,127,3,49.2
2025-08-04,15974,127,1,509.0
2025-08-11,15974,127,1,282.0
2025-08-18,15975,127,3,331.5
2025-08-25,15975,127,3,96.0
2025-09-01,15975,127,3,0.0
2025-09-01,15976,127,1,60.9
2025-09-08,15976,127,1,0.0
2025-09-15,15977,127,3,159.6
2025-09-22,15977,127,3,82.2
2025-09-29,15978,127,3,129.2
2025-10-06,15978,127,3,54.4
2025-10-06,15979,127,3,642.2
2025-10-13,15979,127,3,409.3
2025-10-13,15980,127,3,101.4
2025-10-20,15980,127,3,0.0
2025-10-27,15981,127,1,387.6
2025-11-03,15981,127,1,0.0
2025-11-03,15982,127,3,353.0
2025-11-10,15982,127,3,8.1
2025-11-17,15983,127,1,89.2
2025-11-24,15983,127,1,0.0
2025-11-24,15984,127,1,201.1
2025-12-01,15984,127,1,11.3
2025-12-08,15984,127,1,0.0
2025-12-08,15985,127,1,245.1
2025-12-15,15985,127,1,72.2
2025-12-22,15986,127,3,322.2
2025-12-29,15986,127,3,29.4
2025-12-29,15987,127,3,79.8
2026-01-05,15987,127,3,18.7
2026-01-12,15987,127,3,0.0
2026-01-19,15988,127,1,49.1
2026-01-19,15989,127,1,39.1
2026-01-26,15989,127,1,0.2
2026-02-02,15990,127,3,316.6
2026-02-09,15990,127,3,186.2
2026-02-16,15991,127,1,239.6
2026-02-23,15992,127,1,413.4
2026-03-02,15992,127,1,53.8
2026-03-09,15993,127,3,49.6
2026-03-16,15993,127,3,29.1
2026-03-23,15994,127,3,285.6
2026-03-30,15994,127,3,23.3
2026-03-30,15995,127,3,148.9
2026-04-06,15995,127,3,0.0
2026-04-06,15996,127,3,83.1
2026-04-13,15996,127,3,13.3
2026-04-20,15997,127,1,343.9
2026-04-27,15997,127,1,92.7
2026-04-27,15998,127,1,104.3
2026-05-04,15998,127,1,20.6
2026-05-18,15999,127,3,541.0
2026-05-25,15999,127,3,354.9
2026-05-25,16000,127,1,339.8
2026-06-01,16000,127,1,113.7
2026-06-01,16001,127,3,183.5
2026-06-08,16001,127,3,83.0
2026-06-15,16002,127,1,567.0
2026-06-22,16002,127,1,309.1
2026-06-22,16003,127,1,391.6
2026-06-29,16003,127,1,142.1
2024-07-15,16005,127,4,453.3
2024-07-22,16005,127,4,241.6
2024-07-22,16006,127,4,148.6
2024-07-29,16006,127,4,41.3
2024-07-29,16007,127,4,195.4
2024-08-05,16007,127,4,0.0
2024-08-12,16008,127,4,373.2
2024-08-19,16008,127,4,4.4
2024-08-26,16009,127,4,182.0
2024-09-02,16009,127,4,30.1
2024-09-02,16010,127,4,295.8
2024-09-09,16010,127,4,127.5
2024-09-16,16011,127,4,52.9
2024-09-23,16011,127,4,5.8
2024-09-30,16011,127,4,0.0
2024-09-23,16012,127,4,314.3
2024-09-30,16012,127,4,0.0
2024-10-14,16013,127,4,80.2
2024-10-21,16013,127,4,11.3
2024-10-21,16014,127,4,115.9
2024-10-28,16014,127,4,57.8
2024-11-04,16015,127,4,551.3
2024-11-11,16015,127,4,276.6
2024-11-11,16016,127,4,207.8
2024-11-18,16016,127,4,0.0
2024-11-18,16017,127,4,199.1
2024-11-25,16017,127,4,72.1
2024-12-09,16018,127,4,138.9
2024-12-16,16019,127,4,152.5
2024-12-23,16019,127,4,22.9
2024-12-23,16020,127,4,116.8
2024-12-30,16020,127,4,28.5
2024-12-30,16021,127,4,199.4
2025-01-06,16021,127,4,56.9
2025-01-13,16022,127,4,444.7
2025-01-20,16022,127,4,144.5
2025-01-20,16023,127,4,410.2
2025-01-27,16023,127,4,125.4
2025-01-27,16024,127,4,391.1
2025-02-03,16024,127,4,109.2
2025-02-10,16024,127,4,0.0
2025-02-17,16025,127,4,221.8
2025-02-24,16025,127,4,146.6
2025-02-24,16026,127,4,520.2
2025-03-03,16026,127,4,307.5
2025-03-03,16027,127,4,89.5
2025-03-10,16027,127,4,13.0
2025-03-17,16027,127,4,0.0
2025-03-24,16028,127,4,226.8
2025-03-31,16028,127,4,80.5
2025-03-31,16029,127,4,168.2
2025-04-07,16029,127,4,75.3
2025-04-07,16030,127,4,133.7
2025-04-14,16030,127,4,42.4
2025-04-21,16031,127,4,111.6
2025-04-28,16031,127,4,39.2
2025-04-28,16032,127,4,404.6
2025-05-05,16032,127,4,167.2
2025-05-12,16032,127,4,0.0
2025-05-19,16033,127,4,560.5
2025-05-26,16033,127,4,254.1
2025-06-02,16034,127,4,219.2
2025-06-09,16034,127,4,0.0
2025-06-02,16035,127,4,273.9
2025-06-09,16035,127,4,36.8
2025-06-16,16036,127,4,447.5
2025-06-23,16036,127,4,68.0
2025-06-23,16037,127,4,315.1
2025-06-30,16037,127,4,26.1
2025-07-07,16038,127,4,540.6
2025-07-14,16038,127,4,291.2
2025-07-21,16039,127,4,202.8
2025-07-28,16039,127,4,42.7
2025-07-28,16040,127,4,234.5
2025-08-04,16040,127,4,59.9
2025-08-11,16041,127,4,486.5
2025-08-18,16041,127,4,228.9
2025-08-25,16042,127,4,71.9
2025-09-01,16042,127,4,3.8
2025-09-08,16043,127,4,410.7
2025-09-15,16043,127,4,0.0
2025-09-08,16044,127,4,116.9
2025-09-15,16044,127,4,14.8
2025-09-29,16045,127,4,483.6
2025-10-06,16045,127,4,208.1
2025-10-06,16046,127,4,347.7
2025-10-13,16046,127,4,32.5
2025-10-20,16046,127,4,0.0
2025-10-13,16047,127,4,388.2
2025-10-20,16047,127,4,247.3
2025-10-27,16047,127,4,106.5
2025-10-20,16048,127,4,366.5
2025-10-27,16048,127,4,115.0
2025-11-03,16049,127,4,132.4
2025-11-10,16049,127,4,56.7
2025-11-24,16050,127,4,104.6
2025-11-24,16051,127,4,648.2
2025-12-01,16051,127,4,431.4
2025-12-08,16052,127,4,239.3
2025-12-15,16052,127,4,142.6
2025-12-29,16053,127,4,172.0
2026-01-05,16053,127,4,34.9
2025-12-29,16054,127,4,508.8
2026-01-05,16054,127,4,324.6
2026-01-05,16055,127,4,65.0
2026-01-12,16055,127,4,5.1
2026-01-19,16056,127,4,546.6
2026-01-26,16056,127,4,208.3
2026-02-09,16057,127,4,420.0
2026-02-16,16058,127,4,350.6
2026-02-23,16058,127,4,80.2
2026-02-23,16059,127,4,394.7
2026-03-02,16059,127,4,0.0
2026-03-02,16060,127,4,400.5
2026-03-09,16060,127,4,108.9
2026-03-16,16061,127,4,387.9
2026-03-23,16061,127,4,138.8
2026-03-30,16062,127,4,218.2
2026-04-06,16062,127,4,0.0
2026-04-06,16063,127,4,382.8
2026-04-13,16063,127,4,146.7
2026-04-20,16064,127,4,237.2
2026-04-27,16064,127,4,60.4
2026-05-04,16065,127,4,572.1
2026-05-11,16065,127,4,307.2
2026-05-11,16066,127,4,448.5
2026-05-18,16066,127,4,237.1
2026-05-18,16067,127,4,404.3
2026-05-25,16067,127,4,25.6
2026-06-08,16068,127,4,138.8
2026-06-15,16068,127,4,83.6
2026-06-15,16069,127,4,64.7
2026-06-22,16069,127,4,42.5
2026-06-22,16070,127,4,335.3
2026-06-29,16070,127,4,201.7
2024-07-15,16071,127,5,199.6
2024-07-22,16071,127,5,123.3
2024-07-15,16072,127,5,109.4
2024-07-22,16072,127,5,0.0
2024-08-05,16073,127,5,542.4
2024-08-12,16073,127,5,265.9
2024-08-19,16074,127,5,308.5
2024-08-26,16075,127,5,30.8
2024-09-02,16075,127,5,0.0
2024-09-09,16076,127,5,181.9
2024-09-16,16076,127,5,19.9
2024-09-09,16077,127,5,209.2
2024-09-16,16077,127,5,37.5
2024-09-23,16077,127,5,0.0
2024-09-23,16078,127,5,442.0
2024-09-30,16078,127,5,45.0
2024-10-07,16079,127,5,195.2
2024-10-14,16079,127,5,0.0
2024-10-14,16080,127,5,328.2
2024-10-21,16080,127,5,152.5
2024-10-21,16081,127,5,228.2
2024-10-28,16081,127,5,111.5
2024-11-04,16081,127,5,0.0
2024-11-04,16082,127,5,467.6
2024-11-11,16082,127,5,231.3
2024-11-25,16083,127,5,475.0
2024-12-02,16083,127,5,86.0
2024-12-02,16084,127,5,408.6
2024-12-09,16084,127,5,0.0
2024-12-09,16085,127,5,165.3
2024-12-16,16085,127,5,60.6
2024-12-23,16086,127,5,302.2
2024-12-30,16086,127,5,121.5
2024-12-30,16087,127,5,256.8
2025-01-06,16087,127,5,78.5
2025-01-13,16088,127,5,283.6
2025-01-20,16088,127,5,0.0
2025-01-27,16089,127,5,139.9
2025-02-03,16089,127,5,42.8
2025-02-03,16090,127,5,599.3
2025-02-10,16090,127,5,347.6
2025-02-17,16091,127,5,344.4
2025-02-24,16091,127,5,14.8
2025-03-03,16091,127,5,0.0
2025-02-24,16092,127,5,279.6
2025-03-03,16092,127,5,0.0
2025-03-03,16093,127,5,327.7
2025-03-10,16093,127,5,143.5
2025-03-24,16094,127,5,118.6
2025-04-07,16095,127,5,469.0
2025-04-14,16095,127,5,238.1
2025-04-07,16096,127,5,462.2
2025-04-14,16096,127,5,53.3
2025-04-21,16096,127,5,0.0
2025-04-28,16097,127,5,186.7
2025-05-05,16097,127,5,0.0
2025-05-05,16098,127,5,140.1
2025-05-19,16099,127,5,274.1
2025-05-26,16099,127,5,125.1
2025-05-26,16100,127,5,280.4
2025-06-02,16100,127,5,170.8
2025-06-09,16101,127,5,436.8
2025-06-16,16101,127,5,92.5
2025-06-16,16102,127,5,356.1
2025-06-23,16102,127,5,0.0
2025-06-23,16103,127,5,224.9
2025-06-30,16103,127,5,0.0
2025-07-14,16104,127,5,481.6
2025-07-21,16104,127,5,106.2
2025-07-21,16105,127,5,206.0
2025-07-28,16105,127,5,0.0
2025-08-04,16106,127,5,484.9
2025-08-11,16106,127,5,260.7
2025-08-11,16107,127,5,268.5
2025-08-18,16107,127,5,86.1
2025-08-25,16108,127,5,361.4
2025-09-01,16108,127,5,98.9
2025-09-01,16109,127,5,128.6
2025-09-08,16109,127,5,0.0
2025-09-08,16110,127,5,331.7
2025-09-15,16110,127,5,0.0
2025-09-29,16111,127,5,514.4
2025-10-06,16111,127,5,208.7
2025-10-06,16112,127,5,322.5
2025-10-13,16112,127,5,177.1
2025-10-20,16113,127,5,388.9
2025-10-27,16113,127,5,44.8
2025-10-27,16114,127,5,240.0
2025-11-03,16114,127,5,0.0
2025-11-10,16115,127,5,307.1
2025-11-17,16115,127,5,73.2
2025-11-24,16116,127,5,315.9
2025-12-01,16116,127,5,125.8
2025-11-24,16117,127,5,341.9
2025-12-01,16117,127,5,206.7
2025-12-08,16118,127,5,119.3
2025-12-15,16118,127,5,57.6
2025-12-15,16119,127,5,220.2
2025-12-22,16119,127,5,0.0
2026-01-05,16120,127,5,48.3
2026-01-12,16120,127,5,0.0
2026-01-12,16121,127,5,531.2
2026-01-19,16121,127,5,205.3
2026-01-26,16122,127,5,504.6
2026-02-02,16122,127,5,126.3
2026-02-02,16123,127,5,361.3
2026-02-09,16123,127,5,216.6
2026-02-09,16124,127,5,205.1
2026-02-16,16124,127,5,4.2
2026-03-02,16125,127,5,191.1
2026-03-09,16126,127,5,263.2
2026-03-16,16126,127,5,85.4
2026-03-16,16127,127,5,316.4
2026-03-23,16127,127,5,89.9
2026-03-30,16128,127,5,533.3
2026-04-06,16128,127,5,214.6
2026-04-13,16129,127,5,114.4
2026-04-20,16129,127,5,61.8
2026-04-20,16130,127,5,139.3
2026-05-04,16131,127,5,128.0
2026-05-11,16131,127,5,68.9
2026-05-18,16132,127,5,240.4
2026-05-25,16132,127,5,0.0
2026-05-18,16133,127,5,417.9
2026-05-25,16133,127,5,262.8
2026-06-01,16134,127,5,620.5
2026-06-08,16134,127,5,402.9
2026-06-15,16135,127,5,595.5
2026-06-22,16135,127,5,367.9
2026-06-22,16136,127,5,87.5
2026-06-29,16136,127,5,46.0
2024-07-08,16137,127,7,117.2
2024-07-15,16137,127,7,4.5
2024-07-22,16138,127,7,521.5
2024-07-29,16138,127,7,272.9
2024-08-05,16139,127,7,186.1
2024-08-12,16140,127,9,59.7
2024-08-19,16141,127,7,110.9
2024-08-26,16141,127,7,0.0
2024-09-02,16142,127,9,325.9
2024-09-09,16142,127,9,173.9
2024-09-16,16143,127,9,275.3
2024-09-23,16143,127,9,86.6
2024-09-30,16144,127,7,135.0
2024-10-07,16144,127,7,19.0
2024-10-07,16145,127,9,596.9
2024-10-14,16145,127,9,371.8
2024-10-14,16146,127,7,423.7
2024-10-21,16146,127,7,281.4
2024-11-04,16147,127,9,521.5
2024-11-11,16147,127,9,220.1
2024-11-11,16148,127,9,350.5
2024-11-18,16148,127,9,229.0
2024-11-18,16149,127,7,193.4
2024-11-25,16149,127,7,95.8
2024-12-02,16150,127,7,183.4
2024-12-09,16150,127,7,0.0
2024-12-16,16151,127,7,134.8
2024-12-23,16151,127,7,0.0
2024-12-23,16152,127,9,113.9
2024-12-30,16152,127,9,57.8
2025-01-06,16153,127,7,423.2
2025-01-13,16153,127,7,154.5
2025-01-13,16154,127,7,207.3
2025-01-20,16154,127,7,12.7
2025-01-27,16154,127,7,0.0
2025-01-27,16155,127,7,89.8
2025-02-03,16155,127,7,37.5
2025-02-10,16156,127,9,474.5
2025-02-17,16156,127,9,222.0
2025-02-17,16157,127,9,194.9
2025-02-24,16157,127,9,104.9
2025-02-24,16158,127,9,381.7
2025-03-03,16158,127,9,203.4
2025-03-10,16159,127,7,120.5
2025-03-17,16159,127,7,28.0
2025-03-24,16160,127,7,57.0
2025-03-31,16160,127,7,10.0
2025-04-07,16161,127,7,412.2
2025-04-14,16161,127,7,18.5
2025-04-07,16162,127,7,484.7
2025-04-14,16162,127,7,102.4
2025-04-21,16163,127,9,582.7
2025-04-28,16163,127,9,287.4
2025-05-12,16164,127,7,46.6
2025-05-19,16164,127,7,4.3
2025-05-12,16165,127,7,302.2
2025-05-19,16165,127,7,155.3
2025-06-02,16166,127,9,245.6
2025-06-09,16166,127,9,0.0
2025-06-09,16167,127,7,203.7
2025-06-16,16167,127,7,0.0
2025-06-09,16168,127,9,256.0
2025-06-16,16168,127,9,23.0
2025-06-23,16168,127,9,0.0
2025-06-23,16169,127,7,196.6
2025-06-30,16169,127,7,125.2
2025-07-14,16170,127,7,525.7
2025-07-21,16170,127,7,277.5
2025-07-21,16171,127,9,44.4
2025-07-28,16171,127,9,14.9
2025-07-28,16172,127,7,90.1
2025-08-04,16172,127,7,35.2
2025-08-18,16173,127,7,338.3
2025-08-25,16173,127,7,0.0
2025-08-18,16174,127,7,194.2
2025-08-25,16174,127,7,0.0
2025-09-01,16175,127,7,512.9
2025-09-08,16175,127,7,249.8
2025-09-08,16176,127,7,317.0
2025-09-15,16176,127,7,0.0
2025-09-29,16177,127,9,187.5
2025-10-06,16177,127,9,44.9
2025-10-06,16178,127,7,323.0
2025-10-13,16178,127,7,0.0
2025-10-20,16179,127,7,330.8
2025-10-27,16179,127,7,73.7
2025-10-27,16180,127,9,186.8
2025-11-03,16180,127,9,56.6
2025-11-03,16181,127,7,335.9
2025-11-10,16181,127,7,68.7
2025-11-24,16182,127,7,92.4
2025-12-01,16182,127,7,60.8
2025-12-01,16183,127,9,212.2
2025-12-08,16183,127,9,112.4
2025-12-01,16184,127,7,268.0
2025-12-08,16184,127,7,44.1
2025-12-15,16184,127,7,0.0
2025-12-22,16185,127,9,229.7
2025-12-29,16185,127,9,134.4
2026-01-05,16186,127,7,249.9
2026-01-12,16187,127,7,36.6
2026-01-19,16187,127,7,0.0
2026-01-19,16188,127,9,233.7
2026-01-26,16188,127,9,113.4
2026-02-09,16189,127,9,563.7
2026-02-16,16189,127,9,259.4
2026-02-16,16190,127,9,330.0
2026-02-23,16190,127,9,148.1
2026-03-02,16191,127,7,96.7
2026-03-09,16191,127,7,48.5
2026-03-02,16192,127,7,97.6
2026-03-09,16192,127,7,56.3
2026-03-23,16193,127,7,479.8
2026-03-30,16193,127,7,78.7
2026-03-30,16194,127,7,304.8
2026-04-06,16194,127,7,88.5
2026-04-06,16195,127,9,435.2
2026-04-13,16195,127,9,240.4
2026-04-20,16196,127,9,182.4
2026-04-27,16196,127,9,43.8
2026-05-04,16197,127,7,438.3
2026-05-11,16197,127,7,40.6
2026-05-18,16198,127,7,187.0
2026-05-25,16198,127,7,42.0
2026-05-25,16199,127,7,62.6
2026-06-08,16200,127,7,282.2
2026-06-15,16200,127,7,170.4
2026-06-15,16201,127,7,205.4
2026-06-22,16201,127,7,57.8
2026-06-22,16202,127,9,61.9
2026-06-29,16202,127,9,26.8
2024-07-15,16203,127,10,339.5
2024-07-29,16204,127,10,447.1
2024-08-05,16204,127,10,259.1
2024-08-05,16205,127,10,126.3
2024-08-12,16205,127,10,14.6
2024-08-12,16206,127,10,224.0
2024-08-19,16206,127,10,14.9
2024-08-26,16207,127,10,418.5
2024-09-02,16207,127,10,41.0
2024-09-02,16208,127,10,565.9
2024-09-09,16208,127,10,370.9
2024-09-16,16209,127,10,523.2
2024-09-23,16209,127,10,173.4
2024-09-23,16210,127,10,102.9
2024-09-30,16210,127,10,0.0
2024-10-07,16211,127,10,433.8
2024-10-14,16211,127,10,223.6
2024-10-21,16212,127,10,71.8
2024-10-28,16212,127,10,0.0
2024-10-28,16213,127,10,418.5
2024-11-04,16213,127,10,267.9
2024-11-11,16214,127,10,216.3
2024-11-18,16214,127,10,134.5
2024-11-18,16215,127,10,240.6
2024-11-25,16215,127,10,62.1
2024-12-02,16216,127,10,100.7
2024-12-09,16216,127,10,33.3
2024-12-16,16217,127,10,201.2
2024-12-23,16217,127,10,116.4
2024-12-23,16218,127,10,463.2
2024-12-30,16218,127,10,297.4
2025-01-06,16219,127,10,350.1
2025-01-13,16219,127,10,0.0
2025-01-13,16220,127,10,352.6
2025-01-20,16220,127,10,55.2
2025-01-20,16221,127,10,239.7
2025-01-27,16221,127,10,50.3
2025-02-03,16222,127,10,207.3
2025-02-10,16222,127,10,31.6
2025-02-17,16223,127,10,315.4
2025-02-24,16223,127,10,0.0
2025-02-24,16224,127,10,237.1
2025-03-03,16224,127,10,74.1
2025-03-03,16225,127,10,333.9
2025-03-10,16225,127,10,0.0
2025-03-24,16226,127,10,424.3
2025-03-31,16226,127,10,249.6
2025-03-31,16227,127,10,238.4
2025-04-07,16227,127,10,51.7
2025-04-14,16228,127,10,518.1
2025-04-21,16228,127,10,192.1
2025-04-28,16229,127,10,390.3
2025-05-05,16229,127,10,0.0
2025-04-28,16230,127,10,387.0
2025-05-05,16230,127,10,40.9
2025-05-12,16231,127,10,142.8
2025-05-19,16231,127,10,9.7
2025-05-26,16231,127,10,0.0
2025-05-26,16232,127,10,398.2
2025-06-02,16232,127,10,178.4
2025-06-09,16233,127,10,349.4
2025-06-16,16233,127,10,0.0
2025-06-23,16234,127,10,128.8
2025-06-30,16235,127,10,378.4
2025-07-07,16235,127,10,0.0
2025-07-14,16236,127,10,229.1
2025-07-21,16236,127,10,0.0
2025-07-14,16237,127,10,350.7
2025-07-21,16237,127,10,203.5
2025-08-04,16238,127,10,105.2
2025-08-11,16238,127,10,0.0
2025-08-11,16239,127,10,67.2
2025-08-18,16239,127,10,43.3
2025-08-25,16240,127,10,330.8
2025-09-01,16240,127,10,18.6
2025-09-08,16241,127,10,161.1
2025-09-15,16241,127,10,93.2
2025-09-15,16242,127,10,109.0
2025-09-22,16242,127,10,0.0
2025-09-22,16243,127,10,627.2
2025-09-29,16243,127,10,360.3
2025-09-29,16244,127,10,264.3
2025-10-06,16244,127,10,51.6
2025-10-20,16245,127,10,356.3
2025-10-27,16245,127,10,167.7
2025-10-20,16246,127,10,85.2
2025-10-27,16246,127,10,0.0
2025-11-10,16247,127,10,179.1
2025-11-17,16247,127,10,19.1
2025-11-24,16248,127,10,253.7
2025-12-01,16248,127,10,144.4
2025-12-01,16249,127,10,246.8
2025-12-08,16250,127,10,408.4
2025-12-15,16250,127,10,238.9
2025-12-22,16251,127,10,341.7
2025-12-29,16251,127,10,0.0
2025-12-29,16252,127,10,301.2
2026-01-05,16252,127,10,119.4
2026-01-05,16253,127,10,379.6
2026-01-12,16253,127,10,227.2
2026-01-19,16253,127,10,74.7
2026-01-26,16254,127,10,117.1
2026-02-02,16254,127,10,0.0
2026-02-02,16255,127,10,60.5
2026-02-09,16255,127,10,29.0
2026-02-16,16256,127,10,429.8
2026-02-23,16256,127,10,178.6
2026-03-02,16257,127,10,210.8
2026-03-09,16257,127,10,66.7
2026-03-09,16258,127,10,329.8
2026-03-16,16258,127,10,152.5
2026-03-16,16259,127,10,482.5
2026-03-23,16259,127,10,206.9
2026-03-30,16260,127,10,271.1
2026-04-06,16260,127,10,135.1
2026-04-06,16261,127,10,466.9
2026-04-13,16261,127,10,305.7
2026-04-20,16261,127,10,144.6
2026-04-20,16262,127,10,374.0
2026-04-27,16263,127,10,424.9
2026-05-04,16263,127,10,109.7
2026-05-04,16264,127,10,254.3
2026-05-11,16264,127,10,96.5
2026-05-18,16264,127,10,0.0
2026-05-25,16265,127,10,270.7
2026-06-01,16265,127,10,131.4
2026-06-08,16266,127,10,540.3
2026-06-15,16266,127,10,194.6
2026-06-08,16267,127,10,180.3
2026-06-15,16267,127,10,72.7
2026-06-29,16268,127,10,262.1
2024-09-16,16269,128,2,554.4
2024-09-23,16269,128,2,488.8
2024-09-30,16269,128,2,423.2
2024-10-07,16269,128,2,357.5
2024-10-14,16269,128,2,291.9
2024-10-21,16269,128,2,226.3
2024-10-28,16269,128,2,160.7
2024-11-04,16269,128,2,95.1
2024-11-11,16269,128,2,29.5
2024-11-18,16269,128,2,0.0
2024-10-14,16270,128,2,548.7
2024-10-21,16270,128,2,509.4
2024-10-28,16270,128,2,470.1
2024-11-04,16270,128,2,430.7
2024-11-11,16270,128,2,391.4
2024-11-18,16270,128,2,352.1
2024-11-25,16270,128,2,312.8
2024-12-02,16270,128,2,273.5
2024-12-09,16270,128,2,234.2
2024-12-16,16270,128,2,194.9
2024-12-23,16270,128,2,155.5
2024-12-30,16270,128,2,116.2
2025-01-06,16270,128,2,76.9
2025-01-13,16270,128,2,37.6
2025-01-20,16270,128,2,0.0
2025-02-03,16271,128,6,603.0
2025-02-10,16271,128,6,534.9
2025-02-17,16271,128,6,466.9
2025-02-24,16271,128,6,398.8
2025-03-03,16271,128,6,330.8
2025-03-10,16271,128,6,262.7
2025-03-17,16271,128,6,194.7
2025-03-24,16271,128,6,126.7
2025-03-31,16271,128,6,58.6
2025-04-07,16271,128,6,0.0
2025-06-16,16272,128,4,180.1
2025-06-23,16272,128,4,141.2
2025-06-30,16272,128,4,102.4
2025-07-07,16272,128,4,63.5
2025-07-14,16272,128,4,24.6
2025-07-21,16272,128,4,0.0
2025-09-01,16273,128,2,58.9
2025-09-08,16273,128,2,48.7
2025-09-15,16273,128,2,38.6
2025-09-22,16273,128,2,28.4
2025-09-29,16273,128,2,18.3
2025-10-06,16273,128,2,8.2
2025-10-13,16273,128,2,0.0
2026-01-26,16274,128,4,202.5
2026-02-02,16274,128,4,180.1
2026-02-09,16274,128,4,157.6
2026-02-16,16274,128,4,135.1
2026-02-23,16274,128,4,112.7
2026-03-02,16274,128,4,90.2
2026-03-09,16274,128,4,67.7
2026-03-16,16274,128,4,45.3
2026-03-23,16274,128,4,22.8
2026-03-30,16274,128,4,0.3
2026-04-06,16274,128,4,0.0
2026-03-30,16275,128,2,211.1
2026-04-06,16275,128,2,187.2
2026-04-13,16275,128,2,163.3
2026-04-20,16275,128,2,139.3
2026-04-27,16275,128,2,115.4
2026-05-04,16275,128,2,91.5
2026-05-11,16275,128,2,67.6
2026-05-18,16275,128,2,43.7
2026-05-25,16275,128,2,19.8
2026-06-01,16275,128,2,0.0
2024-08-19,16276,129,3,539.6
2024-08-26,16276,129,3,393.2
2024-09-02,16276,129,3,246.7
2024-09-09,16276,129,3,100.3
2024-09-16,16276,129,3,0.0
2024-10-21,16277,129,3,606.6
2024-10-28,16277,129,3,444.3
2024-11-04,16277,129,3,281.9
2024-11-11,16277,129,3,119.5
2024-11-18,16277,129,3,0.0
2024-12-09,16278,129,1,569.7
2024-12-16,16278,129,1,508.4
2024-12-23,16278,129,1,447.1
2024-12-30,16278,129,1,385.9
2025-01-06,16278,129,1,324.6
2025-01-13,16278,129,1,263.3
2025-01-20,16278,129,1,202.0
2025-01-27,16278,129,1,140.7
2025-02-03,16278,129,1,79.4
2025-02-10,16278,129,1,18.1
2025-02-17,16278,129,1,0.0
2025-01-20,16279,129,3,197.9
2025-01-27,16279,129,3,151.8
2025-02-03,16279,129,3,105.7
2025-02-10,16279,129,3,59.6
2025-02-17,16279,129,3,13.5
2025-02-24,16279,129,3,0.0
2025-04-07,16280,129,3,546.3
2025-04-14,16280,129,3,442.6
2025-04-21,16280,129,3,338.9
2025-04-28,16280,129,3,235.2
2025-05-05,16280,129,3,131.5
2025-05-12,16280,129,3,27.8
2025-05-19,16280,129,3,0.0
2025-06-02,16281,129,3,345.3
2025-06-09,16281,129,3,278.7
2025-06-16,16281,129,3,212.0
2025-06-23,16281,129,3,145.4
2025-06-30,16281,129,3,78.7
2025-07-07,16281,129,3,12.0
2025-07-14,16281,129,3,0.0
2025-08-04,16282,129,3,253.8
2025-08-11,16282,129,3,213.7
2025-08-18,16282,129,3,173.5
2025-08-25,16282,129,3,133.4
2025-09-01,16282,129,3,93.2
2025-09-08,16282,129,3,53.1
2025-09-15,16282,129,3,12.9
2025-09-22,16282,129,3,0.0
2025-10-13,16283,129,3,480.1
2025-10-20,16283,129,3,424.3
2025-10-27,16283,129,3,368.4
2025-11-03,16283,129,3,312.5
2025-11-10,16283,129,3,256.6
2025-11-17,16283,129,3,200.8
2025-11-24,16283,129,3,144.9
2025-12-01,16283,129,3,89.0
2025-12-08,16283,129,3,33.1
2025-12-15,16283,129,3,0.0
2025-11-24,16284,129,1,648.3
2025-12-01,16284,129,1,490.5
2025-12-08,16284,129,1,332.8
2025-12-15,16284,129,1,175.0
2025-12-22,16284,129,1,17.3
2025-12-29,16284,129,1,0.0
2026-01-26,16285,129,1,741.3
2026-02-02,16285,129,1,651.7
2026-02-09,16285,129,1,562.0
2026-02-16,16285,129,1,472.3
2026-02-23,16285,129,1,382.6
2026-03-02,16285,129,1,293.0
2026-03-09,16285,129,1,203.3
2026-03-16,16285,129,1,113.6
2026-03-23,16285,129,1,23.9
2026-03-30,16285,129,1,0.0
2026-03-02,16286,129,3,725.9
2026-03-09,16286,129,3,575.7
2026-03-16,16286,129,3,425.6
2026-03-23,16286,129,3,275.5
2026-03-30,16286,129,3,125.4
2026-04-06,16286,129,3,0.0
2026-06-22,16287,129,1,708.1
2026-06-29,16287,129,1,563.2
2024-08-05,16288,129,4,148.8
2024-08-12,16288,129,4,110.7
2024-08-19,16288,129,4,72.5
2024-08-26,16288,129,4,34.4
2024-09-02,16288,129,4,0.0
2024-09-23,16289,129,4,60.9
2024-09-30,16289,129,4,46.7
2024-10-07,16289,129,4,32.6
2024-10-14,16289,129,4,18.4
2024-10-21,16289,129,4,4.3
2024-10-28,16289,129,4,0.0
2024-12-02,16290,129,4,457.6
2024-12-09,16290,129,4,339.3
2024-12-16,16290,129,4,220.9
2024-12-23,16290,129,4,102.5
2024-12-30,16290,129,4,0.0
2025-01-20,16291,129,4,428.9
2025-01-27,16291,129,4,334.9
2025-02-03,16291,129,4,240.8
2025-02-10,16291,129,4,146.8
2025-02-17,16291,129,4,52.7
2025-02-24,16291,129,4,0.0
2025-04-07,16292,129,4,140.2
2025-04-14,16292,129,4,101.3
2025-04-21,16292,129,4,62.5
2025-04-28,16292,129,4,23.6
2025-05-05,16292,129,4,0.0
2025-05-19,16293,129,4,566.7
2025-05-26,16293,129,4,529.4
2025-06-02,16293,129,4,492.2
2025-06-09,16293,129,4,454.9
2025-06-16,16293,129,4,417.6
2025-06-23,16293,129,4,380.3
2025-06-30,16293,129,4,343.1
2025-07-07,16293,129,4,305.8
2025-07-14,16293,129,4,268.5
2025-07-21,16293,129,4,231.2
2025-07-28,16293,129,4,194.0
2025-08-04,16293,129,4,156.7
2025-08-11,16293,129,4,119.4
2025-07-21,16294,129,4,186.5
2025-07-28,16294,129,4,137.0
2025-08-04,16294,129,4,87.5
2025-08-11,16294,129,4,38.1
2025-08-18,16294,129,4,0.0
2025-10-13,16295,129,4,500.9
2025-10-20,16295,129,4,427.8
2025-10-27,16295,129,4,354.7
2025-11-03,16295,129,4,281.6
2025-11-10,16295,129,4,208.6
2025-11-17,16295,129,4,135.5
2025-11-24,16295,129,4,62.4
2025-12-01,16295,129,4,0.0
2025-11-03,16296,129,4,334.1
2025-11-10,16296,129,4,250.1
2025-11-17,16296,129,4,166.2
2025-11-24,16296,129,4,82.2
2025-12-01,16296,129,4,0.0
2026-02-23,16297,129,4,544.8
2026-03-02,16297,129,4,493.5
2026-03-09,16297,129,4,442.3
2026-03-16,16297,129,4,391.1
2026-03-23,16297,129,4,339.8
2026-03-30,16297,129,4,288.6
2026-04-06,16297,129,4,237.3
2026-04-13,16297,129,4,186.1
2026-04-20,16297,129,4,134.9
2026-04-27,16297,129,4,83.6
2026-05-04,16297,129,4,32.4
2026-05-11,16297,129,4,0.0
2026-03-09,16298,129,4,248.9
2026-03-16,16298,129,4,230.9
2026-03-23,16298,129,4,212.8
2026-03-30,16298,129,4,194.7
2026-04-06,16298,129,4,176.7
2026-04-13,16298,129,4,158.6
2026-04-20,16298,129,4,140.5
2026-04-27,16298,129,4,122.5
2026-05-04,16298,129,4,104.4
2026-05-11,16298,129,4,86.3
2026-05-18,16298,129,4,68.3
2026-05-25,16298,129,4,50.2
2026-05-25,16299,129,4,329.6
2026-06-01,16299,129,4,279.3
2026-06-08,16299,129,4,228.9
2026-06-15,16299,129,4,178.5
2026-06-22,16299,129,4,128.2
2026-06-29,16299,129,4,77.8
2024-07-29,16300,129,5,126.0
2024-08-05,16300,129,5,104.9
2024-08-12,16300,129,5,83.9
2024-08-19,16300,129,5,62.9
2024-08-26,16300,129,5,41.8
2024-09-02,16300,129,5,20.8
2024-09-09,16300,129,5,0.0
2024-10-28,16301,129,5,82.1
2024-11-04,16301,129,5,60.2
2024-11-11,16301,129,5,38.3
2024-11-18,16301,129,5,16.4
2024-11-25,16301,129,5,0.0
2024-12-02,16302,129,5,396.3
2024-12-09,16302,129,5,365.6
2024-12-16,16302,129,5,335.0
2024-12-23,16302,129,5,304.3
2024-12-30,16302,129,5,273.6
2025-01-06,16302,129,5,242.9
2025-01-13,16302,129,5,212.2
2025-01-20,16302,129,5,181.6
2025-01-27,16302,129,5,150.9
2025-02-03,16302,129,5,120.2
2025-02-10,16302,129,5,89.5
2025-02-17,16302,129,5,58.8
2025-02-24,16302,129,5,28.2
2025-02-10,16303,129,5,223.5
2025-02-17,16303,129,5,178.9
2025-02-24,16303,129,5,134.4
2025-03-03,16303,129,5,89.8
2025-03-10,16303,129,5,45.3
2025-03-17,16303,129,5,0.8
2025-03-24,16303,129,5,0.0
2025-04-14,16304,129,5,128.5
2025-04-21,16304,129,5,106.0
2025-04-28,16304,129,5,83.5
2025-05-05,16304,129,5,61.0
2025-05-12,16304,129,5,38.5
2025-05-19,16304,129,5,16.0
2025-05-26,16304,129,5,0.0
2025-05-19,16305,129,5,562.2
2025-05-26,16305,129,5,466.5
2025-06-02,16305,129,5,370.7
2025-06-09,16305,129,5,274.9
2025-06-16,16305,129,5,179.1
2025-06-23,16305,129,5,83.4
2025-06-30,16305,129,5,0.0
2025-07-14,16306,129,5,422.3
2025-07-21,16306,129,5,336.7
2025-07-28,16306,129,5,251.0
2025-08-04,16306,129,5,165.3
2025-08-11,16306,129,5,79.7
2025-08-18,16306,129,5,0.0
2025-09-08,16307,129,5,208.0
2025-09-15,16307,129,5,182.0
2025-09-22,16307,129,5,156.1
2025-09-29,16307,129,5,130.1
2025-10-06,16307,129,5,104.1
2025-10-13,16307,129,5,78.1
2025-10-20,16307,129,5,52.2
2025-10-27,16307,129,5,26.2
2025-11-03,16307,129,5,0.2
2025-11-10,16307,129,5,0.0
2025-12-22,16308,129,5,119.3
2025-12-29,16308,129,5,109.5
2026-01-05,16308,129,5,99.8
2026-01-12,16308,129,5,90.1
2026-01-19,16308,129,5,80.3
2026-01-26,16308,129,5,70.6
2026-02-02,16308,129,5,60.8
2026-02-09,16308,129,5,51.1
2026-02-16,16308,129,5,41.4
2026-02-23,16308,129,5,31.6
2026-03-02,16308,129,5,21.9
2026-03-09,16308,129,5,12.2
2026-01-12,16309,129,5,530.0
2026-01-19,16309,129,5,495.0
2026-01-26,16309,129,5,460.1
2026-02-02,16309,129,5,425.1
2026-02-09,16309,129,5,390.1
2026-02-16,16309,129,5,355.1
2026-02-23,16309,129,5,320.2
2026-03-02,16309,129,5,285.2
2026-03-09,16309,129,5,250.2
2026-03-16,16309,129,5,215.2
2026-03-23,16309,129,5,180.3
2026-03-30,16309,129,5,145.3
2026-04-13,16310,129,5,480.8
2026-04-20,16310,129,5,417.5
2026-04-27,16310,129,5,354.3
2026-05-04,16310,129,5,291.0
2026-05-11,16310,129,5,227.8
2026-05-18,16310,129,5,164.6
2026-05-25,16310,129,5,101.3
2026-06-01,16310,129,5,38.1
2026-06-08,16310,129,5,0.0
2026-05-04,16311,129,5,476.7
2026-05-11,16311,129,5,426.4
2026-05-18,16311,129,5,376.0
2026-05-25,16311,129,5,325.7
2026-06-01,16311,129,5,275.4
2026-06-08,16311,129,5,225.1
2026-06-15,16311,129,5,174.8
2026-06-22,16311,129,5,124.5
2026-06-29,16311,129,5,74.1
2024-08-26,16312,129,9,788.0
2024-09-02,16312,129,9,712.1
2024-09-09,16312,129,9,636.1
2024-09-16,16312,129,9,560.1
2024-09-23,16312,129,9,484.1
2024-09-30,16312,129,9,408.2
2024-10-07,16312,129,9,332.2
2024-10-14,16312,129,9,256.2
2024-10-21,16312,129,9,180.2
2024-10-28,16312,129,9,104.3
2024-11-04,16312,129,9,28.3
2024-11-11,16312,129,9,0.0
2024-10-28,16313,129,9,517.8
2024-11-04,16313,129,9,450.6
2024-11-11,16313,129,9,383.4
2024-11-18,16313,129,9,316.3
2024-11-25,16313,129,9,249.1
2024-12-02,16313,129,9,181.9
2024-12-09,16313,129,9,114.7
2024-12-16,16313,129,9,47.5
2024-12-23,16313,129,9,0.0
2024-11-04,16314,129,7,124.4
2024-11-11,16314,129,7,102.7
2024-11-18,16314,129,7,81.1
2024-11-25,16314,129,7,59.5
2024-12-02,16314,129,7,37.8
2024-12-09,16314,129,7,16.2
2024-12-16,16314,129,7,0.0
2025-02-03,16315,129,9,740.9
2025-02-10,16315,129,9,675.9
2025-02-17,16315,129,9,610.8
2025-02-24,16315,129,9,545.8
2025-03-03,16315,129,9,480.7
2025-03-10,16315,129,9,415.6
2025-03-17,16315,129,9,350.6
2025-03-24,16315,129,9,285.5
2025-03-31,16315,129,9,220.5
2025-04-07,16315,129,9,155.4
2025-04-14,16315,129,9,90.4
2025-04-21,16315,129,9,25.3
2025-04-28,16315,129,9,0.0
2025-04-28,16316,129,7,730.5
2025-05-05,16316,129,7,669.9
2025-05-12,16316,129,7,609.4
2025-05-19,16316,129,7,548.9
2025-05-26,16316,129,7,488.4
2025-06-02,16316,129,7,427.8
2025-06-09,16316,129,7,367.3
2025-06-16,16316,129,7,306.8
2025-06-23,16316,129,7,246.3
2025-06-30,16316,129,7,185.7
2025-07-07,16316,129,7,125.2
2025-07-14,16316,129,7,64.7
2025-07-21,16316,129,7,4.1
2025-05-12,16317,129,9,653.0
2025-05-19,16317,129,9,566.9
2025-05-26,16317,129,9,480.9
2025-06-02,16317,129,9,394.8
2025-06-09,16317,129,9,308.8
2025-06-16,16317,129,9,222.8
2025-06-23,16317,129,9,136.7
2025-06-30,16317,129,9,50.7
2025-07-07,16317,129,9,0.0
2025-07-21,16318,129,9,206.3
2025-07-28,16318,129,9,189.6
2025-08-04,16318,129,9,172.9
2025-08-11,16318,129,9,156.2
2025-08-18,16318,129,9,139.4
2025-08-25,16318,129,9,122.7
2025-09-01,16318,129,9,106.0
2025-09-08,16318,129,9,89.3
2025-09-15,16318,129,9,72.6
2025-09-22,16318,129,9,55.9
2025-09-29,16318,129,9,39.2
2025-10-06,16318,129,9,22.5
2025-09-15,16319,129,7,535.9
2025-09-22,16319,129,7,466.8
2025-09-29,16319,129,7,397.6
2025-10-06,16319,129,7,328.5
2025-10-13,16319,129,7,259.4
2025-10-20,16319,129,7,190.3
2025-10-27,16319,129,7,121.1
2025-11-03,16319,129,7,52.0
2025-11-10,16319,129,7,0.0
2025-11-24,16320,129,9,331.8
2025-12-01,16320,129,9,277.7
2025-12-08,16320,129,9,223.5
2025-12-15,16320,129,9,169.3
2025-12-22,16320,129,9,115.1
2025-12-29,16320,129,9,61.0
2026-01-05,16320,129,9,6.8
2026-01-12,16320,129,9,0.0
2026-01-12,16321,129,9,694.3
2026-01-19,16321,129,9,602.6
2026-01-26,16321,129,9,510.9
2026-02-02,16321,129,9,419.2
2026-02-09,16321,129,9,327.6
2026-02-16,16321,129,9,235.9
2026-02-23,16321,129,9,144.2
2026-03-02,16321,129,9,52.5
2026-03-09,16321,129,9,0.0
2026-04-13,16322,129,9,344.3
2026-04-20,16322,129,9,310.6
2026-04-27,16322,129,9,276.9
2026-05-04,16322,129,9,243.2
2026-05-11,16322,129,9,209.5
2026-05-18,16322,129,9,175.7
2026-05-25,16322,129,9,142.0
2026-06-01,16322,129,9,108.3
2026-06-08,16322,129,9,74.6
2026-06-15,16322,129,9,40.9
2026-06-22,16322,129,9,7.2
2026-06-29,16322,129,9,0.0
2026-06-01,16323,129,7,795.2
2026-06-08,16323,129,7,712.4
2026-06-15,16323,129,7,629.5
2026-06-22,16323,129,7,546.7
2026-06-29,16323,129,7,463.9
2024-09-02,16324,129,10,310.0
2024-09-09,16324,129,10,285.1
2024-09-16,16324,129,10,260.1
2024-09-23,16324,129,10,235.1
2024-09-30,16324,129,10,210.1
2024-10-07,16324,129,10,185.2
2024-10-14,16324,129,10,160.2
2024-10-21,16324,129,10,135.2
2024-10-28,16324,129,10,110.3
2024-11-04,16324,129,10,85.3
2024-11-11,16324,129,10,60.3
2024-11-18,16324,129,10,35.4
2024-10-07,16325,129,10,339.9
2024-10-14,16325,129,10,277.8
2024-10-21,16325,129,10,215.7
2024-10-28,16325,129,10,153.6
2024-11-04,16325,129,10,91.6
2024-11-11,16325,129,10,29.5
2024-11-18,16325,129,10,0.0
2024-12-09,16326,129,10,56.9
2024-12-16,16326,129,10,46.8
2024-12-23,16326,129,10,36.7
2024-12-30,16326,129,10,26.6
2025-01-06,16326,129,10,16.5
2025-01-13,16326,129,10,6.4
2025-01-20,16326,129,10,0.0
2025-01-13,16327,129,10,284.5
2025-01-20,16327,129,10,221.1
2025-01-27,16327,129,10,157.6
2025-02-03,16327,129,10,94.1
2025-02-10,16327,129,10,30.7
2025-02-17,16327,129,10,0.0
2025-03-03,16328,129,10,175.6
2025-03-10,16328,129,10,154.1
2025-03-17,16328,129,10,132.7
2025-03-24,16328,129,10,111.2
2025-03-31,16328,129,10,89.8
2025-04-07,16328,129,10,68.3
2025-04-14,16328,129,10,46.9
2025-04-21,16328,129,10,25.4
2025-04-28,16328,129,10,4.0
2025-05-05,16328,129,10,0.0
2025-05-05,16329,129,10,259.4
2025-05-12,16329,129,10,190.8
2025-05-19,16329,129,10,122.2
2025-05-26,16329,129,10,53.6
2025-06-02,16329,129,10,0.0
2025-08-11,16330,129,10,683.7
2025-08-18,16330,129,10,534.4
2025-08-25,16330,129,10,385.0
2025-09-01,16330,129,10,235.7
2025-09-08,16330,129,10,86.4
2025-09-15,16330,129,10,0.0
2025-10-06,16331,129,10,572.5
2025-10-13,16331,129,10,421.1
2025-10-20,16331,129,10,269.6
2025-10-27,16331,129,10,118.1
2025-11-03,16331,129,10,0.0
2025-11-03,16332,129,10,85.8
2025-11-10,16332,129,10,75.5
2025-11-17,16332,129,10,65.3
2025-11-24,16332,129,10,55.0
2025-12-01,16332,129,10,44.8
2025-12-08,16332,129,10,34.5
2025-12-15,16332,129,10,24.3
2025-12-22,16332,129,10,14.0
2025-12-29,16332,129,10,3.8
2026-01-05,16332,129,10,0.0
2025-12-29,16333,129,10,629.6
2026-01-05,16333,129,10,461.3
2026-01-12,16333,129,10,292.9
2026-01-19,16333,129,10,124.5
2026-01-26,16333,129,10,0.0
2026-04-20,16334,129,10,116.0
2026-04-27,16334,129,10,99.0
2026-05-04,16334,129,10,82.0
2026-05-11,16334,129,10,65.1
2026-05-18,16334,129,10,48.1
2026-05-25,16334,129,10,31.1
2026-06-01,16334,129,10,14.1
2026-06-08,16334,129,10,0.0
2026-05-11,16335,129,10,385.1
2026-05-18,16335,129,10,349.2
2026-05-25,16335,129,10,313.3
2026-06-01,16335,129,10,277.5
2026-06-08,16335,129,10,241.6
2026-06-15,16335,129,10,205.7
2026-06-22,16335,129,10,169.8
2026-06-29,16335,129,10,133.9
2024-07-08,16336,130,1,121.2
2024-07-15,16337,130,1,251.3
2024-07-22,16338,130,3,569.9
2024-08-05,16340,130,1,452.6
2024-08-12,16341,130,1,354.3
2024-08-26,16343,130,3,611.0
2024-09-02,16344,130,1,387.1
2024-09-16,16346,130,3,251.8
2024-09-23,16347,130,3,90.9
2024-09-30,16348,130,1,104.4
2024-10-07,16349,130,3,193.1
2024-10-14,16350,130,1,265.4
2024-10-21,16351,130,3,253.0
2024-10-28,16352,130,1,478.0
2024-11-04,16353,130,1,48.4
2024-11-11,16354,130,3,32.4
2024-11-18,16355,130,3,274.2
2024-11-25,16356,130,3,449.9
2024-12-02,16357,130,3,391.1
2024-12-09,16358,130,1,335.1
2024-12-23,16360,130,3,356.5
2024-12-30,16361,130,1,92.5
2025-01-06,16362,130,1,329.5
2025-01-13,16363,130,1,168.6
2025-01-27,16365,130,3,291.1
2025-02-03,16366,130,1,330.0
2025-02-10,16367,130,3,400.7
2025-02-24,16369,130,1,258.5
2025-03-03,16370,130,1,169.7
2025-03-10,16371,130,1,60.0
2025-03-24,16373,130,1,384.6
2025-04-07,16375,130,1,570.8
2025-04-21,16377,130,1,408.1
2025-04-28,16378,130,1,90.4
2025-05-12,16380,130,3,106.2
2025-05-19,16381,130,1,327.0
2025-05-26,16382,130,3,304.0
2025-06-02,16383,130,3,169.3
2025-06-09,16384,130,3,36.5
2025-06-16,16385,130,1,74.1
2025-06-23,16386,130,1,190.7
2025-06-30,16387,130,3,51.5
2025-07-07,16388,130,3,248.8
2025-07-14,16389,130,1,484.4
2025-07-21,16390,130,1,496.3
2025-07-28,16391,130,1,208.6
2025-08-04,16392,130,3,477.8
2025-08-11,16393,130,1,222.2
2025-08-18,16394,130,1,197.1
2025-08-25,16395,130,3,293.1
2025-09-01,16396,130,1,448.5
2025-09-08,16397,130,1,399.2
2025-09-15,16398,130,3,270.9
2025-09-22,16399,130,3,167.4
2025-09-29,16400,130,1,137.2
2025-10-06,16401,130,3,68.4
2025-10-13,16402,130,3,489.2
2025-10-20,16403,130,1,151.5
2025-10-27,16404,130,3,327.8
2025-11-03,16405,130,1,162.5
2025-11-10,16406,130,3,197.2
2025-11-17,16407,130,1,269.8
2025-11-24,16408,130,1,159.5
2025-12-08,16410,130,1,567.3
2025-12-15,16411,130,1,372.8
2025-12-22,16412,130,1,64.7
2026-01-05,16414,130,1,223.8
2026-01-12,16415,130,1,205.9
2026-01-19,16416,130,3,371.4
2026-01-26,16417,130,3,483.4
2026-02-02,16418,130,1,62.9
2026-02-16,16420,130,1,535.6
2026-02-23,16421,130,1,53.1
2026-03-02,16422,130,1,365.1
2026-03-16,16424,130,3,412.3
2026-03-23,16425,130,1,174.0
2026-03-30,16426,130,1,110.9
2026-04-06,16427,130,1,239.9
2026-04-13,16428,130,3,269.9
2026-04-20,16429,130,3,153.9
2026-04-27,16430,130,1,474.3
2026-05-04,16431,130,3,331.0
2026-05-11,16432,130,3,106.7
2026-05-18,16433,130,1,94.2
2026-05-25,16434,130,3,129.0
2026-06-01,16435,130,1,439.6
2026-06-08,16436,130,1,412.4
2026-06-15,16437,130,1,213.5
2026-06-29,16439,130,3,381.6
2024-07-08,16440,130,4,34.6
2024-07-15,16441,130,4,51.7
2024-07-22,16442,130,4,583.8
2024-07-29,16443,130,4,563.8
2024-08-05,16444,130,4,194.2
2024-08-12,16445,130,4,401.8
2024-08-19,16446,130,4,267.6
2024-08-26,16447,130,4,621.3
2024-09-02,16448,130,4,519.1
2024-09-09,16449,130,4,241.0
2024-09-16,16450,130,4,145.8
2024-09-23,16451,130,4,421.4
2024-09-30,16452,130,4,642.4
2024-10-07,16453,130,4,364.0
2024-10-14,16454,130,4,85.0
2024-10-21,16455,130,4,303.7
2024-10-28,16456,130,4,278.3
2024-11-04,16457,130,4,471.1
2024-11-11,16458,130,4,646.5
2024-11-25,16460,130,4,191.1
2024-12-02,16461,130,4,428.4
2024-12-09,16462,130,4,312.9
2024-12-16,16463,130,4,364.6
2024-12-23,16464,130,4,203.9
2025-01-13,16467,130,4,641.7
2025-01-20,16468,130,4,170.4
2025-01-27,16469,130,4,391.9
2025-02-03,16470,130,4,134.9
2025-02-10,16471,130,4,305.1
2025-02-17,16472,130,4,110.6
2025-02-24,16473,130,4,321.9
2025-03-03,16474,130,4,90.7
2025-03-10,16475,130,4,170.4
2025-03-17,16476,130,4,265.5
2025-03-31,16478,130,4,182.6
2025-04-07,16479,130,4,107.6
2025-04-14,16480,130,4,414.4
2025-04-21,16481,130,4,347.1
2025-04-28,16482,130,4,409.2
2025-05-05,16483,130,4,85.8
2025-05-19,16485,130,4,484.4
2025-05-26,16486,130,4,538.9
2025-06-09,16488,130,4,102.0
2025-06-16,16489,130,4,535.5
2025-06-23,16490,130,4,321.8
2025-06-30,16491,130,4,312.1
2025-07-07,16492,130,4,303.4
2025-07-14,16493,130,4,364.9
2025-07-21,16494,130,4,216.2
2025-07-28,16495,130,4,29.4
2025-08-04,16496,130,4,263.6
2025-08-11,16497,130,4,310.7
2025-08-18,16498,130,4,419.6
2025-08-25,16499,130,4,136.5
2025-09-01,16500,130,4,52.2
2025-09-08,16501,130,4,361.0
2025-09-15,16502,130,4,430.7
2025-09-22,16503,130,4,294.1
2025-09-29,16504,130,4,370.4
2025-10-06,16505,130,4,455.3
2025-10-20,16507,130,4,580.2
2025-10-27,16508,130,4,124.1
2025-11-03,16509,130,4,66.4
2025-11-10,16510,130,4,195.2
2025-11-24,16512,130,4,67.1
2025-12-01,16513,130,4,229.7
2025-12-08,16514,130,4,78.4
2025-12-15,16515,130,4,137.2
2025-12-29,16517,130,4,277.4
2026-01-05,16518,130,4,167.3
2026-01-12,16519,130,4,475.8
2026-01-19,16520,130,4,459.8
2026-01-26,16521,130,4,121.7
2026-02-02,16522,130,4,190.0
2026-02-09,16523,130,4,112.1
2026-02-16,16524,130,4,518.8
2026-03-02,16526,130,4,181.8
2026-03-09,16527,130,4,487.9
2026-03-23,16529,130,4,366.3
2026-03-30,16530,130,4,197.7
2026-04-06,16531,130,4,210.7
2026-04-13,16532,130,4,514.8
2026-04-20,16533,130,4,327.7
2026-04-27,16534,130,4,35.8
2026-05-04,16535,130,4,396.0
2026-05-11,16536,130,4,336.5
2026-05-18,16537,130,4,123.1
2026-05-25,16538,130,4,227.8
2026-06-01,16539,130,4,317.8
2026-06-08,16540,130,4,345.9
2026-06-15,16541,130,4,194.8
2026-06-29,16543,130,4,41.5
2024-07-08,16544,130,5,472.2
2024-07-15,16545,130,5,295.3
2024-07-22,16546,130,5,598.2
2024-07-29,16547,130,5,146.3
2024-08-05,16548,130,5,182.5
2024-08-12,16549,130,5,403.8
2024-08-19,16550,130,5,271.1
2024-08-26,16551,130,5,326.5
2024-09-02,16552,130,5,288.7
2024-09-09,16553,130,5,45.9
2024-09-23,16555,130,5,237.9
2024-09-30,16556,130,5,279.5
2024-10-07,16557,130,5,427.0
2024-10-14,16558,130,5,198.0
2024-10-21,16559,130,5,403.2
2024-10-28,16560,130,5,158.9
2024-11-04,16561,130,5,356.4
2024-11-11,16562,130,5,227.4
2024-11-18,16563,130,5,352.5
2024-11-25,16564,130,5,320.5
2024-12-02,16565,130,5,197.1
2024-12-09,16566,130,5,350.5
2024-12-16,16567,130,5,170.5
2024-12-23,16568,130,5,373.4
2025-01-06,16570,130,5,75.1
2025-01-13,16571,130,5,175.2
2025-01-27,16573,130,5,197.6
2025-02-03,16574,130,5,534.8
2025-02-10,16575,130,5,82.4
2025-02-17,16576,130,5,108.1
2025-02-24,16577,130,5,60.4
2025-03-03,16578,130,5,377.7
2025-03-10,16579,130,5,309.3
2025-03-17,16580,130,5,255.4
2025-03-24,16581,130,5,427.2
2025-04-07,16583,130,5,559.9
2025-04-28,16586,130,5,128.8
2025-05-05,16587,130,5,243.2
2025-05-12,16588,130,5,554.4
2025-05-19,16589,130,5,149.1
2025-05-26,16590,130,5,539.6
2025-06-02,16591,130,5,232.0
2025-06-09,16592,130,5,161.0
2025-06-16,16593,130,5,121.5
2025-06-23,16594,130,5,443.2
2025-06-30,16595,130,5,76.2
2025-07-07,16596,130,5,309.2
2025-07-14,16597,130,5,435.6
2025-07-21,16598,130,5,389.5
2025-07-28,16599,130,5,161.4
2025-08-04,16600,130,5,99.2
2025-08-11,16601,130,5,297.5
2025-08-18,16602,130,5,359.9
2025-08-25,16603,130,5,95.0
2025-09-08,16605,130,5,294.5
2025-09-15,16606,130,5,138.7
2025-09-22,16607,130,5,51.4
2025-10-13,16610,130,5,345.3
2025-10-20,16611,130,5,222.4
2025-11-03,16613,130,5,136.9
2025-11-10,16614,130,5,44.4
2025-11-17,16615,130,5,61.3
2025-11-24,16616,130,5,78.9
2025-12-01,16617,130,5,151.5
2025-12-08,16618,130,5,308.6
2025-12-15,16619,130,5,91.6
2025-12-29,16621,130,5,148.7
2026-01-05,16622,130,5,79.9
2026-01-12,16623,130,5,323.3
2026-01-19,16624,130,5,260.1
2026-01-26,16625,130,5,413.2
2026-02-02,16626,130,5,53.9
2026-02-09,16627,130,5,160.2
2026-03-02,16630,130,5,161.0
2026-03-09,16631,130,5,115.7
2026-03-23,16633,130,5,386.5
2026-03-30,16634,130,5,432.2
2026-04-06,16635,130,5,489.3
2026-04-13,16636,130,5,115.8
2026-04-20,16637,130,5,104.0
2026-05-04,16639,130,5,547.0
2026-05-11,16640,130,5,402.5
2026-05-18,16641,130,5,392.3
2026-05-25,16642,130,5,299.7
2026-06-01,16643,130,5,258.3
2026-06-08,16644,130,5,389.0
2026-06-22,16646,130,5,519.8
2024-07-08,16649,130,7,492.1
2024-07-15,16650,130,9,514.4
2024-07-29,16652,130,9,371.1
2024-08-05,16653,130,7,76.4
2024-08-12,16654,130,9,439.3
2024-08-19,16655,130,9,47.1
2024-08-26,16656,130,7,396.6
2024-09-02,16657,130,7,57.0
2024-09-09,16658,130,9,471.0
2024-09-16,16659,130,7,282.3
2024-09-23,16660,130,7,151.1
2024-10-07,16662,130,7,126.9
2024-10-14,16663,130,7,133.8
2024-10-21,16664,130,9,196.0
2024-11-04,16666,130,9,452.8
2024-11-11,16667,130,7,43.8
2024-11-18,16668,130,9,415.7
2024-11-25,16669,130,7,400.8
2024-12-02,16670,130,7,355.0
2024-12-09,16671,130,7,152.2
2024-12-30,16674,130,7,242.2
2025-01-06,16675,130,9,456.9
2025-01-13,16676,130,7,212.2
2025-01-20,16677,130,9,552.8
2025-02-03,16679,130,7,340.6
2025-02-10,16680,130,7,236.1
2025-02-17,16681,130,9,133.3
2025-02-24,16682,130,7,518.9
2025-03-03,16683,130,9,252.5
2025-03-10,16684,130,9,210.9
2025-03-17,16685,130,7,344.6
2025-03-24,16686,130,7,309.7
2025-03-31,16687,130,9,170.5
2025-04-07,16688,130,7,119.7
2025-04-14,16689,130,9,487.0
2025-04-21,16690,130,7,207.1
2025-04-28,16691,130,7,312.0
2025-05-12,16693,130,7,179.1
2025-05-19,16694,130,7,77.1
2025-05-26,16695,130,7,426.8
2025-06-02,16696,130,9,392.2
2025-06-09,16697,130,9,428.5
2025-06-16,16698,130,7,44.6
2025-06-23,16699,130,9,151.0
2025-07-07,16701,130,9,60.1
2025-07-14,16702,130,7,383.2
2025-07-21,16703,130,9,315.1
2025-07-28,16704,130,9,273.1
2025-08-04,16705,130,7,282.0
2025-08-11,16706,130,9,294.2
2025-08-18,16707,130,7,626.2
2025-08-25,16708,130,7,186.9
2025-09-01,16709,130,9,372.5
2025-09-08,16710,130,9,152.2
2025-09-15,16711,130,9,258.3
2025-09-22,16712,130,9,568.8
2025-09-29,16713,130,9,125.1
2025-10-06,16714,130,7,37.6
2025-10-13,16715,130,9,242.2
2025-10-20,16716,130,9,365.5
2025-10-27,16717,130,9,332.9
2025-11-03,16718,130,7,476.2
2025-11-17,16720,130,7,172.1
2025-11-24,16721,130,9,230.0
2025-12-08,16723,130,9,178.2
2025-12-15,16724,130,9,99.6
2025-12-22,16725,130,9,218.7
2025-12-29,16726,130,7,316.8
2026-01-05,16727,130,7,261.9
2026-01-12,16728,130,7,472.2
2026-01-19,16729,130,9,407.1
2026-01-26,16730,130,9,87.2
2026-02-02,16731,130,7,427.3
2026-02-09,16732,130,7,399.8
2026-02-16,16733,130,7,475.7
2026-02-23,16734,130,9,139.0
2026-03-02,16735,130,9,433.0
2026-03-16,16737,130,9,264.5
2026-03-23,16738,130,7,194.7
2026-03-30,16739,130,9,251.3
2026-04-06,16740,130,9,37.5
2026-04-13,16741,130,7,231.6
2026-04-20,16742,130,9,101.3
2026-04-27,16743,130,7,135.7
2026-05-04,16744,130,7,207.8
2026-05-11,16745,130,9,87.2
2026-05-18,16746,130,9,400.7
2026-05-25,16747,130,7,454.2
2026-06-01,16748,130,9,47.3
2026-06-15,16750,130,9,499.7
2026-06-22,16751,130,7,520.7
2026-06-29,16752,130,7,317.3
2024-07-08,16754,130,10,270.4
2024-07-15,16755,130,10,443.2
2024-07-22,16756,130,10,152.8
2024-07-29,16757,130,10,162.3
2024-08-05,16758,130,10,306.1
2024-08-19,16760,130,10,367.8
2024-08-26,16761,130,10,183.8
2024-09-02,16762,130,10,307.6
2024-09-09,16763,130,10,382.3
2024-09-16,16764,130,10,356.2
2024-09-23,16765,130,10,354.6
2024-09-30,16766,130,10,282.8
2024-10-07,16767,130,10,40.9
2024-10-14,16768,130,10,209.8
2024-11-04,16771,130,10,212.6
2024-11-11,16772,130,10,407.8
2024-11-18,16773,130,10,297.2
2024-11-25,16774,130,10,316.0
2024-12-02,16775,130,10,123.1
2024-12-09,16776,130,10,258.3
2024-12-16,16777,130,10,309.3
2025-01-06,16780,130,10,238.6
2025-01-13,16781,130,10,234.4
2025-01-20,16782,130,10,399.8
2025-01-27,16783,130,10,338.7
2025-02-03,16784,130,10,34.2
2025-02-10,16785,130,10,587.1
2025-02-24,16787,130,10,215.6
2025-03-03,16788,130,10,209.6
2025-03-10,16789,130,10,585.5
2025-03-17,16790,130,10,290.2
2025-03-31,16792,130,10,132.9
2025-04-07,16793,130,10,507.0
2025-04-14,16794,130,10,177.7
2025-04-21,16795,130,10,453.9
2025-04-28,16796,130,10,389.3
2025-05-05,16797,130,10,112.4
2025-05-12,16798,130,10,331.9
2025-05-19,16799,130,10,63.1
2025-05-26,16800,130,10,117.1
2025-06-02,16801,130,10,310.5
2025-06-16,16803,130,10,371.0
2025-06-23,16804,130,10,54.7
2025-06-30,16805,130,10,291.3
2025-07-07,16806,130,10,464.3
2025-07-21,16808,130,10,107.3
2025-07-28,16809,130,10,120.6
2025-08-04,16810,130,10,320.3
2025-08-11,16811,130,10,207.7
2025-08-18,16812,130,10,386.7
2025-08-25,16813,130,10,46.0
2025-09-01,16814,130,10,62.1
2025-09-08,16815,130,10,47.4
2025-09-15,16816,130,10,191.6
2025-09-22,16817,130,10,453.7
2025-09-29,16818,130,10,424.5
2025-10-06,16819,130,10,307.2
2025-10-13,16820,130,10,383.2
2025-10-20,16821,130,10,187.1
2025-10-27,16822,130,10,466.8
2025-11-03,16823,130,10,93.4
2025-11-10,16824,130,10,532.7
2025-11-24,16826,130,10,334.7
2025-12-01,16827,130,10,90.9
2025-12-08,16828,130,10,377.7
2025-12-15,16829,130,10,497.2
2025-12-22,16830,130,10,461.5
2025-12-29,16831,130,10,519.8
2026-01-05,16832,130,10,89.7
2026-01-12,16833,130,10,129.0
2026-01-19,16834,130,10,175.9
2026-02-02,16836,130,10,415.5
2026-02-09,16837,130,10,253.7
2026-02-16,16838,130,10,497.0
2026-02-23,16839,130,10,103.7
2026-03-02,16840,130,10,331.5
2026-03-09,16841,130,10,575.2
2026-03-16,16842,130,10,73.2
2026-03-30,16844,130,10,311.8
2026-04-06,16845,130,10,114.2
2026-04-13,16846,130,10,353.8
2026-04-20,16847,130,10,560.5
2026-04-27,16848,130,10,341.4
2026-05-04,16849,130,10,100.8
2026-05-11,16850,130,10,395.9
2026-05-18,16851,130,10,562.9
2026-05-25,16852,130,10,241.9
2026-06-01,16853,130,10,327.5
2026-06-08,16854,130,10,50.7
2026-06-15,16855,130,10,585.7
2026-06-22,16856,130,10,365.9
2026-06-29,16857,130,10,241.0
2024-09-30,16858,131,10,1158.4
2024-10-07,16858,131,10,956.8
2024-10-14,16858,131,10,755.2
2024-10-21,16858,131,10,553.7
2024-10-28,16858,131,10,352.1
2024-11-04,16858,131,10,150.5
2024-11-11,16858,131,10,0.0
2025-02-24,16859,131,5,397.7
2025-03-03,16859,131,5,312.5
2025-03-10,16859,131,5,227.2
2025-03-17,16859,131,5,142.0
2025-03-24,16859,131,5,56.7
2025-03-31,16859,131,5,0.0
2025-05-05,16860,131,5,514.1
2025-05-12,16860,131,5,464.2
2025-05-19,16860,131,5,414.4
2025-05-26,16860,131,5,364.5
2025-06-02,16860,131,5,314.6
2025-06-09,16860,131,5,264.7
2025-06-16,16860,131,5,214.8
2025-06-23,16860,131,5,165.0
2025-06-30,16860,131,5,115.1
2025-07-07,16860,131,5,65.2
2025-07-14,16860,131,5,15.3
2025-07-21,16860,131,5,0.0
2025-08-04,16861,131,5,1019.9
2025-08-11,16861,131,5,780.7
2025-08-18,16861,131,5,541.6
2025-08-25,16861,131,5,302.4
2025-09-01,16861,131,5,63.3
2025-09-08,16861,131,5,0.0
2025-12-08,16862,131,5,203.8
2025-12-15,16862,131,5,182.5
2025-12-22,16862,131,5,161.3
2025-12-29,16862,131,5,140.0
2026-01-05,16862,131,5,118.8
2026-01-12,16862,131,5,97.5
2026-01-19,16862,131,5,76.3
2026-01-26,16862,131,5,55.0
2026-02-02,16862,131,5,33.8
2026-02-09,16862,131,5,12.6
2026-02-16,16862,131,5,0.0
2026-04-13,16863,131,6,884.3
2026-04-20,16863,131,6,802.5
2026-04-27,16863,131,6,720.8
2026-05-04,16863,131,6,639.1
2026-05-11,16863,131,6,557.3
2026-05-18,16863,131,6,475.6
2026-05-25,16863,131,6,393.9
2026-06-01,16863,131,6,312.1
2026-06-08,16863,131,6,230.4
2026-06-15,16863,131,6,148.7
2026-06-22,16863,131,6,66.9
2026-06-29,16863,131,6,0.0
2024-09-09,16864,132,1,619.5
2024-09-16,16864,132,1,545.1
2024-09-23,16864,132,1,470.6
2024-09-30,16864,132,1,396.2
2024-10-07,16864,132,1,321.7
2024-10-14,16864,132,1,247.3
2024-10-21,16864,132,1,172.8
2024-10-28,16864,132,1,98.3
2024-11-04,16864,132,1,23.9
2024-11-11,16864,132,1,0.0
2025-01-20,16865,132,6,365.3
2025-01-27,16865,132,6,334.6
2025-02-03,16865,132,6,303.9
2025-02-10,16865,132,6,273.2
2025-02-17,16865,132,6,242.5
2025-02-24,16865,132,6,211.8
2025-03-03,16865,132,6,181.1
2025-03-10,16865,132,6,150.4
2025-03-17,16865,132,6,119.6
2025-03-24,16865,132,6,88.9
2025-03-31,16865,132,6,58.2
2025-04-07,16865,132,6,27.5
2025-04-14,16865,132,6,0.0
2025-05-26,16866,132,6,989.6
2025-06-02,16866,132,6,861.1
2025-06-09,16866,132,6,732.7
2025-06-16,16866,132,6,604.2
2025-06-23,16866,132,6,475.8
2025-06-30,16866,132,6,347.4
2025-07-07,16866,132,6,218.9
2025-07-14,16866,132,6,90.5
2025-07-21,16866,132,6,0.0
2025-09-22,16867,132,4,574.5
2025-09-29,16867,132,4,415.0
2025-10-06,16867,132,4,255.5
2025-10-13,16867,132,4,96.1
2025-10-20,16867,132,4,0.0
2025-12-29,16868,132,6,328.2
2026-01-05,16868,132,6,248.5
2026-01-12,16868,132,6,168.7
2026-01-19,16868,132,6,89.0
2026-01-26,16868,132,6,9.2
2026-02-02,16868,132,6,0.0
2026-06-15,16869,132,4,899.1
2026-06-22,16869,132,4,646.2
2026-06-29,16869,132,4,393.3
2024-07-08,16870,133,1,100.6
2024-07-15,16870,133,1,0.0
2024-07-15,16871,133,1,291.9
2024-07-29,16872,133,1,256.8
2024-08-05,16873,133,1,181.6
2024-08-12,16873,133,1,52.2
2024-08-12,16874,133,1,290.1
2024-08-19,16874,133,1,179.3
2024-08-19,16875,133,1,422.4
2024-09-02,16876,133,3,383.6
2024-09-02,16877,133,3,215.2
2024-09-09,16877,133,3,46.3
2024-09-09,16878,133,3,212.3
2024-09-16,16878,133,3,112.7
2024-09-16,16879,133,1,263.8
2024-09-23,16879,133,1,36.6
2024-09-30,16880,133,1,323.8
2024-10-07,16880,133,1,162.5
2024-10-07,16881,133,3,201.8
2024-10-14,16882,133,3,444.0
2024-10-21,16883,133,1,226.8
2024-10-28,16883,133,1,97.6
2024-11-04,16884,133,3,232.3
2024-11-04,16885,133,3,121.3
2024-11-11,16886,133,3,101.2
2024-11-18,16886,133,3,6.3
2024-11-18,16887,133,3,116.9
2024-11-25,16887,133,3,54.7
2024-12-02,16888,133,3,68.8
2024-12-02,16889,133,3,515.5
2024-12-09,16889,133,3,216.0
2024-12-16,16890,133,3,309.3
2024-12-30,16891,133,3,383.7
2024-12-30,16892,133,3,345.0
2025-01-06,16892,133,3,0.0
2025-01-13,16893,133,1,76.3
2025-01-20,16894,133,1,447.7
2025-01-20,16895,133,3,434.6
2025-01-27,16895,133,3,174.2
2025-01-27,16896,133,3,295.6
2025-02-03,16896,133,3,3.2
2025-02-03,16897,133,1,476.3
2025-02-10,16897,133,1,300.5
2025-02-24,16898,133,1,609.3
2025-03-03,16899,133,1,395.5
2025-03-03,16900,133,3,213.1
2025-03-10,16900,133,3,50.2
2025-03-17,16901,133,1,260.4
2025-03-17,16902,133,3,520.5
2025-03-24,16902,133,3,287.1
2025-03-31,16903,133,3,501.4
2025-04-07,16904,133,3,49.7
2025-04-14,16904,133,3,21.4
2025-04-21,16905,133,3,393.4
2025-04-21,16906,133,1,559.2
2025-05-05,16907,133,1,57.4
2025-05-05,16908,133,1,248.9
2025-05-12,16908,133,1,119.8
2025-05-19,16909,133,1,54.5
2025-05-26,16910,133,1,146.0
2025-06-09,16911,133,1,327.2
2025-06-09,16912,133,3,204.0
2025-06-23,16913,133,1,456.9
2025-06-23,16914,133,3,229.0
2025-06-30,16914,133,3,94.1
2025-07-07,16915,133,1,435.0
2025-07-14,16915,133,1,247.1
2025-07-07,16916,133,1,524.0
2025-07-14,16916,133,1,149.0
2025-07-21,16917,133,1,420.4
2025-07-28,16917,133,1,68.7
2025-07-28,16918,133,3,235.5
2025-08-04,16919,133,3,140.4
2025-08-11,16920,133,3,181.1
2025-08-18,16921,133,3,571.9
2025-08-25,16921,133,3,374.8
2025-09-01,16922,133,3,373.1
2025-09-08,16922,133,3,0.0
2025-09-08,16923,133,1,149.6
2025-09-15,16923,133,1,9.2
2025-09-15,16924,133,3,43.9
2025-09-22,16924,133,3,0.0
2025-09-22,16925,133,1,197.3
2025-10-06,16926,133,3,217.9
2025-10-13,16927,133,1,225.9
2025-10-20,16928,133,1,464.9
2025-10-20,16929,133,1,64.1
2025-10-27,16929,133,1,0.0
2025-11-03,16930,133,3,148.0
2025-11-03,16931,133,1,207.3
2025-11-10,16931,133,1,20.6
2025-11-24,16932,133,1,256.9
2025-11-24,16933,133,3,96.4
2025-12-01,16933,133,3,63.9
2025-12-01,16934,133,3,245.6
2025-12-08,16934,133,3,0.0
2025-12-15,16935,133,3,543.5
2025-12-22,16936,133,1,186.4
2025-12-29,16937,133,3,266.6
2025-12-29,16938,133,1,188.2
2026-01-05,16938,133,1,47.3
2026-01-12,16939,133,3,206.1
2026-01-19,16939,133,3,0.0
2026-01-19,16940,133,1,335.3
2026-01-26,16941,133,1,380.3
2026-02-02,16942,133,1,385.5
2026-02-16,16943,133,3,351.6
2026-02-16,16944,133,3,37.0
2026-02-23,16944,133,3,0.0
2026-02-23,16945,133,3,268.9
2026-03-02,16945,133,3,173.7
2026-03-09,16946,133,1,363.5
2026-03-16,16946,133,1,0.0
2026-03-23,16947,133,3,316.1
2026-03-23,16948,133,1,409.9
2026-03-30,16948,133,1,11.8
2026-03-30,16949,133,1,605.5
2026-04-06,16949,133,1,329.0
2026-04-13,16950,133,1,198.4
2026-04-20,16950,133,1,101.9
2026-04-20,16951,133,3,53.9
2026-04-27,16952,133,1,85.3
2026-05-11,16953,133,3,195.4
2026-05-11,16954,133,1,136.3
2026-05-18,16954,133,1,30.6
2026-05-18,16955,133,3,204.0
2026-05-25,16956,133,1,305.0
2026-06-01,16956,133,1,0.0
2026-06-01,16957,133,3,240.0
2026-06-08,16957,133,3,70.9
2026-06-15,16958,133,1,55.2
2026-06-15,16959,133,3,356.7
2026-06-22,16959,133,3,176.4
2024-07-15,16962,133,4,386.5
2024-07-15,16963,133,4,432.7
2024-07-22,16963,133,4,36.5
2024-07-22,16964,133,4,351.1
2024-07-29,16964,133,4,134.3
2024-07-29,16965,133,4,63.7
2024-08-05,16965,133,4,28.4
2024-08-12,16966,133,4,54.1
2024-08-19,16966,133,4,14.1
2024-08-19,16967,133,4,82.7
2024-08-26,16967,133,4,0.0
2024-08-26,16968,133,4,200.0
2024-09-02,16969,133,4,192.5
2024-09-09,16969,133,4,34.0
2024-09-09,16970,133,4,436.6
2024-09-16,16971,133,4,194.3
2024-09-23,16971,133,4,108.6
2024-09-30,16972,133,4,166.5
2024-10-07,16973,133,4,76.2
2024-10-07,16974,133,4,356.4
2024-10-14,16974,133,4,220.7
2024-10-21,16975,133,4,564.9
2024-11-04,16976,133,4,391.6
2024-11-04,16977,133,4,116.1
2024-11-11,16978,133,4,148.7
2024-11-18,16978,133,4,82.4
2024-11-18,16979,133,4,543.0
2024-11-25,16979,133,4,258.1
2024-12-02,16980,133,4,447.7
2024-12-02,16981,133,4,72.5
2024-12-09,16981,133,4,0.0
2024-12-16,16982,133,4,187.5
2024-12-23,16983,133,4,387.0
2024-12-30,16983,133,4,167.0
2024-12-30,16984,133,4,209.5
2025-01-06,16984,133,4,134.9
2025-01-06,16985,133,4,637.8
2025-01-13,16985,133,4,398.6
2025-01-20,16986,133,4,404.9
2025-01-27,16987,133,4,459.2
2025-02-03,16987,133,4,131.4
2025-01-27,16988,133,4,73.1
2025-02-03,16988,133,4,32.1
2025-02-10,16989,133,4,124.6
2025-02-17,16989,133,4,43.2
2025-02-17,16990,133,4,35.1
2025-02-24,16991,133,4,250.1
2025-03-03,16991,133,4,1.3
2025-03-10,16992,133,4,297.4
2025-03-10,16993,133,4,101.6
2025-03-17,16993,133,4,52.2
2025-03-17,16994,133,4,273.5
2025-03-24,16994,133,4,64.0
2025-03-31,16995,133,4,531.5
2025-04-07,16996,133,4,334.2
2025-04-14,16997,133,4,105.6
2025-04-28,16998,133,4,275.3
2025-04-28,16999,133,4,310.8
2025-05-05,16999,133,4,0.0
2025-05-12,17000,133,4,212.6
2025-05-19,17001,133,4,305.2
2025-05-26,17001,133,4,126.5
2025-05-26,17002,133,4,357.2
2025-06-02,17002,133,4,0.0
2025-06-02,17003,133,4,592.2
2025-06-16,17004,133,4,333.1
2025-06-23,17005,133,4,366.2
2025-06-23,17006,133,4,465.4
2025-06-30,17007,133,4,218.7
2025-07-07,17007,133,4,0.0
2025-07-14,17008,133,4,500.2
2025-07-21,17009,133,4,628.7
2025-07-28,17009,133,4,392.4
2025-07-28,17010,133,4,453.0
2025-08-04,17010,133,4,89.0
2025-08-11,17011,133,4,205.1
2025-08-18,17012,133,4,440.4
2025-08-25,17013,133,4,205.8
2025-09-01,17014,133,4,171.2
2025-09-08,17015,133,4,165.9
2025-09-15,17015,133,4,0.0
2025-09-15,17016,133,4,201.3
2025-09-22,17017,133,4,438.8
2025-10-06,17018,133,4,63.7
2025-10-06,17019,133,4,385.0
2025-10-13,17020,133,4,563.2
2025-10-20,17021,133,4,187.7
2025-10-27,17021,133,4,18.4
2025-11-03,17022,133,4,408.9
2025-11-10,17023,133,4,418.6
2025-11-24,17024,133,4,72.2
2025-11-24,17025,133,4,173.5
2025-12-01,17025,133,4,55.0
2025-12-08,17026,133,4,227.5
2025-12-15,17027,133,4,402.7
2025-12-15,17028,133,4,384.9
2025-12-22,17028,133,4,108.7
2025-12-29,17029,133,4,245.8
2026-01-12,17030,133,4,295.7
2026-01-12,17031,133,4,434.3
2026-01-19,17032,133,4,438.8
2026-01-26,17033,133,4,271.1
2026-02-02,17034,133,4,162.7
2026-02-09,17034,133,4,56.4
2026-02-16,17035,133,4,353.1
2026-02-23,17036,133,4,319.2
2026-03-02,17036,133,4,84.4
2026-03-02,17037,133,4,239.6
2026-03-09,17037,133,4,0.0
2026-03-09,17038,133,4,302.3
2026-03-16,17038,133,4,118.7
2026-03-16,17039,133,4,290.4
2026-03-30,17040,133,4,312.3
2026-04-06,17041,133,4,427.5
2026-04-06,17042,133,4,214.8
2026-04-13,17042,133,4,0.0
2026-04-20,17043,133,4,348.1
2026-04-20,17044,133,4,322.7
2026-04-27,17044,133,4,92.3
2026-05-04,17045,133,4,169.1
2026-05-11,17046,133,4,381.4
2026-05-25,17047,133,4,131.8
2026-05-25,17048,133,4,447.6
2026-06-01,17048,133,4,234.1
2026-06-08,17049,133,4,473.9
2026-06-15,17050,133,4,225.5
2026-06-22,17051,133,4,189.8
2026-06-29,17051,133,4,0.0
2024-07-08,17053,133,5,425.2
2024-07-15,17053,133,5,169.5
2024-07-22,17054,133,5,184.9
2024-07-29,17055,133,5,332.5
2024-08-05,17056,133,5,348.5
2024-08-12,17057,133,5,293.6
2024-08-19,17057,133,5,87.2
2024-08-19,17058,133,5,99.7
2024-08-26,17059,133,5,112.1
2024-09-02,17059,133,5,69.2
2024-09-02,17060,133,5,87.2
2024-09-16,17061,133,5,390.4
2024-09-23,17062,133,5,381.4
2024-09-30,17063,133,5,458.2
2024-10-07,17064,133,5,232.2
2024-10-14,17065,133,5,93.6
2024-10-28,17066,133,5,432.5
2024-11-04,17067,133,5,111.4
2024-11-11,17068,133,5,218.5
2024-11-11,17069,133,5,579.9
2024-11-18,17069,133,5,339.7
2024-11-18,17070,133,5,116.4
2024-11-25,17070,133,5,0.0
2024-12-02,17071,133,5,441.7
2024-12-02,17072,133,5,313.6
2024-12-09,17072,133,5,0.0
2024-12-16,17073,133,5,265.1
2024-12-23,17073,133,5,89.3
2024-12-23,17074,133,5,84.6
2024-12-30,17074,133,5,48.2
2024-12-30,17075,133,5,511.6
2025-01-06,17075,133,5,210.2
2025-01-13,17076,133,5,479.9
2025-01-20,17077,133,5,418.1
2025-01-27,17078,133,5,235.1
2025-02-03,17078,133,5,86.3
2025-02-10,17079,133,5,106.9
2025-02-10,17080,133,5,220.4
2025-02-17,17081,133,5,425.3
2025-03-03,17082,133,5,433.4
2025-03-10,17083,133,5,386.7
2025-03-17,17084,133,5,439.7
2025-03-17,17085,133,5,41.2
2025-03-24,17085,133,5,20.4
2025-03-31,17086,133,5,195.9
2025-04-07,17086,133,5,86.7
2025-04-07,17087,133,5,72.5
2025-04-14,17088,133,5,165.4
2025-04-28,17089,133,5,276.6
2025-04-28,17090,133,5,246.7
2025-05-05,17090,133,5,51.3
2025-05-12,17091,133,5,407.4
2025-05-12,17092,133,5,289.4
2025-05-19,17092,133,5,148.9
2025-05-26,17093,133,5,178.8
2025-06-02,17094,133,5,343.1
2025-06-09,17095,133,5,27.2
2025-06-16,17095,133,5,0.0
2025-06-23,17096,133,5,242.8
2025-06-23,17097,133,5,416.8
2025-06-30,17097,133,5,0.0
2025-06-30,17098,133,5,530.2
2025-07-07,17098,133,5,228.4
2025-07-14,17099,133,5,86.2
2025-07-21,17100,133,5,439.8
2025-07-28,17101,133,5,503.7
2025-08-04,17101,133,5,322.4
2025-08-11,17102,133,5,156.7
2025-08-11,17103,133,5,58.0
2025-08-25,17104,133,5,576.0
2025-08-25,17105,133,5,434.9
2025-09-01,17105,133,5,113.7
2025-09-08,17106,133,5,60.0
2025-09-15,17106,133,5,6.9
2025-09-22,17107,133,5,186.0
2025-09-22,17108,133,5,120.9
2025-09-29,17109,133,5,249.3
2025-10-13,17110,133,5,280.2
2025-10-13,17111,133,5,247.1
2025-10-20,17111,133,5,1.2
2025-10-27,17112,133,5,431.2
2025-11-03,17113,133,5,523.8
2025-11-10,17114,133,5,337.3
2025-11-17,17114,133,5,0.0
2025-11-17,17115,133,5,46.1
2025-11-24,17115,133,5,14.2
2025-11-24,17116,133,5,564.7
2025-12-01,17117,133,5,330.3
2025-12-15,17118,133,5,382.1
2025-12-15,17119,133,5,239.2
2025-12-22,17119,133,5,0.0
2025-12-29,17120,133,5,297.3
2026-01-05,17121,133,5,151.5
2026-01-12,17122,133,5,483.6
2026-01-19,17123,133,5,373.4
2026-01-26,17124,133,5,215.4
2026-02-02,17125,133,5,203.0
2026-02-09,17125,133,5,124.0
2026-02-16,17126,133,5,63.3
2026-02-23,17127,133,5,139.9
2026-03-02,17128,133,5,178.0
2026-03-16,17129,133,5,52.6
2026-03-16,17130,133,5,388.5
2026-03-23,17130,133,5,162.0
2026-03-30,17131,133,5,421.0
2026-03-30,17132,133,5,215.7
2026-04-06,17132,133,5,118.4
2026-04-06,17133,133,5,129.2
2026-04-13,17133,133,5,68.3
2026-04-20,17134,133,5,578.6
2026-04-27,17134,133,5,275.3
2026-04-27,17135,133,5,239.0
2026-05-11,17136,133,5,576.9
2026-05-11,17137,133,5,300.3
2026-05-18,17138,133,5,320.1
2026-05-25,17138,133,5,21.3
2026-05-25,17139,133,5,558.2
2026-06-01,17140,133,5,235.5
2026-06-08,17140,133,5,0.0
2026-06-15,17141,133,5,172.2
2026-06-22,17141,133,5,61.3
2026-06-22,17142,133,5,104.5
2026-06-29,17143,133,5,195.1
2024-07-08,17144,133,9,389.5
2024-07-15,17144,133,9,238.1
2024-07-15,17145,133,7,332.5
2024-07-22,17145,133,7,0.0
2024-07-22,17146,133,9,259.4
2024-07-29,17146,133,9,147.9
2024-08-05,17147,133,7,634.9
2024-08-12,17148,133,7,510.8
2024-08-19,17148,133,7,306.6
2024-08-19,17149,133,7,364.0
2024-08-26,17149,133,7,129.0
2024-08-26,17150,133,9,67.2
2024-09-02,17150,133,9,19.3
2024-09-02,17151,133,9,55.2
2024-09-09,17151,133,9,4.3
2024-09-16,17152,133,9,119.8
2024-09-23,17153,133,7,200.0
2024-09-30,17154,133,9,41.2
2024-10-07,17155,133,7,177.4
2024-10-14,17155,133,7,0.0
2024-10-14,17156,133,9,79.6
2024-10-21,17157,133,9,56.2
2024-10-28,17157,133,9,36.4
2024-10-28,17158,133,7,250.1
2024-11-04,17158,133,7,166.2
2024-11-11,17159,133,7,398.0
2024-11-18,17160,133,7,608.6
2024-11-18,17161,133,7,284.5
2024-11-25,17161,133,7,1.0
2024-12-02,17162,133,9,180.6
2024-12-09,17163,133,9,412.6
2024-12-16,17163,133,9,228.2
2024-12-16,17164,133,7,99.8
2024-12-23,17164,133,7,0.0
2024-12-30,17165,133,7,531.8
2024-12-30,17166,133,7,364.2
2025-01-06,17167,133,7,353.1
2025-01-13,17168,133,7,230.7
2025-01-20,17168,133,7,63.5
2025-01-27,17169,133,9,178.8
2025-02-03,17170,133,7,83.5
2025-02-10,17170,133,7,43.1
2025-02-17,17171,133,9,289.7
2025-02-17,17172,133,9,76.3
2025-02-24,17172,133,9,44.5
2025-02-24,17173,133,9,164.3
2025-03-03,17173,133,9,0.0
2025-03-10,17174,133,9,522.4
2025-03-17,17175,133,9,38.0
2025-03-24,17176,133,9,332.5
2025-03-31,17177,133,9,48.6
2025-04-14,17178,133,7,238.5
2025-04-14,17179,133,9,601.2
2025-04-21,17179,133,9,397.4
2025-04-21,17180,133,7,401.3
2025-04-28,17180,133,7,194.5
2025-05-05,17181,133,9,412.1
2025-05-05,17182,133,7,186.1
2025-05-12,17182,133,7,16.3
2025-05-19,17183,133,9,538.3
2025-05-26,17183,133,9,224.7
2025-05-26,17184,133,7,275.0
2025-06-02,17184,133,7,76.9
2025-06-02,17185,133,9,167.8
2025-06-09,17185,133,9,37.7
2025-06-09,17186,133,9,361.6
2025-06-16,17186,133,9,85.2
2025-06-23,17187,133,9,95.9
2025-06-23,17188,133,9,87.3
2025-06-30,17188,133,9,0.0
2025-07-07,17189,133,9,426.0
2025-07-14,17189,133,9,24.9
2025-07-14,17190,133,9,220.5
2025-07-21,17190,133,9,108.0
2025-07-21,17191,133,9,251.8
2025-07-28,17192,133,7,222.5
2025-08-04,17192,133,7,0.0
2025-08-04,17193,133,7,94.2
2025-08-18,17194,133,9,432.7
2025-08-18,17195,133,9,232.0
2025-08-25,17195,133,9,0.0
2025-09-01,17196,133,9,426.5
2025-09-08,17197,133,9,332.6
2025-09-15,17197,133,9,84.2
2025-09-15,17198,133,9,385.7
2025-09-22,17199,133,9,107.0
2025-09-29,17199,133,9,0.0
2025-10-06,17200,133,7,336.8
2025-10-13,17201,133,7,475.8
2025-10-13,17202,133,7,179.0
2025-10-20,17202,133,7,109.0
2025-10-20,17203,133,9,471.0
2025-10-27,17203,133,9,191.0
2025-11-03,17204,133,7,202.3
2025-11-10,17205,133,7,239.4
2025-11-17,17205,133,7,132.8
2025-11-17,17206,133,9,99.6
2025-11-24,17206,133,9,50.3
2025-11-24,17207,133,9,129.0
2025-12-01,17207,133,9,80.1
2025-12-01,17208,133,9,296.4
2025-12-08,17209,133,7,367.3
2025-12-15,17209,133,7,0.0
2025-12-22,17210,133,9,287.0
2025-12-29,17211,133,9,258.4
2026-01-05,17211,133,9,0.0
2026-01-05,17212,133,7,176.8
2026-01-12,17213,133,7,132.4
2026-01-19,17213,133,7,62.9
2026-01-19,17214,133,9,560.7
2026-01-26,17215,133,9,381.2
2026-02-09,17216,133,7,586.9
2026-02-09,17217,133,9,119.3
2026-02-16,17217,133,9,78.6
2026-02-23,17218,133,7,460.1
2026-02-23,17219,133,9,446.8
2026-03-02,17219,133,9,78.6
2026-03-09,17220,133,7,229.5
2026-03-16,17221,133,7,470.8
2026-03-23,17221,133,7,113.5
2026-03-30,17222,133,9,165.0
2026-03-30,17223,133,9,328.1
2026-04-06,17223,133,9,12.2
2026-04-13,17224,133,7,200.7
2026-04-20,17224,133,7,88.4
2026-04-20,17225,133,7,129.7
2026-04-27,17226,133,7,273.7
2026-05-04,17227,133,9,88.5
2026-05-11,17228,133,9,282.9
2026-05-25,17229,133,7,476.3
2026-05-25,17230,133,7,217.6
2026-06-08,17231,133,9,168.9
2026-06-15,17232,133,7,453.6
2026-06-22,17232,133,7,52.3
2026-06-22,17233,133,9,309.9
2026-06-22,17234,133,7,88.7
2026-06-29,17234,133,7,56.4
2024-07-08,17236,133,10,88.7
2024-07-15,17237,133,10,38.4
2024-07-22,17237,133,10,1.8
2024-07-22,17238,133,10,224.4
2024-07-29,17238,133,10,71.7
2024-08-05,17239,133,10,232.0
2024-08-12,17240,133,10,460.2
2024-08-19,17241,133,10,444.7
2024-08-26,17242,133,10,351.5
2024-09-02,17243,133,10,588.7
2024-09-09,17244,133,10,245.7
2024-09-16,17245,133,10,193.6
2024-09-23,17245,133,10,21.1
2024-09-30,17246,133,10,377.8
2024-10-07,17247,133,10,529.6
2024-10-14,17247,133,10,337.1
2024-10-07,17248,133,10,297.4
2024-10-14,17248,133,10,0.0
2024-10-21,17249,133,10,243.0
2024-10-28,17249,133,10,16.0
2024-10-28,17250,133,10,584.2
2024-11-04,17250,133,10,345.3
2024-11-04,17251,133,10,379.7
2024-11-18,17252,133,10,144.7
2024-11-25,17253,133,10,562.7
2024-12-02,17254,133,10,262.0
2024-12-09,17255,133,10,131.6
2024-12-16,17256,133,10,146.1
2024-12-23,17257,133,10,300.6
2024-12-30,17257,133,10,155.3
2024-12-30,17258,133,10,461.4
2025-01-06,17258,133,10,117.9
2025-01-13,17259,133,10,158.4
2025-01-20,17260,133,10,394.7
2025-01-27,17261,133,10,134.6
2025-01-27,17262,133,10,412.4
2025-02-03,17262,133,10,57.7
2025-02-10,17263,133,10,551.7
2025-02-17,17263,133,10,231.4
2025-02-17,17264,133,10,497.5
2025-02-24,17264,133,10,109.1
2025-02-24,17265,133,10,229.7
2025-03-03,17265,133,10,144.5
2025-03-03,17266,133,10,422.4
2025-03-10,17266,133,10,189.7
2025-03-17,17267,133,10,431.2
2025-03-24,17268,133,10,122.8
2025-03-24,17269,133,10,88.3
2025-03-31,17269,133,10,48.6
2025-04-07,17270,133,10,62.1
2025-04-14,17271,133,10,322.6
2025-04-21,17272,133,10,93.1
2025-04-28,17272,133,10,42.1
2025-05-05,17273,133,10,292.2
2025-05-05,17274,133,10,34.5
2025-05-12,17274,133,10,4.0
2025-05-19,17275,133,10,243.5
2025-05-26,17276,133,10,277.0
2025-06-02,17277,133,10,227.7
2025-06-09,17277,133,10,58.4
2025-06-16,17278,133,10,461.1
2025-06-16,17279,133,10,508.9
2025-06-23,17279,133,10,270.8
2025-06-30,17280,133,10,104.3
2025-07-07,17281,133,10,209.6
2025-07-14,17282,133,10,304.4
2025-07-28,17283,133,10,450.1
2025-07-28,17284,133,10,439.5
2025-08-11,17285,133,10,289.7
2025-08-18,17286,133,10,265.3
2025-08-18,17287,133,10,145.6
2025-08-25,17287,133,10,41.3
2025-09-01,17288,133,10,148.5
2025-09-01,17289,133,10,370.0
2025-09-08,17289,133,10,147.1
2025-09-15,17290,133,10,138.1
2025-09-22,17290,133,10,91.3
2025-09-22,17291,133,10,81.8
2025-09-29,17292,133,10,208.3
2025-10-06,17292,133,10,0.0
2025-10-06,17293,133,10,477.0
2025-10-13,17293,133,10,177.0
2025-10-20,17294,133,10,100.3
2025-10-27,17295,133,10,642.6
2025-11-03,17296,133,10,88.4
2025-11-03,17297,133,10,51.7
2025-11-10,17297,133,10,10.5
2025-11-17,17298,133,10,379.6
2025-11-24,17299,133,10,116.5
2025-12-01,17299,133,10,48.9
2025-12-01,17300,133,10,140.6
2025-12-08,17300,133,10,29.2
2025-12-08,17301,133,10,84.2
2025-12-15,17301,133,10,36.4
2025-12-22,17302,133,10,228.6
2025-12-29,17303,133,10,193.2
2026-01-05,17304,133,10,249.1
2026-01-12,17305,133,10,277.9
2026-01-19,17305,133,10,94.9
2026-01-19,17306,133,10,29.7
2026-01-26,17306,133,10,0.0
2026-01-26,17307,133,10,223.7
2026-02-02,17308,133,10,54.1
2026-02-09,17308,133,10,0.0
2026-02-16,17309,133,10,224.7
2026-02-23,17310,133,10,389.3
2026-03-02,17310,133,10,218.6
2026-03-09,17311,133,10,98.1
2026-03-09,17312,133,10,348.1
2026-03-16,17313,133,10,403.3
2026-03-23,17314,133,10,483.6
2026-03-30,17314,133,10,179.2
2026-04-06,17315,133,10,484.6
2026-04-06,17316,133,10,90.9
2026-04-13,17316,133,10,18.7
2026-04-13,17317,133,10,99.2
2026-04-20,17317,133,10,0.0
2026-04-27,17318,133,10,249.1
2026-05-04,17318,133,10,3.3
2026-05-04,17319,133,10,461.8
2026-05-11,17319,133,10,293.7
2026-05-11,17320,133,10,395.0
2026-05-18,17321,133,10,46.3
2026-05-25,17322,133,10,178.2
2026-06-01,17322,133,10,43.5
2026-06-08,17323,133,10,433.1
2026-06-15,17324,133,10,520.8
2026-06-22,17324,133,10,246.7
2026-06-15,17325,133,10,102.6
2026-06-22,17325,133,10,37.2
2026-06-29,17326,133,10,466.7
2024-08-12,17328,134,5,810.8
2024-08-19,17328,134,5,732.7
2024-08-26,17328,134,5,654.5
2024-09-02,17328,134,5,576.4
2024-09-09,17328,134,5,498.2
2024-09-16,17328,134,5,420.1
2024-09-23,17328,134,5,341.9
2024-09-30,17328,134,5,263.8
2024-10-07,17328,134,5,185.6
2024-10-14,17328,134,5,107.5
2024-10-21,17328,134,5,29.3
2024-10-28,17328,134,5,0.0
2024-10-28,17329,134,5,68.6
2024-11-04,17329,134,5,50.3
2024-11-11,17329,134,5,31.9
2024-11-18,17329,134,5,13.5
2024-11-25,17329,134,5,0.0
2025-02-17,17330,134,5,232.0
2025-02-24,17330,134,5,199.1
2025-03-03,17330,134,5,166.1
2025-03-10,17330,134,5,133.1
2025-03-17,17330,134,5,100.1
2025-03-24,17330,134,5,67.2
2025-03-31,17330,134,5,34.2
2025-04-07,17330,134,5,1.2
2025-04-14,17330,134,5,0.0
2025-03-17,17331,134,4,71.4
2025-03-24,17331,134,4,64.8
2025-03-31,17331,134,4,58.3
2025-04-07,17331,134,4,51.7
2025-04-14,17331,134,4,45.1
2025-04-21,17331,134,4,38.5
2025-04-28,17331,134,4,32.0
2025-05-05,17331,134,4,25.4
2025-05-12,17331,134,4,18.8
2025-05-19,17331,134,4,12.2
2025-05-26,17331,134,4,5.7
2025-06-02,17331,134,4,0.0
2025-08-04,17332,134,4,557.4
2025-08-11,17332,134,4,403.9
2025-08-18,17332,134,4,250.3
2025-08-25,17332,134,4,96.8
2025-09-01,17332,134,4,0.0
2025-10-13,17333,134,4,422.2
2025-10-20,17333,134,4,318.4
2025-10-27,17333,134,4,214.6
2025-11-03,17333,134,4,110.8
2025-11-10,17333,134,4,7.0
2025-11-17,17333,134,4,0.0
2025-12-15,17334,134,5,135.4
2025-12-22,17334,134,5,105.8
2025-12-29,17334,134,5,76.2
2026-01-05,17334,134,5,46.6
2026-01-12,17334,134,5,16.9
2026-01-19,17334,134,5,0.0
2026-05-11,17335,134,4,370.1
2026-05-18,17335,134,4,311.1
2026-05-25,17335,134,4,252.2
2026-06-01,17335,134,4,193.2
2026-06-08,17335,134,4,134.3
2026-06-15,17335,134,4,75.3
2026-06-22,17335,134,4,16.4
2026-06-29,17335,134,4,0.0
2024-07-08,17336,135,3,408.7
2024-07-15,17337,135,1,175.8
2024-07-22,17338,135,1,415.0
2024-07-29,17339,135,1,275.4
2024-08-12,17340,135,3,187.7
2024-08-12,17341,135,1,148.4
2024-08-19,17341,135,1,0.0
2024-08-19,17342,135,1,84.1
2024-08-26,17342,135,1,14.2
2024-08-26,17343,135,3,244.9
2024-09-02,17343,135,3,0.0
2024-09-02,17344,135,1,71.4
2024-09-09,17345,135,3,365.4
2024-09-16,17345,135,3,172.8
2024-09-16,17346,135,3,399.7
2024-09-23,17347,135,3,340.9
2024-09-30,17348,135,3,364.6
2024-10-07,17348,135,3,0.0
2024-10-07,17349,135,3,392.3
2024-10-21,17350,135,1,503.7
2024-10-21,17351,135,1,420.0
2024-10-28,17352,135,1,183.6
2024-11-04,17353,135,1,323.8
2024-11-11,17354,135,1,438.1
2024-11-18,17355,135,1,640.1
2024-11-25,17355,135,1,404.1
2024-11-25,17356,135,1,273.5
2024-12-02,17356,135,1,12.0
2024-12-09,17357,135,3,235.8
2024-12-09,17358,135,3,270.9
2024-12-16,17358,135,3,0.0
2024-12-16,17359,135,3,181.0
2024-12-23,17360,135,1,103.4
2025-01-06,17361,135,1,306.7
2025-01-06,17362,135,1,70.8
2025-01-13,17363,135,1,162.9
2025-01-20,17363,135,1,101.8
2025-01-20,17364,135,1,215.0
2025-01-27,17365,135,3,357.8
2025-02-03,17366,135,3,219.7
2025-02-10,17367,135,1,298.0
2025-02-17,17367,135,1,68.0
2025-02-24,17368,135,1,232.3
2025-02-24,17369,135,1,239.9
2025-03-03,17369,135,1,0.0
2025-03-03,17370,135,1,282.5
2025-03-10,17370,135,1,108.1
2025-03-10,17371,135,1,529.8
2025-03-24,17372,135,1,219.5
2025-03-24,17373,135,3,300.6
2025-03-31,17373,135,3,132.1
2025-03-31,17374,135,3,166.5
2025-04-07,17375,135,3,170.5
2025-04-14,17375,135,3,0.0
2025-04-14,17376,135,1,489.6
2025-04-28,17377,135,1,132.1
2025-04-28,17378,135,3,64.4
2025-05-05,17379,135,1,60.1
2025-05-12,17379,135,1,20.1
2025-05-19,17380,135,3,387.2
2025-05-26,17381,135,3,239.7
2025-05-26,17382,135,3,394.3
2025-06-02,17383,135,3,493.6
2025-06-09,17384,135,3,415.1
2025-06-16,17384,135,3,81.3
2025-06-16,17385,135,1,82.1
2025-06-23,17385,135,1,1.1
2025-06-23,17386,135,3,428.3
2025-06-30,17387,135,3,149.4
2025-07-14,17388,135,1,287.0
2025-07-14,17389,135,3,76.5
2025-07-21,17389,135,3,27.0
2025-07-21,17390,135,3,384.1
2025-07-28,17390,135,3,52.1
2025-07-28,17391,135,1,527.0
2025-08-04,17391,135,1,255.0
2025-08-04,17392,135,3,268.9
2025-08-18,17393,135,3,315.3
2025-08-25,17394,135,3,251.4
2025-08-25,17395,135,3,301.9
2025-09-01,17396,135,3,361.1
2025-09-08,17397,135,3,215.3
2025-09-15,17398,135,3,487.0
2025-09-22,17399,135,3,57.5
2025-09-29,17400,135,1,406.8
2025-10-06,17401,135,1,209.6
2025-10-13,17401,135,1,131.1
2025-10-13,17402,135,1,100.4
2025-10-20,17403,135,3,355.4
2025-10-27,17403,135,3,204.8
2025-10-27,17404,135,3,422.4
2025-11-03,17405,135,1,89.7
2025-11-10,17406,135,1,560.1
2025-11-24,17407,135,1,427.8
2025-11-24,17408,135,3,133.6
2025-12-01,17409,135,1,128.7
2025-12-08,17409,135,1,50.3
2025-12-15,17410,135,1,44.4
2025-12-15,17411,135,1,394.2
2025-12-22,17412,135,3,386.5
2026-01-05,17413,135,1,194.5
2026-01-05,17414,135,3,126.3
2026-01-19,17415,135,3,442.0
2026-01-19,17416,135,3,58.2
2026-01-26,17417,135,3,247.5
2026-02-02,17418,135,1,127.5
2026-02-09,17419,135,3,322.8
2026-02-16,17420,135,1,348.9
2026-02-23,17421,135,1,130.9
2026-03-02,17422,135,1,190.4
2026-03-09,17422,135,1,112.8
2026-03-09,17423,135,3,529.7
2026-03-23,17424,135,1,477.8
2026-03-23,17425,135,3,329.7
2026-03-30,17425,135,3,58.4
2026-03-30,17426,135,1,53.0
2026-04-06,17426,135,1,15.9
2026-04-06,17427,135,1,431.6
2026-04-13,17427,135,1,18.2
2026-04-20,17428,135,1,35.9
2026-04-20,17429,135,3,400.8
2026-04-27,17430,135,3,554.6
2026-05-04,17431,135,1,60.1
2026-05-11,17432,135,3,147.2
2026-05-18,17433,135,1,264.5
2026-06-01,17434,135,3,425.0
2026-06-08,17435,135,3,135.7
2026-06-08,17436,135,1,102.7
2026-06-15,17437,135,1,110.4
2026-06-22,17438,135,1,570.0
2026-06-29,17439,135,1,371.9
2024-07-08,17441,135,4,93.2
2024-07-15,17442,135,4,349.3
2024-07-22,17443,135,4,171.8
2024-07-29,17444,135,4,501.1
2024-08-05,17445,135,4,127.6
2024-08-12,17445,135,4,54.1
2024-08-12,17446,135,4,359.4
2024-08-19,17447,135,4,128.7
2024-08-26,17448,135,4,141.8
2024-09-02,17448,135,4,19.6
2024-09-02,17449,135,4,29.8
2024-09-09,17450,135,4,311.0
2024-09-16,17451,135,4,342.7
2024-09-23,17452,135,4,253.8
2024-09-30,17452,135,4,156.5
2024-09-30,17453,135,4,279.1
2024-10-07,17453,135,4,137.3
2024-10-07,17454,135,4,58.8
2024-10-14,17454,135,4,0.0
2024-10-21,17455,135,4,466.9
2024-10-21,17456,135,4,579.9
2024-10-28,17456,135,4,290.7
2024-10-28,17457,135,4,256.4
2024-11-04,17457,135,4,146.8
2024-11-04,17458,135,4,137.8
2024-11-11,17459,135,4,599.1
2024-11-18,17459,135,4,347.3
2024-11-18,17460,135,4,118.8
2024-11-25,17461,135,4,174.4
2024-12-02,17461,135,4,51.8
2024-12-02,17462,135,4,334.0
2024-12-09,17463,135,4,286.7
2024-12-16,17464,135,4,63.4
2024-12-23,17464,135,4,25.9
2024-12-23,17465,135,4,427.3
2024-12-30,17466,135,4,71.2
2025-01-06,17467,135,4,246.0
2025-01-13,17467,135,4,123.0
2025-01-13,17468,135,4,104.3
2025-01-20,17468,135,4,0.0
2025-01-20,17469,135,4,103.8
2025-01-27,17470,135,4,404.0
2025-02-10,17471,135,4,362.8
2025-02-10,17472,135,4,278.8
2025-02-17,17473,135,4,458.7
2025-02-24,17473,135,4,81.3
2025-02-24,17474,135,4,184.9
2025-03-03,17474,135,4,0.0
2025-03-10,17475,135,4,358.9
2025-03-10,17476,135,4,535.6
2025-03-17,17476,135,4,344.1
2025-03-17,17477,135,4,292.3
2025-03-31,17478,135,4,196.8
2025-03-31,17479,135,4,240.9
2025-04-07,17480,135,4,46.9
2025-04-14,17480,135,4,12.7
2025-04-14,17481,135,4,155.2
2025-04-21,17481,135,4,10.4
2025-04-21,17482,135,4,132.1
2025-04-28,17482,135,4,65.2
2025-04-28,17483,135,4,191.3
2025-05-05,17484,135,4,415.8
2025-05-12,17485,135,4,354.7
2025-05-19,17485,135,4,220.4
2025-05-19,17486,135,4,198.8
2025-05-26,17486,135,4,48.6
2025-06-02,17487,135,4,140.8
2025-06-02,17488,135,4,255.0
2025-06-09,17489,135,4,82.5
2025-06-16,17489,135,4,15.9
2025-06-16,17490,135,4,239.3
2025-06-23,17491,135,4,592.8
2025-06-30,17492,135,4,318.4
2025-07-07,17493,135,4,193.0
2025-07-21,17494,135,4,647.3
2025-07-21,17495,135,4,337.8
2025-07-28,17496,135,4,463.9
2025-08-04,17497,135,4,118.7
2025-08-11,17498,135,4,513.3
2025-08-18,17499,135,4,62.8
2025-08-25,17500,135,4,409.9
2025-09-01,17501,135,4,233.5
2025-09-08,17502,135,4,457.3
2025-09-15,17503,135,4,153.9
2025-09-22,17504,135,4,465.8
2025-09-29,17504,135,4,130.6
2025-09-29,17505,135,4,348.8
2025-10-06,17506,135,4,537.1
2025-10-13,17507,135,4,595.3
2025-10-20,17507,135,4,345.5
2025-10-20,17508,135,4,122.3
2025-11-03,17509,135,4,269.3
2025-11-03,17510,135,4,455.2
2025-11-10,17510,135,4,105.3
2025-11-10,17511,135,4,298.3
2025-11-17,17512,135,4,586.2
2025-11-24,17513,135,4,285.1
2025-12-01,17513,135,4,44.3
2025-12-01,17514,135,4,349.8
2025-12-08,17515,135,4,224.9
2025-12-15,17516,135,4,386.0
2025-12-22,17517,135,4,334.2
2025-12-29,17518,135,4,456.3
2026-01-05,17519,135,4,41.4
2026-01-12,17520,135,4,164.7
2026-01-19,17520,135,4,102.3
2026-01-19,17521,135,4,339.0
2026-01-26,17522,135,4,331.2
2026-02-02,17522,135,4,0.0
2026-02-02,17523,135,4,121.9
2026-02-09,17523,135,4,0.0
2026-02-16,17524,135,4,321.0
2026-02-16,17525,135,4,207.5
2026-02-23,17526,135,4,395.3
2026-03-02,17526,135,4,251.5
2026-03-02,17527,135,4,317.8
2026-03-09,17528,135,4,516.4
2026-03-16,17529,135,4,46.5
2026-03-23,17530,135,4,463.1
2026-03-30,17531,135,4,387.2
2026-04-06,17531,135,4,40.3
2026-04-06,17532,135,4,190.9
2026-04-20,17533,135,4,113.5
2026-04-20,17534,135,4,133.0
2026-04-27,17535,135,4,382.3
2026-05-04,17535,135,4,242.5
2026-05-11,17536,135,4,107.6
2026-05-11,17537,135,4,524.5
2026-05-18,17538,135,4,86.4
2026-05-25,17539,135,4,125.3
2026-06-01,17540,135,4,470.9
2026-06-08,17541,135,4,251.9
2026-06-15,17542,135,4,47.5
2026-06-22,17543,135,4,29.4
2026-06-29,17544,135,4,188.2
2024-07-08,17545,135,5,299.7
2024-07-15,17545,135,5,14.3
2024-07-15,17546,135,5,101.3
2024-07-22,17547,135,5,407.8
2024-07-29,17547,135,5,190.7
2024-07-29,17548,135,5,509.5
2024-08-05,17548,135,5,288.1
2024-08-05,17549,135,5,56.1
2024-08-12,17550,135,5,241.5
2024-08-19,17550,135,5,0.0
2024-08-19,17551,135,5,275.4
2024-08-26,17552,135,5,356.2
2024-09-02,17553,135,5,55.8
2024-09-09,17553,135,5,26.6
2024-09-09,17554,135,5,184.4
2024-09-16,17555,135,5,459.5
2024-09-23,17555,135,5,289.0
2024-09-23,17556,135,5,186.1
2024-09-30,17557,135,5,127.3
2024-10-07,17558,135,5,324.5
2024-10-14,17558,135,5,189.0
2024-10-14,17559,135,5,491.3
2024-10-21,17560,135,5,344.2
2024-10-28,17560,135,5,188.4
2024-10-28,17561,135,5,439.6
2024-11-04,17562,135,5,528.6
2024-11-11,17562,135,5,298.3
2024-11-11,17563,135,5,67.9
2024-11-18,17564,135,5,480.5
2024-11-25,17564,135,5,205.9
2024-11-25,17565,135,5,421.6
2024-12-02,17565,135,5,149.2
2024-12-02,17566,135,5,115.5
2024-12-09,17567,135,5,169.6
2024-12-23,17568,135,5,141.0
2024-12-23,17569,135,5,77.7
2024-12-30,17570,135,5,199.6
2025-01-06,17571,135,5,641.7
2025-01-13,17571,135,5,390.4
2025-01-13,17572,135,5,110.0
2025-01-20,17573,135,5,497.4
2025-01-27,17573,135,5,223.8
2025-01-27,17574,135,5,145.2
2025-02-03,17574,135,5,19.3
2025-02-03,17575,135,5,163.5
2025-02-10,17575,135,5,20.0
2025-02-17,17576,135,5,212.1
2025-02-17,17577,135,5,164.0
2025-03-03,17578,135,5,73.7
2025-03-03,17579,135,5,360.2
2025-03-10,17579,135,5,31.3
2025-03-10,17580,135,5,531.6
2025-03-24,17581,135,5,249.7
2025-03-31,17582,135,5,249.6
2025-04-07,17583,135,5,404.3
2025-04-07,17584,135,5,269.8
2025-04-14,17585,135,5,124.5
2025-04-21,17586,135,5,343.2
2025-04-28,17587,135,5,531.8
2025-05-05,17587,135,5,199.7
2025-05-05,17588,135,5,373.5
2025-05-12,17588,135,5,23.0
2025-05-12,17589,135,5,346.9
2025-05-19,17590,135,5,376.5
2025-05-26,17591,135,5,251.7
2025-06-02,17591,135,5,118.5
2025-06-02,17592,135,5,184.1
2025-06-16,17593,135,5,68.1
2025-06-16,17594,135,5,159.4
2025-06-30,17595,135,5,253.7
2025-06-30,17596,135,5,316.8
2025-07-14,17597,135,5,265.1
2025-07-14,17598,135,5,160.5
2025-07-21,17599,135,5,354.5
2025-07-28,17600,135,5,245.0
2025-08-04,17601,135,5,578.1
2025-08-11,17602,135,5,144.3
2025-08-18,17602,135,5,21.7
2025-08-18,17603,135,5,90.5
2025-08-25,17604,135,5,479.8
2025-09-01,17604,135,5,312.7
2025-09-01,17605,135,5,334.2
2025-09-08,17605,135,5,59.5
2025-09-08,17606,135,5,223.8
2025-09-15,17607,135,5,39.9
2025-09-22,17608,135,5,220.0
2025-09-29,17609,135,5,144.3
2025-10-13,17610,135,5,199.0
2025-10-13,17611,135,5,78.8
2025-10-20,17612,135,5,89.0
2025-10-27,17612,135,5,0.0
2025-10-27,17613,135,5,547.8
2025-11-03,17614,135,5,423.4
2025-11-10,17614,135,5,130.8
2025-11-10,17615,135,5,440.9
2025-11-17,17616,135,5,336.0
2025-11-24,17617,135,5,445.0
2025-12-01,17617,135,5,190.1
2025-12-01,17618,135,5,256.1
2025-12-15,17619,135,5,324.2
2025-12-22,17620,135,5,171.9
2025-12-22,17621,135,5,238.3
2025-12-29,17622,135,5,515.5
2026-01-05,17622,135,5,201.0
2026-01-05,17623,135,5,75.8
2026-01-12,17624,135,5,355.1
2026-01-26,17625,135,5,219.5
2026-01-26,17626,135,5,373.0
2026-02-02,17627,135,5,350.6
2026-02-09,17628,135,5,210.1
2026-02-16,17628,135,5,133.2
2026-02-16,17629,135,5,309.2
2026-02-23,17629,135,5,71.5
2026-02-23,17630,135,5,389.4
2026-03-02,17631,135,5,599.9
2026-03-09,17632,135,5,492.0
2026-03-16,17633,135,5,136.7
2026-03-23,17634,135,5,382.2
2026-04-06,17635,135,5,382.2
2026-04-06,17636,135,5,84.2
2026-04-13,17636,135,5,26.5
2026-04-13,17637,135,5,440.4
2026-04-20,17637,135,5,164.7
2026-04-20,17638,135,5,355.6
2026-04-27,17638,135,5,0.0
2026-04-27,17639,135,5,469.3
2026-05-04,17639,135,5,138.7
2026-05-04,17640,135,5,67.6
2026-05-11,17640,135,5,0.0
2026-05-11,17641,135,5,274.0
2026-05-18,17642,135,5,269.1
2026-05-25,17643,135,5,33.7
2026-06-01,17644,135,5,99.6
2026-06-15,17645,135,5,162.6
2026-06-15,17646,135,5,399.3
2026-06-22,17647,135,5,282.5
2026-06-29,17647,135,5,112.1
2026-06-29,17648,135,5,291.0
2024-07-08,17650,135,7,270.3
2024-07-15,17651,135,9,279.0
2024-07-22,17651,135,9,0.0
2024-07-22,17652,135,9,351.9
2024-07-29,17653,135,9,374.6
2024-08-05,17654,135,9,279.3
2024-08-12,17654,135,9,80.5
2024-08-12,17655,135,7,146.2
2024-08-26,17656,135,9,432.7
2024-09-02,17657,135,7,90.0
2024-09-02,17658,135,9,358.8
2024-09-09,17658,135,9,137.6
2024-09-09,17659,135,7,296.0
2024-09-16,17660,135,9,380.6
2024-09-23,17660,135,9,0.0
2024-09-23,17661,135,9,558.8
2024-09-30,17662,135,9,334.4
2024-10-07,17662,135,9,0.0
2024-10-07,17663,135,9,100.1
2024-10-21,17664,135,9,394.6
2024-10-21,17665,135,9,222.1
2024-10-28,17666,135,7,205.1
2024-11-04,17667,135,9,93.6
2024-11-11,17668,135,7,229.2
2024-11-18,17668,135,7,43.4
2024-11-18,17669,135,9,90.6
2024-11-25,17669,135,9,4.2
2024-12-02,17670,135,7,412.6
2024-12-02,17671,135,7,312.9
2024-12-09,17672,135,9,69.5
2024-12-16,17672,135,9,15.0
2024-12-16,17673,135,9,80.7
2024-12-23,17673,135,9,26.4
2024-12-23,17674,135,9,588.0
2024-12-30,17675,135,7,222.9
2025-01-06,17676,135,9,415.3
2025-01-13,17676,135,9,272.6
2025-01-13,17677,135,9,569.8
2025-01-20,17677,135,9,355.7
2025-01-20,17678,135,7,157.7
2025-01-27,17678,135,7,36.5
2025-01-27,17679,135,7,504.2
2025-02-03,17680,135,9,501.6
2025-02-10,17680,135,9,285.2
2025-02-10,17681,135,7,80.1
2025-02-17,17682,135,9,371.5
2025-02-24,17682,135,9,202.1
2025-02-24,17683,135,9,230.9
2025-03-03,17684,135,7,475.4
2025-03-10,17685,135,7,219.6
2025-03-17,17686,135,7,432.0
2025-03-24,17687,135,7,548.0
2025-03-31,17688,135,7,283.7
2025-04-07,17689,135,9,174.4
2025-04-14,17690,135,9,591.2
2025-04-21,17690,135,9,286.4
2025-04-21,17691,135,9,180.5
2025-04-28,17692,135,7,286.1
2025-05-05,17692,135,7,125.3
2025-05-05,17693,135,7,161.0
2025-05-12,17694,135,7,294.2
2025-05-19,17695,135,9,328.4
2025-05-26,17695,135,9,151.8
2025-05-26,17696,135,7,184.1
2025-06-02,17697,135,7,402.2
2025-06-09,17697,135,7,170.4
2025-06-09,17698,135,9,404.2
2025-06-16,17699,135,9,65.8
2025-06-23,17700,135,7,379.9
2025-06-30,17701,135,9,98.3
2025-07-07,17701,135,9,64.6
2025-07-07,17702,135,9,185.9
2025-07-14,17702,135,9,0.0
2025-07-21,17703,135,9,549.5
2025-07-21,17704,135,9,313.7
2025-07-28,17705,135,7,164.6
2025-08-04,17705,135,7,94.3
2025-08-04,17706,135,9,146.5
2025-08-11,17706,135,9,68.9
2025-08-11,17707,135,9,94.4
2025-08-18,17708,135,7,352.4
2025-08-25,17708,135,7,217.7
2025-08-25,17709,135,9,273.3
2025-09-01,17709,135,9,103.6
2025-09-01,17710,135,7,100.1
2025-09-08,17710,135,7,45.2
2025-09-08,17711,135,7,552.3
2025-09-15,17711,135,7,249.6
2025-09-15,17712,135,7,660.4
2025-09-22,17713,135,7,369.7
2025-09-29,17713,135,7,206.4
2025-09-29,17714,135,7,177.7
2025-10-06,17714,135,7,65.3
2025-10-06,17715,135,9,484.1
2025-10-20,17716,135,7,335.0
2025-10-20,17717,135,7,452.2
2025-10-27,17717,135,7,81.5
2025-10-27,17718,135,9,386.8
2025-11-03,17719,135,9,71.3
2025-11-10,17720,135,9,149.3
2025-11-17,17721,135,9,278.5
2025-11-24,17722,135,9,299.3
2025-12-01,17723,135,7,133.4
2025-12-08,17724,135,9,264.4
2025-12-15,17725,135,7,645.2
2025-12-22,17726,135,9,349.0
2025-12-29,17726,135,9,120.9
2025-12-29,17727,135,9,451.4
2026-01-05,17728,135,7,253.7
2026-01-12,17729,135,7,58.7
2026-01-26,17730,135,9,337.9
2026-01-26,17731,135,7,142.1
2026-02-09,17732,135,7,349.2
2026-02-09,17733,135,7,230.8
2026-02-23,17734,135,9,533.3
2026-02-23,17735,135,7,519.1
2026-03-02,17736,135,7,369.0
2026-03-09,17736,135,7,105.0
2026-03-09,17737,135,7,408.1
2026-03-16,17738,135,9,209.6
2026-03-30,17739,135,7,180.0
2026-03-30,17740,135,9,264.0
2026-04-06,17741,135,7,405.6
2026-04-13,17742,135,9,540.8
2026-04-20,17743,135,9,481.3
2026-04-27,17744,135,9,484.4
2026-05-04,17745,135,9,261.8
2026-05-11,17746,135,7,282.2
2026-05-18,17746,135,7,41.4
2026-05-18,17747,135,9,130.7
2026-06-01,17748,135,7,275.7
2026-06-01,17749,135,9,152.9
2026-06-08,17749,135,9,21.8
2026-06-08,17750,135,7,299.3
2026-06-15,17751,135,9,156.5
2026-06-22,17751,135,9,36.0
2026-06-22,17752,135,9,317.5
2024-07-08,17754,135,10,72.2
2024-07-15,17755,135,10,317.3
2024-07-22,17756,135,10,139.9
2024-07-29,17757,135,10,92.4
2024-08-12,17758,135,10,622.6
2024-08-12,17759,135,10,274.7
2024-08-19,17759,135,10,171.3
2024-08-19,17760,135,10,269.3
2024-08-26,17761,135,10,270.2
2024-09-02,17761,135,10,76.3
2024-09-02,17762,135,10,358.2
2024-09-09,17763,135,10,364.2
2024-09-16,17764,135,10,591.8
2024-09-23,17764,135,10,286.7
2024-09-23,17765,135,10,307.1
2024-09-30,17766,135,10,333.3
2024-10-07,17767,135,10,51.1
2024-10-14,17768,135,10,164.6
2024-10-21,17769,135,10,144.0
2024-10-28,17770,135,10,78.3
2024-11-04,17771,135,10,322.8
2024-11-18,17772,135,10,408.4
2024-11-18,17773,135,10,297.3
2024-12-02,17774,135,10,72.1
2024-12-02,17775,135,10,396.7
2024-12-09,17776,135,10,155.4
2024-12-16,17777,135,10,294.9
2024-12-23,17777,135,10,29.7
2024-12-23,17778,135,10,390.3
2024-12-30,17779,135,10,616.4
2025-01-06,17779,135,10,358.7
2025-01-13,17780,135,10,110.7
2025-01-20,17781,135,10,159.5
2025-01-20,17782,135,10,52.6
2025-02-03,17783,135,10,389.5
2025-02-03,17784,135,10,429.4
2025-02-10,17785,135,10,539.0
2025-02-24,17786,135,10,364.5
2025-02-24,17787,135,10,232.8
2025-03-10,17788,135,10,119.6
2025-03-10,17789,135,10,403.8
2025-03-17,17790,135,10,124.9
2025-03-24,17791,135,10,75.6
2025-03-31,17792,135,10,419.5
2025-04-07,17793,135,10,168.2
2025-04-21,17794,135,10,359.5
2025-04-28,17795,135,10,242.3
2025-04-28,17796,135,10,269.6
2025-05-05,17796,135,10,124.2
2025-05-05,17797,135,10,75.3
2025-05-12,17797,135,10,0.0
2025-05-12,17798,135,10,486.7
2025-05-26,17799,135,10,216.5
2025-05-26,17800,135,10,256.5
2025-06-02,17801,135,10,109.6
2025-06-09,17801,135,10,45.2
2025-06-09,17802,135,10,405.5
2025-06-16,17803,135,10,548.6
2025-06-23,17804,135,10,570.7
2025-06-30,17804,135,10,343.4
2025-06-30,17805,135,10,293.2
2025-07-07,17806,135,10,79.9
2025-07-14,17807,135,10,383.6
2025-07-21,17807,135,10,197.3
2025-07-21,17808,135,10,184.8
2025-07-28,17809,135,10,92.2
2025-08-04,17809,135,10,0.0
2025-08-04,17810,135,10,328.7
2025-08-11,17811,135,10,538.0
2025-08-18,17812,135,10,211.9
2025-09-01,17813,135,10,50.9
2025-09-01,17814,135,10,474.9
2025-09-08,17814,135,10,146.7
2025-09-08,17815,135,10,134.4
2025-09-15,17816,135,10,63.3
2025-09-22,17817,135,10,574.7
2025-09-29,17818,135,10,493.2
2025-10-06,17819,135,10,145.4
2025-10-13,17820,135,10,379.4
2025-10-20,17821,135,10,490.3
2025-11-03,17822,135,10,522.9
2025-11-10,17823,135,10,50.7
2025-11-10,17824,135,10,288.6
2025-11-24,17825,135,10,265.4
2025-11-24,17826,135,10,61.3
2025-12-01,17826,135,10,9.5
2025-12-01,17827,135,10,193.8
2025-12-08,17828,135,10,537.5
2025-12-15,17829,135,10,553.9
2025-12-22,17830,135,10,49.2
2025-12-29,17831,135,10,233.3
2026-01-05,17832,135,10,436.3
2026-01-19,17833,135,10,65.8
2026-01-26,17834,135,10,177.2
2026-01-26,17835,135,10,502.1
2026-02-02,17836,135,10,248.7
2026-02-09,17836,135,10,104.5
2026-02-09,17837,135,10,153.9
2026-02-16,17838,135,10,382.3
2026-02-23,17839,135,10,510.5
2026-03-02,17839,135,10,255.0
2026-03-02,17840,135,10,166.5
2026-03-09,17840,135,10,47.0
2026-03-09,17841,135,10,195.1
2026-03-16,17842,135,10,151.5
2026-03-23,17843,135,10,424.6
2026-03-30,17844,135,10,332.8
2026-04-06,17844,135,10,149.6
2026-04-06,17845,135,10,112.2
2026-04-13,17846,135,10,42.7
2026-04-20,17847,135,10,45.1
2026-04-27,17848,135,10,262.0
2026-05-11,17849,135,10,248.7
2026-05-11,17850,135,10,231.1
2026-05-18,17850,135,10,18.2
2026-05-18,17851,135,10,421.6
2026-05-25,17852,135,10,137.7
2026-06-01,17853,135,10,194.9
2026-06-08,17854,135,10,619.6
2026-06-15,17854,135,10,379.2
2026-06-15,17855,135,10,153.8
2026-06-22,17855,135,10,87.7
2026-06-22,17856,135,10,172.7
2026-06-29,17856,135,10,100.5
2026-06-29,17857,135,10,485.8
2024-08-19,17858,136,4,514.7
2024-08-26,17858,136,4,427.4
2024-09-02,17858,136,4,340.1
2024-09-09,17858,136,4,252.7
2024-09-16,17858,136,4,165.4
2024-09-23,17858,136,4,78.1
2024-09-30,17858,136,4,0.0
2024-10-21,17859,136,4,663.5
2024-10-28,17859,136,4,543.0
2024-11-04,17859,136,4,422.6
2024-11-11,17859,136,4,302.1
2024-11-18,17859,136,4,181.6
2024-11-25,17859,136,4,61.1
2024-12-02,17859,136,4,0.0
2024-12-16,17860,136,8,515.7
2024-12-23,17860,136,8,429.3
2024-12-30,17860,136,8,343.0
2025-01-06,17860,136,8,256.7
2025-01-13,17860,136,8,170.4
2025-01-20,17860,136,8,84.0
2025-01-27,17860,136,8,0.0
2025-02-10,17861,136,8,175.7
2025-02-17,17861,136,8,133.3
2025-02-24,17861,136,8,91.0
2025-03-03,17861,136,8,48.7
2025-03-10,17861,136,8,6.3
2025-03-17,17861,136,8,0.0
2025-03-17,17862,136,1,90.1
2025-03-24,17862,136,1,77.3
2025-03-31,17862,136,1,64.4
2025-04-07,17862,136,1,51.5
2025-04-14,17862,136,1,38.6
2025-04-21,17862,136,1,25.8
2025-04-28,17862,136,1,12.9
2025-05-05,17862,136,1,0.0
2025-05-12,17862,136,1,0.0
2025-05-26,17863,136,8,558.6
2025-06-02,17863,136,8,468.1
2025-06-09,17863,136,8,377.7
2025-06-16,17863,136,8,287.3
2025-06-23,17863,136,8,196.8
2025-06-30,17863,136,8,106.4
2025-07-07,17863,136,8,16.0
2025-07-14,17863,136,8,0.0
2025-08-04,17864,136,1,437.3
2025-08-11,17864,136,1,345.6
2025-08-18,17864,136,1,253.9
2025-08-25,17864,136,1,162.1
2025-09-01,17864,136,1,70.4
2025-09-08,17864,136,1,0.0
2025-10-20,17865,136,4,300.7
2025-10-27,17865,136,4,261.4
2025-11-03,17865,136,4,222.1
2025-11-10,17865,136,4,182.8
2025-11-17,17865,136,4,143.5
2025-11-24,17865,136,4,104.2
2025-12-01,17865,136,4,64.9
2025-12-08,17865,136,4,25.6
2025-12-15,17865,136,4,0.0
2025-11-24,17866,136,4,737.4
2025-12-01,17866,136,4,624.7
2025-12-08,17866,136,4,512.1
2025-12-15,17866,136,4,399.4
2025-12-22,17866,136,4,286.8
2025-12-29,17866,136,4,174.1
2026-01-05,17866,136,4,61.5
2026-01-12,17866,136,4,0.0
2026-02-23,17867,136,1,570.0
2026-03-02,17867,136,1,426.0
2026-03-09,17867,136,1,282.0
2026-03-16,17867,136,1,138.0
2026-03-23,17867,136,1,0.0
2026-04-27,17868,136,8,502.5
2026-05-04,17868,136,8,362.9
2026-05-11,17868,136,8,223.4
2026-05-18,17868,136,8,83.9
2026-05-25,17868,136,8,0.0
2026-06-29,17869,136,1,617.0
2024-08-19,17870,137,3,476.6
2024-08-26,17870,137,3,363.1
2024-09-02,17870,137,3,249.7
2024-09-09,17870,137,3,136.3
2024-09-16,17870,137,3,22.8
2024-09-23,17870,137,3,0.0
2024-10-21,17871,137,1,268.0
2024-10-28,17871,137,1,215.1
2024-11-04,17871,137,1,162.1
2024-11-11,17871,137,1,109.1
2024-11-18,17871,137,1,56.1
2024-11-25,17871,137,1,3.2
2024-12-02,17871,137,1,0.0
2024-11-25,17872,137,1,409.4
2024-12-02,17872,137,1,371.9
2024-12-09,17872,137,1,334.3
2024-12-16,17872,137,1,296.8
2024-12-23,17872,137,1,259.2
2024-12-30,17872,137,1,221.7
2025-01-06,17872,137,1,184.1
2025-01-13,17872,137,1,146.6
2025-01-20,17872,137,1,109.0
2025-01-27,17872,137,1,71.5
2025-02-03,17872,137,1,33.9
2025-02-10,17872,137,1,0.0
2025-01-06,17873,137,1,474.6
2025-01-13,17873,137,1,439.2
2025-01-20,17873,137,1,403.8
2025-01-27,17873,137,1,368.4
2025-02-03,17873,137,1,333.0
2025-02-10,17873,137,1,297.6
2025-02-17,17873,137,1,262.2
2025-02-24,17873,137,1,226.8
2025-03-03,17873,137,1,191.4
2025-03-10,17873,137,1,156.0
2025-03-17,17873,137,1,120.6
2025-03-24,17873,137,1,85.3
2025-03-31,17873,137,1,49.9
2025-04-07,17873,137,1,14.5
2025-04-14,17873,137,1,0.0
2025-05-05,17874,137,3,82.6
2025-05-12,17874,137,3,72.3
2025-05-19,17874,137,3,61.9
2025-05-26,17874,137,3,51.6
2025-06-02,17874,137,3,41.2
2025-06-09,17874,137,3,30.9
2025-06-16,17874,137,3,20.5
2025-06-23,17874,137,3,10.2
2025-06-30,17874,137,3,0.0
2025-06-16,17875,137,1,195.6
2025-06-23,17875,137,1,152.3
2025-06-30,17875,137,1,108.9
2025-07-07,17875,137,1,65.6
2025-07-14,17875,137,1,22.2
2025-07-21,17875,137,1,0.0
2025-08-18,17876,137,3,628.1
2025-08-25,17876,137,3,503.2
2025-09-01,17876,137,3,378.2
2025-09-08,17876,137,3,253.3
2025-09-15,17876,137,3,128.4
2025-09-22,17876,137,3,3.5
2025-09-29,17876,137,3,0.0
2025-09-01,17877,137,3,464.2
2025-09-08,17877,137,3,427.4
2025-09-15,17877,137,3,390.5
2025-09-22,17877,137,3,353.7
2025-09-29,17877,137,3,316.9
2025-10-06,17877,137,3,280.1
2025-10-13,17877,137,3,243.3
2025-10-20,17877,137,3,206.5
2025-10-27,17877,137,3,169.6
2025-11-03,17877,137,3,132.8
2025-11-10,17877,137,3,96.0
2025-11-17,17877,137,3,59.2
2025-11-24,17877,137,3,22.4
2025-12-01,17877,137,3,0.0
2025-11-17,17878,137,1,722.1
2025-11-24,17878,137,1,588.2
2025-12-01,17878,137,1,454.4
2025-12-08,17878,137,1,320.5
2025-12-15,17878,137,1,186.6
2025-12-22,17878,137,1,52.7
2025-12-29,17878,137,1,0.0
2026-01-12,17879,137,1,79.3
2026-01-19,17879,137,1,69.6
2026-01-26,17879,137,1,60.0
2026-02-02,17879,137,1,50.3
2026-02-09,17879,137,1,40.6
2026-02-16,17879,137,1,30.9
2026-02-23,17879,137,1,21.2
2026-03-02,17879,137,1,11.6
2026-03-09,17879,137,1,1.9
2026-03-16,17879,137,1,0.0
2026-03-23,17880,137,1,394.7
2026-03-30,17880,137,1,291.3
2026-04-06,17880,137,1,188.0
2026-04-13,17880,137,1,84.7
2026-04-20,17880,137,1,0.0
2026-06-01,17881,137,3,636.6
2026-06-08,17881,137,3,533.1
2026-06-15,17881,137,3,429.7
2026-06-22,17881,137,3,326.3
2026-06-29,17881,137,3,222.8
2024-08-12,17882,137,4,637.7
2024-08-19,17882,137,4,483.5
2024-08-26,17882,137,4,329.2
2024-09-02,17882,137,4,175.0
2024-09-09,17882,137,4,20.7
2024-09-16,17882,137,4,0.0
2024-10-21,17883,137,4,704.9
2024-10-28,17883,137,4,551.8
2024-11-04,17883,137,4,398.7
2024-11-11,17883,137,4,245.5
2024-11-18,17883,137,4,92.4
2024-11-25,17883,137,4,0.0
2024-12-09,17884,137,4,633.4
2024-12-16,17884,137,4,573.8
2024-12-23,17884,137,4,514.2
2024-12-30,17884,137,4,454.6
2025-01-06,17884,137,4,395.0
2025-01-13,17884,137,4,335.5
2025-01-20,17884,137,4,275.9
2025-01-27,17884,137,4,216.3
2025-02-03,17884,137,4,156.7
2025-02-10,17884,137,4,97.1
2025-02-17,17884,137,4,37.5
2025-02-24,17884,137,4,0.0
2025-01-13,17885,137,4,255.7
2025-01-20,17885,137,4,209.4
2025-01-27,17885,137,4,163.1
2025-02-03,17885,137,4,116.8
2025-02-10,17885,137,4,70.4
2025-02-17,17885,137,4,24.1
2025-02-24,17885,137,4,0.0
2025-03-24,17886,137,4,410.2
2025-03-31,17886,137,4,366.4
2025-04-07,17886,137,4,322.6
2025-04-14,17886,137,4,278.8
2025-04-21,17886,137,4,235.0
2025-04-28,17886,137,4,191.2
2025-05-05,17886,137,4,147.4
2025-05-12,17886,137,4,103.6
2025-05-19,17886,137,4,59.8
2025-05-26,17886,137,4,16.0
2025-06-02,17886,137,4,0.0
2025-05-12,17887,137,4,106.3
2025-05-19,17887,137,4,95.7
2025-05-26,17887,137,4,85.0
2025-06-02,17887,137,4,74.3
2025-06-09,17887,137,4,63.7
2025-06-16,17887,137,4,53.0
2025-06-23,17887,137,4,42.3
2025-06-30,17887,137,4,31.7
2025-07-07,17887,137,4,21.0
2025-07-14,17887,137,4,10.3
2025-07-21,17887,137,4,0.0
2025-07-21,17888,137,4,674.5
2025-07-28,17888,137,4,501.0
2025-08-04,17888,137,4,327.5
2025-08-11,17888,137,4,154.0
2025-08-18,17888,137,4,0.0
2025-09-08,17889,137,4,92.9
2025-09-15,17889,137,4,66.7
2025-09-22,17889,137,4,40.6
2025-09-29,17889,137,4,14.4
2025-10-06,17889,137,4,0.0
2025-11-03,17890,137,4,645.3
2025-11-10,17890,137,4,516.7
2025-11-17,17890,137,4,388.0
2025-11-24,17890,137,4,259.4
2025-12-01,17890,137,4,130.7
2025-12-08,17890,137,4,2.0
2025-12-15,17890,137,4,0.0
2026-01-05,17891,137,4,265.8
2026-01-12,17891,137,4,233.5
2026-01-19,17891,137,4,201.3
2026-01-26,17891,137,4,169.1
2026-02-02,17891,137,4,136.8
2026-02-09,17891,137,4,104.6
2026-02-16,17891,137,4,72.4
2026-02-23,17891,137,4,40.1
2026-03-02,17891,137,4,7.9
2026-03-09,17891,137,4,0.0
2026-03-16,17892,137,4,327.0
2026-03-23,17892,137,4,277.0
2026-03-30,17892,137,4,227.0
2026-04-06,17892,137,4,177.0
2026-04-13,17892,137,4,127.0
2026-04-20,17892,137,4,77.0
2026-04-27,17892,137,4,27.0
2026-05-04,17892,137,4,0.0
2026-06-22,17893,137,4,588.9
2026-06-29,17893,137,4,479.8
2024-08-26,17894,137,5,322.7
2024-09-02,17894,137,5,235.4
2024-09-09,17894,137,5,148.1
2024-09-16,17894,137,5,60.8
2024-09-23,17894,137,5,0.0
2024-10-21,17895,137,5,203.3
2024-10-28,17895,137,5,160.6
2024-11-04,17895,137,5,117.8
2024-11-11,17895,137,5,75.1
2024-11-18,17895,137,5,32.4
2024-11-25,17895,137,5,0.0
2024-11-25,17896,137,5,192.9
2024-12-02,17896,137,5,145.9
2024-12-09,17896,137,5,98.8
2024-12-16,17896,137,5,51.8
2024-12-23,17896,137,5,4.7
2024-12-30,17896,137,5,0.0
2025-01-20,17897,137,5,344.1
2025-01-27,17897,137,5,266.1
2025-02-03,17897,137,5,188.2
2025-02-10,17897,137,5,110.2
2025-02-17,17897,137,5,32.3
2025-02-24,17897,137,5,0.0
2025-04-14,17898,137,5,378.9
2025-04-21,17898,137,5,303.7
2025-04-28,17898,137,5,228.6
2025-05-05,17898,137,5,153.4
2025-05-12,17898,137,5,78.3
2025-05-19,17898,137,5,3.1
2025-05-26,17898,137,5,0.0
2025-05-19,17899,137,5,434.0
2025-05-26,17899,137,5,373.0
2025-06-02,17899,137,5,311.9
2025-06-09,17899,137,5,250.9
2025-06-16,17899,137,5,189.9
2025-06-23,17899,137,5,128.9
2025-06-30,17899,137,5,67.9
2025-07-07,17899,137,5,6.9
2025-07-14,17899,137,5,0.0
2025-07-07,17900,137,5,634.4
2025-07-14,17900,137,5,537.9
2025-07-21,17900,137,5,441.3
2025-07-28,17900,137,5,344.7
2025-08-04,17900,137,5,248.2
2025-08-11,17900,137,5,151.6
2025-08-18,17900,137,5,55.0
2025-08-25,17900,137,5,0.0
2025-09-08,17901,137,5,396.6
2025-09-15,17901,137,5,370.1
2025-09-22,17901,137,5,343.7
2025-09-29,17901,137,5,317.3
2025-10-06,17901,137,5,290.8
2025-10-13,17901,137,5,264.4
2025-10-20,17901,137,5,238.0
2025-10-27,17901,137,5,211.6
2025-11-03,17901,137,5,185.1
2025-11-10,17901,137,5,158.7
2025-11-17,17901,137,5,132.3
2025-11-24,17901,137,5,105.8
2025-12-01,17901,137,5,79.4
2025-12-08,17901,137,5,53.0
2025-12-15,17901,137,5,26.5
2025-12-22,17901,137,5,0.1
2025-11-03,17902,137,5,405.5
2025-11-10,17902,137,5,313.1
2025-11-17,17902,137,5,220.6
2025-11-24,17902,137,5,128.1
2025-12-01,17902,137,5,35.7
2025-12-08,17902,137,5,0.0
2026-01-05,17903,137,5,54.2
2026-01-12,17903,137,5,44.4
2026-01-19,17903,137,5,34.5
2026-01-26,17903,137,5,24.7
2026-02-02,17903,137,5,14.9
2026-02-09,17903,137,5,5.1
2026-02-16,17903,137,5,0.0
2026-03-16,17904,137,5,67.2
2026-03-23,17904,137,5,55.4
2026-03-30,17904,137,5,43.6
2026-04-06,17904,137,5,31.9
2026-04-13,17904,137,5,20.1
2026-04-20,17904,137,5,8.3
2026-04-27,17904,137,5,0.0
2026-06-15,17905,137,5,433.0
2026-06-22,17905,137,5,334.9
2026-06-29,17905,137,5,236.9
2026-06-29,17906,137,5,703.5
2024-07-22,17907,137,7,451.5
2024-07-29,17907,137,7,398.0
2024-08-05,17907,137,7,344.5
2024-08-12,17907,137,7,291.0
2024-08-19,17907,137,7,237.6
2024-08-26,17907,137,7,184.1
2024-09-02,17907,137,7,130.6
2024-09-09,17907,137,7,77.1
2024-09-16,17907,137,7,23.6
2024-09-23,17907,137,7,0.0
2024-09-09,17908,137,9,127.9
2024-09-16,17908,137,9,109.8
2024-09-23,17908,137,9,91.7
2024-09-30,17908,137,9,73.6
2024-10-07,17908,137,9,55.5
2024-10-14,17908,137,9,37.5
2024-10-21,17908,137,9,19.4
2024-10-28,17908,137,9,1.3
2024-11-04,17908,137,9,0.0
2024-11-25,17909,137,7,555.1
2024-12-02,17909,137,7,436.3
2024-12-09,17909,137,7,317.4
2024-12-16,17909,137,7,198.6
2024-12-23,17909,137,7,79.7
2024-12-30,17909,137,7,0.0
2025-02-10,17910,137,9,729.4
2025-02-17,17910,137,9,654.8
2025-02-24,17910,137,9,580.2
2025-03-03,17910,137,9,505.6
2025-03-10,17910,137,9,431.0
2025-03-17,17910,137,9,356.4
2025-03-24,17910,137,9,281.7
2025-03-31,17910,137,9,207.1
2025-04-07,17910,137,9,132.5
2025-04-14,17910,137,9,57.9
2025-04-21,17910,137,9,0.0
2025-04-21,17911,137,9,85.3
2025-04-28,17911,137,9,72.6
2025-05-05,17911,137,9,60.0
2025-05-12,17911,137,9,47.3
2025-05-19,17911,137,9,34.6
2025-05-26,17911,137,9,21.9
2025-06-02,17911,137,9,9.3
2025-06-09,17911,137,9,0.0
2025-06-23,17912,137,9,738.6
2025-06-30,17912,137,9,615.3
2025-07-07,17912,137,9,491.9
2025-07-14,17912,137,9,368.6
2025-07-21,17912,137,9,245.2
2025-07-28,17912,137,9,121.8
2025-08-04,17912,137,9,0.0
2025-08-18,17913,137,7,404.0
2025-08-25,17913,137,7,378.0
2025-09-01,17913,137,7,352.0
2025-09-08,17913,137,7,326.1
2025-09-15,17913,137,7,300.1
2025-09-22,17913,137,7,274.1
2025-09-29,17913,137,7,248.1
2025-10-06,17913,137,7,222.1
2025-10-13,17913,137,7,196.1
2025-10-20,17913,137,7,170.2
2025-10-27,17913,137,7,144.2
2025-11-03,17913,137,7,118.2
2025-11-10,17913,137,7,92.2
2025-11-17,17913,137,7,66.2
2025-11-24,17913,137,7,40.2
2025-12-01,17913,137,7,14.2
2025-09-01,17914,137,9,128.3
2025-09-08,17914,137,9,93.7
2025-09-15,17914,137,9,59.0
2025-09-22,17914,137,9,24.4
2025-09-29,17914,137,9,0.0
2025-12-08,17915,137,7,502.8
2025-12-15,17915,137,7,422.7
2025-12-22,17915,137,7,342.5
2025-12-29,17915,137,7,262.3
2026-01-05,17915,137,7,182.1
2026-01-12,17915,137,7,102.0
2026-01-19,17915,137,7,21.8
2026-01-26,17915,137,7,0.0
2026-01-05,17916,137,7,535.1
2026-01-12,17916,137,7,490.3
2026-01-19,17916,137,7,445.4
2026-01-26,17916,137,7,400.5
2026-02-02,17916,137,7,355.6
2026-02-09,17916,137,7,310.8
2026-02-16,17916,137,7,265.9
2026-02-23,17916,137,7,221.0
2026-03-02,17916,137,7,176.1
2026-03-09,17916,137,7,131.3
2026-03-16,17916,137,7,86.4
2026-03-23,17916,137,7,41.5
2026-03-30,17916,137,7,0.0
2026-04-06,17917,137,9,379.9
2026-04-13,17917,137,9,273.8
2026-04-20,17917,137,9,167.7
2026-04-27,17917,137,9,61.6
2026-05-04,17917,137,9,0.0
2026-05-11,17918,137,9,150.6
2026-05-18,17918,137,9,128.1
2026-05-25,17918,137,9,105.7
2026-06-01,17918,137,9,83.2
2026-06-08,17918,137,9,60.8
2026-06-15,17918,137,9,38.3
2026-06-22,17918,137,9,15.9
2026-06-29,17918,137,9,0.0
2024-09-02,17919,137,10,709.6
2024-09-09,17919,137,10,628.2
2024-09-16,17919,137,10,546.8
2024-09-23,17919,137,10,465.4
2024-09-30,17919,137,10,384.0
2024-10-07,17919,137,10,302.6
2024-10-14,17919,137,10,221.2
2024-10-21,17919,137,10,139.8
2024-10-28,17919,137,10,58.5
2024-11-04,17919,137,10,0.0
2024-09-23,17920,137,10,58.7
2024-09-30,17920,137,10,43.4
2024-10-07,17920,137,10,28.1
2024-10-14,17920,137,10,12.9
2024-10-21,17920,137,10,0.0
2024-12-02,17921,137,10,67.3
2024-12-09,17921,137,10,56.5
2024-12-16,17921,137,10,45.8
2024-12-23,17921,137,10,35.0
2024-12-30,17921,137,10,24.3
2025-01-06,17921,137,10,13.5
2025-01-13,17921,137,10,2.8
2025-01-20,17921,137,10,0.0
2025-01-06,17922,137,10,439.6
2025-01-13,17922,137,10,374.1
2025-01-20,17922,137,10,308.7
2025-01-27,17922,137,10,243.3
2025-02-03,17922,137,10,177.9
2025-02-10,17922,137,10,112.4
2025-02-17,17922,137,10,47.0
2025-02-24,17922,137,10,0.0
2025-03-03,17923,137,10,380.1
2025-03-10,17923,137,10,335.3
2025-03-17,17923,137,10,290.4
2025-03-24,17923,137,10,245.6
2025-03-31,17923,137,10,200.7
2025-04-07,17923,137,10,155.8
2025-04-14,17923,137,10,111.0
2025-04-21,17923,137,10,66.1
2025-04-28,17923,137,10,21.3
2025-05-05,17923,137,10,0.0
2025-05-12,17924,137,10,87.0
2025-05-19,17924,137,10,75.0
2025-05-26,17924,137,10,63.0
2025-06-02,17924,137,10,51.0
2025-06-09,17924,137,10,39.0
2025-06-16,17924,137,10,27.0
2025-06-23,17924,137,10,15.0
2025-06-30,17924,137,10,3.0
2025-07-07,17924,137,10,0.0
2025-07-28,17925,137,10,66.8
2025-08-04,17925,137,10,59.6
2025-08-11,17925,137,10,52.4
2025-08-18,17925,137,10,45.2
2025-08-25,17925,137,10,37.9
2025-09-01,17925,137,10,30.7
2025-09-08,17925,137,10,23.5
2025-09-15,17925,137,10,16.3
2025-09-22,17925,137,10,9.1
2025-09-29,17925,137,10,1.9
2025-10-06,17925,137,10,0.0
2025-09-15,17926,137,10,595.0
2025-09-22,17926,137,10,513.9
2025-09-29,17926,137,10,432.9
2025-10-06,17926,137,10,351.9
2025-10-13,17926,137,10,270.8
2025-10-20,17926,137,10,189.8
2025-10-27,17926,137,10,108.8
2025-11-03,17926,137,10,27.7
2025-11-10,17926,137,10,0.0
2025-11-10,17927,137,10,545.9
2025-11-17,17927,137,10,417.9
2025-11-24,17927,137,10,289.8
2025-12-01,17927,137,10,161.8
2025-12-08,17927,137,10,33.7
2025-12-15,17927,137,10,0.0
2025-12-29,17928,137,10,148.7
2026-01-05,17928,137,10,107.4
2026-01-12,17928,137,10,66.1
2026-01-19,17928,137,10,24.8
2026-01-26,17928,137,10,0.0
2026-03-16,17929,137,10,600.2
2026-03-23,17929,137,10,498.4
2026-03-30,17929,137,10,396.6
2026-04-06,17929,137,10,294.8
2026-04-13,17929,137,10,193.0
2026-04-20,17929,137,10,91.3
2026-04-27,17929,137,10,0.0
2026-06-15,17930,137,10,462.9
2026-06-22,17930,137,10,397.7
2026-06-29,17930,137,10,332.6
2024-07-15,17931,138,3,174.7
2024-07-22,17931,138,3,72.4
2024-07-22,17932,138,1,216.2
2024-07-29,17932,138,1,121.4
2024-07-29,17933,138,3,468.3
2024-08-05,17933,138,3,294.7
2024-08-12,17934,138,3,402.9
2024-08-19,17934,138,3,143.8
2024-08-19,17935,138,1,150.6
2024-08-26,17935,138,1,59.1
2024-09-09,17936,138,1,436.9
2024-09-16,17936,138,1,289.8
2024-09-16,17937,138,1,201.8
2024-09-23,17937,138,1,65.7
2024-09-30,17938,138,1,212.3
2024-10-07,17938,138,1,84.6
2024-10-14,17939,138,1,81.0
2024-10-21,17939,138,1,50.1
2024-10-14,17940,138,1,89.5
2024-10-21,17940,138,1,37.0
2024-10-28,17941,138,3,344.9
2024-11-04,17941,138,3,176.9
2024-11-11,17942,138,3,258.9
2024-11-18,17942,138,3,0.0
2024-11-18,17943,138,3,150.7
2024-11-25,17943,138,3,51.4
2024-12-09,17944,138,3,157.3
2024-12-16,17944,138,3,91.6
2024-12-16,17945,138,1,394.9
2024-12-23,17945,138,1,172.8
2024-12-23,17946,138,1,176.7
2024-12-30,17946,138,1,11.4
2025-01-06,17947,138,1,419.7
2025-01-13,17947,138,1,176.4
2025-01-20,17948,138,3,304.5
2025-01-27,17948,138,3,185.1
2025-01-27,17949,138,1,85.3
2025-02-03,17949,138,1,54.7
2025-02-10,17950,138,1,123.9
2025-02-17,17950,138,1,27.8
2025-02-17,17951,138,1,274.0
2025-02-24,17951,138,1,0.0
2025-02-24,17952,138,1,434.2
2025-03-03,17952,138,1,251.5
2025-03-03,17953,138,1,462.8
2025-03-10,17953,138,1,270.5
2025-03-24,17954,138,3,386.9
2025-03-31,17954,138,3,204.8
2025-03-31,17955,138,3,460.8
2025-04-07,17955,138,3,28.6
2025-04-14,17956,138,3,84.2
2025-04-21,17956,138,3,9.5
2025-04-28,17957,138,3,354.5
2025-05-05,17958,138,1,57.4
2025-05-12,17958,138,1,34.9
2025-05-12,17959,138,1,47.8
2025-05-19,17959,138,1,14.6
2025-06-02,17960,138,3,286.3
2025-06-09,17960,138,3,182.6
2025-06-02,17961,138,1,92.7
2025-06-09,17961,138,1,59.5
2025-06-16,17962,138,3,236.6
2025-06-30,17963,138,1,357.8
2025-07-07,17963,138,1,3.5
2025-07-14,17964,138,1,453.5
2025-07-21,17964,138,1,186.0
2025-07-14,17965,138,3,175.1
2025-07-21,17965,138,3,22.2
2025-08-04,17966,138,3,154.3
2025-08-11,17966,138,3,0.0
2025-08-11,17967,138,1,63.7
2025-08-18,17967,138,1,19.5
2025-08-25,17967,138,1,0.0
2025-08-18,17968,138,1,129.2
2025-08-25,17968,138,1,22.3
2025-09-01,17969,138,1,415.1
2025-09-08,17969,138,1,0.0
2025-09-15,17970,138,3,94.3
2025-09-22,17970,138,3,27.6
2025-09-22,17971,138,3,424.5
2025-09-29,17971,138,3,60.0
2025-10-06,17972,138,1,176.0
2025-10-13,17972,138,1,59.0
2025-10-13,17973,138,3,193.4
2025-10-20,17973,138,3,81.7
2025-11-03,17974,138,3,390.5
2025-11-10,17974,138,3,0.0
2025-11-10,17975,138,1,355.6
2025-11-17,17975,138,1,119.2
2025-11-24,17976,138,3,126.5
2025-12-01,17976,138,3,0.0
2025-11-24,17977,138,1,410.4
2025-12-01,17977,138,1,0.0
2025-12-08,17978,138,3,48.9
2025-12-15,17978,138,3,13.7
2025-12-15,17979,138,3,388.9
2025-12-22,17979,138,3,0.0
2026-01-05,17980,138,3,388.8
2026-01-12,17980,138,3,214.7
2026-01-12,17981,138,3,568.8
2026-01-19,17981,138,3,316.5
2026-01-26,17982,138,1,286.3
2026-02-02,17983,138,3,125.7
2026-02-09,17983,138,3,76.3
2026-02-16,17984,138,3,128.7
2026-02-23,17985,138,3,329.9
2026-03-02,17985,138,3,218.9
2026-03-02,17986,138,1,194.3
2026-03-09,17986,138,1,22.5
2026-03-16,17986,138,1,0.0
2026-03-23,17987,138,1,209.6
2026-03-30,17987,138,1,40.3
2026-04-06,17988,138,3,565.3
2026-04-13,17988,138,3,292.7
2026-04-13,17989,138,3,530.7
2026-04-20,17989,138,3,297.4
2026-04-20,17990,138,1,403.0
2026-04-27,17990,138,1,97.9
2026-05-11,17991,138,3,131.3
2026-05-18,17992,138,1,231.0
2026-05-25,17992,138,1,0.0
2026-05-25,17993,138,3,160.9
2026-06-01,17993,138,3,57.7
2026-06-08,17993,138,3,0.0
2026-06-01,17994,138,1,202.8
2026-06-08,17994,138,1,0.0
2026-06-08,17995,138,3,282.7
2026-06-15,17995,138,3,0.0
2026-06-22,17996,138,1,451.5
2026-06-29,17996,138,1,61.0
2024-07-08,17997,138,4,431.6
2024-07-15,17997,138,4,0.0
2024-07-22,17998,138,4,136.3
2024-07-29,17998,138,4,49.6
2024-08-05,17999,138,4,163.9
2024-08-12,17999,138,4,105.9
2024-08-12,18000,138,4,78.7
2024-08-19,18000,138,4,3.4
2024-08-19,18001,138,4,505.5
2024-08-26,18001,138,4,148.0
2024-09-09,18002,138,4,382.5
2024-09-16,18002,138,4,246.0
2024-09-09,18003,138,4,340.2
2024-09-16,18003,138,4,31.4
2024-09-30,18004,138,4,357.3
2024-10-07,18004,138,4,108.5
2024-10-07,18005,138,4,209.5
2024-10-14,18005,138,4,31.1
2024-10-21,18005,138,4,0.0
2024-10-14,18006,138,4,34.9
2024-10-21,18006,138,4,1.7
2024-10-28,18007,138,4,312.2
2024-11-04,18007,138,4,0.0
2024-11-04,18008,138,4,69.4
2024-11-11,18008,138,4,33.9
2024-11-18,18009,138,4,365.2
2024-11-25,18009,138,4,193.4
2024-11-25,18010,138,4,342.4
2024-12-02,18010,138,4,179.9
2024-12-09,18011,138,4,360.4
2024-12-16,18011,138,4,139.7
2024-12-16,18012,138,4,443.5
2024-12-23,18012,138,4,222.9
2025-01-06,18013,138,4,389.4
2025-01-13,18014,138,4,340.3
2025-01-20,18014,138,4,123.5
2025-01-27,18015,138,4,69.3
2025-02-03,18015,138,4,26.7
2025-02-03,18016,138,4,390.4
2025-02-10,18016,138,4,0.0
2025-02-10,18017,138,4,400.6
2025-02-17,18017,138,4,231.1
2025-02-24,18018,138,4,83.0
2025-03-03,18018,138,4,0.0
2025-03-03,18019,138,4,446.1
2025-03-10,18019,138,4,281.1
2025-03-17,18020,138,4,267.0
2025-03-24,18020,138,4,0.0
2025-03-31,18021,138,4,321.1
2025-04-07,18021,138,4,0.0
2025-04-14,18022,138,4,473.2
2025-04-21,18022,138,4,286.5
2025-04-21,18023,138,4,530.3
2025-04-28,18023,138,4,313.5
2025-05-05,18024,138,4,275.4
2025-05-12,18024,138,4,0.0
2025-05-19,18025,138,4,92.4
2025-05-26,18025,138,4,5.9
2025-05-26,18026,138,4,98.6
2025-06-02,18027,138,4,186.3
2025-06-09,18027,138,4,0.0
2025-06-16,18028,138,4,190.0
2025-06-23,18028,138,4,0.0
2025-06-30,18029,138,4,534.7
2025-07-07,18029,138,4,257.4
2025-07-07,18030,138,4,455.3
2025-07-14,18030,138,4,282.6
2025-07-21,18031,138,4,370.9
2025-07-28,18031,138,4,23.8
2025-08-04,18032,138,4,250.2
2025-08-11,18032,138,4,0.0
2025-08-11,18033,138,4,141.4
2025-08-25,18034,138,4,582.8
2025-09-01,18035,138,4,454.9
2025-09-08,18035,138,4,233.8
2025-09-15,18035,138,4,12.6
2025-09-15,18036,138,4,337.1
2025-09-22,18036,138,4,56.3
2025-09-22,18037,138,4,125.5
2025-09-29,18037,138,4,0.0
2025-10-06,18038,138,4,82.8
2025-10-13,18038,138,4,0.0
2025-10-20,18039,138,4,219.1
2025-10-27,18039,138,4,0.0
2025-10-27,18040,138,4,504.3
2025-11-03,18040,138,4,176.5
2025-11-10,18041,138,4,589.6
2025-11-10,18042,138,4,126.4
2025-11-17,18042,138,4,59.7
2025-11-24,18042,138,4,0.0
2025-12-01,18043,138,4,528.2
2025-12-08,18044,138,4,88.0
2025-12-15,18044,138,4,56.9
2025-12-22,18045,138,4,88.1
2025-12-29,18045,138,4,0.0
2026-01-05,18046,138,4,141.0
2026-01-12,18046,138,4,0.0
2026-01-12,18047,138,4,437.5
2026-01-19,18047,138,4,209.0
2026-01-26,18048,138,4,238.8
2026-02-02,18048,138,4,79.6
2026-02-02,18049,138,4,184.6
2026-02-09,18049,138,4,20.2
2026-02-16,18050,138,4,192.9
2026-02-23,18050,138,4,0.0
2026-03-02,18051,138,4,154.4
2026-03-09,18051,138,4,102.8
2026-03-09,18052,138,4,327.8
2026-03-16,18052,138,4,197.5
2026-03-16,18053,138,4,114.3
2026-03-23,18053,138,4,19.5
2026-03-30,18054,138,4,362.8
2026-04-06,18054,138,4,108.5
2026-04-13,18054,138,4,0.0
2026-04-13,18055,138,4,306.6
2026-04-20,18055,138,4,111.2
2026-04-20,18056,138,4,440.5
2026-04-27,18056,138,4,181.0
2026-05-04,18057,138,4,254.8
2026-05-11,18057,138,4,37.6
2026-05-11,18058,138,4,274.8
2026-05-18,18058,138,4,0.0
2026-05-25,18059,138,4,272.1
2026-06-01,18059,138,4,60.3
2026-06-01,18060,138,4,266.4
2026-06-08,18060,138,4,49.8
2026-06-15,18061,138,4,76.5
2026-06-22,18061,138,4,33.0
2026-06-29,18062,138,4,289.4
2024-07-15,18063,138,5,47.0
2024-07-22,18063,138,5,28.0
2024-07-22,18064,138,5,399.8
2024-07-29,18064,138,5,0.0
2024-07-29,18065,138,5,357.3
2024-08-05,18065,138,5,0.0
2024-08-12,18066,138,5,257.0
2024-08-19,18066,138,5,144.0
2024-08-26,18067,138,5,131.5
2024-09-02,18067,138,5,48.0
2024-09-09,18068,138,5,139.9
2024-09-16,18068,138,5,0.0
2024-09-16,18069,138,5,352.1
2024-09-23,18069,138,5,36.2
2024-09-23,18070,138,5,35.6
2024-09-30,18070,138,5,0.0
2024-10-14,18071,138,5,82.8
2024-10-21,18071,138,5,1.5
2024-10-21,18072,138,5,594.9
2024-10-28,18072,138,5,354.8
2024-10-28,18073,138,5,544.3
2024-11-04,18073,138,5,222.6
2024-11-11,18074,138,5,330.1
2024-11-18,18074,138,5,0.0
2024-11-25,18075,138,5,53.9
2024-12-02,18075,138,5,10.8
2024-11-25,18076,138,5,455.2
2024-12-02,18076,138,5,186.4
2024-12-16,18077,138,5,233.1
2024-12-23,18077,138,5,0.0
2024-12-30,18078,138,5,123.8
2025-01-06,18078,138,5,0.7
2025-01-06,18079,138,5,122.9
2025-01-13,18079,138,5,22.9
2025-01-13,18080,138,5,215.2
2025-01-20,18080,138,5,70.3
2025-01-20,18081,138,5,312.7
2025-01-27,18081,138,5,118.4
2025-02-10,18082,138,5,56.9
2025-02-17,18082,138,5,37.7
2025-02-10,18083,138,5,291.3
2025-02-17,18083,138,5,116.6
2025-02-24,18084,138,5,57.4
2025-03-03,18084,138,5,30.8
2025-03-10,18085,138,5,653.4
2025-03-17,18085,138,5,420.8
2025-03-24,18086,138,5,259.1
2025-03-31,18087,138,5,346.5
2025-04-07,18087,138,5,51.0
2025-04-07,18088,138,5,62.4
2025-04-14,18088,138,5,19.8
2025-04-28,18089,138,5,390.0
2025-05-05,18089,138,5,0.0
2025-04-28,18090,138,5,94.9
2025-05-05,18090,138,5,0.0
2025-05-12,18091,138,5,386.5
2025-05-19,18091,138,5,169.0
2025-05-19,18092,138,5,374.0
2025-05-26,18092,138,5,177.0
2025-06-09,18093,138,5,217.0
2025-06-16,18093,138,5,0.0
2025-06-16,18094,138,5,124.6
2025-06-23,18094,138,5,6.2
2025-06-23,18095,138,5,84.1
2025-06-30,18095,138,5,21.2
2025-07-07,18096,138,5,240.6
2025-07-14,18096,138,5,157.2
2025-07-28,18097,138,5,292.1
2025-08-04,18097,138,5,160.2
2025-07-28,18098,138,5,199.8
2025-08-04,18098,138,5,34.6
2025-08-11,18099,138,5,97.9
2025-08-18,18099,138,5,0.0
2025-08-25,18100,138,5,363.5
2025-09-01,18100,138,5,171.9
2025-09-08,18101,138,5,231.3
2025-09-15,18102,138,5,414.4
2025-09-22,18102,138,5,255.8
2025-09-22,18103,138,5,290.7
2025-09-29,18103,138,5,102.4
2025-10-06,18104,138,5,216.3
2025-10-13,18104,138,5,0.0
2025-10-20,18105,138,5,286.4
2025-10-27,18105,138,5,171.9
2025-10-27,18106,138,5,194.8
2025-11-03,18106,138,5,117.7
2025-11-10,18107,138,5,252.7
2025-11-17,18107,138,5,93.4
2025-11-24,18108,138,5,521.7
2025-12-01,18108,138,5,218.3
2025-12-01,18109,138,5,487.6
2025-12-08,18109,138,5,311.2
2025-12-15,18110,138,5,87.2
2025-12-22,18110,138,5,17.3
2025-12-22,18111,138,5,380.8
2025-12-29,18111,138,5,0.0
2026-01-05,18112,138,5,50.6
2026-01-12,18112,138,5,30.3
2026-01-12,18113,138,5,95.8
2026-01-19,18113,138,5,38.6
2026-01-19,18114,138,5,234.2
2026-01-26,18114,138,5,97.4
2026-02-02,18115,138,5,289.3
2026-02-09,18115,138,5,31.5
2026-02-16,18116,138,5,441.2
2026-02-23,18116,138,5,257.4
2026-02-23,18117,138,5,454.6
2026-03-02,18117,138,5,118.1
2026-03-09,18118,138,5,338.5
2026-03-16,18118,138,5,219.1
2026-03-23,18119,138,5,431.0
2026-03-30,18119,138,5,280.0
2026-03-30,18120,138,5,461.8
2026-04-06,18120,138,5,287.6
2026-04-13,18121,138,5,465.8
2026-04-20,18121,138,5,76.5
2026-04-20,18122,138,5,101.2
2026-04-27,18122,138,5,31.4
2026-04-27,18123,138,5,303.7
2026-05-04,18123,138,5,0.0
2026-05-18,18124,138,5,419.7
2026-05-25,18124,138,5,0.0
2026-05-25,18125,138,5,83.5
2026-06-01,18125,138,5,3.1
2026-06-08,18126,138,5,187.1
2026-06-15,18126,138,5,20.3
2026-06-22,18127,138,5,418.4
2026-06-29,18127,138,5,0.0
2026-06-29,18128,138,5,249.9
2024-07-08,18130,138,7,288.6
2024-07-15,18130,138,7,74.3
2024-07-29,18131,138,7,245.1
2024-08-05,18131,138,7,100.2
2024-08-05,18132,138,9,647.8
2024-08-12,18132,138,9,419.7
2024-08-12,18133,138,7,176.1
2024-08-19,18133,138,7,23.2
2024-08-26,18133,138,7,0.0
2024-08-26,18134,138,9,314.9
2024-09-02,18134,138,9,174.7
2024-09-02,18135,138,9,206.7
2024-09-09,18135,138,9,89.4
2024-09-16,18136,138,9,436.1
2024-09-23,18136,138,9,116.3
2024-09-30,18137,138,7,258.1
2024-10-07,18137,138,7,134.2
2024-10-07,18138,138,7,203.6
2024-10-14,18138,138,7,60.2
2024-10-14,18139,138,7,421.3
2024-10-21,18139,138,7,165.5
2024-10-28,18140,138,9,434.9
2024-11-04,18140,138,9,32.8
2024-11-04,18141,138,7,476.6
2024-11-11,18141,138,7,66.3
2024-11-18,18142,138,7,410.1
2024-11-25,18142,138,7,223.2
2024-12-09,18143,138,7,224.4
2024-12-16,18143,138,7,11.7
2024-12-09,18144,138,7,450.5
2024-12-16,18144,138,7,155.0
2024-12-23,18145,138,9,69.0
2024-12-30,18145,138,9,12.0
2025-01-06,18146,138,9,296.5
2025-01-06,18147,138,7,526.0
2025-01-13,18147,138,7,202.9
2025-01-20,18147,138,7,0.0
2025-01-27,18148,138,9,445.7
2025-02-03,18148,138,9,140.3
2025-02-03,18149,138,7,170.8
2025-02-10,18149,138,7,0.0
2025-02-24,18150,138,9,453.7
2025-03-03,18150,138,9,243.5
2025-03-03,18151,138,9,239.5
2025-03-10,18151,138,9,149.1
2025-03-03,18152,138,7,141.7
2025-03-10,18152,138,7,83.4
2025-03-17,18153,138,7,117.8
2025-03-24,18153,138,7,38.6
2025-04-07,18154,138,7,137.6
2025-04-14,18154,138,7,58.2
2025-04-07,18155,138,9,141.0
2025-04-14,18155,138,9,54.0
2025-04-21,18156,138,7,176.7
2025-04-28,18156,138,7,45.3
2025-04-28,18157,138,7,76.1
2025-05-05,18157,138,7,0.0
2025-05-19,18158,138,9,282.6
2025-05-26,18158,138,9,60.2
2025-05-19,18159,138,9,368.5
2025-05-26,18159,138,9,55.1
2025-06-02,18160,138,9,183.8
2025-06-09,18160,138,9,0.0
2025-06-09,18161,138,7,188.9
2025-06-16,18161,138,7,0.0
2025-06-23,18162,138,7,152.7
2025-06-30,18162,138,7,93.3
2025-07-14,18163,138,7,407.0
2025-07-21,18163,138,7,201.0
2025-07-21,18164,138,9,448.6
2025-07-28,18164,138,9,207.1
2025-07-28,18165,138,9,76.0
2025-08-04,18165,138,9,40.0
2025-08-11,18166,138,9,366.2
2025-08-18,18166,138,9,62.5
2025-08-25,18167,138,9,371.2
2025-09-01,18167,138,9,217.5
2025-09-08,18168,138,7,331.5
2025-09-15,18168,138,7,78.9
2025-09-15,18169,138,7,201.9
2025-09-22,18169,138,7,56.8
2025-09-22,18170,138,7,166.3
2025-09-29,18170,138,7,19.5
2025-10-06,18171,138,7,152.2
2025-10-13,18171,138,7,54.4
2025-10-20,18172,138,9,485.6
2025-10-27,18172,138,9,189.1
2025-10-27,18173,138,7,670.0
2025-11-03,18173,138,7,445.0
2025-11-10,18174,138,9,256.1
2025-11-17,18174,138,9,108.1
2025-11-24,18175,138,9,169.6
2025-12-01,18175,138,9,36.2
2025-11-24,18176,138,7,325.3
2025-12-01,18176,138,7,193.6
2025-12-15,18177,138,9,237.3
2025-12-22,18177,138,9,43.6
2025-12-22,18178,138,9,110.0
2025-12-29,18178,138,9,36.9
2025-12-29,18179,138,9,130.6
2026-01-05,18179,138,9,18.2
2026-01-12,18180,138,9,114.9
2026-01-19,18180,138,9,9.8
2026-01-26,18181,138,9,91.6
2026-02-02,18181,138,9,7.1
2026-02-09,18182,138,9,40.3
2026-02-16,18182,138,9,2.7
2026-02-16,18183,138,7,97.3
2026-02-23,18183,138,7,61.7
2026-03-02,18184,138,7,206.4
2026-03-09,18184,138,7,30.8
2026-03-09,18185,138,7,240.2
2026-03-16,18185,138,7,95.3
2026-03-23,18186,138,7,392.5
2026-03-30,18186,138,7,157.0
2026-03-30,18187,138,9,115.3
2026-04-06,18187,138,9,3.5
2026-04-13,18188,138,7,397.7
2026-04-20,18188,138,7,0.0
2026-04-27,18189,138,9,134.0
2026-05-04,18189,138,9,0.0
2026-05-04,18190,138,7,498.6
2026-05-11,18190,138,7,247.3
2026-05-18,18191,138,9,261.1
2026-05-25,18191,138,9,84.2
2026-05-25,18192,138,7,114.5
2026-06-01,18192,138,7,22.0
2026-06-08,18193,138,9,42.0
2026-06-15,18193,138,9,14.0
2026-06-08,18194,138,7,254.5
2026-06-15,18194,138,7,0.0
2026-06-29,18195,138,9,54.9
2024-07-15,18196,138,10,187.5
2024-07-22,18196,138,10,79.0
2024-07-22,18197,138,10,262.0
2024-07-29,18197,138,10,80.0
2024-08-05,18198,138,10,484.2
2024-08-12,18198,138,10,166.5
2024-08-12,18199,138,10,184.4
2024-08-19,18199,138,10,0.0
2024-08-26,18200,138,10,239.9
2024-09-02,18200,138,10,98.9
2024-08-26,18201,138,10,256.6
2024-09-02,18201,138,10,61.1
2024-09-09,18201,138,10,0.0
2024-09-16,18202,138,10,219.9
2024-09-23,18202,138,10,97.8
2024-09-23,18203,138,10,219.5
2024-09-30,18203,138,10,58.1
2024-10-07,18203,138,10,0.0
2024-10-07,18204,138,10,487.4
2024-10-14,18204,138,10,101.9
2024-10-21,18205,138,10,581.0
2024-10-28,18205,138,10,383.9
2024-11-04,18206,138,10,139.6
2024-11-11,18206,138,10,82.1
2024-11-04,18207,138,10,506.2
2024-11-11,18207,138,10,117.5
2024-11-18,18208,138,10,387.6
2024-11-25,18208,138,10,124.2
2024-12-02,18209,138,10,403.7
2024-12-09,18209,138,10,210.5
2024-12-09,18210,138,10,91.6
2024-12-16,18210,138,10,7.1
2024-12-23,18211,138,10,124.1
2024-12-30,18211,138,10,37.2
2025-01-06,18212,138,10,449.8
2025-01-13,18212,138,10,201.6
2025-01-13,18213,138,10,229.5
2025-01-20,18213,138,10,0.0
2025-01-27,18214,138,10,390.1
2025-02-03,18214,138,10,127.3
2025-02-03,18215,138,10,466.8
2025-02-10,18215,138,10,110.6
2025-02-10,18216,138,10,112.9
2025-02-17,18216,138,10,28.8
2025-02-24,18217,138,10,422.7
2025-03-03,18217,138,10,269.5
2025-03-17,18218,138,10,78.1
2025-03-17,18219,138,10,403.3
2025-03-24,18219,138,10,93.7
2025-03-31,18220,138,10,400.5
2025-04-07,18220,138,10,38.1
2025-04-07,18221,138,10,75.4
2025-04-14,18221,138,10,3.8
2025-04-21,18222,138,10,55.5
2025-04-28,18222,138,10,19.0
2025-05-05,18223,138,10,131.2
2025-05-12,18223,138,10,0.0
2025-05-19,18224,138,10,382.9
2025-05-26,18224,138,10,196.8
2025-05-26,18225,138,10,161.5
2025-06-02,18225,138,10,52.9
2025-06-09,18226,138,10,441.2
2025-06-16,18226,138,10,224.5
2025-06-16,18227,138,10,359.7
2025-06-23,18227,138,10,221.4
2025-06-30,18228,138,10,309.2
2025-07-07,18228,138,10,167.4
2025-07-14,18229,138,10,39.8
2025-07-28,18230,138,10,80.6
2025-08-04,18231,138,10,59.3
2025-08-11,18231,138,10,0.0
2025-08-11,18232,138,10,133.2
2025-08-18,18232,138,10,58.4
2025-08-18,18233,138,10,477.3
2025-08-25,18233,138,10,181.7
2025-09-08,18234,138,10,78.1
2025-09-15,18234,138,10,40.3
2025-09-15,18235,138,10,313.9
2025-09-22,18235,138,10,0.0
2025-09-22,18236,138,10,114.1
2025-09-29,18236,138,10,2.2
2025-09-29,18237,138,10,170.3
2025-10-06,18237,138,10,112.6
2025-10-20,18238,138,10,394.0
2025-10-27,18238,138,10,190.9
2025-10-27,18239,138,10,69.9
2025-11-03,18239,138,10,25.9
2025-11-10,18240,138,10,536.3
2025-11-17,18241,138,10,427.0
2025-11-24,18241,138,10,134.1
2025-12-01,18242,138,10,98.7
2025-12-08,18242,138,10,0.0
2025-12-15,18243,138,10,554.8
2025-12-22,18243,138,10,310.6
2025-12-15,18244,138,10,115.7
2025-12-22,18244,138,10,47.4
2026-01-05,18245,138,10,521.2
2026-01-12,18245,138,10,318.4
2026-01-05,18246,138,10,342.0
2026-01-12,18246,138,10,40.0
2026-01-26,18247,138,10,474.4
2026-02-02,18247,138,10,199.8
2026-02-02,18248,138,10,289.7
2026-02-09,18248,138,10,0.0
2026-02-16,18249,138,10,129.7
2026-02-23,18249,138,10,69.4
2026-03-02,18250,138,10,499.2
2026-03-09,18250,138,10,110.4
2026-03-02,18251,138,10,122.1
2026-03-09,18251,138,10,65.2
2026-03-16,18252,138,10,79.3
2026-03-23,18252,138,10,45.5
2026-03-23,18253,138,10,372.2
2026-03-30,18253,138,10,105.3
2026-04-06,18254,138,10,217.6
2026-04-13,18254,138,10,136.2
2026-04-20,18255,138,10,268.8
2026-04-27,18255,138,10,62.5
2026-05-04,18256,138,10,129.4
2026-05-18,18257,138,10,168.0
2026-05-25,18257,138,10,60.9
2026-05-25,18258,138,10,59.1
2026-06-01,18258,138,10,0.0
2026-06-01,18259,138,10,324.8
2026-06-08,18259,138,10,210.6
2026-06-15,18260,138,10,567.0
2026-06-22,18260,138,10,237.0
2026-06-22,18261,138,10,245.3
2026-06-29,18261,138,10,19.7
2024-07-29,18262,139,1,1054.7
2024-08-05,18262,139,1,903.3
2024-08-12,18262,139,1,752.0
2024-08-19,18262,139,1,600.6
2024-08-26,18262,139,1,449.3
2024-09-02,18262,139,1,297.9
2024-09-09,18262,139,1,146.6
2024-09-16,18262,139,1,0.0
2024-11-18,18263,139,1,361.1
2024-11-25,18263,139,1,318.1
2024-12-02,18263,139,1,275.2
2024-12-09,18263,139,1,232.3
2024-12-16,18263,139,1,189.4
2024-12-23,18263,139,1,146.4
2024-12-30,18263,139,1,103.5
2025-01-06,18263,139,1,60.6
2025-01-13,18263,139,1,17.7
2025-01-20,18263,139,1,0.0
2025-04-07,18264,139,8,130.7
2025-04-14,18264,139,8,119.3
2025-04-21,18264,139,8,108.0
2025-04-28,18264,139,8,96.7
2025-05-05,18264,139,8,85.3
2025-05-12,18264,139,8,74.0
2025-05-19,18264,139,8,62.7
2025-05-26,18264,139,8,51.3
2025-06-02,18264,139,8,40.0
2025-06-09,18264,139,8,28.6
2025-06-16,18264,139,8,17.3
2025-06-23,18264,139,8,6.0
2025-06-30,18264,139,8,0.0
2025-09-29,18265,139,8,523.4
2025-10-06,18265,139,8,400.8
2025-10-13,18265,139,8,278.1
2025-10-20,18265,139,8,155.5
2025-10-27,18265,139,8,32.9
2025-11-03,18265,139,8,0.0
2026-02-16,18266,139,6,361.1
2026-02-23,18266,139,6,313.3
2026-03-02,18266,139,6,265.4
2026-03-09,18266,139,6,217.5
2026-03-16,18266,139,6,169.6
2026-03-23,18266,139,6,121.8
2026-03-30,18266,139,6,73.9
2026-04-06,18266,139,6,26.0
2026-04-13,18266,139,6,0.0
2026-04-27,18267,139,6,342.4
2026-05-04,18267,139,6,256.9
2026-05-11,18267,139,6,171.3
2026-05-18,18267,139,6,85.8
2026-05-25,18267,139,6,0.2
2026-06-01,18267,139,6,0.0
2024-09-23,18268,140,7,242.1
2024-09-30,18268,140,7,184.2
2024-10-07,18268,140,7,126.3
2024-10-14,18268,140,7,68.3
2024-10-21,18268,140,7,10.4
2024-10-28,18268,140,7,0.0
2024-12-02,18269,140,5,1019.2
2024-12-09,18269,140,5,934.3
2024-12-16,18269,140,5,849.5
2024-12-23,18269,140,5,764.6
2024-12-30,18269,140,5,679.8
2025-01-06,18269,140,5,594.9
2025-01-13,18269,140,5,510.1
2025-01-20,18269,140,5,425.3
2025-01-27,18269,140,5,340.4
2025-02-03,18269,140,5,255.6
2025-02-10,18269,140,5,170.7
2025-02-17,18269,140,5,85.9
2025-02-24,18269,140,5,1.1
2025-03-03,18269,140,5,0.0
2025-06-30,18270,140,10,93.0
2025-07-07,18270,140,10,80.9
2025-07-14,18270,140,10,68.9
2025-07-21,18270,140,10,56.9
2025-07-28,18270,140,10,44.8
2025-08-04,18270,140,10,32.8
2025-08-11,18270,140,10,20.8
2025-08-18,18270,140,10,8.8
2025-08-25,18270,140,10,0.0
2025-09-22,18271,140,10,455.6
2025-09-29,18271,140,10,407.2
2025-10-06,18271,140,10,358.8
2025-10-13,18271,140,10,310.4
2025-10-20,18271,140,10,262.0
2025-10-27,18271,140,10,213.6
2025-11-03,18271,140,10,165.2
2025-11-10,18271,140,10,116.8
2025-11-17,18271,140,10,68.4
2025-11-24,18271,140,10,20.0
2025-12-01,18271,140,10,0.0
2025-12-29,18272,140,5,1018.3
2026-01-05,18272,140,5,860.6
2026-01-12,18272,140,5,702.9
2026-01-19,18272,140,5,545.2
2026-01-26,18272,140,5,387.5
2026-02-02,18272,140,5,229.8
2026-02-09,18272,140,5,72.1
2026-02-16,18272,140,5,0.0
2026-06-15,18273,140,5,997.5
2026-06-22,18273,140,5,802.9
2026-06-29,18273,140,5,608.4
2024-07-15,18275,141,1,538.8
2024-09-02,18282,141,1,323.8
2024-09-09,18283,141,3,195.4
2024-09-23,18285,141,1,56.2
2024-09-30,18286,141,3,241.0
2024-10-07,18287,141,1,358.8
2024-11-04,18291,141,1,123.5
2024-11-11,18292,141,1,126.5
2024-12-23,18298,141,3,67.7
2024-12-30,18299,141,3,346.7
2025-02-17,18306,141,1,57.3
2025-03-10,18309,141,1,486.7
2025-04-07,18313,141,3,305.1
2025-04-14,18314,141,3,202.2
2025-04-28,18316,141,1,46.4
2025-05-12,18318,141,3,253.1
2025-06-02,18321,141,3,530.8
2025-07-07,18326,141,1,99.6
2025-08-25,18333,141,1,241.8
2025-09-01,18334,141,3,128.9
2025-09-29,18338,141,3,624.2
2025-11-10,18344,141,1,247.3
2025-11-17,18345,141,3,53.0
2025-12-15,18349,141,3,99.3
2026-01-19,18354,141,1,43.6
2026-01-26,18355,141,3,377.3
2026-02-02,18356,141,1,63.5
2026-03-02,18360,141,3,453.7
2026-03-09,18361,141,1,614.1
2026-03-16,18362,141,1,327.4
2026-03-23,18363,141,3,230.7
2026-03-30,18364,141,3,148.5
2026-04-13,18366,141,1,290.8
2026-04-20,18367,141,3,343.0
2026-05-04,18369,141,3,125.3
2026-05-25,18372,141,3,537.3
2026-06-01,18373,141,3,459.5
2026-06-08,18374,141,3,254.2
2026-06-15,18375,141,3,96.1
2026-06-22,18376,141,3,524.0
2024-07-08,18379,141,4,405.3
2024-07-15,18380,141,4,99.0
2024-08-12,18384,141,4,222.1
2024-08-19,18385,141,4,75.5
2024-09-16,18389,141,4,421.8
2024-09-23,18390,141,4,457.9
2024-10-07,18392,141,4,359.1
2024-10-14,18393,141,4,281.7
2024-10-28,18395,141,4,301.2
2024-11-04,18396,141,4,400.6
2024-11-18,18398,141,4,287.9
2024-11-25,18399,141,4,59.6
2024-12-02,18400,141,4,350.1
2024-12-16,18402,141,4,107.3
2025-02-10,18410,141,4,290.7
2025-02-17,18411,141,4,79.2
2025-02-24,18412,141,4,300.3
2025-03-03,18413,141,4,78.7
2025-03-10,18414,141,4,163.7
2025-03-17,18415,141,4,302.4
2025-03-24,18416,141,4,326.5
2025-04-28,18421,141,4,265.0
2025-05-19,18424,141,4,217.8
2025-06-09,18427,141,4,45.4
2025-07-07,18431,141,4,175.8
2025-07-14,18432,141,4,62.9
2025-08-04,18435,141,4,211.8
2025-08-18,18437,141,4,323.1
2025-08-25,18438,141,4,186.1
2025-09-01,18439,141,4,136.3
2025-10-20,18446,141,4,82.1
2025-10-27,18447,141,4,210.2
2025-11-03,18448,141,4,237.3
2025-12-01,18452,141,4,192.1
2025-12-22,18455,141,4,119.8
2026-01-19,18459,141,4,43.7
2026-01-26,18460,141,4,305.9
2026-03-02,18465,141,4,186.6
2026-03-16,18467,141,4,445.0
2026-04-06,18470,141,4,293.2
2026-05-18,18476,141,4,226.8
2026-05-25,18477,141,4,96.2
2026-06-15,18480,141,4,504.2
2024-07-08,18484,141,5,263.6
2024-07-15,18485,141,5,50.1
2024-08-12,18489,141,5,198.2
2024-09-02,18492,141,5,295.1
2024-09-09,18493,141,5,199.8
2024-09-23,18495,141,5,256.3
2024-09-30,18496,141,5,425.3
2024-10-21,18499,141,5,229.1
2024-11-04,18501,141,5,399.9
2024-11-11,18502,141,5,87.2
2024-11-25,18504,141,5,186.3
2024-12-09,18506,141,5,65.0
2024-12-23,18508,141,5,425.3
2025-02-24,18517,141,5,428.1
2025-03-10,18519,141,5,590.0
2025-03-31,18522,141,5,94.8
2025-05-12,18528,141,5,153.2
2025-05-19,18529,141,5,482.4
2025-05-26,18530,141,5,608.3
2025-06-23,18534,141,5,449.6
2025-07-07,18536,141,5,162.4
2025-07-14,18537,141,5,351.4
2025-08-04,18540,141,5,119.0
2025-08-18,18542,141,5,243.5
2025-10-06,18549,141,5,283.7
2025-10-13,18550,141,5,209.3
2025-10-20,18551,141,5,179.1
2025-10-27,18552,141,5,76.8
2025-11-10,18554,141,5,431.5
2025-12-22,18560,141,5,361.2
2026-01-12,18563,141,5,269.3
2026-01-19,18564,141,5,350.9
2026-01-26,18565,141,5,532.8
2026-02-09,18567,141,5,464.7
2026-02-23,18569,141,5,396.5
2026-03-09,18571,141,5,153.2
2026-03-23,18573,141,5,126.6
2026-03-30,18574,141,5,531.2
2026-04-06,18575,141,5,451.4
2026-05-11,18580,141,5,370.6
2026-05-25,18582,141,5,203.4
2026-06-01,18583,141,5,382.4
2024-07-15,18589,141,7,509.8
2024-07-22,18590,141,7,180.2
2024-08-05,18592,141,9,289.0
2024-08-19,18594,141,9,371.8
2024-08-26,18595,141,9,310.3
2024-09-02,18596,141,9,282.3
2024-09-09,18597,141,7,190.1
2024-09-16,18598,141,9,459.5
2024-09-30,18600,141,9,424.4
2024-10-07,18601,141,9,181.7
2024-11-04,18605,141,9,284.1
2024-11-18,18607,141,9,353.6
2024-12-16,18611,141,7,607.5
2024-12-30,18613,141,7,121.1
2025-01-06,18614,141,7,116.9
2025-01-13,18615,141,9,484.7
2025-01-27,18617,141,7,335.0
2025-02-03,18618,141,9,63.9
2025-02-24,18621,141,9,485.6
2025-03-03,18622,141,9,219.8
2025-03-10,18623,141,9,199.1
2025-03-17,18624,141,7,295.6
2025-03-31,18626,141,7,178.0
2025-04-14,18628,141,7,133.2
2025-04-28,18630,141,9,548.8
2025-05-05,18631,141,9,74.7
2025-05-19,18633,141,7,433.5
2025-06-30,18639,141,7,549.2
2025-07-07,18640,141,9,73.7
2025-08-11,18645,141,9,420.4
2025-08-25,18647,141,7,85.5
2025-09-08,18649,141,9,89.1
2025-09-22,18651,141,7,561.8
2025-09-29,18652,141,9,48.2
2025-10-06,18653,141,7,114.2
2025-10-20,18655,141,7,193.4
2025-10-27,18656,141,9,123.1
2025-11-24,18660,141,7,563.5
2025-12-22,18664,141,7,325.0
2026-02-16,18672,141,9,281.4
2026-02-23,18673,141,7,172.6
2026-03-09,18675,141,9,475.5
2026-05-04,18683,141,9,452.8
2026-05-18,18685,141,7,41.3
2026-06-15,18689,141,7,302.0
2026-06-22,18690,141,9,445.4
2024-07-15,18693,141,10,257.6
2024-07-22,18694,141,10,150.8
2024-08-05,18696,141,10,396.9
2024-08-12,18697,141,10,378.0
2024-08-19,18698,141,10,227.2
2024-08-26,18699,141,10,143.6
2024-09-02,18700,141,10,311.1
2024-10-07,18705,141,10,521.9
2024-10-14,18706,141,10,241.0
2024-10-21,18707,141,10,349.2
2024-11-04,18709,141,10,284.8
2024-12-02,18713,141,10,176.9
2024-12-09,18714,141,10,44.1
2024-12-23,18716,141,10,133.5
2025-01-06,18718,141,10,55.2
2025-01-27,18721,141,10,113.6
2025-02-03,18722,141,10,140.3
2025-03-10,18727,141,10,462.9
2025-03-31,18730,141,10,480.5
2025-04-07,18731,141,10,408.7
2025-04-14,18732,141,10,83.9
2025-04-21,18733,141,10,365.2
2025-04-28,18734,141,10,254.0
2025-05-26,18738,141,10,288.1
2025-06-02,18739,141,10,521.7
2025-06-09,18740,141,10,65.5
2025-06-16,18741,141,10,408.8
2025-07-14,18745,141,10,51.7
2025-07-28,18747,141,10,324.2
2025-08-04,18748,141,10,71.5
2025-08-18,18750,141,10,62.6
2025-09-08,18753,141,10,63.7
2025-09-15,18754,141,10,394.4
2025-09-29,18756,141,10,382.1
2025-10-27,18760,141,10,478.7
2025-11-03,18761,141,10,236.7
2025-11-24,18764,141,10,221.6
2025-12-08,18766,141,10,280.0
2025-12-15,18767,141,10,118.5
2025-12-22,18768,141,10,63.1
2026-01-05,18770,141,10,442.4
2026-02-16,18776,141,10,454.0
2026-03-02,18778,141,10,358.8
2026-03-09,18779,141,10,175.0
2026-03-30,18782,141,10,165.0
2026-04-13,18784,141,10,310.9
2026-04-20,18785,141,10,247.5
2026-04-27,18786,141,10,108.9
2026-05-04,18787,141,10,106.6
2026-05-11,18788,141,10,599.4
2026-05-25,18790,141,10,272.5
2026-06-15,18793,141,10,342.7
2026-06-29,18795,141,10,229.4
2024-07-22,18797,142,3,429.9
2024-07-29,18797,142,3,391.7
2024-08-05,18797,142,3,353.6
2024-08-12,18797,142,3,315.4
2024-08-19,18797,142,3,277.3
2024-08-26,18797,142,3,239.2
2024-09-02,18797,142,3,201.0
2024-09-09,18798,142,1,158.8
2024-09-16,18798,142,1,137.6
2024-09-23,18798,142,1,116.4
2024-09-30,18798,142,1,95.2
2024-10-07,18798,142,1,74.0
2024-10-14,18798,142,1,52.8
2024-10-21,18798,142,1,31.6
2024-09-16,18799,142,3,209.7
2024-09-23,18799,142,3,162.5
2024-09-30,18799,142,3,115.2
2024-10-07,18799,142,3,67.9
2024-10-14,18799,142,3,20.7
2024-10-21,18799,142,3,0.0
2024-11-04,18800,142,1,533.5
2024-11-11,18800,142,1,386.0
2024-11-18,18800,142,1,238.6
2024-11-25,18800,142,1,91.1
2024-12-02,18800,142,1,0.0
2024-12-02,18801,142,3,111.5
2024-12-09,18801,142,3,96.0
2024-12-16,18801,142,3,80.5
2024-12-23,18801,142,3,65.0
2024-12-30,18801,142,3,49.5
2025-01-06,18801,142,3,34.0
2025-01-13,18801,142,3,18.4
2025-01-20,18802,142,1,758.6
2025-01-27,18802,142,1,684.3
2025-02-03,18802,142,1,609.9
2025-02-10,18802,142,1,535.5
2025-02-17,18802,142,1,461.2
2025-02-24,18802,142,1,386.8
2025-03-03,18802,142,1,312.4
2025-03-10,18803,142,3,274.3
2025-03-17,18803,142,3,208.5
2025-03-24,18803,142,3,142.8
2025-03-31,18803,142,3,77.0
2025-04-07,18803,142,3,11.3
2025-04-14,18803,142,3,0.0
2025-03-31,18804,142,1,356.5
2025-04-07,18804,142,1,310.0
2025-04-14,18804,142,1,263.5
2025-04-21,18804,142,1,217.1
2025-04-28,18804,142,1,170.6
2025-05-05,18804,142,1,124.1
2025-05-12,18804,142,1,77.6
2025-05-19,18805,142,1,412.1
2025-05-26,18805,142,1,379.1
2025-06-02,18805,142,1,346.2
2025-06-09,18805,142,1,313.2
2025-06-16,18805,142,1,280.3
2025-06-23,18805,142,1,247.4
2025-06-23,18806,142,1,85.2
2025-06-30,18806,142,1,61.5
2025-07-07,18806,142,1,37.7
2025-07-14,18806,142,1,14.0
2025-07-21,18806,142,1,0.0
2025-07-28,18807,142,1,391.6
2025-08-04,18807,142,1,337.2
2025-08-11,18807,142,1,282.8
2025-08-18,18807,142,1,228.4
2025-08-25,18807,142,1,174.0
2025-09-01,18807,142,1,119.6
2025-09-08,18807,142,1,65.2
2025-08-11,18808,142,3,567.6
2025-08-18,18808,142,3,418.2
2025-08-25,18808,142,3,268.8
2025-09-01,18808,142,3,119.3
2025-09-08,18808,142,3,0.0
2025-09-15,18809,142,3,536.0
2025-09-22,18809,142,3,445.1
2025-09-29,18809,142,3,354.1
2025-10-06,18809,142,3,263.2
2025-10-13,18809,142,3,172.2
2025-10-20,18809,142,3,81.2
2025-11-03,18810,142,3,327.7
2025-11-10,18810,142,3,285.4
2025-11-17,18810,142,3,243.1
2025-11-24,18810,142,3,200.7
2025-12-01,18810,142,3,158.4
2025-12-08,18810,142,3,116.1
2025-12-15,18810,142,3,73.8
2025-12-08,18811,142,1,468.1
2025-12-15,18811,142,1,380.2
2025-12-22,18811,142,1,292.4
2025-12-29,18811,142,1,204.5
2026-01-05,18811,142,1,116.6
2026-01-12,18811,142,1,28.7
2026-01-19,18811,142,1,0.0
2026-01-12,18812,142,3,262.6
2026-01-19,18812,142,3,225.2
2026-01-26,18812,142,3,187.8
2026-02-02,18812,142,3,150.4
2026-02-09,18812,142,3,113.0
2026-02-16,18812,142,3,75.6
2026-02-23,18812,142,3,38.2
2026-02-09,18813,142,3,198.3
2026-02-16,18813,142,3,180.5
2026-02-23,18813,142,3,162.8
2026-03-02,18813,142,3,145.0
2026-03-09,18813,142,3,127.3
2026-03-16,18813,142,3,109.5
2026-03-16,18814,142,3,602.2
2026-03-23,18814,142,3,439.3
2026-03-30,18814,142,3,276.5
2026-04-06,18814,142,3,113.6
2026-04-13,18814,142,3,0.0
2026-04-20,18815,142,1,368.4
2026-04-27,18815,142,1,272.8
2026-05-04,18815,142,1,177.2
2026-05-11,18815,142,1,81.6
2026-05-18,18815,142,1,0.0
2026-05-25,18816,142,3,741.7
2026-06-01,18816,142,3,673.4
2026-06-08,18816,142,3,605.1
2026-06-15,18816,142,3,536.8
2026-06-22,18816,142,3,468.5
2026-06-29,18816,142,3,400.2
2026-06-29,18817,142,3,491.6
2024-07-15,18818,142,4,561.4
2024-07-22,18818,142,4,523.8
2024-07-29,18818,142,4,486.2
2024-08-05,18818,142,4,448.6
2024-08-12,18818,142,4,411.1
2024-08-19,18818,142,4,373.5
2024-08-26,18818,142,4,335.9
2024-08-26,18819,142,4,575.6
2024-09-02,18819,142,4,492.2
2024-09-09,18819,142,4,408.7
2024-09-16,18819,142,4,325.3
2024-09-23,18819,142,4,241.9
2024-09-30,18819,142,4,158.5
2024-10-07,18819,142,4,75.0
2024-10-21,18820,142,4,438.1
2024-10-28,18820,142,4,397.1
2024-11-04,18820,142,4,356.2
2024-11-11,18820,142,4,315.3
2024-11-18,18820,142,4,274.4
2024-11-25,18820,142,4,233.4
2024-12-02,18820,142,4,192.5
2024-11-25,18821,142,4,826.8
2024-12-02,18821,142,4,771.5
2024-12-09,18821,142,4,716.3
2024-12-16,18821,142,4,661.0
2024-12-23,18821,142,4,605.8
2024-12-30,18821,142,4,550.6
2024-12-09,18822,142,4,475.6
2024-12-16,18822,142,4,391.1
2024-12-23,18822,142,4,306.7
2024-12-30,18822,142,4,222.2
2025-01-06,18822,142,4,137.8
2025-01-13,18822,142,4,53.3
2025-01-20,18823,142,4,490.1
2025-01-27,18823,142,4,450.1
2025-02-03,18823,142,4,410.2
2025-02-10,18823,142,4,370.3
2025-02-17,18823,142,4,330.3
2025-02-24,18823,142,4,290.4
2025-03-03,18823,142,4,250.5
2025-03-17,18824,142,4,510.9
2025-03-24,18824,142,4,447.9
2025-03-31,18824,142,4,384.8
2025-04-07,18824,142,4,321.7
2025-04-14,18824,142,4,258.7
2025-04-21,18824,142,4,195.6
2025-03-31,18825,142,4,218.4
2025-04-07,18825,142,4,194.9
2025-04-14,18825,142,4,171.3
2025-04-21,18825,142,4,147.8
2025-04-28,18825,142,4,124.2
2025-05-05,18825,142,4,100.7
2025-05-12,18825,142,4,77.1
2025-05-05,18826,142,4,489.3
2025-05-12,18826,142,4,395.5
2025-05-19,18826,142,4,301.8
2025-05-26,18826,142,4,208.1
2025-06-02,18826,142,4,114.3
2025-06-09,18826,142,4,20.6
2025-06-16,18826,142,4,0.0
2025-06-02,18827,142,4,600.9
2025-06-09,18827,142,4,540.8
2025-06-16,18827,142,4,480.7
2025-06-23,18827,142,4,420.6
2025-06-30,18827,142,4,360.5
2025-07-07,18827,142,4,300.4
2025-07-14,18827,142,4,240.3
2025-07-21,18828,142,4,123.4
2025-07-28,18828,142,4,101.9
2025-08-04,18828,142,4,80.3
2025-08-11,18828,142,4,58.8
2025-08-18,18828,142,4,37.2
2025-08-25,18828,142,4,15.7
2025-09-01,18828,142,4,0.0
2025-09-01,18829,142,4,60.8
2025-09-08,18829,142,4,55.5
2025-09-15,18829,142,4,50.3
2025-09-22,18829,142,4,45.0
2025-09-29,18829,142,4,39.8
2025-10-06,18829,142,4,34.6
2025-10-13,18829,142,4,29.3
2025-09-15,18830,142,4,74.5
2025-09-22,18830,142,4,60.0
2025-09-29,18830,142,4,45.5
2025-10-06,18830,142,4,31.0
2025-10-13,18830,142,4,16.4
2025-10-20,18830,142,4,1.9
2025-10-27,18830,142,4,0.0
2025-11-10,18831,142,4,674.5
2025-11-17,18831,142,4,548.1
2025-11-24,18831,142,4,421.6
2025-12-01,18831,142,4,295.1
2025-12-08,18831,142,4,168.6
2025-12-15,18831,142,4,42.2
2025-12-22,18831,142,4,0.0
2025-11-24,18832,142,4,536.1
2025-12-01,18832,142,4,406.2
2025-12-08,18832,142,4,276.3
2025-12-15,18832,142,4,146.5
2025-12-22,18832,142,4,16.6
2025-12-29,18832,142,4,0.0
2025-12-29,18833,142,4,222.5
2026-01-05,18833,142,4,161.0
2026-01-12,18833,142,4,99.5
2026-01-19,18833,142,4,38.1
2026-01-26,18833,142,4,0.0
2026-02-16,18834,142,4,396.7
2026-02-23,18834,142,4,292.3
2026-03-02,18834,142,4,188.0
2026-03-09,18834,142,4,83.7
2026-03-16,18834,142,4,0.0
2026-03-23,18835,142,4,161.6
2026-03-30,18835,142,4,133.2
2026-04-06,18835,142,4,104.8
2026-04-13,18835,142,4,76.4
2026-04-20,18835,142,4,48.0
2026-04-27,18835,142,4,19.6
2026-04-20,18836,142,4,153.7
2026-04-27,18836,142,4,118.5
2026-05-04,18836,142,4,83.2
2026-05-11,18836,142,4,48.0
2026-05-18,18836,142,4,12.7
2026-05-25,18836,142,4,0.0
2026-06-08,18837,142,4,71.9
2026-06-15,18837,142,4,63.9
2026-06-22,18837,142,4,55.8
2026-06-29,18837,142,4,47.8
2024-07-15,18838,142,5,637.4
2024-07-22,18838,142,5,552.7
2024-07-29,18838,142,5,468.1
2024-08-05,18838,142,5,383.5
2024-08-12,18838,142,5,298.8
2024-08-19,18838,142,5,214.2
2024-08-26,18838,142,5,129.6
2024-09-09,18839,142,5,352.5
2024-09-16,18839,142,5,275.1
2024-09-23,18839,142,5,197.6
2024-09-30,18839,142,5,120.1
2024-10-07,18839,142,5,42.7
2024-10-14,18839,142,5,0.0
2024-09-16,18840,142,5,80.2
2024-09-23,18840,142,5,73.5
2024-09-30,18840,142,5,66.7
2024-10-07,18840,142,5,60.0
2024-10-14,18840,142,5,53.2
2024-10-21,18840,142,5,46.5
2024-10-28,18840,142,5,39.7
2024-11-18,18841,142,5,752.2
2024-11-25,18841,142,5,640.4
2024-12-02,18841,142,5,528.6
2024-12-09,18841,142,5,416.9
2024-12-16,18841,142,5,305.1
2024-12-23,18841,142,5,193.3
2024-12-23,18842,142,5,726.9
2024-12-30,18842,142,5,674.8
2025-01-06,18842,142,5,622.7
2025-01-13,18842,142,5,570.7
2025-01-20,18842,142,5,518.6
2025-01-27,18842,142,5,466.5
2025-02-03,18842,142,5,414.4
2025-01-20,18843,142,5,364.7
2025-01-27,18843,142,5,267.3
2025-02-03,18843,142,5,170.0
2025-02-10,18843,142,5,72.6
2025-02-17,18843,142,5,0.0
2025-02-10,18844,142,5,340.0
2025-02-17,18844,142,5,293.9
2025-02-24,18844,142,5,247.9
2025-03-03,18844,142,5,201.9
2025-03-10,18844,142,5,155.8
2025-03-17,18844,142,5,109.8
2025-03-24,18844,142,5,63.7
2025-03-17,18845,142,5,806.7
2025-03-24,18845,142,5,751.5
2025-03-31,18845,142,5,696.2
2025-04-07,18845,142,5,641.0
2025-04-14,18845,142,5,585.7
2025-04-21,18845,142,5,530.5
2025-04-28,18845,142,5,475.2
2025-05-12,18846,142,5,268.1
2025-05-19,18846,142,5,211.2
2025-05-26,18846,142,5,154.4
2025-06-02,18846,142,5,97.5
2025-06-09,18846,142,5,40.6
2025-06-16,18846,142,5,0.0
2025-06-02,18847,142,5,99.7
2025-06-09,18847,142,5,88.3
2025-06-16,18847,142,5,77.0
2025-06-23,18847,142,5,65.6
2025-06-30,18847,142,5,54.3
2025-07-07,18847,142,5,42.9
2025-07-28,18848,142,5,194.3
2025-08-04,18848,142,5,160.6
2025-08-11,18848,142,5,127.0
2025-08-18,18848,142,5,93.3
2025-08-25,18848,142,5,59.6
2025-09-01,18848,142,5,25.9
2025-08-11,18849,142,5,747.6
2025-08-18,18849,142,5,649.1
2025-08-25,18849,142,5,550.7
2025-09-01,18849,142,5,452.3
2025-09-08,18849,142,5,353.8
2025-09-15,18849,142,5,255.4
2025-09-22,18849,142,5,157.0
2025-10-06,18850,142,5,601.7
2025-10-13,18850,142,5,499.5
2025-10-20,18850,142,5,397.2
2025-10-27,18850,142,5,295.0
2025-11-03,18850,142,5,192.7
2025-11-10,18850,142,5,90.5
2025-11-17,18850,142,5,0.0
2025-10-27,18851,142,5,637.9
2025-11-03,18851,142,5,471.9
2025-11-10,18851,142,5,305.8
2025-11-17,18851,142,5,139.8
2025-11-24,18851,142,5,0.0
2025-12-15,18852,142,5,556.3
2025-12-22,18852,142,5,440.7
2025-12-29,18852,142,5,325.0
2026-01-05,18852,142,5,209.3
2026-01-12,18852,142,5,93.7
2026-01-19,18852,142,5,0.0
2025-12-29,18853,142,5,186.3
2026-01-05,18853,142,5,148.5
2026-01-12,18853,142,5,110.8
2026-01-19,18853,142,5,73.1
2026-01-26,18853,142,5,35.3
2026-02-02,18853,142,5,0.0
2026-03-09,18854,142,5,739.9
2026-03-16,18854,142,5,582.8
2026-03-23,18854,142,5,425.7
2026-03-30,18854,142,5,268.5
2026-04-06,18854,142,5,111.4
2026-04-13,18854,142,5,0.0
2026-03-30,18855,142,5,76.0
2026-04-06,18855,142,5,60.0
2026-04-13,18855,142,5,44.0
2026-04-20,18855,142,5,28.1
2026-04-27,18855,142,5,12.1
2026-05-04,18855,142,5,0.0
2026-04-20,18856,142,5,86.6
2026-04-27,18856,142,5,73.1
2026-05-04,18856,142,5,59.7
2026-05-11,18856,142,5,46.3
2026-05-18,18856,142,5,32.8
2026-05-25,18856,142,5,19.4
2026-05-25,18857,142,5,452.6
2026-06-01,18857,142,5,330.1
2026-06-08,18857,142,5,207.7
2026-06-15,18857,142,5,85.2
2026-06-22,18857,142,5,0.0
2024-08-05,18858,142,9,286.6
2024-08-12,18858,142,9,230.3
2024-08-19,18858,142,9,173.9
2024-08-26,18858,142,9,117.6
2024-09-02,18858,142,9,61.2
2024-09-09,18858,142,9,4.9
2024-09-16,18858,142,9,0.0
2024-08-26,18859,142,7,592.4
2024-09-02,18859,142,7,499.8
2024-09-09,18859,142,7,407.2
2024-09-16,18859,142,7,314.6
2024-09-23,18859,142,7,222.0
2024-09-30,18859,142,7,129.4
2024-10-07,18859,142,7,36.8
2024-10-14,18860,142,9,101.2
2024-10-21,18860,142,9,74.4
2024-10-28,18860,142,9,47.6
2024-11-04,18860,142,9,20.8
2024-11-11,18860,142,9,0.0
2024-11-18,18861,142,7,335.7
2024-11-25,18861,142,7,260.3
2024-12-02,18861,142,7,185.0
2024-12-09,18861,142,7,109.6
2024-12-16,18861,142,7,34.3
2024-12-23,18861,142,7,0.0
2024-12-09,18862,142,9,117.9
2024-12-16,18862,142,9,97.8
2024-12-23,18862,142,9,77.7
2024-12-30,18862,142,9,57.6
2025-01-06,18862,142,9,37.5
2025-01-13,18862,142,9,17.4
2025-02-03,18863,142,9,376.0
2025-02-10,18863,142,9,282.9
2025-02-17,18863,142,9,189.9
2025-02-24,18863,142,9,96.9
2025-03-03,18863,142,9,3.9
2025-03-10,18863,142,9,0.0
2025-03-03,18864,142,9,116.6
2025-03-10,18864,142,9,104.1
2025-03-17,18864,142,9,91.7
2025-03-24,18864,142,9,79.3
2025-03-31,18864,142,9,66.8
2025-04-07,18864,142,9,54.4
2025-04-14,18864,142,9,42.0
2025-04-14,18865,142,9,95.6
2025-04-21,18865,142,9,83.2
2025-04-28,18865,142,9,70.8
2025-05-05,18865,142,9,58.4
2025-05-12,18865,142,9,46.0
2025-05-19,18865,142,9,33.6
2025-05-26,18865,142,9,21.2
2025-05-19,18866,142,7,215.3
2025-05-26,18866,142,7,158.7
2025-06-02,18866,142,7,102.0
2025-06-09,18866,142,7,45.4
2025-06-16,18866,142,7,0.0
2025-06-09,18867,142,9,230.4
2025-06-16,18867,142,9,198.8
2025-06-23,18867,142,9,167.2
2025-06-30,18867,142,9,135.7
2025-07-07,18867,142,9,104.1
2025-07-14,18867,142,9,72.5
2025-07-28,18868,142,7,463.5
2025-08-04,18868,142,7,348.1
2025-08-11,18868,142,7,232.6
2025-08-18,18868,142,7,117.1
2025-08-25,18868,142,7,1.7
2025-09-01,18868,142,7,0.0
2025-08-18,18869,142,9,99.7
2025-08-25,18869,142,9,77.3
2025-09-01,18869,142,9,55.0
2025-09-08,18869,142,9,32.6
2025-09-15,18869,142,9,10.3
2025-09-22,18869,142,9,0.0
2025-10-13,18870,142,7,372.2
2025-10-20,18870,142,7,275.4
2025-10-27,18870,142,7,178.6
2025-11-03,18870,142,7,81.8
2025-11-10,18870,142,7,0.0
2025-11-17,18871,142,7,242.0
2025-11-24,18871,142,7,217.0
2025-12-01,18871,142,7,192.0
2025-12-08,18871,142,7,167.1
2025-12-15,18871,142,7,142.1
2025-12-22,18871,142,7,117.1
2025-12-29,18871,142,7,92.1
2025-11-24,18872,142,9,127.8
2025-12-01,18872,142,9,92.6
2025-12-08,18872,142,9,57.4
2025-12-15,18872,142,9,22.2
2025-12-22,18872,142,9,0.0
2026-01-26,18873,142,7,732.1
2026-02-02,18873,142,7,598.1
2026-02-09,18873,142,7,464.2
2026-02-16,18873,142,7,330.2
2026-02-23,18873,142,7,196.3
2026-03-02,18873,142,7,62.4
2026-02-02,18874,142,7,87.2
2026-02-09,18874,142,7,68.4
2026-02-16,18874,142,7,49.7
2026-02-23,18874,142,7,30.9
2026-03-02,18874,142,7,12.1
2026-03-09,18874,142,7,0.0
2026-04-06,18875,142,7,247.1
2026-04-13,18875,142,7,220.1
2026-04-20,18875,142,7,193.2
2026-04-27,18875,142,7,166.2
2026-05-04,18875,142,7,139.3
2026-05-11,18875,142,7,112.4
2026-05-18,18875,142,7,85.4
2026-05-04,18876,142,7,268.9
2026-05-11,18876,142,7,208.9
2026-05-18,18876,142,7,148.8
2026-05-25,18876,142,7,88.7
2026-06-01,18876,142,7,28.7
2026-06-08,18876,142,7,0.0
2026-05-18,18877,142,9,471.3
2026-05-25,18877,142,9,380.5
2026-06-01,18877,142,9,289.8
2026-06-08,18877,142,9,199.1
2026-06-15,18877,142,9,108.3
2026-06-22,18877,142,9,17.6
2026-06-29,18877,142,9,0.0
2026-06-29,18878,142,7,666.6
2024-07-29,18879,142,10,334.8
2024-08-05,18879,142,10,257.6
2024-08-12,18879,142,10,180.4
2024-08-19,18879,142,10,103.3
2024-08-26,18879,142,10,26.1
2024-09-02,18879,142,10,0.0
2024-08-19,18880,142,10,453.8
2024-08-26,18880,142,10,399.6
2024-09-02,18880,142,10,345.3
2024-09-09,18880,142,10,291.1
2024-09-16,18880,142,10,236.9
2024-09-23,18880,142,10,182.7
2024-09-16,18881,142,10,165.4
2024-09-23,18881,142,10,124.8
2024-09-30,18881,142,10,84.2
2024-10-07,18881,142,10,43.6
2024-10-14,18881,142,10,3.1
2024-10-21,18881,142,10,0.0
2024-11-11,18882,142,10,262.3
2024-11-18,18882,142,10,208.6
2024-11-25,18882,142,10,154.8
2024-12-02,18882,142,10,101.1
2024-12-09,18882,142,10,47.4
2024-12-16,18882,142,10,0.0
2024-12-16,18883,142,10,325.3
2024-12-23,18883,142,10,259.5
2024-12-30,18883,142,10,193.8
2025-01-06,18883,142,10,128.1
2025-01-13,18883,142,10,62.4
2025-01-20,18883,142,10,0.0
2025-01-20,18884,142,10,57.2
2025-01-27,18884,142,10,45.4
2025-02-03,18884,142,10,33.5
2025-02-10,18884,142,10,21.7
2025-02-17,18884,142,10,9.9
2025-02-24,18884,142,10,0.0
2025-02-10,18885,142,10,800.0
2025-02-17,18885,142,10,748.0
2025-02-24,18885,142,10,696.0
2025-03-03,18885,142,10,644.0
2025-03-10,18885,142,10,592.0
2025-03-17,18885,142,10,540.1
2025-03-31,18886,142,10,563.7
2025-04-07,18886,142,10,526.5
2025-04-14,18886,142,10,489.2
2025-04-21,18886,142,10,451.9
2025-04-28,18886,142,10,414.6
2025-05-05,18886,142,10,377.4
2025-05-12,18886,142,10,340.1
2025-05-05,18887,142,10,663.7
2025-05-12,18887,142,10,606.5
2025-05-19,18887,142,10,549.2
2025-05-26,18887,142,10,492.0
2025-06-02,18887,142,10,434.7
2025-06-09,18887,142,10,377.5
2025-06-16,18888,142,10,634.1
2025-06-23,18888,142,10,524.2
2025-06-30,18888,142,10,414.2
2025-07-07,18888,142,10,304.3
2025-07-14,18888,142,10,194.4
2025-07-21,18888,142,10,84.5
2025-07-28,18888,142,10,0.0
2025-07-21,18889,142,10,721.1
2025-07-28,18889,142,10,564.3
2025-08-04,18889,142,10,407.4
2025-08-11,18889,142,10,250.6
2025-08-18,18889,142,10,93.7
2025-08-25,18889,142,10,0.0
2025-09-01,18890,142,10,114.4
2025-09-08,18890,142,10,94.7
2025-09-15,18890,142,10,75.1
2025-09-22,18890,142,10,55.4
2025-09-29,18890,142,10,35.8
2025-10-06,18890,142,10,16.2
2025-10-13,18890,142,10,0.0
2025-09-22,18891,142,10,365.5
2025-09-29,18891,142,10,278.1
2025-10-06,18891,142,10,190.6
2025-10-13,18891,142,10,103.1
2025-10-20,18891,142,10,15.7
2025-10-27,18891,142,10,0.0
2025-10-20,18892,142,10,443.2
2025-10-27,18892,142,10,381.5
2025-11-03,18892,142,10,319.7
2025-11-10,18892,142,10,257.9
2025-11-17,18892,142,10,196.1
2025-11-24,18892,142,10,134.4
2025-12-01,18892,142,10,72.6
2025-12-01,18893,142,10,92.9
2025-12-08,18893,142,10,81.8
2025-12-15,18893,142,10,70.7
2025-12-22,18893,142,10,59.6
2025-12-29,18893,142,10,48.5
2026-01-05,18893,142,10,37.4
2026-01-26,18894,142,10,645.9
2026-02-02,18894,142,10,564.7
2026-02-09,18894,142,10,483.6
2026-02-16,18894,142,10,402.4
2026-02-23,18894,142,10,321.3
2026-03-02,18894,142,10,240.1
2026-03-09,18894,142,10,159.0
2026-02-16,18895,142,10,674.7
2026-02-23,18895,142,10,574.5
2026-03-02,18895,142,10,474.2
2026-03-09,18895,142,10,374.0
2026-03-16,18895,142,10,273.7
2026-03-23,18895,142,10,173.5
2026-03-30,18895,142,10,73.2
2026-03-16,18896,142,10,209.9
2026-03-23,18896,142,10,155.9
2026-03-30,18896,142,10,101.8
2026-04-06,18896,142,10,47.7
2026-04-13,18896,142,10,0.0
2026-04-27,18897,142,10,268.0
2026-05-04,18897,142,10,231.9
2026-05-11,18897,142,10,195.9
2026-05-18,18897,142,10,159.8
2026-05-25,18897,142,10,123.8
2026-06-01,18897,142,10,87.7
2026-06-08,18897,142,10,51.7
2026-06-22,18898,142,10,709.0
2026-06-29,18898,142,10,615.1
2024-07-08,18899,143,1,69.2
2024-07-15,18899,143,1,14.5
2024-07-22,18900,143,3,151.7
2024-07-29,18900,143,3,82.4
2024-07-29,18901,143,3,54.9
2024-08-05,18901,143,3,17.8
2024-08-12,18902,143,1,132.1
2024-08-19,18903,143,3,302.7
2024-08-26,18903,143,3,93.4
2024-09-02,18904,143,3,349.4
2024-09-09,18904,143,3,74.9
2024-09-09,18905,143,3,114.3
2024-09-16,18905,143,3,53.6
2024-09-23,18906,143,3,336.2
2024-09-30,18906,143,3,1.4
2024-09-30,18907,143,1,180.3
2024-10-07,18907,143,1,30.7
2024-10-07,18908,143,1,317.5
2024-10-14,18908,143,1,154.9
2024-10-14,18909,143,3,577.5
2024-10-21,18909,143,3,332.1
2024-10-21,18910,143,1,390.0
2024-10-28,18910,143,1,176.0
2024-11-11,18911,143,1,459.2
2024-11-18,18911,143,1,155.5
2024-11-18,18912,143,1,125.8
2024-11-25,18912,143,1,21.7
2024-11-25,18913,143,3,371.5
2024-12-02,18913,143,3,0.0
2024-12-09,18914,143,3,193.1
2024-12-16,18914,143,3,101.2
2024-12-16,18915,143,1,264.5
2024-12-23,18915,143,1,136.0
2024-12-30,18916,143,3,554.2
2025-01-06,18916,143,3,239.3
2025-01-06,18917,143,3,588.6
2025-01-13,18917,143,3,366.2
2025-01-13,18918,143,1,189.0
2025-01-20,18918,143,1,52.1
2025-01-20,18919,143,3,460.5
2025-01-27,18919,143,3,83.1
2025-02-03,18920,143,1,420.4
2025-02-10,18920,143,1,80.9
2025-02-17,18921,143,3,44.7
2025-02-24,18921,143,3,7.3
2025-03-03,18922,143,1,357.1
2025-03-10,18922,143,1,0.0
2025-03-03,18923,143,3,79.6
2025-03-10,18923,143,3,32.1
2025-03-24,18924,143,3,88.7
2025-03-31,18925,143,3,656.7
2025-04-07,18925,143,3,416.4
2025-04-07,18926,143,3,482.9
2025-04-14,18926,143,3,183.8
2025-04-14,18927,143,1,426.1
2025-04-21,18927,143,1,175.1
2025-04-28,18928,143,3,453.2
2025-05-05,18928,143,3,249.3
2025-05-05,18929,143,1,191.3
2025-05-12,18929,143,1,95.6
2025-05-19,18930,143,1,222.5
2025-05-26,18930,143,1,5.0
2025-06-02,18931,143,3,145.6
2025-06-02,18932,143,3,42.1
2025-06-09,18932,143,3,15.2
2025-06-23,18933,143,1,420.6
2025-06-23,18934,143,3,621.6
2025-06-30,18934,143,3,401.1
2025-07-07,18935,143,1,583.6
2025-07-14,18935,143,1,272.1
2025-07-14,18936,143,1,422.2
2025-07-21,18936,143,1,16.5
2025-07-21,18937,143,1,123.8
2025-07-28,18937,143,1,0.0
2025-08-04,18938,143,1,39.0
2025-08-11,18938,143,1,8.1
2025-08-11,18939,143,3,33.0
2025-08-18,18939,143,3,1.1
2025-09-01,18940,143,3,108.0
2025-09-08,18941,143,3,50.1
2025-09-15,18941,143,3,32.2
2025-09-08,18942,143,3,369.8
2025-09-15,18942,143,3,188.6
2025-09-29,18943,143,3,138.5
2025-10-06,18943,143,3,0.0
2025-09-29,18944,143,1,220.0
2025-10-06,18944,143,1,115.0
2025-10-13,18945,143,1,214.4
2025-10-20,18945,143,1,22.8
2025-10-27,18946,143,3,339.7
2025-11-03,18946,143,3,0.0
2025-10-27,18947,143,3,244.0
2025-11-03,18947,143,3,94.0
2025-11-17,18948,143,1,284.6
2025-11-24,18948,143,1,0.0
2025-11-17,18949,143,1,292.2
2025-11-24,18949,143,1,58.4
2025-12-01,18950,143,1,397.7
2025-12-15,18951,143,1,316.9
2025-12-22,18951,143,1,137.8
2025-12-22,18952,143,1,255.2
2025-12-29,18952,143,1,152.4
2025-12-29,18953,143,3,400.1
2026-01-05,18953,143,3,48.1
2026-01-12,18954,143,1,288.6
2026-01-19,18954,143,1,185.2
2026-01-26,18955,143,1,126.2
2026-02-02,18955,143,1,0.0
2026-01-26,18956,143,3,43.5
2026-02-02,18956,143,3,0.0
2026-02-09,18957,143,3,363.6
2026-02-16,18957,143,3,0.0
2026-02-23,18958,143,1,219.2
2026-03-02,18959,143,3,262.3
2026-03-09,18959,143,3,57.5
2026-03-09,18960,143,3,385.2
2026-03-16,18960,143,3,132.5
2026-03-16,18961,143,3,157.9
2026-03-23,18961,143,3,80.8
2026-04-06,18962,143,3,146.1
2026-04-13,18963,143,3,342.7
2026-04-27,18964,143,3,452.4
2026-05-04,18964,143,3,300.7
2026-05-04,18965,143,1,133.8
2026-05-11,18965,143,1,0.0
2026-05-11,18966,143,1,81.3
2026-05-18,18966,143,1,0.0
2026-05-25,18967,143,3,140.6
2026-06-01,18967,143,3,48.2
2026-06-01,18968,143,3,101.0
2026-06-08,18968,143,3,42.0
2026-06-15,18969,143,1,310.9
2026-06-22,18969,143,1,0.0
2026-06-22,18970,143,1,276.1
2026-06-29,18970,143,1,49.1
2026-06-29,18971,143,3,557.8
2024-07-08,18972,143,4,512.1
2024-07-15,18972,143,4,324.3
2024-07-15,18973,143,4,509.5
2024-07-22,18973,143,4,230.9
2024-08-05,18974,143,4,257.2
2024-08-12,18974,143,4,22.5
2024-08-12,18975,143,4,86.5
2024-08-19,18975,143,4,40.0
2024-08-19,18976,143,4,155.9
2024-08-26,18976,143,4,4.9
2024-08-26,18977,143,4,430.5
2024-09-02,18977,143,4,97.9
2024-09-09,18978,143,4,309.2
2024-09-16,18979,143,4,170.4
2024-09-23,18979,143,4,46.8
2024-09-30,18980,143,4,231.8
2024-10-14,18981,143,4,223.2
2024-10-21,18982,143,4,360.3
2024-10-28,18983,143,4,105.5
2024-11-04,18983,143,4,50.0
2024-11-04,18984,143,4,414.0
2024-11-11,18984,143,4,206.1
2024-11-18,18985,143,4,263.6
2024-11-25,18985,143,4,25.2
2024-11-25,18986,143,4,61.5
2024-12-02,18986,143,4,19.1
2024-12-02,18987,143,4,482.9
2024-12-09,18987,143,4,195.7
2024-12-16,18988,143,4,301.6
2024-12-23,18988,143,4,78.2
2024-12-23,18989,143,4,136.5
2024-12-30,18989,143,4,39.1
2025-01-06,18990,143,4,228.0
2025-01-13,18990,143,4,81.1
2025-01-20,18991,143,4,67.2
2025-01-27,18991,143,4,12.4
2025-01-20,18992,143,4,252.9
2025-01-27,18992,143,4,0.0
2025-02-10,18993,143,4,67.8
2025-02-17,18993,143,4,42.5
2025-02-17,18994,143,4,268.7
2025-02-24,18994,143,4,150.5
2025-02-24,18995,143,4,359.8
2025-03-03,18995,143,4,98.6
2025-03-10,18996,143,4,433.9
2025-03-17,18996,143,4,284.8
2025-03-17,18997,143,4,194.5
2025-03-24,18997,143,4,36.0
2025-03-31,18998,143,4,441.1
2025-04-07,18999,143,4,344.8
2025-04-14,18999,143,4,85.6
2025-04-14,19000,143,4,145.2
2025-04-21,19000,143,4,0.0
2025-04-28,19001,143,4,136.6
2025-05-05,19001,143,4,63.1
2025-05-05,19002,143,4,529.0
2025-05-12,19002,143,4,211.1
2025-05-12,19003,143,4,337.2
2025-05-19,19003,143,4,11.5
2025-05-26,19004,143,4,90.4
2025-06-02,19004,143,4,12.8
2025-06-02,19005,143,4,414.8
2025-06-09,19005,143,4,66.5
2025-06-09,19006,143,4,554.4
2025-06-16,19006,143,4,303.8
2025-06-30,19007,143,4,415.7
2025-07-07,19007,143,4,99.4
2025-07-07,19008,143,4,147.6
2025-07-14,19008,143,4,18.1
2025-07-21,19009,143,4,256.5
2025-07-21,19010,143,4,238.2
2025-07-28,19010,143,4,0.0
2025-08-04,19011,143,4,486.4
2025-08-11,19011,143,4,165.8
2025-08-11,19012,143,4,466.2
2025-08-18,19012,143,4,142.4
2025-08-25,19013,143,4,188.5
2025-09-01,19013,143,4,0.0
2025-09-01,19014,143,4,448.9
2025-09-08,19014,143,4,1.7
2025-09-15,19015,143,4,445.2
2025-09-22,19016,143,4,182.6
2025-10-06,19017,143,4,268.9
2025-10-13,19017,143,4,119.8
2025-10-13,19018,143,4,532.3
2025-10-20,19018,143,4,229.7
2025-10-27,19019,143,4,280.2
2025-11-10,19020,143,4,170.1
2025-11-10,19021,143,4,242.0
2025-11-17,19021,143,4,115.1
2025-11-17,19022,143,4,164.1
2025-11-24,19022,143,4,53.3
2025-12-01,19023,143,4,404.4
2025-12-15,19024,143,4,328.7
2025-12-22,19024,143,4,152.4
2025-12-29,19025,143,4,115.6
2026-01-05,19025,143,4,28.2
2026-01-05,19026,143,4,243.6
2026-01-05,19027,143,4,83.2
2026-01-12,19027,143,4,0.0
2026-01-26,19028,143,4,292.7
2026-02-02,19028,143,4,108.5
2026-02-02,19029,143,4,115.8
2026-02-09,19029,143,4,27.5
2026-02-16,19030,143,4,112.6
2026-02-23,19030,143,4,61.3
2026-02-16,19031,143,4,328.6
2026-02-23,19031,143,4,73.2
2026-03-02,19032,143,4,456.4
2026-03-09,19032,143,4,179.8
2026-03-16,19033,143,4,519.5
2026-03-23,19033,143,4,262.9
2026-03-23,19034,143,4,441.3
2026-03-30,19034,143,4,271.5
2026-04-06,19035,143,4,390.8
2026-04-13,19036,143,4,284.9
2026-04-20,19036,143,4,170.9
2026-04-20,19037,143,4,273.7
2026-04-27,19037,143,4,55.5
2026-05-04,19038,143,4,255.6
2026-05-11,19038,143,4,59.1
2026-05-11,19039,143,4,306.9
2026-05-18,19039,143,4,0.0
2026-05-18,19040,143,4,366.6
2026-05-25,19040,143,4,168.2
2026-05-25,19041,143,4,447.4
2026-06-01,19041,143,4,293.8
2026-06-08,19042,143,4,374.3
2026-06-15,19042,143,4,83.5
2026-06-22,19043,143,4,45.2
2026-06-29,19044,143,4,252.4
2024-07-08,19045,143,5,568.2
2024-07-15,19045,143,5,307.5
2024-07-22,19046,143,5,611.8
2024-07-29,19046,143,5,359.6
2024-07-29,19047,143,5,574.9
2024-08-05,19047,143,5,335.8
2024-08-12,19048,143,5,197.3
2024-08-19,19049,143,5,313.2
2024-08-26,19049,143,5,46.4
2024-08-26,19050,143,5,110.8
2024-09-02,19050,143,5,0.0
2024-09-16,19051,143,5,412.4
2024-09-16,19052,143,5,52.5
2024-09-23,19052,143,5,19.1
2024-09-30,19053,143,5,571.8
2024-10-07,19054,143,5,288.3
2024-10-14,19054,143,5,152.7
2024-10-21,19055,143,5,115.1
2024-10-28,19056,143,5,110.8
2024-11-04,19056,143,5,16.6
2024-11-04,19057,143,5,74.6
2024-11-11,19057,143,5,44.1
2024-11-18,19058,143,5,369.1
2024-11-25,19058,143,5,0.0
2024-12-02,19059,143,5,342.3
2024-12-09,19059,143,5,219.6
2024-12-09,19060,143,5,612.8
2024-12-16,19060,143,5,364.6
2024-12-16,19061,143,5,454.1
2024-12-30,19062,143,5,179.8
2025-01-06,19062,143,5,112.7
2025-01-06,19063,143,5,278.7
2025-01-20,19064,143,5,307.7
2025-01-27,19065,143,5,483.5
2025-02-03,19065,143,5,262.1
2025-02-03,19066,143,5,665.4
2025-02-10,19066,143,5,441.7
2025-02-17,19067,143,5,84.7
2025-02-24,19067,143,5,37.3
2025-02-24,19068,143,5,377.3
2025-03-03,19068,143,5,121.6
2025-03-03,19069,143,5,285.4
2025-03-10,19069,143,5,123.9
2025-03-17,19070,143,5,287.4
2025-03-24,19070,143,5,169.8
2025-03-24,19071,143,5,462.7
2025-03-31,19071,143,5,45.3
2025-04-07,19072,143,5,280.6
2025-04-14,19072,143,5,111.3
2025-04-21,19073,143,5,84.9
2025-04-21,19074,143,5,293.5
2025-04-28,19074,143,5,0.0
2025-05-05,19075,143,5,261.7
2025-05-12,19075,143,5,69.5
2025-05-12,19076,143,5,338.5
2025-05-19,19076,143,5,0.0
2025-06-02,19077,143,5,529.6
2025-06-09,19077,143,5,169.3
2025-06-09,19078,143,5,338.5
2025-06-16,19078,143,5,183.0
2025-06-16,19079,143,5,161.0
2025-06-23,19079,143,5,0.0
2025-06-30,19080,143,5,205.2
2025-07-07,19080,143,5,86.3
2025-07-14,19081,143,5,164.8
2025-07-14,19082,143,5,405.1
2025-07-21,19082,143,5,240.3
2025-07-28,19083,143,5,193.4
2025-08-04,19083,143,5,93.8
2025-08-04,19084,143,5,63.3
2025-08-11,19084,143,5,0.0
2025-08-18,19085,143,5,143.0
2025-08-25,19085,143,5,36.0
2025-08-25,19086,143,5,402.2
2025-09-01,19086,143,5,254.3
2025-09-01,19087,143,5,296.5
2025-09-08,19087,143,5,132.0
2025-09-15,19088,143,5,420.6
2025-09-29,19089,143,5,341.8
2025-10-06,19090,143,5,476.1
2025-10-13,19090,143,5,218.2
2025-10-13,19091,143,5,442.5
2025-10-27,19092,143,5,401.2
2025-11-03,19092,143,5,16.3
2025-10-27,19093,143,5,300.9
2025-11-03,19093,143,5,189.8
2025-11-10,19094,143,5,186.6
2025-11-17,19094,143,5,0.0
2025-12-01,19095,143,5,459.1
2025-12-08,19096,143,5,113.4
2025-12-15,19096,143,5,36.8
2025-12-08,19097,143,5,362.6
2025-12-15,19097,143,5,130.2
2025-12-22,19098,143,5,424.4
2025-12-29,19099,143,5,236.0
2026-01-05,19099,143,5,23.9
2026-01-05,19100,143,5,37.3
2026-01-12,19100,143,5,0.0
2026-01-26,19101,143,5,204.8
2026-01-26,19102,143,5,507.3
2026-02-02,19102,143,5,115.6
2026-02-09,19103,143,5,107.5
2026-02-16,19103,143,5,43.0
2026-02-23,19104,143,5,71.7
2026-03-02,19104,143,5,35.5
2026-03-02,19105,143,5,370.7
2026-03-09,19105,143,5,232.4
2026-03-16,19106,143,5,469.2
2026-03-23,19106,143,5,289.4
2026-03-30,19107,143,5,195.2
2026-03-30,19108,143,5,155.7
2026-04-06,19108,143,5,0.0
2026-04-20,19109,143,5,536.8
2026-04-20,19110,143,5,155.7
2026-04-27,19110,143,5,11.4
2026-04-27,19111,143,5,140.7
2026-05-04,19111,143,5,0.0
2026-05-11,19112,143,5,213.8
2026-05-18,19112,143,5,62.5
2026-05-25,19113,143,5,522.8
2026-06-01,19113,143,5,200.7
2026-06-01,19114,143,5,228.2
2026-06-08,19114,143,5,74.4
2026-06-08,19115,143,5,231.2
2026-06-15,19115,143,5,0.0
2026-06-22,19116,143,5,530.3
2026-06-29,19116,143,5,235.6
2024-07-08,19118,143,9,49.9
2024-07-15,19118,143,9,9.8
2024-07-22,19119,143,9,246.3
2024-07-29,19119,143,9,63.6
2024-07-29,19120,143,7,468.6
2024-08-12,19121,143,9,185.7
2024-08-19,19122,143,7,292.3
2024-08-26,19122,143,7,193.7
2024-08-26,19123,143,7,293.4
2024-09-02,19123,143,7,0.0
2024-09-02,19124,143,9,265.8
2024-09-09,19124,143,9,0.0
2024-09-16,19125,143,9,278.5
2024-09-23,19125,143,9,0.0
2024-09-30,19126,143,9,529.9
2024-10-07,19126,143,9,269.8
2024-10-07,19127,143,9,440.0
2024-10-14,19127,143,9,229.9
2024-10-21,19128,143,9,236.7
2024-10-28,19128,143,9,0.0
2024-10-28,19129,143,7,318.5
2024-11-04,19129,143,7,173.0
2024-11-04,19130,143,9,99.7
2024-11-11,19130,143,9,27.5
2024-11-18,19131,143,9,242.9
2024-11-25,19131,143,9,67.8
2024-11-25,19132,143,9,256.4
2024-12-02,19132,143,9,153.8
2024-12-09,19133,143,7,507.3
2024-12-16,19134,143,9,288.0
2024-12-23,19135,143,7,457.1
2024-12-30,19135,143,7,38.2
2025-01-13,19136,143,7,55.8
2025-01-13,19137,143,9,183.2
2025-01-20,19137,143,9,83.3
2025-01-27,19138,143,9,267.3
2025-02-03,19138,143,9,170.7
2025-02-10,19139,143,7,275.0
2025-02-17,19139,143,7,67.1
2025-02-10,19140,143,9,324.6
2025-02-17,19140,143,9,96.2
2025-02-24,19141,143,7,141.1
2025-03-03,19141,143,7,67.2
2025-03-10,19142,143,9,164.2
2025-03-17,19142,143,9,0.0
2025-03-24,19143,143,7,479.6
2025-03-31,19143,143,7,116.3
2025-03-31,19144,143,9,340.0
2025-04-07,19144,143,9,212.1
2025-04-07,19145,143,7,41.7
2025-04-14,19145,143,7,7.5
2025-04-14,19146,143,7,43.6
2025-04-21,19146,143,7,0.0
2025-04-28,19147,143,9,448.3
2025-05-05,19147,143,9,253.5
2025-05-05,19148,143,9,249.6
2025-05-12,19148,143,9,154.1
2025-05-12,19149,143,7,404.6
2025-05-19,19149,143,7,99.1
2025-05-26,19150,143,9,490.6
2025-06-02,19150,143,9,223.3
2025-06-02,19151,143,7,492.1
2025-06-09,19151,143,7,236.2
2025-06-16,19152,143,7,168.6
2025-06-23,19152,143,7,90.2
2025-06-23,19153,143,7,293.1
2025-06-30,19153,143,7,194.1
2025-07-07,19154,143,9,411.2
2025-07-14,19154,143,9,47.4
2025-07-21,19155,143,7,332.9
2025-07-28,19155,143,7,0.0
2025-07-28,19156,143,9,207.1
2025-08-04,19156,143,9,57.2
2025-08-04,19157,143,7,426.2
2025-08-11,19157,143,7,86.4
2025-08-11,19158,143,9,293.0
2025-08-18,19158,143,9,80.0
2025-08-25,19159,143,7,147.6
2025-09-01,19159,143,7,68.1
2025-09-08,19160,143,9,152.6
2025-09-15,19160,143,9,83.2
2025-09-08,19161,143,7,306.2
2025-09-15,19161,143,7,177.3
2025-09-22,19162,143,9,465.5
2025-09-29,19162,143,9,48.9
2025-10-06,19163,143,7,303.0
2025-10-13,19163,143,7,162.0
2025-10-06,19164,143,9,402.0
2025-10-13,19164,143,9,140.0
2025-10-20,19165,143,9,200.3
2025-10-27,19165,143,9,124.6
2025-11-10,19166,143,9,130.4
2025-11-10,19167,143,9,148.9
2025-11-17,19167,143,9,83.8
2025-11-17,19168,143,7,457.6
2025-11-24,19168,143,7,147.2
2025-12-01,19169,143,7,55.3
2025-12-08,19169,143,7,8.5
2025-12-08,19170,143,9,501.4
2025-12-15,19170,143,9,277.8
2025-12-22,19171,143,7,343.9
2025-12-29,19171,143,7,118.7
2025-12-29,19172,143,7,602.0
2026-01-05,19172,143,7,391.0
2026-01-19,19173,143,7,98.7
2026-01-19,19174,143,9,125.5
2026-01-26,19174,143,9,0.0
2026-01-26,19175,143,9,479.1
2026-02-02,19175,143,9,98.3
2026-02-09,19176,143,7,300.4
2026-02-16,19176,143,7,9.8
2026-02-23,19177,143,7,391.2
2026-03-02,19177,143,7,0.0
2026-03-02,19178,143,9,496.9
2026-03-16,19179,143,7,99.9
2026-03-23,19179,143,7,16.9
2026-03-23,19180,143,7,119.6
2026-03-30,19180,143,7,50.2
2026-03-30,19181,143,7,184.3
2026-04-06,19181,143,7,55.6
2026-04-06,19182,143,9,82.3
2026-04-13,19182,143,9,54.6
2026-04-20,19183,143,7,399.7
2026-04-27,19183,143,7,107.4
2026-05-04,19184,143,7,385.2
2026-05-11,19184,143,7,37.4
2026-05-11,19185,143,9,439.2
2026-05-18,19185,143,9,165.4
2026-05-18,19186,143,7,302.6
2026-05-25,19186,143,7,193.3
2026-05-25,19187,143,9,395.2
2026-06-01,19187,143,9,175.4
2026-06-15,19188,143,7,212.4
2026-06-15,19189,143,7,64.2
2026-06-22,19189,143,7,36.3
2026-06-29,19190,143,9,365.7
2024-07-08,19191,143,10,184.5
2024-07-15,19191,143,10,22.0
2024-07-15,19192,143,10,220.8
2024-07-22,19192,143,10,0.0
2024-07-29,19193,143,10,259.6
2024-08-05,19193,143,10,153.2
2024-08-05,19194,143,10,375.4
2024-08-12,19194,143,10,77.7
2024-08-19,19195,143,10,127.9
2024-08-26,19195,143,10,46.8
2024-08-26,19196,143,10,161.2
2024-09-02,19196,143,10,51.3
2024-09-02,19197,143,10,471.2
2024-09-09,19197,143,10,142.4
2024-09-16,19198,143,10,119.8
2024-09-23,19198,143,10,3.5
2024-09-30,19199,143,10,357.2
2024-10-07,19199,143,10,90.5
2024-10-07,19200,143,10,68.6
2024-10-14,19200,143,10,32.2
2024-10-21,19201,143,10,558.4
2024-10-28,19201,143,10,295.7
2024-11-04,19202,143,10,305.8
2024-11-04,19203,143,10,362.3
2024-11-11,19203,143,10,195.7
2024-11-18,19204,143,10,230.8
2024-11-25,19204,143,10,0.0
2024-12-02,19205,143,10,235.3
2024-12-09,19205,143,10,64.5
2024-12-09,19206,143,10,280.2
2024-12-16,19206,143,10,0.0
2024-12-23,19207,143,10,367.4
2024-12-30,19207,143,10,201.8
2024-12-23,19208,143,10,343.9
2024-12-30,19208,143,10,171.9
2025-01-06,19209,143,10,95.5
2025-01-13,19209,143,10,37.0
2025-01-20,19210,143,10,460.4
2025-01-27,19211,143,10,252.2
2025-02-03,19211,143,10,156.4
2025-02-10,19212,143,10,479.4
2025-02-17,19212,143,10,93.9
2025-02-17,19213,143,10,317.7
2025-02-24,19213,143,10,93.5
2025-02-24,19214,143,10,146.2
2025-03-03,19214,143,10,60.5
2025-03-10,19215,143,10,67.6
2025-03-17,19216,143,10,538.7
2025-03-24,19216,143,10,354.3
2025-03-24,19217,143,10,115.2
2025-03-31,19217,143,10,34.4
2025-04-07,19218,143,10,295.4
2025-04-14,19218,143,10,159.9
2025-04-14,19219,143,10,66.1
2025-04-21,19219,143,10,17.1
2025-04-28,19220,143,10,403.7
2025-05-05,19220,143,10,169.3
2025-05-05,19221,143,10,530.9
2025-05-12,19221,143,10,197.7
2025-05-12,19222,143,10,630.5
2025-05-19,19222,143,10,407.0
2025-05-26,19223,143,10,251.7
2025-06-02,19224,143,10,464.3
2025-06-09,19224,143,10,139.6
2025-06-16,19225,143,10,443.4
2025-06-23,19225,143,10,220.8
2025-06-23,19226,143,10,295.1
2025-06-30,19226,143,10,132.2
2025-07-07,19227,143,10,237.6
2025-07-14,19227,143,10,148.2
2025-07-14,19228,143,10,53.7
2025-07-21,19228,143,10,10.3
2025-07-28,19229,143,10,257.6
2025-08-04,19229,143,10,0.0
2025-08-04,19230,143,10,135.6
2025-08-11,19230,143,10,32.2
2025-08-18,19231,143,10,363.3
2025-08-25,19231,143,10,187.5
2025-08-25,19232,143,10,443.6
2025-09-01,19232,143,10,244.3
2025-09-01,19233,143,10,225.6
2025-09-08,19233,143,10,57.1
2025-09-15,19234,143,10,551.3
2025-09-22,19234,143,10,351.6
2025-09-22,19235,143,10,340.2
2025-09-29,19235,143,10,155.5
2025-10-06,19236,143,10,370.6
2025-10-13,19236,143,10,0.0
2025-10-13,19237,143,10,304.5
2025-10-20,19237,143,10,78.1
2025-10-27,19238,143,10,257.4
2025-11-03,19238,143,10,113.9
2025-11-03,19239,143,10,181.0
2025-11-10,19240,143,10,143.8
2025-11-17,19240,143,10,41.6
2025-11-24,19241,143,10,612.9
2025-12-01,19241,143,10,343.8
2025-12-08,19242,143,10,458.0
2025-12-15,19242,143,10,271.0
2025-12-08,19243,143,10,296.5
2025-12-15,19243,143,10,51.9
2025-12-22,19244,143,10,375.3
2025-12-29,19244,143,10,215.6
2026-01-05,19245,143,10,409.4
2026-01-12,19245,143,10,160.8
2026-01-05,19246,143,10,299.0
2026-01-12,19246,143,10,0.0
2026-01-19,19247,143,10,397.2
2026-01-26,19247,143,10,158.4
2026-02-02,19248,143,10,449.0
2026-02-09,19248,143,10,214.9
2026-02-16,19249,143,10,190.8
2026-02-23,19249,143,10,54.5
2026-02-23,19250,143,10,289.8
2026-03-02,19250,143,10,83.7
2026-03-02,19251,143,10,315.0
2026-03-09,19252,143,10,520.7
2026-03-16,19252,143,10,265.4
2026-03-23,19253,143,10,392.3
2026-03-30,19253,143,10,0.0
2026-03-30,19254,143,10,479.8
2026-04-06,19254,143,10,276.5
2026-04-13,19255,143,10,486.5
2026-04-20,19256,143,10,161.9
2026-04-27,19256,143,10,36.8
2026-05-04,19257,143,10,41.1
2026-05-18,19258,143,10,155.6
2026-05-25,19259,143,10,270.8
2026-06-01,19259,143,10,43.5
2026-06-01,19260,143,10,464.8
2026-06-08,19261,143,10,534.2
2026-06-15,19261,143,10,215.5
2026-06-15,19262,143,10,202.6
2026-06-22,19262,143,10,124.2
2024-07-15,19264,144,1,601.6
2024-07-22,19264,144,1,475.2
2024-07-29,19264,144,1,348.9
2024-08-05,19264,144,1,222.5
2024-08-12,19264,144,1,96.1
2024-08-05,19265,144,1,106.0
2024-08-12,19265,144,1,84.0
2024-08-19,19265,144,1,62.0
2024-08-26,19265,144,1,40.0
2024-09-02,19265,144,1,18.0
2024-08-26,19266,144,1,137.3
2024-09-02,19266,144,1,112.6
2024-09-09,19266,144,1,87.8
2024-09-16,19266,144,1,63.1
2024-09-30,19267,144,1,537.5
2024-10-07,19267,144,1,485.0
2024-10-14,19267,144,1,432.6
2024-10-21,19267,144,1,380.1
2024-10-14,19268,144,3,399.6
2024-10-21,19268,144,3,308.3
2024-10-28,19268,144,3,216.9
2024-11-04,19268,144,3,125.6
2024-11-11,19269,144,3,668.4
2024-11-18,19269,144,3,514.8
2024-11-25,19269,144,3,361.3
2024-12-02,19269,144,3,207.7
2024-11-25,19270,144,1,413.2
2024-12-02,19270,144,1,328.3
2024-12-09,19270,144,1,243.5
2024-12-16,19270,144,1,158.7
2024-12-23,19270,144,1,73.8
2025-01-13,19271,144,3,596.2
2025-01-20,19271,144,3,437.3
2025-01-27,19271,144,3,278.5
2025-02-03,19271,144,3,119.7
2025-02-03,19272,144,1,436.0
2025-02-10,19272,144,1,385.9
2025-02-17,19272,144,1,335.9
2025-02-24,19272,144,1,285.8
2025-03-03,19272,144,1,235.8
2025-02-10,19273,144,3,499.9
2025-02-17,19273,144,3,455.8
2025-02-24,19273,144,3,411.7
2025-03-03,19273,144,3,367.6
2025-03-10,19273,144,3,323.5
2025-03-24,19274,144,3,699.5
2025-03-31,19274,144,3,548.0
2025-04-07,19274,144,3,396.6
2025-04-14,19274,144,3,245.1
2025-04-21,19275,144,1,258.5
2025-04-28,19275,144,1,231.0
2025-05-05,19275,144,1,203.5
2025-05-12,19275,144,1,175.9
2025-05-05,19276,144,3,524.8
2025-05-12,19276,144,3,382.6
2025-05-19,19276,144,3,240.4
2025-05-26,19276,144,3,98.2
2025-06-02,19276,144,3,0.0
2025-05-26,19277,144,3,565.9
2025-06-02,19277,144,3,487.7
2025-06-09,19277,144,3,409.6
2025-06-16,19277,144,3,331.5
2025-06-09,19278,144,3,593.6
2025-06-16,19278,144,3,514.2
2025-06-23,19278,144,3,434.9
2025-06-30,19278,144,3,355.5
2025-06-30,19279,144,1,285.1
2025-07-07,19279,144,1,241.3
2025-07-14,19279,144,1,197.4
2025-07-21,19279,144,1,153.6
2025-07-28,19279,144,1,109.7
2025-08-11,19280,144,3,839.5
2025-08-18,19280,144,3,783.0
2025-08-25,19280,144,3,726.5
2025-09-01,19280,144,3,670.0
2025-08-25,19281,144,1,248.2
2025-09-01,19281,144,1,182.3
2025-09-08,19281,144,1,116.5
2025-09-15,19281,144,1,50.7
2025-09-15,19282,144,3,566.9
2025-09-22,19282,144,3,508.8
2025-09-29,19282,144,3,450.8
2025-10-06,19282,144,3,392.7
2025-10-13,19282,144,3,334.6
2025-10-13,19283,144,1,382.7
2025-10-20,19283,144,1,321.3
2025-10-27,19283,144,1,260.0
2025-11-03,19283,144,1,198.7
2025-11-17,19284,144,1,332.1
2025-11-24,19284,144,1,290.3
2025-12-01,19284,144,1,248.4
2025-12-08,19284,144,1,206.5
2025-12-08,19285,144,3,689.4
2025-12-15,19285,144,3,555.8
2025-12-22,19285,144,3,422.2
2025-12-29,19285,144,3,288.6
2026-01-05,19285,144,3,155.0
2025-12-22,19286,144,3,713.4
2025-12-29,19286,144,3,593.9
2026-01-05,19286,144,3,474.3
2026-01-12,19286,144,3,354.8
2026-01-19,19286,144,3,235.2
2026-01-12,19287,144,3,520.8
2026-01-19,19287,144,3,421.7
2026-01-26,19287,144,3,322.5
2026-02-02,19287,144,3,223.4
2026-02-02,19288,144,3,486.6
2026-02-09,19288,144,3,414.1
2026-02-16,19288,144,3,341.7
2026-02-23,19288,144,3,269.3
2026-03-02,19288,144,3,196.8
2026-03-16,19289,144,1,317.9
2026-03-23,19289,144,1,248.8
2026-03-30,19289,144,1,179.7
2026-04-06,19289,144,1,110.6
2026-04-13,19289,144,1,41.5
2026-04-13,19290,144,3,781.6
2026-04-20,19290,144,3,700.1
2026-04-27,19290,144,3,618.7
2026-05-04,19290,144,3,537.3
2026-05-04,19291,144,1,165.9
2026-05-11,19291,144,1,119.9
2026-05-18,19291,144,1,73.8
2026-05-25,19291,144,1,27.7
2026-05-11,19292,144,1,495.4
2026-05-18,19292,144,1,435.9
2026-05-25,19292,144,1,376.3
2026-06-01,19292,144,1,316.8
2026-06-08,19292,144,1,257.2
2026-06-22,19293,144,3,152.9
2026-06-29,19293,144,3,125.7
2024-07-08,19294,144,4,612.2
2024-07-15,19294,144,4,488.4
2024-07-22,19294,144,4,364.6
2024-07-29,19294,144,4,240.8
2024-08-19,19295,144,4,313.6
2024-08-26,19295,144,4,290.3
2024-09-02,19295,144,4,266.9
2024-09-09,19295,144,4,243.5
2024-09-09,19296,144,4,444.5
2024-09-16,19296,144,4,414.0
2024-09-23,19296,144,4,383.5
2024-09-30,19296,144,4,353.0
2024-10-07,19297,144,4,557.7
2024-10-14,19297,144,4,440.4
2024-10-21,19297,144,4,323.1
2024-10-28,19297,144,4,205.9
2024-10-21,19298,144,4,577.9
2024-10-28,19298,144,4,458.8
2024-11-04,19298,144,4,339.7
2024-11-11,19298,144,4,220.6
2024-11-25,19299,144,4,474.7
2024-12-02,19299,144,4,361.4
2024-12-09,19299,144,4,248.0
2024-12-16,19299,144,4,134.7
2024-12-09,19300,144,4,342.1
2024-12-16,19300,144,4,306.2
2024-12-23,19300,144,4,270.3
2024-12-30,19300,144,4,234.4
2025-01-06,19300,144,4,198.4
2025-01-06,19301,144,4,370.6
2025-01-13,19301,144,4,343.2
2025-01-20,19301,144,4,315.7
2025-01-27,19301,144,4,288.3
2025-02-03,19301,144,4,260.9
2025-02-03,19302,144,4,475.0
2025-02-10,19302,144,4,348.9
2025-02-17,19302,144,4,222.9
2025-02-24,19302,144,4,96.9
2025-02-24,19303,144,4,452.3
2025-03-03,19303,144,4,328.6
2025-03-10,19303,144,4,204.9
2025-03-17,19303,144,4,81.2
2025-03-03,19304,144,4,144.7
2025-03-10,19304,144,4,105.5
2025-03-17,19304,144,4,66.2
2025-03-24,19304,144,4,26.9
2025-03-31,19304,144,4,0.0
2025-04-07,19305,144,4,442.8
2025-04-14,19305,144,4,411.5
2025-04-21,19305,144,4,380.3
2025-04-28,19305,144,4,349.1
2025-04-21,19306,144,4,202.7
2025-04-28,19306,144,4,186.5
2025-05-05,19306,144,4,170.2
2025-05-12,19306,144,4,154.0
2025-05-19,19306,144,4,137.7
2025-06-09,19307,144,4,330.5
2025-06-16,19307,144,4,256.0
2025-06-23,19307,144,4,181.5
2025-06-30,19307,144,4,107.0
2025-06-09,19308,144,4,557.5
2025-06-16,19308,144,4,509.0
2025-06-23,19308,144,4,460.6
2025-06-30,19308,144,4,412.1
2025-07-07,19308,144,4,363.6
2025-07-14,19309,144,4,693.9
2025-07-21,19309,144,4,624.8
2025-07-28,19309,144,4,555.7
2025-08-04,19309,144,4,486.5
2025-08-11,19309,144,4,417.4
2025-07-28,19310,144,4,192.2
2025-08-04,19310,144,4,151.4
2025-08-11,19310,144,4,110.6
2025-08-18,19310,144,4,69.8
2025-08-25,19310,144,4,29.0
2025-09-08,19311,144,4,111.1
2025-09-15,19311,144,4,93.3
2025-09-22,19311,144,4,75.4
2025-09-29,19311,144,4,57.5
2025-09-15,19312,144,4,204.7
2025-09-22,19312,144,4,183.5
2025-09-29,19312,144,4,162.2
2025-10-06,19312,144,4,140.9
2025-10-13,19313,144,4,509.0
2025-10-20,19313,144,4,469.1
2025-10-27,19313,144,4,429.1
2025-11-03,19313,144,4,389.2
2025-11-10,19313,144,4,349.2
2025-11-24,19314,144,4,88.9
2025-12-01,19314,144,4,77.8
2025-12-08,19314,144,4,66.7
2025-12-15,19314,144,4,55.6
2025-12-01,19315,144,4,445.4
2025-12-08,19315,144,4,358.8
2025-12-15,19315,144,4,272.2
2025-12-22,19315,144,4,185.5
2025-12-29,19315,144,4,98.9
2025-12-29,19316,144,4,434.2
2026-01-05,19316,144,4,381.5
2026-01-12,19316,144,4,328.7
2026-01-19,19316,144,4,275.9
2026-01-26,19316,144,4,223.2
2026-01-19,19317,144,4,764.6
2026-01-26,19317,144,4,689.2
2026-02-02,19317,144,4,613.8
2026-02-09,19317,144,4,538.5
2026-02-02,19318,144,4,498.7
2026-02-09,19318,144,4,447.4
2026-02-16,19318,144,4,396.1
2026-02-23,19318,144,4,344.8
2026-03-02,19318,144,4,293.5
2026-03-09,19319,144,4,336.7
2026-03-16,19319,144,4,314.4
2026-03-23,19319,144,4,292.2
2026-03-30,19319,144,4,269.9
2026-03-30,19320,144,4,358.5
2026-04-06,19320,144,4,277.0
2026-04-13,19320,144,4,195.5
2026-04-20,19320,144,4,113.9
2026-04-20,19321,144,4,403.9
2026-04-27,19321,144,4,294.8
2026-05-04,19321,144,4,185.6
2026-05-11,19321,144,4,76.5
2026-05-18,19322,144,4,745.7
2026-05-25,19322,144,4,632.4
2026-06-01,19322,144,4,519.2
2026-06-08,19322,144,4,405.9
2026-06-15,19322,144,4,292.6
2026-06-01,19323,144,4,398.5
2026-06-08,19323,144,4,369.0
2026-06-15,19323,144,4,339.5
2026-06-22,19323,144,4,310.1
2026-06-29,19323,144,4,280.6
2026-06-29,19324,144,4,688.8
2024-07-15,19325,144,5,645.0
2024-07-22,19325,144,5,479.9
2024-07-29,19325,144,5,314.9
2024-08-05,19325,144,5,149.8
2024-08-05,19326,144,5,116.9
2024-08-12,19326,144,5,93.7
2024-08-19,19326,144,5,70.6
2024-08-26,19326,144,5,47.4
2024-09-09,19327,144,5,401.4
2024-09-16,19327,144,5,292.8
2024-09-23,19327,144,5,184.2
2024-09-30,19327,144,5,75.6
2024-10-07,19327,144,5,0.0
2024-09-30,19328,144,5,251.5
2024-10-07,19328,144,5,186.0
2024-10-14,19328,144,5,120.5
2024-10-21,19328,144,5,54.9
2024-10-28,19329,144,5,308.6
2024-11-04,19329,144,5,228.2
2024-11-11,19329,144,5,147.8
2024-11-18,19329,144,5,67.4
2024-11-11,19330,144,5,129.9
2024-11-18,19330,144,5,113.7
2024-11-25,19330,144,5,97.6
2024-12-02,19330,144,5,81.5
2024-12-09,19330,144,5,65.4
2024-12-16,19331,144,5,152.5
2024-12-23,19331,144,5,129.1
2024-12-30,19331,144,5,105.6
2025-01-06,19331,144,5,82.1
2025-01-13,19332,144,5,412.2
2025-01-20,19332,144,5,351.4
2025-01-27,19332,144,5,290.6
2025-02-03,19332,144,5,229.8
2025-01-27,19333,144,5,409.1
2025-02-03,19333,144,5,294.3
2025-02-10,19333,144,5,179.4
2025-02-17,19333,144,5,64.6
2025-02-24,19333,144,5,0.0
2025-02-10,19334,144,5,656.1
2025-02-17,19334,144,5,598.1
2025-02-24,19334,144,5,540.2
2025-03-03,19334,144,5,482.3
2025-03-10,19334,144,5,424.3
2025-03-10,19335,144,5,488.7
2025-03-17,19335,144,5,364.5
2025-03-24,19335,144,5,240.2
2025-03-31,19335,144,5,115.9
2025-03-31,19336,144,5,813.4
2025-04-07,19336,144,5,752.8
2025-04-14,19336,144,5,692.2
2025-04-21,19336,144,5,631.6
2025-04-28,19337,144,5,223.9
2025-05-05,19337,144,5,186.8
2025-05-12,19337,144,5,149.7
2025-05-19,19337,144,5,112.6
2025-05-12,19338,144,5,504.5
2025-05-19,19338,144,5,463.0
2025-05-26,19338,144,5,421.5
2025-06-02,19338,144,5,380.0
2025-06-09,19338,144,5,338.5
2025-06-30,19339,144,5,123.9
2025-07-07,19339,144,5,111.9
2025-07-14,19339,144,5,99.8
2025-07-21,19339,144,5,87.7
2025-07-07,19340,144,5,446.1
2025-07-14,19340,144,5,369.2
2025-07-21,19340,144,5,292.4
2025-07-28,19340,144,5,215.5
2025-08-04,19341,144,5,138.9
2025-08-11,19341,144,5,117.8
2025-08-18,19341,144,5,96.7
2025-08-25,19341,144,5,75.6
2025-09-01,19341,144,5,54.5
2025-09-08,19342,144,5,462.1
2025-09-15,19342,144,5,415.2
2025-09-22,19342,144,5,368.2
2025-09-29,19342,144,5,321.3
2025-09-22,19343,144,5,98.7
2025-09-29,19343,144,5,91.4
2025-10-06,19343,144,5,84.0
2025-10-13,19343,144,5,76.7
2025-10-20,19343,144,5,69.4
2025-10-27,19344,144,5,75.4
2025-11-03,19344,144,5,68.9
2025-11-10,19344,144,5,62.3
2025-11-17,19344,144,5,55.8
2025-11-03,19345,144,5,721.7
2025-11-10,19345,144,5,674.5
2025-11-17,19345,144,5,627.2
2025-11-24,19345,144,5,580.0
2025-12-01,19346,144,5,405.7
2025-12-08,19346,144,5,330.4
2025-12-15,19346,144,5,255.2
2025-12-22,19346,144,5,179.9
2025-12-29,19347,144,5,715.5
2026-01-05,19347,144,5,620.9
2026-01-12,19347,144,5,526.4
2026-01-19,19347,144,5,431.8
2026-01-26,19347,144,5,337.3
2026-01-19,19348,144,5,381.5
2026-01-26,19348,144,5,320.0
2026-02-02,19348,144,5,258.5
2026-02-09,19348,144,5,197.0
2026-02-16,19348,144,5,135.5
2026-02-09,19349,144,5,611.5
2026-02-16,19349,144,5,556.0
2026-02-23,19349,144,5,500.4
2026-03-02,19349,144,5,444.9
2026-03-09,19349,144,5,389.4
2026-03-09,19350,144,5,446.1
2026-03-16,19350,144,5,353.3
2026-03-23,19350,144,5,260.4
2026-03-30,19350,144,5,167.5
2026-03-23,19351,144,5,146.8
2026-03-30,19351,144,5,107.6
2026-04-06,19351,144,5,68.3
2026-04-13,19351,144,5,29.1
2026-04-27,19352,144,5,200.9
2026-05-04,19352,144,5,163.8
2026-05-11,19352,144,5,126.8
2026-05-18,19352,144,5,89.7
2026-05-25,19353,144,5,440.1
2026-06-01,19353,144,5,340.3
2026-06-08,19353,144,5,240.4
2026-06-15,19353,144,5,140.5
2026-06-08,19354,144,5,188.5
2026-06-15,19354,144,5,155.0
2026-06-22,19354,144,5,121.5
2026-06-29,19354,144,5,88.0
2024-07-08,19356,144,7,641.7
2024-07-15,19356,144,7,536.4
2024-07-22,19356,144,7,431.0
2024-07-29,19356,144,7,325.7
2024-08-05,19356,144,7,220.4
2024-08-26,19357,144,9,643.4
2024-09-02,19357,144,9,508.7
2024-09-09,19357,144,9,374.1
2024-09-16,19357,144,9,239.4
2024-09-02,19358,144,9,550.3
2024-09-09,19358,144,9,412.6
2024-09-16,19358,144,9,274.9
2024-09-23,19358,144,9,137.2
2024-09-30,19358,144,9,0.0
2024-10-07,19359,144,9,359.5
2024-10-14,19359,144,9,303.0
2024-10-21,19359,144,9,246.5
2024-10-28,19359,144,9,190.0
2024-11-04,19359,144,9,133.5
2024-10-28,19360,144,9,136.0
2024-11-04,19360,144,9,116.0
2024-11-11,19360,144,9,96.0
2024-11-18,19360,144,9,75.9
2024-11-11,19361,144,7,468.4
2024-11-18,19361,144,7,374.7
2024-11-25,19361,144,7,281.1
2024-12-02,19361,144,7,187.4
2024-12-09,19361,144,7,93.8
2024-12-02,19362,144,7,761.3
2024-12-09,19362,144,7,631.5
2024-12-16,19362,144,7,501.8
2024-12-23,19362,144,7,372.1
2024-12-30,19362,144,7,242.3
2024-12-30,19363,144,9,151.4
2025-01-06,19363,144,9,129.8
2025-01-13,19363,144,9,108.2
2025-01-20,19363,144,9,86.6
2025-01-27,19363,144,9,65.0
2025-01-13,19364,144,9,476.2
2025-01-20,19364,144,9,369.4
2025-01-27,19364,144,9,262.5
2025-02-03,19364,144,9,155.7
2025-02-10,19364,144,9,48.9
2025-02-10,19365,144,7,279.2
2025-02-17,19365,144,7,202.4
2025-02-24,19365,144,7,125.6
2025-03-03,19365,144,7,48.9
2025-03-10,19365,144,7,0.0
2025-03-17,19366,144,9,565.6
2025-03-24,19366,144,9,434.2
2025-03-31,19366,144,9,302.8
2025-04-07,19366,144,9,171.4
2025-04-14,19366,144,9,40.0
2025-03-31,19367,144,7,437.6
2025-04-07,19367,144,7,329.1
2025-04-14,19367,144,7,220.7
2025-04-21,19367,144,7,112.2
2025-04-28,19367,144,7,3.8
2025-05-12,19368,144,7,624.6
2025-05-19,19368,144,7,577.1
2025-05-26,19368,144,7,529.7
2025-06-02,19368,144,7,482.2
2025-06-09,19368,144,7,434.8
2025-05-26,19369,144,7,237.6
2025-06-02,19369,144,7,192.2
2025-06-09,19369,144,7,146.8
2025-06-16,19369,144,7,101.4
2025-06-23,19370,144,9,712.8
2025-06-30,19370,144,9,569.6
2025-07-07,19370,144,9,426.4
2025-07-14,19370,144,9,283.3
2025-07-21,19370,144,9,140.1
2025-07-07,19371,144,9,176.8
2025-07-14,19371,144,9,136.5
2025-07-21,19371,144,9,96.3
2025-07-28,19371,144,9,56.0
2025-08-04,19371,144,9,15.8
2025-08-11,19372,144,9,498.1
2025-08-18,19372,144,9,406.1
2025-08-25,19372,144,9,314.2
2025-09-01,19372,144,9,222.2
2025-09-08,19373,144,7,405.6
2025-09-15,19373,144,7,356.2
2025-09-22,19373,144,7,306.8
2025-09-29,19373,144,7,257.4
2025-09-22,19374,144,9,515.6
2025-09-29,19374,144,9,422.2
2025-10-06,19374,144,9,328.8
2025-10-13,19374,144,9,235.4
2025-10-06,19375,144,7,538.8
2025-10-13,19375,144,7,409.6
2025-10-20,19375,144,7,280.3
2025-10-27,19375,144,7,151.1
2025-11-17,19376,144,9,217.7
2025-11-24,19376,144,9,165.4
2025-12-01,19376,144,9,113.2
2025-12-08,19376,144,9,60.9
2025-12-08,19377,144,9,87.6
2025-12-15,19377,144,9,81.3
2025-12-22,19377,144,9,74.9
2025-12-29,19377,144,9,68.5
2026-01-05,19377,144,9,62.1
2025-12-15,19378,144,9,692.9
2025-12-22,19378,144,9,504.8
2025-12-29,19378,144,9,316.7
2026-01-05,19378,144,9,128.6
2026-01-12,19378,144,9,0.0
2026-01-26,19379,144,9,215.5
2026-02-02,19379,144,9,166.0
2026-02-09,19379,144,9,116.5
2026-02-16,19379,144,9,67.0
2026-02-09,19380,144,7,689.8
2026-02-16,19380,144,7,593.6
2026-02-23,19380,144,7,497.4
2026-03-02,19380,144,7,401.2
2026-03-09,19381,144,9,523.5
2026-03-16,19381,144,9,431.0
2026-03-23,19381,144,9,338.5
2026-03-30,19381,144,9,246.0
2026-04-06,19381,144,9,153.5
2026-03-30,19382,144,7,147.6
2026-04-06,19382,144,7,129.1
2026-04-13,19382,144,7,110.7
2026-04-20,19382,144,7,92.3
2026-04-20,19383,144,7,376.2
2026-04-27,19383,144,7,301.5
2026-05-04,19383,144,7,226.7
2026-05-11,19383,144,7,152.0
2026-05-18,19383,144,7,77.2
2026-05-25,19384,144,7,434.0
2026-06-01,19384,144,7,339.9
2026-06-08,19384,144,7,245.9
2026-06-15,19384,144,7,151.8
2026-06-22,19384,144,7,57.8
2026-06-08,19385,144,7,800.3
2026-06-15,19385,144,7,734.7
2026-06-22,19385,144,7,669.0
2026-06-29,19385,144,7,603.4
2026-06-29,19386,144,9,548.5
2024-07-08,19387,144,10,126.6
2024-07-15,19387,144,10,110.2
2024-07-22,19387,144,10,93.7
2024-07-29,19387,144,10,77.3
2024-07-29,19388,144,10,182.4
2024-08-05,19388,144,10,151.9
2024-08-12,19388,144,10,121.3
2024-08-19,19388,144,10,90.7
2024-08-26,19388,144,10,60.1
2024-09-02,19389,144,10,614.2
2024-09-09,19389,144,10,553.4
2024-09-16,19389,144,10,492.5
2024-09-23,19389,144,10,431.7
2024-10-07,19390,144,10,404.9
2024-10-14,19390,144,10,349.7
2024-10-21,19390,144,10,294.6
2024-10-28,19390,144,10,239.5
2024-11-04,19390,144,10,184.4
2024-10-28,19391,144,10,63.6
2024-11-04,19391,144,10,47.3
2024-11-11,19391,144,10,30.9
2024-11-18,19391,144,10,14.5
2024-11-25,19391,144,10,0.0
2024-11-18,19392,144,10,708.8
2024-11-25,19392,144,10,638.6
2024-12-02,19392,144,10,568.3
2024-12-09,19392,144,10,498.1
2024-12-16,19392,144,10,427.9
2024-12-02,19393,144,10,544.1
2024-12-09,19393,144,10,468.3
2024-12-16,19393,144,10,392.4
2024-12-23,19393,144,10,316.6
2024-12-30,19394,144,10,198.9
2025-01-06,19394,144,10,172.9
2025-01-13,19394,144,10,146.8
2025-01-20,19394,144,10,120.8
2025-01-13,19395,144,10,572.7
2025-01-20,19395,144,10,436.5
2025-01-27,19395,144,10,300.2
2025-02-03,19395,144,10,164.0
2025-02-10,19395,144,10,27.7
2025-02-24,19396,144,10,708.3
2025-03-03,19396,144,10,616.6
2025-03-10,19396,144,10,524.9
2025-03-17,19396,144,10,433.2
2025-03-10,19397,144,10,108.1
2025-03-17,19397,144,10,84.3
2025-03-24,19397,144,10,60.4
2025-03-31,19397,144,10,36.5
2025-04-07,19397,144,10,12.7
2025-04-14,19398,144,10,354.5
2025-04-21,19398,144,10,287.1
2025-04-28,19398,144,10,219.6
2025-05-05,19398,144,10,152.1
2025-05-05,19399,144,10,155.1
2025-05-12,19399,144,10,121.2
2025-05-19,19399,144,10,87.3
2025-05-26,19399,144,10,53.4
2025-06-02,19400,144,10,471.5
2025-06-09,19400,144,10,390.1
2025-06-16,19400,144,10,308.6
2025-06-23,19400,144,10,227.2
2025-06-23,19401,144,10,430.0
2025-06-30,19401,144,10,401.0
2025-07-07,19401,144,10,372.0
2025-07-14,19401,144,10,343.0
2025-07-21,19401,144,10,314.0
2025-07-21,19402,144,10,718.5
2025-07-28,19402,144,10,619.0
2025-08-04,19402,144,10,519.5
2025-08-11,19402,144,10,420.0
2025-08-18,19403,144,10,440.8
2025-08-25,19403,144,10,326.6
2025-09-01,19403,144,10,212.5
2025-09-08,19403,144,10,98.3
2025-09-01,19404,144,10,345.2
2025-09-08,19404,144,10,314.5
2025-09-15,19404,144,10,283.7
2025-09-22,19404,144,10,253.0
2025-09-29,19404,144,10,222.2
2025-09-15,19405,144,10,240.8
2025-09-22,19405,144,10,205.6
2025-09-29,19405,144,10,170.5
2025-10-06,19405,144,10,135.3
2025-10-27,19406,144,10,107.5
2025-11-03,19406,144,10,91.9
2025-11-10,19406,144,10,76.4
2025-11-17,19406,144,10,60.8
2025-11-03,19407,144,10,276.4
2025-11-10,19407,144,10,248.8
2025-11-17,19407,144,10,221.3
2025-11-24,19407,144,10,193.7
2025-11-24,19408,144,10,814.8
2025-12-01,19408,144,10,750.5
2025-12-08,19408,144,10,686.3
2025-12-15,19408,144,10,622.0
2025-12-22,19408,144,10,557.8
2025-12-29,19409,144,10,449.7
2026-01-05,19409,144,10,372.3
2026-01-12,19409,144,10,295.0
2026-01-19,19409,144,10,217.6
2026-01-26,19410,144,10,139.1
2026-02-02,19410,144,10,125.2
2026-02-09,19410,144,10,111.3
2026-02-16,19410,144,10,97.5
2026-02-23,19410,144,10,83.6
2026-02-09,19411,144,10,650.7
2026-02-16,19411,144,10,556.4
2026-02-23,19411,144,10,462.1
2026-03-02,19411,144,10,367.8
2026-03-09,19412,144,10,770.2
2026-03-16,19412,144,10,701.5
2026-03-23,19412,144,10,632.7
2026-03-30,19412,144,10,563.9
2026-04-06,19412,144,10,495.2
2026-03-30,19413,144,10,305.7
2026-04-06,19413,144,10,245.5
2026-04-13,19413,144,10,185.2
2026-04-20,19413,144,10,125.0
2026-04-13,19414,144,10,465.5
2026-04-20,19414,144,10,425.1
2026-04-27,19414,144,10,384.6
2026-05-04,19414,144,10,344.1
2026-05-11,19414,144,10,303.6
2026-05-25,19415,144,10,381.1
2026-06-01,19415,144,10,296.3
2026-06-08,19415,144,10,211.4
2026-06-15,19415,144,10,126.6
2026-06-22,19416,144,10,55.8
2026-06-29,19416,144,10,42.5
2026-06-29,19417,144,10,264.9
2024-10-14,19418,145,8,341.2
2024-10-21,19418,145,8,282.3
2024-10-28,19418,145,8,223.5
2024-11-04,19418,145,8,164.6
2024-11-11,19418,145,8,105.8
2024-11-18,19418,145,8,46.9
2024-11-25,19418,145,8,0.0
2024-12-16,19419,145,10,569.9
2024-12-23,19419,145,10,472.8
2024-12-30,19419,145,10,375.7
2025-01-06,19419,145,10,278.6
2025-01-13,19419,145,10,181.5
2025-01-20,19419,145,10,84.4
2025-01-27,19419,145,10,0.0
2025-05-12,19420,145,10,120.8
2025-05-19,19420,145,10,102.6
2025-05-26,19420,145,10,84.4
2025-06-02,19420,145,10,66.2
2025-06-09,19420,145,10,48.1
2025-06-16,19420,145,10,29.9
2025-06-23,19420,145,10,11.7
2025-06-30,19420,145,10,0.0
2025-08-25,19421,145,2,722.6
2025-09-01,19421,145,2,572.3
2025-09-08,19421,145,2,421.9
2025-09-15,19421,145,2,271.6
2025-09-22,19421,145,2,121.2
2025-09-29,19421,145,2,0.0
2026-02-23,19422,145,8,756.0
2026-03-02,19422,145,8,589.0
2026-03-09,19422,145,8,422.0
2026-03-16,19422,145,8,255.1
2026-03-23,19422,145,8,88.1
2026-03-30,19422,145,8,0.0
2026-04-13,19423,145,2,464.6
2026-04-20,19423,145,2,334.3
2026-04-27,19423,145,2,203.9
2026-05-04,19423,145,2,73.5
2026-05-11,19423,145,2,0.0
2024-07-08,19424,146,3,80.4
2024-07-29,19427,146,1,77.3
2024-08-05,19428,146,1,398.8
2024-09-02,19432,146,3,278.2
2024-09-09,19433,146,1,422.3
2024-10-14,19438,146,1,444.8
2024-11-04,19441,146,1,127.4
2024-11-11,19442,146,3,98.8
2024-12-16,19447,146,3,329.7
2025-01-06,19450,146,1,443.2
2025-02-03,19454,146,1,42.1
2025-02-17,19456,146,1,307.0
2025-03-03,19458,146,3,390.4
2025-04-07,19463,146,3,233.2
2025-04-14,19464,146,1,565.2
2025-04-28,19466,146,1,46.3
2025-05-05,19467,146,1,140.2
2025-05-12,19468,146,3,341.1
2025-05-19,19469,146,1,381.8
2025-06-02,19471,146,3,131.3
2025-06-30,19475,146,1,455.5
2025-08-18,19482,146,3,116.5
2025-08-25,19483,146,3,291.3
2025-09-15,19486,146,3,187.3
2025-09-29,19488,146,3,159.2
2025-10-27,19492,146,3,176.8
2025-11-10,19494,146,3,389.5
2025-11-24,19496,146,1,519.8
2025-12-08,19498,146,1,93.9
2025-12-15,19499,146,3,645.2
2026-01-12,19503,146,3,347.6
2026-01-19,19504,146,3,604.3
2026-02-09,19507,146,1,443.9
2026-02-16,19508,146,3,61.0
2026-02-23,19509,146,3,105.3
2026-03-16,19512,146,3,202.4
2026-03-23,19513,146,1,89.9
2026-03-30,19514,146,3,267.6
2026-04-13,19516,146,1,341.8
2026-04-20,19517,146,1,194.0
2026-05-11,19520,146,1,199.1
2026-05-18,19521,146,1,536.9
2026-05-25,19522,146,1,310.4
2026-06-15,19525,146,3,445.7
2026-06-22,19526,146,3,225.1
2026-06-29,19527,146,3,512.6
2024-07-29,19532,146,4,87.8
2024-08-12,19534,146,4,171.3
2024-08-26,19536,146,4,465.2
2024-09-02,19537,146,4,354.9
2024-09-09,19538,146,4,57.1
2024-09-16,19539,146,4,90.7
2024-10-07,19542,146,4,328.3
2024-10-21,19544,146,4,255.8
2024-11-11,19547,146,4,299.9
2024-11-25,19549,146,4,344.0
2024-12-02,19550,146,4,114.3
2024-12-16,19552,146,4,88.8
2025-01-20,19557,146,4,452.4
2025-03-10,19564,146,4,322.1
2025-03-17,19565,146,4,283.8
2025-04-07,19568,146,4,367.4
2025-04-14,19569,146,4,324.0
2025-04-21,19570,146,4,174.8
2025-05-26,19575,146,4,59.3
2025-06-02,19576,146,4,521.8
2025-06-09,19577,146,4,345.0
2025-06-23,19579,146,4,327.1
2025-07-21,19583,146,4,575.1
2025-08-04,19585,146,4,280.5
2025-09-01,19589,146,4,381.7
2025-09-22,19592,146,4,66.5
2025-09-29,19593,146,4,412.1
2025-10-13,19595,146,4,430.7
2025-12-01,19602,146,4,348.3
2025-12-08,19603,146,4,224.3
2025-12-22,19605,146,4,492.8
2026-01-05,19607,146,4,333.1
2026-01-19,19609,146,4,95.3
2026-03-02,19615,146,4,286.2
2026-03-09,19616,146,4,254.6
2026-03-23,19618,146,4,199.4
2026-04-13,19621,146,4,218.0
2026-04-20,19622,146,4,567.9
2026-04-27,19623,146,4,550.6
2026-05-04,19624,146,4,412.1
2026-05-25,19627,146,4,315.2
2024-07-22,19635,146,5,493.0
2024-08-05,19637,146,5,365.5
2024-08-12,19638,146,5,484.1
2024-08-19,19639,146,5,417.4
2024-09-02,19641,146,5,52.5
2024-09-09,19642,146,5,368.9
2024-09-16,19643,146,5,225.9
2024-11-04,19650,146,5,319.5
2024-11-25,19653,146,5,84.1
2024-12-16,19656,146,5,128.3
2025-01-06,19659,146,5,355.1
2025-01-20,19661,146,5,311.8
2025-02-17,19665,146,5,296.4
2025-02-24,19666,146,5,42.8
2025-03-03,19667,146,5,208.7
2025-03-10,19668,146,5,179.6
2025-03-17,19669,146,5,116.2
2025-03-24,19670,146,5,85.7
2025-03-31,19671,146,5,435.9
2025-04-28,19675,146,5,321.7
2025-05-12,19677,146,5,133.5
2025-06-23,19683,146,5,48.0
2025-06-30,19684,146,5,556.2
2025-08-04,19689,146,5,449.0
2025-10-06,19698,146,5,111.5
2025-10-13,19699,146,5,309.0
2025-10-20,19700,146,5,179.6
2025-10-27,19701,146,5,589.2
2025-11-03,19702,146,5,176.2
2025-11-10,19703,146,5,158.0
2025-12-01,19706,146,5,273.8
2025-12-29,19710,146,5,280.2
2026-01-05,19711,146,5,68.6
2026-02-09,19716,146,5,412.9
2026-03-09,19720,146,5,384.3
2026-03-16,19721,146,5,161.4
2026-05-25,19731,146,5,396.1
2026-06-01,19732,146,5,127.6
2026-06-22,19735,146,5,268.0
2024-07-08,19737,146,7,267.2
2024-09-16,19747,146,7,235.9
2024-09-23,19748,146,9,87.3
2024-09-30,19749,146,9,464.9
2024-10-07,19750,146,9,370.8
2024-10-21,19752,146,7,45.3
2024-11-25,19757,146,7,347.8
2024-12-09,19759,146,7,494.4
2024-12-16,19760,146,7,170.8
2024-12-23,19761,146,9,147.1
2025-01-13,19764,146,9,480.2
2025-02-03,19767,146,9,346.3
2025-02-24,19770,146,7,163.2
2025-03-31,19775,146,9,318.2
2025-04-07,19776,146,9,286.8
2025-04-28,19779,146,9,595.1
2025-05-05,19780,146,7,186.0
2025-05-12,19781,146,9,99.4
2025-06-09,19785,146,9,293.8
2025-07-14,19790,146,9,475.7
2025-07-21,19791,146,7,329.2
2025-08-25,19796,146,7,461.3
2025-09-08,19798,146,9,305.7
2025-09-15,19799,146,9,41.2
2025-10-06,19802,146,9,46.7
2025-10-13,19803,146,7,330.5
2025-10-27,19805,146,7,90.4
2025-11-10,19807,146,7,341.5
2025-11-17,19808,146,9,257.5
2025-12-01,19810,146,9,313.9
2025-12-08,19811,146,9,303.2
2025-12-22,19813,146,9,221.9
2026-01-26,19818,146,9,370.7
2026-02-02,19819,146,9,340.3
2026-02-09,19820,146,9,283.6
2026-03-02,19823,146,7,214.8
2026-03-09,19824,146,9,408.5
2026-03-16,19825,146,7,139.9
2026-03-30,19827,146,7,184.9
2026-04-06,19828,146,7,206.5
2026-04-13,19829,146,7,405.0
2026-05-04,19832,146,7,193.4
2026-05-18,19834,146,9,348.5
2026-06-08,19837,146,9,208.4
2026-06-29,19840,146,9,353.9
2024-07-08,19841,146,10,274.5
2024-07-22,19843,146,10,525.4
2024-08-19,19847,146,10,459.7
2024-09-02,19849,146,10,98.2
2024-09-16,19851,146,10,442.3
2024-09-30,19853,146,10,648.2
2024-10-07,19854,146,10,30.9
2024-10-14,19855,146,10,275.3
2024-10-21,19856,146,10,71.5
2024-10-28,19857,146,10,154.9
2024-11-11,19859,146,10,413.5
2024-11-25,19861,146,10,520.7
2024-12-02,19862,146,10,276.7
2024-12-16,19864,146,10,100.1
2025-01-06,19867,146,10,120.7
2025-03-24,19878,146,10,268.4
2025-04-07,19880,146,10,471.2
2025-04-14,19881,146,10,550.4
2025-04-28,19883,146,10,470.4
2025-05-05,19884,146,10,521.5
2025-05-12,19885,146,10,440.5
2025-05-19,19886,146,10,126.1
2025-06-23,19891,146,10,233.7
2025-07-14,19894,146,10,50.2
2025-08-25,19900,146,10,286.5
2025-09-15,19903,146,10,479.0
2025-10-27,19909,146,10,105.4
2025-11-03,19910,146,10,212.4
2025-11-24,19913,146,10,300.9
2025-12-15,19916,146,10,219.6
2026-01-26,19922,146,10,224.6
2026-02-02,19923,146,10,120.3
2026-02-09,19924,146,10,396.7
2026-03-16,19929,146,10,346.3
2026-04-13,19933,146,10,352.0
2026-04-20,19934,146,10,156.6
2026-04-27,19935,146,10,373.8
2026-05-04,19936,146,10,116.6
2026-05-25,19939,146,10,126.3
2026-06-08,19941,146,10,165.3
2026-06-22,19943,146,10,603.9
2026-06-29,19944,146,10,96.0
2024-08-26,19946,147,7,550.5
2024-09-02,19946,147,7,483.9
2024-09-09,19946,147,7,417.4
2024-09-16,19946,147,7,350.9
2024-09-23,19946,147,7,284.3
2024-09-30,19946,147,7,217.8
2024-10-07,19946,147,7,151.2
2024-10-14,19946,147,7,84.7
2024-10-21,19946,147,7,18.2
2024-10-28,19946,147,7,0.0
2025-01-13,19947,147,1,484.5
2025-01-20,19947,147,1,403.0
2025-01-27,19947,147,1,321.5
2025-02-03,19947,147,1,240.1
2025-02-10,19947,147,1,158.6
2025-02-17,19947,147,1,77.1
2025-02-24,19947,147,1,0.0
2025-06-30,19948,147,7,868.7
2025-07-07,19948,147,7,696.5
2025-07-14,19948,147,7,524.2
2025-07-21,19948,147,7,352.0
2025-07-28,19948,147,7,179.7
2025-08-04,19948,147,7,7.5
2025-08-11,19948,147,7,0.0
2025-07-14,19949,147,4,1231.9
2025-07-21,19949,147,4,1113.8
2025-07-28,19949,147,4,995.7
2025-08-04,19949,147,4,877.5
2025-08-11,19949,147,4,759.4
2025-08-18,19949,147,4,641.3
2025-08-25,19949,147,4,523.2
2025-09-01,19949,147,4,405.1
2025-09-08,19949,147,4,287.0
2025-09-15,19949,147,4,168.8
2025-09-22,19949,147,4,50.7
2025-09-29,19949,147,4,0.0
2026-01-12,19950,147,4,668.0
2026-01-19,19950,147,4,546.0
2026-01-26,19950,147,4,424.1
2026-02-02,19950,147,4,302.1
2026-02-09,19950,147,4,180.1
2026-02-16,19950,147,4,58.1
2026-02-23,19950,147,4,0.0
2026-03-23,19951,147,1,404.1
2026-03-30,19951,147,1,325.2
2026-04-06,19951,147,1,246.2
2026-04-13,19951,147,1,167.3
2026-04-20,19951,147,1,88.4
2026-04-27,19951,147,1,9.5
2026-05-04,19951,147,1,0.0
2024-09-16,19952,148,6,948.3
2024-09-23,19952,148,6,751.5
2024-09-30,19952,148,6,554.8
2024-10-07,19952,148,6,358.1
2024-10-14,19952,148,6,161.3
2024-10-21,19952,148,6,0.0
2024-11-11,19953,148,6,727.5
2024-11-18,19953,148,6,628.1
2024-11-25,19953,148,6,528.6
2024-12-02,19953,148,6,429.2
2024-12-09,19953,148,6,329.7
2024-12-16,19953,148,6,230.3
2024-12-23,19953,148,6,130.8
2024-12-30,19953,148,6,31.4
2025-01-06,19953,148,6,0.0
2025-04-07,19954,148,2,957.6
2025-04-14,19954,148,2,840.1
2025-04-21,19954,148,2,722.7
2025-04-28,19954,148,2,605.3
2025-05-05,19954,148,2,487.9
2025-05-12,19954,148,2,370.4
2025-05-19,19954,148,2,253.0
2025-05-26,19954,148,2,135.6
2025-06-02,19954,148,2,18.1
2025-06-09,19954,148,2,0.0
2025-09-08,19955,148,4,244.4
2025-09-15,19955,148,4,228.8
2025-09-22,19955,148,4,213.2
2025-09-29,19955,148,4,197.6
2025-10-06,19955,148,4,182.0
2025-10-13,19955,148,4,166.4
2025-10-20,19955,148,4,150.8
2025-10-27,19955,148,4,135.2
2025-11-03,19955,148,4,119.5
2025-11-10,19955,148,4,103.9
2025-11-17,19955,148,4,88.3
2025-11-24,19955,148,4,72.7
2025-12-01,19955,148,4,57.1
2025-12-08,19955,148,4,41.5
2025-12-15,19955,148,4,25.9
2025-12-22,19955,148,4,10.3
2025-12-29,19955,148,4,0.0
2026-02-23,19956,148,4,136.2
2026-03-02,19956,148,4,116.3
2026-03-09,19956,148,4,96.5
2026-03-16,19956,148,4,76.6
2026-03-23,19956,148,4,56.8
2026-03-30,19956,148,4,37.0
2026-04-06,19956,148,4,17.1
2026-04-13,19956,148,4,0.0
2026-05-25,19957,148,2,936.4
2026-06-01,19957,148,2,744.7
2026-06-08,19957,148,2,553.1
2026-06-15,19957,148,2,361.4
2026-06-22,19957,148,2,169.8
2026-06-29,19957,148,2,0.0
2024-07-08,19958,149,1,95.2
2024-08-05,19962,149,3,396.7
2024-08-12,19963,149,1,169.3
2024-08-19,19964,149,3,605.9
2024-08-26,19965,149,3,268.2
2024-09-02,19966,149,3,326.5
2024-09-09,19967,149,1,42.4
2024-09-30,19970,149,1,96.3
2024-10-14,19972,149,3,302.3
2024-10-21,19973,149,1,51.4
2024-10-28,19974,149,3,319.2
2024-11-04,19975,149,1,51.4
2024-11-11,19976,149,1,127.4
2024-11-18,19977,149,3,488.6
2024-12-16,19981,149,1,220.5
2024-12-30,19983,149,3,305.3
2025-01-06,19984,149,1,400.8
2025-01-20,19986,149,1,114.6
2025-01-27,19987,149,1,395.4
2025-02-03,19988,149,3,197.9
2025-02-10,19989,149,1,42.6
2025-03-03,19992,149,3,284.1
2025-03-10,19993,149,3,139.0
2025-03-17,19994,149,1,472.0
2025-04-07,19997,149,1,167.6
2025-04-14,19998,149,1,74.6
2025-04-28,20000,149,3,425.7
2025-05-05,20001,149,1,379.6
2025-05-12,20002,149,1,393.0
2025-05-19,20003,149,3,521.8
2025-05-26,20004,149,3,482.3
2025-06-02,20005,149,3,460.0
2025-06-09,20006,149,1,633.7
2025-07-14,20011,149,1,429.4
2025-07-21,20012,149,3,380.7
2025-08-04,20014,149,3,186.6
2025-08-11,20015,149,3,129.6
2025-08-18,20016,149,1,65.8
2025-09-01,20018,149,3,205.1
2025-09-08,20019,149,3,99.0
2025-09-15,20020,149,3,327.8
2025-09-29,20022,149,1,207.7
2025-10-27,20026,149,3,472.3
2025-11-03,20027,149,1,393.5
2025-11-10,20028,149,3,606.6
2025-11-17,20029,149,1,408.9
2025-11-24,20030,149,3,278.9
2025-12-15,20033,149,3,525.7
2025-12-22,20034,149,1,303.0
2026-01-05,20036,149,1,309.4
2026-01-12,20037,149,3,502.2
2026-02-02,20040,149,3,286.7
2026-02-23,20043,149,3,580.0
2026-03-02,20044,149,1,297.0
2026-03-09,20045,149,3,138.7
2026-03-16,20046,149,1,215.3
2026-04-06,20049,149,1,285.4
2026-04-13,20050,149,3,400.3
2026-05-04,20053,149,1,438.9
2026-05-11,20054,149,1,168.6
2026-06-01,20057,149,3,516.5
2026-06-15,20059,149,3,447.8
2026-06-22,20060,149,3,284.4
2026-06-29,20061,149,3,67.1
2024-07-08,20062,149,4,542.5
2024-07-22,20064,149,4,479.4
2024-07-29,20065,149,4,115.6
2024-08-05,20066,149,4,419.2
2024-08-12,20067,149,4,494.2
2024-08-19,20068,149,4,640.4
2024-09-02,20070,149,4,293.8
2024-09-09,20071,149,4,154.2
2024-09-16,20072,149,4,83.3
2024-09-23,20073,149,4,464.3
2024-09-30,20074,149,4,355.3
2024-10-14,20076,149,4,181.9
2024-10-21,20077,149,4,466.8
2024-10-28,20078,149,4,316.8
2024-11-11,20080,149,4,304.0
2024-11-25,20082,149,4,58.4
2024-12-09,20084,149,4,50.4
2024-12-23,20086,149,4,470.0
2025-01-06,20088,149,4,52.7
2025-01-13,20089,149,4,266.2
2025-01-27,20091,149,4,78.3
2025-02-03,20092,149,4,38.7
2025-02-17,20094,149,4,114.8
2025-03-10,20097,149,4,252.0
2025-03-31,20100,149,4,292.1
2025-04-07,20101,149,4,275.4
2025-04-21,20103,149,4,308.7
2025-05-19,20107,149,4,44.9
2025-05-26,20108,149,4,456.8
2025-06-09,20110,149,4,162.8
2025-07-14,20115,149,4,241.7
2025-07-21,20116,149,4,479.2
2025-07-28,20117,149,4,340.1
2025-08-04,20118,149,4,474.1
2025-08-11,20119,149,4,251.6
2025-08-25,20121,149,4,101.1
2025-09-01,20122,149,4,472.1
2025-10-06,20127,149,4,102.6
2025-10-13,20128,149,4,447.9
2025-11-10,20132,149,4,221.3
2025-11-24,20134,149,4,201.6
2025-12-01,20135,149,4,392.1
2025-12-08,20136,149,4,229.2
2025-12-15,20137,149,4,368.6
2025-12-29,20139,149,4,324.0
2026-02-09,20145,149,4,421.4
2026-02-23,20147,149,4,60.6
2026-03-02,20148,149,4,473.1
2026-03-23,20151,149,4,171.4
2026-03-30,20152,149,4,186.4
2026-04-06,20153,149,4,148.0
2026-04-20,20155,149,4,33.7
2026-05-11,20158,149,4,325.0
2026-05-18,20159,149,4,297.1
2026-05-25,20160,149,4,480.7
2026-06-01,20161,149,4,100.3
2026-06-22,20164,149,4,322.2
2026-06-29,20165,149,4,481.3
2024-07-15,20167,149,5,474.9
2024-07-22,20168,149,5,569.2
2024-08-05,20170,149,5,440.2
2024-08-12,20171,149,5,182.9
2024-08-26,20173,149,5,103.1
2024-09-09,20175,149,5,483.6
2024-09-23,20177,149,5,325.6
2024-10-07,20179,149,5,386.1
2024-10-14,20180,149,5,319.0
2024-10-28,20182,149,5,557.7
2024-11-04,20183,149,5,80.6
2024-12-09,20188,149,5,164.0
2024-12-16,20189,149,5,479.5
2024-12-23,20190,149,5,403.7
2024-12-30,20191,149,5,508.7
2025-01-13,20193,149,5,37.3
2025-01-27,20195,149,5,183.2
2025-02-10,20197,149,5,456.0
2025-02-17,20198,149,5,108.6
2025-03-03,20200,149,5,317.7
2025-03-17,20202,149,5,208.6
2025-03-31,20204,149,5,236.3
2025-04-07,20205,149,5,198.6
2025-04-14,20206,149,5,385.4
2025-04-28,20208,149,5,66.0
2025-05-12,20210,149,5,356.8
2025-05-19,20211,149,5,348.5
2025-06-02,20213,149,5,289.1
2025-06-23,20216,149,5,173.8
2025-07-07,20218,149,5,283.8
2025-07-14,20219,149,5,247.1
2025-07-28,20221,149,5,331.3
2025-08-11,20223,149,5,157.8
2025-08-18,20224,149,5,182.9
2025-09-01,20226,149,5,258.3
2025-09-08,20227,149,5,169.2
2025-09-22,20229,149,5,49.1
2025-10-06,20231,149,5,235.9
2025-10-13,20232,149,5,260.3
2025-10-20,20233,149,5,187.1
2025-10-27,20234,149,5,223.3
2025-11-24,20238,149,5,110.3
2025-12-01,20239,149,5,207.4
2025-12-22,20242,149,5,241.9
2026-01-05,20244,149,5,384.5
2026-01-12,20245,149,5,162.3
2026-01-26,20247,149,5,475.3
2026-02-02,20248,149,5,639.4
2026-02-16,20250,149,5,157.6
2026-02-23,20251,149,5,513.6
2026-03-02,20252,149,5,213.1
2026-03-23,20255,149,5,203.2
2026-03-30,20256,149,5,232.6
2026-04-13,20258,149,5,116.6
2026-04-20,20259,149,5,360.0
2026-04-27,20260,149,5,460.9
2026-05-04,20261,149,5,100.3
2026-06-01,20265,149,5,641.2
2026-06-08,20266,149,5,402.1
2026-06-15,20267,149,5,548.8
2026-06-22,20268,149,5,414.5
2026-06-29,20269,149,5,190.6
2024-07-08,20270,149,7,46.4
2024-07-15,20271,149,9,89.2
2024-07-22,20272,149,7,140.1
2024-07-29,20273,149,9,178.9
2024-08-05,20274,149,9,95.6
2024-08-19,20276,149,9,136.3
2024-09-02,20278,149,7,526.6
2024-09-16,20280,149,7,269.8
2024-09-30,20282,149,7,345.8
2024-10-07,20283,149,7,98.0
2024-10-14,20284,149,9,374.9
2024-11-11,20288,149,9,256.6
2024-12-02,20291,149,9,65.7
2024-12-09,20292,149,7,86.6
2024-12-23,20294,149,9,392.0
2025-01-06,20296,149,9,31.4
2025-01-27,20299,149,9,179.2
2025-02-03,20300,149,9,312.8
2025-02-17,20302,149,7,368.0
2025-02-24,20303,149,7,121.1
2025-03-03,20304,149,9,266.6
2025-03-17,20306,149,9,97.8
2025-03-24,20307,149,7,409.6
2025-03-31,20308,149,7,209.7
2025-04-07,20309,149,7,245.9
2025-04-14,20310,149,9,395.9
2025-04-28,20312,149,9,470.5
2025-05-12,20314,149,9,433.5
2025-05-19,20315,149,7,298.5
2025-06-02,20317,149,7,185.4
2025-06-16,20319,149,9,186.3
2025-06-23,20320,149,7,154.9
2025-06-30,20321,149,7,325.5
2025-07-07,20322,149,9,412.4
2025-07-14,20323,149,9,100.1
2025-07-21,20324,149,7,234.6
2025-08-04,20326,149,9,526.9
2025-08-11,20327,149,9,560.0
2025-08-25,20329,149,9,175.3
2025-09-22,20333,149,7,137.2
2025-09-29,20334,149,9,309.0
2025-10-13,20336,149,7,460.5
2025-11-10,20340,149,9,232.6
2025-11-17,20341,149,7,312.8
2025-12-08,20344,149,9,379.7
2025-12-15,20345,149,7,102.2
2025-12-29,20347,149,9,99.9
2026-01-05,20348,149,7,110.5
2026-01-12,20349,149,7,304.3
2026-01-19,20350,149,7,104.5
2026-01-26,20351,149,7,115.4
2026-02-02,20352,149,9,500.4
2026-02-09,20353,149,7,253.6
2026-02-16,20354,149,9,402.5
2026-02-23,20355,149,9,380.3
2026-03-02,20356,149,7,170.5
2026-03-23,20359,149,7,318.9
2026-03-30,20360,149,7,478.9
2026-04-06,20361,149,9,467.2
2026-04-13,20362,149,9,353.1
2026-04-20,20363,149,9,153.0
2026-04-27,20364,149,7,294.2
2026-05-11,20366,149,9,135.6
2026-05-18,20367,149,7,491.4
2026-05-25,20368,149,9,373.0
2026-06-08,20370,149,9,307.9
2026-06-22,20372,149,9,165.2
2024-07-08,20374,149,10,36.6
2024-07-15,20375,149,10,130.5
2024-07-22,20376,149,10,116.1
2024-07-29,20377,149,10,396.2
2024-08-05,20378,149,10,364.2
2024-08-12,20379,149,10,129.1
2024-08-19,20380,149,10,157.5
2024-09-02,20382,149,10,172.9
2024-09-09,20383,149,10,484.5
2024-10-21,20389,149,10,425.2
2024-11-11,20392,149,10,129.8
2024-11-25,20394,149,10,135.4
2024-12-02,20395,149,10,410.9
2024-12-23,20398,149,10,124.9
2025-01-06,20400,149,10,206.9
2025-01-13,20401,149,10,321.6
2025-01-20,20402,149,10,264.5
2025-01-27,20403,149,10,213.1
2025-03-03,20408,149,10,231.5
2025-03-10,20409,149,10,116.8
2025-03-17,20410,149,10,420.5
2025-03-24,20411,149,10,215.3
2025-03-31,20412,149,10,420.1
2025-04-07,20413,149,10,524.3
2025-04-21,20415,149,10,437.2
2025-04-28,20416,149,10,207.5
2025-05-05,20417,149,10,126.1
2025-05-12,20418,149,10,137.2
2025-05-19,20419,149,10,396.5
2025-05-26,20420,149,10,418.9
2025-06-09,20422,149,10,47.1
2025-06-16,20423,149,10,64.9
2025-06-23,20424,149,10,363.5
2025-06-30,20425,149,10,394.9
2025-07-14,20427,149,10,406.8
2025-07-21,20428,149,10,396.8
2025-08-04,20430,149,10,131.2
2025-08-25,20433,149,10,466.1
2025-09-08,20435,149,10,81.9
2025-09-22,20437,149,10,392.9
2025-10-13,20440,149,10,114.5
2025-11-24,20446,149,10,208.0
2025-12-01,20447,149,10,305.6
2025-12-08,20448,149,10,267.3
2025-12-22,20450,149,10,71.4
2025-12-29,20451,149,10,281.8
2026-01-12,20453,149,10,46.7
2026-01-19,20454,149,10,350.6
2026-01-26,20455,149,10,309.6
2026-02-02,20456,149,10,315.5
2026-02-16,20458,149,10,108.7
2026-02-23,20459,149,10,192.4
2026-03-02,20460,149,10,100.6
2026-03-09,20461,149,10,146.1
2026-03-23,20463,149,10,412.6
2026-05-11,20470,149,10,270.4
2026-05-25,20472,149,10,328.1
2026-06-01,20473,149,10,299.1
2026-06-22,20476,149,10,273.2
2026-06-29,20477,149,10,102.8
2024-07-08,20479,150,1,163.5
2024-07-15,20479,150,1,14.0
2024-07-29,20480,150,1,183.9
2024-08-05,20480,150,1,0.0
2024-08-05,20481,150,1,369.6
2024-08-12,20481,150,1,239.1
2024-08-19,20482,150,1,346.1
2024-08-26,20482,150,1,226.3
2024-09-16,20483,150,1,101.3
2024-09-23,20483,150,1,24.5
2024-09-23,20484,150,3,508.0
2024-09-30,20484,150,3,195.0
2024-10-07,20485,150,1,506.7
2024-10-14,20485,150,1,249.3
2024-10-21,20485,150,1,0.0
2024-10-14,20486,150,3,129.0
2024-10-21,20486,150,3,48.0
2024-10-28,20486,150,3,0.0
2024-11-04,20487,150,1,270.1
2024-11-11,20487,150,1,2.2
2024-11-18,20488,150,1,392.9
2024-11-25,20488,150,1,0.0
2024-12-02,20489,150,1,402.0
2024-12-09,20489,150,1,4.0
2024-12-16,20490,150,1,292.9
2024-12-23,20490,150,1,89.9
2024-12-30,20491,150,3,581.7
2025-01-06,20491,150,3,332.3
2025-01-13,20492,150,3,332.1
2025-01-20,20492,150,3,7.3
2025-01-27,20493,150,1,375.3
2025-02-03,20493,150,1,0.0
2025-02-10,20494,150,3,455.3
2025-02-17,20494,150,3,32.6
2025-02-24,20494,150,3,0.0
2025-02-24,20495,150,1,521.3
2025-03-03,20495,150,1,196.7
2025-03-10,20496,150,3,612.9
2025-03-17,20496,150,3,402.8
2025-03-24,20496,150,3,192.7
2025-03-24,20497,150,1,201.0
2025-03-31,20497,150,1,17.9
2025-04-07,20498,150,3,664.3
2025-04-14,20498,150,3,435.6
2025-04-21,20498,150,3,206.9
2025-04-21,20499,150,1,76.3
2025-04-28,20499,150,1,4.5
2025-05-05,20499,150,1,0.0
2025-05-05,20500,150,3,547.7
2025-05-12,20500,150,3,309.3
2025-05-19,20500,150,3,71.0
2025-05-12,20501,150,1,394.6
2025-05-19,20501,150,1,0.0
2025-06-09,20502,150,1,319.6
2025-06-16,20502,150,1,0.0
2025-06-09,20503,150,3,375.3
2025-06-16,20503,150,3,188.5
2025-06-23,20504,150,3,386.1
2025-06-30,20504,150,3,204.2
2025-07-07,20504,150,3,22.2
2025-07-07,20505,150,1,239.4
2025-07-14,20505,150,1,79.7
2025-07-21,20505,150,1,0.0
2025-07-21,20506,150,3,555.9
2025-07-28,20506,150,3,332.8
2025-08-04,20507,150,3,111.7
2025-08-11,20507,150,3,50.4
2025-08-18,20507,150,3,0.0
2025-08-25,20508,150,3,210.8
2025-09-01,20508,150,3,33.6
2025-09-08,20508,150,3,0.0
2025-09-08,20509,150,1,253.6
2025-09-15,20509,150,1,124.2
2025-09-15,20510,150,3,359.1
2025-09-22,20510,150,3,184.1
2025-09-29,20510,150,3,9.2
2025-10-06,20511,150,1,447.1
2025-10-13,20511,150,1,25.2
2025-10-20,20512,150,1,524.5
2025-10-27,20512,150,1,276.9
2025-10-27,20513,150,3,342.9
2025-11-03,20513,150,3,17.9
2025-11-10,20513,150,3,0.0
2025-11-17,20514,150,3,255.8
2025-11-24,20514,150,3,75.5
2025-12-01,20514,150,3,0.0
2025-12-01,20515,150,1,268.9
2025-12-08,20515,150,1,20.8
2025-12-15,20516,150,1,88.2
2025-12-22,20516,150,1,39.5
2025-12-29,20516,150,1,0.0
2025-12-29,20517,150,3,149.3
2026-01-05,20517,150,3,69.5
2026-01-12,20517,150,3,0.0
2026-01-12,20518,150,1,82.3
2026-01-19,20518,150,1,51.6
2026-01-26,20518,150,1,21.0
2026-01-26,20519,150,3,398.2
2026-02-02,20519,150,3,20.4
2026-02-09,20520,150,1,291.5
2026-02-16,20520,150,1,0.0
2026-02-23,20521,150,1,331.6
2026-03-02,20521,150,1,52.3
2026-03-16,20522,150,3,311.0
2026-03-23,20522,150,3,137.9
2026-03-23,20523,150,1,281.1
2026-03-30,20523,150,1,140.3
2026-04-06,20523,150,1,0.0
2026-03-30,20524,150,3,261.6
2026-04-06,20524,150,3,108.3
2026-04-13,20525,150,3,201.0
2026-04-20,20525,150,3,45.0
2026-04-27,20525,150,3,0.0
2026-05-04,20526,150,1,448.0
2026-05-11,20526,150,1,129.0
2026-05-18,20526,150,1,0.0
2026-05-11,20527,150,3,234.6
2026-05-18,20527,150,3,8.2
2026-05-25,20527,150,3,0.0
2026-05-25,20528,150,3,229.8
2026-06-01,20528,150,3,0.0
2026-06-15,20529,150,1,297.5
2026-06-22,20529,150,1,0.0
2026-06-22,20530,150,3,340.1
2026-06-29,20530,150,3,0.0
2024-07-15,20531,150,4,442.8
2024-07-22,20531,150,4,221.5
2024-07-22,20532,150,4,209.3
2024-07-29,20532,150,4,71.5
2024-08-05,20532,150,4,0.0
2024-08-05,20533,150,4,510.9
2024-08-12,20533,150,4,335.9
2024-08-19,20533,150,4,160.8
2024-08-19,20534,150,4,292.7
2024-08-26,20534,150,4,72.4
2024-09-02,20534,150,4,0.0
2024-09-09,20535,150,4,217.7
2024-09-16,20535,150,4,139.4
2024-09-16,20536,150,4,204.7
2024-09-23,20536,150,4,17.3
2024-09-30,20536,150,4,0.0
2024-09-30,20537,150,4,194.5
2024-10-07,20537,150,4,10.9
2024-10-14,20538,150,4,516.5
2024-10-21,20538,150,4,205.0
2024-10-28,20538,150,4,0.0
2024-10-28,20539,150,4,128.2
2024-11-04,20539,150,4,46.4
2024-11-18,20540,150,4,181.9
2024-11-25,20540,150,4,62.8
2024-11-25,20541,150,4,57.9
2024-12-02,20541,150,4,20.7
2024-12-09,20541,150,4,0.0
2024-12-16,20542,150,4,163.5
2024-12-23,20542,150,4,59.0
2024-12-30,20542,150,4,0.0
2024-12-23,20543,150,4,314.8
2024-12-30,20543,150,4,0.0
2025-01-13,20544,150,4,72.0
2025-01-20,20544,150,4,46.0
2025-01-27,20544,150,4,20.0
2025-01-20,20545,150,4,52.3
2025-01-27,20545,150,4,24.6
2025-02-03,20545,150,4,0.0
2025-02-17,20546,150,4,37.0
2025-02-24,20546,150,4,0.0
2025-02-24,20547,150,4,261.6
2025-03-03,20547,150,4,86.2
2025-03-10,20547,150,4,0.0
2025-03-03,20548,150,4,623.2
2025-03-10,20548,150,4,384.3
2025-03-24,20549,150,4,106.2
2025-03-31,20549,150,4,25.4
2025-03-31,20550,150,4,47.8
2025-04-07,20550,150,4,0.0
2025-04-21,20551,150,4,308.2
2025-04-28,20551,150,4,152.5
2025-04-28,20552,150,4,90.9
2025-05-05,20552,150,4,42.8
2025-05-12,20552,150,4,0.0
2025-05-12,20553,150,4,619.3
2025-05-19,20553,150,4,409.6
2025-05-26,20553,150,4,199.9
2025-05-26,20554,150,4,96.4
2025-06-02,20554,150,4,0.0
2025-06-09,20555,150,4,129.5
2025-06-16,20555,150,4,84.1
2025-06-23,20555,150,4,38.6
2025-06-30,20556,150,4,398.9
2025-07-07,20556,150,4,262.8
2025-07-14,20557,150,4,379.9
2025-07-21,20557,150,4,0.0
2025-07-28,20558,150,4,419.1
2025-08-04,20558,150,4,29.2
2025-08-11,20558,150,4,0.0
2025-08-11,20559,150,4,273.2
2025-08-18,20559,150,4,7.5
2025-08-25,20560,150,4,322.4
2025-09-01,20560,150,4,102.8
2025-09-08,20561,150,4,252.4
2025-09-15,20561,150,4,0.0
2025-09-22,20562,150,4,146.7
2025-09-29,20562,150,4,46.4
2025-10-06,20563,150,4,354.4
2025-10-13,20563,150,4,106.7
2025-10-27,20564,150,4,46.4
2025-11-03,20564,150,4,0.0
2025-11-03,20565,150,4,330.4
2025-11-10,20565,150,4,38.8
2025-11-17,20566,150,4,364.2
2025-11-24,20566,150,4,164.3
2025-11-24,20567,150,4,518.1
2025-12-01,20567,150,4,269.1
2025-12-08,20567,150,4,20.2
2025-12-15,20568,150,4,288.0
2025-12-22,20568,150,4,78.0
2025-12-29,20569,150,4,281.6
2026-01-05,20569,150,4,0.0
2026-01-05,20570,150,4,396.5
2026-01-12,20570,150,4,0.0
2026-01-26,20571,150,4,413.0
2026-02-02,20571,150,4,161.1
2026-02-09,20571,150,4,0.0
2026-02-02,20572,150,4,530.9
2026-02-09,20572,150,4,340.8
2026-02-16,20572,150,4,150.7
2026-03-02,20573,150,4,472.7
2026-03-09,20573,150,4,222.4
2026-03-16,20574,150,4,503.1
2026-03-23,20574,150,4,261.2
2026-03-16,20575,150,4,354.1
2026-03-23,20575,150,4,0.0
2026-03-30,20576,150,4,361.0
2026-04-06,20576,150,4,0.0
2026-04-13,20577,150,4,510.3
2026-04-20,20577,150,4,124.6
2026-04-27,20577,150,4,0.0
2026-04-27,20578,150,4,245.5
2026-05-04,20578,150,4,126.0
2026-05-18,20579,150,4,299.3
2026-05-25,20579,150,4,61.5
2026-06-01,20579,150,4,0.0
2026-06-01,20580,150,4,150.2
2026-06-08,20580,150,4,63.4
2026-06-15,20580,150,4,0.0
2026-06-08,20581,150,4,414.5
2026-06-15,20581,150,4,0.0
2026-06-29,20582,150,4,553.2
2024-07-08,20583,150,5,389.7
2024-07-15,20583,150,5,0.0
2024-08-05,20584,150,5,328.6
2024-08-12,20584,150,5,9.2
2024-08-19,20585,150,5,442.9
2024-08-26,20585,150,5,203.9
2024-08-26,20586,150,5,420.0
2024-09-02,20586,150,5,217.0
2024-09-02,20587,150,5,74.3
2024-09-09,20587,150,5,0.6
2024-09-16,20587,150,5,0.0
2024-09-23,20588,150,5,124.9
2024-09-30,20588,150,5,64.8
2024-10-07,20588,150,5,4.7
2024-09-30,20589,150,5,255.4
2024-10-07,20589,150,5,149.8
2024-10-21,20590,150,5,491.0
2024-10-28,20590,150,5,168.0
2024-10-28,20591,150,5,425.8
2024-11-04,20591,150,5,111.6
2024-11-11,20591,150,5,0.0
2024-11-11,20592,150,5,93.3
2024-11-18,20592,150,5,51.6
2024-11-25,20592,150,5,9.9
2024-12-02,20593,150,5,239.6
2024-12-09,20593,150,5,159.2
2024-12-16,20593,150,5,78.8
2024-12-16,20594,150,5,68.2
2024-12-23,20594,150,5,8.5
2024-12-30,20595,150,5,290.5
2025-01-06,20595,150,5,19.0
2025-01-20,20596,150,5,231.4
2025-01-27,20596,150,5,90.7
2025-01-27,20597,150,5,554.8
2025-02-03,20597,150,5,240.7
2025-02-03,20598,150,5,57.7
2025-02-10,20598,150,5,22.5
2025-02-17,20598,150,5,0.0
2025-02-17,20599,150,5,286.3
2025-02-24,20599,150,5,190.7
2025-03-03,20599,150,5,95.0
2025-03-03,20600,150,5,569.8
2025-03-10,20600,150,5,343.6
2025-03-17,20600,150,5,117.3
2025-03-17,20601,150,5,336.2
2025-03-24,20601,150,5,101.5
2025-03-31,20601,150,5,0.0
2025-04-14,20602,150,5,136.2
2025-04-21,20602,150,5,72.4
2025-04-14,20603,150,5,75.6
2025-04-21,20603,150,5,31.3
2025-04-28,20604,150,5,480.2
2025-05-05,20604,150,5,187.3
2025-05-12,20604,150,5,0.0
2025-05-19,20605,150,5,521.5
2025-05-26,20605,150,5,184.0
2025-06-02,20605,150,5,0.0
2025-06-02,20606,150,5,244.8
2025-06-09,20606,150,5,45.7
2025-06-16,20606,150,5,0.0
2025-06-09,20607,150,5,44.8
2025-06-16,20607,150,5,20.6
2025-06-23,20608,150,5,417.4
2025-06-30,20608,150,5,66.9
2025-07-07,20609,150,5,110.0
2025-07-14,20609,150,5,34.9
2025-07-21,20609,150,5,0.0
2025-07-21,20610,150,5,378.3
2025-07-28,20610,150,5,0.0
2025-08-11,20611,150,5,406.7
2025-08-18,20611,150,5,118.3
2025-08-25,20611,150,5,0.0
2025-08-18,20612,150,5,229.8
2025-08-25,20612,150,5,152.5
2025-09-08,20613,150,5,99.8
2025-09-15,20613,150,5,58.5
2025-09-22,20613,150,5,17.3
2025-09-15,20614,150,5,315.0
2025-09-22,20614,150,5,42.0
2025-09-29,20614,150,5,0.0
2025-09-29,20615,150,5,148.1
2025-10-06,20615,150,5,95.1
2025-10-13,20615,150,5,42.2
2025-10-13,20616,150,5,417.4
2025-10-20,20616,150,5,154.7
2025-10-27,20616,150,5,0.0
2025-10-27,20617,150,5,393.4
2025-11-03,20617,150,5,177.8
2025-11-10,20617,150,5,0.0
2025-11-10,20618,150,5,535.1
2025-11-17,20618,150,5,211.1
2025-11-24,20618,150,5,0.0
2025-11-24,20619,150,5,488.8
2025-12-01,20619,150,5,159.6
2025-12-08,20619,150,5,0.0
2025-12-15,20620,150,5,451.5
2025-12-22,20620,150,5,91.0
2025-12-29,20620,150,5,0.0
2025-12-22,20621,150,5,349.3
2025-12-29,20621,150,5,23.6
2026-01-05,20622,150,5,434.6
2026-01-12,20622,150,5,266.2
2026-01-19,20623,150,5,450.6
2026-01-26,20623,150,5,291.3
2026-02-02,20623,150,5,131.9
2026-02-09,20624,150,5,236.3
2026-02-16,20624,150,5,152.5
2026-02-23,20624,150,5,68.8
2026-02-23,20625,150,5,195.0
2026-03-02,20625,150,5,0.0
2026-03-09,20626,150,5,178.9
2026-03-16,20626,150,5,108.9
2026-03-23,20626,150,5,38.8
2026-03-16,20627,150,5,242.9
2026-03-23,20627,150,5,47.9
2026-04-06,20628,150,5,266.1
2026-04-13,20628,150,5,147.2
2026-04-20,20628,150,5,28.2
2026-04-20,20629,150,5,404.6
2026-04-27,20629,150,5,0.0
2026-05-04,20630,150,5,124.2
2026-05-11,20630,150,5,43.5
2026-05-18,20630,150,5,0.0
2026-05-18,20631,150,5,390.6
2026-05-25,20631,150,5,227.2
2026-06-01,20632,150,5,286.4
2026-06-08,20632,150,5,58.8
2026-06-15,20632,150,5,0.0
2026-06-15,20633,150,5,352.8
2026-06-22,20633,150,5,95.7
2026-06-29,20633,150,5,0.0
2026-06-29,20634,150,5,37.4
2024-07-08,20635,150,7,161.9
2024-07-15,20635,150,7,1.9
2024-07-22,20635,150,7,0.0
2024-07-22,20636,150,9,78.5
2024-07-29,20636,150,9,0.0
2024-08-05,20637,150,9,394.2
2024-08-12,20637,150,9,0.0
2024-08-26,20638,150,9,461.0
2024-09-02,20638,150,9,284.9
2024-09-09,20639,150,9,388.8
2024-09-16,20639,150,9,65.7
2024-09-23,20639,150,9,0.0
2024-09-16,20640,150,7,231.0
2024-09-23,20640,150,7,24.0
2024-09-30,20641,150,9,286.4
2024-10-07,20641,150,9,168.9
2024-10-14,20641,150,9,51.3
2024-10-14,20642,150,9,141.4
2024-10-21,20642,150,9,36.8
2024-10-28,20642,150,9,0.0
2024-10-28,20643,150,7,193.9
2024-11-04,20643,150,7,126.7
2024-11-11,20643,150,7,59.6
2024-11-18,20644,150,7,127.4
2024-11-25,20644,150,7,46.8
2024-11-25,20645,150,7,395.0
2024-12-02,20645,150,7,176.9
2024-12-09,20645,150,7,0.0
2024-12-23,20646,150,7,372.6
2024-12-30,20646,150,7,212.3
2024-12-23,20647,150,7,265.7
2024-12-30,20647,150,7,165.4
2025-01-06,20648,150,7,485.3
2025-01-13,20648,150,7,235.6
2025-01-20,20649,150,7,60.6
2025-01-27,20649,150,7,23.2
2025-02-03,20649,150,7,0.0
2025-02-03,20650,150,7,136.8
2025-02-10,20650,150,7,68.6
2025-02-17,20650,150,7,0.3
2025-02-24,20651,150,9,142.2
2025-03-03,20651,150,9,86.5
2025-03-10,20651,150,9,30.7
2025-03-10,20652,150,9,413.8
2025-03-17,20652,150,9,0.0
2025-03-24,20653,150,7,209.1
2025-03-31,20653,150,7,139.2
2025-03-31,20654,150,9,501.6
2025-04-07,20654,150,9,165.2
2025-04-14,20654,150,9,0.0
2025-04-14,20655,150,9,371.2
2025-04-21,20655,150,9,0.0
2025-04-28,20656,150,9,286.6
2025-05-05,20656,150,9,121.2
2025-05-12,20656,150,9,0.0
2025-05-19,20657,150,9,494.6
2025-05-26,20657,150,9,188.2
2025-06-02,20657,150,9,0.0
2025-05-26,20658,150,9,44.9
2025-06-02,20658,150,9,0.0
2025-06-16,20659,150,7,464.9
2025-06-23,20659,150,7,116.8
2025-06-23,20660,150,7,299.8
2025-06-30,20660,150,7,0.0
2025-07-07,20661,150,9,149.6
2025-07-14,20661,150,9,5.2
2025-07-21,20661,150,9,0.0
2025-07-28,20662,150,7,539.2
2025-08-04,20662,150,7,274.3
2025-08-04,20663,150,9,347.7
2025-08-11,20663,150,9,0.0
2025-08-25,20664,150,7,485.3
2025-09-01,20664,150,7,229.7
2025-09-08,20664,150,7,0.0
2025-09-08,20665,150,7,256.2
2025-09-15,20665,150,7,25.3
2025-09-22,20666,150,7,397.9
2025-09-29,20666,150,7,238.7
2025-10-06,20666,150,7,79.6
2025-10-06,20667,150,9,375.0
2025-10-13,20667,150,9,205.1
2025-10-20,20667,150,9,35.1
2025-10-13,20668,150,7,233.8
2025-10-20,20668,150,7,0.0
2025-11-03,20669,150,7,91.0
2025-11-10,20669,150,7,0.0
2025-11-17,20670,150,9,501.0
2025-11-24,20670,150,9,216.0
2025-11-24,20671,150,9,126.7
2025-12-01,20671,150,9,23.5
2025-12-08,20671,150,9,0.0
2025-12-22,20672,150,7,83.8
2025-12-29,20672,150,7,11.6
2025-12-22,20673,150,7,459.6
2025-12-29,20673,150,7,227.2
2026-01-05,20673,150,7,0.0
2026-01-05,20674,150,7,502.7
2026-01-12,20674,150,7,193.4
2026-01-26,20675,150,9,225.6
2026-02-02,20675,150,9,0.0
2026-02-09,20676,150,9,395.9
2026-02-16,20676,150,9,17.9
2026-02-23,20676,150,9,0.0
2026-02-23,20677,150,9,306.7
2026-03-02,20677,150,9,62.4
2026-03-02,20678,150,9,220.1
2026-03-09,20678,150,9,11.2
2026-03-16,20679,150,7,454.0
2026-03-23,20679,150,7,280.0
2026-03-30,20679,150,7,106.0
2026-04-13,20680,150,7,147.4
2026-04-20,20680,150,7,33.9
2026-04-13,20681,150,9,78.4
2026-04-20,20681,150,9,39.8
2026-04-27,20681,150,9,1.2
2026-05-11,20682,150,7,565.5
2026-05-18,20682,150,7,298.0
2026-05-11,20683,150,7,305.0
2026-05-18,20683,150,7,33.1
2026-06-01,20684,150,9,452.0
2026-06-08,20684,150,9,59.9
2026-06-15,20684,150,9,0.0
2026-06-08,20685,150,7,400.7
2026-06-15,20685,150,7,209.5
2026-06-22,20685,150,7,18.2
2026-06-29,20686,150,9,77.6
2024-07-15,20687,150,10,488.3
2024-07-22,20687,150,10,115.6
2024-07-29,20688,150,10,297.7
2024-08-05,20688,150,10,109.5
2024-08-12,20688,150,10,0.0
2024-08-05,20689,150,10,479.4
2024-08-12,20689,150,10,66.9
2024-08-19,20690,150,10,46.4
2024-08-26,20690,150,10,0.0
2024-09-09,20691,150,10,490.2
2024-09-16,20691,150,10,265.4
2024-09-23,20691,150,10,40.5
2024-09-16,20692,150,10,101.6
2024-09-23,20692,150,10,0.0
2024-10-07,20693,150,10,60.7
2024-10-14,20693,150,10,0.0
2024-10-21,20694,150,10,420.8
2024-10-28,20694,150,10,204.6
2024-11-04,20694,150,10,0.0
2024-10-28,20695,150,10,223.4
2024-11-04,20695,150,10,0.0
2024-11-18,20696,150,10,265.3
2024-11-25,20696,150,10,75.6
2024-12-02,20696,150,10,0.0
2024-12-02,20697,150,10,53.0
2024-12-09,20697,150,10,13.1
2024-12-16,20697,150,10,0.0
2024-12-23,20698,150,10,553.4
2024-12-30,20698,150,10,275.9
2024-12-23,20699,150,10,426.6
2024-12-30,20699,150,10,73.1
2025-01-06,20699,150,10,0.0
2025-01-13,20700,150,10,156.9
2025-01-20,20700,150,10,73.8
2025-01-20,20701,150,10,506.1
2025-01-27,20701,150,10,225.2
2025-02-10,20702,150,10,368.0
2025-02-17,20702,150,10,0.0
2025-02-17,20703,150,10,350.2
2025-02-24,20703,150,10,152.4
2025-03-03,20703,150,10,0.0
2025-03-03,20704,150,10,128.2
2025-03-10,20704,150,10,3.4
2025-03-17,20704,150,10,0.0
2025-03-24,20705,150,10,27.1
2025-03-31,20705,150,10,0.0
2025-04-07,20706,150,10,405.4
2025-04-14,20706,150,10,169.8
2025-04-14,20707,150,10,210.1
2025-04-21,20707,150,10,139.2
2025-04-28,20707,150,10,68.3
2025-05-05,20708,150,10,142.7
2025-05-12,20708,150,10,0.0
2025-05-19,20709,150,10,533.2
2025-05-26,20709,150,10,303.5
2025-05-26,20710,150,10,272.9
2025-06-02,20710,150,10,132.9
2025-06-16,20711,150,10,478.6
2025-06-23,20711,150,10,220.2
2025-06-23,20712,150,10,470.3
2025-06-30,20712,150,10,180.6
2025-07-07,20712,150,10,0.0
2025-07-07,20713,150,10,276.8
2025-07-14,20713,150,10,114.6
2025-07-21,20713,150,10,0.0
2025-07-28,20714,150,10,328.7
2025-08-04,20714,150,10,38.4
2025-08-11,20715,150,10,464.6
2025-08-18,20715,150,10,104.1
2025-08-25,20715,150,10,0.0
2025-08-25,20716,150,10,295.3
2025-09-01,20716,150,10,139.7
2025-09-01,20717,150,10,76.0
2025-09-08,20717,150,10,22.0
2025-09-15,20717,150,10,0.0
2025-09-22,20718,150,10,256.5
2025-09-29,20718,150,10,0.0
2025-10-06,20719,150,10,195.7
2025-10-13,20719,150,10,72.5
2025-10-20,20719,150,10,0.0
2025-10-13,20720,150,10,235.0
2025-10-20,20720,150,10,87.0
2025-10-27,20721,150,10,220.6
2025-11-03,20721,150,10,0.0
2025-11-17,20722,150,10,430.9
2025-11-24,20722,150,10,179.9
2025-12-01,20722,150,10,0.0
2025-11-24,20723,150,10,138.0
2025-12-01,20723,150,10,69.9
2025-12-08,20723,150,10,1.9
2025-12-15,20724,150,10,66.4
2025-12-22,20724,150,10,34.8
2026-01-05,20725,150,10,248.0
2026-01-12,20725,150,10,22.0
2026-01-05,20726,150,10,392.7
2026-01-12,20726,150,10,157.3
2026-01-19,20726,150,10,0.0
2026-01-26,20727,150,10,241.4
2026-02-02,20727,150,10,0.0
2026-02-09,20728,150,10,444.8
2026-02-16,20728,150,10,210.5
2026-02-16,20729,150,10,32.2
2026-02-23,20729,150,10,0.0
2026-03-09,20730,150,10,385.7
2026-03-16,20730,150,10,178.4
2026-03-16,20731,150,10,53.4
2026-03-23,20731,150,10,23.8
2026-03-30,20731,150,10,0.0
2026-04-06,20732,150,10,234.5
2026-04-13,20732,150,10,141.9
2026-04-20,20732,150,10,49.4
2026-04-13,20733,150,10,302.7
2026-04-20,20733,150,10,0.0
2026-04-27,20734,150,10,91.2
2026-05-04,20734,150,10,0.0
2026-05-11,20735,150,10,121.4
2026-05-18,20735,150,10,0.0
2026-06-01,20736,150,10,305.5
2026-06-08,20736,150,10,67.9
2026-06-15,20736,150,10,0.0
2026-06-15,20737,150,10,470.6
2026-06-22,20737,150,10,124.2
2026-06-29,20737,150,10,0.0
2026-06-22,20738,150,10,241.9
2026-06-29,20738,150,10,97.7
