week_start,product_id,warehouse_id,on_hand_units,on_order_units,allocated_units,avg_daily_demand,demand_sigma,lead_days,safety_stock_target,reorder_point
2026-04-07,1,1,250,124,7,6.497,50.021,12,285,363
2026-04-14,1,1,280,144,16,6.497,50.021,12,285,363
2026-04-21,1,1,334,76,10,6.497,50.021,12,285,363
2026-04-28,1,1,305,59,20,6.497,50.021,12,285,363
2026-05-05,1,1,233,88,11,6.497,50.021,12,285,363
2026-05-12,1,1,200,116,17,6.497,50.021,12,285,363
2026-05-19,1,1,213,169,18,6.497,50.021,12,285,363
2026-05-26,1,1,259,154,23,6.497,50.021,12,285,363
2026-06-02,1,1,325,122,19,6.497,50.021,12,285,363
2026-06-09,1,1,320,114,10,6.497,50.021,12,285,363
2026-06-16,1,1,343,68,15,6.497,50.021,12,285,363
2026-06-23,1,1,228,99,13,6.497,50.021,12,285,363
2026-06-30,1,1,369,69,19,6.497,50.021,12,285,363
2026-04-07,1,3,227,152,7,5.923,68.245,12,389,460
2026-04-14,1,3,252,147,16,5.923,68.245,12,389,460
2026-04-21,1,3,342,106,14,5.923,68.245,12,389,460
2026-04-28,1,3,286,116,15,5.923,68.245,12,389,460
2026-05-05,1,3,316,89,23,5.923,68.245,12,389,460
2026-05-12,1,3,305,195,10,5.923,68.245,12,389,460
2026-05-19,1,3,270,185,23,5.923,68.245,12,389,460
2026-05-26,1,3,260,149,10,5.923,68.245,12,389,460
2026-06-02,1,3,234,167,7,5.923,68.245,12,389,460
2026-06-09,1,3,290,74,15,5.923,68.245,12,389,460
2026-06-16,1,3,307,122,13,5.923,68.245,12,389,460
2026-06-23,1,3,288,69,21,5.923,68.245,12,389,460
2026-06-30,1,3,376,75,13,5.923,68.245,12,389,460
2026-04-07,1,4,380,250,50,13.824,63.678,12,364,530
2026-04-14,1,4,469,102,52,13.824,63.678,12,364,530
2026-04-21,1,4,401,137,14,13.824,63.678,12,364,530
2026-04-28,1,4,306,133,46,13.824,63.678,12,364,530
2026-05-05,1,4,334,241,36,13.824,63.678,12,364,530
2026-05-12,1,4,439,100,38,13.824,63.678,12,364,530
2026-05-19,1,4,452,163,17,13.824,63.678,12,364,530
2026-05-26,1,4,343,253,38,13.824,63.678,12,364,530
2026-06-02,1,4,393,95,52,13.824,63.678,12,364,530
2026-06-09,1,4,493,88,17,13.824,63.678,12,364,530
2026-06-16,1,4,587,115,42,13.824,63.678,12,364,530
2026-06-23,1,4,415,199,27,13.824,63.678,12,364,530
2026-06-30,1,4,391,285,16,13.824,63.678,12,364,530
2026-04-07,1,5,413,126,9,8.049,66.931,12,382,479
2026-04-14,1,5,297,161,18,8.049,66.931,12,382,479
2026-04-21,1,5,333,120,27,8.049,66.931,12,382,479
2026-04-28,1,5,380,71,27,8.049,66.931,12,382,479
2026-05-05,1,5,293,219,25,8.049,66.931,12,382,479
2026-05-12,1,5,277,220,30,8.049,66.931,12,382,479
2026-05-19,1,5,332,95,22,8.049,66.931,12,382,479
2026-05-26,1,5,557,145,12,8.049,66.931,12,382,479
2026-06-02,1,5,345,227,19,8.049,66.931,12,382,479
2026-06-09,1,5,417,114,15,8.049,66.931,12,382,479
2026-06-16,1,5,333,184,17,8.049,66.931,12,382,479
2026-06-23,1,5,400,194,28,8.049,66.931,12,382,479
2026-06-30,1,5,284,230,25,8.049,66.931,12,382,479
2026-04-07,1,7,130,26,15,7.73,54.208,12,309,402
2026-04-14,1,7,109,47,12,7.73,54.208,12,309,402
2026-04-21,1,7,117,68,16,7.73,54.208,12,309,402
2026-04-28,1,7,125,35,31,7.73,54.208,12,309,402
2026-05-05,1,7,144,66,27,7.73,54.208,12,309,402
2026-05-12,1,7,141,73,13,7.73,54.208,12,309,402
2026-05-19,1,7,174,42,20,7.73,54.208,12,309,402
2026-05-26,1,7,192,35,13,7.73,54.208,12,309,402
2026-06-02,1,7,135,67,12,7.73,54.208,12,309,402
2026-06-09,1,7,203,39,31,7.73,54.208,12,309,402
2026-06-16,1,7,156,43,17,7.73,54.208,12,309,402
2026-06-23,1,7,199,49,12,7.73,54.208,12,309,402
2026-06-30,1,7,155,61,28,7.73,54.208,12,309,402
2026-04-07,1,9,352,225,13,7.062,58.047,12,331,416
2026-04-14,1,9,429,104,19,7.062,58.047,12,331,416
2026-04-21,1,9,341,167,28,7.062,58.047,12,331,416
2026-04-28,1,9,459,109,24,7.062,58.047,12,331,416
2026-05-05,1,9,375,178,11,7.062,58.047,12,331,416
2026-05-12,1,9,477,121,24,7.062,58.047,12,331,416
2026-05-19,1,9,460,201,12,7.062,58.047,12,331,416
2026-05-26,1,9,387,220,26,7.062,58.047,12,331,416
2026-06-02,1,9,419,176,20,7.062,58.047,12,331,416
2026-06-09,1,9,556,129,14,7.062,58.047,12,331,416
2026-06-16,1,9,514,139,24,7.062,58.047,12,331,416
2026-06-23,1,9,508,178,25,7.062,58.047,12,331,416
2026-06-30,1,9,566,172,15,7.062,58.047,12,331,416
2026-04-07,1,10,571,147,33,9.389,45.846,12,262,375
2026-04-14,1,10,379,264,32,9.389,45.846,12,262,375
2026-04-21,1,10,391,217,14,9.389,45.846,12,262,375
2026-04-28,1,10,399,265,36,9.389,45.846,12,262,375
2026-05-05,1,10,417,276,35,9.389,45.846,12,262,375
2026-05-12,1,10,547,219,31,9.389,45.846,12,262,375
2026-05-19,1,10,575,206,25,9.389,45.846,12,262,375
2026-05-26,1,10,450,267,23,9.389,45.846,12,262,375
2026-06-02,1,10,435,324,31,9.389,45.846,12,262,375
2026-06-09,1,10,501,336,12,9.389,45.846,12,262,375
2026-06-16,1,10,555,266,17,9.389,45.846,12,262,375
2026-06-23,1,10,486,317,18,9.389,45.846,12,262,375
2026-06-30,1,10,375,268,37,9.389,45.846,12,262,375
2026-04-07,2,1,259,67,5,2.202,28.45,39,293,379
2026-04-14,2,1,198,86,8,2.202,28.45,39,293,379
2026-04-21,2,1,266,58,6,2.202,28.45,39,293,379
2026-04-28,2,1,203,121,4,2.202,28.45,39,293,379
2026-05-05,2,1,221,65,5,2.202,28.45,39,293,379
2026-05-12,2,1,235,89,6,2.202,28.45,39,293,379
2026-05-19,2,1,191,71,5,2.202,28.45,39,293,379
2026-05-26,2,1,233,122,8,2.202,28.45,39,293,379
2026-06-02,2,1,170,88,8,2.202,28.45,39,293,379
2026-06-09,2,1,246,54,3,2.202,28.45,39,293,379
2026-06-16,2,1,219,98,3,2.202,28.45,39,293,379
2026-06-23,2,1,134,104,7,2.202,28.45,39,293,379
2026-06-30,2,1,209,81,3,2.202,28.45,39,293,379
2026-04-07,2,4,127,49,0,0.152,19.242,39,198,204
2026-04-14,2,4,166,42,0,0.152,19.242,39,198,204
2026-04-21,2,4,178,34,1,0.152,19.242,39,198,204
2026-04-28,2,4,120,86,0,0.152,19.242,39,198,204
2026-05-05,2,4,120,89,0,0.152,19.242,39,198,204
2026-05-12,2,4,165,50,0,0.152,19.242,39,198,204
2026-05-19,2,4,108,50,0,0.152,19.242,39,198,204
2026-05-26,2,4,122,54,0,0.152,19.242,39,198,204
2026-06-02,2,4,187,33,0,0.152,19.242,39,198,204
2026-06-09,2,4,162,42,0,0.152,19.242,39,198,204
2026-06-16,2,4,155,51,0,0.152,19.242,39,198,204
2026-06-23,2,4,134,60,0,0.152,19.242,39,198,204
2026-06-30,2,4,81,55,0,0.152,19.242,39,198,204
2026-04-07,3,1,338,62,3,1.475,92.155,10,479,494
2026-04-14,3,1,268,133,2,1.475,92.155,10,479,494
2026-04-21,3,1,336,64,2,1.475,92.155,10,479,494
2026-04-28,3,1,360,114,5,1.475,92.155,10,479,494
2026-05-05,3,1,189,134,6,1.475,92.155,10,479,494
2026-05-12,3,1,254,121,5,1.475,92.155,10,479,494
2026-05-19,3,1,385,133,4,1.475,92.155,10,479,494
2026-05-26,3,1,252,145,5,1.475,92.155,10,479,494
2026-06-02,3,1,375,104,3,1.475,92.155,10,479,494
2026-06-09,3,1,360,172,4,1.475,92.155,10,479,494
2026-06-16,3,1,392,102,5,1.475,92.155,10,479,494
2026-06-23,3,1,336,137,4,1.475,92.155,10,479,494
2026-06-30,3,1,403,76,2,1.475,92.155,10,479,494
2026-04-07,3,5,186,130,11,4.855,49.68,10,259,307
2026-04-14,3,5,268,84,14,4.855,49.68,10,259,307
2026-04-21,3,5,176,132,12,4.855,49.68,10,259,307
2026-04-28,3,5,204,127,6,4.855,49.68,10,259,307
2026-05-05,3,5,174,133,8,4.855,49.68,10,259,307
2026-05-12,3,5,194,122,17,4.855,49.68,10,259,307
2026-05-19,3,5,262,67,10,4.855,49.68,10,259,307
2026-05-26,3,5,234,125,5,4.855,49.68,10,259,307
2026-06-02,3,5,229,142,17,4.855,49.68,10,259,307
2026-06-09,3,5,287,82,7,4.855,49.68,10,259,307
2026-06-16,3,5,248,134,5,4.855,49.68,10,259,307
2026-06-23,3,5,327,59,11,4.855,49.68,10,259,307
2026-06-30,3,5,299,86,19,4.855,49.68,10,259,307
2026-04-07,3,8,241,168,3,1.469,77.675,10,404,419
2026-04-14,3,8,344,95,2,1.469,77.675,10,404,419
2026-04-21,3,8,252,205,4,1.469,77.675,10,404,419
2026-04-28,3,8,215,132,5,1.469,77.675,10,404,419
2026-05-05,3,8,289,186,5,1.469,77.675,10,404,419
2026-05-12,3,8,334,165,2,1.469,77.675,10,404,419
2026-05-19,3,8,280,178,4,1.469,77.675,10,404,419
2026-05-26,3,8,294,138,5,1.469,77.675,10,404,419
2026-06-02,3,8,300,137,2,1.469,77.675,10,404,419
2026-06-09,3,8,310,177,5,1.469,77.675,10,404,419
2026-06-16,3,8,296,209,3,1.469,77.675,10,404,419
2026-06-23,3,8,285,177,6,1.469,77.675,10,404,419
2026-06-30,3,8,288,121,2,1.469,77.675,10,404,419
2026-04-07,4,2,332,239,9,3.396,74.426,16,490,544
2026-04-14,4,2,380,193,6,3.396,74.426,16,490,544
2026-04-21,4,2,363,238,8,3.396,74.426,16,490,544
2026-04-28,4,2,605,113,7,3.396,74.426,16,490,544
2026-05-05,4,2,455,181,6,3.396,74.426,16,490,544
2026-05-12,4,2,387,265,5,3.396,74.426,16,490,544
2026-05-19,4,2,583,115,13,3.396,74.426,16,490,544
2026-05-26,4,2,427,215,11,3.396,74.426,16,490,544
2026-06-02,4,2,327,249,11,3.396,74.426,16,490,544
2026-06-09,4,2,359,240,13,3.396,74.426,16,490,544
2026-06-16,4,2,404,234,5,3.396,74.426,16,490,544
2026-06-23,4,2,440,146,9,3.396,74.426,16,490,544
2026-06-30,4,2,454,172,9,3.396,74.426,16,490,544
2026-04-07,4,5,792,157,17,17.035,58.577,16,395,667
2026-04-14,4,5,757,164,54,17.035,58.577,16,395,667
2026-04-21,4,5,541,198,49,17.035,58.577,16,395,667
2026-04-28,4,5,695,219,67,17.035,58.577,16,395,667
2026-05-05,4,5,631,371,17,17.035,58.577,16,395,667
2026-05-12,4,5,645,221,59,17.035,58.577,16,395,667
2026-05-19,4,5,567,433,67,17.035,58.577,16,395,667
2026-05-26,4,5,745,226,60,17.035,58.577,16,395,667
2026-06-02,4,5,646,352,49,17.035,58.577,16,395,667
2026-06-09,4,5,708,362,48,17.035,58.577,16,395,667
2026-06-16,4,5,771,268,49,17.035,58.577,16,395,667
2026-06-23,4,5,584,247,35,17.035,58.577,16,395,667
2026-06-30,4,5,545,263,34,17.035,58.577,16,395,667
2026-04-07,4,8,354,270,15,6.012,57.044,16,377,473
2026-04-14,4,8,490,119,6,6.012,57.044,16,377,473
2026-04-21,4,8,529,113,12,6.012,57.044,16,377,473
2026-04-28,4,8,632,114,21,6.012,57.044,16,377,473
2026-05-05,4,8,600,142,13,6.012,57.044,16,377,473
2026-05-12,4,8,475,212,12,6.012,57.044,16,377,473
2026-05-19,4,8,408,177,6,6.012,57.044,16,377,473
2026-05-26,4,8,616,131,21,6.012,57.044,16,377,473
2026-06-02,4,8,556,118,6,6.012,57.044,16,377,473
2026-06-09,4,8,544,257,10,6.012,57.044,16,377,473
2026-06-16,4,8,468,134,15,6.012,57.044,16,377,473
2026-06-23,4,8,489,281,10,6.012,57.044,16,377,473
2026-06-30,4,8,485,190,9,6.012,57.044,16,377,473
2026-04-07,5,2,1935,1062,59,27.542,74.641,41,848,1977
2026-04-14,5,2,2164,900,104,27.542,74.641,41,848,1977
2026-04-21,5,2,1509,1104,97,27.542,74.641,41,848,1977
2026-04-28,5,2,1894,925,42,27.542,74.641,41,848,1977
2026-05-05,5,2,1561,1159,68,27.542,74.641,41,848,1977
2026-05-12,5,2,1899,685,83,27.542,74.641,41,848,1977
2026-05-19,5,2,2163,512,88,27.542,74.641,41,848,1977
2026-05-26,5,2,1551,819,73,27.542,74.641,41,848,1977
2026-06-02,5,2,1997,672,95,27.542,74.641,41,848,1977
2026-06-09,5,2,1432,587,29,27.542,74.641,41,848,1977
2026-06-16,5,2,1517,1134,106,27.542,74.641,41,848,1977
2026-06-23,5,2,1181,952,37,27.542,74.641,41,848,1977
2026-06-30,5,2,1508,1135,91,27.542,74.641,41,848,1977
2026-04-07,5,4,599,376,9,4.638,72.389,41,764,954
2026-04-14,5,4,713,252,11,4.638,72.389,41,764,954
2026-04-21,5,4,642,246,8,4.638,72.389,41,764,954
2026-04-28,5,4,737,169,16,4.638,72.389,41,764,954
2026-05-05,5,4,780,213,18,4.638,72.389,41,764,954
2026-05-12,5,4,677,153,18,4.638,72.389,41,764,954
2026-05-19,5,4,770,273,7,4.638,72.389,41,764,954
2026-05-26,5,4,700,247,5,4.638,72.389,41,764,954
2026-06-02,5,4,547,434,12,4.638,72.389,41,764,954
2026-06-09,5,4,483,395,12,4.638,72.389,41,764,954
2026-06-16,5,4,682,122,5,4.638,72.389,41,764,954
2026-06-23,5,4,625,292,12,4.638,72.389,41,764,954
2026-06-30,5,4,567,279,18,4.638,72.389,41,764,954
2026-04-07,5,6,456,215,12,3.069,43.289,41,457,583
2026-04-14,5,6,540,229,8,3.069,43.289,41,457,583
2026-04-21,5,6,569,312,12,3.069,43.289,41,457,583
2026-04-28,5,6,613,231,4,3.069,43.289,41,457,583
2026-05-05,5,6,499,334,3,3.069,43.289,41,457,583
2026-05-12,5,6,520,282,9,3.069,43.289,41,457,583
2026-05-19,5,6,540,296,10,3.069,43.289,41,457,583
2026-05-26,5,6,475,333,11,3.069,43.289,41,457,583
2026-06-02,5,6,506,187,5,3.069,43.289,41,457,583
2026-06-09,5,6,712,173,8,3.069,43.289,41,457,583
2026-06-16,5,6,694,164,5,3.069,43.289,41,457,583
2026-06-23,5,6,367,281,7,3.069,43.289,41,457,583
2026-06-30,5,6,435,292,6,3.069,43.289,41,457,583
2026-04-07,6,1,1221,391,13,5.877,57.28,44,629,887
2026-04-14,6,1,1192,319,12,5.877,57.28,44,629,887
2026-04-21,6,1,1091,393,12,5.877,57.28,44,629,887
2026-04-28,6,1,1020,452,12,5.877,57.28,44,629,887
2026-05-05,6,1,1405,392,10,5.877,57.28,44,629,887
2026-05-12,6,1,994,628,11,5.877,57.28,44,629,887
2026-05-19,6,1,1334,305,13,5.877,57.28,44,629,887
2026-05-26,6,1,1183,532,11,5.877,57.28,44,629,887
2026-06-02,6,1,1031,554,11,5.877,57.28,44,629,887
2026-06-09,6,1,896,705,19,5.877,57.28,44,629,887
2026-06-16,6,1,1036,495,16,5.877,57.28,44,629,887
2026-06-23,6,1,1070,248,21,5.877,57.28,44,629,887
2026-06-30,6,1,1328,260,19,5.877,57.28,44,629,887
2026-04-07,6,6,2186,1279,59,23.147,67.548,44,784,1802
2026-04-14,6,6,2581,779,40,23.147,67.548,44,784,1802
2026-04-21,6,6,2120,898,35,23.147,67.548,44,784,1802
2026-04-28,6,6,2307,1008,61,23.147,67.548,44,784,1802
2026-05-05,6,6,2694,521,32,23.147,67.548,44,784,1802
2026-05-12,6,6,2343,1111,39,23.147,67.548,44,784,1802
2026-05-19,6,6,1924,1499,91,23.147,67.548,44,784,1802
2026-05-26,6,6,2104,909,92,23.147,67.548,44,784,1802
2026-06-02,6,6,2029,985,48,23.147,67.548,44,784,1802
2026-06-09,6,6,1912,642,38,23.147,67.548,44,784,1802
2026-06-16,6,6,1845,1333,57,23.147,67.548,44,784,1802
2026-06-23,6,6,2077,614,42,23.147,67.548,44,784,1802
2026-06-30,6,6,2171,794,89,23.147,67.548,44,784,1802
2026-04-07,6,10,277,152,7,2.021,33.263,44,364,453
2026-04-14,6,10,361,107,3,2.021,33.263,44,364,453
2026-04-21,6,10,381,78,3,2.021,33.263,44,364,453
2026-04-28,6,10,239,157,5,2.021,33.263,44,364,453
2026-05-05,6,10,365,118,5,2.021,33.263,44,364,453
2026-05-12,6,10,232,137,3,2.021,33.263,44,364,453
2026-05-19,6,10,244,199,6,2.021,33.263,44,364,453
2026-05-26,6,10,256,151,3,2.021,33.263,44,364,453
2026-06-02,6,10,261,133,7,2.021,33.263,44,364,453
2026-06-09,6,10,257,194,4,2.021,33.263,44,364,453
2026-06-16,6,10,249,161,8,2.021,33.263,44,364,453
2026-06-23,6,10,265,150,7,2.021,33.263,44,364,453
2026-06-30,6,10,288,140,7,2.021,33.263,44,364,453
2026-04-07,7,4,646,448,36,19.317,63.109,45,731,1600
2026-04-14,7,4,636,420,66,19.317,63.109,45,731,1600
2026-04-21,7,4,884,432,51,19.317,63.109,45,731,1600
2026-04-28,7,4,830,415,24,19.317,63.109,45,731,1600
2026-05-05,7,4,684,513,26,19.317,63.109,45,731,1600
2026-05-12,7,4,817,439,21,19.317,63.109,45,731,1600
2026-05-19,7,4,610,422,75,19.317,63.109,45,731,1600
2026-05-26,7,4,906,280,60,19.317,63.109,45,731,1600
2026-06-02,7,4,919,362,71,19.317,63.109,45,731,1600
2026-06-09,7,4,534,428,62,19.317,63.109,45,731,1600
2026-06-16,7,4,731,307,36,19.317,63.109,45,731,1600
2026-06-23,7,4,669,394,65,19.317,63.109,45,731,1600
2026-06-30,7,4,962,175,77,19.317,63.109,45,731,1600
2026-04-07,7,6,150,62,11,2.861,28.599,45,317,446
2026-04-14,7,6,121,53,7,2.861,28.599,45,317,446
2026-04-21,7,6,141,42,7,2.861,28.599,45,317,446
2026-04-28,7,6,139,67,5,2.861,28.599,45,317,446
2026-05-05,7,6,155,32,7,2.861,28.599,45,317,446
2026-05-12,7,6,122,89,7,2.861,28.599,45,317,446
2026-05-19,7,6,108,87,10,2.861,28.599,45,317,446
2026-05-26,7,6,131,84,5,2.861,28.599,45,317,446
2026-06-02,7,6,126,48,10,2.861,28.599,45,317,446
2026-06-09,7,6,108,20,7,2.861,28.599,45,317,446
2026-06-16,7,6,108,73,4,2.861,28.599,45,317,446
2026-06-23,7,6,128,23,6,2.861,28.599,45,317,446
2026-06-30,7,6,150,33,8,2.861,28.599,45,317,446
2026-04-07,7,8,834,606,18,14.682,66.869,45,757,1418
2026-04-14,7,8,773,563,27,14.682,66.869,45,757,1418
2026-04-21,7,8,895,537,37,14.682,66.869,45,757,1418
2026-04-28,7,8,1034,376,24,14.682,66.869,45,757,1418
2026-05-05,7,8,1191,244,26,14.682,66.869,45,757,1418
2026-05-12,7,8,825,468,22,14.682,66.869,45,757,1418
2026-05-19,7,8,1101,366,57,14.682,66.869,45,757,1418
2026-05-26,7,8,987,203,27,14.682,66.869,45,757,1418
2026-06-02,7,8,977,340,37,14.682,66.869,45,757,1418
2026-06-09,7,8,873,363,25,14.682,66.869,45,757,1418
2026-06-16,7,8,1089,268,34,14.682,66.869,45,757,1418
2026-06-23,7,8,779,349,27,14.682,66.869,45,757,1418
2026-06-30,7,8,903,292,48,14.682,66.869,45,757,1418
2026-04-07,8,4,340,114,23,7.325,41.799,33,402,643
2026-04-14,8,4,404,99,13,7.325,41.799,33,402,643
2026-04-21,8,4,310,219,21,7.325,41.799,33,402,643
2026-04-28,8,4,408,182,23,7.325,41.799,33,402,643
2026-05-05,8,4,271,213,16,7.325,41.799,33,402,643
2026-05-12,8,4,332,91,23,7.325,41.799,33,402,643
2026-05-19,8,4,434,112,15,7.325,41.799,33,402,643
2026-05-26,8,4,369,209,20,7.325,41.799,33,402,643
2026-06-02,8,4,228,182,23,7.325,41.799,33,402,643
2026-06-09,8,4,292,224,8,7.325,41.799,33,402,643
2026-06-16,8,4,321,245,13,7.325,41.799,33,402,643
2026-06-23,8,4,497,89,9,7.325,41.799,33,402,643
2026-06-30,8,4,307,244,17,7.325,41.799,33,402,643
2026-04-07,8,7,216,66,3,2.271,32.111,33,304,379
2026-04-14,8,7,235,112,5,2.271,32.111,33,304,379
2026-04-21,8,7,164,131,8,2.271,32.111,33,304,379
2026-04-28,8,7,162,116,4,2.271,32.111,33,304,379
2026-05-05,8,7,179,132,9,2.271,32.111,33,304,379
2026-05-12,8,7,244,65,6,2.271,32.111,33,304,379
2026-05-19,8,7,224,125,3,2.271,32.111,33,304,379
2026-05-26,8,7,195,112,7,2.271,32.111,33,304,379
2026-06-02,8,7,192,120,8,2.271,32.111,33,304,379
2026-06-09,8,7,186,101,6,2.271,32.111,33,304,379
2026-06-16,8,7,228,51,5,2.271,32.111,33,304,379
2026-06-23,8,7,168,112,6,2.271,32.111,33,304,379
2026-06-30,8,7,220,110,5,2.271,32.111,33,304,379
2026-04-07,8,10,329,191,2,0.794,37.244,33,352,378
2026-04-14,8,10,381,73,3,0.794,37.244,33,352,378
2026-04-21,8,10,377,103,3,0.794,37.244,33,352,378
2026-04-28,8,10,400,109,2,0.794,37.244,33,352,378
2026-05-05,8,10,416,109,2,0.794,37.244,33,352,378
2026-05-12,8,10,402,185,1,0.794,37.244,33,352,378
2026-05-19,8,10,387,170,3,0.794,37.244,33,352,378
2026-05-26,8,10,406,163,3,0.794,37.244,33,352,378
2026-06-02,8,10,355,149,2,0.794,37.244,33,352,378
2026-06-09,8,10,374,264,3,0.794,37.244,33,352,378
2026-06-16,8,10,388,137,1,0.794,37.244,33,352,378
2026-06-23,8,10,285,221,2,0.794,37.244,33,352,378
2026-06-30,8,10,390,75,2,0.794,37.244,33,352,378
2026-04-07,9,2,392,157,34,13.15,76.295,16,506,717
2026-04-14,9,2,384,189,45,13.15,76.295,16,506,717
2026-04-21,9,2,448,167,45,13.15,76.295,16,506,717
2026-04-28,9,2,433,188,18,13.15,76.295,16,506,717
2026-05-05,9,2,440,130,28,13.15,76.295,16,506,717
2026-05-12,9,2,437,204,24,13.15,76.295,16,506,717
2026-05-19,9,2,391,258,37,13.15,76.295,16,506,717
2026-05-26,9,2,434,277,39,13.15,76.295,16,506,717
2026-06-02,9,2,622,151,45,13.15,76.295,16,506,717
2026-06-09,9,2,470,249,43,13.15,76.295,16,506,717
2026-06-16,9,2,534,122,29,13.15,76.295,16,506,717
2026-06-23,9,2,376,300,53,13.15,76.295,16,506,717
2026-06-30,9,2,460,206,16,13.15,76.295,16,506,717
2026-04-07,9,8,934,729,127,39.764,72.983,16,519,1155
2026-04-14,9,8,1301,283,96,39.764,72.983,16,519,1155
2026-04-21,9,8,890,597,97,39.764,72.983,16,519,1155
2026-04-28,9,8,1342,375,45,39.764,72.983,16,519,1155
2026-05-05,9,8,931,532,85,39.764,72.983,16,519,1155
2026-05-12,9,8,1282,450,70,39.764,72.983,16,519,1155
2026-05-19,9,8,1109,471,143,39.764,72.983,16,519,1155
2026-05-26,9,8,1032,664,96,39.764,72.983,16,519,1155
2026-06-02,9,8,973,756,96,39.764,72.983,16,519,1155
2026-06-09,9,8,869,585,47,39.764,72.983,16,519,1155
2026-06-16,9,8,1029,615,46,39.764,72.983,16,519,1155
2026-06-23,9,8,1155,666,133,39.764,72.983,16,519,1155
2026-06-30,9,8,1492,501,105,39.764,72.983,16,519,1155
2026-04-07,9,10,279,219,15,4.688,67.319,16,444,519
2026-04-14,9,10,308,154,5,4.688,67.319,16,444,519
2026-04-21,9,10,352,76,12,4.688,67.319,16,444,519
2026-04-28,9,10,289,116,13,4.688,67.319,16,444,519
2026-05-05,9,10,268,181,18,4.688,67.319,16,444,519
2026-05-12,9,10,236,187,10,4.688,67.319,16,444,519
2026-05-19,9,10,315,184,9,4.688,67.319,16,444,519
2026-05-26,9,10,388,83,7,4.688,67.319,16,444,519
2026-06-02,9,10,355,178,12,4.688,67.319,16,444,519
2026-06-09,9,10,401,173,9,4.688,67.319,16,444,519
2026-06-16,9,10,323,207,19,4.688,67.319,16,444,519
2026-06-23,9,10,355,115,11,4.688,67.319,16,444,519
2026-06-30,9,10,262,144,15,4.688,67.319,16,444,519
2026-04-07,10,4,814,432,23,7.613,57.75,38,592,881
2026-04-14,10,4,846,259,9,7.613,57.75,38,592,881
2026-04-21,10,4,1135,313,15,7.613,57.75,38,592,881
2026-04-28,10,4,862,239,20,7.613,57.75,38,592,881
2026-05-05,10,4,807,585,29,7.613,57.75,38,592,881
2026-05-12,10,4,960,270,27,7.613,57.75,38,592,881
2026-05-19,10,4,740,287,9,7.613,57.75,38,592,881
2026-05-26,10,4,729,531,22,7.613,57.75,38,592,881
2026-06-02,10,4,842,214,8,7.613,57.75,38,592,881
2026-06-09,10,4,1111,207,18,7.613,57.75,38,592,881
2026-06-16,10,4,515,377,25,7.613,57.75,38,592,881
2026-06-23,10,4,854,263,29,7.613,57.75,38,592,881
2026-06-30,10,4,560,384,26,7.613,57.75,38,592,881
2026-04-07,10,6,270,158,1,0.538,40.177,38,407,428
2026-04-14,10,6,312,104,1,0.538,40.177,38,407,428
2026-04-21,10,6,207,145,2,0.538,40.177,38,407,428
2026-04-28,10,6,383,77,1,0.538,40.177,38,407,428
2026-05-05,10,6,247,187,1,0.538,40.177,38,407,428
2026-05-12,10,6,270,179,2,0.538,40.177,38,407,428
2026-05-19,10,6,290,129,1,0.538,40.177,38,407,428
2026-05-26,10,6,274,147,2,0.538,40.177,38,407,428
2026-06-02,10,6,266,158,1,0.538,40.177,38,407,428
2026-06-09,10,6,271,160,1,0.538,40.177,38,407,428
2026-06-16,10,6,206,167,2,0.538,40.177,38,407,428
2026-06-23,10,6,278,76,2,0.538,40.177,38,407,428
2026-06-30,10,6,266,84,2,0.538,40.177,38,407,428
2026-04-07,10,10,289,150,3,0.937,42.967,38,436,471
2026-04-14,10,10,232,116,3,0.937,42.967,38,436,471
2026-04-21,10,10,269,110,2,0.937,42.967,38,436,471
2026-04-28,10,10,262,143,2,0.937,42.967,38,436,471
2026-05-05,10,10,266,209,1,0.937,42.967,38,436,471
2026-05-12,10,10,310,126,1,0.937,42.967,38,436,471
2026-05-19,10,10,377,179,2,0.937,42.967,38,436,471
2026-05-26,10,10,304,202,2,0.937,42.967,38,436,471
2026-06-02,10,10,264,143,2,0.937,42.967,38,436,471
2026-06-09,10,10,325,127,3,0.937,42.967,38,436,471
2026-06-16,10,10,376,149,2,0.937,42.967,38,436,471
2026-06-23,10,10,294,80,1,0.937,42.967,38,436,471
2026-06-30,10,10,308,175,1,0.937,42.967,38,436,471
2026-04-07,11,1,1559,349,317,134.184,118.409,9,672,1879
2026-04-14,11,1,1618,371,154,134.184,118.409,9,672,1879
2026-04-21,11,1,1550,545,206,134.184,118.409,9,672,1879
2026-04-28,11,1,1477,581,342,134.184,118.409,9,672,1879
2026-05-05,11,1,1532,590,397,134.184,118.409,9,672,1879
2026-05-12,11,1,1642,438,497,134.184,118.409,9,672,1879
2026-05-19,11,1,1559,837,172,134.184,118.409,9,672,1879
2026-05-26,11,1,1417,874,510,134.184,118.409,9,672,1879
2026-06-02,11,1,1755,498,469,134.184,118.409,9,672,1879
2026-06-09,11,1,1573,641,413,134.184,118.409,9,672,1879
2026-06-16,11,1,2059,401,254,134.184,118.409,9,672,1879
2026-06-23,11,1,1279,841,286,134.184,118.409,9,672,1879
2026-06-30,11,1,1534,468,307,134.184,118.409,9,672,1879
2026-04-07,11,10,306,67,2,0.682,64.315,9,317,324
2026-04-14,11,10,229,129,1,0.682,64.315,9,317,324
2026-04-21,11,10,246,57,1,0.682,64.315,9,317,324
2026-04-28,11,10,190,115,2,0.682,64.315,9,317,324
2026-05-05,11,10,275,55,1,0.682,64.315,9,317,324
2026-05-12,11,10,246,108,3,0.682,64.315,9,317,324
2026-05-19,11,10,307,64,2,0.682,64.315,9,317,324
2026-05-26,11,10,237,132,2,0.682,64.315,9,317,324
2026-06-02,11,10,237,73,2,0.682,64.315,9,317,324
2026-06-09,11,10,309,64,2,0.682,64.315,9,317,324
2026-06-16,11,10,286,151,2,0.682,64.315,9,317,324
2026-06-23,11,10,185,151,1,0.682,64.315,9,317,324
2026-06-30,11,10,258,105,1,0.682,64.315,9,317,324
2026-04-07,12,2,743,442,32,10.745,51.485,42,563,1014
2026-04-14,12,2,1316,236,40,10.745,51.485,42,563,1014
2026-04-21,12,2,875,707,12,10.745,51.485,42,563,1014
2026-04-28,12,2,861,485,11,10.745,51.485,42,563,1014
2026-05-05,12,2,1073,293,34,10.745,51.485,42,563,1014
2026-05-12,12,2,769,269,24,10.745,51.485,42,563,1014
2026-05-19,12,2,884,246,32,10.745,51.485,42,563,1014
2026-05-26,12,2,729,391,16,10.745,51.485,42,563,1014
2026-06-02,12,2,1014,437,38,10.745,51.485,42,563,1014
2026-06-09,12,2,574,423,28,10.745,51.485,42,563,1014
2026-06-16,12,2,991,344,32,10.745,51.485,42,563,1014
2026-06-23,12,2,990,222,31,10.745,51.485,42,563,1014
2026-06-30,12,2,1011,260,35,10.745,51.485,42,563,1014
2026-04-07,12,7,1189,841,113,36.918,76.358,42,918,2469
2026-04-14,12,7,1469,280,125,36.918,76.358,42,918,2469
2026-04-21,12,7,1212,695,75,36.918,76.358,42,918,2469
2026-04-28,12,7,1479,306,109,36.918,76.358,42,918,2469
2026-05-05,12,7,1374,282,139,36.918,76.358,42,918,2469
2026-05-12,12,7,1161,684,41,36.918,76.358,42,918,2469
2026-05-19,12,7,1425,345,81,36.918,76.358,42,918,2469
2026-05-26,12,7,1445,380,147,36.918,76.358,42,918,2469
2026-06-02,12,7,1228,919,127,36.918,76.358,42,918,2469
2026-06-09,12,7,1006,612,137,36.918,76.358,42,918,2469
2026-06-16,12,7,1647,429,46,36.918,76.358,42,918,2469
2026-06-23,12,7,1162,453,93,36.918,76.358,42,918,2469
2026-06-30,12,7,1353,389,139,36.918,76.358,42,918,2469
2026-04-07,13,1,202,99,16,7.445,48.459,10,253,327
2026-04-14,13,1,233,52,23,7.445,48.459,10,253,327
2026-04-21,13,1,176,115,10,7.445,48.459,10,253,327
2026-04-28,13,1,256,116,25,7.445,48.459,10,253,327
2026-05-05,13,1,228,167,8,7.445,48.459,10,253,327
2026-05-12,13,1,218,103,16,7.445,48.459,10,253,327
2026-05-19,13,1,309,61,25,7.445,48.459,10,253,327
2026-05-26,13,1,239,116,19,7.445,48.459,10,253,327
2026-06-02,13,1,317,62,12,7.445,48.459,10,253,327
2026-06-09,13,1,306,127,19,7.445,48.459,10,253,327
2026-06-16,13,1,269,131,11,7.445,48.459,10,253,327
2026-06-23,13,1,241,127,26,7.445,48.459,10,253,327
2026-06-30,13,1,339,112,17,7.445,48.459,10,253,327
2026-04-07,13,3,369,192,7,5.532,64.799,10,337,393
2026-04-14,13,3,315,145,12,5.532,64.799,10,337,393
2026-04-21,13,3,373,198,20,5.532,64.799,10,337,393
2026-04-28,13,3,360,124,14,5.532,64.799,10,337,393
2026-05-05,13,3,416,87,8,5.532,64.799,10,337,393
2026-05-12,13,3,331,177,8,5.532,64.799,10,337,393
2026-05-19,13,3,359,273,12,5.532,64.799,10,337,393
2026-05-26,13,3,528,162,8,5.532,64.799,10,337,393
2026-06-02,13,3,359,214,10,5.532,64.799,10,337,393
2026-06-09,13,3,480,197,16,5.532,64.799,10,337,393
2026-06-16,13,3,437,193,16,5.532,64.799,10,337,393
2026-06-23,13,3,453,185,18,5.532,64.799,10,337,393
2026-06-30,13,3,360,253,7,5.532,64.799,10,337,393
2026-04-07,13,4,211,151,9,8.319,48.913,10,255,338
2026-04-14,13,4,246,110,23,8.319,48.913,10,255,338
2026-04-21,13,4,228,121,11,8.319,48.913,10,255,338
2026-04-28,13,4,246,99,13,8.319,48.913,10,255,338
2026-05-05,13,4,216,142,12,8.319,48.913,10,255,338
2026-05-12,13,4,315,100,21,8.319,48.913,10,255,338
2026-05-19,13,4,214,174,28,8.319,48.913,10,255,338
2026-05-26,13,4,304,156,23,8.319,48.913,10,255,338
2026-06-02,13,4,256,115,22,8.319,48.913,10,255,338
2026-06-09,13,4,219,151,25,8.319,48.913,10,255,338
2026-06-16,13,4,229,143,24,8.319,48.913,10,255,338
2026-06-23,13,4,240,176,17,8.319,48.913,10,255,338
2026-06-30,13,4,216,105,30,8.319,48.913,10,255,338
2026-04-07,13,5,256,82,11,7.485,69.384,10,361,436
2026-04-14,13,5,236,114,13,7.485,69.384,10,361,436
2026-04-21,13,5,300,55,18,7.485,69.384,10,361,436
2026-04-28,13,5,251,152,13,7.485,69.384,10,361,436
2026-05-05,13,5,288,111,13,7.485,69.384,10,361,436
2026-05-12,13,5,223,130,24,7.485,69.384,10,361,436
2026-05-19,13,5,253,62,13,7.485,69.384,10,361,436
2026-05-26,13,5,256,146,8,7.485,69.384,10,361,436
2026-06-02,13,5,312,66,12,7.485,69.384,10,361,436
2026-06-09,13,5,342,107,26,7.485,69.384,10,361,436
2026-06-16,13,5,222,180,8,7.485,69.384,10,361,436
2026-06-23,13,5,224,83,29,7.485,69.384,10,361,436
2026-06-30,13,5,271,102,21,7.485,69.384,10,361,436
2026-04-07,13,7,192,131,6,4.055,51.612,10,269,309
2026-04-14,13,7,168,131,13,4.055,51.612,10,269,309
2026-04-21,13,7,220,89,16,4.055,51.612,10,269,309
2026-04-28,13,7,256,58,7,4.055,51.612,10,269,309
2026-05-05,13,7,295,78,10,4.055,51.612,10,269,309
2026-05-12,13,7,232,94,16,4.055,51.612,10,269,309
2026-05-19,13,7,257,79,5,4.055,51.612,10,269,309
2026-05-26,13,7,255,55,5,4.055,51.612,10,269,309
2026-06-02,13,7,242,100,10,4.055,51.612,10,269,309
2026-06-09,13,7,296,84,8,4.055,51.612,10,269,309
2026-06-16,13,7,197,161,14,4.055,51.612,10,269,309
2026-06-23,13,7,251,92,14,4.055,51.612,10,269,309
2026-06-30,13,7,269,94,14,4.055,51.612,10,269,309
2026-04-07,13,9,392,203,13,9.376,61.496,10,321,414
2026-04-14,13,9,352,227,34,9.376,61.496,10,321,414
2026-04-21,13,9,294,143,24,9.376,61.496,10,321,414
2026-04-28,13,9,573,106,25,9.376,61.496,10,321,414
2026-05-05,13,9,382,275,19,9.376,61.496,10,321,414
2026-05-12,13,9,411,197,28,9.376,61.496,10,321,414
2026-05-19,13,9,414,226,34,9.376,61.496,10,321,414
2026-05-26,13,9,435,325,14,9.376,61.496,10,321,414
2026-06-02,13,9,368,151,31,9.376,61.496,10,321,414
2026-06-09,13,9,411,298,33,9.376,61.496,10,321,414
2026-06-16,13,9,455,104,30,9.376,61.496,10,321,414
2026-06-23,13,9,509,96,27,9.376,61.496,10,321,414
2026-06-30,13,9,548,154,19,9.376,61.496,10,321,414
2026-04-07,13,10,165,89,29,8.883,55.071,10,287,376
2026-04-14,13,10,234,124,9,8.883,55.071,10,287,376
2026-04-21,13,10,250,71,16,8.883,55.071,10,287,376
2026-04-28,13,10,193,74,24,8.883,55.071,10,287,376
2026-05-05,13,10,211,87,9,8.883,55.071,10,287,376
2026-05-12,13,10,237,72,10,8.883,55.071,10,287,376
2026-05-19,13,10,261,63,28,8.883,55.071,10,287,376
2026-05-26,13,10,219,139,13,8.883,55.071,10,287,376
2026-06-02,13,10,304,64,12,8.883,55.071,10,287,376
2026-06-09,13,10,250,61,24,8.883,55.071,10,287,376
2026-06-16,13,10,292,86,13,8.883,55.071,10,287,376
2026-06-23,13,10,226,78,14,8.883,55.071,10,287,376
2026-06-30,13,10,192,79,17,8.883,55.071,10,287,376
2026-04-07,14,1,850,596,8,2.556,166.586,17,1130,1173
2026-04-14,14,1,1179,482,5,2.556,166.586,17,1130,1173
2026-04-21,14,1,1054,803,7,2.556,166.586,17,1130,1173
2026-04-28,14,1,1111,491,3,2.556,166.586,17,1130,1173
2026-05-05,14,1,1196,769,6,2.556,166.586,17,1130,1173
2026-05-12,14,1,1215,450,9,2.556,166.586,17,1130,1173
2026-05-19,14,1,1180,520,8,2.556,166.586,17,1130,1173
2026-05-26,14,1,1326,461,7,2.556,166.586,17,1130,1173
2026-06-02,14,1,1555,316,4,2.556,166.586,17,1130,1173
2026-06-09,14,1,1288,374,3,2.556,166.586,17,1130,1173
2026-06-16,14,1,1479,647,9,2.556,166.586,17,1130,1173
2026-06-23,14,1,1216,417,10,2.556,166.586,17,1130,1173
2026-06-30,14,1,1529,613,9,2.556,166.586,17,1130,1173
2026-04-07,14,3,274,114,3,1.514,52.487,17,356,382
2026-04-14,14,3,327,65,3,1.514,52.487,17,356,382
2026-04-21,14,3,308,76,6,1.514,52.487,17,356,382
2026-04-28,14,3,202,144,3,1.514,52.487,17,356,382
2026-05-05,14,3,392,87,3,1.514,52.487,17,356,382
2026-05-12,14,3,269,134,4,1.514,52.487,17,356,382
2026-05-19,14,3,302,118,5,1.514,52.487,17,356,382
2026-05-26,14,3,304,60,3,1.514,52.487,17,356,382
2026-06-02,14,3,384,87,2,1.514,52.487,17,356,382
2026-06-09,14,3,347,123,6,1.514,52.487,17,356,382
2026-06-16,14,3,287,57,5,1.514,52.487,17,356,382
2026-06-23,14,3,284,200,3,1.514,52.487,17,356,382
2026-06-30,14,3,352,95,5,1.514,52.487,17,356,382
2026-04-07,14,4,80,49,4,3.239,38.361,17,261,316
2026-04-14,14,4,110,37,4,3.239,38.361,17,261,316
2026-04-21,14,4,104,51,12,3.239,38.361,17,261,316
2026-04-28,14,4,81,62,5,3.239,38.361,17,261,316
2026-05-05,14,4,117,46,12,3.239,38.361,17,261,316
2026-05-12,14,4,129,32,6,3.239,38.361,17,261,316
2026-05-19,14,4,108,61,10,3.239,38.361,17,261,316
2026-05-26,14,4,94,53,11,3.239,38.361,17,261,316
2026-06-02,14,4,123,40,4,3.239,38.361,17,261,316
2026-06-09,14,4,88,40,9,3.239,38.361,17,261,316
2026-06-16,14,4,100,47,4,3.239,38.361,17,261,316
2026-06-23,14,4,116,70,6,3.239,38.361,17,261,316
2026-06-30,14,4,159,29,11,3.239,38.361,17,261,316
2026-04-07,14,5,331,78,6,2.695,45.746,17,311,356
2026-04-14,14,5,207,155,8,2.695,45.746,17,311,356
2026-04-21,14,5,255,140,4,2.695,45.746,17,311,356
2026-04-28,14,5,243,137,6,2.695,45.746,17,311,356
2026-05-05,14,5,197,161,5,2.695,45.746,17,311,356
2026-05-12,14,5,265,140,4,2.695,45.746,17,311,356
2026-05-19,14,5,219,94,5,2.695,45.746,17,311,356
2026-05-26,14,5,290,126,3,2.695,45.746,17,311,356
2026-06-02,14,5,274,144,10,2.695,45.746,17,311,356
2026-06-09,14,5,325,92,9,2.695,45.746,17,311,356
2026-06-16,14,5,318,67,5,2.695,45.746,17,311,356
2026-06-23,14,5,267,98,11,2.695,45.746,17,311,356
2026-06-30,14,5,290,184,6,2.695,45.746,17,311,356
2026-04-07,14,7,346,134,8,2.76,43.793,17,297,344
2026-04-14,14,7,361,92,4,2.76,43.793,17,297,344
2026-04-21,14,7,268,169,6,2.76,43.793,17,297,344
2026-04-28,14,7,515,114,4,2.76,43.793,17,297,344
2026-05-05,14,7,284,228,5,2.76,43.793,17,297,344
2026-05-12,14,7,391,152,6,2.76,43.793,17,297,344
2026-05-19,14,7,304,182,8,2.76,43.793,17,297,344
2026-05-26,14,7,268,187,10,2.76,43.793,17,297,344
2026-06-02,14,7,367,208,4,2.76,43.793,17,297,344
2026-06-09,14,7,437,85,10,2.76,43.793,17,297,344
2026-06-16,14,7,352,153,9,2.76,43.793,17,297,344
2026-06-23,14,7,347,222,10,2.76,43.793,17,297,344
2026-06-30,14,7,428,93,5,2.76,43.793,17,297,344
2026-04-07,14,9,148,58,4,2.297,29.237,17,199,238
2026-04-14,14,9,195,73,8,2.297,29.237,17,199,238
2026-04-21,14,9,135,69,5,2.297,29.237,17,199,238
2026-04-28,14,9,204,79,6,2.297,29.237,17,199,238
2026-05-05,14,9,171,76,6,2.297,29.237,17,199,238
2026-05-12,14,9,180,60,3,2.297,29.237,17,199,238
2026-05-19,14,9,123,90,6,2.297,29.237,17,199,238
2026-05-26,14,9,192,95,3,2.297,29.237,17,199,238
2026-06-02,14,9,176,126,3,2.297,29.237,17,199,238
2026-06-09,14,9,156,115,4,2.297,29.237,17,199,238
2026-06-16,14,9,231,66,3,2.297,29.237,17,199,238
2026-06-23,14,9,235,65,8,2.297,29.237,17,199,238
2026-06-30,14,9,221,39,8,2.297,29.237,17,199,238
2026-04-07,14,10,174,73,4,2.926,34.997,17,238,288
2026-04-14,14,10,179,100,4,2.926,34.997,17,238,288
2026-04-21,14,10,237,42,4,2.926,34.997,17,238,288
2026-04-28,14,10,168,114,10,2.926,34.997,17,238,288
2026-05-05,14,10,215,46,7,2.926,34.997,17,238,288
2026-05-12,14,10,209,75,7,2.926,34.997,17,238,288
2026-05-19,14,10,205,90,10,2.926,34.997,17,238,288
2026-05-26,14,10,184,119,9,2.926,34.997,17,238,288
2026-06-02,14,10,204,128,3,2.926,34.997,17,238,288
2026-06-09,14,10,219,130,4,2.926,34.997,17,238,288
2026-06-16,14,10,173,93,7,2.926,34.997,17,238,288
2026-06-23,14,10,279,54,3,2.926,34.997,17,238,288
2026-06-30,14,10,259,102,5,2.926,34.997,17,238,288
2026-04-07,15,2,1000,444,26,24.138,59.934,32,592,1364
2026-04-14,15,2,801,447,50,24.138,59.934,32,592,1364
2026-04-21,15,2,923,544,41,24.138,59.934,32,592,1364
2026-04-28,15,2,1032,677,65,24.138,59.934,32,592,1364
2026-05-05,15,2,846,654,42,24.138,59.934,32,592,1364
2026-05-12,15,2,712,574,49,24.138,59.934,32,592,1364
2026-05-19,15,2,1101,240,92,24.138,59.934,32,592,1364
2026-05-26,15,2,1037,521,29,24.138,59.934,32,592,1364
2026-06-02,15,2,705,501,85,24.138,59.934,32,592,1364
2026-06-09,15,2,931,604,41,24.138,59.934,32,592,1364
2026-06-16,15,2,946,392,27,24.138,59.934,32,592,1364
2026-06-23,15,2,1065,338,29,24.138,59.934,32,592,1364
2026-06-30,15,2,956,607,63,24.138,59.934,32,592,1364
2026-04-07,15,4,468,109,10,3.532,55.491,32,517,630
2026-04-14,15,4,397,165,6,3.532,55.491,32,517,630
2026-04-21,15,4,451,137,8,3.532,55.491,32,517,630
2026-04-28,15,4,351,228,13,3.532,55.491,32,517,630
2026-05-05,15,4,376,85,7,3.532,55.491,32,517,630
2026-05-12,15,4,386,93,10,3.532,55.491,32,517,630
2026-05-19,15,4,498,103,13,3.532,55.491,32,517,630
2026-05-26,15,4,358,194,13,3.532,55.491,32,517,630
2026-06-02,15,4,355,142,11,3.532,55.491,32,517,630
2026-06-09,15,4,366,207,10,3.532,55.491,32,517,630
2026-06-16,15,4,391,218,10,3.532,55.491,32,517,630
2026-06-23,15,4,362,172,7,3.532,55.491,32,517,630
2026-06-30,15,4,350,208,10,3.532,55.491,32,517,630
2026-04-07,15,6,978,371,4,1.071,69.968,32,651,685
2026-04-14,15,6,830,456,1,1.071,69.968,32,651,685
2026-04-21,15,6,734,520,2,1.071,69.968,32,651,685
2026-04-28,15,6,827,494,2,1.071,69.968,32,651,685
2026-05-05,15,6,1034,406,3,1.071,69.968,32,651,685
2026-05-12,15,6,1009,352,2,1.071,69.968,32,651,685
2026-05-19,15,6,898,365,4,1.071,69.968,32,651,685
2026-05-26,15,6,975,225,3,1.071,69.968,32,651,685
2026-06-02,15,6,1032,390,3,1.071,69.968,32,651,685
2026-06-09,15,6,677,492,2,1.071,69.968,32,651,685
2026-06-16,15,6,1173,259,2,1.071,69.968,32,651,685
2026-06-23,15,6,1039,312,3,1.071,69.968,32,651,685
2026-06-30,15,6,1073,401,4,1.071,69.968,32,651,685
2026-04-07,16,1,95,53,5,2.217,53.775,11,293,318
2026-04-14,16,1,116,56,4,2.217,53.775,11,293,318
2026-04-21,16,1,70,45,7,2.217,53.775,11,293,318
2026-04-28,16,1,111,33,4,2.217,53.775,11,293,318
2026-05-05,16,1,112,56,5,2.217,53.775,11,293,318
2026-05-12,16,1,132,39,8,2.217,53.775,11,293,318
2026-05-19,16,1,109,72,8,2.217,53.775,11,293,318
2026-05-26,16,1,119,51,5,2.217,53.775,11,293,318
2026-06-02,16,1,132,27,3,2.217,53.775,11,293,318
2026-06-09,16,1,127,47,6,2.217,53.775,11,293,318
2026-06-16,16,1,126,55,6,2.217,53.775,11,293,318
2026-06-23,16,1,98,63,4,2.217,53.775,11,293,318
2026-06-30,16,1,99,55,8,2.217,53.775,11,293,318
2026-04-07,16,3,207,122,4,1.063,32.438,11,177,189
2026-04-14,16,3,222,90,4,1.063,32.438,11,177,189
2026-04-21,16,3,292,64,2,1.063,32.438,11,177,189
2026-04-28,16,3,336,66,3,1.063,32.438,11,177,189
2026-05-05,16,3,280,138,1,1.063,32.438,11,177,189
2026-05-12,16,3,359,106,1,1.063,32.438,11,177,189
2026-05-19,16,3,349,84,4,1.063,32.438,11,177,189
2026-05-26,16,3,289,65,2,1.063,32.438,11,177,189
2026-06-02,16,3,267,83,2,1.063,32.438,11,177,189
2026-06-09,16,3,304,180,2,1.063,32.438,11,177,189
2026-06-16,16,3,344,79,1,1.063,32.438,11,177,189
2026-06-23,16,3,312,93,3,1.063,32.438,11,177,189
2026-06-30,16,3,376,97,2,1.063,32.438,11,177,189
2026-04-07,16,4,423,193,2,2.357,106.085,11,579,605
2026-04-14,16,4,473,169,7,2.357,106.085,11,579,605
2026-04-21,16,4,447,166,4,2.357,106.085,11,579,605
2026-04-28,16,4,494,107,3,2.357,106.085,11,579,605
2026-05-05,16,4,399,271,6,2.357,106.085,11,579,605
2026-05-12,16,4,440,268,3,2.357,106.085,11,579,605
2026-05-19,16,4,591,153,3,2.357,106.085,11,579,605
2026-05-26,16,4,474,303,4,2.357,106.085,11,579,605
2026-06-02,16,4,294,239,7,2.357,106.085,11,579,605
2026-06-09,16,4,484,237,5,2.357,106.085,11,579,605
2026-06-16,16,4,451,134,7,2.357,106.085,11,579,605
2026-06-23,16,4,599,169,5,2.357,106.085,11,579,605
2026-06-30,16,4,394,288,3,2.357,106.085,11,579,605
2026-04-07,16,5,279,111,1,1.095,36.361,11,198,210
2026-04-14,16,5,375,97,4,1.095,36.361,11,198,210
2026-04-21,16,5,317,62,3,1.095,36.361,11,198,210
2026-04-28,16,5,290,124,3,1.095,36.361,11,198,210
2026-05-05,16,5,205,135,2,1.095,36.361,11,198,210
2026-05-12,16,5,299,87,2,1.095,36.361,11,198,210
2026-05-19,16,5,327,110,3,1.095,36.361,11,198,210
2026-05-26,16,5,344,125,2,1.095,36.361,11,198,210
2026-06-02,16,5,314,137,4,1.095,36.361,11,198,210
2026-06-09,16,5,271,140,2,1.095,36.361,11,198,210
2026-06-16,16,5,384,139,1,1.095,36.361,11,198,210
2026-06-23,16,5,272,143,3,1.095,36.361,11,198,210
2026-06-30,16,5,320,107,2,1.095,36.361,11,198,210
2026-04-07,16,7,177,32,8,2.288,48.552,11,265,290
2026-04-14,16,7,167,96,3,2.288,48.552,11,265,290
2026-04-21,16,7,179,91,7,2.288,48.552,11,265,290
2026-04-28,16,7,151,66,3,2.288,48.552,11,265,290
2026-05-05,16,7,152,75,4,2.288,48.552,11,265,290
2026-05-12,16,7,152,78,8,2.288,48.552,11,265,290
2026-05-19,16,7,150,112,8,2.288,48.552,11,265,290
2026-05-26,16,7,155,80,8,2.288,48.552,11,265,290
2026-06-02,16,7,128,105,9,2.288,48.552,11,265,290
2026-06-09,16,7,217,53,7,2.288,48.552,11,265,290
2026-06-16,16,7,201,40,6,2.288,48.552,11,265,290
2026-06-23,16,7,230,59,6,2.288,48.552,11,265,290
2026-06-30,16,7,173,110,8,2.288,48.552,11,265,290
2026-04-07,16,9,314,115,2,1.277,54.484,11,297,311
2026-04-14,16,9,293,100,2,1.277,54.484,11,297,311
2026-04-21,16,9,258,155,4,1.277,54.484,11,297,311
2026-04-28,16,9,408,81,2,1.277,54.484,11,297,311
2026-05-05,16,9,262,208,3,1.277,54.484,11,297,311
2026-05-12,16,9,258,190,4,1.277,54.484,11,297,311
2026-05-19,16,9,314,171,4,1.277,54.484,11,297,311
2026-05-26,16,9,313,108,2,1.277,54.484,11,297,311
2026-06-02,16,9,354,126,4,1.277,54.484,11,297,311
2026-06-09,16,9,314,99,2,1.277,54.484,11,297,311
2026-06-16,16,9,236,189,1,1.277,54.484,11,297,311
2026-06-23,16,9,391,113,3,1.277,54.484,11,297,311
2026-06-30,16,9,293,84,4,1.277,54.484,11,297,311
2026-04-07,16,10,106,44,3,1.374,24.25,11,132,147
2026-04-14,16,10,120,35,5,1.374,24.25,11,132,147
2026-04-21,16,10,94,64,3,1.374,24.25,11,132,147
2026-04-28,16,10,104,50,4,1.374,24.25,11,132,147
2026-05-05,16,10,100,50,4,1.374,24.25,11,132,147
2026-05-12,16,10,120,52,3,1.374,24.25,11,132,147
2026-05-19,16,10,78,58,2,1.374,24.25,11,132,147
2026-05-26,16,10,121,55,2,1.374,24.25,11,132,147
2026-06-02,16,10,122,63,5,1.374,24.25,11,132,147
2026-06-09,16,10,119,48,3,1.374,24.25,11,132,147
2026-06-16,16,10,116,73,4,1.374,24.25,11,132,147
2026-06-23,16,10,140,66,3,1.374,24.25,11,132,147
2026-06-30,16,10,95,68,3,1.374,24.25,11,132,147
2026-04-07,17,6,143,109,94,24.984,61.676,9,307,532
2026-04-14,17,6,230,43,99,24.984,61.676,9,307,532
2026-04-21,17,6,166,57,30,24.984,61.676,9,307,532
2026-04-28,17,6,225,54,83,24.984,61.676,9,307,532
2026-05-05,17,6,176,63,76,24.984,61.676,9,307,532
2026-05-12,17,6,183,79,98,24.984,61.676,9,307,532
2026-05-19,17,6,163,113,37,24.984,61.676,9,307,532
2026-05-26,17,6,141,50,40,24.984,61.676,9,307,532
2026-06-02,17,6,132,106,44,24.984,61.676,9,307,532
2026-06-09,17,6,261,54,73,24.984,61.676,9,307,532
2026-06-16,17,6,185,142,72,24.984,61.676,9,307,532
2026-06-23,17,6,158,92,54,24.984,61.676,9,307,532
2026-06-30,17,6,182,104,67,24.984,61.676,9,307,532
2026-04-07,17,8,242,100,23,7.786,46.209,9,228,298
2026-04-14,17,8,252,86,13,7.786,46.209,9,228,298
2026-04-21,17,8,310,139,14,7.786,46.209,9,228,298
2026-04-28,17,8,287,138,15,7.786,46.209,9,228,298
2026-05-05,17,8,272,167,19,7.786,46.209,9,228,298
2026-05-12,17,8,271,176,12,7.786,46.209,9,228,298
2026-05-19,17,8,248,170,20,7.786,46.209,9,228,298
2026-05-26,17,8,315,128,9,7.786,46.209,9,228,298
2026-06-02,17,8,377,85,15,7.786,46.209,9,228,298
2026-06-09,17,8,240,190,29,7.786,46.209,9,228,298
2026-06-16,17,8,409,111,26,7.786,46.209,9,228,298
2026-06-23,17,8,308,186,19,7.786,46.209,9,228,298
2026-06-30,17,8,330,147,22,7.786,46.209,9,228,298
2026-04-07,17,10,91,33,7,2.094,27.136,9,134,153
2026-04-14,17,10,104,37,7,2.094,27.136,9,134,153
2026-04-21,17,10,80,44,3,2.094,27.136,9,134,153
2026-04-28,17,10,91,44,5,2.094,27.136,9,134,153
2026-05-05,17,10,115,21,4,2.094,27.136,9,134,153
2026-05-12,17,10,91,43,4,2.094,27.136,9,134,153
2026-05-19,17,10,75,56,6,2.094,27.136,9,134,153
2026-05-26,17,10,83,42,2,2.094,27.136,9,134,153
2026-06-02,17,10,73,48,3,2.094,27.136,9,134,153
2026-06-09,17,10,94,60,3,2.094,27.136,9,134,153
2026-06-16,17,10,85,40,3,2.094,27.136,9,134,153
2026-06-23,17,10,89,45,4,2.094,27.136,9,134,153
2026-06-30,17,10,88,66,6,2.094,27.136,9,134,153
2026-04-07,18,2,784,497,45,25.248,72.011,32,702,1509
2026-04-14,18,2,982,350,78,25.248,72.011,32,702,1509
2026-04-21,18,2,1183,380,48,25.248,72.011,32,702,1509
2026-04-28,18,2,1035,463,99,25.248,72.011,32,702,1509
2026-05-05,18,2,1071,626,60,25.248,72.011,32,702,1509
2026-05-12,18,2,946,300,55,25.248,72.011,32,702,1509
2026-05-19,18,2,1148,363,56,25.248,72.011,32,702,1509
2026-05-26,18,2,1109,424,41,25.248,72.011,32,702,1509
2026-06-02,18,2,1242,318,31,25.248,72.011,32,702,1509
2026-06-09,18,2,1001,741,60,25.248,72.011,32,702,1509
2026-06-16,18,2,942,685,44,25.248,72.011,32,702,1509
2026-06-23,18,2,1091,589,42,25.248,72.011,32,702,1509
2026-06-30,18,2,1281,324,33,25.248,72.011,32,702,1509
2026-04-07,18,6,778,146,32,13.952,61.697,32,585,1032
2026-04-14,18,6,738,223,46,13.952,61.697,32,585,1032
2026-04-21,18,6,717,483,39,13.952,61.697,32,585,1032
2026-04-28,18,6,628,216,43,13.952,61.697,32,585,1032
2026-05-05,18,6,794,375,21,13.952,61.697,32,585,1032
2026-05-12,18,6,720,175,33,13.952,61.697,32,585,1032
2026-05-19,18,6,694,369,30,13.952,61.697,32,585,1032
2026-05-26,18,6,725,225,46,13.952,61.697,32,585,1032
2026-06-02,18,6,934,216,49,13.952,61.697,32,585,1032
2026-06-09,18,6,1010,194,17,13.952,61.697,32,585,1032
2026-06-16,18,6,848,194,35,13.952,61.697,32,585,1032
2026-06-23,18,6,872,352,27,13.952,61.697,32,585,1032
2026-06-30,18,6,794,369,47,13.952,61.697,32,585,1032
2026-04-07,18,10,428,147,35,11.277,71.342,32,670,1031
2026-04-14,18,10,343,122,24,11.277,71.342,32,670,1031
2026-04-21,18,10,267,196,35,11.277,71.342,32,670,1031
2026-04-28,18,10,250,159,35,11.277,71.342,32,670,1031
2026-05-05,18,10,333,192,38,11.277,71.342,32,670,1031
2026-05-12,18,10,380,110,34,11.277,71.342,32,670,1031
2026-05-19,18,10,396,82,36,11.277,71.342,32,670,1031
2026-05-26,18,10,410,113,32,11.277,71.342,32,670,1031
2026-06-02,18,10,300,228,33,11.277,71.342,32,670,1031
2026-06-09,18,10,361,87,41,11.277,71.342,32,670,1031
2026-06-16,18,10,361,112,33,11.277,71.342,32,670,1031
2026-06-23,18,10,220,162,33,11.277,71.342,32,670,1031
2026-06-30,18,10,478,133,30,11.277,71.342,32,670,1031
2026-04-07,19,1,571,339,16,6.765,63.724,12,364,445
2026-04-14,19,1,623,278,20,6.765,63.724,12,364,445
2026-04-21,19,1,448,339,12,6.765,63.724,12,364,445
2026-04-28,19,1,844,269,17,6.765,63.724,12,364,445
2026-05-05,19,1,772,254,24,6.765,63.724,12,364,445
2026-05-12,19,1,648,272,26,6.765,63.724,12,364,445
2026-05-19,19,1,610,437,25,6.765,63.724,12,364,445
2026-05-26,19,1,630,229,12,6.765,63.724,12,364,445
2026-06-02,19,1,798,196,18,6.765,63.724,12,364,445
2026-06-09,19,1,642,509,12,6.765,63.724,12,364,445
2026-06-16,19,1,461,364,17,6.765,63.724,12,364,445
2026-06-23,19,1,599,463,11,6.765,63.724,12,364,445
2026-06-30,19,1,732,314,17,6.765,63.724,12,364,445
2026-04-07,19,3,235,148,15,7.356,65.858,12,376,464
2026-04-14,19,3,433,93,26,7.356,65.858,12,376,464
2026-04-21,19,3,334,126,26,7.356,65.858,12,376,464
2026-04-28,19,3,326,115,23,7.356,65.858,12,376,464
2026-05-05,19,3,317,165,10,7.356,65.858,12,376,464
2026-05-12,19,3,426,81,16,7.356,65.858,12,376,464
2026-05-19,19,3,378,111,21,7.356,65.858,12,376,464
2026-05-26,19,3,287,231,12,7.356,65.858,12,376,464
2026-06-02,19,3,369,157,19,7.356,65.858,12,376,464
2026-06-09,19,3,360,227,13,7.356,65.858,12,376,464
2026-06-16,19,3,447,196,9,7.356,65.858,12,376,464
2026-06-23,19,3,488,101,18,7.356,65.858,12,376,464
2026-06-30,19,3,362,193,12,7.356,65.858,12,376,464
2026-04-07,19,4,265,172,35,11.204,75.398,12,431,565
2026-04-14,19,4,275,184,44,11.204,75.398,12,431,565
2026-04-21,19,4,329,155,30,11.204,75.398,12,431,565
2026-04-28,19,4,340,94,35,11.204,75.398,12,431,565
2026-05-05,19,4,414,75,15,11.204,75.398,12,431,565
2026-05-12,19,4,321,116,32,11.204,75.398,12,431,565
2026-05-19,19,4,354,113,29,11.204,75.398,12,431,565
2026-05-26,19,4,315,157,41,11.204,75.398,12,431,565
2026-06-02,19,4,267,179,15,11.204,75.398,12,431,565
2026-06-09,19,4,431,87,21,11.204,75.398,12,431,565
2026-06-16,19,4,292,230,42,11.204,75.398,12,431,565
2026-06-23,19,4,270,200,25,11.204,75.398,12,431,565
2026-06-30,19,4,411,189,31,11.204,75.398,12,431,565
2026-04-07,19,5,481,263,18,7.122,56.597,12,323,408
2026-04-14,19,5,573,201,22,7.122,56.597,12,323,408
2026-04-21,19,5,515,319,22,7.122,56.597,12,323,408
2026-04-28,19,5,500,264,24,7.122,56.597,12,323,408
2026-05-05,19,5,536,316,11,7.122,56.597,12,323,408
2026-05-12,19,5,750,199,15,7.122,56.597,12,323,408
2026-05-19,19,5,580,257,10,7.122,56.597,12,323,408
2026-05-26,19,5,487,345,20,7.122,56.597,12,323,408
2026-06-02,19,5,509,413,23,7.122,56.597,12,323,408
2026-06-09,19,5,564,383,26,7.122,56.597,12,323,408
2026-06-16,19,5,723,146,20,7.122,56.597,12,323,408
2026-06-23,19,5,491,384,26,7.122,56.597,12,323,408
2026-06-30,19,5,691,277,14,7.122,56.597,12,323,408
2026-04-07,19,7,287,160,19,8.473,64.569,12,369,470
2026-04-14,19,7,298,177,10,8.473,64.569,12,369,470
2026-04-21,19,7,306,126,18,8.473,64.569,12,369,470
2026-04-28,19,7,401,102,34,8.473,64.569,12,369,470
2026-05-05,19,7,374,109,15,8.473,64.569,12,369,470
2026-05-12,19,7,318,184,11,8.473,64.569,12,369,470
2026-05-19,19,7,377,144,28,8.473,64.569,12,369,470
2026-05-26,19,7,237,178,27,8.473,64.569,12,369,470
2026-06-02,19,7,320,237,11,8.473,64.569,12,369,470
2026-06-09,19,7,442,138,18,8.473,64.569,12,369,470
2026-06-16,19,7,393,145,25,8.473,64.569,12,369,470
2026-06-23,19,7,381,146,22,8.473,64.569,12,369,470
2026-06-30,19,7,330,222,22,8.473,64.569,12,369,470
2026-04-07,19,9,233,111,10,5.903,44.394,12,253,324
2026-04-14,19,9,182,147,9,5.903,44.394,12,253,324
2026-04-21,19,9,181,126,20,5.903,44.394,12,253,324
2026-04-28,19,9,209,153,9,5.903,44.394,12,253,324
2026-05-05,19,9,202,142,23,5.903,44.394,12,253,324
2026-05-12,19,9,247,133,21,5.903,44.394,12,253,324
2026-05-19,19,9,301,66,14,5.903,44.394,12,253,324
2026-05-26,19,9,239,111,7,5.903,44.394,12,253,324
2026-06-02,19,9,353,90,8,5.903,44.394,12,253,324
2026-06-09,19,9,303,134,15,5.903,44.394,12,253,324
2026-06-16,19,9,247,110,11,5.903,44.394,12,253,324
2026-06-23,19,9,227,151,10,5.903,44.394,12,253,324
2026-06-30,19,9,261,79,7,5.903,44.394,12,253,324
2026-04-07,19,10,265,137,21,8.748,44.238,12,253,358
2026-04-14,19,10,375,160,30,8.748,44.238,12,253,358
2026-04-21,19,10,322,240,32,8.748,44.238,12,253,358
2026-04-28,19,10,338,237,33,8.748,44.238,12,253,358
2026-05-05,19,10,250,148,31,8.748,44.238,12,253,358
2026-05-12,19,10,397,90,15,8.748,44.238,12,253,358
2026-05-19,19,10,336,145,21,8.748,44.238,12,253,358
2026-05-26,19,10,386,140,31,8.748,44.238,12,253,358
2026-06-02,19,10,385,68,27,8.748,44.238,12,253,358
2026-06-09,19,10,412,80,16,8.748,44.238,12,253,358
2026-06-16,19,10,430,127,11,8.748,44.238,12,253,358
2026-06-23,19,10,330,257,30,8.748,44.238,12,253,358
2026-06-30,19,10,423,127,12,8.748,44.238,12,253,358
2026-04-07,20,1,123,79,4,1.303,51.25,10,267,280
2026-04-14,20,1,112,73,4,1.303,51.25,10,267,280
2026-04-21,20,1,186,53,2,1.303,51.25,10,267,280
2026-04-28,20,1,217,52,4,1.303,51.25,10,267,280
2026-05-05,20,1,234,60,4,1.303,51.25,10,267,280
2026-05-12,20,1,180,48,2,1.303,51.25,10,267,280
2026-05-19,20,1,163,40,2,1.303,51.25,10,267,280
2026-05-26,20,1,111,88,2,1.303,51.25,10,267,280
2026-06-02,20,1,176,99,3,1.303,51.25,10,267,280
2026-06-09,20,1,152,110,5,1.303,51.25,10,267,280
2026-06-16,20,1,124,84,3,1.303,51.25,10,267,280
2026-06-23,20,1,152,120,4,1.303,51.25,10,267,280
2026-06-30,20,1,177,130,5,1.303,51.25,10,267,280
2026-04-07,20,3,292,74,3,1.018,46.45,10,242,252
2026-04-14,20,3,249,55,2,1.018,46.45,10,242,252
2026-04-21,20,3,284,82,2,1.018,46.45,10,242,252
2026-04-28,20,3,321,67,2,1.018,46.45,10,242,252
2026-05-05,20,3,183,112,3,1.018,46.45,10,242,252
2026-05-12,20,3,213,107,4,1.018,46.45,10,242,252
2026-05-19,20,3,193,135,1,1.018,46.45,10,242,252
2026-05-26,20,3,228,151,1,1.018,46.45,10,242,252
2026-06-02,20,3,335,61,3,1.018,46.45,10,242,252
2026-06-09,20,3,241,143,3,1.018,46.45,10,242,252
2026-06-16,20,3,254,113,2,1.018,46.45,10,242,252
2026-06-23,20,3,272,164,3,1.018,46.45,10,242,252
2026-06-30,20,3,291,58,2,1.018,46.45,10,242,252
2026-04-07,20,4,136,63,9,2.329,42.101,10,219,242
2026-04-14,20,4,122,75,7,2.329,42.101,10,219,242
2026-04-21,20,4,102,47,7,2.329,42.101,10,219,242
2026-04-28,20,4,134,46,6,2.329,42.101,10,219,242
2026-05-05,20,4,161,54,9,2.329,42.101,10,219,242
2026-05-12,20,4,138,73,5,2.329,42.101,10,219,242
2026-05-19,20,4,129,79,3,2.329,42.101,10,219,242
2026-05-26,20,4,191,34,7,2.329,42.101,10,219,242
2026-06-02,20,4,165,62,3,2.329,42.101,10,219,242
2026-06-09,20,4,125,77,9,2.329,42.101,10,219,242
2026-06-16,20,4,158,75,3,2.329,42.101,10,219,242
2026-06-23,20,4,179,79,5,2.329,42.101,10,219,242
2026-06-30,20,4,154,38,3,2.329,42.101,10,219,242
2026-04-07,20,5,402,197,4,1.116,79.704,10,415,426
2026-04-14,20,5,402,152,2,1.116,79.704,10,415,426
2026-04-21,20,5,379,183,3,1.116,79.704,10,415,426
2026-04-28,20,5,438,131,3,1.116,79.704,10,415,426
2026-05-05,20,5,466,141,2,1.116,79.704,10,415,426
2026-05-12,20,5,394,309,4,1.116,79.704,10,415,426
2026-05-19,20,5,328,262,4,1.116,79.704,10,415,426
2026-05-26,20,5,474,183,3,1.116,79.704,10,415,426
2026-06-02,20,5,526,141,2,1.116,79.704,10,415,426
2026-06-09,20,5,577,117,1,1.116,79.704,10,415,426
2026-06-16,20,5,454,224,4,1.116,79.704,10,415,426
2026-06-23,20,5,352,277,1,1.116,79.704,10,415,426
2026-06-30,20,5,582,134,2,1.116,79.704,10,415,426
2026-04-07,20,7,157,107,3,2.186,54.126,10,282,303
2026-04-14,20,7,244,141,5,2.186,54.126,10,282,303
2026-04-21,20,7,239,94,8,2.186,54.126,10,282,303
2026-04-28,20,7,257,91,4,2.186,54.126,10,282,303
2026-05-05,20,7,256,94,5,2.186,54.126,10,282,303
2026-05-12,20,7,190,144,6,2.186,54.126,10,282,303
2026-05-19,20,7,244,43,6,2.186,54.126,10,282,303
2026-05-26,20,7,230,126,4,2.186,54.126,10,282,303
2026-06-02,20,7,254,103,7,2.186,54.126,10,282,303
2026-06-09,20,7,262,95,3,2.186,54.126,10,282,303
2026-06-16,20,7,297,62,8,2.186,54.126,10,282,303
2026-06-23,20,7,257,85,2,2.186,54.126,10,282,303
2026-06-30,20,7,229,123,3,2.186,54.126,10,282,303
2026-04-07,20,9,253,88,6,1.699,64.396,10,335,352
2026-04-14,20,9,271,182,3,1.699,64.396,10,335,352
2026-04-21,20,9,206,147,2,1.699,64.396,10,335,352
2026-04-28,20,9,269,80,2,1.699,64.396,10,335,352
2026-05-05,20,9,219,136,4,1.699,64.396,10,335,352
2026-05-12,20,9,275,51,5,1.699,64.396,10,335,352
2026-05-19,20,9,206,163,5,1.699,64.396,10,335,352
2026-05-26,20,9,347,71,3,1.699,64.396,10,335,352
2026-06-02,20,9,281,109,6,1.699,64.396,10,335,352
2026-06-09,20,9,341,63,3,1.699,64.396,10,335,352
2026-06-16,20,9,255,189,4,1.699,64.396,10,335,352
2026-06-23,20,9,306,148,6,1.699,64.396,10,335,352
2026-06-30,20,9,237,152,4,1.699,64.396,10,335,352
2026-04-07,20,10,168,64,1,1.325,38.965,10,203,216
2026-04-14,20,10,131,87,4,1.325,38.965,10,203,216
2026-04-21,20,10,158,45,3,1.325,38.965,10,203,216
2026-04-28,20,10,194,35,4,1.325,38.965,10,203,216
2026-05-05,20,10,128,64,3,1.325,38.965,10,203,216
2026-05-12,20,10,165,54,2,1.325,38.965,10,203,216
2026-05-19,20,10,158,111,2,1.325,38.965,10,203,216
2026-05-26,20,10,180,82,2,1.325,38.965,10,203,216
2026-06-02,20,10,168,94,1,1.325,38.965,10,203,216
2026-06-09,20,10,184,81,2,1.325,38.965,10,203,216
2026-06-16,20,10,179,82,3,1.325,38.965,10,203,216
2026-06-23,20,10,136,108,4,1.325,38.965,10,203,216
2026-06-30,20,10,186,77,3,1.325,38.965,10,203,216
2026-04-07,21,1,128,41,0,0.252,30.389,16,200,204
2026-04-14,21,1,123,64,0,0.252,30.389,16,200,204
2026-04-21,21,1,131,55,1,0.252,30.389,16,200,204
2026-04-28,21,1,143,60,0,0.252,30.389,16,200,204
2026-05-05,21,1,143,76,1,0.252,30.389,16,200,204
2026-05-12,21,1,151,93,1,0.252,30.389,16,200,204
2026-05-19,21,1,133,76,1,0.252,30.389,16,200,204
2026-05-26,21,1,185,55,0,0.252,30.389,16,200,204
2026-06-02,21,1,140,92,1,0.252,30.389,16,200,204
2026-06-09,21,1,194,44,0,0.252,30.389,16,200,204
2026-06-16,21,1,140,103,1,0.252,30.389,16,200,204
2026-06-23,21,1,118,79,1,0.252,30.389,16,200,204
2026-06-30,21,1,174,76,1,0.252,30.389,16,200,204
2026-04-07,21,3,467,99,3,1.057,42.71,16,281,298
2026-04-14,21,3,413,148,3,1.057,42.71,16,281,298
2026-04-21,21,3,339,252,4,1.057,42.71,16,281,298
2026-04-28,21,3,340,230,3,1.057,42.71,16,281,298
2026-05-05,21,3,552,129,2,1.057,42.71,16,281,298
2026-05-12,21,3,306,227,2,1.057,42.71,16,281,298
2026-05-19,21,3,377,199,4,1.057,42.71,16,281,298
2026-05-26,21,3,449,134,2,1.057,42.71,16,281,298
2026-06-02,21,3,354,285,2,1.057,42.71,16,281,298
2026-06-09,21,3,482,139,4,1.057,42.71,16,281,298
2026-06-16,21,3,434,232,1,1.057,42.71,16,281,298
2026-06-23,21,3,425,254,4,1.057,42.71,16,281,298
2026-06-30,21,3,390,305,4,1.057,42.71,16,281,298
2026-04-07,21,4,242,107,8,2.142,67.931,16,447,481
2026-04-14,21,4,351,77,3,2.142,67.931,16,447,481
2026-04-21,21,4,321,74,7,2.142,67.931,16,447,481
2026-04-28,21,4,267,55,8,2.142,67.931,16,447,481
2026-05-05,21,4,262,114,7,2.142,67.931,16,447,481
2026-05-12,21,4,317,132,8,2.142,67.931,16,447,481
2026-05-19,21,4,230,157,3,2.142,67.931,16,447,481
2026-05-26,21,4,340,65,8,2.142,67.931,16,447,481
2026-06-02,21,4,310,174,3,2.142,67.931,16,447,481
2026-06-09,21,4,376,108,3,2.142,67.931,16,447,481
2026-06-16,21,4,411,91,6,2.142,67.931,16,447,481
2026-06-23,21,4,362,93,4,2.142,67.931,16,447,481
2026-06-30,21,4,352,176,4,2.142,67.931,16,447,481
2026-04-07,21,5,482,112,2,0.947,42.201,16,278,293
2026-04-14,21,5,318,220,2,0.947,42.201,16,278,293
2026-04-21,21,5,556,124,3,0.947,42.201,16,278,293
2026-04-28,21,5,376,188,1,0.947,42.201,16,278,293
2026-05-05,21,5,401,201,1,0.947,42.201,16,278,293
2026-05-12,21,5,438,216,3,0.947,42.201,16,278,293
2026-05-19,21,5,463,204,2,0.947,42.201,16,278,293
2026-05-26,21,5,419,312,3,0.947,42.201,16,278,293
2026-06-02,21,5,433,160,2,0.947,42.201,16,278,293
2026-06-09,21,5,408,173,3,0.947,42.201,16,278,293
2026-06-16,21,5,505,185,1,0.947,42.201,16,278,293
2026-06-23,21,5,427,174,2,0.947,42.201,16,278,293
2026-06-30,21,5,467,96,2,0.947,42.201,16,278,293
2026-04-07,21,7,77,59,3,0.874,46.668,16,307,321
2026-04-14,21,7,82,63,3,0.874,46.668,16,307,321
2026-04-21,21,7,63,51,3,0.874,46.668,16,307,321
2026-04-28,21,7,106,31,1,0.874,46.668,16,307,321
2026-05-05,21,7,90,51,1,0.874,46.668,16,307,321
2026-05-12,21,7,123,52,3,0.874,46.668,16,307,321
2026-05-19,21,7,128,29,3,0.874,46.668,16,307,321
2026-05-26,21,7,91,73,1,0.874,46.668,16,307,321
2026-06-02,21,7,117,50,2,0.874,46.668,16,307,321
2026-06-09,21,7,105,71,3,0.874,46.668,16,307,321
2026-06-16,21,7,80,63,1,0.874,46.668,16,307,321
2026-06-23,21,7,95,58,2,0.874,46.668,16,307,321
2026-06-30,21,7,85,44,3,0.874,46.668,16,307,321
2026-04-07,21,9,222,61,2,0.699,21.851,16,144,155
2026-04-14,21,9,185,94,2,0.699,21.851,16,144,155
2026-04-21,21,9,173,132,1,0.699,21.851,16,144,155
2026-04-28,21,9,236,86,3,0.699,21.851,16,144,155
2026-05-05,21,9,263,62,2,0.699,21.851,16,144,155
2026-05-12,21,9,178,70,2,0.699,21.851,16,144,155
2026-05-19,21,9,235,156,1,0.699,21.851,16,144,155
2026-05-26,21,9,323,99,2,0.699,21.851,16,144,155
2026-06-02,21,9,178,132,2,0.699,21.851,16,144,155
2026-06-09,21,9,226,47,2,0.699,21.851,16,144,155
2026-06-16,21,9,195,158,2,0.699,21.851,16,144,155
2026-06-23,21,9,230,89,1,0.699,21.851,16,144,155
2026-06-30,21,9,211,163,2,0.699,21.851,16,144,155
2026-04-07,21,10,179,37,4,1.33,22.793,16,150,171
2026-04-14,21,10,159,62,3,1.33,22.793,16,150,171
2026-04-21,21,10,193,64,2,1.33,22.793,16,150,171
2026-04-28,21,10,177,96,3,1.33,22.793,16,150,171
2026-05-05,21,10,187,70,5,1.33,22.793,16,150,171
2026-05-12,21,10,150,99,5,1.33,22.793,16,150,171
2026-05-19,21,10,129,104,3,1.33,22.793,16,150,171
2026-05-26,21,10,226,55,2,1.33,22.793,16,150,171
2026-06-02,21,10,245,50,2,1.33,22.793,16,150,171
2026-06-09,21,10,145,103,3,1.33,22.793,16,150,171
2026-06-16,21,10,174,79,3,1.33,22.793,16,150,171
2026-06-23,21,10,181,76,4,1.33,22.793,16,150,171
2026-06-30,21,10,161,88,5,1.33,22.793,16,150,171
2026-04-07,22,1,329,113,18,9.354,66.94,12,382,494
2026-04-14,22,1,317,220,22,9.354,66.94,12,382,494
2026-04-21,22,1,456,81,26,9.354,66.94,12,382,494
2026-04-28,22,1,321,196,31,9.354,66.94,12,382,494
2026-05-05,22,1,450,115,14,9.354,66.94,12,382,494
2026-05-12,22,1,393,201,18,9.354,66.94,12,382,494
2026-05-19,22,1,396,185,23,9.354,66.94,12,382,494
2026-05-26,22,1,367,195,21,9.354,66.94,12,382,494
2026-06-02,22,1,414,109,31,9.354,66.94,12,382,494
2026-06-09,22,1,396,181,10,9.354,66.94,12,382,494
2026-06-16,22,1,341,204,36,9.354,66.94,12,382,494
2026-06-23,22,1,350,199,25,9.354,66.94,12,382,494
2026-06-30,22,1,424,188,24,9.354,66.94,12,382,494
2026-04-07,22,3,153,61,23,7.314,71.328,12,407,495
2026-04-14,22,3,125,96,10,7.314,71.328,12,407,495
2026-04-21,22,3,157,114,18,7.314,71.328,12,407,495
2026-04-28,22,3,144,77,13,7.314,71.328,12,407,495
2026-05-05,22,3,163,84,8,7.314,71.328,12,407,495
2026-05-12,22,3,205,44,24,7.314,71.328,12,407,495
2026-05-19,22,3,161,94,29,7.314,71.328,12,407,495
2026-05-26,22,3,116,69,11,7.314,71.328,12,407,495
2026-06-02,22,3,220,54,11,7.314,71.328,12,407,495
2026-06-09,22,3,162,85,13,7.314,71.328,12,407,495
2026-06-16,22,3,150,70,15,7.314,71.328,12,407,495
2026-06-23,22,3,189,75,15,7.314,71.328,12,407,495
2026-06-30,22,3,210,86,27,7.314,71.328,12,407,495
2026-04-07,22,4,233,181,18,11.288,60.145,12,344,479
2026-04-14,22,4,304,108,39,11.288,60.145,12,344,479
2026-04-21,22,4,261,121,44,11.288,60.145,12,344,479
2026-04-28,22,4,266,113,25,11.288,60.145,12,344,479
2026-05-05,22,4,277,101,25,11.288,60.145,12,344,479
2026-05-12,22,4,293,118,17,11.288,60.145,12,344,479
2026-05-19,22,4,319,86,18,11.288,60.145,12,344,479
2026-05-26,22,4,308,134,34,11.288,60.145,12,344,479
2026-06-02,22,4,221,178,31,11.288,60.145,12,344,479
2026-06-09,22,4,289,135,44,11.288,60.145,12,344,479
2026-06-16,22,4,282,141,31,11.288,60.145,12,344,479
2026-06-23,22,4,303,174,43,11.288,60.145,12,344,479
2026-06-30,22,4,259,166,36,11.288,60.145,12,344,479
2026-04-07,22,5,163,60,23,9.628,67.681,12,386,502
2026-04-14,22,5,160,65,29,9.628,67.681,12,386,502
2026-04-21,22,5,147,79,18,9.628,67.681,12,386,502
2026-04-28,22,5,152,50,36,9.628,67.681,12,386,502
2026-05-05,22,5,172,70,10,9.628,67.681,12,386,502
2026-05-12,22,5,194,47,14,9.628,67.681,12,386,502
2026-05-19,22,5,216,66,34,9.628,67.681,12,386,502
2026-05-26,22,5,182,45,27,9.628,67.681,12,386,502
2026-06-02,22,5,150,118,21,9.628,67.681,12,386,502
2026-06-09,22,5,210,40,11,9.628,67.681,12,386,502
2026-06-16,22,5,201,100,18,9.628,67.681,12,386,502
2026-06-23,22,5,194,73,31,9.628,67.681,12,386,502
2026-06-30,22,5,174,95,19,9.628,67.681,12,386,502
2026-04-07,22,7,227,55,20,8.567,55.804,12,319,421
2026-04-14,22,7,169,127,26,8.567,55.804,12,319,421
2026-04-21,22,7,229,128,34,8.567,55.804,12,319,421
2026-04-28,22,7,198,157,13,8.567,55.804,12,319,421
2026-05-05,22,7,142,112,21,8.567,55.804,12,319,421
2026-05-12,22,7,206,94,29,8.567,55.804,12,319,421
2026-05-19,22,7,194,132,28,8.567,55.804,12,319,421
2026-05-26,22,7,262,124,14,8.567,55.804,12,319,421
2026-06-02,22,7,278,137,16,8.567,55.804,12,319,421
2026-06-09,22,7,276,106,12,8.567,55.804,12,319,421
2026-06-16,22,7,259,172,14,8.567,55.804,12,319,421
2026-06-23,22,7,222,156,9,8.567,55.804,12,319,421
2026-06-30,22,7,282,108,18,8.567,55.804,12,319,421
2026-04-07,22,9,284,154,13,5.619,42.141,12,241,308
2026-04-14,22,9,270,146,14,5.619,42.141,12,241,308
2026-04-21,22,9,308,64,17,5.619,42.141,12,241,308
2026-04-28,22,9,284,110,12,5.619,42.141,12,241,308
2026-05-05,22,9,296,180,19,5.619,42.141,12,241,308
2026-05-12,22,9,241,156,19,5.619,42.141,12,241,308
2026-05-19,22,9,303,149,6,5.619,42.141,12,241,308
2026-05-26,22,9,379,109,6,5.619,42.141,12,241,308
2026-06-02,22,9,318,149,15,5.619,42.141,12,241,308
2026-06-09,22,9,274,103,13,5.619,42.141,12,241,308
2026-06-16,22,9,232,173,17,5.619,42.141,12,241,308
2026-06-23,22,9,358,113,13,5.619,42.141,12,241,308
2026-06-30,22,9,393,145,10,5.619,42.141,12,241,308
2026-04-07,22,10,462,352,20,7.599,48.31,12,276,367
2026-04-14,22,10,602,206,14,7.599,48.31,12,276,367
2026-04-21,22,10,434,328,13,7.599,48.31,12,276,367
2026-04-28,22,10,408,165,25,7.599,48.31,12,276,367
2026-05-05,22,10,483,178,19,7.599,48.31,12,276,367
2026-05-12,22,10,422,323,28,7.599,48.31,12,276,367
2026-05-19,22,10,589,215,28,7.599,48.31,12,276,367
2026-05-26,22,10,535,127,20,7.599,48.31,12,276,367
2026-06-02,22,10,677,173,24,7.599,48.31,12,276,367
2026-06-09,22,10,516,233,16,7.599,48.31,12,276,367
2026-06-16,22,10,688,195,28,7.599,48.31,12,276,367
2026-06-23,22,10,400,300,18,7.599,48.31,12,276,367
2026-06-30,22,10,670,131,12,7.599,48.31,12,276,367
2026-04-07,23,4,1064,747,1,0.599,120.908,28,1052,1069
2026-04-14,23,4,1093,781,1,0.599,120.908,28,1052,1069
2026-04-21,23,4,1239,956,1,0.599,120.908,28,1052,1069
2026-04-28,23,4,1061,741,1,0.599,120.908,28,1052,1069
2026-05-05,23,4,1426,585,2,0.599,120.908,28,1052,1069
2026-05-12,23,4,1430,1103,1,0.599,120.908,28,1052,1069
2026-05-19,23,4,1657,495,2,0.599,120.908,28,1052,1069
2026-05-26,23,4,1090,768,2,0.599,120.908,28,1052,1069
2026-06-02,23,4,1457,542,2,0.599,120.908,28,1052,1069
2026-06-09,23,4,1627,675,1,0.599,120.908,28,1052,1069
2026-06-16,23,4,1364,922,2,0.599,120.908,28,1052,1069
2026-06-23,23,4,2032,364,2,0.599,120.908,28,1052,1069
2026-06-30,23,4,1838,510,2,0.599,120.908,28,1052,1069
2026-04-07,23,7,237,150,3,1.126,33.299,28,290,321
2026-04-14,23,7,350,107,3,1.126,33.299,28,290,321
2026-04-21,23,7,359,66,3,1.126,33.299,28,290,321
2026-04-28,23,7,356,108,4,1.126,33.299,28,290,321
2026-05-05,23,7,401,93,4,1.126,33.299,28,290,321
2026-05-12,23,7,445,97,3,1.126,33.299,28,290,321
2026-05-19,23,7,281,119,3,1.126,33.299,28,290,321
2026-05-26,23,7,306,179,2,1.126,33.299,28,290,321
2026-06-02,23,7,329,215,2,1.126,33.299,28,290,321
2026-06-09,23,7,323,132,1,1.126,33.299,28,290,321
2026-06-16,23,7,308,189,2,1.126,33.299,28,290,321
2026-06-23,23,7,291,207,2,1.126,33.299,28,290,321
2026-06-30,23,7,298,158,4,1.126,33.299,28,290,321
2026-04-07,23,10,456,212,17,5.543,45.097,28,394,549
2026-04-14,23,10,499,175,15,5.543,45.097,28,394,549
2026-04-21,23,10,347,208,18,5.543,45.097,28,394,549
2026-04-28,23,10,322,160,8,5.543,45.097,28,394,549
2026-05-05,23,10,416,140,18,5.543,45.097,28,394,549
2026-05-12,23,10,399,246,10,5.543,45.097,28,394,549
2026-05-19,23,10,491,93,15,5.543,45.097,28,394,549
2026-05-26,23,10,334,268,19,5.543,45.097,28,394,549
2026-06-02,23,10,454,89,6,5.543,45.097,28,394,549
2026-06-09,23,10,345,263,14,5.543,45.097,28,394,549
2026-06-16,23,10,461,118,11,5.543,45.097,28,394,549
2026-06-23,23,10,456,175,6,5.543,45.097,28,394,549
2026-06-30,23,10,339,215,15,5.543,45.097,28,394,549
2026-04-07,24,4,444,186,5,1.383,55.159,31,505,548
2026-04-14,24,4,320,225,4,1.383,55.159,31,505,548
2026-04-21,24,4,401,145,1,1.383,55.159,31,505,548
2026-04-28,24,4,399,169,3,1.383,55.159,31,505,548
2026-05-05,24,4,333,218,5,1.383,55.159,31,505,548
2026-05-12,24,4,426,198,3,1.383,55.159,31,505,548
2026-05-19,24,4,285,211,5,1.383,55.159,31,505,548
2026-05-26,24,4,475,158,5,1.383,55.159,31,505,548
2026-06-02,24,4,316,140,4,1.383,55.159,31,505,548
2026-06-09,24,4,509,97,3,1.383,55.159,31,505,548
2026-06-16,24,4,278,207,2,1.383,55.159,31,505,548
2026-06-23,24,4,426,132,4,1.383,55.159,31,505,548
2026-06-30,24,4,395,160,5,1.383,55.159,31,505,548
2026-04-07,24,5,139,100,7,2.436,40.077,31,368,443
2026-04-14,24,5,140,49,3,2.436,40.077,31,368,443
2026-04-21,24,5,145,59,7,2.436,40.077,31,368,443
2026-04-28,24,5,137,68,3,2.436,40.077,31,368,443
2026-05-05,24,5,140,40,8,2.436,40.077,31,368,443
2026-05-12,24,5,119,53,2,2.436,40.077,31,368,443
2026-05-19,24,5,148,57,4,2.436,40.077,31,368,443
2026-05-26,24,5,119,77,8,2.436,40.077,31,368,443
2026-06-02,24,5,158,67,10,2.436,40.077,31,368,443
2026-06-09,24,5,164,73,3,2.436,40.077,31,368,443
2026-06-16,24,5,168,32,6,2.436,40.077,31,368,443
2026-06-23,24,5,146,67,4,2.436,40.077,31,368,443
2026-06-30,24,5,126,70,7,2.436,40.077,31,368,443
2026-04-07,24,8,341,77,3,0.9,34.601,31,317,345
2026-04-14,24,8,191,108,2,0.9,34.601,31,317,345
2026-04-21,24,8,200,99,2,0.9,34.601,31,317,345
2026-04-28,24,8,228,88,1,0.9,34.601,31,317,345
2026-05-05,24,8,245,93,3,0.9,34.601,31,317,345
2026-05-12,24,8,283,140,2,0.9,34.601,31,317,345
2026-05-19,24,8,232,173,2,0.9,34.601,31,317,345
2026-05-26,24,8,259,129,2,0.9,34.601,31,317,345
2026-06-02,24,8,269,64,2,0.9,34.601,31,317,345
2026-06-09,24,8,228,101,3,0.9,34.601,31,317,345
2026-06-16,24,8,322,76,1,0.9,34.601,31,317,345
2026-06-23,24,8,208,140,3,0.9,34.601,31,317,345
2026-06-30,24,8,284,80,2,0.9,34.601,31,317,345
2026-04-07,25,1,58,30,1,0.484,32.66,12,186,192
2026-04-14,25,1,71,20,1,0.484,32.66,12,186,192
2026-04-21,25,1,59,46,2,0.484,32.66,12,186,192
2026-04-28,25,1,55,22,1,0.484,32.66,12,186,192
2026-05-05,25,1,67,22,1,0.484,32.66,12,186,192
2026-05-12,25,1,66,22,2,0.484,32.66,12,186,192
2026-05-19,25,1,53,42,2,0.484,32.66,12,186,192
2026-05-26,25,1,70,16,1,0.484,32.66,12,186,192
2026-06-02,25,1,77,20,1,0.484,32.66,12,186,192
2026-06-09,25,1,65,28,1,0.484,32.66,12,186,192
2026-06-16,25,1,53,42,1,0.484,32.66,12,186,192
2026-06-23,25,1,62,46,0,0.484,32.66,12,186,192
2026-06-30,25,1,78,26,1,0.484,32.66,12,186,192
2026-04-07,25,3,108,41,3,1.325,30.494,12,174,190
2026-04-14,25,3,152,39,5,1.325,30.494,12,174,190
2026-04-21,25,3,120,96,4,1.325,30.494,12,174,190
2026-04-28,25,3,130,58,3,1.325,30.494,12,174,190
2026-05-05,25,3,150,72,5,1.325,30.494,12,174,190
2026-05-12,25,3,108,87,5,1.325,30.494,12,174,190
2026-05-19,25,3,133,98,5,1.325,30.494,12,174,190
2026-05-26,25,3,113,85,5,1.325,30.494,12,174,190
2026-06-02,25,3,189,39,2,1.325,30.494,12,174,190
2026-06-09,25,3,187,69,5,1.325,30.494,12,174,190
2026-06-16,25,3,141,89,3,1.325,30.494,12,174,190
2026-06-23,25,3,171,43,2,1.325,30.494,12,174,190
2026-06-30,25,3,170,60,4,1.325,30.494,12,174,190
2026-04-07,25,4,159,105,2,1.317,58.481,12,333,349
2026-04-14,25,4,160,89,3,1.317,58.481,12,333,349
2026-04-21,25,4,215,57,2,1.317,58.481,12,333,349
2026-04-28,25,4,215,59,2,1.317,58.481,12,333,349
2026-05-05,25,4,290,60,5,1.317,58.481,12,333,349
2026-05-12,25,4,176,114,4,1.317,58.481,12,333,349
2026-05-19,25,4,206,87,3,1.317,58.481,12,333,349
2026-05-26,25,4,211,76,5,1.317,58.481,12,333,349
2026-06-02,25,4,239,55,2,1.317,58.481,12,333,349
2026-06-09,25,4,246,71,3,1.317,58.481,12,333,349
2026-06-16,25,4,193,120,3,1.317,58.481,12,333,349
2026-06-23,25,4,240,101,3,1.317,58.481,12,333,349
2026-06-30,25,4,321,68,2,1.317,58.481,12,333,349
2026-04-07,25,5,50,40,3,0.827,19.117,12,109,119
2026-04-14,25,5,78,25,2,0.827,19.117,12,109,119
2026-04-21,25,5,71,22,2,0.827,19.117,12,109,119
2026-04-28,25,5,74,26,3,0.827,19.117,12,109,119
2026-05-05,25,5,61,46,3,0.827,19.117,12,109,119
2026-05-12,25,5,63,22,2,0.827,19.117,12,109,119
2026-05-19,25,5,60,47,3,0.827,19.117,12,109,119
2026-05-26,25,5,86,27,2,0.827,19.117,12,109,119
2026-06-02,25,5,80,34,3,0.827,19.117,12,109,119
2026-06-09,25,5,67,35,1,0.827,19.117,12,109,119
2026-06-16,25,5,101,30,1,0.827,19.117,12,109,119
2026-06-23,25,5,64,41,3,0.827,19.117,12,109,119
2026-06-30,25,5,89,51,1,0.827,19.117,12,109,119
2026-04-07,25,7,41,33,1,0.599,25.343,12,144,152
2026-04-14,25,7,51,11,2,0.599,25.343,12,144,152
2026-04-21,25,7,45,25,2,0.599,25.343,12,144,152
2026-04-28,25,7,39,22,1,0.599,25.343,12,144,152
2026-05-05,25,7,57,12,1,0.599,25.343,12,144,152
2026-05-12,25,7,56,17,1,0.599,25.343,12,144,152
2026-05-19,25,7,62,34,1,0.599,25.343,12,144,152
2026-05-26,25,7,47,19,2,0.599,25.343,12,144,152
2026-06-02,25,7,61,12,2,0.599,25.343,12,144,152
2026-06-09,25,7,51,31,1,0.599,25.343,12,144,152
2026-06-16,25,7,58,35,1,0.599,25.343,12,144,152
2026-06-23,25,7,47,26,1,0.599,25.343,12,144,152
2026-06-30,25,7,70,17,1,0.599,25.343,12,144,152
2026-04-07,25,9,85,62,2,0.514,34.112,12,194,201
2026-04-14,25,9,122,35,1,0.514,34.112,12,194,201
2026-04-21,25,9,94,72,2,0.514,34.112,12,194,201
2026-04-28,25,9,132,30,1,0.514,34.112,12,194,201
2026-05-05,25,9,92,64,2,0.514,34.112,12,194,201
2026-05-12,25,9,138,39,1,0.514,34.112,12,194,201
2026-05-19,25,9,135,33,2,0.514,34.112,12,194,201
2026-05-26,25,9,135,32,1,0.514,34.112,12,194,201
2026-06-02,25,9,160,29,2,0.514,34.112,12,194,201
2026-06-09,25,9,106,51,2,0.514,34.112,12,194,201
2026-06-16,25,9,83,58,1,0.514,34.112,12,194,201
2026-06-23,25,9,176,36,1,0.514,34.112,12,194,201
2026-06-30,25,9,148,54,1,0.514,34.112,12,194,201
2026-04-07,25,10,75,16,1,0.431,14.326,12,82,87
2026-04-14,25,10,58,39,2,0.431,14.326,12,82,87
2026-04-21,25,10,84,16,1,0.431,14.326,12,82,87
2026-04-28,25,10,52,40,1,0.431,14.326,12,82,87
2026-05-05,25,10,74,26,1,0.431,14.326,12,82,87
2026-05-12,25,10,70,31,1,0.431,14.326,12,82,87
2026-05-19,25,10,72,15,2,0.431,14.326,12,82,87
2026-05-26,25,10,54,33,2,0.431,14.326,12,82,87
2026-06-02,25,10,67,29,1,0.431,14.326,12,82,87
2026-06-09,25,10,47,22,1,0.431,14.326,12,82,87
2026-06-16,25,10,74,35,1,0.431,14.326,12,82,87
2026-06-23,25,10,51,39,1,0.431,14.326,12,82,87
2026-06-30,25,10,68,27,0,0.431,14.326,12,82,87
2026-04-07,26,4,249,166,17,11.81,49.869,32,474,852
2026-04-14,26,4,259,172,39,11.81,49.869,32,474,852
2026-04-21,26,4,293,54,14,11.81,49.869,32,474,852
2026-04-28,26,4,311,77,29,11.81,49.869,32,474,852
2026-05-05,26,4,326,116,31,11.81,49.869,32,474,852
2026-05-12,26,4,271,75,15,11.81,49.869,32,474,852
2026-05-19,26,4,243,158,33,11.81,49.869,32,474,852
2026-05-26,26,4,319,112,26,11.81,49.869,32,474,852
2026-06-02,26,4,279,161,42,11.81,49.869,32,474,852
2026-06-09,26,4,323,64,14,11.81,49.869,32,474,852
2026-06-16,26,4,362,83,39,11.81,49.869,32,474,852
2026-06-23,26,4,261,153,29,11.81,49.869,32,474,852
2026-06-30,26,4,265,129,36,11.81,49.869,32,474,852
2026-04-07,26,5,197,136,1,0.588,30.071,32,280,299
2026-04-14,26,5,209,110,1,0.588,30.071,32,280,299
2026-04-21,26,5,200,101,2,0.588,30.071,32,280,299
2026-04-28,26,5,195,93,1,0.588,30.071,32,280,299
2026-05-05,26,5,206,92,2,0.588,30.071,32,280,299
2026-05-12,26,5,195,100,2,0.588,30.071,32,280,299
2026-05-19,26,5,163,125,1,0.588,30.071,32,280,299
2026-05-26,26,5,221,100,1,0.588,30.071,32,280,299
2026-06-02,26,5,194,95,1,0.588,30.071,32,280,299
2026-06-09,26,5,209,92,2,0.588,30.071,32,280,299
2026-06-16,26,5,170,113,2,0.588,30.071,32,280,299
2026-06-23,26,5,251,58,2,0.588,30.071,32,280,299
2026-06-30,26,5,219,91,2,0.588,30.071,32,280,299
2026-04-07,26,10,201,138,2,1.535,36.384,32,339,388
2026-04-14,26,10,212,129,5,1.535,36.384,32,339,388
2026-04-21,26,10,236,82,2,1.535,36.384,32,339,388
2026-04-28,26,10,243,61,5,1.535,36.384,32,339,388
2026-05-05,26,10,210,132,2,1.535,36.384,32,339,388
2026-05-12,26,10,215,84,4,1.535,36.384,32,339,388
2026-05-19,26,10,282,66,6,1.535,36.384,32,339,388
2026-05-26,26,10,200,135,5,1.535,36.384,32,339,388
2026-06-02,26,10,224,108,2,1.535,36.384,32,339,388
2026-06-09,26,10,175,115,3,1.535,36.384,32,339,388
2026-06-16,26,10,214,153,5,1.535,36.384,32,339,388
2026-06-23,26,10,187,122,3,1.535,36.384,32,339,388
2026-06-30,26,10,208,67,6,1.535,36.384,32,339,388
2026-04-07,27,5,459,308,12,3.357,48.18,40,502,636
2026-04-14,27,5,436,131,4,3.357,48.18,40,502,636
2026-04-21,27,5,397,84,6,3.357,48.18,40,502,636
2026-04-28,27,5,471,184,12,3.357,48.18,40,502,636
2026-05-05,27,5,532,130,4,3.357,48.18,40,502,636
2026-05-12,27,5,359,192,11,3.357,48.18,40,502,636
2026-05-19,27,5,421,186,7,3.357,48.18,40,502,636
2026-05-26,27,5,434,93,5,3.357,48.18,40,502,636
2026-06-02,27,5,364,255,12,3.357,48.18,40,502,636
2026-06-09,27,5,430,216,11,3.357,48.18,40,502,636
2026-06-16,27,5,529,162,12,3.357,48.18,40,502,636
2026-06-23,27,5,462,114,5,3.357,48.18,40,502,636
2026-06-30,27,5,509,177,10,3.357,48.18,40,502,636
2026-04-07,27,7,1620,479,60,19.025,57.316,40,616,1377
2026-04-14,27,7,1131,859,57,19.025,57.316,40,616,1377
2026-04-21,27,7,1151,499,32,19.025,57.316,40,616,1377
2026-04-28,27,7,1047,824,25,19.025,57.316,40,616,1377
2026-05-05,27,7,1569,316,42,19.025,57.316,40,616,1377
2026-05-12,27,7,1111,489,58,19.025,57.316,40,616,1377
2026-05-19,27,7,1010,681,72,19.025,57.316,40,616,1377
2026-05-26,27,7,880,519,59,19.025,57.316,40,616,1377
2026-06-02,27,7,1310,406,44,19.025,57.316,40,616,1377
2026-06-09,27,7,1190,685,21,19.025,57.316,40,616,1377
2026-06-16,27,7,1250,345,34,19.025,57.316,40,616,1377
2026-06-23,27,7,1382,334,73,19.025,57.316,40,616,1377
2026-06-30,27,7,968,548,35,19.025,57.316,40,616,1377
2026-04-07,28,5,1513,734,96,82.819,110.77,17,855,2263
2026-04-14,28,5,1085,792,288,82.819,110.77,17,855,2263
2026-04-21,28,5,1757,677,159,82.819,110.77,17,855,2263
2026-04-28,28,5,1508,360,98,82.819,110.77,17,855,2263
2026-05-05,28,5,1244,823,256,82.819,110.77,17,855,2263
2026-05-12,28,5,1299,737,289,82.819,110.77,17,855,2263
2026-05-19,28,5,1644,843,288,82.819,110.77,17,855,2263
2026-05-26,28,5,1579,897,302,82.819,110.77,17,855,2263
2026-06-02,28,5,1900,608,189,82.819,110.77,17,855,2263
2026-06-09,28,5,1581,1098,83,82.819,110.77,17,855,2263
2026-06-16,28,5,2097,546,199,82.819,110.77,17,855,2263
2026-06-23,28,5,1910,750,306,82.819,110.77,17,855,2263
2026-06-30,28,5,1750,549,157,82.819,110.77,17,855,2263
2026-04-07,28,7,713,223,29,24.465,70.986,17,496,912
2026-04-14,28,7,609,302,72,24.465,70.986,17,496,912
2026-04-21,28,7,741,290,65,24.465,70.986,17,496,912
2026-04-28,28,7,578,429,56,24.465,70.986,17,496,912
2026-05-05,28,7,747,225,67,24.465,70.986,17,496,912
2026-05-12,28,7,784,186,97,24.465,70.986,17,496,912
2026-05-19,28,7,648,241,91,24.465,70.986,17,496,912
2026-05-26,28,7,640,458,35,24.465,70.986,17,496,912
2026-06-02,28,7,724,190,78,24.465,70.986,17,496,912
2026-06-09,28,7,672,349,96,24.465,70.986,17,496,912
2026-06-16,28,7,756,229,96,24.465,70.986,17,496,912
2026-06-23,28,7,783,411,88,24.465,70.986,17,496,912
2026-06-30,28,7,1034,225,34,24.465,70.986,17,496,912
2026-04-07,28,10,419,172,15,5.527,76.356,17,519,613
2026-04-14,28,10,452,113,17,5.527,76.356,17,519,613
2026-04-21,28,10,439,210,15,5.527,76.356,17,519,613
2026-04-28,28,10,396,273,12,5.527,76.356,17,519,613
2026-05-05,28,10,411,334,21,5.527,76.356,17,519,613
2026-05-12,28,10,467,109,12,5.527,76.356,17,519,613
2026-05-19,28,10,510,103,16,5.527,76.356,17,519,613
2026-05-26,28,10,480,191,17,5.527,76.356,17,519,613
2026-06-02,28,10,411,262,13,5.527,76.356,17,519,613
2026-06-09,28,10,391,182,20,5.527,76.356,17,519,613
2026-06-16,28,10,457,255,20,5.527,76.356,17,519,613
2026-06-23,28,10,413,252,10,5.527,76.356,17,519,613
2026-06-30,28,10,477,183,9,5.527,76.356,17,519,613
2026-04-07,29,1,147,108,8,3.639,60.552,18,423,488
2026-04-14,29,1,134,70,12,3.639,60.552,18,423,488
2026-04-21,29,1,166,39,14,3.639,60.552,18,423,488
2026-04-28,29,1,172,67,13,3.639,60.552,18,423,488
2026-05-05,29,1,138,95,7,3.639,60.552,18,423,488
2026-05-12,29,1,172,114,9,3.639,60.552,18,423,488
2026-05-19,29,1,203,49,9,3.639,60.552,18,423,488
2026-05-26,29,1,146,69,14,3.639,60.552,18,423,488
2026-06-02,29,1,150,108,8,3.639,60.552,18,423,488
2026-06-09,29,1,205,52,4,3.639,60.552,18,423,488
2026-06-16,29,1,152,72,11,3.639,60.552,18,423,488
2026-06-23,29,1,187,82,13,3.639,60.552,18,423,488
2026-06-30,29,1,234,46,5,3.639,60.552,18,423,488
2026-04-07,29,3,97,37,5,3.5,36.181,18,253,316
2026-04-14,29,3,89,41,5,3.5,36.181,18,253,316
2026-04-21,29,3,117,33,13,3.5,36.181,18,253,316
2026-04-28,29,3,133,35,9,3.5,36.181,18,253,316
2026-05-05,29,3,102,60,4,3.5,36.181,18,253,316
2026-05-12,29,3,117,68,7,3.5,36.181,18,253,316
2026-05-19,29,3,130,30,5,3.5,36.181,18,253,316
2026-05-26,29,3,104,76,10,3.5,36.181,18,253,316
2026-06-02,29,3,95,71,9,3.5,36.181,18,253,316
2026-06-09,29,3,137,25,8,3.5,36.181,18,253,316
2026-06-16,29,3,142,26,6,3.5,36.181,18,253,316
2026-06-23,29,3,110,86,9,3.5,36.181,18,253,316
2026-06-30,29,3,109,78,10,3.5,36.181,18,253,316
2026-04-07,29,4,481,107,14,7.377,73.229,18,512,645
2026-04-14,29,4,318,235,27,7.377,73.229,18,512,645
2026-04-21,29,4,419,146,20,7.377,73.229,18,512,645
2026-04-28,29,4,341,166,22,7.377,73.229,18,512,645
2026-05-05,29,4,437,158,26,7.377,73.229,18,512,645
2026-05-12,29,4,478,93,20,7.377,73.229,18,512,645
2026-05-19,29,4,380,223,26,7.377,73.229,18,512,645
2026-05-26,29,4,505,107,14,7.377,73.229,18,512,645
2026-06-02,29,4,301,237,22,7.377,73.229,18,512,645
2026-06-09,29,4,443,96,13,7.377,73.229,18,512,645
2026-06-16,29,4,367,201,29,7.377,73.229,18,512,645
2026-06-23,29,4,517,99,13,7.377,73.229,18,512,645
2026-06-30,29,4,523,136,12,7.377,73.229,18,512,645
2026-04-07,29,5,249,158,10,6.946,69.904,18,489,614
2026-04-14,29,5,298,207,20,6.946,69.904,18,489,614
2026-04-21,29,5,313,183,20,6.946,69.904,18,489,614
2026-04-28,29,5,327,250,8,6.946,69.904,18,489,614
2026-05-05,29,5,247,187,18,6.946,69.904,18,489,614
2026-05-12,29,5,332,78,12,6.946,69.904,18,489,614
2026-05-19,29,5,407,181,11,6.946,69.904,18,489,614
2026-05-26,29,5,393,172,9,6.946,69.904,18,489,614
2026-06-02,29,5,527,115,27,6.946,69.904,18,489,614
2026-06-09,29,5,391,122,13,6.946,69.904,18,489,614
2026-06-16,29,5,482,150,7,6.946,69.904,18,489,614
2026-06-23,29,5,326,176,20,6.946,69.904,18,489,614
2026-06-30,29,5,543,111,11,6.946,69.904,18,489,614
2026-04-07,29,7,426,301,20,6.575,93.547,18,654,772
2026-04-14,29,7,474,170,20,6.575,93.547,18,654,772
2026-04-21,29,7,518,338,9,6.575,93.547,18,654,772
2026-04-28,29,7,530,294,17,6.575,93.547,18,654,772
2026-05-05,29,7,503,327,25,6.575,93.547,18,654,772
2026-05-12,29,7,489,362,23,6.575,93.547,18,654,772
2026-05-19,29,7,553,238,22,6.575,93.547,18,654,772
2026-05-26,29,7,496,256,22,6.575,93.547,18,654,772
2026-06-02,29,7,675,161,7,6.575,93.547,18,654,772
2026-06-09,29,7,800,223,14,6.575,93.547,18,654,772
2026-06-16,29,7,738,172,10,6.575,93.547,18,654,772
2026-06-23,29,7,610,273,25,6.575,93.547,18,654,772
2026-06-30,29,7,736,296,18,6.575,93.547,18,654,772
2026-04-07,29,9,931,379,12,5.223,82.019,18,573,667
2026-04-14,29,9,1006,261,18,5.223,82.019,18,573,667
2026-04-21,29,9,1089,371,13,5.223,82.019,18,573,667
2026-04-28,29,9,1198,243,12,5.223,82.019,18,573,667
2026-05-05,29,9,922,451,18,5.223,82.019,18,573,667
2026-05-12,29,9,1232,229,16,5.223,82.019,18,573,667
2026-05-19,29,9,1112,399,17,5.223,82.019,18,573,667
2026-05-26,29,9,1057,288,6,5.223,82.019,18,573,667
2026-06-02,29,9,850,589,9,5.223,82.019,18,573,667
2026-06-09,29,9,1181,341,20,5.223,82.019,18,573,667
2026-06-16,29,9,841,600,6,5.223,82.019,18,573,667
2026-06-23,29,9,1229,333,13,5.223,82.019,18,573,667
2026-06-30,29,9,1138,561,18,5.223,82.019,18,573,667
2026-04-07,29,10,315,101,16,5.825,47.465,18,333,437
2026-04-14,29,10,260,205,6,5.825,47.465,18,333,437
2026-04-21,29,10,305,133,23,5.825,47.465,18,333,437
2026-04-28,29,10,340,109,21,5.825,47.465,18,333,437
2026-05-05,29,10,298,126,10,5.825,47.465,18,333,437
2026-05-12,29,10,244,181,9,5.825,47.465,18,333,437
2026-05-19,29,10,346,141,21,5.825,47.465,18,333,437
2026-05-26,29,10,310,239,16,5.825,47.465,18,333,437
2026-06-02,29,10,359,91,12,5.825,47.465,18,333,437
2026-06-09,29,10,359,106,21,5.825,47.465,18,333,437
2026-06-16,29,10,413,76,21,5.825,47.465,18,333,437
2026-06-23,29,10,402,159,9,5.825,47.465,18,333,437
2026-06-30,29,10,276,170,11,5.825,47.465,18,333,437
2026-04-07,30,4,857,340,48,22.179,66.101,34,660,1414
2026-04-14,30,4,654,447,28,22.179,66.101,34,660,1414
2026-04-21,30,4,455,357,31,22.179,66.101,34,660,1414
2026-04-28,30,4,771,243,54,22.179,66.101,34,660,1414
2026-05-05,30,4,914,435,53,22.179,66.101,34,660,1414
2026-05-12,30,4,1010,220,39,22.179,66.101,34,660,1414
2026-05-19,30,4,637,452,54,22.179,66.101,34,660,1414
2026-05-26,30,4,1088,206,40,22.179,66.101,34,660,1414
2026-06-02,30,4,969,261,65,22.179,66.101,34,660,1414
2026-06-09,30,4,805,203,76,22.179,66.101,34,660,1414
2026-06-16,30,4,570,436,78,22.179,66.101,34,660,1414
2026-06-23,30,4,726,378,59,22.179,66.101,34,660,1414
2026-06-30,30,4,919,417,46,22.179,66.101,34,660,1414
2026-04-07,30,8,258,81,10,4.953,53.817,34,518,686
2026-04-14,30,8,285,57,17,4.953,53.817,34,518,686
2026-04-21,30,8,242,73,9,4.953,53.817,34,518,686
2026-04-28,30,8,154,120,17,4.953,53.817,34,518,686
2026-05-05,30,8,246,55,8,4.953,53.817,34,518,686
2026-05-12,30,8,171,120,18,4.953,53.817,34,518,686
2026-05-19,30,8,217,83,19,4.953,53.817,34,518,686
2026-05-26,30,8,163,110,8,4.953,53.817,34,518,686
2026-06-02,30,8,273,81,19,4.953,53.817,34,518,686
2026-06-09,30,8,207,98,7,4.953,53.817,34,518,686
2026-06-16,30,8,232,81,14,4.953,53.817,34,518,686
2026-06-23,30,8,177,96,15,4.953,53.817,34,518,686
2026-06-30,30,8,199,114,10,4.953,53.817,34,518,686
2026-04-07,31,1,60,40,0,0.314,19.146,12,109,113
2026-04-14,31,1,65,51,0,0.314,19.146,12,109,113
2026-04-21,31,1,101,24,1,0.314,19.146,12,109,113
2026-04-28,31,1,82,19,1,0.314,19.146,12,109,113
2026-05-05,31,1,106,26,0,0.314,19.146,12,109,113
2026-05-12,31,1,93,31,0,0.314,19.146,12,109,113
2026-05-19,31,1,101,23,1,0.314,19.146,12,109,113
2026-05-26,31,1,110,28,0,0.314,19.146,12,109,113
2026-06-02,31,1,89,42,0,0.314,19.146,12,109,113
2026-06-09,31,1,97,31,0,0.314,19.146,12,109,113
2026-06-16,31,1,75,50,1,0.314,19.146,12,109,113
2026-06-23,31,1,101,29,1,0.314,19.146,12,109,113
2026-06-30,31,1,74,49,1,0.314,19.146,12,109,113
2026-04-07,31,3,153,101,2,1.005,44.42,12,253,265
2026-04-14,31,3,234,41,2,1.005,44.42,12,253,265
2026-04-21,31,3,182,79,2,1.005,44.42,12,253,265
2026-04-28,31,3,198,90,4,1.005,44.42,12,253,265
2026-05-05,31,3,176,114,1,1.005,44.42,12,253,265
2026-05-12,31,3,166,112,3,1.005,44.42,12,253,265
2026-05-19,31,3,160,127,2,1.005,44.42,12,253,265
2026-05-26,31,3,205,106,3,1.005,44.42,12,253,265
2026-06-02,31,3,199,74,3,1.005,44.42,12,253,265
2026-06-09,31,3,255,85,3,1.005,44.42,12,253,265
2026-06-16,31,3,204,153,1,1.005,44.42,12,253,265
2026-06-23,31,3,201,118,4,1.005,44.42,12,253,265
2026-06-30,31,3,198,92,1,1.005,44.42,12,253,265
2026-04-07,31,4,192,55,1,0.59,48.393,12,276,283
2026-04-14,31,4,205,74,2,0.59,48.393,12,276,283
2026-04-21,31,4,177,134,2,0.59,48.393,12,276,283
2026-04-28,31,4,231,57,1,0.59,48.393,12,276,283
2026-05-05,31,4,188,140,1,0.59,48.393,12,276,283
2026-05-12,31,4,184,144,2,0.59,48.393,12,276,283
2026-05-19,31,4,257,52,1,0.59,48.393,12,276,283
2026-05-26,31,4,286,107,1,0.59,48.393,12,276,283
2026-06-02,31,4,224,110,2,0.59,48.393,12,276,283
2026-06-09,31,4,231,120,1,0.59,48.393,12,276,283
2026-06-16,31,4,286,61,2,0.59,48.393,12,276,283
2026-06-23,31,4,223,144,1,0.59,48.393,12,276,283
2026-06-30,31,4,213,79,2,0.59,48.393,12,276,283
2026-04-07,31,5,284,101,1,0.385,34.528,12,197,201
2026-04-14,31,5,259,129,1,0.385,34.528,12,197,201
2026-04-21,31,5,298,116,1,0.385,34.528,12,197,201
2026-04-28,31,5,217,172,1,0.385,34.528,12,197,201
2026-05-05,31,5,296,82,1,0.385,34.528,12,197,201
2026-05-12,31,5,216,131,1,0.385,34.528,12,197,201
2026-05-19,31,5,284,107,1,0.385,34.528,12,197,201
2026-05-26,31,5,280,173,1,0.385,34.528,12,197,201
2026-06-02,31,5,300,179,1,0.385,34.528,12,197,201
2026-06-09,31,5,302,182,0,0.385,34.528,12,197,201
2026-06-16,31,5,421,77,1,0.385,34.528,12,197,201
2026-06-23,31,5,315,152,1,0.385,34.528,12,197,201
2026-06-30,31,5,317,184,1,0.385,34.528,12,197,201
2026-04-07,31,7,92,33,1,0.579,25.56,12,146,153
2026-04-14,31,7,75,47,2,0.579,25.56,12,146,153
2026-04-21,31,7,107,25,1,0.579,25.56,12,146,153
2026-04-28,31,7,69,32,1,0.579,25.56,12,146,153
2026-05-05,31,7,98,37,1,0.579,25.56,12,146,153
2026-05-12,31,7,72,56,1,0.579,25.56,12,146,153
2026-05-19,31,7,76,56,2,0.579,25.56,12,146,153
2026-05-26,31,7,79,54,2,0.579,25.56,12,146,153
2026-06-02,31,7,91,37,2,0.579,25.56,12,146,153
2026-06-09,31,7,99,33,1,0.579,25.56,12,146,153
2026-06-16,31,7,74,47,1,0.579,25.56,12,146,153
2026-06-23,31,7,108,24,2,0.579,25.56,12,146,153
2026-06-30,31,7,113,31,1,0.579,25.56,12,146,153
2026-04-07,31,9,95,48,2,0.704,27.612,12,157,166
2026-04-14,31,9,81,48,2,0.704,27.612,12,157,166
2026-04-21,31,9,109,58,1,0.704,27.612,12,157,166
2026-04-28,31,9,93,39,1,0.704,27.612,12,157,166
2026-05-05,31,9,79,45,3,0.704,27.612,12,157,166
2026-05-12,31,9,124,23,2,0.704,27.612,12,157,166
2026-05-19,31,9,103,50,2,0.704,27.612,12,157,166
2026-05-26,31,9,124,32,2,0.704,27.612,12,157,166
2026-06-02,31,9,125,60,1,0.704,27.612,12,157,166
2026-06-09,31,9,95,56,1,0.704,27.612,12,157,166
2026-06-16,31,9,89,64,1,0.704,27.612,12,157,166
2026-06-23,31,9,122,38,1,0.704,27.612,12,157,166
2026-06-30,31,9,119,24,1,0.704,27.612,12,157,166
2026-04-07,31,10,99,43,1,0.363,16.489,12,94,98
2026-04-14,31,10,187,40,0,0.363,16.489,12,94,98
2026-04-21,31,10,128,76,1,0.363,16.489,12,94,98
2026-04-28,31,10,195,37,1,0.363,16.489,12,94,98
2026-05-05,31,10,141,62,1,0.363,16.489,12,94,98
2026-05-12,31,10,155,52,1,0.363,16.489,12,94,98
2026-05-19,31,10,170,55,1,0.363,16.489,12,94,98
2026-05-26,31,10,164,59,1,0.363,16.489,12,94,98
2026-06-02,31,10,133,80,1,0.363,16.489,12,94,98
2026-06-09,31,10,120,94,1,0.363,16.489,12,94,98
2026-06-16,31,10,162,65,1,0.363,16.489,12,94,98
2026-06-23,31,10,141,99,0,0.363,16.489,12,94,98
2026-06-30,31,10,190,59,0,0.363,16.489,12,94,98
2026-04-07,32,4,902,696,7,1.754,108.159,43,1167,1242
2026-04-14,32,4,989,503,5,1.754,108.159,43,1167,1242
2026-04-21,32,4,1074,632,2,1.754,108.159,43,1167,1242
2026-04-28,32,4,896,699,5,1.754,108.159,43,1167,1242
2026-05-05,32,4,1071,586,3,1.754,108.159,43,1167,1242
2026-05-12,32,4,986,806,5,1.754,108.159,43,1167,1242
2026-05-19,32,4,1011,258,4,1.754,108.159,43,1167,1242
2026-05-26,32,4,1068,466,4,1.754,108.159,43,1167,1242
2026-06-02,32,4,919,548,5,1.754,108.159,43,1167,1242
2026-06-09,32,4,1203,244,5,1.754,108.159,43,1167,1242
2026-06-16,32,4,816,546,6,1.754,108.159,43,1167,1242
2026-06-23,32,4,921,538,3,1.754,108.159,43,1167,1242
2026-06-30,32,4,1284,379,6,1.754,108.159,43,1167,1242
2026-04-07,32,8,813,324,54,15.054,54.02,43,615,1263
2026-04-14,32,8,847,278,34,15.054,54.02,43,615,1263
2026-04-21,32,8,991,285,17,15.054,54.02,43,615,1263
2026-04-28,32,8,824,315,24,15.054,54.02,43,615,1263
2026-05-05,32,8,940,349,59,15.054,54.02,43,615,1263
2026-05-12,32,8,880,250,57,15.054,54.02,43,615,1263
2026-05-19,32,8,803,492,39,15.054,54.02,43,615,1263
2026-05-26,32,8,694,449,36,15.054,54.02,43,615,1263
2026-06-02,32,8,974,253,16,15.054,54.02,43,615,1263
2026-06-09,32,8,749,450,22,15.054,54.02,43,615,1263
2026-06-16,32,8,893,239,34,15.054,54.02,43,615,1263
2026-06-23,32,8,785,242,35,15.054,54.02,43,615,1263
2026-06-30,32,8,948,254,58,15.054,54.02,43,615,1263
2026-04-07,32,10,572,190,10,3.478,53.074,43,574,724
2026-04-14,32,10,601,159,8,3.478,53.074,43,574,724
2026-04-21,32,10,428,141,10,3.478,53.074,43,574,724
2026-04-28,32,10,545,142,6,3.478,53.074,43,574,724
2026-05-05,32,10,492,270,11,3.478,53.074,43,574,724
2026-05-12,32,10,502,187,12,3.478,53.074,43,574,724
2026-05-19,32,10,376,241,12,3.478,53.074,43,574,724
2026-05-26,32,10,546,110,9,3.478,53.074,43,574,724
2026-06-02,32,10,353,214,14,3.478,53.074,43,574,724
2026-06-09,32,10,351,262,10,3.478,53.074,43,574,724
2026-06-16,32,10,508,188,12,3.478,53.074,43,574,724
2026-06-23,32,10,323,222,12,3.478,53.074,43,574,724
2026-06-30,32,10,517,132,5,3.478,53.074,43,574,724
2026-04-07,33,1,196,51,6,4.276,50.592,12,288,340
2026-04-14,33,1,192,107,9,4.276,50.592,12,288,340
2026-04-21,33,1,208,77,7,4.276,50.592,12,288,340
2026-04-28,33,1,235,103,11,4.276,50.592,12,288,340
2026-05-05,33,1,218,96,5,4.276,50.592,12,288,340
2026-05-12,33,1,198,101,14,4.276,50.592,12,288,340
2026-05-19,33,1,236,65,17,4.276,50.592,12,288,340
2026-05-26,33,1,229,41,16,4.276,50.592,12,288,340
2026-06-02,33,1,203,97,12,4.276,50.592,12,288,340
2026-06-09,33,1,226,58,10,4.276,50.592,12,288,340
2026-06-16,33,1,282,68,12,4.276,50.592,12,288,340
2026-06-23,33,1,163,111,12,4.276,50.592,12,288,340
2026-06-30,33,1,216,109,16,4.276,50.592,12,288,340
2026-04-07,33,3,524,282,7,4.03,63.513,12,362,410
2026-04-14,33,3,459,357,9,4.03,63.513,12,362,410
2026-04-21,33,3,518,251,9,4.03,63.513,12,362,410
2026-04-28,33,3,516,248,4,4.03,63.513,12,362,410
2026-05-05,33,3,499,203,7,4.03,63.513,12,362,410
2026-05-12,33,3,827,186,6,4.03,63.513,12,362,410
2026-05-19,33,3,668,164,7,4.03,63.513,12,362,410
2026-05-26,33,3,513,399,9,4.03,63.513,12,362,410
2026-06-02,33,3,667,287,13,4.03,63.513,12,362,410
2026-06-09,33,3,556,305,8,4.03,63.513,12,362,410
2026-06-16,33,3,657,144,5,4.03,63.513,12,362,410
2026-06-23,33,3,780,167,15,4.03,63.513,12,362,410
2026-06-30,33,3,838,167,9,4.03,63.513,12,362,410
2026-04-07,33,4,315,68,28,7.237,48.997,12,280,367
2026-04-14,33,4,249,104,24,7.237,48.997,12,280,367
2026-04-21,33,4,282,131,9,7.237,48.997,12,280,367
2026-04-28,33,4,306,80,19,7.237,48.997,12,280,367
2026-05-05,33,4,320,59,18,7.237,48.997,12,280,367
2026-05-12,33,4,317,90,12,7.237,48.997,12,280,367
2026-05-19,33,4,292,82,26,7.237,48.997,12,280,367
2026-05-26,33,4,251,195,24,7.237,48.997,12,280,367
2026-06-02,33,4,242,140,16,7.237,48.997,12,280,367
2026-06-09,33,4,307,110,10,7.237,48.997,12,280,367
2026-06-16,33,4,297,99,24,7.237,48.997,12,280,367
2026-06-23,33,4,310,64,19,7.237,48.997,12,280,367
2026-06-30,33,4,333,171,29,7.237,48.997,12,280,367
2026-04-07,33,5,169,92,14,3.715,51.022,12,291,335
2026-04-14,33,5,155,82,14,3.715,51.022,12,291,335
2026-04-21,33,5,240,57,6,3.715,51.022,12,291,335
2026-04-28,33,5,182,127,5,3.715,51.022,12,291,335
2026-05-05,33,5,190,101,8,3.715,51.022,12,291,335
2026-05-12,33,5,197,98,6,3.715,51.022,12,291,335
2026-05-19,33,5,178,89,11,3.715,51.022,12,291,335
2026-05-26,33,5,193,82,9,3.715,51.022,12,291,335
2026-06-02,33,5,235,84,12,3.715,51.022,12,291,335
2026-06-09,33,5,178,99,5,3.715,51.022,12,291,335
2026-06-16,33,5,241,111,12,3.715,51.022,12,291,335
2026-06-23,33,5,233,102,9,3.715,51.022,12,291,335
2026-06-30,33,5,211,94,5,3.715,51.022,12,291,335
2026-04-07,33,7,478,303,11,5.564,59.758,12,341,408
2026-04-14,33,7,543,168,15,5.564,59.758,12,341,408
2026-04-21,33,7,469,349,14,5.564,59.758,12,341,408
2026-04-28,33,7,529,318,11,5.564,59.758,12,341,408
2026-05-05,33,7,512,327,15,5.564,59.758,12,341,408
2026-05-12,33,7,545,296,22,5.564,59.758,12,341,408
2026-05-19,33,7,612,244,10,5.564,59.758,12,341,408
2026-05-26,33,7,539,251,12,5.564,59.758,12,341,408
2026-06-02,33,7,682,190,7,5.564,59.758,12,341,408
2026-06-09,33,7,662,241,19,5.564,59.758,12,341,408
2026-06-16,33,7,511,324,15,5.564,59.758,12,341,408
2026-06-23,33,7,527,329,21,5.564,59.758,12,341,408
2026-06-30,33,7,714,374,22,5.564,59.758,12,341,408
2026-04-07,33,9,134,37,5,3.956,50.748,12,289,337
2026-04-14,33,9,147,39,9,3.956,50.748,12,289,337
2026-04-21,33,9,84,60,8,3.956,50.748,12,289,337
2026-04-28,33,9,84,68,11,3.956,50.748,12,289,337
2026-05-05,33,9,112,44,12,3.956,50.748,12,289,337
2026-05-12,33,9,106,57,5,3.956,50.748,12,289,337
2026-05-19,33,9,90,66,6,3.956,50.748,12,289,337
2026-05-26,33,9,90,57,5,3.956,50.748,12,289,337
2026-06-02,33,9,108,84,15,3.956,50.748,12,289,337
2026-06-09,33,9,124,42,11,3.956,50.748,12,289,337
2026-06-16,33,9,114,78,14,3.956,50.748,12,289,337
2026-06-23,33,9,104,65,15,3.956,50.748,12,289,337
2026-06-30,33,9,116,72,13,3.956,50.748,12,289,337
2026-04-07,33,10,89,30,13,5.254,34.699,12,198,261
2026-04-14,33,10,123,22,13,5.254,34.699,12,198,261
2026-04-21,33,10,96,45,19,5.254,34.699,12,198,261
2026-04-28,33,10,79,45,6,5.254,34.699,12,198,261
2026-05-05,33,10,90,42,19,5.254,34.699,12,198,261
2026-05-12,33,10,96,34,21,5.254,34.699,12,198,261
2026-05-19,33,10,73,44,12,5.254,34.699,12,198,261
2026-05-26,33,10,86,59,8,5.254,34.699,12,198,261
2026-06-02,33,10,108,28,20,5.254,34.699,12,198,261
2026-06-09,33,10,70,53,10,5.254,34.699,12,198,261
2026-06-16,33,10,116,32,10,5.254,34.699,12,198,261
2026-06-23,33,10,79,60,12,5.254,34.699,12,198,261
2026-06-30,33,10,106,46,9,5.254,34.699,12,198,261
2026-04-07,34,7,431,231,5,3.471,72.116,36,713,838
2026-04-14,34,7,387,299,13,3.471,72.116,36,713,838
2026-04-21,34,7,482,200,7,3.471,72.116,36,713,838
2026-04-28,34,7,486,147,6,3.471,72.116,36,713,838
2026-05-05,34,7,490,108,5,3.471,72.116,36,713,838
2026-05-12,34,7,404,293,13,3.471,72.116,36,713,838
2026-05-19,34,7,597,111,7,3.471,72.116,36,713,838
2026-05-26,34,7,577,219,9,3.471,72.116,36,713,838
2026-06-02,34,7,379,204,9,3.471,72.116,36,713,838
2026-06-09,34,7,671,166,4,3.471,72.116,36,713,838
2026-06-16,34,7,501,209,8,3.471,72.116,36,713,838
2026-06-23,34,7,394,250,4,3.471,72.116,36,713,838
2026-06-30,34,7,322,225,4,3.471,72.116,36,713,838
2026-04-07,34,8,514,376,10,8.409,59.82,36,596,899
2026-04-14,34,8,450,304,23,8.409,59.82,36,596,899
2026-04-21,34,8,354,196,18,8.409,59.82,36,596,899
2026-04-28,34,8,562,206,18,8.409,59.82,36,596,899
2026-05-05,34,8,600,127,28,8.409,59.82,36,596,899
2026-05-12,34,8,541,279,10,8.409,59.82,36,596,899
2026-05-19,34,8,474,110,10,8.409,59.82,36,596,899
2026-05-26,34,8,424,337,15,8.409,59.82,36,596,899
2026-06-02,34,8,528,134,31,8.409,59.82,36,596,899
2026-06-09,34,8,454,283,31,8.409,59.82,36,596,899
2026-06-16,34,8,596,166,12,8.409,59.82,36,596,899
2026-06-23,34,8,468,152,18,8.409,59.82,36,596,899
2026-06-30,34,8,467,293,29,8.409,59.82,36,596,899
2026-04-07,34,10,284,91,3,1.305,37.511,36,370,417
2026-04-14,34,10,180,95,4,1.305,37.511,36,370,417
2026-04-21,34,10,253,80,5,1.305,37.511,36,370,417
2026-04-28,34,10,208,97,3,1.305,37.511,36,370,417
2026-05-05,34,10,273,58,5,1.305,37.511,36,370,417
2026-05-12,34,10,270,52,3,1.305,37.511,36,370,417
2026-05-19,34,10,263,82,2,1.305,37.511,36,370,417
2026-05-26,34,10,190,91,2,1.305,37.511,36,370,417
2026-06-02,34,10,174,134,1,1.305,37.511,36,370,417
2026-06-09,34,10,232,79,1,1.305,37.511,36,370,417
2026-06-16,34,10,220,92,2,1.305,37.511,36,370,417
2026-06-23,34,10,152,65,2,1.305,37.511,36,370,417
2026-06-30,34,10,233,69,4,1.305,37.511,36,370,417
2026-04-07,35,5,582,158,32,7.967,65.562,32,614,869
2026-04-14,35,5,618,314,29,7.967,65.562,32,614,869
2026-04-21,35,5,709,132,29,7.967,65.562,32,614,869
2026-04-28,35,5,610,307,16,7.967,65.562,32,614,869
2026-05-05,35,5,564,208,28,7.967,65.562,32,614,869
2026-05-12,35,5,637,279,26,7.967,65.562,32,614,869
2026-05-19,35,5,459,286,19,7.967,65.562,32,614,869
2026-05-26,35,5,743,183,13,7.967,65.562,32,614,869
2026-06-02,35,5,607,172,25,7.967,65.562,32,614,869
2026-06-09,35,5,678,229,23,7.967,65.562,32,614,869
2026-06-16,35,5,710,127,18,7.967,65.562,32,614,869
2026-06-23,35,5,704,158,28,7.967,65.562,32,614,869
2026-06-30,35,5,747,160,17,7.967,65.562,32,614,869
2026-04-07,35,7,464,221,13,3.447,62.345,32,581,691
2026-04-14,35,7,496,218,12,3.447,62.345,32,581,691
2026-04-21,35,7,523,131,14,3.447,62.345,32,581,691
2026-04-28,35,7,345,221,4,3.447,62.345,32,581,691
2026-05-05,35,7,436,214,5,3.447,62.345,32,581,691
2026-05-12,35,7,564,134,4,3.447,62.345,32,581,691
2026-05-19,35,7,404,242,5,3.447,62.345,32,581,691
2026-05-26,35,7,478,282,6,3.447,62.345,32,581,691
2026-06-02,35,7,571,146,5,3.447,62.345,32,581,691
2026-06-09,35,7,462,322,12,3.447,62.345,32,581,691
2026-06-16,35,7,518,158,12,3.447,62.345,32,581,691
2026-06-23,35,7,596,127,13,3.447,62.345,32,581,691
2026-06-30,35,7,675,190,9,3.447,62.345,32,581,691
2026-04-07,35,8,1649,694,49,17.606,109.135,32,1026,1589
2026-04-14,35,8,1882,426,22,17.606,109.135,32,1026,1589
2026-04-21,35,8,1328,580,53,17.606,109.135,32,1026,1589
2026-04-28,35,8,1468,589,62,17.606,109.135,32,1026,1589
2026-05-05,35,8,2093,442,53,17.606,109.135,32,1026,1589
2026-05-12,35,8,1835,841,47,17.606,109.135,32,1026,1589
2026-05-19,35,8,1574,363,18,17.606,109.135,32,1026,1589
2026-05-26,35,8,1533,731,57,17.606,109.135,32,1026,1589
2026-06-02,35,8,1653,497,55,17.606,109.135,32,1026,1589
2026-06-09,35,8,1795,728,47,17.606,109.135,32,1026,1589
2026-06-16,35,8,1420,850,42,17.606,109.135,32,1026,1589
2026-06-23,35,8,1293,1044,34,17.606,109.135,32,1026,1589
2026-06-30,35,8,1654,512,41,17.606,109.135,32,1026,1589
2026-04-07,36,7,685,504,30,12.212,52.18,35,522,949
2026-04-14,36,7,932,299,39,12.212,52.18,35,522,949
2026-04-21,36,7,923,260,31,12.212,52.18,35,522,949
2026-04-28,36,7,848,537,47,12.212,52.18,35,522,949
2026-05-05,36,7,811,603,46,12.212,52.18,35,522,949
2026-05-12,36,7,940,398,27,12.212,52.18,35,522,949
2026-05-19,36,7,873,472,18,12.212,52.18,35,522,949
2026-05-26,36,7,1093,208,44,12.212,52.18,35,522,949
2026-06-02,36,7,716,560,46,12.212,52.18,35,522,949
2026-06-09,36,7,1043,260,43,12.212,52.18,35,522,949
2026-06-16,36,7,972,326,41,12.212,52.18,35,522,949
2026-06-23,36,7,720,536,29,12.212,52.18,35,522,949
2026-06-30,36,7,690,378,32,12.212,52.18,35,522,949
2026-04-07,37,4,1295,1005,139,52.907,76.802,30,817,2405
2026-04-14,37,4,1527,1149,173,52.907,76.802,30,817,2405
2026-04-21,37,4,1679,780,62,52.907,76.802,30,817,2405
2026-04-28,37,4,2088,592,145,52.907,76.802,30,817,2405
2026-05-05,37,4,2199,515,160,52.907,76.802,30,817,2405
2026-05-12,37,4,1675,896,136,52.907,76.802,30,817,2405
2026-05-19,37,4,2319,746,170,52.907,76.802,30,817,2405
2026-05-26,37,4,1423,979,138,52.907,76.802,30,817,2405
2026-06-02,37,4,1800,687,91,52.907,76.802,30,817,2405
2026-06-09,37,4,1400,989,65,52.907,76.802,30,817,2405
2026-06-16,37,4,1689,1014,92,52.907,76.802,30,817,2405
2026-06-23,37,4,1975,700,140,52.907,76.802,30,817,2405
2026-06-30,37,4,1962,671,108,52.907,76.802,30,817,2405
2026-04-07,37,5,650,339,30,9.778,60.79,30,554,847
2026-04-14,37,5,689,319,14,9.778,60.79,30,554,847
2026-04-21,37,5,770,510,18,9.778,60.79,30,554,847
2026-04-28,37,5,837,447,37,9.778,60.79,30,554,847
2026-05-05,37,5,595,472,37,9.778,60.79,30,554,847
2026-05-12,37,5,1001,292,13,9.778,60.79,30,554,847
2026-05-19,37,5,639,432,36,9.778,60.79,30,554,847
2026-05-26,37,5,881,438,26,9.778,60.79,30,554,847
2026-06-02,37,5,934,568,13,9.778,60.79,30,554,847
2026-06-09,37,5,901,300,19,9.778,60.79,30,554,847
2026-06-16,37,5,659,306,39,9.778,60.79,30,554,847
2026-06-23,37,5,983,426,26,9.778,60.79,30,554,847
2026-06-30,37,5,743,267,26,9.778,60.79,30,554,847
2026-04-07,38,1,542,178,18,4.499,43.127,48,495,711
2026-04-14,38,1,562,134,13,4.499,43.127,48,495,711
2026-04-21,38,1,509,162,16,4.499,43.127,48,495,711
2026-04-28,38,1,366,284,10,4.499,43.127,48,495,711
2026-05-05,38,1,523,157,17,4.499,43.127,48,495,711
2026-05-12,38,1,471,193,11,4.499,43.127,48,495,711
2026-05-19,38,1,535,137,9,4.499,43.127,48,495,711
2026-05-26,38,1,352,248,11,4.499,43.127,48,495,711
2026-06-02,38,1,466,121,6,4.499,43.127,48,495,711
2026-06-09,38,1,486,134,15,4.499,43.127,48,495,711
2026-06-16,38,1,469,129,11,4.499,43.127,48,495,711
2026-06-23,38,1,488,170,6,4.499,43.127,48,495,711
2026-06-30,38,1,410,84,12,4.499,43.127,48,495,711
2026-04-07,38,5,2384,842,53,17.433,69.828,48,828,1665
2026-04-14,38,5,1921,1207,32,17.433,69.828,48,828,1665
2026-04-21,38,5,2280,810,67,17.433,69.828,48,828,1665
2026-04-28,38,5,2427,524,22,17.433,69.828,48,828,1665
2026-05-05,38,5,1571,1034,49,17.433,69.828,48,828,1665
2026-05-12,38,5,1952,696,54,17.433,69.828,48,828,1665
2026-05-19,38,5,1740,1059,52,17.433,69.828,48,828,1665
2026-05-26,38,5,1895,1171,39,17.433,69.828,48,828,1665
2026-06-02,38,5,1567,1162,45,17.433,69.828,48,828,1665
2026-06-09,38,5,1976,797,67,17.433,69.828,48,828,1665
2026-06-16,38,5,1866,1018,32,17.433,69.828,48,828,1665
2026-06-23,38,5,2016,1047,58,17.433,69.828,48,828,1665
2026-06-30,38,5,2111,800,41,17.433,69.828,48,828,1665
2026-04-07,38,7,861,431,16,4.419,62.956,48,720,932
2026-04-14,38,7,653,481,16,4.419,62.956,48,720,932
2026-04-21,38,7,880,509,16,4.419,62.956,48,720,932
2026-04-28,38,7,863,276,15,4.419,62.956,48,720,932
2026-05-05,38,7,746,408,10,4.419,62.956,48,720,932
2026-05-12,38,7,1116,228,5,4.419,62.956,48,720,932
2026-05-19,38,7,986,180,14,4.419,62.956,48,720,932
2026-05-26,38,7,754,262,15,4.419,62.956,48,720,932
2026-06-02,38,7,575,453,14,4.419,62.956,48,720,932
2026-06-09,38,7,798,354,11,4.419,62.956,48,720,932
2026-06-16,38,7,841,316,6,4.419,62.956,48,720,932
2026-06-23,38,7,693,217,17,4.419,62.956,48,720,932
2026-06-30,38,7,758,337,15,4.419,62.956,48,720,932
2026-04-07,39,1,252,184,11,6.343,70.068,10,365,428
2026-04-14,39,1,288,120,8,6.343,70.068,10,365,428
2026-04-21,39,1,373,71,21,6.343,70.068,10,365,428
2026-04-28,39,1,249,124,12,6.343,70.068,10,365,428
2026-05-05,39,1,267,189,14,6.343,70.068,10,365,428
2026-05-12,39,1,356,88,19,6.343,70.068,10,365,428
2026-05-19,39,1,407,187,18,6.343,70.068,10,365,428
2026-05-26,39,1,346,70,11,6.343,70.068,10,365,428
2026-06-02,39,1,318,190,14,6.343,70.068,10,365,428
2026-06-09,39,1,329,129,10,6.343,70.068,10,365,428
2026-06-16,39,1,299,165,15,6.343,70.068,10,365,428
2026-06-23,39,1,256,197,15,6.343,70.068,10,365,428
2026-06-30,39,1,400,112,20,6.343,70.068,10,365,428
2026-04-07,39,3,79,18,3,3.14,38.992,10,203,234
2026-04-14,39,3,60,26,8,3.14,38.992,10,203,234
2026-04-21,39,3,77,27,12,3.14,38.992,10,203,234
2026-04-28,39,3,84,32,4,3.14,38.992,10,203,234
2026-05-05,39,3,92,24,6,3.14,38.992,10,203,234
2026-05-12,39,3,93,29,6,3.14,38.992,10,203,234
2026-05-19,39,3,73,52,12,3.14,38.992,10,203,234
2026-05-26,39,3,81,49,7,3.14,38.992,10,203,234
2026-06-02,39,3,77,46,12,3.14,38.992,10,203,234
2026-06-09,39,3,92,20,6,3.14,38.992,10,203,234
2026-06-16,39,3,89,26,7,3.14,38.992,10,203,234
2026-06-23,39,3,115,22,12,3.14,38.992,10,203,234
2026-06-30,39,3,111,37,9,3.14,38.992,10,203,234
2026-04-07,39,4,217,133,19,7.108,75.272,10,392,463
2026-04-14,39,4,219,118,20,7.108,75.272,10,392,463
2026-04-21,39,4,296,63,21,7.108,75.272,10,392,463
2026-04-28,39,4,262,121,18,7.108,75.272,10,392,463
2026-05-05,39,4,306,118,25,7.108,75.272,10,392,463
2026-05-12,39,4,345,63,22,7.108,75.272,10,392,463
2026-05-19,39,4,247,192,20,7.108,75.272,10,392,463
2026-05-26,39,4,303,55,20,7.108,75.272,10,392,463
2026-06-02,39,4,226,157,17,7.108,75.272,10,392,463
2026-06-09,39,4,227,158,20,7.108,75.272,10,392,463
2026-06-16,39,4,385,84,27,7.108,75.272,10,392,463
2026-06-23,39,4,288,129,18,7.108,75.272,10,392,463
2026-06-30,39,4,285,123,14,7.108,75.272,10,392,463
2026-04-07,39,5,90,57,13,4.678,41.248,10,215,262
2026-04-14,39,5,78,44,8,4.678,41.248,10,215,262
2026-04-21,39,5,103,38,7,4.678,41.248,10,215,262
2026-04-28,39,5,91,37,7,4.678,41.248,10,215,262
2026-05-05,39,5,63,47,18,4.678,41.248,10,215,262
2026-05-12,39,5,87,25,18,4.678,41.248,10,215,262
2026-05-19,39,5,101,45,14,4.678,41.248,10,215,262
2026-05-26,39,5,89,49,11,4.678,41.248,10,215,262
2026-06-02,39,5,107,27,6,4.678,41.248,10,215,262
2026-06-09,39,5,86,65,6,4.678,41.248,10,215,262
2026-06-16,39,5,108,47,10,4.678,41.248,10,215,262
2026-06-23,39,5,109,20,6,4.678,41.248,10,215,262
2026-06-30,39,5,88,51,14,4.678,41.248,10,215,262
2026-04-07,39,7,149,76,8,4.667,41.576,10,217,263
2026-04-14,39,7,127,61,9,4.667,41.576,10,217,263
2026-04-21,39,7,169,32,8,4.667,41.576,10,217,263
2026-04-28,39,7,150,103,13,4.667,41.576,10,217,263
2026-05-05,39,7,190,41,10,4.667,41.576,10,217,263
2026-05-12,39,7,127,88,18,4.667,41.576,10,217,263
2026-05-19,39,7,195,53,15,4.667,41.576,10,217,263
2026-05-26,39,7,207,48,5,4.667,41.576,10,217,263
2026-06-02,39,7,179,53,12,4.667,41.576,10,217,263
2026-06-09,39,7,149,119,11,4.667,41.576,10,217,263
2026-06-16,39,7,167,49,5,4.667,41.576,10,217,263
2026-06-23,39,7,204,50,6,4.667,41.576,10,217,263
2026-06-30,39,7,165,96,5,4.667,41.576,10,217,263
2026-04-07,39,9,272,90,13,4.277,39.695,10,207,250
2026-04-14,39,9,251,98,5,4.277,39.695,10,207,250
2026-04-21,39,9,291,72,12,4.277,39.695,10,207,250
2026-04-28,39,9,248,114,14,4.277,39.695,10,207,250
2026-05-05,39,9,232,145,14,4.277,39.695,10,207,250
2026-05-12,39,9,325,88,14,4.277,39.695,10,207,250
2026-05-19,39,9,232,119,12,4.277,39.695,10,207,250
2026-05-26,39,9,302,150,15,4.277,39.695,10,207,250
2026-06-02,39,9,359,66,14,4.277,39.695,10,207,250
2026-06-09,39,9,247,52,14,4.277,39.695,10,207,250
2026-06-16,39,9,320,124,16,4.277,39.695,10,207,250
2026-06-23,39,9,356,79,5,4.277,39.695,10,207,250
2026-06-30,39,9,236,139,7,4.277,39.695,10,207,250
2026-04-07,39,10,60,42,15,4.19,36.986,10,193,235
2026-04-14,39,10,83,34,16,4.19,36.986,10,193,235
2026-04-21,39,10,81,24,10,4.19,36.986,10,193,235
2026-04-28,39,10,77,50,13,4.19,36.986,10,193,235
2026-05-05,39,10,95,37,13,4.19,36.986,10,193,235
2026-05-12,39,10,75,36,9,4.19,36.986,10,193,235
2026-05-19,39,10,65,36,14,4.19,36.986,10,193,235
2026-05-26,39,10,81,47,13,4.19,36.986,10,193,235
2026-06-02,39,10,97,32,12,4.19,36.986,10,193,235
2026-06-09,39,10,85,50,15,4.19,36.986,10,193,235
2026-06-16,39,10,98,24,7,4.19,36.986,10,193,235
2026-06-23,39,10,102,39,5,4.19,36.986,10,193,235
2026-06-30,39,10,81,46,7,4.19,36.986,10,193,235
2026-04-07,40,4,1,0,0,0.041,0.0,37,0,2
2026-04-14,40,4,1,1,0,0.041,0.0,37,0,2
2026-04-21,40,4,1,0,0,0.041,0.0,37,0,2
2026-04-28,40,4,1,1,0,0.041,0.0,37,0,2
2026-05-05,40,4,1,1,0,0.041,0.0,37,0,2
2026-05-12,40,4,1,0,0,0.041,0.0,37,0,2
2026-05-19,40,4,1,1,0,0.041,0.0,37,0,2
2026-05-26,40,4,1,1,0,0.041,0.0,37,0,2
2026-06-02,40,4,1,1,0,0.041,0.0,37,0,2
2026-06-09,40,4,1,1,0,0.041,0.0,37,0,2
2026-06-16,40,4,1,1,0,0.041,0.0,37,0,2
2026-06-23,40,4,2,0,0,0.041,0.0,37,0,2
2026-06-30,40,4,1,0,0,0.041,0.0,37,0,2
2026-04-07,40,5,340,64,4,1.922,31.596,37,317,388
2026-04-14,40,5,254,131,4,1.922,31.596,37,317,388
2026-04-21,40,5,232,148,6,1.922,31.596,37,317,388
2026-04-28,40,5,214,134,2,1.922,31.596,37,317,388
2026-05-05,40,5,260,63,7,1.922,31.596,37,317,388
2026-05-12,40,5,268,161,3,1.922,31.596,37,317,388
2026-05-19,40,5,262,119,6,1.922,31.596,37,317,388
2026-05-26,40,5,319,76,7,1.922,31.596,37,317,388
2026-06-02,40,5,220,144,7,1.922,31.596,37,317,388
2026-06-09,40,5,261,88,3,1.922,31.596,37,317,388
2026-06-16,40,5,306,76,3,1.922,31.596,37,317,388
2026-06-23,40,5,278,131,6,1.922,31.596,37,317,388
2026-06-30,40,5,300,115,4,1.922,31.596,37,317,388
2026-04-07,40,6,420,251,21,7.42,39.076,37,396,670
2026-04-14,40,6,421,170,8,7.42,39.076,37,396,670
2026-04-21,40,6,313,195,28,7.42,39.076,37,396,670
2026-04-28,40,6,423,230,21,7.42,39.076,37,396,670
2026-05-05,40,6,637,113,21,7.42,39.076,37,396,670
2026-05-12,40,6,417,194,23,7.42,39.076,37,396,670
2026-05-19,40,6,540,144,18,7.42,39.076,37,396,670
2026-05-26,40,6,490,245,12,7.42,39.076,37,396,670
2026-06-02,40,6,442,111,29,7.42,39.076,37,396,670
2026-06-09,40,6,522,153,21,7.42,39.076,37,396,670
2026-06-16,40,6,469,158,22,7.42,39.076,37,396,670
2026-06-23,40,6,274,214,12,7.42,39.076,37,396,670
2026-06-30,40,6,434,247,25,7.42,39.076,37,396,670
2026-04-07,41,2,520,123,18,8.694,47.11,32,444,722
2026-04-14,41,2,613,139,18,8.694,47.11,32,444,722
2026-04-21,41,2,552,292,19,8.694,47.11,32,444,722
2026-04-28,41,2,371,250,23,8.694,47.11,32,444,722
2026-05-05,41,2,552,104,18,8.694,47.11,32,444,722
2026-05-12,41,2,498,403,26,8.694,47.11,32,444,722
2026-05-19,41,2,582,254,13,8.694,47.11,32,444,722
2026-05-26,41,2,445,213,19,8.694,47.11,32,444,722
2026-06-02,41,2,428,178,11,8.694,47.11,32,444,722
2026-06-09,41,2,520,260,26,8.694,47.11,32,444,722
2026-06-16,41,2,578,162,10,8.694,47.11,32,444,722
2026-06-23,41,2,531,427,9,8.694,47.11,32,444,722
2026-06-30,41,2,475,338,17,8.694,47.11,32,444,722
2026-04-07,41,4,204,125,4,1.686,26.343,32,246,299
2026-04-14,41,4,183,140,5,1.686,26.343,32,246,299
2026-04-21,41,4,208,75,5,1.686,26.343,32,246,299
2026-04-28,41,4,192,111,4,1.686,26.343,32,246,299
2026-05-05,41,4,257,111,6,1.686,26.343,32,246,299
2026-05-12,41,4,187,107,4,1.686,26.343,32,246,299
2026-05-19,41,4,190,89,4,1.686,26.343,32,246,299
2026-05-26,41,4,163,129,2,1.686,26.343,32,246,299
2026-06-02,41,4,234,81,6,1.686,26.343,32,246,299
2026-06-09,41,4,178,102,2,1.686,26.343,32,246,299
2026-06-16,41,4,185,139,6,1.686,26.343,32,246,299
2026-06-23,41,4,207,121,2,1.686,26.343,32,246,299
2026-06-30,41,4,197,58,4,1.686,26.343,32,246,299
2026-04-07,41,6,982,608,12,5.549,68.883,32,643,820
2026-04-14,41,6,1179,427,18,5.549,68.883,32,643,820
2026-04-21,41,6,998,209,20,5.549,68.883,32,643,820
2026-04-28,41,6,1146,510,8,5.549,68.883,32,643,820
2026-05-05,41,6,1113,271,12,5.549,68.883,32,643,820
2026-05-12,41,6,1088,277,12,5.549,68.883,32,643,820
2026-05-19,41,6,1130,416,9,5.549,68.883,32,643,820
2026-05-26,41,6,1203,301,9,5.549,68.883,32,643,820
2026-06-02,41,6,1192,594,13,5.549,68.883,32,643,820
2026-06-09,41,6,790,615,17,5.549,68.883,32,643,820
2026-06-16,41,6,959,768,9,5.549,68.883,32,643,820
2026-06-23,41,6,1068,684,11,5.549,68.883,32,643,820
2026-06-30,41,6,810,633,12,5.549,68.883,32,643,820
2026-04-07,42,1,448,149,1,0.403,109.058,12,621,626
2026-04-14,42,1,298,220,1,0.403,109.058,12,621,626
2026-04-21,42,1,368,230,1,0.403,109.058,12,621,626
2026-04-28,42,1,514,235,1,0.403,109.058,12,621,626
2026-05-05,42,1,595,122,1,0.403,109.058,12,621,626
2026-05-12,42,1,340,206,1,0.403,109.058,12,621,626
2026-05-19,42,1,541,263,1,0.403,109.058,12,621,626
2026-05-26,42,1,379,298,1,0.403,109.058,12,621,626
2026-06-02,42,1,672,122,1,0.403,109.058,12,621,626
2026-06-09,42,1,374,303,1,0.403,109.058,12,621,626
2026-06-16,42,1,492,254,1,0.403,109.058,12,621,626
2026-06-23,42,1,493,225,1,0.403,109.058,12,621,626
2026-06-30,42,1,728,236,1,0.403,109.058,12,621,626
2026-04-07,42,3,111,32,1,0.165,22.38,12,128,130
2026-04-14,42,3,64,45,0,0.165,22.38,12,128,130
2026-04-21,42,3,77,53,1,0.165,22.38,12,128,130
2026-04-28,42,3,91,41,1,0.165,22.38,12,128,130
2026-05-05,42,3,102,46,1,0.165,22.38,12,128,130
2026-05-12,42,3,72,27,0,0.165,22.38,12,128,130
2026-05-19,42,3,107,48,0,0.165,22.38,12,128,130
2026-05-26,42,3,99,45,1,0.165,22.38,12,128,130
2026-06-02,42,3,90,61,0,0.165,22.38,12,128,130
2026-06-09,42,3,140,26,0,0.165,22.38,12,128,130
2026-06-16,42,3,94,61,1,0.165,22.38,12,128,130
2026-06-23,42,3,101,60,1,0.165,22.38,12,128,130
2026-06-30,42,3,79,55,1,0.165,22.38,12,128,130
2026-04-07,42,4,114,22,1,0.3,25.249,12,144,147
2026-04-14,42,4,95,47,1,0.3,25.249,12,144,147
2026-04-21,42,4,92,54,1,0.3,25.249,12,144,147
2026-04-28,42,4,114,65,1,0.3,25.249,12,144,147
2026-05-05,42,4,95,77,1,0.3,25.249,12,144,147
2026-05-12,42,4,110,41,1,0.3,25.249,12,144,147
2026-05-19,42,4,107,64,0,0.3,25.249,12,144,147
2026-05-26,42,4,123,29,0,0.3,25.249,12,144,147
2026-06-02,42,4,127,26,1,0.3,25.249,12,144,147
2026-06-09,42,4,90,63,1,0.3,25.249,12,144,147
2026-06-16,42,4,112,54,1,0.3,25.249,12,144,147
2026-06-23,42,4,127,43,0,0.3,25.249,12,144,147
2026-06-30,42,4,112,25,1,0.3,25.249,12,144,147
2026-04-07,42,5,80,37,1,0.194,24.726,12,141,143
2026-04-14,42,5,75,60,1,0.194,24.726,12,141,143
2026-04-21,42,5,105,58,1,0.194,24.726,12,141,143
2026-04-28,42,5,130,23,0,0.194,24.726,12,141,143
2026-05-05,42,5,92,51,1,0.194,24.726,12,141,143
2026-05-12,42,5,83,63,1,0.194,24.726,12,141,143
2026-05-19,42,5,123,38,1,0.194,24.726,12,141,143
2026-05-26,42,5,104,51,0,0.194,24.726,12,141,143
2026-06-02,42,5,104,82,1,0.194,24.726,12,141,143
2026-06-09,42,5,79,53,0,0.194,24.726,12,141,143
2026-06-16,42,5,92,56,1,0.194,24.726,12,141,143
2026-06-23,42,5,126,26,0,0.194,24.726,12,141,143
2026-06-30,42,5,113,74,1,0.194,24.726,12,141,143
2026-04-07,42,7,203,137,1,0.204,65.761,12,375,377
2026-04-14,42,7,222,170,0,0.204,65.761,12,375,377
2026-04-21,42,7,205,155,0,0.204,65.761,12,375,377
2026-04-28,42,7,248,151,0,0.204,65.761,12,375,377
2026-05-05,42,7,244,157,1,0.204,65.761,12,375,377
2026-05-12,42,7,253,136,1,0.204,65.761,12,375,377
2026-05-19,42,7,264,128,1,0.204,65.761,12,375,377
2026-05-26,42,7,328,76,0,0.204,65.761,12,375,377
2026-06-02,42,7,221,150,1,0.204,65.761,12,375,377
2026-06-09,42,7,251,136,1,0.204,65.761,12,375,377
2026-06-16,42,7,275,139,0,0.204,65.761,12,375,377
2026-06-23,42,7,289,186,1,0.204,65.761,12,375,377
2026-06-30,42,7,224,125,1,0.204,65.761,12,375,377
2026-04-07,42,9,86,17,1,0.211,17.341,12,99,101
2026-04-14,42,9,86,19,1,0.211,17.341,12,99,101
2026-04-21,42,9,62,41,0,0.211,17.341,12,99,101
2026-04-28,42,9,81,36,0,0.211,17.341,12,99,101
2026-05-05,42,9,66,42,0,0.211,17.341,12,99,101
2026-05-12,42,9,100,21,0,0.211,17.341,12,99,101
2026-05-19,42,9,79,55,0,0.211,17.341,12,99,101
2026-05-26,42,9,88,20,0,0.211,17.341,12,99,101
2026-06-02,42,9,86,23,1,0.211,17.341,12,99,101
2026-06-09,42,9,76,54,0,0.211,17.341,12,99,101
2026-06-16,42,9,87,34,0,0.211,17.341,12,99,101
2026-06-23,42,9,99,23,1,0.211,17.341,12,99,101
2026-06-30,42,9,64,31,1,0.211,17.341,12,99,101
2026-04-07,42,10,70,24,0,0.213,16.563,12,94,97
2026-04-14,42,10,56,40,1,0.213,16.563,12,94,97
2026-04-21,42,10,77,23,0,0.213,16.563,12,94,97
2026-04-28,42,10,61,30,0,0.213,16.563,12,94,97
2026-05-05,42,10,79,18,1,0.213,16.563,12,94,97
2026-05-12,42,10,73,21,0,0.213,16.563,12,94,97
2026-05-19,42,10,61,29,1,0.213,16.563,12,94,97
2026-05-26,42,10,95,20,0,0.213,16.563,12,94,97
2026-06-02,42,10,56,44,0,0.213,16.563,12,94,97
2026-06-09,42,10,71,39,0,0.213,16.563,12,94,97
2026-06-16,42,10,88,19,1,0.213,16.563,12,94,97
2026-06-23,42,10,81,31,1,0.213,16.563,12,94,97
2026-06-30,42,10,70,32,0,0.213,16.563,12,94,97
2026-04-07,43,1,230,142,9,2.374,52.905,15,337,373
2026-04-14,43,1,273,135,7,2.374,52.905,15,337,373
2026-04-21,43,1,360,78,5,2.374,52.905,15,337,373
2026-04-28,43,1,301,120,9,2.374,52.905,15,337,373
2026-05-05,43,1,328,61,5,2.374,52.905,15,337,373
2026-05-12,43,1,264,97,8,2.374,52.905,15,337,373
2026-05-19,43,1,308,67,4,2.374,52.905,15,337,373
2026-05-26,43,1,292,133,6,2.374,52.905,15,337,373
2026-06-02,43,1,362,66,3,2.374,52.905,15,337,373
2026-06-09,43,1,297,204,7,2.374,52.905,15,337,373
2026-06-16,43,1,316,158,7,2.374,52.905,15,337,373
2026-06-23,43,1,304,87,6,2.374,52.905,15,337,373
2026-06-30,43,1,288,129,9,2.374,52.905,15,337,373
2026-04-07,43,3,148,48,3,1.307,43.015,15,274,294
2026-04-14,43,3,188,68,5,1.307,43.015,15,274,294
2026-04-21,43,3,155,63,2,1.307,43.015,15,274,294
2026-04-28,43,3,151,93,4,1.307,43.015,15,274,294
2026-05-05,43,3,195,36,2,1.307,43.015,15,274,294
2026-05-12,43,3,149,84,3,1.307,43.015,15,274,294
2026-05-19,43,3,194,68,5,1.307,43.015,15,274,294
2026-05-26,43,3,179,108,4,1.307,43.015,15,274,294
2026-06-02,43,3,158,77,4,1.307,43.015,15,274,294
2026-06-09,43,3,197,89,4,1.307,43.015,15,274,294
2026-06-16,43,3,243,73,5,1.307,43.015,15,274,294
2026-06-23,43,3,202,82,4,1.307,43.015,15,274,294
2026-06-30,43,3,159,102,4,1.307,43.015,15,274,294
2026-04-07,43,4,520,158,11,3.997,61.775,15,394,454
2026-04-14,43,4,496,97,12,3.997,61.775,15,394,454
2026-04-21,43,4,401,192,8,3.997,61.775,15,394,454
2026-04-28,43,4,433,250,16,3.997,61.775,15,394,454
2026-05-05,43,4,402,181,5,3.997,61.775,15,394,454
2026-05-12,43,4,378,262,11,3.997,61.775,15,394,454
2026-05-19,43,4,523,161,7,3.997,61.775,15,394,454
2026-05-26,43,4,521,148,9,3.997,61.775,15,394,454
2026-06-02,43,4,644,172,16,3.997,61.775,15,394,454
2026-06-09,43,4,528,221,14,3.997,61.775,15,394,454
2026-06-16,43,4,411,215,12,3.997,61.775,15,394,454
2026-06-23,43,4,533,212,8,3.997,61.775,15,394,454
2026-06-30,43,4,702,222,5,3.997,61.775,15,394,454
2026-04-07,43,5,210,77,4,2.681,39.535,15,252,292
2026-04-14,43,5,195,103,6,2.681,39.535,15,252,292
2026-04-21,43,5,197,148,7,2.681,39.535,15,252,292
2026-04-28,43,5,192,105,8,2.681,39.535,15,252,292
2026-05-05,43,5,173,120,6,2.681,39.535,15,252,292
2026-05-12,43,5,191,138,8,2.681,39.535,15,252,292
2026-05-19,43,5,192,100,9,2.681,39.535,15,252,292
2026-05-26,43,5,269,106,7,2.681,39.535,15,252,292
2026-06-02,43,5,308,75,5,2.681,39.535,15,252,292
2026-06-09,43,5,178,100,4,2.681,39.535,15,252,292
2026-06-16,43,5,300,74,5,2.681,39.535,15,252,292
2026-06-23,43,5,184,135,9,2.681,39.535,15,252,292
2026-06-30,43,5,200,135,11,2.681,39.535,15,252,292
2026-04-07,43,7,343,228,7,2.69,50.294,15,321,361
2026-04-14,43,7,413,144,7,2.69,50.294,15,321,361
2026-04-21,43,7,299,237,9,2.69,50.294,15,321,361
2026-04-28,43,7,400,113,9,2.69,50.294,15,321,361
2026-05-05,43,7,317,164,6,2.69,50.294,15,321,361
2026-05-12,43,7,417,78,5,2.69,50.294,15,321,361
2026-05-19,43,7,360,226,9,2.69,50.294,15,321,361
2026-05-26,43,7,435,139,3,2.69,50.294,15,321,361
2026-06-02,43,7,453,122,7,2.69,50.294,15,321,361
2026-06-09,43,7,490,139,6,2.69,50.294,15,321,361
2026-06-16,43,7,429,186,5,2.69,50.294,15,321,361
2026-06-23,43,7,347,185,6,2.69,50.294,15,321,361
2026-06-30,43,7,366,113,4,2.69,50.294,15,321,361
2026-04-07,43,9,268,71,3,3.118,38.766,15,247,294
2026-04-14,43,9,184,103,10,3.118,38.766,15,247,294
2026-04-21,43,9,167,97,11,3.118,38.766,15,247,294
2026-04-28,43,9,155,104,4,3.118,38.766,15,247,294
2026-05-05,43,9,266,89,7,3.118,38.766,15,247,294
2026-05-12,43,9,258,51,4,3.118,38.766,15,247,294
2026-05-19,43,9,233,79,11,3.118,38.766,15,247,294
2026-05-26,43,9,239,58,9,3.118,38.766,15,247,294
2026-06-02,43,9,189,137,7,3.118,38.766,15,247,294
2026-06-09,43,9,310,60,11,3.118,38.766,15,247,294
2026-06-16,43,9,239,94,11,3.118,38.766,15,247,294
2026-06-23,43,9,243,79,12,3.118,38.766,15,247,294
2026-06-30,43,9,225,86,11,3.118,38.766,15,247,294
2026-04-07,43,10,129,72,7,1.977,29.446,15,188,218
2026-04-14,43,10,110,60,5,1.977,29.446,15,188,218
2026-04-21,43,10,163,69,7,1.977,29.446,15,188,218
2026-04-28,43,10,160,28,3,1.977,29.446,15,188,218
2026-05-05,43,10,204,44,4,1.977,29.446,15,188,218
2026-05-12,43,10,217,47,2,1.977,29.446,15,188,218
2026-05-19,43,10,201,74,2,1.977,29.446,15,188,218
2026-05-26,43,10,154,115,5,1.977,29.446,15,188,218
2026-06-02,43,10,142,60,6,1.977,29.446,15,188,218
2026-06-09,43,10,200,51,3,1.977,29.446,15,188,218
2026-06-16,43,10,134,108,5,1.977,29.446,15,188,218
2026-06-23,43,10,137,102,4,1.977,29.446,15,188,218
2026-06-30,43,10,182,53,7,1.977,29.446,15,188,218
2026-04-07,44,1,263,68,2,0.709,49.789,8,232,237
2026-04-14,44,1,274,77,2,0.709,49.789,8,232,237
2026-04-21,44,1,233,64,1,0.709,49.789,8,232,237
2026-04-28,44,1,256,96,2,0.709,49.789,8,232,237
2026-05-05,44,1,286,56,1,0.709,49.789,8,232,237
2026-05-12,44,1,246,45,2,0.709,49.789,8,232,237
2026-05-19,44,1,267,100,2,0.709,49.789,8,232,237
2026-05-26,44,1,285,61,2,0.709,49.789,8,232,237
2026-06-02,44,1,221,63,2,0.709,49.789,8,232,237
2026-06-09,44,1,257,114,1,0.709,49.789,8,232,237
2026-06-16,44,1,233,107,3,0.709,49.789,8,232,237
2026-06-23,44,1,196,106,2,0.709,49.789,8,232,237
2026-06-30,44,1,299,133,1,0.709,49.789,8,232,237
2026-04-07,44,3,118,64,3,0.934,43.938,8,204,212
2026-04-14,44,3,126,54,2,0.934,43.938,8,204,212
2026-04-21,44,3,113,68,3,0.934,43.938,8,204,212
2026-04-28,44,3,140,72,1,0.934,43.938,8,204,212
2026-05-05,44,3,137,27,3,0.934,43.938,8,204,212
2026-05-12,44,3,169,41,2,0.934,43.938,8,204,212
2026-05-19,44,3,106,54,2,0.934,43.938,8,204,212
2026-05-26,44,3,146,42,2,0.934,43.938,8,204,212
2026-06-02,44,3,165,45,1,0.934,43.938,8,204,212
2026-06-09,44,3,141,52,1,0.934,43.938,8,204,212
2026-06-16,44,3,107,69,2,0.934,43.938,8,204,212
2026-06-23,44,3,127,95,3,0.934,43.938,8,204,212
2026-06-30,44,3,150,47,3,0.934,43.938,8,204,212
2026-04-07,44,4,188,76,5,1.427,69.298,8,322,334
2026-04-14,44,4,177,74,3,1.427,69.298,8,322,334
2026-04-21,44,4,207,79,5,1.427,69.298,8,322,334
2026-04-28,44,4,204,83,4,1.427,69.298,8,322,334
2026-05-05,44,4,177,85,4,1.427,69.298,8,322,334
2026-05-12,44,4,171,109,6,1.427,69.298,8,322,334
2026-05-19,44,4,204,150,4,1.427,69.298,8,322,334
2026-05-26,44,4,200,61,5,1.427,69.298,8,322,334
2026-06-02,44,4,197,80,5,1.427,69.298,8,322,334
2026-06-09,44,4,174,115,4,1.427,69.298,8,322,334
2026-06-16,44,4,219,64,4,1.427,69.298,8,322,334
2026-06-23,44,4,267,76,4,1.427,69.298,8,322,334
2026-06-30,44,4,200,117,3,1.427,69.298,8,322,334
2026-04-07,44,5,171,37,4,1.406,41.694,8,194,205
2026-04-14,44,5,138,62,3,1.406,41.694,8,194,205
2026-04-21,44,5,115,63,3,1.406,41.694,8,194,205
2026-04-28,44,5,175,35,5,1.406,41.694,8,194,205
2026-05-05,44,5,144,71,2,1.406,41.694,8,194,205
2026-05-12,44,5,163,70,2,1.406,41.694,8,194,205
2026-05-19,44,5,163,49,3,1.406,41.694,8,194,205
2026-05-26,44,5,223,53,4,1.406,41.694,8,194,205
2026-06-02,44,5,235,49,3,1.406,41.694,8,194,205
2026-06-09,44,5,162,73,5,1.406,41.694,8,194,205
2026-06-16,44,5,164,81,3,1.406,41.694,8,194,205
2026-06-23,44,5,152,106,6,1.406,41.694,8,194,205
2026-06-30,44,5,140,109,5,1.406,41.694,8,194,205
2026-04-07,44,7,162,54,4,1.431,33.897,8,158,169
2026-04-14,44,7,193,43,2,1.431,33.897,8,158,169
2026-04-21,44,7,182,81,2,1.431,33.897,8,158,169
2026-04-28,44,7,155,59,3,1.431,33.897,8,158,169
2026-05-05,44,7,200,37,2,1.431,33.897,8,158,169
2026-05-12,44,7,148,87,5,1.431,33.897,8,158,169
2026-05-19,44,7,194,56,4,1.431,33.897,8,158,169
2026-05-26,44,7,183,61,4,1.431,33.897,8,158,169
2026-06-02,44,7,150,122,2,1.431,33.897,8,158,169
2026-06-09,44,7,211,55,3,1.431,33.897,8,158,169
2026-06-16,44,7,216,40,4,1.431,33.897,8,158,169
2026-06-23,44,7,179,86,2,1.431,33.897,8,158,169
2026-06-30,44,7,217,81,4,1.431,33.897,8,158,169
2026-04-07,44,9,281,74,2,1.37,52.712,8,245,256
2026-04-14,44,9,242,77,5,1.37,52.712,8,245,256
2026-04-21,44,9,327,78,3,1.37,52.712,8,245,256
2026-04-28,44,9,207,146,3,1.37,52.712,8,245,256
2026-05-05,44,9,223,102,2,1.37,52.712,8,245,256
2026-05-12,44,9,209,147,2,1.37,52.712,8,245,256
2026-05-19,44,9,295,117,5,1.37,52.712,8,245,256
2026-05-26,44,9,211,122,3,1.37,52.712,8,245,256
2026-06-02,44,9,299,82,2,1.37,52.712,8,245,256
2026-06-09,44,9,326,113,2,1.37,52.712,8,245,256
2026-06-16,44,9,315,160,3,1.37,52.712,8,245,256
2026-06-23,44,9,318,119,4,1.37,52.712,8,245,256
2026-06-30,44,9,324,112,5,1.37,52.712,8,245,256
2026-04-07,44,10,90,38,2,1.381,24.729,8,115,126
2026-04-14,44,10,112,26,4,1.381,24.729,8,115,126
2026-04-21,44,10,96,34,2,1.381,24.729,8,115,126
2026-04-28,44,10,74,41,3,1.381,24.729,8,115,126
2026-05-05,44,10,89,67,5,1.381,24.729,8,115,126
2026-05-12,44,10,110,28,4,1.381,24.729,8,115,126
2026-05-19,44,10,89,30,2,1.381,24.729,8,115,126
2026-05-26,44,10,102,43,5,1.381,24.729,8,115,126
2026-06-02,44,10,86,70,4,1.381,24.729,8,115,126
2026-06-09,44,10,85,56,2,1.381,24.729,8,115,126
2026-06-16,44,10,100,27,3,1.381,24.729,8,115,126
2026-06-23,44,10,125,56,2,1.381,24.729,8,115,126
2026-06-30,44,10,85,65,4,1.381,24.729,8,115,126
2026-04-07,45,4,769,443,52,16.37,71.082,39,743,1381
2026-04-14,45,4,914,345,22,16.37,71.082,39,743,1381
2026-04-21,45,4,894,262,43,16.37,71.082,39,743,1381
2026-04-28,45,4,680,485,51,16.37,71.082,39,743,1381
2026-05-05,45,4,1096,231,52,16.37,71.082,39,743,1381
2026-05-12,45,4,708,466,64,16.37,71.082,39,743,1381
2026-05-19,45,4,620,262,36,16.37,71.082,39,743,1381
2026-05-26,45,4,781,301,58,16.37,71.082,39,743,1381
2026-06-02,45,4,638,441,57,16.37,71.082,39,743,1381
2026-06-09,45,4,750,197,59,16.37,71.082,39,743,1381
2026-06-16,45,4,925,173,32,16.37,71.082,39,743,1381
2026-06-23,45,4,733,279,27,16.37,71.082,39,743,1381
2026-06-30,45,4,685,277,65,16.37,71.082,39,743,1381
2026-04-07,45,5,478,271,5,1.972,49.669,39,511,587
2026-04-14,45,5,496,350,4,1.972,49.669,39,511,587
2026-04-21,45,5,632,160,7,1.972,49.669,39,511,587
2026-04-28,45,5,470,262,5,1.972,49.669,39,511,587
2026-05-05,45,5,531,277,3,1.972,49.669,39,511,587
2026-05-12,45,5,519,224,3,1.972,49.669,39,511,587
2026-05-19,45,5,531,303,5,1.972,49.669,39,511,587
2026-05-26,45,5,539,238,6,1.972,49.669,39,511,587
2026-06-02,45,5,477,218,7,1.972,49.669,39,511,587
2026-06-09,45,5,557,127,3,1.972,49.669,39,511,587
2026-06-16,45,5,490,328,7,1.972,49.669,39,511,587
2026-06-23,45,5,400,296,5,1.972,49.669,39,511,587
2026-06-30,45,5,406,206,5,1.972,49.669,39,511,587
2026-04-07,45,7,532,233,5,4.334,57.24,39,589,758
2026-04-14,45,7,461,249,5,4.334,57.24,39,589,758
2026-04-21,45,7,614,255,6,4.334,57.24,39,589,758
2026-04-28,45,7,674,179,13,4.334,57.24,39,589,758
2026-05-05,45,7,614,248,15,4.334,57.24,39,589,758
2026-05-12,45,7,541,201,15,4.334,57.24,39,589,758
2026-05-19,45,7,420,314,16,4.334,57.24,39,589,758
2026-05-26,45,7,542,197,11,4.334,57.24,39,589,758
2026-06-02,45,7,626,172,11,4.334,57.24,39,589,758
2026-06-09,45,7,471,301,6,4.334,57.24,39,589,758
2026-06-16,45,7,562,210,10,4.334,57.24,39,589,758
2026-06-23,45,7,580,133,4,4.334,57.24,39,589,758
2026-06-30,45,7,528,134,8,4.334,57.24,39,589,758
2026-04-07,46,6,571,221,42,11.436,45.583,34,452,840
2026-04-14,46,6,550,270,20,11.436,45.583,34,452,840
2026-04-21,46,6,593,185,44,11.436,45.583,34,452,840
2026-04-28,46,6,635,196,20,11.436,45.583,34,452,840
2026-05-05,46,6,530,219,29,11.436,45.583,34,452,840
2026-05-12,46,6,681,132,20,11.436,45.583,34,452,840
2026-05-19,46,6,456,273,30,11.436,45.583,34,452,840
2026-05-26,46,6,621,262,21,11.436,45.583,34,452,840
2026-06-02,46,6,581,213,21,11.436,45.583,34,452,840
2026-06-09,46,6,581,359,15,11.436,45.583,34,452,840
2026-06-16,46,6,748,231,12,11.436,45.583,34,452,840
2026-06-23,46,6,648,232,36,11.436,45.583,34,452,840
2026-06-30,46,6,511,291,32,11.436,45.583,34,452,840
2026-04-07,46,7,246,168,7,2.119,41.493,34,399,471
2026-04-14,46,7,323,83,4,2.119,41.493,34,399,471
2026-04-21,46,7,300,174,4,2.119,41.493,34,399,471
2026-04-28,46,7,273,212,7,2.119,41.493,34,399,471
2026-05-05,46,7,410,84,7,2.119,41.493,34,399,471
2026-05-12,46,7,299,161,3,2.119,41.493,34,399,471
2026-05-19,46,7,356,174,7,2.119,41.493,34,399,471
2026-05-26,46,7,338,205,7,2.119,41.493,34,399,471
2026-06-02,46,7,381,176,7,2.119,41.493,34,399,471
2026-06-09,46,7,404,72,6,2.119,41.493,34,399,471
2026-06-16,46,7,302,130,5,2.119,41.493,34,399,471
2026-06-23,46,7,349,69,4,2.119,41.493,34,399,471
2026-06-30,46,7,338,154,4,2.119,41.493,34,399,471
2026-04-07,47,2,731,546,4,4.01,139.706,40,1454,1615
2026-04-14,47,2,933,240,6,4.01,139.706,40,1454,1615
2026-04-21,47,2,1069,477,10,4.01,139.706,40,1454,1615
2026-04-28,47,2,942,310,8,4.01,139.706,40,1454,1615
2026-05-05,47,2,874,331,7,4.01,139.706,40,1454,1615
2026-05-12,47,2,1171,245,7,4.01,139.706,40,1454,1615
2026-05-19,47,2,889,201,4,4.01,139.706,40,1454,1615
2026-05-26,47,2,834,375,5,4.01,139.706,40,1454,1615
2026-06-02,47,2,1026,326,5,4.01,139.706,40,1454,1615
2026-06-09,47,2,762,466,7,4.01,139.706,40,1454,1615
2026-06-16,47,2,964,177,14,4.01,139.706,40,1454,1615
2026-06-23,47,2,790,300,4,4.01,139.706,40,1454,1615
2026-06-30,47,2,832,364,15,4.01,139.706,40,1454,1615
2026-04-07,47,8,521,231,1,0.328,86.469,40,900,913
2026-04-14,47,8,745,138,0,0.328,86.469,40,900,913
2026-04-21,47,8,590,252,0,0.328,86.469,40,900,913
2026-04-28,47,8,761,200,0,0.328,86.469,40,900,913
2026-05-05,47,8,594,319,1,0.328,86.469,40,900,913
2026-05-12,47,8,707,257,1,0.328,86.469,40,900,913
2026-05-19,47,8,646,171,0,0.328,86.469,40,900,913
2026-05-26,47,8,656,125,1,0.328,86.469,40,900,913
2026-06-02,47,8,614,377,1,0.328,86.469,40,900,913
2026-06-09,47,8,681,299,1,0.328,86.469,40,900,913
2026-06-16,47,8,615,224,1,0.328,86.469,40,900,913
2026-06-23,47,8,705,164,1,0.328,86.469,40,900,913
2026-06-30,47,8,656,196,1,0.328,86.469,40,900,913
2026-04-07,48,1,260,125,18,5.922,55.185,16,364,459
2026-04-14,48,1,412,94,14,5.922,55.185,16,364,459
2026-04-21,48,1,424,116,12,5.922,55.185,16,364,459
2026-04-28,48,1,300,134,13,5.922,55.185,16,364,459
2026-05-05,48,1,382,123,9,5.922,55.185,16,364,459
2026-05-12,48,1,318,146,24,5.922,55.185,16,364,459
2026-05-19,48,1,349,195,10,5.922,55.185,16,364,459
2026-05-26,48,1,323,183,7,5.922,55.185,16,364,459
2026-06-02,48,1,377,126,24,5.922,55.185,16,364,459
2026-06-09,48,1,392,108,16,5.922,55.185,16,364,459
2026-06-16,48,1,346,261,19,5.922,55.185,16,364,459
2026-06-23,48,1,232,165,23,5.922,55.185,16,364,459
2026-06-30,48,1,355,207,15,5.922,55.185,16,364,459
2026-04-07,48,3,204,130,3,3.236,45.337,16,299,351
2026-04-14,48,3,227,132,8,3.236,45.337,16,299,351
2026-04-21,48,3,221,118,12,3.236,45.337,16,299,351
2026-04-28,48,3,225,126,9,3.236,45.337,16,299,351
2026-05-05,48,3,218,141,10,3.236,45.337,16,299,351
2026-05-12,48,3,268,127,3,3.236,45.337,16,299,351
2026-05-19,48,3,303,96,12,3.236,45.337,16,299,351
2026-05-26,48,3,290,184,6,3.236,45.337,16,299,351
2026-06-02,48,3,249,129,10,3.236,45.337,16,299,351
2026-06-09,48,3,282,151,10,3.236,45.337,16,299,351
2026-06-16,48,3,330,63,9,3.236,45.337,16,299,351
2026-06-23,48,3,273,141,12,3.236,45.337,16,299,351
2026-06-30,48,3,304,148,13,3.236,45.337,16,299,351
2026-04-07,48,4,849,305,14,10.085,64.19,16,425,587
2026-04-14,48,4,741,260,17,10.085,64.19,16,425,587
2026-04-21,48,4,705,207,39,10.085,64.19,16,425,587
2026-04-28,48,4,847,339,19,10.085,64.19,16,425,587
2026-05-05,48,4,774,308,34,10.085,64.19,16,425,587
2026-05-12,48,4,958,255,35,10.085,64.19,16,425,587
2026-05-19,48,4,976,238,38,10.085,64.19,16,425,587
2026-05-26,48,4,745,468,20,10.085,64.19,16,425,587
2026-06-02,48,4,772,419,40,10.085,64.19,16,425,587
2026-06-09,48,4,826,382,39,10.085,64.19,16,425,587
2026-06-16,48,4,1269,262,14,10.085,64.19,16,425,587
2026-06-23,48,4,939,415,12,10.085,64.19,16,425,587
2026-06-30,48,4,1197,383,21,10.085,64.19,16,425,587
2026-04-07,48,5,202,57,6,3.945,30.11,16,199,262
2026-04-14,48,5,172,45,10,3.945,30.11,16,199,262
2026-04-21,48,5,119,78,13,3.945,30.11,16,199,262
2026-04-28,48,5,150,56,9,3.945,30.11,16,199,262
2026-05-05,48,5,159,83,13,3.945,30.11,16,199,262
2026-05-12,48,5,169,96,5,3.945,30.11,16,199,262
2026-05-19,48,5,182,85,7,3.945,30.11,16,199,262
2026-05-26,48,5,139,89,8,3.945,30.11,16,199,262
2026-06-02,48,5,173,77,4,3.945,30.11,16,199,262
2026-06-09,48,5,187,61,10,3.945,30.11,16,199,262
2026-06-16,48,5,197,41,8,3.945,30.11,16,199,262
2026-06-23,48,5,172,54,6,3.945,30.11,16,199,262
2026-06-30,48,5,136,83,7,3.945,30.11,16,199,262
2026-04-07,48,7,397,155,14,6.402,74.322,16,490,592
2026-04-14,48,7,418,172,8,6.402,74.322,16,490,592
2026-04-21,48,7,377,213,10,6.402,74.322,16,490,592
2026-04-28,48,7,359,277,18,6.402,74.322,16,490,592
2026-05-05,48,7,376,306,9,6.402,74.322,16,490,592
2026-05-12,48,7,436,95,18,6.402,74.322,16,490,592
2026-05-19,48,7,418,165,23,6.402,74.322,16,490,592
2026-05-26,48,7,547,136,24,6.402,74.322,16,490,592
2026-06-02,48,7,467,195,8,6.402,74.322,16,490,592
2026-06-09,48,7,567,128,12,6.402,74.322,16,490,592
2026-06-16,48,7,472,171,15,6.402,74.322,16,490,592
2026-06-23,48,7,371,276,11,6.402,74.322,16,490,592
2026-06-30,48,7,420,233,18,6.402,74.322,16,490,592
2026-04-07,48,9,265,147,8,5.553,53.979,16,356,445
2026-04-14,48,9,321,135,6,5.553,53.979,16,356,445
2026-04-21,48,9,342,141,20,5.553,53.979,16,356,445
2026-04-28,48,9,418,89,19,5.553,53.979,16,356,445
2026-05-05,48,9,296,182,8,5.553,53.979,16,356,445
2026-05-12,48,9,316,175,10,5.553,53.979,16,356,445
2026-05-19,48,9,287,178,6,5.553,53.979,16,356,445
2026-05-26,48,9,327,218,9,5.553,53.979,16,356,445
2026-06-02,48,9,399,95,8,5.553,53.979,16,356,445
2026-06-09,48,9,418,124,13,5.553,53.979,16,356,445
2026-06-16,48,9,387,140,21,5.553,53.979,16,356,445
2026-06-23,48,9,372,196,14,5.553,53.979,16,356,445
2026-06-30,48,9,407,110,21,5.553,53.979,16,356,445
2026-04-07,48,10,185,150,10,5.881,40.399,16,267,361
2026-04-14,48,10,284,112,21,5.881,40.399,16,267,361
2026-04-21,48,10,238,118,19,5.881,40.399,16,267,361
2026-04-28,48,10,242,114,12,5.881,40.399,16,267,361
2026-05-05,48,10,219,131,16,5.881,40.399,16,267,361
2026-05-12,48,10,256,142,9,5.881,40.399,16,267,361
2026-05-19,48,10,248,131,21,5.881,40.399,16,267,361
2026-05-26,48,10,251,100,23,5.881,40.399,16,267,361
2026-06-02,48,10,272,144,22,5.881,40.399,16,267,361
2026-06-09,48,10,335,86,20,5.881,40.399,16,267,361
2026-06-16,48,10,306,129,14,5.881,40.399,16,267,361
2026-06-23,48,10,221,159,11,5.881,40.399,16,267,361
2026-06-30,48,10,306,150,16,5.881,40.399,16,267,361
2026-04-07,49,5,278,211,11,6.108,69.333,11,378,446
2026-04-14,49,5,331,173,24,6.108,69.333,11,378,446
2026-04-21,49,5,387,105,21,6.108,69.333,11,378,446
2026-04-28,49,5,324,193,18,6.108,69.333,11,378,446
2026-05-05,49,5,373,116,16,6.108,69.333,11,378,446
2026-05-12,49,5,387,87,9,6.108,69.333,11,378,446
2026-05-19,49,5,379,113,19,6.108,69.333,11,378,446
2026-05-26,49,5,363,118,10,6.108,69.333,11,378,446
2026-06-02,49,5,373,106,22,6.108,69.333,11,378,446
2026-06-09,49,5,344,119,8,6.108,69.333,11,378,446
2026-06-16,49,5,404,93,18,6.108,69.333,11,378,446
2026-06-23,49,5,294,203,17,6.108,69.333,11,378,446
2026-06-30,49,5,463,114,10,6.108,69.333,11,378,446
2026-04-07,49,7,1724,539,195,52.046,94.971,11,525,1098
2026-04-14,49,7,1574,462,94,52.046,94.971,11,525,1098
2026-04-21,49,7,1411,704,158,52.046,94.971,11,525,1098
2026-04-28,49,7,1115,782,134,52.046,94.971,11,525,1098
2026-05-05,49,7,1258,826,164,52.046,94.971,11,525,1098
2026-05-12,49,7,1744,654,191,52.046,94.971,11,525,1098
2026-05-19,49,7,1144,777,76,52.046,94.971,11,525,1098
2026-05-26,49,7,1240,778,127,52.046,94.971,11,525,1098
2026-06-02,49,7,1876,717,106,52.046,94.971,11,525,1098
2026-06-09,49,7,1413,769,116,52.046,94.971,11,525,1098
2026-06-16,49,7,1866,594,97,52.046,94.971,11,525,1098
2026-06-23,49,7,1748,844,75,52.046,94.971,11,525,1098
2026-06-30,49,7,1539,728,94,52.046,94.971,11,525,1098
2026-04-07,50,6,212,46,4,1.802,65.784,28,573,623
2026-04-14,50,6,230,60,3,1.802,65.784,28,573,623
2026-04-21,50,6,238,46,6,1.802,65.784,28,573,623
2026-04-28,50,6,228,55,7,1.802,65.784,28,573,623
2026-05-05,50,6,200,90,7,1.802,65.784,28,573,623
2026-05-12,50,6,190,147,5,1.802,65.784,28,573,623
2026-05-19,50,6,211,90,6,1.802,65.784,28,573,623
2026-05-26,50,6,165,95,3,1.802,65.784,28,573,623
2026-06-02,50,6,242,93,6,1.802,65.784,28,573,623
2026-06-09,50,6,257,50,6,1.802,65.784,28,573,623
2026-06-16,50,6,272,79,5,1.802,65.784,28,573,623
2026-06-23,50,6,241,84,5,1.802,65.784,28,573,623
2026-06-30,50,6,270,69,5,1.802,65.784,28,573,623
2026-04-07,50,8,136,37,2,1.211,38.644,28,337,370
2026-04-14,50,8,113,70,5,1.211,38.644,28,337,370
2026-04-21,50,8,119,66,3,1.211,38.644,28,337,370
2026-04-28,50,8,125,57,2,1.211,38.644,28,337,370
2026-05-05,50,8,93,50,4,1.211,38.644,28,337,370
2026-05-12,50,8,160,37,1,1.211,38.644,28,337,370
2026-05-19,50,8,114,28,2,1.211,38.644,28,337,370
2026-05-26,50,8,110,49,2,1.211,38.644,28,337,370
2026-06-02,50,8,126,44,2,1.211,38.644,28,337,370
2026-06-09,50,8,135,37,1,1.211,38.644,28,337,370
2026-06-16,50,8,129,38,2,1.211,38.644,28,337,370
2026-06-23,50,8,143,36,2,1.211,38.644,28,337,370
2026-06-30,50,8,156,33,2,1.211,38.644,28,337,370
2026-04-07,50,10,316,177,12,3.45,55.548,28,484,581
2026-04-14,50,10,350,121,7,3.45,55.548,28,484,581
2026-04-21,50,10,311,141,6,3.45,55.548,28,484,581
2026-04-28,50,10,300,183,13,3.45,55.548,28,484,581
2026-05-05,50,10,332,151,12,3.45,55.548,28,484,581
2026-05-12,50,10,327,147,7,3.45,55.548,28,484,581
2026-05-19,50,10,350,195,4,3.45,55.548,28,484,581
2026-05-26,50,10,300,234,13,3.45,55.548,28,484,581
2026-06-02,50,10,422,84,8,3.45,55.548,28,484,581
2026-06-09,50,10,252,133,7,3.45,55.548,28,484,581
2026-06-16,50,10,424,114,8,3.45,55.548,28,484,581
2026-06-23,50,10,316,152,11,3.45,55.548,28,484,581
2026-06-30,50,10,530,119,11,3.45,55.548,28,484,581
2026-04-07,51,1,238,83,8,4.114,55.018,17,374,444
2026-04-14,51,1,292,57,14,4.114,55.018,17,374,444
2026-04-21,51,1,234,158,5,4.114,55.018,17,374,444
2026-04-28,51,1,235,110,6,4.114,55.018,17,374,444
2026-05-05,51,1,279,174,4,4.114,55.018,17,374,444
2026-05-12,51,1,314,106,9,4.114,55.018,17,374,444
2026-05-19,51,1,232,148,11,4.114,55.018,17,374,444
2026-05-26,51,1,304,115,9,4.114,55.018,17,374,444
2026-06-02,51,1,247,135,6,4.114,55.018,17,374,444
2026-06-09,51,1,251,57,7,4.114,55.018,17,374,444
2026-06-16,51,1,233,163,9,4.114,55.018,17,374,444
2026-06-23,51,1,340,71,6,4.114,55.018,17,374,444
2026-06-30,51,1,366,65,4,4.114,55.018,17,374,444
2026-04-07,51,3,226,45,14,4.332,44.536,17,303,376
2026-04-14,51,3,205,131,14,4.332,44.536,17,303,376
2026-04-21,51,3,242,76,11,4.332,44.536,17,303,376
2026-04-28,51,3,226,88,6,4.332,44.536,17,303,376
2026-05-05,51,3,297,68,7,4.332,44.536,17,303,376
2026-05-12,51,3,300,60,7,4.332,44.536,17,303,376
2026-05-19,51,3,171,50,15,4.332,44.536,17,303,376
2026-05-26,51,3,284,74,16,4.332,44.536,17,303,376
2026-06-02,51,3,258,82,15,4.332,44.536,17,303,376
2026-06-09,51,3,217,144,5,4.332,44.536,17,303,376
2026-06-16,51,3,191,152,10,4.332,44.536,17,303,376
2026-06-23,51,3,237,85,13,4.332,44.536,17,303,376
2026-06-30,51,3,289,115,6,4.332,44.536,17,303,376
2026-04-07,51,4,258,95,18,5.051,44.493,17,303,389
2026-04-14,51,4,230,95,8,5.051,44.493,17,303,389
2026-04-21,51,4,246,113,14,5.051,44.493,17,303,389
2026-04-28,51,4,273,194,19,5.051,44.493,17,303,389
2026-05-05,51,4,245,144,8,5.051,44.493,17,303,389
2026-05-12,51,4,371,95,18,5.051,44.493,17,303,389
2026-05-19,51,4,255,136,18,5.051,44.493,17,303,389
2026-05-26,51,4,279,75,17,5.051,44.493,17,303,389
2026-06-02,51,4,289,73,17,5.051,44.493,17,303,389
2026-06-09,51,4,379,141,7,5.051,44.493,17,303,389
2026-06-16,51,4,222,120,12,5.051,44.493,17,303,389
2026-06-23,51,4,324,113,6,5.051,44.493,17,303,389
2026-06-30,51,4,349,97,14,5.051,44.493,17,303,389
2026-04-07,51,5,304,62,11,4.188,37.496,17,255,326
2026-04-14,51,5,230,127,7,4.188,37.496,17,255,326
2026-04-21,51,5,261,157,6,4.188,37.496,17,255,326
2026-04-28,51,5,406,157,11,4.188,37.496,17,255,326
2026-05-05,51,5,277,136,10,4.188,37.496,17,255,326
2026-05-12,51,5,318,110,6,4.188,37.496,17,255,326
2026-05-19,51,5,390,110,14,4.188,37.496,17,255,326
2026-05-26,51,5,361,126,7,4.188,37.496,17,255,326
2026-06-02,51,5,353,157,9,4.188,37.496,17,255,326
2026-06-09,51,5,341,95,8,4.188,37.496,17,255,326
2026-06-16,51,5,325,190,15,4.188,37.496,17,255,326
2026-06-23,51,5,342,238,12,4.188,37.496,17,255,326
2026-06-30,51,5,334,213,8,4.188,37.496,17,255,326
2026-04-07,51,7,165,103,15,3.716,43.744,17,297,360
2026-04-14,51,7,249,64,11,3.716,43.744,17,297,360
2026-04-21,51,7,223,101,8,3.716,43.744,17,297,360
2026-04-28,51,7,225,44,13,3.716,43.744,17,297,360
2026-05-05,51,7,166,124,13,3.716,43.744,17,297,360
2026-05-12,51,7,205,97,8,3.716,43.744,17,297,360
2026-05-19,51,7,235,88,6,3.716,43.744,17,297,360
2026-05-26,51,7,194,133,5,3.716,43.744,17,297,360
2026-06-02,51,7,291,78,13,3.716,43.744,17,297,360
2026-06-09,51,7,288,77,10,3.716,43.744,17,297,360
2026-06-16,51,7,224,82,12,3.716,43.744,17,297,360
2026-06-23,51,7,294,52,9,3.716,43.744,17,297,360
2026-06-30,51,7,251,99,8,3.716,43.744,17,297,360
2026-04-07,51,9,250,102,6,4.595,41.731,17,284,362
2026-04-14,51,9,300,73,7,4.595,41.731,17,284,362
2026-04-21,51,9,281,133,17,4.595,41.731,17,284,362
2026-04-28,51,9,254,114,7,4.595,41.731,17,284,362
2026-05-05,51,9,250,96,6,4.595,41.731,17,284,362
2026-05-12,51,9,315,85,7,4.595,41.731,17,284,362
2026-05-19,51,9,325,138,18,4.595,41.731,17,284,362
2026-05-26,51,9,259,161,7,4.595,41.731,17,284,362
2026-06-02,51,9,239,101,15,4.595,41.731,17,284,362
2026-06-09,51,9,285,54,13,4.595,41.731,17,284,362
2026-06-16,51,9,247,198,7,4.595,41.731,17,284,362
2026-06-23,51,9,283,152,8,4.595,41.731,17,284,362
2026-06-30,51,9,292,217,7,4.595,41.731,17,284,362
2026-04-07,51,10,389,110,19,6.024,42.207,17,288,390
2026-04-14,51,10,397,182,18,6.024,42.207,17,288,390
2026-04-21,51,10,362,180,24,6.024,42.207,17,288,390
2026-04-28,51,10,284,212,18,6.024,42.207,17,288,390
2026-05-05,51,10,391,217,13,6.024,42.207,17,288,390
2026-05-12,51,10,460,83,19,6.024,42.207,17,288,390
2026-05-19,51,10,505,134,9,6.024,42.207,17,288,390
2026-05-26,51,10,441,115,7,6.024,42.207,17,288,390
2026-06-02,51,10,353,173,22,6.024,42.207,17,288,390
2026-06-09,51,10,474,122,17,6.024,42.207,17,288,390
2026-06-16,51,10,369,250,21,6.024,42.207,17,288,390
2026-06-23,51,10,420,152,13,6.024,42.207,17,288,390
2026-06-30,51,10,399,149,21,6.024,42.207,17,288,390
2026-04-07,52,1,134,32,9,2.585,64.222,12,366,397
2026-04-14,52,1,102,67,10,2.585,64.222,12,366,397
2026-04-21,52,1,133,90,5,2.585,64.222,12,366,397
2026-04-28,52,1,136,64,4,2.585,64.222,12,366,397
2026-05-05,52,1,173,35,9,2.585,64.222,12,366,397
2026-05-12,52,1,144,32,4,2.585,64.222,12,366,397
2026-05-19,52,1,141,71,8,2.585,64.222,12,366,397
2026-05-26,52,1,137,26,3,2.585,64.222,12,366,397
2026-06-02,52,1,151,32,10,2.585,64.222,12,366,397
2026-06-09,52,1,129,43,8,2.585,64.222,12,366,397
2026-06-16,52,1,126,65,3,2.585,64.222,12,366,397
2026-06-23,52,1,138,88,3,2.585,64.222,12,366,397
2026-06-30,52,1,148,60,10,2.585,64.222,12,366,397
2026-04-07,52,3,277,86,10,2.533,56.547,12,322,353
2026-04-14,52,3,284,57,7,2.533,56.547,12,322,353
2026-04-21,52,3,278,55,4,2.533,56.547,12,322,353
2026-04-28,52,3,373,85,10,2.533,56.547,12,322,353
2026-05-05,52,3,337,66,3,2.533,56.547,12,322,353
2026-05-12,52,3,258,142,9,2.533,56.547,12,322,353
2026-05-19,52,3,206,155,7,2.533,56.547,12,322,353
2026-05-26,52,3,273,58,8,2.533,56.547,12,322,353
2026-06-02,52,3,335,85,9,2.533,56.547,12,322,353
2026-06-09,52,3,302,134,4,2.533,56.547,12,322,353
2026-06-16,52,3,301,153,9,2.533,56.547,12,322,353
2026-06-23,52,3,237,152,7,2.533,56.547,12,322,353
2026-06-30,52,3,251,182,9,2.533,56.547,12,322,353
2026-04-07,52,4,113,63,4,3.766,62.903,12,359,404
2026-04-14,52,4,162,31,14,3.766,62.903,12,359,404
2026-04-21,52,4,105,78,13,3.766,62.903,12,359,404
2026-04-28,52,4,163,73,13,3.766,62.903,12,359,404
2026-05-05,52,4,148,80,10,3.766,62.903,12,359,404
2026-05-12,52,4,99,53,13,3.766,62.903,12,359,404
2026-05-19,52,4,146,60,9,3.766,62.903,12,359,404
2026-05-26,52,4,141,84,5,3.766,62.903,12,359,404
2026-06-02,52,4,105,65,11,3.766,62.903,12,359,404
2026-06-09,52,4,144,85,11,3.766,62.903,12,359,404
2026-06-16,52,4,177,38,13,3.766,62.903,12,359,404
2026-06-23,52,4,170,42,13,3.766,62.903,12,359,404
2026-06-30,52,4,164,35,11,3.766,62.903,12,359,404
2026-04-07,52,5,202,131,7,2.325,64.946,12,370,398
2026-04-14,52,5,251,73,8,2.325,64.946,12,370,398
2026-04-21,52,5,257,95,3,2.325,64.946,12,370,398
2026-04-28,52,5,221,137,7,2.325,64.946,12,370,398
2026-05-05,52,5,258,86,5,2.325,64.946,12,370,398
2026-05-12,52,5,249,127,6,2.325,64.946,12,370,398
2026-05-19,52,5,301,53,9,2.325,64.946,12,370,398
2026-05-26,52,5,274,102,7,2.325,64.946,12,370,398
2026-06-02,52,5,190,126,4,2.325,64.946,12,370,398
2026-06-09,52,5,232,189,5,2.325,64.946,12,370,398
2026-06-16,52,5,338,75,6,2.325,64.946,12,370,398
2026-06-23,52,5,294,117,8,2.325,64.946,12,370,398
2026-06-30,52,5,240,118,4,2.325,64.946,12,370,398
2026-04-07,52,7,143,108,6,1.799,36.707,12,209,231
2026-04-14,52,7,170,75,5,1.799,36.707,12,209,231
2026-04-21,52,7,145,115,6,1.799,36.707,12,209,231
2026-04-28,52,7,216,59,6,1.799,36.707,12,209,231
2026-05-05,52,7,133,98,3,1.799,36.707,12,209,231
2026-05-12,52,7,156,60,7,1.799,36.707,12,209,231
2026-05-19,52,7,153,101,3,1.799,36.707,12,209,231
2026-05-26,52,7,194,53,2,1.799,36.707,12,209,231
2026-06-02,52,7,135,66,4,1.799,36.707,12,209,231
2026-06-09,52,7,141,83,4,1.799,36.707,12,209,231
2026-06-16,52,7,221,48,3,1.799,36.707,12,209,231
2026-06-23,52,7,141,105,3,1.799,36.707,12,209,231
2026-06-30,52,7,251,84,2,1.799,36.707,12,209,231
2026-04-07,52,9,385,143,6,2.741,69.804,12,398,431
2026-04-14,52,9,375,95,7,2.741,69.804,12,398,431
2026-04-21,52,9,309,159,4,2.741,69.804,12,398,431
2026-04-28,52,9,313,100,5,2.741,69.804,12,398,431
2026-05-05,52,9,397,116,9,2.741,69.804,12,398,431
2026-05-12,52,9,397,139,9,2.741,69.804,12,398,431
2026-05-19,52,9,254,196,8,2.741,69.804,12,398,431
2026-05-26,52,9,365,97,3,2.741,69.804,12,398,431
2026-06-02,52,9,322,251,11,2.741,69.804,12,398,431
2026-06-09,52,9,274,179,9,2.741,69.804,12,398,431
2026-06-16,52,9,300,167,3,2.741,69.804,12,398,431
2026-06-23,52,9,397,100,6,2.741,69.804,12,398,431
2026-06-30,52,9,382,122,8,2.741,69.804,12,398,431
2026-04-07,52,10,178,114,4,3.204,54.657,12,312,350
2026-04-14,52,10,136,96,5,3.204,54.657,12,312,350
2026-04-21,52,10,160,127,12,3.204,54.657,12,312,350
2026-04-28,52,10,194,72,12,3.204,54.657,12,312,350
2026-05-05,52,10,191,123,13,3.204,54.657,12,312,350
2026-05-12,52,10,174,125,9,3.204,54.657,12,312,350
2026-05-19,52,10,241,67,4,3.204,54.657,12,312,350
2026-05-26,52,10,208,118,11,3.204,54.657,12,312,350
2026-06-02,52,10,248,58,12,3.204,54.657,12,312,350
2026-06-09,52,10,163,105,5,3.204,54.657,12,312,350
2026-06-16,52,10,246,53,7,3.204,54.657,12,312,350
2026-06-23,52,10,213,126,7,3.204,54.657,12,312,350
2026-06-30,52,10,238,135,7,3.204,54.657,12,312,350
2026-04-07,53,2,3160,1110,220,71.724,95.431,40,1291,4160
2026-04-14,53,2,3147,590,176,71.724,95.431,40,1291,4160
2026-04-21,53,2,3052,825,210,71.724,95.431,40,1291,4160
2026-04-28,53,2,1989,1560,233,71.724,95.431,40,1291,4160
2026-05-05,53,2,3770,700,179,71.724,95.431,40,1291,4160
2026-05-12,53,2,2873,535,270,71.724,95.431,40,1291,4160
2026-05-19,53,2,2662,884,129,71.724,95.431,40,1291,4160
2026-05-26,53,2,3227,729,158,71.724,95.431,40,1291,4160
2026-06-02,53,2,2522,918,90,71.724,95.431,40,1291,4160
2026-06-09,53,2,3193,1806,166,71.724,95.431,40,1291,4160
2026-06-16,53,2,2058,1310,193,71.724,95.431,40,1291,4160
2026-06-23,53,2,2318,1189,111,71.724,95.431,40,1291,4160
2026-06-30,53,2,3079,1141,130,71.724,95.431,40,1291,4160
2026-04-07,53,4,1763,340,39,10.125,61.78,40,653,1058
2026-04-14,53,4,1158,701,33,10.125,61.78,40,653,1058
2026-04-21,53,4,1513,352,21,10.125,61.78,40,653,1058
2026-04-28,53,4,1758,385,34,10.125,61.78,40,653,1058
2026-05-05,53,4,1395,451,38,10.125,61.78,40,653,1058
2026-05-12,53,4,1132,882,26,10.125,61.78,40,653,1058
2026-05-19,53,4,1231,672,37,10.125,61.78,40,653,1058
2026-05-26,53,4,1031,626,40,10.125,61.78,40,653,1058
2026-06-02,53,4,1459,647,27,10.125,61.78,40,653,1058
2026-06-09,53,4,1024,770,26,10.125,61.78,40,653,1058
2026-06-16,53,4,1292,730,24,10.125,61.78,40,653,1058
2026-06-23,53,4,1745,454,38,10.125,61.78,40,653,1058
2026-06-30,53,4,1554,434,22,10.125,61.78,40,653,1058
2026-04-07,53,5,382,235,29,11.993,66.851,40,709,1189
2026-04-14,53,5,327,261,29,11.993,66.851,40,709,1189
2026-04-21,53,5,297,223,26,11.993,66.851,40,709,1189
2026-04-28,53,5,381,92,36,11.993,66.851,40,709,1189
2026-05-05,53,5,396,158,39,11.993,66.851,40,709,1189
2026-05-12,53,5,411,116,37,11.993,66.851,40,709,1189
2026-05-19,53,5,426,155,35,11.993,66.851,40,709,1189
2026-05-26,53,5,384,197,33,11.993,66.851,40,709,1189
2026-06-02,53,5,348,176,12,11.993,66.851,40,709,1189
2026-06-09,53,5,290,220,20,11.993,66.851,40,709,1189
2026-06-16,53,5,457,103,21,11.993,66.851,40,709,1189
2026-06-23,53,5,330,157,18,11.993,66.851,40,709,1189
2026-06-30,53,5,325,194,38,11.993,66.851,40,709,1189
2026-04-07,54,1,320,57,6,3.409,43.597,11,238,276
2026-04-14,54,1,243,96,8,3.409,43.597,11,238,276
2026-04-21,54,1,322,89,3,3.409,43.597,11,238,276
2026-04-28,54,1,284,119,7,3.409,43.597,11,238,276
2026-05-05,54,1,246,108,11,3.409,43.597,11,238,276
2026-05-12,54,1,294,150,4,3.409,43.597,11,238,276
2026-05-19,54,1,236,187,7,3.409,43.597,11,238,276
2026-05-26,54,1,316,81,9,3.409,43.597,11,238,276
2026-06-02,54,1,335,89,9,3.409,43.597,11,238,276
2026-06-09,54,1,302,123,13,3.409,43.597,11,238,276
2026-06-16,54,1,338,83,9,3.409,43.597,11,238,276
2026-06-23,54,1,267,199,10,3.409,43.597,11,238,276
2026-06-30,54,1,207,159,14,3.409,43.597,11,238,276
2026-04-07,54,4,282,116,33,8.27,67.721,11,370,461
2026-04-14,54,4,261,193,27,8.27,67.721,11,370,461
2026-04-21,54,4,305,201,8,8.27,67.721,11,370,461
2026-04-28,54,4,339,137,19,8.27,67.721,11,370,461
2026-05-05,54,4,366,99,24,8.27,67.721,11,370,461
2026-05-12,54,4,295,153,8,8.27,67.721,11,370,461
2026-05-19,54,4,474,129,32,8.27,67.721,11,370,461
2026-05-26,54,4,334,164,11,8.27,67.721,11,370,461
2026-06-02,54,4,317,250,17,8.27,67.721,11,370,461
2026-06-09,54,4,291,137,22,8.27,67.721,11,370,461
2026-06-16,54,4,401,148,32,8.27,67.721,11,370,461
2026-06-23,54,4,439,136,10,8.27,67.721,11,370,461
2026-06-30,54,4,450,173,28,8.27,67.721,11,370,461
2026-04-07,54,8,419,280,38,17.067,72.074,11,395,583
2026-04-14,54,8,611,141,54,17.067,72.074,11,395,583
2026-04-21,54,8,547,184,34,17.067,72.074,11,395,583
2026-04-28,54,8,640,156,33,17.067,72.074,11,395,583
2026-05-05,54,8,428,292,41,17.067,72.074,11,395,583
2026-05-12,54,8,585,140,52,17.067,72.074,11,395,583
2026-05-19,54,8,506,264,28,17.067,72.074,11,395,583
2026-05-26,54,8,746,161,27,17.067,72.074,11,395,583
2026-06-02,54,8,729,158,55,17.067,72.074,11,395,583
2026-06-09,54,8,597,220,46,17.067,72.074,11,395,583
2026-06-16,54,8,724,355,66,17.067,72.074,11,395,583
2026-06-23,54,8,659,185,39,17.067,72.074,11,395,583
2026-06-30,54,8,594,262,59,17.067,72.074,11,395,583
2026-04-07,55,4,422,98,8,5.892,45.007,45,501,766
2026-04-14,55,4,353,242,13,5.892,45.007,45,501,766
2026-04-21,55,4,490,185,23,5.892,45.007,45,501,766
2026-04-28,55,4,418,264,6,5.892,45.007,45,501,766
2026-05-05,55,4,394,276,7,5.892,45.007,45,501,766
2026-05-12,55,4,367,247,15,5.892,45.007,45,501,766
2026-05-19,55,4,351,207,20,5.892,45.007,45,501,766
2026-05-26,55,4,292,166,6,5.892,45.007,45,501,766
2026-06-02,55,4,372,203,10,5.892,45.007,45,501,766
2026-06-09,55,4,333,194,13,5.892,45.007,45,501,766
2026-06-16,55,4,409,179,10,5.892,45.007,45,501,766
2026-06-23,55,4,363,174,14,5.892,45.007,45,501,766
2026-06-30,55,4,441,216,20,5.892,45.007,45,501,766
2026-04-07,55,6,307,57,5,1.43,68.828,45,760,824
2026-04-14,55,6,219,98,5,1.43,68.828,45,760,824
2026-04-21,55,6,293,91,3,1.43,68.828,45,760,824
2026-04-28,55,6,202,152,3,1.43,68.828,45,760,824
2026-05-05,55,6,301,56,5,1.43,68.828,45,760,824
2026-05-12,55,6,246,65,5,1.43,68.828,45,760,824
2026-05-19,55,6,211,136,3,1.43,68.828,45,760,824
2026-05-26,55,6,285,80,2,1.43,68.828,45,760,824
2026-06-02,55,6,271,72,2,1.43,68.828,45,760,824
2026-06-09,55,6,218,137,2,1.43,68.828,45,760,824
2026-06-16,55,6,236,90,6,1.43,68.828,45,760,824
2026-06-23,55,6,262,79,2,1.43,68.828,45,760,824
2026-06-30,55,6,254,49,3,1.43,68.828,45,760,824
2026-04-07,55,10,321,149,3,0.942,44.784,45,494,537
2026-04-14,55,10,393,300,3,0.942,44.784,45,494,537
2026-04-21,55,10,368,103,2,0.942,44.784,45,494,537
2026-04-28,55,10,346,95,4,0.942,44.784,45,494,537
2026-05-05,55,10,340,169,3,0.942,44.784,45,494,537
2026-05-12,55,10,307,166,2,0.942,44.784,45,494,537
2026-05-19,55,10,310,227,2,0.942,44.784,45,494,537
2026-05-26,55,10,375,100,1,0.942,44.784,45,494,537
2026-06-02,55,10,240,169,2,0.942,44.784,45,494,537
2026-06-09,55,10,392,77,3,0.942,44.784,45,494,537
2026-06-16,55,10,347,68,1,0.942,44.784,45,494,537
2026-06-23,55,10,369,66,3,0.942,44.784,45,494,537
2026-06-30,55,10,266,204,3,0.942,44.784,45,494,537
2026-04-07,56,6,291,197,6,4.988,43.108,33,410,575
2026-04-14,56,6,475,179,18,4.988,43.108,33,410,575
2026-04-21,56,6,355,279,8,4.988,43.108,33,410,575
2026-04-28,56,6,330,219,20,4.988,43.108,33,410,575
2026-05-05,56,6,474,195,12,4.988,43.108,33,410,575
2026-05-12,56,6,358,273,17,4.988,43.108,33,410,575
2026-05-19,56,6,450,237,15,4.988,43.108,33,410,575
2026-05-26,56,6,416,268,11,4.988,43.108,33,410,575
2026-06-02,56,6,534,139,14,4.988,43.108,33,410,575
2026-06-09,56,6,331,264,16,4.988,43.108,33,410,575
2026-06-16,56,6,421,277,13,4.988,43.108,33,410,575
2026-06-23,56,6,361,180,19,4.988,43.108,33,410,575
2026-06-30,56,6,393,115,8,4.988,43.108,33,410,575
2026-04-07,56,8,332,111,2,2.228,34.707,33,329,402
2026-04-14,56,8,263,183,4,2.228,34.707,33,329,402
2026-04-21,56,8,310,61,6,2.228,34.707,33,329,402
2026-04-28,56,8,306,126,6,2.228,34.707,33,329,402
2026-05-05,56,8,321,134,3,2.228,34.707,33,329,402
2026-05-12,56,8,248,202,9,2.228,34.707,33,329,402
2026-05-19,56,8,321,124,6,2.228,34.707,33,329,402
2026-05-26,56,8,278,115,8,2.228,34.707,33,329,402
2026-06-02,56,8,347,72,3,2.228,34.707,33,329,402
2026-06-09,56,8,406,79,8,2.228,34.707,33,329,402
2026-06-16,56,8,196,145,5,2.228,34.707,33,329,402
2026-06-23,56,8,308,197,5,2.228,34.707,33,329,402
2026-06-30,56,8,274,115,2,2.228,34.707,33,329,402
2026-04-07,57,1,185,138,4,1.182,64.763,16,426,445
2026-04-14,57,1,312,62,2,1.182,64.763,16,426,445
2026-04-21,57,1,228,111,2,1.182,64.763,16,426,445
2026-04-28,57,1,305,56,3,1.182,64.763,16,426,445
2026-05-05,57,1,220,81,1,1.182,64.763,16,426,445
2026-05-12,57,1,265,123,3,1.182,64.763,16,426,445
2026-05-19,57,1,248,123,2,1.182,64.763,16,426,445
2026-05-26,57,1,302,83,3,1.182,64.763,16,426,445
2026-06-02,57,1,314,96,3,1.182,64.763,16,426,445
2026-06-09,57,1,291,140,4,1.182,64.763,16,426,445
2026-06-16,57,1,315,88,2,1.182,64.763,16,426,445
2026-06-23,57,1,316,73,3,1.182,64.763,16,426,445
2026-06-30,57,1,297,185,4,1.182,64.763,16,426,445
2026-04-07,57,3,217,115,1,1.069,56.094,16,369,386
2026-04-14,57,3,204,91,4,1.069,56.094,16,369,386
2026-04-21,57,3,267,57,4,1.069,56.094,16,369,386
2026-04-28,57,3,278,60,4,1.069,56.094,16,369,386
2026-05-05,57,3,248,100,1,1.069,56.094,16,369,386
2026-05-12,57,3,184,116,4,1.069,56.094,16,369,386
2026-05-19,57,3,330,86,4,1.069,56.094,16,369,386
2026-05-26,57,3,240,61,1,1.069,56.094,16,369,386
2026-06-02,57,3,255,106,3,1.069,56.094,16,369,386
2026-06-09,57,3,241,93,4,1.069,56.094,16,369,386
2026-06-16,57,3,228,55,1,1.069,56.094,16,369,386
2026-06-23,57,3,325,68,3,1.069,56.094,16,369,386
2026-06-30,57,3,267,64,2,1.069,56.094,16,369,386
2026-04-07,57,4,307,160,6,3.074,62.711,16,413,462
2026-04-14,57,4,323,89,5,3.074,62.711,16,413,462
2026-04-21,57,4,346,135,8,3.074,62.711,16,413,462
2026-04-28,57,4,278,210,9,3.074,62.711,16,413,462
2026-05-05,57,4,320,134,5,3.074,62.711,16,413,462
2026-05-12,57,4,427,120,6,3.074,62.711,16,413,462
2026-05-19,57,4,313,189,10,3.074,62.711,16,413,462
2026-05-26,57,4,274,208,11,3.074,62.711,16,413,462
2026-06-02,57,4,342,186,12,3.074,62.711,16,413,462
2026-06-09,57,4,376,116,5,3.074,62.711,16,413,462
2026-06-16,57,4,355,201,7,3.074,62.711,16,413,462
2026-06-23,57,4,546,136,4,3.074,62.711,16,413,462
2026-06-30,57,4,499,95,10,3.074,62.711,16,413,462
2026-04-07,57,5,254,129,1,1.071,37.87,16,249,266
2026-04-14,57,5,272,140,2,1.071,37.87,16,249,266
2026-04-21,57,5,280,63,1,1.071,37.87,16,249,266
2026-04-28,57,5,347,68,4,1.071,37.87,16,249,266
2026-05-05,57,5,215,127,1,1.071,37.87,16,249,266
2026-05-12,57,5,246,121,4,1.071,37.87,16,249,266
2026-05-19,57,5,257,138,3,1.071,37.87,16,249,266
2026-05-26,57,5,299,67,1,1.071,37.87,16,249,266
2026-06-02,57,5,260,188,2,1.071,37.87,16,249,266
2026-06-09,57,5,269,143,4,1.071,37.87,16,249,266
2026-06-16,57,5,316,90,2,1.071,37.87,16,249,266
2026-06-23,57,5,290,97,3,1.071,37.87,16,249,266
2026-06-30,57,5,291,173,3,1.071,37.87,16,249,266
2026-04-07,57,7,161,65,3,1.577,45.377,16,299,324
2026-04-14,57,7,146,118,5,1.577,45.377,16,299,324
2026-04-21,57,7,175,100,2,1.577,45.377,16,299,324
2026-04-28,57,7,171,86,3,1.577,45.377,16,299,324
2026-05-05,57,7,165,77,2,1.577,45.377,16,299,324
2026-05-12,57,7,229,74,3,1.577,45.377,16,299,324
2026-05-19,57,7,235,70,5,1.577,45.377,16,299,324
2026-05-26,57,7,222,82,2,1.577,45.377,16,299,324
2026-06-02,57,7,220,47,3,1.577,45.377,16,299,324
2026-06-09,57,7,178,121,6,1.577,45.377,16,299,324
2026-06-16,57,7,247,63,3,1.577,45.377,16,299,324
2026-06-23,57,7,132,88,4,1.577,45.377,16,299,324
2026-06-30,57,7,240,78,5,1.577,45.377,16,299,324
2026-04-07,57,9,371,214,5,1.852,79.443,16,523,552
2026-04-14,57,9,402,135,3,1.852,79.443,16,523,552
2026-04-21,57,9,363,278,4,1.852,79.443,16,523,552
2026-04-28,57,9,376,105,6,1.852,79.443,16,523,552
2026-05-05,57,9,439,172,3,1.852,79.443,16,523,552
2026-05-12,57,9,489,132,2,1.852,79.443,16,523,552
2026-05-19,57,9,316,243,3,1.852,79.443,16,523,552
2026-05-26,57,9,312,214,6,1.852,79.443,16,523,552
2026-06-02,57,9,522,99,5,1.852,79.443,16,523,552
2026-06-09,57,9,432,134,3,1.852,79.443,16,523,552
2026-06-16,57,9,478,124,6,1.852,79.443,16,523,552
2026-06-23,57,9,425,225,2,1.852,79.443,16,523,552
2026-06-30,57,9,505,141,3,1.852,79.443,16,523,552
2026-04-07,57,10,311,61,6,1.463,31.073,16,205,228
2026-04-14,57,10,287,147,2,1.463,31.073,16,205,228
2026-04-21,57,10,354,135,5,1.463,31.073,16,205,228
2026-04-28,57,10,447,98,4,1.463,31.073,16,205,228
2026-05-05,57,10,305,156,3,1.463,31.073,16,205,228
2026-05-12,57,10,254,170,5,1.463,31.073,16,205,228
2026-05-19,57,10,384,137,5,1.463,31.073,16,205,228
2026-05-26,57,10,349,175,2,1.463,31.073,16,205,228
2026-06-02,57,10,224,95,2,1.463,31.073,16,205,228
2026-06-09,57,10,282,205,5,1.463,31.073,16,205,228
2026-06-16,57,10,418,170,5,1.463,31.073,16,205,228
2026-06-23,57,10,390,91,4,1.463,31.073,16,205,228
2026-06-30,57,10,290,196,5,1.463,31.073,16,205,228
2026-04-07,58,1,145,76,1,0.384,47.518,16,313,319
2026-04-14,58,1,190,47,1,0.384,47.518,16,313,319
2026-04-21,58,1,176,98,1,0.384,47.518,16,313,319
2026-04-28,58,1,196,88,1,0.384,47.518,16,313,319
2026-05-05,58,1,262,50,1,0.384,47.518,16,313,319
2026-05-12,58,1,224,41,1,0.384,47.518,16,313,319
2026-05-19,58,1,216,82,1,0.384,47.518,16,313,319
2026-05-26,58,1,204,88,1,0.384,47.518,16,313,319
2026-06-02,58,1,227,49,1,0.384,47.518,16,313,319
2026-06-09,58,1,207,103,1,0.384,47.518,16,313,319
2026-06-16,58,1,185,146,1,0.384,47.518,16,313,319
2026-06-23,58,1,240,71,1,0.384,47.518,16,313,319
2026-06-30,58,1,231,54,1,0.384,47.518,16,313,319
2026-04-07,58,3,194,122,2,0.746,46.946,16,309,321
2026-04-14,58,3,211,40,2,0.746,46.946,16,309,321
2026-04-21,58,3,168,126,2,0.746,46.946,16,309,321
2026-04-28,58,3,172,126,3,0.746,46.946,16,309,321
2026-05-05,58,3,154,113,2,0.746,46.946,16,309,321
2026-05-12,58,3,210,65,2,0.746,46.946,16,309,321
2026-05-19,58,3,134,89,2,0.746,46.946,16,309,321
2026-05-26,58,3,228,80,2,0.746,46.946,16,309,321
2026-06-02,58,3,208,60,3,0.746,46.946,16,309,321
2026-06-09,58,3,161,129,3,0.746,46.946,16,309,321
2026-06-16,58,3,188,90,2,0.746,46.946,16,309,321
2026-06-23,58,3,198,65,2,0.746,46.946,16,309,321
2026-06-30,58,3,263,79,3,0.746,46.946,16,309,321
2026-04-07,58,4,99,32,1,0.406,18.821,16,124,130
2026-04-14,58,4,77,58,1,0.406,18.821,16,124,130
2026-04-21,58,4,66,49,2,0.406,18.821,16,124,130
2026-04-28,58,4,86,63,1,0.406,18.821,16,124,130
2026-05-05,58,4,88,54,1,0.406,18.821,16,124,130
2026-05-12,58,4,89,46,1,0.406,18.821,16,124,130
2026-05-19,58,4,79,58,1,0.406,18.821,16,124,130
2026-05-26,58,4,128,60,2,0.406,18.821,16,124,130
2026-06-02,58,4,94,37,1,0.406,18.821,16,124,130
2026-06-09,58,4,125,25,1,0.406,18.821,16,124,130
2026-06-16,58,4,132,42,1,0.406,18.821,16,124,130
2026-06-23,58,4,135,34,1,0.406,18.821,16,124,130
2026-06-30,58,4,115,22,1,0.406,18.821,16,124,130
2026-04-07,58,5,191,64,1,0.303,46.414,16,305,310
2026-04-14,58,5,190,89,1,0.303,46.414,16,305,310
2026-04-21,58,5,171,56,1,0.303,46.414,16,305,310
2026-04-28,58,5,184,63,1,0.303,46.414,16,305,310
2026-05-05,58,5,204,57,1,0.303,46.414,16,305,310
2026-05-12,58,5,171,129,1,0.303,46.414,16,305,310
2026-05-19,58,5,136,109,1,0.303,46.414,16,305,310
2026-05-26,58,5,192,112,0,0.303,46.414,16,305,310
2026-06-02,58,5,283,54,1,0.303,46.414,16,305,310
2026-06-09,58,5,198,66,1,0.303,46.414,16,305,310
2026-06-16,58,5,246,58,1,0.303,46.414,16,305,310
2026-06-23,58,5,217,88,0,0.303,46.414,16,305,310
2026-06-30,58,5,247,87,1,0.303,46.414,16,305,310
2026-04-07,58,7,406,256,1,0.347,51.188,16,337,342
2026-04-14,58,7,398,293,1,0.347,51.188,16,337,342
2026-04-21,58,7,490,123,1,0.347,51.188,16,337,342
2026-04-28,58,7,597,108,1,0.347,51.188,16,337,342
2026-05-05,58,7,515,220,1,0.347,51.188,16,337,342
2026-05-12,58,7,711,172,1,0.347,51.188,16,337,342
2026-05-19,58,7,415,250,1,0.347,51.188,16,337,342
2026-05-26,58,7,529,94,1,0.347,51.188,16,337,342
2026-06-02,58,7,552,121,1,0.347,51.188,16,337,342
2026-06-09,58,7,540,199,1,0.347,51.188,16,337,342
2026-06-16,58,7,461,337,0,0.347,51.188,16,337,342
2026-06-23,58,7,502,314,1,0.347,51.188,16,337,342
2026-06-30,58,7,391,239,1,0.347,51.188,16,337,342
2026-04-07,58,9,54,38,1,0.182,14.295,16,94,97
2026-04-14,58,9,75,17,1,0.182,14.295,16,94,97
2026-04-21,58,9,68,45,1,0.182,14.295,16,94,97
2026-04-28,58,9,84,15,0,0.182,14.295,16,94,97
2026-05-05,58,9,84,31,0,0.182,14.295,16,94,97
2026-05-12,58,9,83,28,0,0.182,14.295,16,94,97
2026-05-19,58,9,103,19,1,0.182,14.295,16,94,97
2026-05-26,58,9,60,33,0,0.182,14.295,16,94,97
2026-06-02,58,9,79,37,0,0.182,14.295,16,94,97
2026-06-09,58,9,106,25,0,0.182,14.295,16,94,97
2026-06-16,58,9,84,25,0,0.182,14.295,16,94,97
2026-06-23,58,9,77,38,0,0.182,14.295,16,94,97
2026-06-30,58,9,95,18,1,0.182,14.295,16,94,97
2026-04-07,58,10,156,50,1,0.41,32.174,16,212,218
2026-04-14,58,10,158,31,1,0.41,32.174,16,212,218
2026-04-21,58,10,140,46,1,0.41,32.174,16,212,218
2026-04-28,58,10,136,43,1,0.41,32.174,16,212,218
2026-05-05,58,10,168,41,2,0.41,32.174,16,212,218
2026-05-12,58,10,124,60,1,0.41,32.174,16,212,218
2026-05-19,58,10,123,46,1,0.41,32.174,16,212,218
2026-05-26,58,10,112,57,0,0.41,32.174,16,212,218
2026-06-02,58,10,129,62,2,0.41,32.174,16,212,218
2026-06-09,58,10,155,64,2,0.41,32.174,16,212,218
2026-06-16,58,10,131,88,1,0.41,32.174,16,212,218
2026-06-23,58,10,119,67,1,0.41,32.174,16,212,218
2026-06-30,58,10,158,78,1,0.41,32.174,16,212,218
2026-04-07,59,1,537,168,31,10.859,63.696,19,460,666
2026-04-14,59,1,435,155,24,10.859,63.696,19,460,666
2026-04-21,59,1,477,112,14,10.859,63.696,19,460,666
2026-04-28,59,1,393,306,31,10.859,63.696,19,460,666
2026-05-05,59,1,446,220,33,10.859,63.696,19,460,666
2026-05-12,59,1,602,167,15,10.859,63.696,19,460,666
2026-05-19,59,1,484,219,19,10.859,63.696,19,460,666
2026-05-26,59,1,527,248,32,10.859,63.696,19,460,666
2026-06-02,59,1,520,379,30,10.859,63.696,19,460,666
2026-06-09,59,1,424,284,18,10.859,63.696,19,460,666
2026-06-16,59,1,542,145,29,10.859,63.696,19,460,666
2026-06-23,59,1,619,225,26,10.859,63.696,19,460,666
2026-06-30,59,1,562,232,13,10.859,63.696,19,460,666
2026-04-07,59,3,325,224,11,10.542,62.241,19,449,650
2026-04-14,59,3,526,176,40,10.542,62.241,19,449,650
2026-04-21,59,3,432,231,34,10.542,62.241,19,449,650
2026-04-28,59,3,429,214,35,10.542,62.241,19,449,650
2026-05-05,59,3,479,184,35,10.542,62.241,19,449,650
2026-05-12,59,3,371,279,22,10.542,62.241,19,449,650
2026-05-19,59,3,538,240,38,10.542,62.241,19,449,650
2026-05-26,59,3,472,301,29,10.542,62.241,19,449,650
2026-06-02,59,3,467,366,12,10.542,62.241,19,449,650
2026-06-09,59,3,495,226,14,10.542,62.241,19,449,650
2026-06-16,59,3,503,281,12,10.542,62.241,19,449,650
2026-06-23,59,3,548,104,24,10.542,62.241,19,449,650
2026-06-30,59,3,501,257,37,10.542,62.241,19,449,650
2026-04-07,59,4,737,400,39,17.201,69.779,19,507,834
2026-04-14,59,4,717,334,19,17.201,69.779,19,507,834
2026-04-21,59,4,1104,323,40,17.201,69.779,19,507,834
2026-04-28,59,4,826,464,18,17.201,69.779,19,507,834
2026-05-05,59,4,867,297,18,17.201,69.779,19,507,834
2026-05-12,59,4,829,381,66,17.201,69.779,19,507,834
2026-05-19,59,4,998,209,37,17.201,69.779,19,507,834
2026-05-26,59,4,1028,251,22,17.201,69.779,19,507,834
2026-06-02,59,4,609,493,43,17.201,69.779,19,507,834
2026-06-09,59,4,912,230,56,17.201,69.779,19,507,834
2026-06-16,59,4,773,573,42,17.201,69.779,19,507,834
2026-06-23,59,4,656,259,64,17.201,69.779,19,507,834
2026-06-30,59,4,1039,241,48,17.201,69.779,19,507,834
2026-04-07,59,5,373,196,22,11.971,59.286,19,429,657
2026-04-14,59,5,397,280,48,11.971,59.286,19,429,657
2026-04-21,59,5,559,119,19,11.971,59.286,19,429,657
2026-04-28,59,5,482,231,27,11.971,59.286,19,429,657
2026-05-05,59,5,418,204,28,11.971,59.286,19,429,657
2026-05-12,59,5,380,243,26,11.971,59.286,19,429,657
2026-05-19,59,5,575,134,30,11.971,59.286,19,429,657
2026-05-26,59,5,463,254,14,11.971,59.286,19,429,657
2026-06-02,59,5,465,317,46,11.971,59.286,19,429,657
2026-06-09,59,5,526,278,26,11.971,59.286,19,429,657
2026-06-16,59,5,752,160,37,11.971,59.286,19,429,657
2026-06-23,59,5,378,292,46,11.971,59.286,19,429,657
2026-06-30,59,5,527,168,40,11.971,59.286,19,429,657
2026-04-07,59,7,610,262,21,7.478,83.882,19,603,745
2026-04-14,59,7,533,230,20,7.478,83.882,19,603,745
2026-04-21,59,7,524,311,19,7.478,83.882,19,603,745
2026-04-28,59,7,703,187,15,7.478,83.882,19,603,745
2026-05-05,59,7,457,244,24,7.478,83.882,19,603,745
2026-05-12,59,7,485,250,18,7.478,83.882,19,603,745
2026-05-19,59,7,562,248,23,7.478,83.882,19,603,745
2026-05-26,59,7,767,264,11,7.478,83.882,19,603,745
2026-06-02,59,7,455,285,20,7.478,83.882,19,603,745
2026-06-09,59,7,403,278,28,7.478,83.882,19,603,745
2026-06-16,59,7,626,183,18,7.478,83.882,19,603,745
2026-06-23,59,7,552,392,20,7.478,83.882,19,603,745
2026-06-30,59,7,660,118,14,7.478,83.882,19,603,745
2026-04-07,59,9,353,158,21,17.117,110.852,19,799,1125
2026-04-14,59,9,298,117,58,17.117,110.852,19,799,1125
2026-04-21,59,9,332,195,38,17.117,110.852,19,799,1125
2026-04-28,59,9,388,137,65,17.117,110.852,19,799,1125
2026-05-05,59,9,362,223,46,17.117,110.852,19,799,1125
2026-05-12,59,9,335,128,66,17.117,110.852,19,799,1125
2026-05-19,59,9,366,251,50,17.117,110.852,19,799,1125
2026-05-26,59,9,350,143,61,17.117,110.852,19,799,1125
2026-06-02,59,9,381,101,39,17.117,110.852,19,799,1125
2026-06-09,59,9,412,232,25,17.117,110.852,19,799,1125
2026-06-16,59,9,421,127,40,17.117,110.852,19,799,1125
2026-06-23,59,9,465,213,31,17.117,110.852,19,799,1125
2026-06-30,59,9,454,121,66,17.117,110.852,19,799,1125
2026-04-07,59,10,164,88,51,13.405,52.228,19,380,635
2026-04-14,59,10,218,77,31,13.405,52.228,19,380,635
2026-04-21,59,10,187,113,42,13.405,52.228,19,380,635
2026-04-28,59,10,160,121,34,13.405,52.228,19,380,635
2026-05-05,59,10,248,79,38,13.405,52.228,19,380,635
2026-05-12,59,10,192,128,47,13.405,52.228,19,380,635
2026-05-19,59,10,248,50,45,13.405,52.228,19,380,635
2026-05-26,59,10,235,82,52,13.405,52.228,19,380,635
2026-06-02,59,10,214,95,48,13.405,52.228,19,380,635
2026-06-09,59,10,198,93,33,13.405,52.228,19,380,635
2026-06-16,59,10,179,133,18,13.405,52.228,19,380,635
2026-06-23,59,10,242,85,48,13.405,52.228,19,380,635
2026-06-30,59,10,295,85,52,13.405,52.228,19,380,635
2026-04-07,60,2,511,145,97,27.851,66.882,34,698,1645
2026-04-14,60,2,593,197,45,27.851,66.882,34,698,1645
2026-04-21,60,2,482,346,85,27.851,66.882,34,698,1645
2026-04-28,60,2,588,128,84,27.851,66.882,34,698,1645
2026-05-05,60,2,561,158,68,27.851,66.882,34,698,1645
2026-05-12,60,2,631,112,42,27.851,66.882,34,698,1645
2026-05-19,60,2,715,135,60,27.851,66.882,34,698,1645
2026-05-26,60,2,593,210,43,27.851,66.882,34,698,1645
2026-06-02,60,2,549,226,44,27.851,66.882,34,698,1645
2026-06-09,60,2,563,308,80,27.851,66.882,34,698,1645
2026-06-16,60,2,402,326,69,27.851,66.882,34,698,1645
2026-06-23,60,2,389,278,65,27.851,66.882,34,698,1645
2026-06-30,60,2,604,232,37,27.851,66.882,34,698,1645
2026-04-07,60,5,554,234,29,11.143,67.092,34,653,1032
2026-04-14,60,5,401,323,36,11.143,67.092,34,653,1032
2026-04-21,60,5,459,283,32,11.143,67.092,34,653,1032
2026-04-28,60,5,551,391,42,11.143,67.092,34,653,1032
2026-05-05,60,5,549,274,14,11.143,67.092,34,653,1032
2026-05-12,60,5,666,231,40,11.143,67.092,34,653,1032
2026-05-19,60,5,599,318,34,11.143,67.092,34,653,1032
2026-05-26,60,5,635,243,41,11.143,67.092,34,653,1032
2026-06-02,60,5,652,216,40,11.143,67.092,34,653,1032
2026-06-09,60,5,540,425,17,11.143,67.092,34,653,1032
2026-06-16,60,5,631,144,35,11.143,67.092,34,653,1032
2026-06-23,60,5,588,205,23,11.143,67.092,34,653,1032
2026-06-30,60,5,591,344,23,11.143,67.092,34,653,1032
2026-04-07,61,1,167,110,9,2.269,56.366,12,321,348
2026-04-14,61,1,170,80,5,2.269,56.366,12,321,348
2026-04-21,61,1,195,102,6,2.269,56.366,12,321,348
2026-04-28,61,1,206,110,4,2.269,56.366,12,321,348
2026-05-05,61,1,256,104,3,2.269,56.366,12,321,348
2026-05-12,61,1,183,127,4,2.269,56.366,12,321,348
2026-05-19,61,1,237,87,9,2.269,56.366,12,321,348
2026-05-26,61,1,167,104,6,2.269,56.366,12,321,348
2026-06-02,61,1,220,124,2,2.269,56.366,12,321,348
2026-06-09,61,1,151,103,5,2.269,56.366,12,321,348
2026-06-16,61,1,227,80,7,2.269,56.366,12,321,348
2026-06-23,61,1,265,60,5,2.269,56.366,12,321,348
2026-06-30,61,1,195,132,9,2.269,56.366,12,321,348
2026-04-07,61,3,226,154,5,2.819,76.692,12,437,471
2026-04-14,61,3,316,93,9,2.819,76.692,12,437,471
2026-04-21,61,3,282,72,9,2.819,76.692,12,437,471
2026-04-28,61,3,307,88,9,2.819,76.692,12,437,471
2026-05-05,61,3,215,144,11,2.819,76.692,12,437,471
2026-05-12,61,3,257,137,10,2.819,76.692,12,437,471
2026-05-19,61,3,229,179,4,2.819,76.692,12,437,471
2026-05-26,61,3,342,126,6,2.819,76.692,12,437,471
2026-06-02,61,3,326,101,7,2.819,76.692,12,437,471
2026-06-09,61,3,312,109,7,2.819,76.692,12,437,471
2026-06-16,61,3,276,152,8,2.819,76.692,12,437,471
2026-06-23,61,3,303,171,9,2.819,76.692,12,437,471
2026-06-30,61,3,268,171,10,2.819,76.692,12,437,471
2026-04-07,61,4,1074,242,9,5.683,142.807,12,814,882
2026-04-14,61,4,817,262,13,5.683,142.807,12,814,882
2026-04-21,61,4,850,655,13,5.683,142.807,12,814,882
2026-04-28,61,4,1033,190,20,5.683,142.807,12,814,882
2026-05-05,61,4,738,512,11,5.683,142.807,12,814,882
2026-05-12,61,4,872,329,11,5.683,142.807,12,814,882
2026-05-19,61,4,718,558,13,5.683,142.807,12,814,882
2026-05-26,61,4,1058,243,10,5.683,142.807,12,814,882
2026-06-02,61,4,1001,446,20,5.683,142.807,12,814,882
2026-06-09,61,4,852,611,22,5.683,142.807,12,814,882
2026-06-16,61,4,1082,338,17,5.683,142.807,12,814,882
2026-06-23,61,4,1140,346,16,5.683,142.807,12,814,882
2026-06-30,61,4,628,493,11,5.683,142.807,12,814,882
2026-04-07,61,5,82,30,3,1.491,26.34,12,150,168
2026-04-14,61,5,107,36,5,1.491,26.34,12,150,168
2026-04-21,61,5,84,57,4,1.491,26.34,12,150,168
2026-04-28,61,5,110,21,3,1.491,26.34,12,150,168
2026-05-05,61,5,88,48,3,1.491,26.34,12,150,168
2026-05-12,61,5,113,56,2,1.491,26.34,12,150,168
2026-05-19,61,5,114,22,5,1.491,26.34,12,150,168
2026-05-26,61,5,103,64,2,1.491,26.34,12,150,168
2026-06-02,61,5,127,38,6,1.491,26.34,12,150,168
2026-06-09,61,5,74,59,3,1.491,26.34,12,150,168
2026-06-16,61,5,99,76,2,1.491,26.34,12,150,168
2026-06-23,61,5,103,69,3,1.491,26.34,12,150,168
2026-06-30,61,5,133,24,5,1.491,26.34,12,150,168
2026-04-07,61,7,241,49,7,2.243,44.282,12,252,279
2026-04-14,61,7,187,78,4,2.243,44.282,12,252,279
2026-04-21,61,7,271,70,3,2.243,44.282,12,252,279
2026-04-28,61,7,207,104,8,2.243,44.282,12,252,279
2026-05-05,61,7,239,74,4,2.243,44.282,12,252,279
2026-05-12,61,7,200,122,5,2.243,44.282,12,252,279
2026-05-19,61,7,180,142,3,2.243,44.282,12,252,279
2026-05-26,61,7,224,49,2,2.243,44.282,12,252,279
2026-06-02,61,7,239,63,7,2.243,44.282,12,252,279
2026-06-09,61,7,209,136,8,2.243,44.282,12,252,279
2026-06-16,61,7,191,107,3,2.243,44.282,12,252,279
2026-06-23,61,7,229,97,6,2.243,44.282,12,252,279
2026-06-30,61,7,316,69,8,2.243,44.282,12,252,279
2026-04-07,61,9,285,109,4,2.005,44.033,12,251,275
2026-04-14,61,9,199,138,8,2.005,44.033,12,251,275
2026-04-21,61,9,230,159,6,2.005,44.033,12,251,275
2026-04-28,61,9,309,74,5,2.005,44.033,12,251,275
2026-05-05,61,9,282,107,6,2.005,44.033,12,251,275
2026-05-12,61,9,256,142,6,2.005,44.033,12,251,275
2026-05-19,61,9,203,127,2,2.005,44.033,12,251,275
2026-05-26,61,9,316,67,7,2.005,44.033,12,251,275
2026-06-02,61,9,325,63,3,2.005,44.033,12,251,275
2026-06-09,61,9,311,111,3,2.005,44.033,12,251,275
2026-06-16,61,9,351,128,6,2.005,44.033,12,251,275
2026-06-23,61,9,273,126,5,2.005,44.033,12,251,275
2026-06-30,61,9,322,157,3,2.005,44.033,12,251,275
2026-04-07,61,10,179,104,12,3.26,33.341,12,190,229
2026-04-14,61,10,235,78,10,3.26,33.341,12,190,229
2026-04-21,61,10,168,132,11,3.26,33.341,12,190,229
2026-04-28,61,10,263,48,9,3.26,33.341,12,190,229
2026-05-05,61,10,284,67,10,3.26,33.341,12,190,229
2026-05-12,61,10,228,104,6,3.26,33.341,12,190,229
2026-05-19,61,10,234,105,4,3.26,33.341,12,190,229
2026-05-26,61,10,241,94,12,3.26,33.341,12,190,229
2026-06-02,61,10,246,98,8,3.26,33.341,12,190,229
2026-06-09,61,10,228,128,5,3.26,33.341,12,190,229
2026-06-16,61,10,312,114,11,3.26,33.341,12,190,229
2026-06-23,61,10,189,138,12,3.26,33.341,12,190,229
2026-06-30,61,10,277,116,9,3.26,33.341,12,190,229
2026-04-07,62,2,560,291,15,6.146,47.216,42,508,766
2026-04-14,62,2,385,303,9,6.146,47.216,42,508,766
2026-04-21,62,2,353,235,17,6.146,47.216,42,508,766
2026-04-28,62,2,421,315,16,6.146,47.216,42,508,766
2026-05-05,62,2,464,238,8,6.146,47.216,42,508,766
2026-05-12,62,2,524,279,20,6.146,47.216,42,508,766
2026-05-19,62,2,612,129,17,6.146,47.216,42,508,766
2026-05-26,62,2,485,309,19,6.146,47.216,42,508,766
2026-06-02,62,2,501,224,13,6.146,47.216,42,508,766
2026-06-09,62,2,509,352,18,6.146,47.216,42,508,766
2026-06-16,62,2,524,185,20,6.146,47.216,42,508,766
2026-06-23,62,2,492,282,6,6.146,47.216,42,508,766
2026-06-30,62,2,516,298,21,6.146,47.216,42,508,766
2026-04-07,62,7,1312,380,119,31.854,65.902,42,793,2130
2026-04-14,62,7,911,626,58,31.854,65.902,42,793,2130
2026-04-21,62,7,967,690,55,31.854,65.902,42,793,2130
2026-04-28,62,7,1179,620,110,31.854,65.902,42,793,2130
2026-05-05,62,7,1200,407,125,31.854,65.902,42,793,2130
2026-05-12,62,7,1020,783,37,31.854,65.902,42,793,2130
2026-05-19,62,7,982,749,87,31.854,65.902,42,793,2130
2026-05-26,62,7,1389,335,56,31.854,65.902,42,793,2130
2026-06-02,62,7,1447,359,60,31.854,65.902,42,793,2130
2026-06-09,62,7,1056,695,70,31.854,65.902,42,793,2130
2026-06-16,62,7,1161,318,54,31.854,65.902,42,793,2130
2026-06-23,62,7,1248,396,76,31.854,65.902,42,793,2130
2026-06-30,62,7,1150,469,115,31.854,65.902,42,793,2130
2026-04-07,63,7,267,174,3,2.16,47.078,10,245,267
2026-04-14,63,7,317,118,3,2.16,47.078,10,245,267
2026-04-21,63,7,289,224,7,2.16,47.078,10,245,267
2026-04-28,63,7,473,180,4,2.16,47.078,10,245,267
2026-05-05,63,7,490,115,4,2.16,47.078,10,245,267
2026-05-12,63,7,432,103,5,2.16,47.078,10,245,267
2026-05-19,63,7,347,221,4,2.16,47.078,10,245,267
2026-05-26,63,7,371,172,8,2.16,47.078,10,245,267
2026-06-02,63,7,372,157,6,2.16,47.078,10,245,267
2026-06-09,63,7,544,119,7,2.16,47.078,10,245,267
2026-06-16,63,7,456,122,6,2.16,47.078,10,245,267
2026-06-23,63,7,383,145,7,2.16,47.078,10,245,267
2026-06-30,63,7,415,223,6,2.16,47.078,10,245,267
2026-04-07,63,8,88,39,36,9.054,40.622,10,212,302
2026-04-14,63,8,99,33,20,9.054,40.622,10,212,302
2026-04-21,63,8,93,66,10,9.054,40.622,10,212,302
2026-04-28,63,8,100,55,16,9.054,40.622,10,212,302
2026-05-05,63,8,116,35,15,9.054,40.622,10,212,302
2026-05-12,63,8,99,38,18,9.054,40.622,10,212,302
2026-05-19,63,8,121,68,15,9.054,40.622,10,212,302
2026-05-26,63,8,86,62,25,9.054,40.622,10,212,302
2026-06-02,63,8,126,39,20,9.054,40.622,10,212,302
2026-06-09,63,8,100,58,25,9.054,40.622,10,212,302
2026-06-16,63,8,96,54,34,9.054,40.622,10,212,302
2026-06-23,63,8,112,59,34,9.054,40.622,10,212,302
2026-06-30,63,8,138,32,22,9.054,40.622,10,212,302
2026-04-07,63,10,134,75,1,0.314,27.238,10,142,145
2026-04-14,63,10,154,62,1,0.314,27.238,10,142,145
2026-04-21,63,10,168,44,1,0.314,27.238,10,142,145
2026-04-28,63,10,188,37,1,0.314,27.238,10,142,145
2026-05-05,63,10,104,63,0,0.314,27.238,10,142,145
2026-05-12,63,10,191,50,1,0.314,27.238,10,142,145
2026-05-19,63,10,189,45,1,0.314,27.238,10,142,145
2026-05-26,63,10,141,78,1,0.314,27.238,10,142,145
2026-06-02,63,10,124,85,1,0.314,27.238,10,142,145
2026-06-09,63,10,141,32,1,0.314,27.238,10,142,145
2026-06-16,63,10,168,78,1,0.314,27.238,10,142,145
2026-06-23,63,10,190,54,1,0.314,27.238,10,142,145
2026-06-30,63,10,200,73,1,0.314,27.238,10,142,145
2026-04-07,64,1,275,61,3,1.339,32.25,16,212,234
2026-04-14,64,1,247,85,5,1.339,32.25,16,212,234
2026-04-21,64,1,264,74,5,1.339,32.25,16,212,234
2026-04-28,64,1,245,111,5,1.339,32.25,16,212,234
2026-05-05,64,1,225,90,4,1.339,32.25,16,212,234
2026-05-12,64,1,266,94,5,1.339,32.25,16,212,234
2026-05-19,64,1,240,103,4,1.339,32.25,16,212,234
2026-05-26,64,1,291,75,4,1.339,32.25,16,212,234
2026-06-02,64,1,174,141,4,1.339,32.25,16,212,234
2026-06-09,64,1,199,163,1,1.339,32.25,16,212,234
2026-06-16,64,1,235,96,4,1.339,32.25,16,212,234
2026-06-23,64,1,226,50,3,1.339,32.25,16,212,234
2026-06-30,64,1,254,131,3,1.339,32.25,16,212,234
2026-04-07,64,3,245,173,2,1.12,56.173,16,370,388
2026-04-14,64,3,219,176,2,1.12,56.173,16,370,388
2026-04-21,64,3,277,69,2,1.12,56.173,16,370,388
2026-04-28,64,3,239,157,4,1.12,56.173,16,370,388
2026-05-05,64,3,252,195,3,1.12,56.173,16,370,388
2026-05-12,64,3,305,142,4,1.12,56.173,16,370,388
2026-05-19,64,3,300,117,2,1.12,56.173,16,370,388
2026-05-26,64,3,279,168,4,1.12,56.173,16,370,388
2026-06-02,64,3,326,192,4,1.12,56.173,16,370,388
2026-06-09,64,3,284,110,2,1.12,56.173,16,370,388
2026-06-16,64,3,323,116,3,1.12,56.173,16,370,388
2026-06-23,64,3,339,85,4,1.12,56.173,16,370,388
2026-06-30,64,3,259,156,3,1.12,56.173,16,370,388
2026-04-07,64,4,632,165,5,2.422,71.814,16,473,511
2026-04-14,64,4,548,109,7,2.422,71.814,16,473,511
2026-04-21,64,4,519,266,8,2.422,71.814,16,473,511
2026-04-28,64,4,311,239,3,2.422,71.814,16,473,511
2026-05-05,64,4,562,156,5,2.422,71.814,16,473,511
2026-05-12,64,4,624,144,9,2.422,71.814,16,473,511
2026-05-19,64,4,547,150,9,2.422,71.814,16,473,511
2026-05-26,64,4,497,351,4,2.422,71.814,16,473,511
2026-06-02,64,4,586,237,7,2.422,71.814,16,473,511
2026-06-09,64,4,427,167,8,2.422,71.814,16,473,511
2026-06-16,64,4,678,126,3,2.422,71.814,16,473,511
2026-06-23,64,4,559,206,5,2.422,71.814,16,473,511
2026-06-30,64,4,576,321,8,2.422,71.814,16,473,511
2026-04-07,64,5,143,89,3,1.474,50.343,16,331,355
2026-04-14,64,5,171,125,4,1.474,50.343,16,331,355
2026-04-21,64,5,228,46,4,1.474,50.343,16,331,355
2026-04-28,64,5,201,103,2,1.474,50.343,16,331,355
2026-05-05,64,5,235,100,4,1.474,50.343,16,331,355
2026-05-12,64,5,190,96,4,1.474,50.343,16,331,355
2026-05-19,64,5,173,91,2,1.474,50.343,16,331,355
2026-05-26,64,5,250,83,2,1.474,50.343,16,331,355
2026-06-02,64,5,234,57,5,1.474,50.343,16,331,355
2026-06-09,64,5,177,109,3,1.474,50.343,16,331,355
2026-06-16,64,5,274,89,2,1.474,50.343,16,331,355
2026-06-23,64,5,307,71,3,1.474,50.343,16,331,355
2026-06-30,64,5,257,164,4,1.474,50.343,16,331,355
2026-04-07,64,7,247,180,2,0.62,32.271,16,212,222
2026-04-14,64,7,312,79,1,0.62,32.271,16,212,222
2026-04-21,64,7,310,143,1,0.62,32.271,16,212,222
2026-04-28,64,7,365,89,1,0.62,32.271,16,212,222
2026-05-05,64,7,214,165,2,0.62,32.271,16,212,222
2026-05-12,64,7,315,105,2,0.62,32.271,16,212,222
2026-05-19,64,7,393,86,1,0.62,32.271,16,212,222
2026-05-26,64,7,363,122,1,0.62,32.271,16,212,222
2026-06-02,64,7,302,160,1,0.62,32.271,16,212,222
2026-06-09,64,7,437,99,1,0.62,32.271,16,212,222
2026-06-16,64,7,239,135,1,0.62,32.271,16,212,222
2026-06-23,64,7,392,167,2,0.62,32.271,16,212,222
2026-06-30,64,7,365,176,2,0.62,32.271,16,212,222
2026-04-07,64,9,313,92,5,1.974,71.652,16,472,503
2026-04-14,64,9,297,98,3,1.974,71.652,16,472,503
2026-04-21,64,9,347,86,6,1.974,71.652,16,472,503
2026-04-28,64,9,334,65,7,1.974,71.652,16,472,503
2026-05-05,64,9,303,119,4,1.974,71.652,16,472,503
2026-05-12,64,9,387,100,5,1.974,71.652,16,472,503
2026-05-19,64,9,341,78,6,1.974,71.652,16,472,503
2026-05-26,64,9,352,91,5,1.974,71.652,16,472,503
2026-06-02,64,9,341,146,6,1.974,71.652,16,472,503
2026-06-09,64,9,442,94,8,1.974,71.652,16,472,503
2026-06-16,64,9,418,75,5,1.974,71.652,16,472,503
2026-06-23,64,9,300,178,4,1.974,71.652,16,472,503
2026-06-30,64,9,347,79,3,1.974,71.652,16,472,503
2026-04-07,64,10,174,49,4,1.131,31.732,16,209,227
2026-04-14,64,10,126,96,4,1.131,31.732,16,209,227
2026-04-21,64,10,164,83,1,1.131,31.732,16,209,227
2026-04-28,64,10,185,41,2,1.131,31.732,16,209,227
2026-05-05,64,10,195,36,4,1.131,31.732,16,209,227
2026-05-12,64,10,191,59,2,1.131,31.732,16,209,227
2026-05-19,64,10,137,110,4,1.131,31.732,16,209,227
2026-05-26,64,10,159,84,2,1.131,31.732,16,209,227
2026-06-02,64,10,136,74,1,1.131,31.732,16,209,227
2026-06-09,64,10,241,43,1,1.131,31.732,16,209,227
2026-06-16,64,10,233,44,1,1.131,31.732,16,209,227
2026-06-23,64,10,154,95,4,1.131,31.732,16,209,227
2026-06-30,64,10,217,71,3,1.131,31.732,16,209,227
2026-04-07,65,1,565,105,18,7.385,58.37,19,420,560
2026-04-14,65,1,562,203,16,7.385,58.37,19,420,560
2026-04-21,65,1,471,281,25,7.385,58.37,19,420,560
2026-04-28,65,1,522,257,12,7.385,58.37,19,420,560
2026-05-05,65,1,727,187,16,7.385,58.37,19,420,560
2026-05-12,65,1,646,135,11,7.385,58.37,19,420,560
2026-05-19,65,1,511,401,29,7.385,58.37,19,420,560
2026-05-26,65,1,553,273,10,7.385,58.37,19,420,560
2026-06-02,65,1,626,126,22,7.385,58.37,19,420,560
2026-06-09,65,1,627,255,14,7.385,58.37,19,420,560
2026-06-16,65,1,655,311,12,7.385,58.37,19,420,560
2026-06-23,65,1,678,315,14,7.385,58.37,19,420,560
2026-06-30,65,1,537,366,12,7.385,58.37,19,420,560
2026-04-07,65,3,372,84,18,5.039,57.897,19,416,512
2026-04-14,65,3,375,107,15,5.039,57.897,19,416,512
2026-04-21,65,3,291,101,10,5.039,57.897,19,416,512
2026-04-28,65,3,326,75,17,5.039,57.897,19,416,512
2026-05-05,65,3,348,91,8,5.039,57.897,19,416,512
2026-05-12,65,3,304,190,17,5.039,57.897,19,416,512
2026-05-19,65,3,352,113,18,5.039,57.897,19,416,512
2026-05-26,65,3,390,79,20,5.039,57.897,19,416,512
2026-06-02,65,3,249,133,17,5.039,57.897,19,416,512
2026-06-09,65,3,323,115,14,5.039,57.897,19,416,512
2026-06-16,65,3,294,206,5,5.039,57.897,19,416,512
2026-06-23,65,3,321,95,6,5.039,57.897,19,416,512
2026-06-30,65,3,408,124,11,5.039,57.897,19,416,512
2026-04-07,65,4,504,172,12,10.103,60.013,19,433,625
2026-04-14,65,4,378,292,20,10.103,60.013,19,433,625
2026-04-21,65,4,536,157,25,10.103,60.013,19,433,625
2026-04-28,65,4,431,253,33,10.103,60.013,19,433,625
2026-05-05,65,4,433,171,28,10.103,60.013,19,433,625
2026-05-12,65,4,561,167,36,10.103,60.013,19,433,625
2026-05-19,65,4,515,156,12,10.103,60.013,19,433,625
2026-05-26,65,4,416,192,29,10.103,60.013,19,433,625
2026-06-02,65,4,486,292,28,10.103,60.013,19,433,625
2026-06-09,65,4,522,185,11,10.103,60.013,19,433,625
2026-06-16,65,4,451,280,15,10.103,60.013,19,433,625
2026-06-23,65,4,536,172,37,10.103,60.013,19,433,625
2026-06-30,65,4,429,296,24,10.103,60.013,19,433,625
2026-04-07,65,5,207,81,17,6.383,50.771,19,365,487
2026-04-14,65,5,175,31,21,6.383,50.771,19,365,487
2026-04-21,65,5,151,48,15,6.383,50.771,19,365,487
2026-04-28,65,5,139,60,22,6.383,50.771,19,365,487
2026-05-05,65,5,191,35,24,6.383,50.771,19,365,487
2026-05-12,65,5,166,114,22,6.383,50.771,19,365,487
2026-05-19,65,5,164,92,7,6.383,50.771,19,365,487
2026-05-26,65,5,206,64,8,6.383,50.771,19,365,487
2026-06-02,65,5,172,123,24,6.383,50.771,19,365,487
2026-06-09,65,5,176,52,24,6.383,50.771,19,365,487
2026-06-16,65,5,157,104,17,6.383,50.771,19,365,487
2026-06-23,65,5,222,45,18,6.383,50.771,19,365,487
2026-06-30,65,5,235,59,14,6.383,50.771,19,365,487
2026-04-07,65,7,246,138,17,5.364,49.944,19,359,461
2026-04-14,65,7,222,134,16,5.364,49.944,19,359,461
2026-04-21,65,7,211,100,18,5.364,49.944,19,359,461
2026-04-28,65,7,230,84,14,5.364,49.944,19,359,461
2026-05-05,65,7,319,109,18,5.364,49.944,19,359,461
2026-05-12,65,7,323,60,9,5.364,49.944,19,359,461
2026-05-19,65,7,317,103,6,5.364,49.944,19,359,461
2026-05-26,65,7,265,144,12,5.364,49.944,19,359,461
2026-06-02,65,7,278,114,19,5.364,49.944,19,359,461
2026-06-09,65,7,334,146,19,5.364,49.944,19,359,461
2026-06-16,65,7,262,128,16,5.364,49.944,19,359,461
2026-06-23,65,7,298,190,14,5.364,49.944,19,359,461
2026-06-30,65,7,303,148,20,5.364,49.944,19,359,461
2026-04-07,65,9,237,131,28,7.196,42.265,19,305,442
2026-04-14,65,9,236,129,18,7.196,42.265,19,305,442
2026-04-21,65,9,346,90,12,7.196,42.265,19,305,442
2026-04-28,65,9,322,120,19,7.196,42.265,19,305,442
2026-05-05,65,9,426,76,18,7.196,42.265,19,305,442
2026-05-12,65,9,273,190,18,7.196,42.265,19,305,442
2026-05-19,65,9,326,119,14,7.196,42.265,19,305,442
2026-05-26,65,9,370,117,19,7.196,42.265,19,305,442
2026-06-02,65,9,352,151,17,7.196,42.265,19,305,442
2026-06-09,65,9,384,68,26,7.196,42.265,19,305,442
2026-06-16,65,9,408,184,20,7.196,42.265,19,305,442
2026-06-23,65,9,358,227,25,7.196,42.265,19,305,442
2026-06-30,65,9,371,135,12,7.196,42.265,19,305,442
2026-04-07,65,10,310,101,9,6.987,41.924,19,303,435
2026-04-14,65,10,297,205,8,6.987,41.924,19,303,435
2026-04-21,65,10,305,221,14,6.987,41.924,19,303,435
2026-04-28,65,10,379,75,18,6.987,41.924,19,303,435
2026-05-05,65,10,237,193,26,6.987,41.924,19,303,435
2026-05-12,65,10,309,219,27,6.987,41.924,19,303,435
2026-05-19,65,10,408,82,12,6.987,41.924,19,303,435
2026-05-26,65,10,342,109,23,6.987,41.924,19,303,435
2026-06-02,65,10,328,226,17,6.987,41.924,19,303,435
2026-06-09,65,10,421,105,23,6.987,41.924,19,303,435
2026-06-16,65,10,254,132,9,6.987,41.924,19,303,435
2026-06-23,65,10,360,234,14,6.987,41.924,19,303,435
2026-06-30,65,10,281,225,12,6.987,41.924,19,303,435
2026-04-07,66,4,104,50,1,0.42,70.402,12,401,406
2026-04-14,66,4,128,77,1,0.42,70.402,12,401,406
2026-04-21,66,4,157,40,1,0.42,70.402,12,401,406
2026-04-28,66,4,120,52,2,0.42,70.402,12,401,406
2026-05-05,66,4,135,47,1,0.42,70.402,12,401,406
2026-05-12,66,4,167,37,1,0.42,70.402,12,401,406
2026-05-19,66,4,118,70,1,0.42,70.402,12,401,406
2026-05-26,66,4,124,100,1,0.42,70.402,12,401,406
2026-06-02,66,4,105,44,0,0.42,70.402,12,401,406
2026-06-09,66,4,122,69,1,0.42,70.402,12,401,406
2026-06-16,66,4,147,78,1,0.42,70.402,12,401,406
2026-06-23,66,4,143,68,2,0.42,70.402,12,401,406
2026-06-30,66,4,151,69,1,0.42,70.402,12,401,406
2026-04-07,66,6,375,233,61,23.336,68.794,12,396,676
2026-04-14,66,6,490,210,85,23.336,68.794,12,396,676
2026-04-21,66,6,465,173,53,23.336,68.794,12,396,676
2026-04-28,66,6,514,147,51,23.336,68.794,12,396,676
2026-05-05,66,6,580,202,55,23.336,68.794,12,396,676
2026-05-12,66,6,557,143,40,23.336,68.794,12,396,676
2026-05-19,66,6,605,211,45,23.336,68.794,12,396,676
2026-05-26,66,6,540,369,55,23.336,68.794,12,396,676
2026-06-02,66,6,683,122,84,23.336,68.794,12,396,676
2026-06-09,66,6,486,311,51,23.336,68.794,12,396,676
2026-06-16,66,6,652,231,50,23.336,68.794,12,396,676
2026-06-23,66,6,492,297,55,23.336,68.794,12,396,676
2026-06-30,66,6,462,217,38,23.336,68.794,12,396,676
2026-04-07,66,10,73,39,1,0.956,25.226,12,144,155
2026-04-14,66,10,92,22,3,0.956,25.226,12,144,155
2026-04-21,66,10,101,27,3,0.956,25.226,12,144,155
2026-04-28,66,10,104,21,3,0.956,25.226,12,144,155
2026-05-05,66,10,77,58,2,0.956,25.226,12,144,155
2026-05-12,66,10,92,33,2,0.956,25.226,12,144,155
2026-05-19,66,10,72,54,2,0.956,25.226,12,144,155
2026-05-26,66,10,78,31,2,0.956,25.226,12,144,155
2026-06-02,66,10,116,44,3,0.956,25.226,12,144,155
2026-06-09,66,10,71,52,2,0.956,25.226,12,144,155
2026-06-16,66,10,74,49,1,0.956,25.226,12,144,155
2026-06-23,66,10,99,60,2,0.956,25.226,12,144,155
2026-06-30,66,10,115,21,2,0.956,25.226,12,144,155
2026-04-07,67,4,1131,421,71,29.343,82.964,32,809,1748
2026-04-14,67,4,678,515,84,29.343,82.964,32,809,1748
2026-04-21,67,4,679,516,47,29.343,82.964,32,809,1748
2026-04-28,67,4,1087,340,58,29.343,82.964,32,809,1748
2026-05-05,67,4,1204,569,82,29.343,82.964,32,809,1748
2026-05-12,67,4,900,361,43,29.343,82.964,32,809,1748
2026-05-19,67,4,1094,559,99,29.343,82.964,32,809,1748
2026-05-26,67,4,957,658,91,29.343,82.964,32,809,1748
2026-06-02,67,4,1060,239,46,29.343,82.964,32,809,1748
2026-06-09,67,4,1062,662,87,29.343,82.964,32,809,1748
2026-06-16,67,4,1016,677,68,29.343,82.964,32,809,1748
2026-06-23,67,4,935,613,52,29.343,82.964,32,809,1748
2026-06-30,67,4,1083,363,47,29.343,82.964,32,809,1748
2026-04-07,67,7,679,149,19,10.615,63.251,32,595,935
2026-04-14,67,7,404,268,13,10.615,63.251,32,595,935
2026-04-21,67,7,516,241,15,10.615,63.251,32,595,935
2026-04-28,67,7,750,137,39,10.615,63.251,32,595,935
2026-05-05,67,7,681,138,19,10.615,63.251,32,595,935
2026-05-12,67,7,568,262,15,10.615,63.251,32,595,935
2026-05-19,67,7,558,286,37,10.615,63.251,32,595,935
2026-05-26,67,7,584,273,20,10.615,63.251,32,595,935
2026-06-02,67,7,753,174,22,10.615,63.251,32,595,935
2026-06-09,67,7,626,225,15,10.615,63.251,32,595,935
2026-06-16,67,7,605,119,15,10.615,63.251,32,595,935
2026-06-23,67,7,574,331,13,10.615,63.251,32,595,935
2026-06-30,67,7,630,130,20,10.615,63.251,32,595,935
2026-04-07,67,8,689,137,26,7.935,78.895,32,737,991
2026-04-14,67,8,707,221,19,7.935,78.895,32,737,991
2026-04-21,67,8,678,267,11,7.935,78.895,32,737,991
2026-04-28,67,8,710,379,10,7.935,78.895,32,737,991
2026-05-05,67,8,642,457,18,7.935,78.895,32,737,991
2026-05-12,67,8,877,195,22,7.935,78.895,32,737,991
2026-05-19,67,8,740,247,19,7.935,78.895,32,737,991
2026-05-26,67,8,628,326,27,7.935,78.895,32,737,991
2026-06-02,67,8,513,401,17,7.935,78.895,32,737,991
2026-06-09,67,8,794,211,16,7.935,78.895,32,737,991
2026-06-16,67,8,877,176,14,7.935,78.895,32,737,991
2026-06-23,67,8,674,405,16,7.935,78.895,32,737,991
2026-06-30,67,8,654,299,16,7.935,78.895,32,737,991
2026-04-07,68,1,657,237,6,4.904,64.428,30,581,729
2026-04-14,68,1,874,188,6,4.904,64.428,30,581,729
2026-04-21,68,1,641,271,11,4.904,64.428,30,581,729
2026-04-28,68,1,752,186,19,4.904,64.428,30,581,729
2026-05-05,68,1,684,309,17,4.904,64.428,30,581,729
2026-05-12,68,1,716,215,18,4.904,64.428,30,581,729
2026-05-19,68,1,759,435,17,4.904,64.428,30,581,729
2026-05-26,68,1,702,414,9,4.904,64.428,30,581,729
2026-06-02,68,1,808,183,14,4.904,64.428,30,581,729
2026-06-09,68,1,961,280,15,4.904,64.428,30,581,729
2026-06-16,68,1,731,453,15,4.904,64.428,30,581,729
2026-06-23,68,1,575,200,6,4.904,64.428,30,581,729
2026-06-30,68,1,776,270,19,4.904,64.428,30,581,729
2026-04-07,68,5,367,174,26,8.501,57.616,30,522,777
2026-04-14,68,5,397,234,31,8.501,57.616,30,522,777
2026-04-21,68,5,484,154,29,8.501,57.616,30,522,777
2026-04-28,68,5,522,98,22,8.501,57.616,30,522,777
2026-05-05,68,5,334,247,22,8.501,57.616,30,522,777
2026-05-12,68,5,462,177,23,8.501,57.616,30,522,777
2026-05-19,68,5,541,125,24,8.501,57.616,30,522,777
2026-05-26,68,5,450,233,18,8.501,57.616,30,522,777
2026-06-02,68,5,385,184,32,8.501,57.616,30,522,777
2026-06-09,68,5,473,234,17,8.501,57.616,30,522,777
2026-06-16,68,5,435,226,26,8.501,57.616,30,522,777
2026-06-23,68,5,345,271,17,8.501,57.616,30,522,777
2026-06-30,68,5,421,190,25,8.501,57.616,30,522,777
2026-04-07,68,8,504,128,18,7.858,64.706,30,585,821
2026-04-14,68,8,387,224,29,7.858,64.706,30,585,821
2026-04-21,68,8,629,121,9,7.858,64.706,30,585,821
2026-04-28,68,8,511,119,30,7.858,64.706,30,585,821
2026-05-05,68,8,482,148,31,7.858,64.706,30,585,821
2026-05-12,68,8,590,113,30,7.858,64.706,30,585,821
2026-05-19,68,8,475,142,29,7.858,64.706,30,585,821
2026-05-26,68,8,419,295,10,7.858,64.706,30,585,821
2026-06-02,68,8,485,263,13,7.858,64.706,30,585,821
2026-06-09,68,8,555,126,16,7.858,64.706,30,585,821
2026-06-16,68,8,513,222,14,7.858,64.706,30,585,821
2026-06-23,68,8,512,200,20,7.858,64.706,30,585,821
2026-06-30,68,8,571,170,14,7.858,64.706,30,585,821
2026-04-07,69,1,1742,1130,67,27.227,59.033,33,619,1518
2026-04-14,69,1,1513,1108,90,27.227,59.033,33,619,1518
2026-04-21,69,1,1823,1023,31,27.227,59.033,33,619,1518
2026-04-28,69,1,1703,1222,76,27.227,59.033,33,619,1518
2026-05-05,69,1,1803,1035,77,27.227,59.033,33,619,1518
2026-05-12,69,1,1823,1290,93,27.227,59.033,33,619,1518
2026-05-19,69,1,1555,1067,60,27.227,59.033,33,619,1518
2026-05-26,69,1,1791,537,34,27.227,59.033,33,619,1518
2026-06-02,69,1,2381,694,65,27.227,59.033,33,619,1518
2026-06-09,69,1,2397,621,72,27.227,59.033,33,619,1518
2026-06-16,69,1,2672,552,68,27.227,59.033,33,619,1518
2026-06-23,69,1,2468,837,106,27.227,59.033,33,619,1518
2026-06-30,69,1,2098,990,66,27.227,59.033,33,619,1518
2026-04-07,69,4,1252,387,6,4.986,68.678,33,651,815
2026-04-14,69,4,1120,422,19,4.986,68.678,33,651,815
2026-04-21,69,4,1083,549,9,4.986,68.678,33,651,815
2026-04-28,69,4,1018,741,12,4.986,68.678,33,651,815
2026-05-05,69,4,898,682,14,4.986,68.678,33,651,815
2026-05-12,69,4,1504,275,11,4.986,68.678,33,651,815
2026-05-19,69,4,1111,316,12,4.986,68.678,33,651,815
2026-05-26,69,4,1232,258,11,4.986,68.678,33,651,815
2026-06-02,69,4,887,707,17,4.986,68.678,33,651,815
2026-06-09,69,4,1239,501,14,4.986,68.678,33,651,815
2026-06-16,69,4,1102,545,10,4.986,68.678,33,651,815
2026-06-23,69,4,951,710,5,4.986,68.678,33,651,815
2026-06-30,69,4,1061,496,15,4.986,68.678,33,651,815
2026-04-07,70,1,142,60,1,0.137,13.051,19,94,96
2026-04-14,70,1,126,46,0,0.137,13.051,19,94,96
2026-04-21,70,1,146,49,0,0.137,13.051,19,94,96
2026-04-28,70,1,136,67,0,0.137,13.051,19,94,96
2026-05-05,70,1,110,89,1,0.137,13.051,19,94,96
2026-05-12,70,1,129,74,0,0.137,13.051,19,94,96
2026-05-19,70,1,147,59,0,0.137,13.051,19,94,96
2026-05-26,70,1,159,50,0,0.137,13.051,19,94,96
2026-06-02,70,1,120,70,0,0.137,13.051,19,94,96
2026-06-09,70,1,133,85,0,0.137,13.051,19,94,96
2026-06-16,70,1,197,44,0,0.137,13.051,19,94,96
2026-06-23,70,1,171,51,0,0.137,13.051,19,94,96
2026-06-30,70,1,138,81,0,0.137,13.051,19,94,96
2026-04-07,70,3,678,147,2,0.568,60.71,19,435,446
2026-04-14,70,3,531,347,2,0.568,60.71,19,435,446
2026-04-21,70,3,746,391,2,0.568,60.71,19,435,446
2026-04-28,70,3,643,154,2,0.568,60.71,19,435,446
2026-05-05,70,3,631,197,2,0.568,60.71,19,435,446
2026-05-12,70,3,685,203,1,0.568,60.71,19,435,446
2026-05-19,70,3,625,252,2,0.568,60.71,19,435,446
2026-05-26,70,3,589,298,1,0.568,60.71,19,435,446
2026-06-02,70,3,844,222,1,0.568,60.71,19,435,446
2026-06-09,70,3,784,183,1,0.568,60.71,19,435,446
2026-06-16,70,3,813,207,1,0.568,60.71,19,435,446
2026-06-23,70,3,490,302,1,0.568,60.71,19,435,446
2026-06-30,70,3,614,368,1,0.568,60.71,19,435,446
2026-04-07,70,4,66,39,0,0.107,15.556,19,112,114
2026-04-14,70,4,54,34,0,0.107,15.556,19,112,114
2026-04-21,70,4,64,36,0,0.107,15.556,19,112,114
2026-04-28,70,4,60,37,0,0.107,15.556,19,112,114
2026-05-05,70,4,53,26,0,0.107,15.556,19,112,114
2026-05-12,70,4,75,16,0,0.107,15.556,19,112,114
2026-05-19,70,4,63,25,0,0.107,15.556,19,112,114
2026-05-26,70,4,77,21,0,0.107,15.556,19,112,114
2026-06-02,70,4,77,18,0,0.107,15.556,19,112,114
2026-06-09,70,4,87,16,0,0.107,15.556,19,112,114
2026-06-16,70,4,71,38,0,0.107,15.556,19,112,114
2026-06-23,70,4,74,25,0,0.107,15.556,19,112,114
2026-06-30,70,4,61,45,0,0.107,15.556,19,112,114
2026-04-07,70,5,81,15,0,0.119,14.569,19,104,107
2026-04-14,70,5,83,18,0,0.119,14.569,19,104,107
2026-04-21,70,5,79,24,0,0.119,14.569,19,104,107
2026-04-28,70,5,98,21,0,0.119,14.569,19,104,107
2026-05-05,70,5,80,51,0,0.119,14.569,19,104,107
2026-05-12,70,5,84,43,0,0.119,14.569,19,104,107
2026-05-19,70,5,78,28,0,0.119,14.569,19,104,107
2026-05-26,70,5,76,34,0,0.119,14.569,19,104,107
2026-06-02,70,5,76,44,0,0.119,14.569,19,104,107
2026-06-09,70,5,102,34,0,0.119,14.569,19,104,107
2026-06-16,70,5,94,33,0,0.119,14.569,19,104,107
2026-06-23,70,5,96,29,0,0.119,14.569,19,104,107
2026-06-30,70,5,74,51,0,0.119,14.569,19,104,107
2026-04-07,70,7,257,144,1,0.233,55.94,19,401,406
2026-04-14,70,7,265,72,0,0.233,55.94,19,401,406
2026-04-21,70,7,303,64,0,0.233,55.94,19,401,406
2026-04-28,70,7,215,170,1,0.233,55.94,19,401,406
2026-05-05,70,7,171,107,1,0.233,55.94,19,401,406
2026-05-12,70,7,232,143,1,0.233,55.94,19,401,406
2026-05-19,70,7,228,97,1,0.233,55.94,19,401,406
2026-05-26,70,7,254,131,0,0.233,55.94,19,401,406
2026-06-02,70,7,244,116,1,0.233,55.94,19,401,406
2026-06-09,70,7,273,137,1,0.233,55.94,19,401,406
2026-06-16,70,7,256,198,1,0.233,55.94,19,401,406
2026-06-23,70,7,276,102,1,0.233,55.94,19,401,406
2026-06-30,70,7,237,162,1,0.233,55.94,19,401,406
2026-04-07,70,9,3,1,1,0.189,0.0,19,1,5
2026-04-14,70,9,4,1,0,0.189,0.0,19,1,5
2026-04-21,70,9,3,1,0,0.189,0.0,19,1,5
2026-04-28,70,9,2,2,1,0.189,0.0,19,1,5
2026-05-05,70,9,3,1,0,0.189,0.0,19,1,5
2026-05-12,70,9,2,2,1,0.189,0.0,19,1,5
2026-05-19,70,9,3,1,1,0.189,0.0,19,1,5
2026-05-26,70,9,3,2,1,0.189,0.0,19,1,5
2026-06-02,70,9,2,2,0,0.189,0.0,19,1,5
2026-06-09,70,9,3,1,0,0.189,0.0,19,1,5
2026-06-16,70,9,3,1,1,0.189,0.0,19,1,5
2026-06-23,70,9,2,1,1,0.189,0.0,19,1,5
2026-06-30,70,9,4,1,0,0.189,0.0,19,1,5
2026-04-07,70,10,633,406,0,0.261,110.309,19,791,796
2026-04-14,70,10,835,260,1,0.261,110.309,19,791,796
2026-04-21,70,10,1042,277,0,0.261,110.309,19,791,796
2026-04-28,70,10,733,407,0,0.261,110.309,19,791,796
2026-05-05,70,10,910,323,0,0.261,110.309,19,791,796
2026-05-12,70,10,902,185,0,0.261,110.309,19,791,796
2026-05-19,70,10,1020,269,1,0.261,110.309,19,791,796
2026-05-26,70,10,756,318,0,0.261,110.309,19,791,796
2026-06-02,70,10,1052,277,1,0.261,110.309,19,791,796
2026-06-09,70,10,994,440,0,0.261,110.309,19,791,796
2026-06-16,70,10,723,500,1,0.261,110.309,19,791,796
2026-06-23,70,10,834,400,1,0.261,110.309,19,791,796
2026-06-30,70,10,752,594,1,0.261,110.309,19,791,796
2026-04-07,71,1,134,65,2,0.413,24.053,35,234,249
2026-04-14,71,1,125,55,1,0.413,24.053,35,234,249
2026-04-21,71,1,192,54,2,0.413,24.053,35,234,249
2026-04-28,71,1,132,41,1,0.413,24.053,35,234,249
2026-05-05,71,1,171,36,1,0.413,24.053,35,234,249
2026-05-12,71,1,101,66,1,0.413,24.053,35,234,249
2026-05-19,71,1,141,28,1,0.413,24.053,35,234,249
2026-05-26,71,1,117,87,1,0.413,24.053,35,234,249
2026-06-02,71,1,150,61,1,0.413,24.053,35,234,249
2026-06-09,71,1,136,59,2,0.413,24.053,35,234,249
2026-06-16,71,1,165,65,1,0.413,24.053,35,234,249
2026-06-23,71,1,176,39,1,0.413,24.053,35,234,249
2026-06-30,71,1,128,43,1,0.413,24.053,35,234,249
2026-04-07,71,10,523,256,20,6.063,53.414,35,523,735
2026-04-14,71,10,520,177,19,6.063,53.414,35,523,735
2026-04-21,71,10,517,184,24,6.063,53.414,35,523,735
2026-04-28,71,10,543,209,17,6.063,53.414,35,523,735
2026-05-05,71,10,609,111,18,6.063,53.414,35,523,735
2026-05-12,71,10,565,254,11,6.063,53.414,35,523,735
2026-05-19,71,10,566,134,6,6.063,53.414,35,523,735
2026-05-26,71,10,332,266,11,6.063,53.414,35,523,735
2026-06-02,71,10,465,316,9,6.063,53.414,35,523,735
2026-06-09,71,10,476,272,12,6.063,53.414,35,523,735
2026-06-16,71,10,487,167,23,6.063,53.414,35,523,735
2026-06-23,71,10,627,171,11,6.063,53.414,35,523,735
2026-06-30,71,10,534,219,10,6.063,53.414,35,523,735
2026-04-07,72,1,285,68,3,2.17,39.026,18,273,312
2026-04-14,72,1,283,192,3,2.17,39.026,18,273,312
2026-04-21,72,1,289,160,5,2.17,39.026,18,273,312
2026-04-28,72,1,321,141,4,2.17,39.026,18,273,312
2026-05-05,72,1,229,162,3,2.17,39.026,18,273,312
2026-05-12,72,1,399,74,4,2.17,39.026,18,273,312
2026-05-19,72,1,342,131,7,2.17,39.026,18,273,312
2026-05-26,72,1,388,92,8,2.17,39.026,18,273,312
2026-06-02,72,1,397,112,8,2.17,39.026,18,273,312
2026-06-09,72,1,202,159,3,2.17,39.026,18,273,312
2026-06-16,72,1,347,148,8,2.17,39.026,18,273,312
2026-06-23,72,1,417,109,4,2.17,39.026,18,273,312
2026-06-30,72,1,349,110,7,2.17,39.026,18,273,312
2026-04-07,72,3,301,56,9,2.294,59.427,18,415,456
2026-04-14,72,3,325,75,9,2.294,59.427,18,415,456
2026-04-21,72,3,312,82,7,2.294,59.427,18,415,456
2026-04-28,72,3,212,172,8,2.294,59.427,18,415,456
2026-05-05,72,3,308,58,4,2.294,59.427,18,415,456
2026-05-12,72,3,280,153,8,2.294,59.427,18,415,456
2026-05-19,72,3,232,168,4,2.294,59.427,18,415,456
2026-05-26,72,3,237,98,5,2.294,59.427,18,415,456
2026-06-02,72,3,270,177,4,2.294,59.427,18,415,456
2026-06-09,72,3,333,138,6,2.294,59.427,18,415,456
2026-06-16,72,3,274,173,5,2.294,59.427,18,415,456
2026-06-23,72,3,279,184,4,2.294,59.427,18,415,456
2026-06-30,72,3,349,166,3,2.294,59.427,18,415,456
2026-04-07,72,4,129,82,8,3.82,55.416,18,387,456
2026-04-14,72,4,150,52,10,3.82,55.416,18,387,456
2026-04-21,72,4,172,52,10,3.82,55.416,18,387,456
2026-04-28,72,4,114,67,5,3.82,55.416,18,387,456
2026-05-05,72,4,183,43,7,3.82,55.416,18,387,456
2026-05-12,72,4,122,66,14,3.82,55.416,18,387,456
2026-05-19,72,4,130,76,8,3.82,55.416,18,387,456
2026-05-26,72,4,189,46,15,3.82,55.416,18,387,456
2026-06-02,72,4,198,37,14,3.82,55.416,18,387,456
2026-06-09,72,4,126,76,5,3.82,55.416,18,387,456
2026-06-16,72,4,113,79,10,3.82,55.416,18,387,456
2026-06-23,72,4,156,71,8,3.82,55.416,18,387,456
2026-06-30,72,4,165,120,15,3.82,55.416,18,387,456
2026-04-07,72,5,281,67,9,3.236,31.868,18,223,281
2026-04-14,72,5,191,113,11,3.236,31.868,18,223,281
2026-04-21,72,5,238,71,5,3.236,31.868,18,223,281
2026-04-28,72,5,253,85,9,3.236,31.868,18,223,281
2026-05-05,72,5,213,90,12,3.236,31.868,18,223,281
2026-05-12,72,5,162,95,12,3.236,31.868,18,223,281
2026-05-19,72,5,195,90,4,3.236,31.868,18,223,281
2026-05-26,72,5,229,82,7,3.236,31.868,18,223,281
2026-06-02,72,5,203,142,10,3.236,31.868,18,223,281
2026-06-09,72,5,231,154,12,3.236,31.868,18,223,281
2026-06-16,72,5,183,100,5,3.236,31.868,18,223,281
2026-06-23,72,5,232,105,10,3.236,31.868,18,223,281
2026-06-30,72,5,258,69,7,3.236,31.868,18,223,281
2026-04-07,72,7,222,116,2,1.534,33.06,18,231,258
2026-04-14,72,7,284,57,4,1.534,33.06,18,231,258
2026-04-21,72,7,269,85,2,1.534,33.06,18,231,258
2026-04-28,72,7,254,67,6,1.534,33.06,18,231,258
2026-05-05,72,7,223,152,2,1.534,33.06,18,231,258
2026-05-12,72,7,200,151,4,1.534,33.06,18,231,258
2026-05-19,72,7,220,137,2,1.534,33.06,18,231,258
2026-05-26,72,7,210,74,3,1.534,33.06,18,231,258
2026-06-02,72,7,291,122,5,1.534,33.06,18,231,258
2026-06-09,72,7,284,101,2,1.534,33.06,18,231,258
2026-06-16,72,7,354,71,4,1.534,33.06,18,231,258
2026-06-23,72,7,198,162,3,1.534,33.06,18,231,258
2026-06-30,72,7,309,113,4,1.534,33.06,18,231,258
2026-04-07,72,9,186,66,12,3.292,73.794,18,515,575
2026-04-14,72,9,200,66,13,3.292,73.794,18,515,575
2026-04-21,72,9,195,97,4,3.292,73.794,18,515,575
2026-04-28,72,9,141,95,8,3.292,73.794,18,515,575
2026-05-05,72,9,226,49,8,3.292,73.794,18,515,575
2026-05-12,72,9,158,73,11,3.292,73.794,18,515,575
2026-05-19,72,9,190,98,8,3.292,73.794,18,515,575
2026-05-26,72,9,183,83,6,3.292,73.794,18,515,575
2026-06-02,72,9,199,95,9,3.292,73.794,18,515,575
2026-06-09,72,9,224,117,9,3.292,73.794,18,515,575
2026-06-16,72,9,159,113,12,3.292,73.794,18,515,575
2026-06-23,72,9,177,127,11,3.292,73.794,18,515,575
2026-06-30,72,9,234,90,11,3.292,73.794,18,515,575
2026-04-07,72,10,319,103,12,3.619,43.407,18,303,369
2026-04-14,72,10,262,94,6,3.619,43.407,18,303,369
2026-04-21,72,10,282,99,14,3.619,43.407,18,303,369
2026-04-28,72,10,345,107,8,3.619,43.407,18,303,369
2026-05-05,72,10,292,113,13,3.619,43.407,18,303,369
2026-05-12,72,10,242,121,10,3.619,43.407,18,303,369
2026-05-19,72,10,304,105,6,3.619,43.407,18,303,369
2026-05-26,72,10,289,141,13,3.619,43.407,18,303,369
2026-06-02,72,10,286,89,10,3.619,43.407,18,303,369
2026-06-09,72,10,324,107,9,3.619,43.407,18,303,369
2026-06-16,72,10,374,68,10,3.619,43.407,18,303,369
2026-06-23,72,10,329,66,9,3.619,43.407,18,303,369
2026-06-30,72,10,287,179,11,3.619,43.407,18,303,369
2026-04-07,73,1,149,99,5,1.463,29.087,11,159,175
2026-04-14,73,1,156,119,2,1.463,29.087,11,159,175
2026-04-21,73,1,144,95,6,1.463,29.087,11,159,175
2026-04-28,73,1,189,100,6,1.463,29.087,11,159,175
2026-05-05,73,1,151,52,1,1.463,29.087,11,159,175
2026-05-12,73,1,172,67,3,1.463,29.087,11,159,175
2026-05-19,73,1,192,91,5,1.463,29.087,11,159,175
2026-05-26,73,1,202,141,5,1.463,29.087,11,159,175
2026-06-02,73,1,163,113,6,1.463,29.087,11,159,175
2026-06-09,73,1,242,88,2,1.463,29.087,11,159,175
2026-06-16,73,1,199,69,5,1.463,29.087,11,159,175
2026-06-23,73,1,243,66,5,1.463,29.087,11,159,175
2026-06-30,73,1,184,107,4,1.463,29.087,11,159,175
2026-04-07,73,3,258,139,2,1.043,57.551,11,314,325
2026-04-14,73,3,182,119,3,1.043,57.551,11,314,325
2026-04-21,73,3,285,77,4,1.043,57.551,11,314,325
2026-04-28,73,3,291,70,3,1.043,57.551,11,314,325
2026-05-05,73,3,240,133,3,1.043,57.551,11,314,325
2026-05-12,73,3,255,71,1,1.043,57.551,11,314,325
2026-05-19,73,3,266,102,4,1.043,57.551,11,314,325
2026-05-26,73,3,224,141,3,1.043,57.551,11,314,325
2026-06-02,73,3,253,165,3,1.043,57.551,11,314,325
2026-06-09,73,3,248,122,3,1.043,57.551,11,314,325
2026-06-16,73,3,311,74,4,1.043,57.551,11,314,325
2026-06-23,73,3,268,119,2,1.043,57.551,11,314,325
2026-06-30,73,3,253,141,2,1.043,57.551,11,314,325
2026-04-07,73,4,186,53,2,2.211,49.383,11,269,294
2026-04-14,73,4,174,84,8,2.211,49.383,11,269,294
2026-04-21,73,4,165,85,7,2.211,49.383,11,269,294
2026-04-28,73,4,136,60,4,2.211,49.383,11,269,294
2026-05-05,73,4,175,58,7,2.211,49.383,11,269,294
2026-05-12,73,4,128,90,5,2.211,49.383,11,269,294
2026-05-19,73,4,215,44,5,2.211,49.383,11,269,294
2026-05-26,73,4,149,115,3,2.211,49.383,11,269,294
2026-06-02,73,4,209,65,8,2.211,49.383,11,269,294
2026-06-09,73,4,225,83,2,2.211,49.383,11,269,294
2026-06-16,73,4,253,51,8,2.211,49.383,11,269,294
2026-06-23,73,4,204,73,6,2.211,49.383,11,269,294
2026-06-30,73,4,229,61,9,2.211,49.383,11,269,294
2026-04-07,73,5,201,98,2,1.576,37.529,11,205,222
2026-04-14,73,5,248,79,2,1.576,37.529,11,205,222
2026-04-21,73,5,216,106,4,1.576,37.529,11,205,222
2026-04-28,73,5,217,65,5,1.576,37.529,11,205,222
2026-05-05,73,5,232,66,4,1.576,37.529,11,205,222
2026-05-12,73,5,242,102,2,1.576,37.529,11,205,222
2026-05-19,73,5,252,63,4,1.576,37.529,11,205,222
2026-05-26,73,5,220,143,3,1.576,37.529,11,205,222
2026-06-02,73,5,278,63,3,1.576,37.529,11,205,222
2026-06-09,73,5,218,138,4,1.576,37.529,11,205,222
2026-06-16,73,5,235,54,4,1.576,37.529,11,205,222
2026-06-23,73,5,257,105,3,1.576,37.529,11,205,222
2026-06-30,73,5,308,95,3,1.576,37.529,11,205,222
2026-04-07,73,7,146,83,7,2.559,88.931,11,485,513
2026-04-14,73,7,159,55,4,2.559,88.931,11,485,513
2026-04-21,73,7,212,38,4,2.559,88.931,11,485,513
2026-04-28,73,7,214,41,9,2.559,88.931,11,485,513
2026-05-05,73,7,203,58,8,2.559,88.931,11,485,513
2026-05-12,73,7,121,94,7,2.559,88.931,11,485,513
2026-05-19,73,7,163,90,10,2.559,88.931,11,485,513
2026-05-26,73,7,179,106,7,2.559,88.931,11,485,513
2026-06-02,73,7,199,74,9,2.559,88.931,11,485,513
2026-06-09,73,7,163,63,8,2.559,88.931,11,485,513
2026-06-16,73,7,160,102,6,2.559,88.931,11,485,513
2026-06-23,73,7,171,56,10,2.559,88.931,11,485,513
2026-06-30,73,7,167,133,7,2.559,88.931,11,485,513
2026-04-07,73,9,207,122,2,1.82,58.347,11,318,338
2026-04-14,73,9,220,54,3,1.82,58.347,11,318,338
2026-04-21,73,9,228,135,3,1.82,58.347,11,318,338
2026-04-28,73,9,251,64,5,1.82,58.347,11,318,338
2026-05-05,73,9,293,52,7,1.82,58.347,11,318,338
2026-05-12,73,9,292,170,5,1.82,58.347,11,318,338
2026-05-19,73,9,279,55,6,1.82,58.347,11,318,338
2026-05-26,73,9,227,105,4,1.82,58.347,11,318,338
2026-06-02,73,9,247,116,6,1.82,58.347,11,318,338
2026-06-09,73,9,227,160,6,1.82,58.347,11,318,338
2026-06-16,73,9,324,73,6,1.82,58.347,11,318,338
2026-06-23,73,9,338,66,5,1.82,58.347,11,318,338
2026-06-30,73,9,254,182,6,1.82,58.347,11,318,338
2026-04-07,73,10,220,96,7,1.812,27.071,11,148,168
2026-04-14,73,10,214,128,7,1.812,27.071,11,148,168
2026-04-21,73,10,223,128,4,1.812,27.071,11,148,168
2026-04-28,73,10,226,49,3,1.812,27.071,11,148,168
2026-05-05,73,10,259,110,3,1.812,27.071,11,148,168
2026-05-12,73,10,274,64,6,1.812,27.071,11,148,168
2026-05-19,73,10,328,73,4,1.812,27.071,11,148,168
2026-05-26,73,10,260,117,6,1.812,27.071,11,148,168
2026-06-02,73,10,198,124,7,1.812,27.071,11,148,168
2026-06-09,73,10,251,139,6,1.812,27.071,11,148,168
2026-06-16,73,10,194,123,6,1.812,27.071,11,148,168
2026-06-23,73,10,310,91,2,1.812,27.071,11,148,168
2026-06-30,73,10,293,73,2,1.812,27.071,11,148,168
2026-04-07,74,1,224,45,5,1.431,50.568,17,343,367
2026-04-14,74,1,241,51,4,1.431,50.568,17,343,367
2026-04-21,74,1,192,137,1,1.431,50.568,17,343,367
2026-04-28,74,1,197,41,5,1.431,50.568,17,343,367
2026-05-05,74,1,272,66,4,1.431,50.568,17,343,367
2026-05-12,74,1,250,48,4,1.431,50.568,17,343,367
2026-05-19,74,1,291,88,5,1.431,50.568,17,343,367
2026-05-26,74,1,243,71,3,1.431,50.568,17,343,367
2026-06-02,74,1,204,63,3,1.431,50.568,17,343,367
2026-06-09,74,1,213,139,5,1.431,50.568,17,343,367
2026-06-16,74,1,271,53,1,1.431,50.568,17,343,367
2026-06-23,74,1,229,144,4,1.431,50.568,17,343,367
2026-06-30,74,1,309,68,4,1.431,50.568,17,343,367
2026-04-07,74,3,217,174,2,1.288,51.906,17,352,374
2026-04-14,74,3,294,57,3,1.288,51.906,17,352,374
2026-04-21,74,3,250,153,4,1.288,51.906,17,352,374
2026-04-28,74,3,326,99,4,1.288,51.906,17,352,374
2026-05-05,74,3,190,153,2,1.288,51.906,17,352,374
2026-05-12,74,3,274,160,2,1.288,51.906,17,352,374
2026-05-19,74,3,229,124,2,1.288,51.906,17,352,374
2026-05-26,74,3,320,60,3,1.288,51.906,17,352,374
2026-06-02,74,3,334,124,3,1.288,51.906,17,352,374
2026-06-09,74,3,251,192,2,1.288,51.906,17,352,374
2026-06-16,74,3,328,141,2,1.288,51.906,17,352,374
2026-06-23,74,3,263,113,5,1.288,51.906,17,352,374
2026-06-30,74,3,329,95,5,1.288,51.906,17,352,374
2026-04-07,74,4,619,141,6,2.163,43.751,17,297,334
2026-04-14,74,4,419,184,5,2.163,43.751,17,297,334
2026-04-21,74,4,344,279,7,2.163,43.751,17,297,334
2026-04-28,74,4,562,177,8,2.163,43.751,17,297,334
2026-05-05,74,4,384,240,8,2.163,43.751,17,297,334
2026-05-12,74,4,520,253,5,2.163,43.751,17,297,334
2026-05-19,74,4,575,210,5,2.163,43.751,17,297,334
2026-05-26,74,4,404,272,3,2.163,43.751,17,297,334
2026-06-02,74,4,538,195,8,2.163,43.751,17,297,334
2026-06-09,74,4,516,173,5,2.163,43.751,17,297,334
2026-06-16,74,4,434,284,2,2.163,43.751,17,297,334
2026-06-23,74,4,402,223,6,2.163,43.751,17,297,334
2026-06-30,74,4,468,305,4,2.163,43.751,17,297,334
2026-04-07,74,5,530,361,3,2.307,69.722,17,473,512
2026-04-14,74,5,562,458,9,2.307,69.722,17,473,512
2026-04-21,74,5,482,374,7,2.307,69.722,17,473,512
2026-04-28,74,5,733,318,4,2.307,69.722,17,473,512
2026-05-05,74,5,882,313,8,2.307,69.722,17,473,512
2026-05-12,74,5,943,205,7,2.307,69.722,17,473,512
2026-05-19,74,5,746,220,8,2.307,69.722,17,473,512
2026-05-26,74,5,642,232,8,2.307,69.722,17,473,512
2026-06-02,74,5,691,536,5,2.307,69.722,17,473,512
2026-06-09,74,5,747,287,7,2.307,69.722,17,473,512
2026-06-16,74,5,710,323,4,2.307,69.722,17,473,512
2026-06-23,74,5,743,358,4,2.307,69.722,17,473,512
2026-06-30,74,5,1041,480,9,2.307,69.722,17,473,512
2026-04-07,74,7,224,41,5,2.077,45.633,17,310,345
2026-04-14,74,7,154,120,6,2.077,45.633,17,310,345
2026-04-21,74,7,223,45,6,2.077,45.633,17,310,345
2026-04-28,74,7,203,101,3,2.077,45.633,17,310,345
2026-05-05,74,7,224,67,3,2.077,45.633,17,310,345
2026-05-12,74,7,162,121,7,2.077,45.633,17,310,345
2026-05-19,74,7,181,121,7,2.077,45.633,17,310,345
2026-05-26,74,7,186,104,8,2.077,45.633,17,310,345
2026-06-02,74,7,187,81,2,2.077,45.633,17,310,345
2026-06-09,74,7,182,142,5,2.077,45.633,17,310,345
2026-06-16,74,7,279,54,8,2.077,45.633,17,310,345
2026-06-23,74,7,259,47,7,2.077,45.633,17,310,345
2026-06-30,74,7,280,82,5,2.077,45.633,17,310,345
2026-04-07,74,9,246,117,4,1.656,58.928,17,400,428
2026-04-14,74,9,267,144,6,1.656,58.928,17,400,428
2026-04-21,74,9,314,192,5,1.656,58.928,17,400,428
2026-04-28,74,9,384,99,6,1.656,58.928,17,400,428
2026-05-05,74,9,320,154,6,1.656,58.928,17,400,428
2026-05-12,74,9,296,146,2,1.656,58.928,17,400,428
2026-05-19,74,9,320,120,2,1.656,58.928,17,400,428
2026-05-26,74,9,351,187,2,1.656,58.928,17,400,428
2026-06-02,74,9,284,203,5,1.656,58.928,17,400,428
2026-06-09,74,9,343,167,4,1.656,58.928,17,400,428
2026-06-16,74,9,289,177,4,1.656,58.928,17,400,428
2026-06-23,74,9,347,125,4,1.656,58.928,17,400,428
2026-06-30,74,9,386,154,2,1.656,58.928,17,400,428
2026-04-07,74,10,230,86,4,1.925,33.929,17,230,263
2026-04-14,74,10,203,155,5,1.925,33.929,17,230,263
2026-04-21,74,10,300,64,2,1.925,33.929,17,230,263
2026-04-28,74,10,342,85,7,1.925,33.929,17,230,263
2026-05-05,74,10,305,109,4,1.925,33.929,17,230,263
2026-05-12,74,10,272,140,7,1.925,33.929,17,230,263
2026-05-19,74,10,293,129,8,1.925,33.929,17,230,263
2026-05-26,74,10,291,61,5,1.925,33.929,17,230,263
2026-06-02,74,10,278,98,5,1.925,33.929,17,230,263
2026-06-09,74,10,309,145,7,1.925,33.929,17,230,263
2026-06-16,74,10,336,192,4,1.925,33.929,17,230,263
2026-06-23,74,10,195,123,5,1.925,33.929,17,230,263
2026-06-30,74,10,291,113,7,1.925,33.929,17,230,263
2026-04-07,75,1,127,47,5,2.306,31.27,10,163,186
2026-04-14,75,1,166,37,3,2.306,31.27,10,163,186
2026-04-21,75,1,100,61,4,2.306,31.27,10,163,186
2026-04-28,75,1,124,40,5,2.306,31.27,10,163,186
2026-05-05,75,1,158,64,6,2.306,31.27,10,163,186
2026-05-12,75,1,157,64,8,2.306,31.27,10,163,186
2026-05-19,75,1,165,61,6,2.306,31.27,10,163,186
2026-05-26,75,1,109,72,9,2.306,31.27,10,163,186
2026-06-02,75,1,129,70,5,2.306,31.27,10,163,186
2026-06-09,75,1,145,48,6,2.306,31.27,10,163,186
2026-06-16,75,1,150,72,3,2.306,31.27,10,163,186
2026-06-23,75,1,165,31,3,2.306,31.27,10,163,186
2026-06-30,75,1,174,65,8,2.306,31.27,10,163,186
2026-04-07,75,3,273,61,4,1.841,57.604,10,300,318
2026-04-14,75,3,243,98,5,1.841,57.604,10,300,318
2026-04-21,75,3,193,138,3,1.841,57.604,10,300,318
2026-04-28,75,3,228,109,4,1.841,57.604,10,300,318
2026-05-05,75,3,267,72,4,1.841,57.604,10,300,318
2026-05-12,75,3,262,133,7,1.841,57.604,10,300,318
2026-05-19,75,3,243,86,6,1.841,57.604,10,300,318
2026-05-26,75,3,260,116,7,1.841,57.604,10,300,318
2026-06-02,75,3,241,172,2,1.841,57.604,10,300,318
2026-06-09,75,3,238,164,4,1.841,57.604,10,300,318
2026-06-16,75,3,204,166,4,1.841,57.604,10,300,318
2026-06-23,75,3,274,119,2,1.841,57.604,10,300,318
2026-06-30,75,3,226,129,4,1.841,57.604,10,300,318
2026-04-07,75,4,75,20,7,3.449,35.221,10,183,218
2026-04-14,75,4,64,31,8,3.449,35.221,10,183,218
2026-04-21,75,4,63,40,11,3.449,35.221,10,183,218
2026-04-28,75,4,51,39,12,3.449,35.221,10,183,218
2026-05-05,75,4,67,20,8,3.449,35.221,10,183,218
2026-05-12,75,4,70,46,7,3.449,35.221,10,183,218
2026-05-19,75,4,82,30,9,3.449,35.221,10,183,218
2026-05-26,75,4,97,20,7,3.449,35.221,10,183,218
2026-06-02,75,4,93,22,11,3.449,35.221,10,183,218
2026-06-09,75,4,57,25,13,3.449,35.221,10,183,218
2026-06-16,75,4,83,47,7,3.449,35.221,10,183,218
2026-06-23,75,4,99,30,4,3.449,35.221,10,183,218
2026-06-30,75,4,72,42,5,3.449,35.221,10,183,218
2026-04-07,75,5,94,74,5,2.88,67.087,10,349,378
2026-04-14,75,5,121,69,3,2.88,67.087,10,349,378
2026-04-21,75,5,119,63,4,2.88,67.087,10,349,378
2026-04-28,75,5,131,30,11,2.88,67.087,10,349,378
2026-05-05,75,5,121,45,11,2.88,67.087,10,349,378
2026-05-12,75,5,114,75,11,2.88,67.087,10,349,378
2026-05-19,75,5,130,77,5,2.88,67.087,10,349,378
2026-05-26,75,5,143,62,8,2.88,67.087,10,349,378
2026-06-02,75,5,144,64,8,2.88,67.087,10,349,378
2026-06-09,75,5,125,77,4,2.88,67.087,10,349,378
2026-06-16,75,5,157,33,6,2.88,67.087,10,349,378
2026-06-23,75,5,136,49,4,2.88,67.087,10,349,378
2026-06-30,75,5,145,66,4,2.88,67.087,10,349,378
2026-04-07,75,7,467,258,14,4.356,61.528,10,320,364
2026-04-14,75,7,367,276,5,4.356,61.528,10,320,364
2026-04-21,75,7,445,201,10,4.356,61.528,10,320,364
2026-04-28,75,7,402,238,7,4.356,61.528,10,320,364
2026-05-05,75,7,475,294,14,4.356,61.528,10,320,364
2026-05-12,75,7,473,278,10,4.356,61.528,10,320,364
2026-05-19,75,7,733,140,9,4.356,61.528,10,320,364
2026-05-26,75,7,586,139,12,4.356,61.528,10,320,364
2026-06-02,75,7,480,371,7,4.356,61.528,10,320,364
2026-06-09,75,7,714,127,16,4.356,61.528,10,320,364
2026-06-16,75,7,707,155,17,4.356,61.528,10,320,364
2026-06-23,75,7,551,216,15,4.356,61.528,10,320,364
2026-06-30,75,7,490,384,7,4.356,61.528,10,320,364
2026-04-07,75,9,178,48,1,0.749,26.483,10,138,145
2026-04-14,75,9,153,93,2,0.749,26.483,10,138,145
2026-04-21,75,9,252,72,1,0.749,26.483,10,138,145
2026-04-28,75,9,203,54,1,0.749,26.483,10,138,145
2026-05-05,75,9,177,88,2,0.749,26.483,10,138,145
2026-05-12,75,9,249,66,2,0.749,26.483,10,138,145
2026-05-19,75,9,215,45,1,0.749,26.483,10,138,145
2026-05-26,75,9,177,143,2,0.749,26.483,10,138,145
2026-06-02,75,9,185,142,2,0.749,26.483,10,138,145
2026-06-09,75,9,260,67,1,0.749,26.483,10,138,145
2026-06-16,75,9,198,103,1,0.749,26.483,10,138,145
2026-06-23,75,9,232,104,3,0.749,26.483,10,138,145
2026-06-30,75,9,277,58,1,0.749,26.483,10,138,145
2026-04-07,75,10,101,35,4,1.844,26.717,10,139,157
2026-04-14,75,10,114,29,2,1.844,26.717,10,139,157
2026-04-21,75,10,71,48,6,1.844,26.717,10,139,157
2026-04-28,75,10,87,71,3,1.844,26.717,10,139,157
2026-05-05,75,10,101,27,7,1.844,26.717,10,139,157
2026-05-12,75,10,87,25,3,1.844,26.717,10,139,157
2026-05-19,75,10,105,35,4,1.844,26.717,10,139,157
2026-05-26,75,10,102,43,5,1.844,26.717,10,139,157
2026-06-02,75,10,101,50,6,1.844,26.717,10,139,157
2026-06-09,75,10,87,68,6,1.844,26.717,10,139,157
2026-06-16,75,10,129,24,4,1.844,26.717,10,139,157
2026-06-23,75,10,79,49,4,1.844,26.717,10,139,157
2026-06-30,75,10,91,32,2,1.844,26.717,10,139,157
2026-04-07,76,1,418,211,35,8.981,63.318,17,432,584
2026-04-14,76,1,326,205,29,8.981,63.318,17,432,584
2026-04-21,76,1,400,169,27,8.981,63.318,17,432,584
2026-04-28,76,1,598,164,10,8.981,63.318,17,432,584
2026-05-05,76,1,376,228,9,8.981,63.318,17,432,584
2026-05-12,76,1,550,172,33,8.981,63.318,17,432,584
2026-05-19,76,1,487,102,16,8.981,63.318,17,432,584
2026-05-26,76,1,442,270,19,8.981,63.318,17,432,584
2026-06-02,76,1,360,256,12,8.981,63.318,17,432,584
2026-06-09,76,1,413,204,35,8.981,63.318,17,432,584
2026-06-16,76,1,520,169,15,8.981,63.318,17,432,584
2026-06-23,76,1,404,269,16,8.981,63.318,17,432,584
2026-06-30,76,1,417,274,10,8.981,63.318,17,432,584
2026-04-07,76,6,45,33,0,0.176,13.238,17,90,93
2026-04-14,76,6,46,24,1,0.176,13.238,17,90,93
2026-04-21,76,6,47,25,0,0.176,13.238,17,90,93
2026-04-28,76,6,49,35,1,0.176,13.238,17,90,93
2026-05-05,76,6,52,19,0,0.176,13.238,17,90,93
2026-05-12,76,6,57,13,0,0.176,13.238,17,90,93
2026-05-19,76,6,45,28,0,0.176,13.238,17,90,93
2026-05-26,76,6,57,12,0,0.176,13.238,17,90,93
2026-06-02,76,6,65,22,1,0.176,13.238,17,90,93
2026-06-09,76,6,74,14,1,0.176,13.238,17,90,93
2026-06-16,76,6,64,24,0,0.176,13.238,17,90,93
2026-06-23,76,6,71,27,0,0.176,13.238,17,90,93
2026-06-30,76,6,50,38,0,0.176,13.238,17,90,93
2026-04-07,77,4,1628,419,67,30.243,75.954,34,787,1816
2026-04-14,77,4,1091,460,119,30.243,75.954,34,787,1816
2026-04-21,77,4,1007,724,94,30.243,75.954,34,787,1816
2026-04-28,77,4,1536,577,51,30.243,75.954,34,787,1816
2026-05-05,77,4,1361,298,102,30.243,75.954,34,787,1816
2026-05-12,77,4,920,738,117,30.243,75.954,34,787,1816
2026-05-19,77,4,1232,807,120,30.243,75.954,34,787,1816
2026-05-26,77,4,1428,414,57,30.243,75.954,34,787,1816
2026-06-02,77,4,1480,453,34,30.243,75.954,34,787,1816
2026-06-09,77,4,823,637,33,30.243,75.954,34,787,1816
2026-06-16,77,4,1582,359,57,30.243,75.954,34,787,1816
2026-06-23,77,4,1530,734,84,30.243,75.954,34,787,1816
2026-06-30,77,4,1071,526,41,30.243,75.954,34,787,1816
2026-04-07,77,7,796,608,25,14.301,67.727,34,665,1151
2026-04-14,77,7,901,339,36,14.301,67.727,34,665,1151
2026-04-21,77,7,715,245,16,14.301,67.727,34,665,1151
2026-04-28,77,7,1182,211,37,14.301,67.727,34,665,1151
2026-05-05,77,7,904,189,21,14.301,67.727,34,665,1151
2026-05-12,77,7,837,245,32,14.301,67.727,34,665,1151
2026-05-19,77,7,970,250,54,14.301,67.727,34,665,1151
2026-05-26,77,7,678,402,40,14.301,67.727,34,665,1151
2026-06-02,77,7,708,436,46,14.301,67.727,34,665,1151
2026-06-09,77,7,754,299,34,14.301,67.727,34,665,1151
2026-06-16,77,7,635,498,49,14.301,67.727,34,665,1151
2026-06-23,77,7,958,236,23,14.301,67.727,34,665,1151
2026-06-30,77,7,773,393,28,14.301,67.727,34,665,1151
2026-04-07,77,10,292,207,3,1.796,30.933,34,297,358
2026-04-14,77,10,403,169,5,1.796,30.933,34,297,358
2026-04-21,77,10,334,99,4,1.796,30.933,34,297,358
2026-04-28,77,10,318,199,4,1.796,30.933,34,297,358
2026-05-05,77,10,313,143,3,1.796,30.933,34,297,358
2026-05-12,77,10,337,167,2,1.796,30.933,34,297,358
2026-05-19,77,10,321,133,3,1.796,30.933,34,297,358
2026-05-26,77,10,276,213,5,1.796,30.933,34,297,358
2026-06-02,77,10,276,185,5,1.796,30.933,34,297,358
2026-06-09,77,10,349,173,6,1.796,30.933,34,297,358
2026-06-16,77,10,302,98,5,1.796,30.933,34,297,358
2026-06-23,77,10,305,166,5,1.796,30.933,34,297,358
2026-06-30,77,10,307,214,5,1.796,30.933,34,297,358
2026-04-07,78,1,285,55,4,1.342,52.978,14,326,345
2026-04-14,78,1,243,136,4,1.342,52.978,14,326,345
2026-04-21,78,1,222,149,4,1.342,52.978,14,326,345
2026-04-28,78,1,259,138,2,1.342,52.978,14,326,345
2026-05-05,78,1,227,94,2,1.342,52.978,14,326,345
2026-05-12,78,1,265,115,3,1.342,52.978,14,326,345
2026-05-19,78,1,259,48,3,1.342,52.978,14,326,345
2026-05-26,78,1,307,63,3,1.342,52.978,14,326,345
2026-06-02,78,1,250,129,4,1.342,52.978,14,326,345
2026-06-09,78,1,269,143,4,1.342,52.978,14,326,345
2026-06-16,78,1,305,75,3,1.342,52.978,14,326,345
2026-06-23,78,1,259,104,5,1.342,52.978,14,326,345
2026-06-30,78,1,334,192,5,1.342,52.978,14,326,345
2026-04-07,78,3,71,38,3,1.118,38.111,14,235,250
2026-04-14,78,3,88,26,2,1.118,38.111,14,235,250
2026-04-21,78,3,73,30,2,1.118,38.111,14,235,250
2026-04-28,78,3,98,25,2,1.118,38.111,14,235,250
2026-05-05,78,3,95,22,3,1.118,38.111,14,235,250
2026-05-12,78,3,104,21,4,1.118,38.111,14,235,250
2026-05-19,78,3,74,38,2,1.118,38.111,14,235,250
2026-05-26,78,3,103,32,2,1.118,38.111,14,235,250
2026-06-02,78,3,77,50,2,1.118,38.111,14,235,250
2026-06-09,78,3,70,43,3,1.118,38.111,14,235,250
2026-06-16,78,3,88,40,3,1.118,38.111,14,235,250
2026-06-23,78,3,85,36,4,1.118,38.111,14,235,250
2026-06-30,78,3,101,36,1,1.118,38.111,14,235,250
2026-04-07,78,4,373,114,8,3.131,102.664,14,632,676
2026-04-14,78,4,361,164,8,3.131,102.664,14,632,676
2026-04-21,78,4,302,148,5,3.131,102.664,14,632,676
2026-04-28,78,4,372,254,12,3.131,102.664,14,632,676
2026-05-05,78,4,285,212,4,3.131,102.664,14,632,676
2026-05-12,78,4,529,107,5,3.131,102.664,14,632,676
2026-05-19,78,4,376,183,7,3.131,102.664,14,632,676
2026-05-26,78,4,319,182,9,3.131,102.664,14,632,676
2026-06-02,78,4,390,233,5,3.131,102.664,14,632,676
2026-06-09,78,4,414,180,8,3.131,102.664,14,632,676
2026-06-16,78,4,346,273,7,3.131,102.664,14,632,676
2026-06-23,78,4,455,128,4,3.131,102.664,14,632,676
2026-06-30,78,4,386,283,9,3.131,102.664,14,632,676
2026-04-07,78,5,119,59,1,0.971,33.351,14,205,219
2026-04-14,78,5,124,47,2,0.971,33.351,14,205,219
2026-04-21,78,5,103,59,2,0.971,33.351,14,205,219
2026-04-28,78,5,124,50,2,0.971,33.351,14,205,219
2026-05-05,78,5,162,31,2,0.971,33.351,14,205,219
2026-05-12,78,5,161,33,3,0.971,33.351,14,205,219
2026-05-19,78,5,112,81,2,0.971,33.351,14,205,219
2026-05-26,78,5,126,46,2,0.971,33.351,14,205,219
2026-06-02,78,5,120,98,2,0.971,33.351,14,205,219
2026-06-09,78,5,112,89,3,0.971,33.351,14,205,219
2026-06-16,78,5,118,78,2,0.971,33.351,14,205,219
2026-06-23,78,5,132,69,2,0.971,33.351,14,205,219
2026-06-30,78,5,140,51,1,0.971,33.351,14,205,219
2026-04-07,78,7,268,135,3,1.702,44.425,14,273,297
2026-04-14,78,7,292,159,5,1.702,44.425,14,273,297
2026-04-21,78,7,303,73,5,1.702,44.425,14,273,297
2026-04-28,78,7,358,72,5,1.702,44.425,14,273,297
2026-05-05,78,7,241,110,3,1.702,44.425,14,273,297
2026-05-12,78,7,263,166,6,1.702,44.425,14,273,297
2026-05-19,78,7,335,94,5,1.702,44.425,14,273,297
2026-05-26,78,7,248,114,3,1.702,44.425,14,273,297
2026-06-02,78,7,280,173,3,1.702,44.425,14,273,297
2026-06-09,78,7,321,76,5,1.702,44.425,14,273,297
2026-06-16,78,7,335,102,4,1.702,44.425,14,273,297
2026-06-23,78,7,401,89,6,1.702,44.425,14,273,297
2026-06-30,78,7,323,133,2,1.702,44.425,14,273,297
2026-04-07,78,9,486,97,4,1.535,50.248,14,309,331
2026-04-14,78,9,432,210,2,1.535,50.248,14,309,331
2026-04-21,78,9,469,222,2,1.535,50.248,14,309,331
2026-04-28,78,9,393,155,3,1.535,50.248,14,309,331
2026-05-05,78,9,402,301,5,1.535,50.248,14,309,331
2026-05-12,78,9,364,266,3,1.535,50.248,14,309,331
2026-05-19,78,9,464,211,3,1.535,50.248,14,309,331
2026-05-26,78,9,374,278,4,1.535,50.248,14,309,331
2026-06-02,78,9,527,177,3,1.535,50.248,14,309,331
2026-06-09,78,9,479,329,2,1.535,50.248,14,309,331
2026-06-16,78,9,437,348,3,1.535,50.248,14,309,331
2026-06-23,78,9,570,125,3,1.535,50.248,14,309,331
2026-06-30,78,9,742,146,3,1.535,50.248,14,309,331
2026-04-07,78,10,285,224,2,1.671,56.102,14,345,369
2026-04-14,78,10,478,90,5,1.671,56.102,14,345,369
2026-04-21,78,10,395,185,4,1.671,56.102,14,345,369
2026-04-28,78,10,292,73,5,1.671,56.102,14,345,369
2026-05-05,78,10,381,177,4,1.671,56.102,14,345,369
2026-05-12,78,10,413,93,2,1.671,56.102,14,345,369
2026-05-19,78,10,390,201,4,1.671,56.102,14,345,369
2026-05-26,78,10,390,104,6,1.671,56.102,14,345,369
2026-06-02,78,10,295,220,4,1.671,56.102,14,345,369
2026-06-09,78,10,481,117,7,1.671,56.102,14,345,369
2026-06-16,78,10,490,165,4,1.671,56.102,14,345,369
2026-06-23,78,10,477,98,5,1.671,56.102,14,345,369
2026-06-30,78,10,342,210,5,1.671,56.102,14,345,369
2026-04-07,79,2,899,332,14,9.736,49.646,45,563,1001
2026-04-14,79,2,715,390,34,9.736,49.646,45,563,1001
2026-04-21,79,2,661,432,18,9.736,49.646,45,563,1001
2026-04-28,79,2,844,216,32,9.736,49.646,45,563,1001
2026-05-05,79,2,623,244,20,9.736,49.646,45,563,1001
2026-05-12,79,2,729,318,37,9.736,49.646,45,563,1001
2026-05-19,79,2,632,345,35,9.736,49.646,45,563,1001
2026-05-26,79,2,579,287,24,9.736,49.646,45,563,1001
2026-06-02,79,2,686,188,10,9.736,49.646,45,563,1001
2026-06-09,79,2,670,293,27,9.736,49.646,45,563,1001
2026-06-16,79,2,636,275,30,9.736,49.646,45,563,1001
2026-06-23,79,2,707,185,11,9.736,49.646,45,563,1001
2026-06-30,79,2,463,359,29,9.736,49.646,45,563,1001
2026-04-07,79,4,157,103,1,1.357,40.22,45,444,505
2026-04-14,79,4,147,55,5,1.357,40.22,45,444,505
2026-04-21,79,4,163,98,4,1.357,40.22,45,444,505
2026-04-28,79,4,174,94,2,1.357,40.22,45,444,505
2026-05-05,79,4,169,39,5,1.357,40.22,45,444,505
2026-05-12,79,4,169,48,4,1.357,40.22,45,444,505
2026-05-19,79,4,171,52,2,1.357,40.22,45,444,505
2026-05-26,79,4,152,79,2,1.357,40.22,45,444,505
2026-06-02,79,4,163,59,5,1.357,40.22,45,444,505
2026-06-09,79,4,158,55,5,1.357,40.22,45,444,505
2026-06-16,79,4,145,38,5,1.357,40.22,45,444,505
2026-06-23,79,4,195,35,4,1.357,40.22,45,444,505
2026-06-30,79,4,125,61,3,1.357,40.22,45,444,505
2026-04-07,79,7,205,122,3,2.238,25.576,45,284,384
2026-04-14,79,7,230,142,4,2.238,25.576,45,284,384
2026-04-21,79,7,343,86,7,2.238,25.576,45,284,384
2026-04-28,79,7,270,103,8,2.238,25.576,45,284,384
2026-05-05,79,7,272,76,4,2.238,25.576,45,284,384
2026-05-12,79,7,302,82,5,2.238,25.576,45,284,384
2026-05-19,79,7,223,148,4,2.238,25.576,45,284,384
2026-05-26,79,7,258,94,6,2.238,25.576,45,284,384
2026-06-02,79,7,224,115,3,2.238,25.576,45,284,384
2026-06-09,79,7,245,100,2,2.238,25.576,45,284,384
2026-06-16,79,7,286,57,8,2.238,25.576,45,284,384
2026-06-23,79,7,283,51,5,2.238,25.576,45,284,384
2026-06-30,79,7,221,75,8,2.238,25.576,45,284,384
2026-04-07,80,1,577,167,9,3.386,57.667,12,329,369
2026-04-14,80,1,483,116,8,3.386,57.667,12,329,369
2026-04-21,80,1,618,123,13,3.386,57.667,12,329,369
2026-04-28,80,1,512,375,8,3.386,57.667,12,329,369
2026-05-05,80,1,472,359,9,3.386,57.667,12,329,369
2026-05-12,80,1,388,264,8,3.386,57.667,12,329,369
2026-05-19,80,1,519,291,3,3.386,57.667,12,329,369
2026-05-26,80,1,535,353,12,3.386,57.667,12,329,369
2026-06-02,80,1,575,109,8,3.386,57.667,12,329,369
2026-06-09,80,1,616,195,7,3.386,57.667,12,329,369
2026-06-16,80,1,763,198,11,3.386,57.667,12,329,369
2026-06-23,80,1,426,338,4,3.386,57.667,12,329,369
2026-06-30,80,1,550,285,7,3.386,57.667,12,329,369
2026-04-07,80,3,113,40,3,1.129,34.828,12,198,212
2026-04-14,80,3,122,48,3,1.129,34.828,12,198,212
2026-04-21,80,3,111,65,1,1.129,34.828,12,198,212
2026-04-28,80,3,103,69,2,1.129,34.828,12,198,212
2026-05-05,80,3,157,29,3,1.129,34.828,12,198,212
2026-05-12,80,3,160,36,2,1.129,34.828,12,198,212
2026-05-19,80,3,165,34,3,1.129,34.828,12,198,212
2026-05-26,80,3,123,46,3,1.129,34.828,12,198,212
2026-06-02,80,3,150,45,4,1.129,34.828,12,198,212
2026-06-09,80,3,123,57,4,1.129,34.828,12,198,212
2026-06-16,80,3,129,32,4,1.129,34.828,12,198,212
2026-06-23,80,3,144,39,2,1.129,34.828,12,198,212
2026-06-30,80,3,172,46,3,1.129,34.828,12,198,212
2026-04-07,80,4,188,105,6,3.372,63.216,12,360,401
2026-04-14,80,4,245,74,11,3.372,63.216,12,360,401
2026-04-21,80,4,241,99,11,3.372,63.216,12,360,401
2026-04-28,80,4,232,136,12,3.372,63.216,12,360,401
2026-05-05,80,4,288,54,7,3.372,63.216,12,360,401
2026-05-12,80,4,170,130,7,3.372,63.216,12,360,401
2026-05-19,80,4,183,93,8,3.372,63.216,12,360,401
2026-05-26,80,4,218,171,13,3.372,63.216,12,360,401
2026-06-02,80,4,258,96,4,3.372,63.216,12,360,401
2026-06-09,80,4,202,99,5,3.372,63.216,12,360,401
2026-06-16,80,4,247,126,9,3.372,63.216,12,360,401
2026-06-23,80,4,274,122,5,3.372,63.216,12,360,401
2026-06-30,80,4,323,109,10,3.372,63.216,12,360,401
2026-04-07,80,5,76,37,5,2.409,38.959,12,222,251
2026-04-14,80,5,95,26,9,2.409,38.959,12,222,251
2026-04-21,80,5,69,23,7,2.409,38.959,12,222,251
2026-04-28,80,5,105,28,7,2.409,38.959,12,222,251
2026-05-05,80,5,106,20,8,2.409,38.959,12,222,251
2026-05-12,80,5,98,19,4,2.409,38.959,12,222,251
2026-05-19,80,5,79,47,8,2.409,38.959,12,222,251
2026-05-26,80,5,71,31,7,2.409,38.959,12,222,251
2026-06-02,80,5,120,25,6,2.409,38.959,12,222,251
2026-06-09,80,5,81,58,9,2.409,38.959,12,222,251
2026-06-16,80,5,108,22,6,2.409,38.959,12,222,251
2026-06-23,80,5,81,60,4,2.409,38.959,12,222,251
2026-06-30,80,5,78,35,7,2.409,38.959,12,222,251
2026-04-07,80,7,258,147,8,2.601,46.679,12,266,297
2026-04-14,80,7,313,103,6,2.601,46.679,12,266,297
2026-04-21,80,7,360,71,4,2.601,46.679,12,266,297
2026-04-28,80,7,284,127,6,2.601,46.679,12,266,297
2026-05-05,80,7,332,60,4,2.601,46.679,12,266,297
2026-05-12,80,7,347,91,7,2.601,46.679,12,266,297
2026-05-19,80,7,267,130,6,2.601,46.679,12,266,297
2026-05-26,80,7,278,154,7,2.601,46.679,12,266,297
2026-06-02,80,7,389,82,9,2.601,46.679,12,266,297
2026-06-09,80,7,330,225,4,2.601,46.679,12,266,297
2026-06-16,80,7,299,102,10,2.601,46.679,12,266,297
2026-06-23,80,7,380,69,5,2.601,46.679,12,266,297
2026-06-30,80,7,285,211,4,2.601,46.679,12,266,297
2026-04-07,80,9,371,111,4,2.448,39.49,12,225,254
2026-04-14,80,9,337,244,3,2.448,39.49,12,225,254
2026-04-21,80,9,251,199,3,2.448,39.49,12,225,254
2026-04-28,80,9,360,129,10,2.448,39.49,12,225,254
2026-05-05,80,9,337,236,6,2.448,39.49,12,225,254
2026-05-12,80,9,321,237,3,2.448,39.49,12,225,254
2026-05-19,80,9,425,152,8,2.448,39.49,12,225,254
2026-05-26,80,9,346,214,4,2.448,39.49,12,225,254
2026-06-02,80,9,456,124,6,2.448,39.49,12,225,254
2026-06-09,80,9,455,95,5,2.448,39.49,12,225,254
2026-06-16,80,9,441,232,9,2.448,39.49,12,225,254
2026-06-23,80,9,283,206,8,2.448,39.49,12,225,254
2026-06-30,80,9,502,94,9,2.448,39.49,12,225,254
2026-04-07,80,10,127,71,8,2.561,39.966,12,228,259
2026-04-14,80,10,133,91,10,2.561,39.966,12,228,259
2026-04-21,80,10,141,81,7,2.561,39.966,12,228,259
2026-04-28,80,10,117,68,3,2.561,39.966,12,228,259
2026-05-05,80,10,211,37,8,2.561,39.966,12,228,259
2026-05-12,80,10,191,64,6,2.561,39.966,12,228,259
2026-05-19,80,10,204,41,10,2.561,39.966,12,228,259
2026-05-26,80,10,186,45,4,2.561,39.966,12,228,259
2026-06-02,80,10,134,103,10,2.561,39.966,12,228,259
2026-06-09,80,10,164,45,8,2.561,39.966,12,228,259
2026-06-16,80,10,154,71,7,2.561,39.966,12,228,259
2026-06-23,80,10,139,104,6,2.561,39.966,12,228,259
2026-06-30,80,10,214,75,8,2.561,39.966,12,228,259
2026-04-07,81,1,342,203,10,4.097,42.624,31,392,519
2026-04-14,81,1,349,202,16,4.097,42.624,31,392,519
2026-04-21,81,1,392,149,14,4.097,42.624,31,392,519
2026-04-28,81,1,375,160,9,4.097,42.624,31,392,519
2026-05-05,81,1,387,110,15,4.097,42.624,31,392,519
2026-05-12,81,1,398,144,10,4.097,42.624,31,392,519
2026-05-19,81,1,403,76,13,4.097,42.624,31,392,519
2026-05-26,81,1,412,189,14,4.097,42.624,31,392,519
2026-06-02,81,1,290,212,15,4.097,42.624,31,392,519
2026-06-09,81,1,352,133,15,4.097,42.624,31,392,519
2026-06-16,81,1,269,165,11,4.097,42.624,31,392,519
2026-06-23,81,1,409,193,14,4.097,42.624,31,392,519
2026-06-30,81,1,405,125,7,4.097,42.624,31,392,519
2026-04-07,81,5,241,89,4,1.049,36.268,31,332,365
2026-04-14,81,5,264,100,4,1.049,36.268,31,332,365
2026-04-21,81,5,270,102,2,1.049,36.268,31,332,365
2026-04-28,81,5,229,141,1,1.049,36.268,31,332,365
2026-05-05,81,5,200,93,4,1.049,36.268,31,332,365
2026-05-12,81,5,305,122,1,1.049,36.268,31,332,365
2026-05-19,81,5,241,77,2,1.049,36.268,31,332,365
2026-05-26,81,5,285,78,3,1.049,36.268,31,332,365
2026-06-02,81,5,320,100,3,1.049,36.268,31,332,365
2026-06-09,81,5,239,112,2,1.049,36.268,31,332,365
2026-06-16,81,5,314,75,2,1.049,36.268,31,332,365
2026-06-23,81,5,315,117,1,1.049,36.268,31,332,365
2026-06-30,81,5,192,156,4,1.049,36.268,31,332,365
2026-04-07,81,8,326,155,1,1.147,59.704,31,547,582
2026-04-14,81,8,329,105,3,1.147,59.704,31,547,582
2026-04-21,81,8,267,216,5,1.147,59.704,31,547,582
2026-04-28,81,8,315,156,4,1.147,59.704,31,547,582
2026-05-05,81,8,311,165,1,1.147,59.704,31,547,582
2026-05-12,81,8,374,76,4,1.147,59.704,31,547,582
2026-05-19,81,8,310,121,3,1.147,59.704,31,547,582
2026-05-26,81,8,336,194,3,1.147,59.704,31,547,582
2026-06-02,81,8,347,174,4,1.147,59.704,31,547,582
2026-06-09,81,8,372,127,2,1.147,59.704,31,547,582
2026-06-16,81,8,368,118,2,1.147,59.704,31,547,582
2026-06-23,81,8,317,216,2,1.147,59.704,31,547,582
2026-06-30,81,8,321,152,3,1.147,59.704,31,547,582
2026-04-07,82,1,146,36,8,2.103,50.953,16,335,369
2026-04-14,82,1,144,64,6,2.103,50.953,16,335,369
2026-04-21,82,1,99,60,7,2.103,50.953,16,335,369
2026-04-28,82,1,155,28,7,2.103,50.953,16,335,369
2026-05-05,82,1,114,71,7,2.103,50.953,16,335,369
2026-05-12,82,1,162,43,2,2.103,50.953,16,335,369
2026-05-19,82,1,132,54,8,2.103,50.953,16,335,369
2026-05-26,82,1,175,34,6,2.103,50.953,16,335,369
2026-06-02,82,1,96,71,3,2.103,50.953,16,335,369
2026-06-09,82,1,161,43,4,2.103,50.953,16,335,369
2026-06-16,82,1,132,53,3,2.103,50.953,16,335,369
2026-06-23,82,1,99,76,4,2.103,50.953,16,335,369
2026-06-30,82,1,164,31,3,2.103,50.953,16,335,369
2026-04-07,82,3,338,75,8,2.203,43.914,16,289,324
2026-04-14,82,3,221,144,6,2.203,43.914,16,289,324
2026-04-21,82,3,350,143,7,2.203,43.914,16,289,324
2026-04-28,82,3,329,131,8,2.203,43.914,16,289,324
2026-05-05,82,3,303,173,2,2.203,43.914,16,289,324
2026-05-12,82,3,352,159,4,2.203,43.914,16,289,324
2026-05-19,82,3,361,157,3,2.203,43.914,16,289,324
2026-05-26,82,3,404,82,7,2.203,43.914,16,289,324
2026-06-02,82,3,286,172,3,2.203,43.914,16,289,324
2026-06-09,82,3,312,95,8,2.203,43.914,16,289,324
2026-06-16,82,3,379,116,4,2.203,43.914,16,289,324
2026-06-23,82,3,411,129,6,2.203,43.914,16,289,324
2026-06-30,82,3,376,85,9,2.203,43.914,16,289,324
2026-04-07,82,4,423,119,19,5.629,88.948,16,586,676
2026-04-14,82,4,392,154,11,5.629,88.948,16,586,676
2026-04-21,82,4,443,168,6,5.629,88.948,16,586,676
2026-04-28,82,4,384,242,14,5.629,88.948,16,586,676
2026-05-05,82,4,335,97,13,5.629,88.948,16,586,676
2026-05-12,82,4,422,108,7,5.629,88.948,16,586,676
2026-05-19,82,4,372,280,14,5.629,88.948,16,586,676
2026-05-26,82,4,448,193,20,5.629,88.948,16,586,676
2026-06-02,82,4,453,193,20,5.629,88.948,16,586,676
2026-06-09,82,4,357,229,14,5.629,88.948,16,586,676
2026-06-16,82,4,381,209,18,5.629,88.948,16,586,676
2026-06-23,82,4,469,204,9,5.629,88.948,16,586,676
2026-06-30,82,4,417,148,13,5.629,88.948,16,586,676
2026-04-07,82,5,345,112,11,2.928,59.038,16,389,436
2026-04-14,82,5,279,144,7,2.928,59.038,16,389,436
2026-04-21,82,5,370,119,7,2.928,59.038,16,389,436
2026-04-28,82,5,282,136,5,2.928,59.038,16,389,436
2026-05-05,82,5,256,187,10,2.928,59.038,16,389,436
2026-05-12,82,5,262,204,4,2.928,59.038,16,389,436
2026-05-19,82,5,371,83,10,2.928,59.038,16,389,436
2026-05-26,82,5,322,161,5,2.928,59.038,16,389,436
2026-06-02,82,5,337,130,7,2.928,59.038,16,389,436
2026-06-09,82,5,251,195,12,2.928,59.038,16,389,436
2026-06-16,82,5,428,162,4,2.928,59.038,16,389,436
2026-06-23,82,5,359,287,4,2.928,59.038,16,389,436
2026-06-30,82,5,405,108,8,2.928,59.038,16,389,436
2026-04-07,82,7,161,61,8,2.197,34.111,16,225,260
2026-04-14,82,7,211,71,8,2.197,34.111,16,225,260
2026-04-21,82,7,169,41,3,2.197,34.111,16,225,260
2026-04-28,82,7,192,56,8,2.197,34.111,16,225,260
2026-05-05,82,7,121,86,7,2.197,34.111,16,225,260
2026-05-12,82,7,113,84,6,2.197,34.111,16,225,260
2026-05-19,82,7,181,87,8,2.197,34.111,16,225,260
2026-05-26,82,7,205,44,3,2.197,34.111,16,225,260
2026-06-02,82,7,189,49,4,2.197,34.111,16,225,260
2026-06-09,82,7,220,42,2,2.197,34.111,16,225,260
2026-06-16,82,7,234,52,6,2.197,34.111,16,225,260
2026-06-23,82,7,174,72,3,2.197,34.111,16,225,260
2026-06-30,82,7,127,98,4,2.197,34.111,16,225,260
2026-04-07,82,9,256,163,6,3.476,50.538,16,333,389
2026-04-14,82,9,332,123,11,3.476,50.538,16,333,389
2026-04-21,82,9,304,74,13,3.476,50.538,16,333,389
2026-04-28,82,9,222,162,5,3.476,50.538,16,333,389
2026-05-05,82,9,228,140,6,3.476,50.538,16,333,389
2026-05-12,82,9,266,155,12,3.476,50.538,16,333,389
2026-05-19,82,9,293,147,14,3.476,50.538,16,333,389
2026-05-26,82,9,232,156,12,3.476,50.538,16,333,389
2026-06-02,82,9,316,111,8,3.476,50.538,16,333,389
2026-06-09,82,9,344,111,13,3.476,50.538,16,333,389
2026-06-16,82,9,278,167,14,3.476,50.538,16,333,389
2026-06-23,82,9,390,107,6,3.476,50.538,16,333,389
2026-06-30,82,9,264,165,6,3.476,50.538,16,333,389
2026-04-07,82,10,204,66,9,3.46,46.021,16,303,359
2026-04-14,82,10,231,52,9,3.46,46.021,16,303,359
2026-04-21,82,10,249,114,8,3.46,46.021,16,303,359
2026-04-28,82,10,164,115,9,3.46,46.021,16,303,359
2026-05-05,82,10,264,99,13,3.46,46.021,16,303,359
2026-05-12,82,10,243,60,10,3.46,46.021,16,303,359
2026-05-19,82,10,172,135,4,3.46,46.021,16,303,359
2026-05-26,82,10,160,121,11,3.46,46.021,16,303,359
2026-06-02,82,10,226,71,13,3.46,46.021,16,303,359
2026-06-09,82,10,196,126,5,3.46,46.021,16,303,359
2026-06-16,82,10,298,63,6,3.46,46.021,16,303,359
2026-06-23,82,10,228,106,5,3.46,46.021,16,303,359
2026-06-30,82,10,332,87,8,3.46,46.021,16,303,359
2026-04-07,83,4,1372,261,71,30.894,66.346,40,777,2012
2026-04-14,83,4,866,633,51,30.894,66.346,40,777,2012
2026-04-21,83,4,1378,374,104,30.894,66.346,40,777,2012
2026-04-28,83,4,855,543,65,30.894,66.346,40,777,2012
2026-05-05,83,4,939,429,93,30.894,66.346,40,777,2012
2026-05-12,83,4,860,696,49,30.894,66.346,40,777,2012
2026-05-19,83,4,1074,745,101,30.894,66.346,40,777,2012
2026-05-26,83,4,884,449,93,30.894,66.346,40,777,2012
2026-06-02,83,4,941,478,73,30.894,66.346,40,777,2012
2026-06-09,83,4,1303,337,122,30.894,66.346,40,777,2012
2026-06-16,83,4,1235,385,105,30.894,66.346,40,777,2012
2026-06-23,83,4,1296,322,116,30.894,66.346,40,777,2012
2026-06-30,83,4,857,570,39,30.894,66.346,40,777,2012
2026-04-07,83,6,756,366,5,1.864,45.542,40,474,549
2026-04-14,83,6,803,319,6,1.864,45.542,40,474,549
2026-04-21,83,6,760,221,3,1.864,45.542,40,474,549
2026-04-28,83,6,735,410,7,1.864,45.542,40,474,549
2026-05-05,83,6,763,270,7,1.864,45.542,40,474,549
2026-05-12,83,6,743,250,7,1.864,45.542,40,474,549
2026-05-19,83,6,868,294,6,1.864,45.542,40,474,549
2026-05-26,83,6,577,460,6,1.864,45.542,40,474,549
2026-06-02,83,6,535,410,2,1.864,45.542,40,474,549
2026-06-09,83,6,514,409,5,1.864,45.542,40,474,549
2026-06-16,83,6,744,351,5,1.864,45.542,40,474,549
2026-06-23,83,6,801,154,6,1.864,45.542,40,474,549
2026-06-30,83,6,458,314,2,1.864,45.542,40,474,549
2026-04-07,83,10,693,158,5,3.598,41.506,40,434,578
2026-04-14,83,10,503,211,10,3.598,41.506,40,434,578
2026-04-21,83,10,643,172,6,3.598,41.506,40,434,578
2026-04-28,83,10,690,326,14,3.598,41.506,40,434,578
2026-05-05,83,10,569,278,12,3.598,41.506,40,434,578
2026-05-12,83,10,605,161,10,3.598,41.506,40,434,578
2026-05-19,83,10,427,205,5,3.598,41.506,40,434,578
2026-05-26,83,10,527,319,11,3.598,41.506,40,434,578
2026-06-02,83,10,620,110,5,3.598,41.506,40,434,578
2026-06-09,83,10,544,162,10,3.598,41.506,40,434,578
2026-06-16,83,10,507,308,5,3.598,41.506,40,434,578
2026-06-23,83,10,424,329,7,3.598,41.506,40,434,578
2026-06-30,83,10,419,332,4,3.598,41.506,40,434,578
2026-04-07,84,2,143,45,2,0.458,78.158,10,407,411
2026-04-14,84,2,133,62,2,0.458,78.158,10,407,411
2026-04-21,84,2,154,41,2,0.458,78.158,10,407,411
2026-04-28,84,2,118,69,1,0.458,78.158,10,407,411
2026-05-05,84,2,130,78,2,0.458,78.158,10,407,411
2026-05-12,84,2,116,87,1,0.458,78.158,10,407,411
2026-05-19,84,2,101,52,1,0.458,78.158,10,407,411
2026-05-26,84,2,149,53,1,0.458,78.158,10,407,411
2026-06-02,84,2,185,47,1,0.458,78.158,10,407,411
2026-06-09,84,2,148,44,1,0.458,78.158,10,407,411
2026-06-16,84,2,135,43,1,0.458,78.158,10,407,411
2026-06-23,84,2,149,78,1,0.458,78.158,10,407,411
2026-06-30,84,2,175,82,2,0.458,78.158,10,407,411
2026-04-07,84,8,305,102,15,5.005,57.125,10,297,347
2026-04-14,84,8,395,70,15,5.005,57.125,10,297,347
2026-04-21,84,8,379,93,9,5.005,57.125,10,297,347
2026-04-28,84,8,347,192,19,5.005,57.125,10,297,347
2026-05-05,84,8,396,244,12,5.005,57.125,10,297,347
2026-05-12,84,8,303,176,7,5.005,57.125,10,297,347
2026-05-19,84,8,329,238,17,5.005,57.125,10,297,347
2026-05-26,84,8,345,153,8,5.005,57.125,10,297,347
2026-06-02,84,8,333,239,5,5.005,57.125,10,297,347
2026-06-09,84,8,384,253,15,5.005,57.125,10,297,347
2026-06-16,84,8,290,213,8,5.005,57.125,10,297,347
2026-06-23,84,8,408,128,13,5.005,57.125,10,297,347
2026-06-30,84,8,357,290,11,5.005,57.125,10,297,347
2026-04-07,85,1,620,316,16,9.812,54.919,36,551,904
2026-04-14,85,1,883,312,31,9.812,54.919,36,551,904
2026-04-21,85,1,608,317,12,9.812,54.919,36,551,904
2026-04-28,85,1,606,132,30,9.812,54.919,36,551,904
2026-05-05,85,1,779,227,16,9.812,54.919,36,551,904
2026-05-12,85,1,665,372,27,9.812,54.919,36,551,904
2026-05-19,85,1,607,306,27,9.812,54.919,36,551,904
2026-05-26,85,1,672,335,11,9.812,54.919,36,551,904
2026-06-02,85,1,726,352,31,9.812,54.919,36,551,904
2026-06-09,85,1,498,322,22,9.812,54.919,36,551,904
2026-06-16,85,1,765,143,20,9.812,54.919,36,551,904
2026-06-23,85,1,564,382,31,9.812,54.919,36,551,904
2026-06-30,85,1,634,390,33,9.812,54.919,36,551,904
2026-04-07,85,4,724,367,9,2.36,41.61,36,411,496
2026-04-14,85,4,557,446,5,2.36,41.61,36,411,496
2026-04-21,85,4,515,410,2,2.36,41.61,36,411,496
2026-04-28,85,4,652,346,8,2.36,41.61,36,411,496
2026-05-05,85,4,758,323,4,2.36,41.61,36,411,496
2026-05-12,85,4,611,360,3,2.36,41.61,36,411,496
2026-05-19,85,4,537,349,8,2.36,41.61,36,411,496
2026-05-26,85,4,504,409,8,2.36,41.61,36,411,496
2026-06-02,85,4,635,234,8,2.36,41.61,36,411,496
2026-06-09,85,4,649,166,4,2.36,41.61,36,411,496
2026-06-16,85,4,819,151,3,2.36,41.61,36,411,496
2026-06-23,85,4,565,238,3,2.36,41.61,36,411,496
2026-06-30,85,4,692,316,9,2.36,41.61,36,411,496
2026-04-07,85,8,727,167,11,3.075,44.055,36,436,547
2026-04-14,85,8,920,212,6,3.075,44.055,36,436,547
2026-04-21,85,8,626,316,11,3.075,44.055,36,436,547
2026-04-28,85,8,562,356,10,3.075,44.055,36,436,547
2026-05-05,85,8,827,197,9,3.075,44.055,36,436,547
2026-05-12,85,8,771,268,5,3.075,44.055,36,436,547
2026-05-19,85,8,568,331,7,3.075,44.055,36,436,547
2026-05-26,85,8,748,429,11,3.075,44.055,36,436,547
2026-06-02,85,8,681,267,7,3.075,44.055,36,436,547
2026-06-09,85,8,819,213,8,3.075,44.055,36,436,547
2026-06-16,85,8,844,203,8,3.075,44.055,36,436,547
2026-06-23,85,8,678,338,4,3.075,44.055,36,436,547
2026-06-30,85,8,565,449,8,3.075,44.055,36,436,547
2026-04-07,86,4,154,39,1,0.495,19.985,42,213,234
2026-04-14,86,4,137,40,1,0.495,19.985,42,213,234
2026-04-21,86,4,150,31,2,0.495,19.985,42,213,234
2026-04-28,86,4,130,32,1,0.495,19.985,42,213,234
2026-05-05,86,4,117,53,2,0.495,19.985,42,213,234
2026-05-12,86,4,103,66,1,0.495,19.985,42,213,234
2026-05-19,86,4,124,34,2,0.495,19.985,42,213,234
2026-05-26,86,4,155,29,2,0.495,19.985,42,213,234
2026-06-02,86,4,128,81,1,0.495,19.985,42,213,234
2026-06-09,86,4,143,44,1,0.495,19.985,42,213,234
2026-06-16,86,4,174,33,1,0.495,19.985,42,213,234
2026-06-23,86,4,86,66,2,0.495,19.985,42,213,234
2026-06-30,86,4,114,45,1,0.495,19.985,42,213,234
2026-04-07,86,8,1745,1185,135,34.368,97.994,42,1117,2561
2026-04-14,86,8,1807,592,38,34.368,97.994,42,1117,2561
2026-04-21,86,8,1707,1327,50,34.368,97.994,42,1117,2561
2026-04-28,86,8,1723,896,103,34.368,97.994,42,1117,2561
2026-05-05,86,8,1311,1030,63,34.368,97.994,42,1117,2561
2026-05-12,86,8,2027,755,38,34.368,97.994,42,1117,2561
2026-05-19,86,8,1434,863,121,34.368,97.994,42,1117,2561
2026-05-26,86,8,1479,1044,105,34.368,97.994,42,1117,2561
2026-06-02,86,8,1397,1050,82,34.368,97.994,42,1117,2561
2026-06-09,86,8,1546,872,46,34.368,97.994,42,1117,2561
2026-06-16,86,8,1792,819,36,34.368,97.994,42,1117,2561
2026-06-23,86,8,1374,1089,132,34.368,97.994,42,1117,2561
2026-06-30,86,8,1970,491,125,34.368,97.994,42,1117,2561
2026-04-07,87,2,761,242,18,5.934,60.666,44,665,927
2026-04-14,87,2,753,155,18,5.934,60.666,44,665,927
2026-04-21,87,2,735,203,10,5.934,60.666,44,665,927
2026-04-28,87,2,641,308,16,5.934,60.666,44,665,927
2026-05-05,87,2,682,291,14,5.934,60.666,44,665,927
2026-05-12,87,2,617,165,11,5.934,60.666,44,665,927
2026-05-19,87,2,605,212,14,5.934,60.666,44,665,927
2026-05-26,87,2,703,278,10,5.934,60.666,44,665,927
2026-06-02,87,2,662,212,16,5.934,60.666,44,665,927
2026-06-09,87,2,634,167,15,5.934,60.666,44,665,927
2026-06-16,87,2,630,182,6,5.934,60.666,44,665,927
2026-06-23,87,2,457,286,17,5.934,60.666,44,665,927
2026-06-30,87,2,427,240,23,5.934,60.666,44,665,927
2026-04-07,87,6,1059,652,18,12.461,71.587,44,794,1342
2026-04-14,87,6,964,668,40,12.461,71.587,44,794,1342
2026-04-21,87,6,1515,299,13,12.461,71.587,44,794,1342
2026-04-28,87,6,1636,312,43,12.461,71.587,44,794,1342
2026-05-05,87,6,1320,627,14,12.461,71.587,44,794,1342
2026-05-12,87,6,1023,620,36,12.461,71.587,44,794,1342
2026-05-19,87,6,1231,383,14,12.461,71.587,44,794,1342
2026-05-26,87,6,1400,296,15,12.461,71.587,44,794,1342
2026-06-02,87,6,1207,665,19,12.461,71.587,44,794,1342
2026-06-09,87,6,1097,581,49,12.461,71.587,44,794,1342
2026-06-16,87,6,1001,251,32,12.461,71.587,44,794,1342
2026-06-23,87,6,1175,268,30,12.461,71.587,44,794,1342
2026-06-30,87,6,1087,589,13,12.461,71.587,44,794,1342
2026-04-07,87,7,651,147,32,8.501,50.594,44,561,935
2026-04-14,87,7,599,227,20,8.501,50.594,44,561,935
2026-04-21,87,7,387,253,23,8.501,50.594,44,561,935
2026-04-28,87,7,502,247,16,8.501,50.594,44,561,935
2026-05-05,87,7,445,128,20,8.501,50.594,44,561,935
2026-05-12,87,7,444,340,13,8.501,50.594,44,561,935
2026-05-19,87,7,386,265,33,8.501,50.594,44,561,935
2026-05-26,87,7,440,224,15,8.501,50.594,44,561,935
2026-06-02,87,7,514,236,26,8.501,50.594,44,561,935
2026-06-09,87,7,458,136,29,8.501,50.594,44,561,935
2026-06-16,87,7,509,94,12,8.501,50.594,44,561,935
2026-06-23,87,7,524,120,23,8.501,50.594,44,561,935
2026-06-30,87,7,657,126,13,8.501,50.594,44,561,935
2026-04-07,88,6,1117,307,19,18.795,70.251,44,797,1623
2026-04-14,88,6,1257,324,65,18.795,70.251,44,797,1623
2026-04-21,88,6,1232,434,58,18.795,70.251,44,797,1623
2026-04-28,88,6,1003,737,55,18.795,70.251,44,797,1623
2026-05-05,88,6,1008,667,58,18.795,70.251,44,797,1623
2026-05-12,88,6,1027,530,19,18.795,70.251,44,797,1623
2026-05-19,88,6,1223,260,68,18.795,70.251,44,797,1623
2026-05-26,88,6,1231,381,58,18.795,70.251,44,797,1623
2026-06-02,88,6,935,398,67,18.795,70.251,44,797,1623
2026-06-09,88,6,942,644,55,18.795,70.251,44,797,1623
2026-06-16,88,6,1321,314,24,18.795,70.251,44,797,1623
2026-06-23,88,6,1290,273,54,18.795,70.251,44,797,1623
2026-06-30,88,6,1161,241,29,18.795,70.251,44,797,1623
2026-04-07,88,8,244,72,4,2.258,25.62,44,281,380
2026-04-14,88,8,226,47,6,2.258,25.62,44,281,380
2026-04-21,88,8,204,68,5,2.258,25.62,44,281,380
2026-04-28,88,8,136,107,7,2.258,25.62,44,281,380
2026-05-05,88,8,154,87,6,2.258,25.62,44,281,380
2026-05-12,88,8,211,122,9,2.258,25.62,44,281,380
2026-05-19,88,8,183,116,6,2.258,25.62,44,281,380
2026-05-26,88,8,225,91,2,2.258,25.62,44,281,380
2026-06-02,88,8,191,106,4,2.258,25.62,44,281,380
2026-06-09,88,8,226,46,7,2.258,25.62,44,281,380
2026-06-16,88,8,168,103,5,2.258,25.62,44,281,380
2026-06-23,88,8,206,76,5,2.258,25.62,44,281,380
2026-06-30,88,8,199,59,3,2.258,25.62,44,281,380
2026-04-07,89,1,167,62,4,3.675,79.028,13,469,517
2026-04-14,89,1,140,87,11,3.675,79.028,13,469,517
2026-04-21,89,1,165,71,4,3.675,79.028,13,469,517
2026-04-28,89,1,174,43,4,3.675,79.028,13,469,517
2026-05-05,89,1,154,117,12,3.675,79.028,13,469,517
2026-05-12,89,1,195,45,11,3.675,79.028,13,469,517
2026-05-19,89,1,209,45,10,3.675,79.028,13,469,517
2026-05-26,89,1,172,58,5,3.675,79.028,13,469,517
2026-06-02,89,1,161,124,7,3.675,79.028,13,469,517
2026-06-09,89,1,156,91,9,3.675,79.028,13,469,517
2026-06-16,89,1,188,93,12,3.675,79.028,13,469,517
2026-06-23,89,1,208,91,7,3.675,79.028,13,469,517
2026-06-30,89,1,224,141,10,3.675,79.028,13,469,517
2026-04-07,89,3,480,90,9,3.46,46.808,13,278,323
2026-04-14,89,3,382,268,12,3.46,46.808,13,278,323
2026-04-21,89,3,447,161,14,3.46,46.808,13,278,323
2026-04-28,89,3,448,209,7,3.46,46.808,13,278,323
2026-05-05,89,3,335,258,6,3.46,46.808,13,278,323
2026-05-12,89,3,531,171,6,3.46,46.808,13,278,323
2026-05-19,89,3,438,241,8,3.46,46.808,13,278,323
2026-05-26,89,3,538,154,4,3.46,46.808,13,278,323
2026-06-02,89,3,582,153,11,3.46,46.808,13,278,323
2026-06-09,89,3,556,146,13,3.46,46.808,13,278,323
2026-06-16,89,3,436,282,12,3.46,46.808,13,278,323
2026-06-23,89,3,478,251,7,3.46,46.808,13,278,323
2026-06-30,89,3,447,216,14,3.46,46.808,13,278,323
2026-04-07,89,4,181,148,17,6.376,60.004,13,356,439
2026-04-14,89,4,247,58,20,6.376,60.004,13,356,439
2026-04-21,89,4,265,122,23,6.376,60.004,13,356,439
2026-04-28,89,4,300,76,12,6.376,60.004,13,356,439
2026-05-05,89,4,279,68,25,6.376,60.004,13,356,439
2026-05-12,89,4,231,70,25,6.376,60.004,13,356,439
2026-05-19,89,4,256,135,16,6.376,60.004,13,356,439
2026-05-26,89,4,206,41,11,6.376,60.004,13,356,439
2026-06-02,89,4,332,80,15,6.376,60.004,13,356,439
2026-06-09,89,4,330,91,18,6.376,60.004,13,356,439
2026-06-16,89,4,239,138,19,6.376,60.004,13,356,439
2026-06-23,89,4,241,185,11,6.376,60.004,13,356,439
2026-06-30,89,4,285,142,21,6.376,60.004,13,356,439
2026-04-07,89,5,237,190,17,4.232,62.118,13,369,424
2026-04-14,89,5,343,107,7,4.232,62.118,13,369,424
2026-04-21,89,5,253,158,9,4.232,62.118,13,369,424
2026-04-28,89,5,394,142,11,4.232,62.118,13,369,424
2026-05-05,89,5,256,152,5,4.232,62.118,13,369,424
2026-05-12,89,5,256,57,15,4.232,62.118,13,369,424
2026-05-19,89,5,454,83,9,4.232,62.118,13,369,424
2026-05-26,89,5,302,148,12,4.232,62.118,13,369,424
2026-06-02,89,5,460,93,14,4.232,62.118,13,369,424
2026-06-09,89,5,378,165,11,4.232,62.118,13,369,424
2026-06-16,89,5,389,129,11,4.232,62.118,13,369,424
2026-06-23,89,5,400,78,14,4.232,62.118,13,369,424
2026-06-30,89,5,414,106,10,4.232,62.118,13,369,424
2026-04-07,89,7,372,72,11,3.33,51.85,13,308,351
2026-04-14,89,7,420,147,12,3.33,51.85,13,308,351
2026-04-21,89,7,301,189,5,3.33,51.85,13,308,351
2026-04-28,89,7,354,104,13,3.33,51.85,13,308,351
2026-05-05,89,7,391,147,11,3.33,51.85,13,308,351
2026-05-12,89,7,277,204,12,3.33,51.85,13,308,351
2026-05-19,89,7,277,175,9,3.33,51.85,13,308,351
2026-05-26,89,7,325,232,7,3.33,51.85,13,308,351
2026-06-02,89,7,335,251,9,3.33,51.85,13,308,351
2026-06-09,89,7,315,169,9,3.33,51.85,13,308,351
2026-06-16,89,7,346,108,5,3.33,51.85,13,308,351
2026-06-23,89,7,450,86,13,3.33,51.85,13,308,351
2026-06-30,89,7,322,134,9,3.33,51.85,13,308,351
2026-04-07,89,9,260,125,8,3.938,56.816,13,337,388
2026-04-14,89,9,266,111,14,3.938,56.816,13,337,388
2026-04-21,89,9,266,153,14,3.938,56.816,13,337,388
2026-04-28,89,9,321,112,9,3.938,56.816,13,337,388
2026-05-05,89,9,227,183,4,3.938,56.816,13,337,388
2026-05-12,89,9,246,166,8,3.938,56.816,13,337,388
2026-05-19,89,9,322,71,5,3.938,56.816,13,337,388
2026-05-26,89,9,293,188,13,3.938,56.816,13,337,388
2026-06-02,89,9,324,123,11,3.938,56.816,13,337,388
2026-06-09,89,9,330,152,9,3.938,56.816,13,337,388
2026-06-16,89,9,344,86,11,3.938,56.816,13,337,388
2026-06-23,89,9,375,115,9,3.938,56.816,13,337,388
2026-06-30,89,9,236,177,9,3.938,56.816,13,337,388
2026-04-07,89,10,407,93,22,5.866,46.795,13,278,354
2026-04-14,89,10,451,129,23,5.866,46.795,13,278,354
2026-04-21,89,10,326,157,17,5.866,46.795,13,278,354
2026-04-28,89,10,355,146,14,5.866,46.795,13,278,354
2026-05-05,89,10,318,175,16,5.866,46.795,13,278,354
2026-05-12,89,10,333,70,22,5.866,46.795,13,278,354
2026-05-19,89,10,491,116,16,5.866,46.795,13,278,354
2026-05-26,89,10,323,195,20,5.866,46.795,13,278,354
2026-06-02,89,10,411,146,21,5.866,46.795,13,278,354
2026-06-09,89,10,371,282,6,5.866,46.795,13,278,354
2026-06-16,89,10,300,188,14,5.866,46.795,13,278,354
2026-06-23,89,10,389,194,11,5.866,46.795,13,278,354
2026-06-30,89,10,414,96,15,5.866,46.795,13,278,354
2026-04-07,90,5,604,464,33,12.365,56.664,37,580,1037
2026-04-14,90,5,696,190,37,12.365,56.664,37,580,1037
2026-04-21,90,5,510,404,44,12.365,56.664,37,580,1037
2026-04-28,90,5,683,254,49,12.365,56.664,37,580,1037
2026-05-05,90,5,770,282,39,12.365,56.664,37,580,1037
2026-05-12,90,5,806,174,14,12.365,56.664,37,580,1037
2026-05-19,90,5,826,319,19,12.365,56.664,37,580,1037
2026-05-26,90,5,785,441,36,12.365,56.664,37,580,1037
2026-06-02,90,5,608,408,44,12.365,56.664,37,580,1037
2026-06-09,90,5,782,304,30,12.365,56.664,37,580,1037
2026-06-16,90,5,786,178,23,12.365,56.664,37,580,1037
2026-06-23,90,5,733,208,26,12.365,56.664,37,580,1037
2026-06-30,90,5,658,355,16,12.365,56.664,37,580,1037
2026-04-07,90,10,340,73,2,1.155,36.702,37,367,410
2026-04-14,90,10,249,142,4,1.155,36.702,37,367,410
2026-04-21,90,10,357,87,4,1.155,36.702,37,367,410
2026-04-28,90,10,322,100,5,1.155,36.702,37,367,410
2026-05-05,90,10,333,95,2,1.155,36.702,37,367,410
2026-05-12,90,10,261,102,4,1.155,36.702,37,367,410
2026-05-19,90,10,305,144,2,1.155,36.702,37,367,410
2026-05-26,90,10,256,205,3,1.155,36.702,37,367,410
2026-06-02,90,10,304,84,3,1.155,36.702,37,367,410
2026-06-09,90,10,264,87,3,1.155,36.702,37,367,410
2026-06-16,90,10,274,189,4,1.155,36.702,37,367,410
2026-06-23,90,10,309,80,4,1.155,36.702,37,367,410
2026-06-30,90,10,245,174,2,1.155,36.702,37,367,410
2026-04-07,91,6,2459,1761,77,70.142,150.698,35,1622,4077
2026-04-14,91,6,3655,721,181,70.142,150.698,35,1622,4077
2026-04-21,91,6,2927,1326,108,70.142,150.698,35,1622,4077
2026-04-28,91,6,2465,1114,96,70.142,150.698,35,1622,4077
2026-05-05,91,6,3361,781,187,70.142,150.698,35,1622,4077
2026-05-12,91,6,2632,1924,165,70.142,150.698,35,1622,4077
2026-05-19,91,6,3226,870,241,70.142,150.698,35,1622,4077
2026-05-26,91,6,3028,953,253,70.142,150.698,35,1622,4077
2026-06-02,91,6,2975,863,198,70.142,150.698,35,1622,4077
2026-06-09,91,6,2376,1093,170,70.142,150.698,35,1622,4077
2026-06-16,91,6,3139,1609,134,70.142,150.698,35,1622,4077
2026-06-23,91,6,2457,853,229,70.142,150.698,35,1622,4077
2026-06-30,91,6,3139,1545,207,70.142,150.698,35,1622,4077
2026-04-07,92,1,871,306,4,3.261,83.388,17,566,621
2026-04-14,92,1,858,445,12,3.261,83.388,17,566,621
2026-04-21,92,1,897,224,12,3.261,83.388,17,566,621
2026-04-28,92,1,704,350,12,3.261,83.388,17,566,621
2026-05-05,92,1,788,470,9,3.261,83.388,17,566,621
2026-05-12,92,1,658,536,8,3.261,83.388,17,566,621
2026-05-19,92,1,999,376,6,3.261,83.388,17,566,621
2026-05-26,92,1,843,321,13,3.261,83.388,17,566,621
2026-06-02,92,1,996,376,11,3.261,83.388,17,566,621
2026-06-09,92,1,917,182,10,3.261,83.388,17,566,621
2026-06-16,92,1,1172,214,5,3.261,83.388,17,566,621
2026-06-23,92,1,1330,256,8,3.261,83.388,17,566,621
2026-06-30,92,1,809,528,4,3.261,83.388,17,566,621
2026-04-07,92,3,397,324,7,2.357,131.219,17,890,930
2026-04-14,92,3,571,113,7,2.357,131.219,17,890,930
2026-04-21,92,3,510,273,8,2.357,131.219,17,890,930
2026-04-28,92,3,651,179,9,2.357,131.219,17,890,930
2026-05-05,92,3,427,256,9,2.357,131.219,17,890,930
2026-05-12,92,3,626,124,7,2.357,131.219,17,890,930
2026-05-19,92,3,590,333,8,2.357,131.219,17,890,930
2026-05-26,92,3,610,218,3,2.357,131.219,17,890,930
2026-06-02,92,3,675,153,8,2.357,131.219,17,890,930
2026-06-09,92,3,371,219,4,2.357,131.219,17,890,930
2026-06-16,92,3,516,259,6,2.357,131.219,17,890,930
2026-06-23,92,3,587,216,7,2.357,131.219,17,890,930
2026-06-30,92,3,558,343,4,2.357,131.219,17,890,930
2026-04-07,92,4,155,55,12,4.167,50.065,17,340,411
2026-04-14,92,4,140,66,13,4.167,50.065,17,340,411
2026-04-21,92,4,154,35,7,4.167,50.065,17,340,411
2026-04-28,92,4,123,48,15,4.167,50.065,17,340,411
2026-05-05,92,4,143,30,6,4.167,50.065,17,340,411
2026-05-12,92,4,117,83,15,4.167,50.065,17,340,411
2026-05-19,92,4,112,45,13,4.167,50.065,17,340,411
2026-05-26,92,4,157,66,12,4.167,50.065,17,340,411
2026-06-02,92,4,154,50,5,4.167,50.065,17,340,411
2026-06-09,92,4,146,71,6,4.167,50.065,17,340,411
2026-06-16,92,4,155,58,11,4.167,50.065,17,340,411
2026-06-23,92,4,135,83,14,4.167,50.065,17,340,411
2026-06-30,92,4,134,73,10,4.167,50.065,17,340,411
2026-04-07,92,5,930,221,15,3.976,73.743,17,501,568
2026-04-14,92,5,632,465,6,3.976,73.743,17,501,568
2026-04-21,92,5,926,167,13,3.976,73.743,17,501,568
2026-04-28,92,5,627,370,13,3.976,73.743,17,501,568
2026-05-05,92,5,1013,212,12,3.976,73.743,17,501,568
2026-05-12,92,5,865,380,13,3.976,73.743,17,501,568
2026-05-19,92,5,971,399,6,3.976,73.743,17,501,568
2026-05-26,92,5,654,534,6,3.976,73.743,17,501,568
2026-06-02,92,5,675,546,13,3.976,73.743,17,501,568
2026-06-09,92,5,682,441,7,3.976,73.743,17,501,568
2026-06-16,92,5,812,420,14,3.976,73.743,17,501,568
2026-06-23,92,5,829,556,5,3.976,73.743,17,501,568
2026-06-30,92,5,1245,324,9,3.976,73.743,17,501,568
2026-04-07,92,7,126,91,3,1.807,30.606,17,208,238
2026-04-14,92,7,100,74,7,1.807,30.606,17,208,238
2026-04-21,92,7,118,85,4,1.807,30.606,17,208,238
2026-04-28,92,7,111,73,3,1.807,30.606,17,208,238
2026-05-05,92,7,167,48,6,1.807,30.606,17,208,238
2026-05-12,92,7,150,49,2,1.807,30.606,17,208,238
2026-05-19,92,7,154,57,6,1.807,30.606,17,208,238
2026-05-26,92,7,122,87,3,1.807,30.606,17,208,238
2026-06-02,92,7,208,47,6,1.807,30.606,17,208,238
2026-06-09,92,7,138,70,3,1.807,30.606,17,208,238
2026-06-16,92,7,125,100,3,1.807,30.606,17,208,238
2026-06-23,92,7,163,39,5,1.807,30.606,17,208,238
2026-06-30,92,7,168,44,4,1.807,30.606,17,208,238
2026-04-07,92,9,231,174,5,2.717,56.609,17,384,430
2026-04-14,92,9,293,52,5,2.717,56.609,17,384,430
2026-04-21,92,9,179,123,11,2.717,56.609,17,384,430
2026-04-28,92,9,216,126,5,2.717,56.609,17,384,430
2026-05-05,92,9,247,127,7,2.717,56.609,17,384,430
2026-05-12,92,9,272,61,6,2.717,56.609,17,384,430
2026-05-19,92,9,354,65,6,2.717,56.609,17,384,430
2026-05-26,92,9,234,180,11,2.717,56.609,17,384,430
2026-06-02,92,9,278,80,8,2.717,56.609,17,384,430
2026-06-09,92,9,327,82,6,2.717,56.609,17,384,430
2026-06-16,92,9,262,199,4,2.717,56.609,17,384,430
2026-06-23,92,9,391,99,9,2.717,56.609,17,384,430
2026-06-30,92,9,351,64,5,2.717,56.609,17,384,430
2026-04-07,92,10,377,275,10,3.967,34.412,17,234,302
2026-04-14,92,10,309,204,7,3.967,34.412,17,234,302
2026-04-21,92,10,369,262,16,3.967,34.412,17,234,302
2026-04-28,92,10,482,184,12,3.967,34.412,17,234,302
2026-05-05,92,10,488,199,13,3.967,34.412,17,234,302
2026-05-12,92,10,327,212,15,3.967,34.412,17,234,302
2026-05-19,92,10,467,84,8,3.967,34.412,17,234,302
2026-05-26,92,10,484,128,16,3.967,34.412,17,234,302
2026-06-02,92,10,434,143,10,3.967,34.412,17,234,302
2026-06-09,92,10,401,217,4,3.967,34.412,17,234,302
2026-06-16,92,10,406,280,10,3.967,34.412,17,234,302
2026-06-23,92,10,453,166,8,3.967,34.412,17,234,302
2026-06-30,92,10,407,203,7,3.967,34.412,17,234,302
2026-04-07,93,1,253,107,6,1.685,64.245,16,423,450
2026-04-14,93,1,195,92,2,1.685,64.245,16,423,450
2026-04-21,93,1,262,79,4,1.685,64.245,16,423,450
2026-04-28,93,1,321,129,6,1.685,64.245,16,423,450
2026-05-05,93,1,278,68,2,1.685,64.245,16,423,450
2026-05-12,93,1,239,161,6,1.685,64.245,16,423,450
2026-05-19,93,1,297,67,2,1.685,64.245,16,423,450
2026-05-26,93,1,248,109,3,1.685,64.245,16,423,450
2026-06-02,93,1,220,169,3,1.685,64.245,16,423,450
2026-06-09,93,1,313,161,3,1.685,64.245,16,423,450
2026-06-16,93,1,236,180,6,1.685,64.245,16,423,450
2026-06-23,93,1,296,128,6,1.685,64.245,16,423,450
2026-06-30,93,1,318,116,3,1.685,64.245,16,423,450
2026-04-07,93,3,573,176,2,1.197,111.435,16,733,752
2026-04-14,93,3,611,136,4,1.197,111.435,16,733,752
2026-04-21,93,3,595,189,2,1.197,111.435,16,733,752
2026-04-28,93,3,568,248,4,1.197,111.435,16,733,752
2026-05-05,93,3,627,159,4,1.197,111.435,16,733,752
2026-05-12,93,3,625,114,2,1.197,111.435,16,733,752
2026-05-19,93,3,627,208,3,1.197,111.435,16,733,752
2026-05-26,93,3,675,241,2,1.197,111.435,16,733,752
2026-06-02,93,3,434,345,3,1.197,111.435,16,733,752
2026-06-09,93,3,722,226,2,1.197,111.435,16,733,752
2026-06-16,93,3,666,236,5,1.197,111.435,16,733,752
2026-06-23,93,3,650,293,1,1.197,111.435,16,733,752
2026-06-30,93,3,554,333,4,1.197,111.435,16,733,752
2026-04-07,93,4,331,107,12,3.321,71.776,16,473,526
2026-04-14,93,4,272,205,6,3.321,71.776,16,473,526
2026-04-21,93,4,257,191,10,3.321,71.776,16,473,526
2026-04-28,93,4,291,130,10,3.321,71.776,16,473,526
2026-05-05,93,4,331,124,8,3.321,71.776,16,473,526
2026-05-12,93,4,342,103,13,3.321,71.776,16,473,526
2026-05-19,93,4,332,96,9,3.321,71.776,16,473,526
2026-05-26,93,4,386,130,12,3.321,71.776,16,473,526
2026-06-02,93,4,379,124,11,3.321,71.776,16,473,526
2026-06-09,93,4,311,94,12,3.321,71.776,16,473,526
2026-06-16,93,4,358,180,10,3.321,71.776,16,473,526
2026-06-23,93,4,333,219,12,3.321,71.776,16,473,526
2026-06-30,93,4,420,128,13,3.321,71.776,16,473,526
2026-04-07,93,5,219,94,2,1.035,31.688,16,209,225
2026-04-14,93,5,233,83,4,1.035,31.688,16,209,225
2026-04-21,93,5,250,84,2,1.035,31.688,16,209,225
2026-04-28,93,5,224,46,4,1.035,31.688,16,209,225
2026-05-05,93,5,271,57,4,1.035,31.688,16,209,225
2026-05-12,93,5,207,102,1,1.035,31.688,16,209,225
2026-05-19,93,5,269,71,1,1.035,31.688,16,209,225
2026-05-26,93,5,254,109,1,1.035,31.688,16,209,225
2026-06-02,93,5,247,73,3,1.035,31.688,16,209,225
2026-06-09,93,5,218,119,2,1.035,31.688,16,209,225
2026-06-16,93,5,193,146,4,1.035,31.688,16,209,225
2026-06-23,93,5,232,122,4,1.035,31.688,16,209,225
2026-06-30,93,5,313,56,2,1.035,31.688,16,209,225
2026-04-07,93,7,543,113,5,2.199,58.991,16,388,423
2026-04-14,93,7,356,120,6,2.199,58.991,16,388,423
2026-04-21,93,7,351,174,7,2.199,58.991,16,388,423
2026-04-28,93,7,371,155,6,2.199,58.991,16,388,423
2026-05-05,93,7,261,213,5,2.199,58.991,16,388,423
2026-05-12,93,7,339,267,4,2.199,58.991,16,388,423
2026-05-19,93,7,406,274,3,2.199,58.991,16,388,423
2026-05-26,93,7,467,239,8,2.199,58.991,16,388,423
2026-06-02,93,7,478,127,5,2.199,58.991,16,388,423
2026-06-09,93,7,498,135,4,2.199,58.991,16,388,423
2026-06-16,93,7,473,94,3,2.199,58.991,16,388,423
2026-06-23,93,7,367,207,7,2.199,58.991,16,388,423
2026-06-30,93,7,432,223,5,2.199,58.991,16,388,423
2026-04-07,93,9,161,35,3,1.225,28.738,16,189,209
2026-04-14,93,9,136,77,4,1.225,28.738,16,189,209
2026-04-21,93,9,155,92,4,1.225,28.738,16,189,209
2026-04-28,93,9,146,80,4,1.225,28.738,16,189,209
2026-05-05,93,9,127,38,2,1.225,28.738,16,189,209
2026-05-12,93,9,165,64,2,1.225,28.738,16,189,209
2026-05-19,93,9,179,69,3,1.225,28.738,16,189,209
2026-05-26,93,9,138,83,2,1.225,28.738,16,189,209
2026-06-02,93,9,160,81,3,1.225,28.738,16,189,209
2026-06-09,93,9,173,80,2,1.225,28.738,16,189,209
2026-06-16,93,9,124,90,3,1.225,28.738,16,189,209
2026-06-23,93,9,223,66,5,1.225,28.738,16,189,209
2026-06-30,93,9,170,96,3,1.225,28.738,16,189,209
2026-04-07,93,10,45,14,3,1.026,18.473,16,122,138
2026-04-14,93,10,48,24,4,1.026,18.473,16,122,138
2026-04-21,93,10,33,24,2,1.026,18.473,16,122,138
2026-04-28,93,10,47,18,3,1.026,18.473,16,122,138
2026-05-05,93,10,44,15,3,1.026,18.473,16,122,138
2026-05-12,93,10,43,30,1,1.026,18.473,16,122,138
2026-05-19,93,10,56,13,3,1.026,18.473,16,122,138
2026-05-26,93,10,38,23,4,1.026,18.473,16,122,138
2026-06-02,93,10,36,29,3,1.026,18.473,16,122,138
2026-06-09,93,10,51,26,3,1.026,18.473,16,122,138
2026-06-16,93,10,52,14,2,1.026,18.473,16,122,138
2026-06-23,93,10,55,13,2,1.026,18.473,16,122,138
2026-06-30,93,10,67,15,3,1.026,18.473,16,122,138
2026-04-07,94,1,194,122,0,0.296,32.042,10,167,170
2026-04-14,94,1,270,57,1,0.296,32.042,10,167,170
2026-04-21,94,1,275,59,1,0.296,32.042,10,167,170
2026-04-28,94,1,214,159,0,0.296,32.042,10,167,170
2026-05-05,94,1,202,141,1,0.296,32.042,10,167,170
2026-05-12,94,1,196,119,1,0.296,32.042,10,167,170
2026-05-19,94,1,231,70,1,0.296,32.042,10,167,170
2026-05-26,94,1,256,166,1,0.296,32.042,10,167,170
2026-06-02,94,1,258,141,0,0.296,32.042,10,167,170
2026-06-09,94,1,287,162,1,0.296,32.042,10,167,170
2026-06-16,94,1,262,153,1,0.296,32.042,10,167,170
2026-06-23,94,1,300,61,1,0.296,32.042,10,167,170
2026-06-30,94,1,276,89,1,0.296,32.042,10,167,170
2026-04-07,94,3,70,43,1,0.465,50.781,10,264,269
2026-04-14,94,3,94,34,0,0.465,50.781,10,264,269
2026-04-21,94,3,115,27,1,0.465,50.781,10,264,269
2026-04-28,94,3,100,27,1,0.465,50.781,10,264,269
2026-05-05,94,3,85,33,1,0.465,50.781,10,264,269
2026-05-12,94,3,96,26,1,0.465,50.781,10,264,269
2026-05-19,94,3,69,56,1,0.465,50.781,10,264,269
2026-05-26,94,3,79,45,2,0.465,50.781,10,264,269
2026-06-02,94,3,94,43,1,0.465,50.781,10,264,269
2026-06-09,94,3,69,46,1,0.465,50.781,10,264,269
2026-06-16,94,3,100,48,0,0.465,50.781,10,264,269
2026-06-23,94,3,98,50,1,0.465,50.781,10,264,269
2026-06-30,94,3,104,37,1,0.465,50.781,10,264,269
2026-04-07,94,4,203,99,2,0.978,70.61,10,367,377
2026-04-14,94,4,179,82,3,0.978,70.61,10,367,377
2026-04-21,94,4,226,91,1,0.978,70.61,10,367,377
2026-04-28,94,4,288,63,1,0.978,70.61,10,367,377
2026-05-05,94,4,205,122,3,0.978,70.61,10,367,377
2026-05-12,94,4,259,65,2,0.978,70.61,10,367,377
2026-05-19,94,4,183,114,3,0.978,70.61,10,367,377
2026-05-26,94,4,215,105,1,0.978,70.61,10,367,377
2026-06-02,94,4,243,56,2,0.978,70.61,10,367,377
2026-06-09,94,4,220,123,3,0.978,70.61,10,367,377
2026-06-16,94,4,217,137,2,0.978,70.61,10,367,377
2026-06-23,94,4,254,98,2,0.978,70.61,10,367,377
2026-06-30,94,4,297,97,4,0.978,70.61,10,367,377
2026-04-07,94,5,130,59,2,0.708,37.122,10,193,200
2026-04-14,94,5,146,49,1,0.708,37.122,10,193,200
2026-04-21,94,5,156,37,2,0.708,37.122,10,193,200
2026-04-28,94,5,202,53,2,0.708,37.122,10,193,200
2026-05-05,94,5,137,62,1,0.708,37.122,10,193,200
2026-05-12,94,5,139,68,3,0.708,37.122,10,193,200
2026-05-19,94,5,153,76,2,0.708,37.122,10,193,200
2026-05-26,94,5,155,35,1,0.708,37.122,10,193,200
2026-06-02,94,5,168,68,3,0.708,37.122,10,193,200
2026-06-09,94,5,136,96,2,0.708,37.122,10,193,200
2026-06-16,94,5,195,44,2,0.708,37.122,10,193,200
2026-06-23,94,5,132,107,1,0.708,37.122,10,193,200
2026-06-30,94,5,225,59,2,0.708,37.122,10,193,200
2026-04-07,94,7,149,42,1,0.668,32.892,10,171,178
2026-04-14,94,7,148,38,2,0.668,32.892,10,171,178
2026-04-21,94,7,105,79,1,0.668,32.892,10,171,178
2026-04-28,94,7,144,57,2,0.668,32.892,10,171,178
2026-05-05,94,7,146,71,2,0.668,32.892,10,171,178
2026-05-12,94,7,177,46,2,0.668,32.892,10,171,178
2026-05-19,94,7,120,59,1,0.668,32.892,10,171,178
2026-05-26,94,7,114,48,2,0.668,32.892,10,171,178
2026-06-02,94,7,125,86,2,0.668,32.892,10,171,178
2026-06-09,94,7,132,71,2,0.668,32.892,10,171,178
2026-06-16,94,7,161,48,2,0.668,32.892,10,171,178
2026-06-23,94,7,173,45,2,0.668,32.892,10,171,178
2026-06-30,94,7,158,73,2,0.668,32.892,10,171,178
2026-04-07,94,9,129,31,1,0.429,34.203,10,178,182
2026-04-14,94,9,148,30,1,0.429,34.203,10,178,182
2026-04-21,94,9,125,84,1,0.429,34.203,10,178,182
2026-04-28,94,9,160,30,1,0.429,34.203,10,178,182
2026-05-05,94,9,120,49,2,0.429,34.203,10,178,182
2026-05-12,94,9,99,78,2,0.429,34.203,10,178,182
2026-05-19,94,9,145,46,1,0.429,34.203,10,178,182
2026-05-26,94,9,122,57,1,0.429,34.203,10,178,182
2026-06-02,94,9,127,83,1,0.429,34.203,10,178,182
2026-06-09,94,9,135,89,0,0.429,34.203,10,178,182
2026-06-16,94,9,150,63,1,0.429,34.203,10,178,182
2026-06-23,94,9,136,60,1,0.429,34.203,10,178,182
2026-06-30,94,9,166,37,1,0.429,34.203,10,178,182
2026-04-07,94,10,299,77,3,1.852,63.059,10,328,347
2026-04-14,94,10,157,90,2,1.852,63.059,10,328,347
2026-04-21,94,10,295,59,7,1.852,63.059,10,328,347
2026-04-28,94,10,331,81,4,1.852,63.059,10,328,347
2026-05-05,94,10,229,135,5,1.852,63.059,10,328,347
2026-05-12,94,10,307,70,4,1.852,63.059,10,328,347
2026-05-19,94,10,289,77,5,1.852,63.059,10,328,347
2026-05-26,94,10,219,133,3,1.852,63.059,10,328,347
2026-06-02,94,10,228,158,6,1.852,63.059,10,328,347
2026-06-09,94,10,312,71,5,1.852,63.059,10,328,347
2026-06-16,94,10,302,79,7,1.852,63.059,10,328,347
2026-06-23,94,10,271,214,5,1.852,63.059,10,328,347
2026-06-30,94,10,245,184,4,1.852,63.059,10,328,347
2026-04-07,95,8,948,217,39,14.069,63.689,38,656,1191
2026-04-14,95,8,1076,230,45,14.069,63.689,38,656,1191
2026-04-21,95,8,886,217,30,14.069,63.689,38,656,1191
2026-04-28,95,8,813,516,38,14.069,63.689,38,656,1191
2026-05-05,95,8,763,443,22,14.069,63.689,38,656,1191
2026-05-12,95,8,780,403,27,14.069,63.689,38,656,1191
2026-05-19,95,8,723,481,33,14.069,63.689,38,656,1191
2026-05-26,95,8,692,200,42,14.069,63.689,38,656,1191
2026-06-02,95,8,913,347,46,14.069,63.689,38,656,1191
2026-06-09,95,8,703,488,29,14.069,63.689,38,656,1191
2026-06-16,95,8,976,183,51,14.069,63.689,38,656,1191
2026-06-23,95,8,920,239,51,14.069,63.689,38,656,1191
2026-06-30,95,8,639,428,56,14.069,63.689,38,656,1191
2026-04-07,95,10,395,133,6,1.539,40.933,38,415,474
2026-04-14,95,10,360,182,6,1.539,40.933,38,415,474
2026-04-21,95,10,409,301,2,1.539,40.933,38,415,474
2026-04-28,95,10,439,149,6,1.539,40.933,38,415,474
2026-05-05,95,10,432,326,4,1.539,40.933,38,415,474
2026-05-12,95,10,469,129,2,1.539,40.933,38,415,474
2026-05-19,95,10,322,168,4,1.539,40.933,38,415,474
2026-05-26,95,10,370,147,6,1.539,40.933,38,415,474
2026-06-02,95,10,542,129,3,1.539,40.933,38,415,474
2026-06-09,95,10,391,178,2,1.539,40.933,38,415,474
2026-06-16,95,10,442,134,4,1.539,40.933,38,415,474
2026-06-23,95,10,469,120,5,1.539,40.933,38,415,474
2026-06-30,95,10,452,259,4,1.539,40.933,38,415,474
2026-04-07,96,1,1222,258,27,7.329,67.038,42,720,1027
2026-04-14,96,1,891,541,11,7.329,67.038,42,720,1027
2026-04-21,96,1,975,201,22,7.329,67.038,42,720,1027
2026-04-28,96,1,828,480,14,7.329,67.038,42,720,1027
2026-05-05,96,1,825,432,22,7.329,67.038,42,720,1027
2026-05-12,96,1,1231,377,13,7.329,67.038,42,720,1027
2026-05-19,96,1,852,493,23,7.329,67.038,42,720,1027
2026-05-26,96,1,1037,256,11,7.329,67.038,42,720,1027
2026-06-02,96,1,718,502,17,7.329,67.038,42,720,1027
2026-06-09,96,1,849,458,13,7.329,67.038,42,720,1027
2026-06-16,96,1,952,205,25,7.329,67.038,42,720,1027
2026-06-23,96,1,1019,379,15,7.329,67.038,42,720,1027
2026-06-30,96,1,1013,246,10,7.329,67.038,42,720,1027
2026-04-07,96,7,1689,815,143,43.943,81.706,42,1007,2853
2026-04-14,96,7,1490,759,123,43.943,81.706,42,1007,2853
2026-04-21,96,7,1794,596,167,43.943,81.706,42,1007,2853
2026-04-28,96,7,2270,899,72,43.943,81.706,42,1007,2853
2026-05-05,96,7,2690,494,105,43.943,81.706,42,1007,2853
2026-05-12,96,7,1921,523,61,43.943,81.706,42,1007,2853
2026-05-19,96,7,1956,758,65,43.943,81.706,42,1007,2853
2026-05-26,96,7,2157,538,54,43.943,81.706,42,1007,2853
2026-06-02,96,7,2427,608,86,43.943,81.706,42,1007,2853
2026-06-09,96,7,1560,1038,150,43.943,81.706,42,1007,2853
2026-06-16,96,7,1849,646,164,43.943,81.706,42,1007,2853
2026-06-23,96,7,1591,779,72,43.943,81.706,42,1007,2853
2026-06-30,96,7,1794,670,137,43.943,81.706,42,1007,2853
2026-04-07,96,10,157,114,5,1.408,21.749,42,232,292
2026-04-14,96,10,179,82,4,1.408,21.749,42,232,292
2026-04-21,96,10,248,88,4,1.408,21.749,42,232,292
2026-04-28,96,10,166,75,4,1.408,21.749,42,232,292
2026-05-05,96,10,173,97,5,1.408,21.749,42,232,292
2026-05-12,96,10,188,107,3,1.408,21.749,42,232,292
2026-05-19,96,10,262,49,3,1.408,21.749,42,232,292
2026-05-26,96,10,144,106,2,1.408,21.749,42,232,292
2026-06-02,96,10,151,59,2,1.408,21.749,42,232,292
2026-06-09,96,10,182,75,2,1.408,21.749,42,232,292
2026-06-16,96,10,157,105,2,1.408,21.749,42,232,292
2026-06-23,96,10,219,61,5,1.408,21.749,42,232,292
2026-06-30,96,10,156,84,5,1.408,21.749,42,232,292
2026-04-07,97,4,451,366,16,4.938,70.509,33,668,831
2026-04-14,97,4,568,310,17,4.938,70.509,33,668,831
2026-04-21,97,4,787,161,14,4.938,70.509,33,668,831
2026-04-28,97,4,683,214,16,4.938,70.509,33,668,831
2026-05-05,97,4,507,315,6,4.938,70.509,33,668,831
2026-05-12,97,4,645,392,12,4.938,70.509,33,668,831
2026-05-19,97,4,658,244,7,4.938,70.509,33,668,831
2026-05-26,97,4,520,349,7,4.938,70.509,33,668,831
2026-06-02,97,4,592,346,10,4.938,70.509,33,668,831
2026-06-09,97,4,689,234,6,4.938,70.509,33,668,831
2026-06-16,97,4,581,283,11,4.938,70.509,33,668,831
2026-06-23,97,4,682,213,17,4.938,70.509,33,668,831
2026-06-30,97,4,725,137,16,4.938,70.509,33,668,831
2026-04-07,97,7,1859,1329,57,32.337,110.671,33,1093,2161
2026-04-14,97,7,2261,505,65,32.337,110.671,33,1093,2161
2026-04-21,97,7,2559,745,79,32.337,110.671,33,1093,2161
2026-04-28,97,7,2353,639,50,32.337,110.671,33,1093,2161
2026-05-05,97,7,2009,631,71,32.337,110.671,33,1093,2161
2026-05-12,97,7,2436,528,35,32.337,110.671,33,1093,2161
2026-05-19,97,7,1844,1314,129,32.337,110.671,33,1093,2161
2026-05-26,97,7,1952,787,108,32.337,110.671,33,1093,2161
2026-06-02,97,7,2560,591,113,32.337,110.671,33,1093,2161
2026-06-09,97,7,1710,1147,128,32.337,110.671,33,1093,2161
2026-06-16,97,7,1965,1020,45,32.337,110.671,33,1093,2161
2026-06-23,97,7,1968,654,123,32.337,110.671,33,1093,2161
2026-06-30,97,7,2672,536,40,32.337,110.671,33,1093,2161
2026-04-07,98,2,250,97,6,1.506,38.225,31,350,397
2026-04-14,98,2,245,77,3,1.506,38.225,31,350,397
2026-04-21,98,2,272,64,3,1.506,38.225,31,350,397
2026-04-28,98,2,258,51,4,1.506,38.225,31,350,397
2026-05-05,98,2,148,90,3,1.506,38.225,31,350,397
2026-05-12,98,2,214,105,6,1.506,38.225,31,350,397
2026-05-19,98,2,201,70,2,1.506,38.225,31,350,397
2026-05-26,98,2,198,154,4,1.506,38.225,31,350,397
2026-06-02,98,2,199,104,5,1.506,38.225,31,350,397
2026-06-09,98,2,277,118,4,1.506,38.225,31,350,397
2026-06-16,98,2,168,125,3,1.506,38.225,31,350,397
2026-06-23,98,2,244,47,5,1.506,38.225,31,350,397
2026-06-30,98,2,233,47,2,1.506,38.225,31,350,397
2026-04-07,98,6,141,46,1,0.446,25.501,31,234,247
2026-04-14,98,6,123,79,1,0.446,25.501,31,234,247
2026-04-21,98,6,166,36,0,0.446,25.501,31,234,247
2026-04-28,98,6,140,95,1,0.446,25.501,31,234,247
2026-05-05,98,6,175,38,1,0.446,25.501,31,234,247
2026-05-12,98,6,135,51,1,0.446,25.501,31,234,247
2026-05-19,98,6,130,66,1,0.446,25.501,31,234,247
2026-05-26,98,6,158,36,1,0.446,25.501,31,234,247
2026-06-02,98,6,144,52,1,0.446,25.501,31,234,247
2026-06-09,98,6,153,48,2,0.446,25.501,31,234,247
2026-06-16,98,6,181,42,2,0.446,25.501,31,234,247
2026-06-23,98,6,166,42,1,0.446,25.501,31,234,247
2026-06-30,98,6,158,44,1,0.446,25.501,31,234,247
2026-04-07,98,8,417,171,4,1.912,30.726,31,282,341
2026-04-14,98,8,404,182,5,1.912,30.726,31,282,341
2026-04-21,98,8,519,207,5,1.912,30.726,31,282,341
2026-04-28,98,8,536,194,5,1.912,30.726,31,282,341
2026-05-05,98,8,535,187,7,1.912,30.726,31,282,341
2026-05-12,98,8,448,170,8,1.912,30.726,31,282,341
2026-05-19,98,8,400,268,2,1.912,30.726,31,282,341
2026-05-26,98,8,342,234,5,1.912,30.726,31,282,341
2026-06-02,98,8,551,102,5,1.912,30.726,31,282,341
2026-06-09,98,8,513,271,7,1.912,30.726,31,282,341
2026-06-16,98,8,415,260,5,1.912,30.726,31,282,341
2026-06-23,98,8,368,250,4,1.912,30.726,31,282,341
2026-06-30,98,8,570,190,5,1.912,30.726,31,282,341
2026-04-07,99,6,291,183,9,2.479,46.45,34,446,531
2026-04-14,99,6,327,120,5,2.479,46.45,34,446,531
2026-04-21,99,6,299,118,8,2.479,46.45,34,446,531
2026-04-28,99,6,341,67,6,2.479,46.45,34,446,531
2026-05-05,99,6,405,86,7,2.479,46.45,34,446,531
2026-05-12,99,6,273,113,8,2.479,46.45,34,446,531
2026-05-19,99,6,284,134,6,2.479,46.45,34,446,531
2026-05-26,99,6,292,172,10,2.479,46.45,34,446,531
2026-06-02,99,6,351,135,5,2.479,46.45,34,446,531
2026-06-09,99,6,431,92,3,2.479,46.45,34,446,531
2026-06-16,99,6,318,193,5,2.479,46.45,34,446,531
2026-06-23,99,6,270,176,5,2.479,46.45,34,446,531
2026-06-30,99,6,343,110,5,2.479,46.45,34,446,531
2026-04-07,99,8,435,111,13,3.554,45.222,34,435,556
2026-04-14,99,8,353,179,5,3.554,45.222,34,435,556
2026-04-21,99,8,454,116,7,3.554,45.222,34,435,556
2026-04-28,99,8,444,238,6,3.554,45.222,34,435,556
2026-05-05,99,8,386,175,9,3.554,45.222,34,435,556
2026-05-12,99,8,317,237,14,3.554,45.222,34,435,556
2026-05-19,99,8,381,286,13,3.554,45.222,34,435,556
2026-05-26,99,8,451,118,11,3.554,45.222,34,435,556
2026-06-02,99,8,350,163,8,3.554,45.222,34,435,556
2026-06-09,99,8,428,165,11,3.554,45.222,34,435,556
2026-06-16,99,8,401,148,9,3.554,45.222,34,435,556
2026-06-23,99,8,390,175,5,3.554,45.222,34,435,556
2026-06-30,99,8,517,185,7,3.554,45.222,34,435,556
2026-04-07,100,2,592,374,22,6.766,60.013,38,612,869
2026-04-14,100,2,720,185,13,6.766,60.013,38,612,869
2026-04-21,100,2,734,189,12,6.766,60.013,38,612,869
2026-04-28,100,2,565,223,8,6.766,60.013,38,612,869
2026-05-05,100,2,584,237,15,6.766,60.013,38,612,869
2026-05-12,100,2,659,126,15,6.766,60.013,38,612,869
2026-05-19,100,2,579,238,25,6.766,60.013,38,612,869
2026-05-26,100,2,682,178,19,6.766,60.013,38,612,869
2026-06-02,100,2,560,358,9,6.766,60.013,38,612,869
2026-06-09,100,2,601,193,14,6.766,60.013,38,612,869
2026-06-16,100,2,713,283,18,6.766,60.013,38,612,869
2026-06-23,100,2,474,287,26,6.766,60.013,38,612,869
2026-06-30,100,2,664,167,23,6.766,60.013,38,612,869
2026-04-07,100,5,415,210,10,4.918,49.125,38,501,687
2026-04-14,100,5,430,171,12,4.918,49.125,38,501,687
2026-04-21,100,5,540,140,19,4.918,49.125,38,501,687
2026-04-28,100,5,422,315,16,4.918,49.125,38,501,687
2026-05-05,100,5,631,137,15,4.918,49.125,38,501,687
2026-05-12,100,5,449,224,17,4.918,49.125,38,501,687
2026-05-19,100,5,417,294,17,4.918,49.125,38,501,687
2026-05-26,100,5,400,166,18,4.918,49.125,38,501,687
2026-06-02,100,5,453,296,13,4.918,49.125,38,501,687
2026-06-09,100,5,523,138,9,4.918,49.125,38,501,687
2026-06-16,100,5,449,175,10,4.918,49.125,38,501,687
2026-06-23,100,5,491,233,13,4.918,49.125,38,501,687
2026-06-30,100,5,516,247,11,4.918,49.125,38,501,687
2026-04-07,100,7,1064,458,32,15.188,60.992,38,636,1214
2026-04-14,100,7,1319,240,36,15.188,60.992,38,636,1214
2026-04-21,100,7,1227,419,55,15.188,60.992,38,636,1214
2026-04-28,100,7,1310,346,42,15.188,60.992,38,636,1214
2026-05-05,100,7,952,593,39,15.188,60.992,38,636,1214
2026-05-12,100,7,1278,419,34,15.188,60.992,38,636,1214
2026-05-19,100,7,1253,397,34,15.188,60.992,38,636,1214
2026-05-26,100,7,923,665,17,15.188,60.992,38,636,1214
2026-06-02,100,7,1187,210,52,15.188,60.992,38,636,1214
2026-06-09,100,7,835,670,50,15.188,60.992,38,636,1214
2026-06-16,100,7,1093,590,31,15.188,60.992,38,636,1214
2026-06-23,100,7,1546,286,16,15.188,60.992,38,636,1214
2026-06-30,100,7,1092,453,57,15.188,60.992,38,636,1214
2026-04-07,101,4,1316,302,3,1.899,86.506,38,877,950
2026-04-14,101,4,1476,376,5,1.899,86.506,38,877,950
2026-04-21,101,4,1299,510,6,1.899,86.506,38,877,950
2026-04-28,101,4,1371,413,6,1.899,86.506,38,877,950
2026-05-05,101,4,1095,478,7,1.899,86.506,38,877,950
2026-05-12,101,4,1160,661,7,1.899,86.506,38,877,950
2026-05-19,101,4,1312,665,5,1.899,86.506,38,877,950
2026-05-26,101,4,1088,547,2,1.899,86.506,38,877,950
2026-06-02,101,4,916,539,4,1.899,86.506,38,877,950
2026-06-09,101,4,1208,447,4,1.899,86.506,38,877,950
2026-06-16,101,4,1369,313,6,1.899,86.506,38,877,950
2026-06-23,101,4,1427,358,7,1.899,86.506,38,877,950
2026-06-30,101,4,1085,739,6,1.899,86.506,38,877,950
2026-04-07,101,5,444,239,7,2.568,65.751,38,667,765
2026-04-14,101,5,525,222,10,2.568,65.751,38,667,765
2026-04-21,101,5,655,210,3,2.568,65.751,38,667,765
2026-04-28,101,5,595,179,7,2.568,65.751,38,667,765
2026-05-05,101,5,679,156,5,2.568,65.751,38,667,765
2026-05-12,101,5,569,164,10,2.568,65.751,38,667,765
2026-05-19,101,5,519,222,8,2.568,65.751,38,667,765
2026-05-26,101,5,517,115,5,2.568,65.751,38,667,765
2026-06-02,101,5,584,195,4,2.568,65.751,38,667,765
2026-06-09,101,5,566,107,10,2.568,65.751,38,667,765
2026-06-16,101,5,498,243,9,2.568,65.751,38,667,765
2026-06-23,101,5,502,329,10,2.568,65.751,38,667,765
2026-06-30,101,5,557,119,5,2.568,65.751,38,667,765
2026-04-07,101,10,806,416,57,15.807,54.669,38,569,1170
2026-04-14,101,10,933,194,46,15.807,54.669,38,569,1170
2026-04-21,101,10,1084,335,39,15.807,54.669,38,569,1170
2026-04-28,101,10,827,377,39,15.807,54.669,38,569,1170
2026-05-05,101,10,774,372,52,15.807,54.669,38,569,1170
2026-05-12,101,10,945,362,16,15.807,54.669,38,569,1170
2026-05-19,101,10,836,371,27,15.807,54.669,38,569,1170
2026-05-26,101,10,821,481,54,15.807,54.669,38,569,1170
2026-06-02,101,10,678,499,54,15.807,54.669,38,569,1170
2026-06-09,101,10,726,393,21,15.807,54.669,38,569,1170
2026-06-16,101,10,715,497,50,15.807,54.669,38,569,1170
2026-06-23,101,10,893,191,47,15.807,54.669,38,569,1170
2026-06-30,101,10,675,420,43,15.807,54.669,38,569,1170
2026-04-07,102,1,1172,826,32,12.922,51.708,46,601,1196
2026-04-14,102,1,1220,981,52,12.922,51.708,46,601,1196
2026-04-21,102,1,1586,579,13,12.922,51.708,46,601,1196
2026-04-28,102,1,1488,718,31,12.922,51.708,46,601,1196
2026-05-05,102,1,1889,425,50,12.922,51.708,46,601,1196
2026-05-12,102,1,1821,425,50,12.922,51.708,46,601,1196
2026-05-19,102,1,1361,986,47,12.922,51.708,46,601,1196
2026-05-26,102,1,1308,568,14,12.922,51.708,46,601,1196
2026-06-02,102,1,1316,837,42,12.922,51.708,46,601,1196
2026-06-09,102,1,1841,638,45,12.922,51.708,46,601,1196
2026-06-16,102,1,1641,317,17,12.922,51.708,46,601,1196
2026-06-23,102,1,1774,428,14,12.922,51.708,46,601,1196
2026-06-30,102,1,1498,494,15,12.922,51.708,46,601,1196
2026-04-07,102,5,273,197,2,1.266,35.763,46,399,458
2026-04-14,102,5,289,131,5,1.266,35.763,46,399,458
2026-04-21,102,5,371,79,4,1.266,35.763,46,399,458
2026-04-28,102,5,225,87,1,1.266,35.763,46,399,458
2026-05-05,102,5,294,89,2,1.266,35.763,46,399,458
2026-05-12,102,5,333,126,4,1.266,35.763,46,399,458
2026-05-19,102,5,360,100,5,1.266,35.763,46,399,458
2026-05-26,102,5,323,132,3,1.266,35.763,46,399,458
2026-06-02,102,5,222,158,1,1.266,35.763,46,399,458
2026-06-09,102,5,249,124,4,1.266,35.763,46,399,458
2026-06-16,102,5,260,124,2,1.266,35.763,46,399,458
2026-06-23,102,5,206,112,2,1.266,35.763,46,399,458
2026-06-30,102,5,207,160,3,1.266,35.763,46,399,458
2026-04-07,103,2,372,171,4,1.163,40.18,37,402,445
2026-04-14,103,2,390,185,3,1.163,40.18,37,402,445
2026-04-21,103,2,519,109,1,1.163,40.18,37,402,445
2026-04-28,103,2,422,146,4,1.163,40.18,37,402,445
2026-05-05,103,2,367,220,2,1.163,40.18,37,402,445
2026-05-12,103,2,473,131,3,1.163,40.18,37,402,445
2026-05-19,103,2,340,266,4,1.163,40.18,37,402,445
2026-05-26,103,2,535,127,1,1.163,40.18,37,402,445
2026-06-02,103,2,372,159,3,1.163,40.18,37,402,445
2026-06-09,103,2,346,190,4,1.163,40.18,37,402,445
2026-06-16,103,2,443,200,4,1.163,40.18,37,402,445
2026-06-23,103,2,307,145,4,1.163,40.18,37,402,445
2026-06-30,103,2,389,202,2,1.163,40.18,37,402,445
2026-04-07,103,8,399,196,35,16.778,66.436,37,679,1300
2026-04-14,103,8,311,189,44,16.778,66.436,37,679,1300
2026-04-21,103,8,517,115,47,16.778,66.436,37,679,1300
2026-04-28,103,8,474,135,21,16.778,66.436,37,679,1300
2026-05-05,103,8,515,122,29,16.778,66.436,37,679,1300
2026-05-12,103,8,442,139,39,16.778,66.436,37,679,1300
2026-05-19,103,8,439,262,17,16.778,66.436,37,679,1300
2026-05-26,103,8,420,96,45,16.778,66.436,37,679,1300
2026-06-02,103,8,466,95,58,16.778,66.436,37,679,1300
2026-06-09,103,8,495,127,59,16.778,66.436,37,679,1300
2026-06-16,103,8,456,116,28,16.778,66.436,37,679,1300
2026-06-23,103,8,478,141,42,16.778,66.436,37,679,1300
2026-06-30,103,8,500,105,28,16.778,66.436,37,679,1300
2026-04-07,103,10,493,159,4,1.416,47.218,37,473,525
2026-04-14,103,10,465,134,4,1.416,47.218,37,473,525
2026-04-21,103,10,652,140,1,1.416,47.218,37,473,525
2026-04-28,103,10,513,155,2,1.416,47.218,37,473,525
2026-05-05,103,10,483,260,3,1.416,47.218,37,473,525
2026-05-12,103,10,385,275,5,1.416,47.218,37,473,525
2026-05-19,103,10,615,112,5,1.416,47.218,37,473,525
2026-05-26,103,10,467,313,5,1.416,47.218,37,473,525
2026-06-02,103,10,407,311,2,1.416,47.218,37,473,525
2026-06-09,103,10,587,121,3,1.416,47.218,37,473,525
2026-06-16,103,10,421,254,5,1.416,47.218,37,473,525
2026-06-23,103,10,383,310,2,1.416,47.218,37,473,525
2026-06-30,103,10,573,148,3,1.416,47.218,37,473,525
2026-04-07,104,2,382,284,8,2.907,43.644,35,426,527
2026-04-14,104,2,439,301,6,2.907,43.644,35,426,527
2026-04-21,104,2,430,337,3,2.907,43.644,35,426,527
2026-04-28,104,2,455,123,9,2.907,43.644,35,426,527
2026-05-05,104,2,483,248,7,2.907,43.644,35,426,527
2026-05-12,104,2,426,206,10,2.907,43.644,35,426,527
2026-05-19,104,2,444,360,6,2.907,43.644,35,426,527
2026-05-26,104,2,623,164,5,2.907,43.644,35,426,527
2026-06-02,104,2,608,171,4,2.907,43.644,35,426,527
2026-06-09,104,2,512,297,6,2.907,43.644,35,426,527
2026-06-16,104,2,614,189,4,2.907,43.644,35,426,527
2026-06-23,104,2,377,247,5,2.907,43.644,35,426,527
2026-06-30,104,2,555,189,9,2.907,43.644,35,426,527
2026-04-07,104,5,1097,376,5,1.442,74.624,35,726,777
2026-04-14,104,5,1180,403,6,1.442,74.624,35,726,777
2026-04-21,104,5,1222,254,5,1.442,74.624,35,726,777
2026-04-28,104,5,773,487,4,1.442,74.624,35,726,777
2026-05-05,104,5,930,269,5,1.442,74.624,35,726,777
2026-05-12,104,5,1339,248,2,1.442,74.624,35,726,777
2026-05-19,104,5,1156,349,6,1.442,74.624,35,726,777
2026-05-26,104,5,717,530,4,1.442,74.624,35,726,777
2026-06-02,104,5,1315,318,5,1.442,74.624,35,726,777
2026-06-09,104,5,1165,503,2,1.442,74.624,35,726,777
2026-06-16,104,5,1250,389,6,1.442,74.624,35,726,777
2026-06-23,104,5,934,575,1,1.442,74.624,35,726,777
2026-06-30,104,5,1290,246,4,1.442,74.624,35,726,777
2026-04-07,104,10,277,197,2,1.019,54.475,35,530,566
2026-04-14,104,10,438,216,2,1.019,54.475,35,530,566
2026-04-21,104,10,426,92,4,1.019,54.475,35,530,566
2026-04-28,104,10,366,197,2,1.019,54.475,35,530,566
2026-05-05,104,10,296,207,3,1.019,54.475,35,530,566
2026-05-12,104,10,296,200,1,1.019,54.475,35,530,566
2026-05-19,104,10,357,186,1,1.019,54.475,35,530,566
2026-05-26,104,10,425,91,1,1.019,54.475,35,530,566
2026-06-02,104,10,383,195,3,1.019,54.475,35,530,566
2026-06-09,104,10,298,209,1,1.019,54.475,35,530,566
2026-06-16,104,10,356,277,3,1.019,54.475,35,530,566
2026-06-23,104,10,355,183,3,1.019,54.475,35,530,566
2026-06-30,104,10,453,156,1,1.019,54.475,35,530,566
2026-04-07,105,1,374,196,2,2.077,78.721,17,534,569
2026-04-14,105,1,478,120,8,2.077,78.721,17,534,569
2026-04-21,105,1,422,176,8,2.077,78.721,17,534,569
2026-04-28,105,1,499,119,6,2.077,78.721,17,534,569
2026-05-05,105,1,415,183,3,2.077,78.721,17,534,569
2026-05-12,105,1,471,131,6,2.077,78.721,17,534,569
2026-05-19,105,1,385,313,4,2.077,78.721,17,534,569
2026-05-26,105,1,488,135,2,2.077,78.721,17,534,569
2026-06-02,105,1,413,169,8,2.077,78.721,17,534,569
2026-06-09,105,1,492,150,4,2.077,78.721,17,534,569
2026-06-16,105,1,393,303,5,2.077,78.721,17,534,569
2026-06-23,105,1,435,305,8,2.077,78.721,17,534,569
2026-06-30,105,1,504,155,7,2.077,78.721,17,534,569
2026-04-07,105,3,560,167,7,1.92,97.835,17,664,696
2026-04-14,105,3,439,209,3,1.92,97.835,17,664,696
2026-04-21,105,3,448,323,7,1.92,97.835,17,664,696
2026-04-28,105,3,620,201,8,1.92,97.835,17,664,696
2026-05-05,105,3,356,275,7,1.92,97.835,17,664,696
2026-05-12,105,3,556,206,7,1.92,97.835,17,664,696
2026-05-19,105,3,519,107,6,1.92,97.835,17,664,696
2026-05-26,105,3,645,184,6,1.92,97.835,17,664,696
2026-06-02,105,3,666,120,7,1.92,97.835,17,664,696
2026-06-09,105,3,563,289,3,1.92,97.835,17,664,696
2026-06-16,105,3,599,294,2,1.92,97.835,17,664,696
2026-06-23,105,3,550,178,5,1.92,97.835,17,664,696
2026-06-30,105,3,476,278,4,1.92,97.835,17,664,696
2026-04-07,105,4,467,152,10,3.044,91.363,17,620,672
2026-04-14,105,4,399,243,4,3.044,91.363,17,620,672
2026-04-21,105,4,448,303,4,3.044,91.363,17,620,672
2026-04-28,105,4,395,236,11,3.044,91.363,17,620,672
2026-05-05,105,4,417,306,9,3.044,91.363,17,620,672
2026-05-12,105,4,686,163,9,3.044,91.363,17,620,672
2026-05-19,105,4,544,105,8,3.044,91.363,17,620,672
2026-05-26,105,4,508,137,9,3.044,91.363,17,620,672
2026-06-02,105,4,565,191,9,3.044,91.363,17,620,672
2026-06-09,105,4,457,309,8,3.044,91.363,17,620,672
2026-06-16,105,4,611,195,8,3.044,91.363,17,620,672
2026-06-23,105,4,539,358,6,3.044,91.363,17,620,672
2026-06-30,105,4,725,137,7,3.044,91.363,17,620,672
2026-04-07,105,5,188,57,3,1.666,29.486,17,200,228
2026-04-14,105,5,128,78,4,1.666,29.486,17,200,228
2026-04-21,105,5,175,66,6,1.666,29.486,17,200,228
2026-04-28,105,5,124,90,2,1.666,29.486,17,200,228
2026-05-05,105,5,167,68,5,1.666,29.486,17,200,228
2026-05-12,105,5,121,78,2,1.666,29.486,17,200,228
2026-05-19,105,5,175,88,6,1.666,29.486,17,200,228
2026-05-26,105,5,208,58,5,1.666,29.486,17,200,228
2026-06-02,105,5,141,98,3,1.666,29.486,17,200,228
2026-06-09,105,5,235,74,6,1.666,29.486,17,200,228
2026-06-16,105,5,160,91,7,1.666,29.486,17,200,228
2026-06-23,105,5,160,61,4,1.666,29.486,17,200,228
2026-06-30,105,5,198,91,6,1.666,29.486,17,200,228
2026-04-07,105,7,210,94,4,0.926,36.239,17,246,262
2026-04-14,105,7,236,90,3,0.926,36.239,17,246,262
2026-04-21,105,7,315,97,3,0.926,36.239,17,246,262
2026-04-28,105,7,267,117,1,0.926,36.239,17,246,262
2026-05-05,105,7,344,89,4,0.926,36.239,17,246,262
2026-05-12,105,7,294,69,2,0.926,36.239,17,246,262
2026-05-19,105,7,310,136,2,0.926,36.239,17,246,262
2026-05-26,105,7,252,136,3,0.926,36.239,17,246,262
2026-06-02,105,7,227,146,1,0.926,36.239,17,246,262
2026-06-09,105,7,352,76,3,0.926,36.239,17,246,262
2026-06-16,105,7,251,172,3,0.926,36.239,17,246,262
2026-06-23,105,7,289,128,2,0.926,36.239,17,246,262
2026-06-30,105,7,290,153,2,0.926,36.239,17,246,262
2026-04-07,105,9,162,99,3,1.469,37.981,17,258,283
2026-04-14,105,9,170,66,2,1.469,37.981,17,258,283
2026-04-21,105,9,156,70,4,1.469,37.981,17,258,283
2026-04-28,105,9,197,74,5,1.469,37.981,17,258,283
2026-05-05,105,9,223,61,2,1.469,37.981,17,258,283
2026-05-12,105,9,180,82,3,1.469,37.981,17,258,283
2026-05-19,105,9,149,98,3,1.469,37.981,17,258,283
2026-05-26,105,9,183,80,2,1.469,37.981,17,258,283
2026-06-02,105,9,150,82,5,1.469,37.981,17,258,283
2026-06-09,105,9,152,82,3,1.469,37.981,17,258,283
2026-06-16,105,9,225,72,2,1.469,37.981,17,258,283
2026-06-23,105,9,232,50,4,1.469,37.981,17,258,283
2026-06-30,105,9,232,49,3,1.469,37.981,17,258,283
2026-04-07,105,10,210,54,5,1.895,40.121,17,272,304
2026-04-14,105,10,162,99,5,1.895,40.121,17,272,304
2026-04-21,105,10,205,60,5,1.895,40.121,17,272,304
2026-04-28,105,10,199,140,4,1.895,40.121,17,272,304
2026-05-05,105,10,192,154,7,1.895,40.121,17,272,304
2026-05-12,105,10,188,130,5,1.895,40.121,17,272,304
2026-05-19,105,10,213,132,7,1.895,40.121,17,272,304
2026-05-26,105,10,287,58,2,1.895,40.121,17,272,304
2026-06-02,105,10,199,150,6,1.895,40.121,17,272,304
2026-06-09,105,10,295,64,5,1.895,40.121,17,272,304
2026-06-16,105,10,184,82,2,1.895,40.121,17,272,304
2026-06-23,105,10,265,57,6,1.895,40.121,17,272,304
2026-06-30,105,10,275,63,4,1.895,40.121,17,272,304
2026-04-07,106,1,739,536,9,3.463,150.536,18,1051,1113
2026-04-14,106,1,941,469,5,3.463,150.536,18,1051,1113
2026-04-21,106,1,869,641,7,3.463,150.536,18,1051,1113
2026-04-28,106,1,1150,399,7,3.463,150.536,18,1051,1113
2026-05-05,106,1,1099,518,4,3.463,150.536,18,1051,1113
2026-05-12,106,1,966,620,11,3.463,150.536,18,1051,1113
2026-05-19,106,1,898,667,13,3.463,150.536,18,1051,1113
2026-05-26,106,1,1344,364,5,3.463,150.536,18,1051,1113
2026-06-02,106,1,1261,387,4,3.463,150.536,18,1051,1113
2026-06-09,106,1,1201,593,13,3.463,150.536,18,1051,1113
2026-06-16,106,1,1321,537,10,3.463,150.536,18,1051,1113
2026-06-23,106,1,951,593,8,3.463,150.536,18,1051,1113
2026-06-30,106,1,1491,319,8,3.463,150.536,18,1051,1113
2026-04-07,106,3,246,91,6,1.938,61.922,18,432,467
2026-04-14,106,3,272,145,2,1.938,61.922,18,432,467
2026-04-21,106,3,187,106,2,1.938,61.922,18,432,467
2026-04-28,106,3,333,118,5,1.938,61.922,18,432,467
2026-05-05,106,3,316,94,3,1.938,61.922,18,432,467
2026-05-12,106,3,249,154,4,1.938,61.922,18,432,467
2026-05-19,106,3,257,201,2,1.938,61.922,18,432,467
2026-05-26,106,3,322,167,4,1.938,61.922,18,432,467
2026-06-02,106,3,233,170,8,1.938,61.922,18,432,467
2026-06-09,106,3,340,148,6,1.938,61.922,18,432,467
2026-06-16,106,3,427,79,3,1.938,61.922,18,432,467
2026-06-23,106,3,241,180,4,1.938,61.922,18,432,467
2026-06-30,106,3,356,72,4,1.938,61.922,18,432,467
2026-04-07,106,4,281,69,8,3.478,60.667,18,424,486
2026-04-14,106,4,298,140,11,3.478,60.667,18,424,486
2026-04-21,106,4,314,96,14,3.478,60.667,18,424,486
2026-04-28,106,4,373,100,13,3.478,60.667,18,424,486
2026-05-05,106,4,342,126,14,3.478,60.667,18,424,486
2026-05-12,106,4,220,159,11,3.478,60.667,18,424,486
2026-05-19,106,4,230,171,5,3.478,60.667,18,424,486
2026-05-26,106,4,289,192,9,3.478,60.667,18,424,486
2026-06-02,106,4,229,109,8,3.478,60.667,18,424,486
2026-06-09,106,4,383,99,9,3.478,60.667,18,424,486
2026-06-16,106,4,274,160,12,3.478,60.667,18,424,486
2026-06-23,106,4,345,182,12,3.478,60.667,18,424,486
2026-06-30,106,4,317,117,5,3.478,60.667,18,424,486
2026-04-07,106,5,667,248,3,2.687,139.34,18,973,1021
2026-04-14,106,5,675,137,9,2.687,139.34,18,973,1021
2026-04-21,106,5,783,215,8,2.687,139.34,18,973,1021
2026-04-28,106,5,510,353,8,2.687,139.34,18,973,1021
2026-05-05,106,5,767,209,8,2.687,139.34,18,973,1021
2026-05-12,106,5,612,393,9,2.687,139.34,18,973,1021
2026-05-19,106,5,585,316,9,2.687,139.34,18,973,1021
2026-05-26,106,5,666,286,10,2.687,139.34,18,973,1021
2026-06-02,106,5,718,190,6,2.687,139.34,18,973,1021
2026-06-09,106,5,752,268,4,2.687,139.34,18,973,1021
2026-06-16,106,5,506,304,5,2.687,139.34,18,973,1021
2026-06-23,106,5,660,202,7,2.687,139.34,18,973,1021
2026-06-30,106,5,665,238,8,2.687,139.34,18,973,1021
2026-04-07,106,7,343,264,5,2.16,66.269,18,463,501
2026-04-14,106,7,348,196,7,2.16,66.269,18,463,501
2026-04-21,106,7,549,158,7,2.16,66.269,18,463,501
2026-04-28,106,7,568,112,6,2.16,66.269,18,463,501
2026-05-05,106,7,628,193,5,2.16,66.269,18,463,501
2026-05-12,106,7,712,150,8,2.16,66.269,18,463,501
2026-05-19,106,7,444,213,8,2.16,66.269,18,463,501
2026-05-26,106,7,653,214,4,2.16,66.269,18,463,501
2026-06-02,106,7,392,264,8,2.16,66.269,18,463,501
2026-06-09,106,7,541,205,5,2.16,66.269,18,463,501
2026-06-16,106,7,580,114,7,2.16,66.269,18,463,501
2026-06-23,106,7,685,197,5,2.16,66.269,18,463,501
2026-06-30,106,7,571,161,7,2.16,66.269,18,463,501
2026-04-07,106,9,416,156,9,2.971,50.848,18,355,409
2026-04-14,106,9,475,86,10,2.971,50.848,18,355,409
2026-04-21,106,9,430,196,8,2.971,50.848,18,355,409
2026-04-28,106,9,422,117,4,2.971,50.848,18,355,409
2026-05-05,106,9,471,137,11,2.971,50.848,18,355,409
2026-05-12,106,9,461,129,10,2.971,50.848,18,355,409
2026-05-19,106,9,333,165,9,2.971,50.848,18,355,409
2026-05-26,106,9,492,149,10,2.971,50.848,18,355,409
2026-06-02,106,9,399,198,5,2.971,50.848,18,355,409
2026-06-09,106,9,320,249,8,2.971,50.848,18,355,409
2026-06-16,106,9,464,155,5,2.971,50.848,18,355,409
2026-06-23,106,9,377,255,5,2.971,50.848,18,355,409
2026-06-30,106,9,538,140,11,2.971,50.848,18,355,409
2026-04-07,106,10,269,60,3,1.936,26.197,18,183,218
2026-04-14,106,10,233,81,6,1.936,26.197,18,183,218
2026-04-21,106,10,147,96,7,1.936,26.197,18,183,218
2026-04-28,106,10,170,112,3,1.936,26.197,18,183,218
2026-05-05,106,10,218,54,7,1.936,26.197,18,183,218
2026-05-12,106,10,203,141,2,1.936,26.197,18,183,218
2026-05-19,106,10,185,66,7,1.936,26.197,18,183,218
2026-05-26,106,10,252,86,2,1.936,26.197,18,183,218
2026-06-02,106,10,233,86,7,1.936,26.197,18,183,218
2026-06-09,106,10,249,98,8,1.936,26.197,18,183,218
2026-06-16,106,10,267,66,6,1.936,26.197,18,183,218
2026-06-23,106,10,245,103,3,1.936,26.197,18,183,218
2026-06-30,106,10,308,57,5,1.936,26.197,18,183,218
2026-04-07,107,1,1827,795,24,19.111,75.768,31,712,1304
2026-04-14,107,1,1839,437,66,19.111,75.768,31,712,1304
2026-04-21,107,1,1350,988,71,19.111,75.768,31,712,1304
2026-04-28,107,1,1992,764,65,19.111,75.768,31,712,1304
2026-05-05,107,1,1949,513,64,19.111,75.768,31,712,1304
2026-05-12,107,1,1757,774,54,19.111,75.768,31,712,1304
2026-05-19,107,1,1734,631,40,19.111,75.768,31,712,1304
2026-05-26,107,1,1856,1127,34,19.111,75.768,31,712,1304
2026-06-02,107,1,1826,845,53,19.111,75.768,31,712,1304
2026-06-09,107,1,2434,457,60,19.111,75.768,31,712,1304
2026-06-16,107,1,1358,774,52,19.111,75.768,31,712,1304
2026-06-23,107,1,1467,930,38,19.111,75.768,31,712,1304
2026-06-30,107,1,1815,814,60,19.111,75.768,31,712,1304
2026-04-07,107,6,602,468,42,16.028,54.392,31,515,1012
2026-04-14,107,6,680,218,54,16.028,54.392,31,515,1012
2026-04-21,107,6,730,365,47,16.028,54.392,31,515,1012
2026-04-28,107,6,792,389,32,16.028,54.392,31,515,1012
2026-05-05,107,6,831,315,25,16.028,54.392,31,515,1012
2026-05-12,107,6,594,408,43,16.028,54.392,31,515,1012
2026-05-19,107,6,665,314,39,16.028,54.392,31,515,1012
2026-05-26,107,6,764,246,29,16.028,54.392,31,515,1012
2026-06-02,107,6,855,229,46,16.028,54.392,31,515,1012
2026-06-09,107,6,855,170,48,16.028,54.392,31,515,1012
2026-06-16,107,6,576,427,60,16.028,54.392,31,515,1012
2026-06-23,107,6,950,248,62,16.028,54.392,31,515,1012
2026-06-30,107,6,645,306,34,16.028,54.392,31,515,1012
2026-04-07,108,6,737,363,10,2.63,44.222,36,437,532
2026-04-14,108,6,900,181,10,2.63,44.222,36,437,532
2026-04-21,108,6,867,219,9,2.63,44.222,36,437,532
2026-04-28,108,6,695,260,10,2.63,44.222,36,437,532
2026-05-05,108,6,643,357,10,2.63,44.222,36,437,532
2026-05-12,108,6,676,388,5,2.63,44.222,36,437,532
2026-05-19,108,6,721,149,7,2.63,44.222,36,437,532
2026-05-26,108,6,721,167,3,2.63,44.222,36,437,532
2026-06-02,108,6,705,279,10,2.63,44.222,36,437,532
2026-06-09,108,6,556,305,6,2.63,44.222,36,437,532
2026-06-16,108,6,857,297,7,2.63,44.222,36,437,532
2026-06-23,108,6,779,205,5,2.63,44.222,36,437,532
2026-06-30,108,6,614,497,5,2.63,44.222,36,437,532
2026-04-07,108,7,1247,752,28,23.698,65.218,36,685,1538
2026-04-14,108,7,1582,860,78,23.698,65.218,36,685,1538
2026-04-21,108,7,1386,520,41,23.698,65.218,36,685,1538
2026-04-28,108,7,1507,544,65,23.698,65.218,36,685,1538
2026-05-05,108,7,1634,877,69,23.698,65.218,36,685,1538
2026-05-12,108,7,1235,570,67,23.698,65.218,36,685,1538
2026-05-19,108,7,1545,628,31,23.698,65.218,36,685,1538
2026-05-26,108,7,1202,707,85,23.698,65.218,36,685,1538
2026-06-02,108,7,1231,721,79,23.698,65.218,36,685,1538
2026-06-09,108,7,1148,653,79,23.698,65.218,36,685,1538
2026-06-16,108,7,1530,557,44,23.698,65.218,36,685,1538
2026-06-23,108,7,1283,745,83,23.698,65.218,36,685,1538
2026-06-30,108,7,1264,951,26,23.698,65.218,36,685,1538
2026-04-07,109,1,628,278,17,14.062,75.915,18,534,787
2026-04-14,109,1,808,259,31,14.062,75.915,18,534,787
2026-04-21,109,1,755,374,48,14.062,75.915,18,534,787
2026-04-28,109,1,786,350,54,14.062,75.915,18,534,787
2026-05-05,109,1,727,226,43,14.062,75.915,18,534,787
2026-05-12,109,1,876,209,52,14.062,75.915,18,534,787
2026-05-19,109,1,809,432,32,14.062,75.915,18,534,787
2026-05-26,109,1,584,441,34,14.062,75.915,18,534,787
2026-06-02,109,1,674,450,46,14.062,75.915,18,534,787
2026-06-09,109,1,816,633,33,14.062,75.915,18,534,787
2026-06-16,109,1,922,301,47,14.062,75.915,18,534,787
2026-06-23,109,1,862,211,22,14.062,75.915,18,534,787
2026-06-30,109,1,1055,210,52,14.062,75.915,18,534,787
2026-04-07,109,3,400,177,26,10.303,85.677,18,600,786
2026-04-14,109,3,464,323,20,10.303,85.677,18,600,786
2026-04-21,109,3,524,182,18,10.303,85.677,18,600,786
2026-04-28,109,3,677,132,36,10.303,85.677,18,600,786
2026-05-05,109,3,471,287,24,10.303,85.677,18,600,786
2026-05-12,109,3,691,255,20,10.303,85.677,18,600,786
2026-05-19,109,3,572,322,18,10.303,85.677,18,600,786
2026-05-26,109,3,539,318,33,10.303,85.677,18,600,786
2026-06-02,109,3,497,371,14,10.303,85.677,18,600,786
2026-06-09,109,3,661,207,24,10.303,85.677,18,600,786
2026-06-16,109,3,708,295,20,10.303,85.677,18,600,786
2026-06-23,109,3,518,341,26,10.303,85.677,18,600,786
2026-06-30,109,3,721,183,38,10.303,85.677,18,600,786
2026-04-07,109,4,242,175,34,20.663,68.627,18,490,862
2026-04-14,109,4,322,58,63,20.663,68.627,18,490,862
2026-04-21,109,4,276,76,39,20.663,68.627,18,490,862
2026-04-28,109,4,225,150,29,20.663,68.627,18,490,862
2026-05-05,109,4,240,167,76,20.663,68.627,18,490,862
2026-05-12,109,4,333,128,30,20.663,68.627,18,490,862
2026-05-19,109,4,317,128,28,20.663,68.627,18,490,862
2026-05-26,109,4,350,142,71,20.663,68.627,18,490,862
2026-06-02,109,4,301,162,64,20.663,68.627,18,490,862
2026-06-09,109,4,289,129,51,20.663,68.627,18,490,862
2026-06-16,109,4,251,200,80,20.663,68.627,18,490,862
2026-06-23,109,4,283,186,75,20.663,68.627,18,490,862
2026-06-30,109,4,310,148,32,20.663,68.627,18,490,862
2026-04-07,109,5,395,294,51,13.683,64.086,18,452,699
2026-04-14,109,5,635,125,14,13.683,64.086,18,452,699
2026-04-21,109,5,492,292,39,13.683,64.086,18,452,699
2026-04-28,109,5,482,298,24,13.683,64.086,18,452,699
2026-05-05,109,5,464,230,17,13.683,64.086,18,452,699
2026-05-12,109,5,671,218,26,13.683,64.086,18,452,699
2026-05-19,109,5,593,286,31,13.683,64.086,18,452,699
2026-05-26,109,5,598,170,35,13.683,64.086,18,452,699
2026-06-02,109,5,508,317,51,13.683,64.086,18,452,699
2026-06-09,109,5,580,233,33,13.683,64.086,18,452,699
2026-06-16,109,5,545,301,37,13.683,64.086,18,452,699
2026-06-23,109,5,737,135,27,13.683,64.086,18,452,699
2026-06-30,109,5,475,359,42,13.683,64.086,18,452,699
2026-04-07,109,7,527,375,46,13.353,50.298,18,357,598
2026-04-14,109,7,722,185,26,13.353,50.298,18,357,598
2026-04-21,109,7,890,334,38,13.353,50.298,18,357,598
2026-04-28,109,7,699,380,22,13.353,50.298,18,357,598
2026-05-05,109,7,1042,216,19,13.353,50.298,18,357,598
2026-05-12,109,7,715,533,40,13.353,50.298,18,357,598
2026-05-19,109,7,1105,342,14,13.353,50.298,18,357,598
2026-05-26,109,7,1107,254,25,13.353,50.298,18,357,598
2026-06-02,109,7,756,599,26,13.353,50.298,18,357,598
2026-06-09,109,7,1039,422,15,13.353,50.298,18,357,598
2026-06-16,109,7,777,564,44,13.353,50.298,18,357,598
2026-06-23,109,7,690,457,35,13.353,50.298,18,357,598
2026-06-30,109,7,1395,321,36,13.353,50.298,18,357,598
2026-04-07,109,9,628,342,13,7.901,49.608,18,348,491
2026-04-14,109,9,904,171,16,7.901,49.608,18,348,491
2026-04-21,109,9,783,168,12,7.901,49.608,18,348,491
2026-04-28,109,9,647,326,31,7.901,49.608,18,348,491
2026-05-05,109,9,695,214,19,7.901,49.608,18,348,491
2026-05-12,109,9,854,191,31,7.901,49.608,18,348,491
2026-05-19,109,9,545,378,13,7.901,49.608,18,348,491
2026-05-26,109,9,807,373,24,7.901,49.608,18,348,491
2026-06-02,109,9,848,161,20,7.901,49.608,18,348,491
2026-06-09,109,9,697,313,27,7.901,49.608,18,348,491
2026-06-16,109,9,682,508,11,7.901,49.608,18,348,491
2026-06-23,109,9,627,330,28,7.901,49.608,18,348,491
2026-06-30,109,9,830,201,19,7.901,49.608,18,348,491
2026-04-07,109,10,358,105,42,13.897,45.455,18,325,575
2026-04-14,109,10,271,184,42,13.897,45.455,18,325,575
2026-04-21,109,10,361,85,20,13.897,45.455,18,325,575
2026-04-28,109,10,278,165,31,13.897,45.455,18,325,575
2026-05-05,109,10,397,88,38,13.897,45.455,18,325,575
2026-05-12,109,10,327,142,14,13.897,45.455,18,325,575
2026-05-19,109,10,359,102,53,13.897,45.455,18,325,575
2026-05-26,109,10,280,209,48,13.897,45.455,18,325,575
2026-06-02,109,10,435,84,55,13.897,45.455,18,325,575
2026-06-09,109,10,387,229,53,13.897,45.455,18,325,575
2026-06-16,109,10,399,208,28,13.897,45.455,18,325,575
2026-06-23,109,10,462,119,29,13.897,45.455,18,325,575
2026-06-30,109,10,380,150,50,13.897,45.455,18,325,575
2026-04-07,110,2,812,443,59,18.972,67.842,31,641,1229
2026-04-14,110,2,930,200,46,18.972,67.842,31,641,1229
2026-04-21,110,2,1018,310,41,18.972,67.842,31,641,1229
2026-04-28,110,2,897,439,33,18.972,67.842,31,641,1229
2026-05-05,110,2,992,227,56,18.972,67.842,31,641,1229
2026-05-12,110,2,923,282,32,18.972,67.842,31,641,1229
2026-05-19,110,2,1205,257,44,18.972,67.842,31,641,1229
2026-05-26,110,2,1036,190,27,18.972,67.842,31,641,1229
2026-06-02,110,2,823,436,69,18.972,67.842,31,641,1229
2026-06-09,110,2,1075,308,65,18.972,67.842,31,641,1229
2026-06-16,110,2,1272,290,58,18.972,67.842,31,641,1229
2026-06-23,110,2,1021,335,69,18.972,67.842,31,641,1229
2026-06-30,110,2,662,405,56,18.972,67.842,31,641,1229
2026-04-07,110,6,2,0,0,0.069,0.0,31,1,3
2026-04-14,110,6,2,1,0,0.069,0.0,31,1,3
2026-04-21,110,6,1,1,0,0.069,0.0,31,1,3
2026-04-28,110,6,2,0,0,0.069,0.0,31,1,3
2026-05-05,110,6,1,1,0,0.069,0.0,31,1,3
2026-05-12,110,6,1,1,0,0.069,0.0,31,1,3
2026-05-19,110,6,1,1,0,0.069,0.0,31,1,3
2026-05-26,110,6,1,1,0,0.069,0.0,31,1,3
2026-06-02,110,6,1,1,0,0.069,0.0,31,1,3
2026-06-09,110,6,2,1,0,0.069,0.0,31,1,3
2026-06-16,110,6,2,0,0,0.069,0.0,31,1,3
2026-06-23,110,6,2,1,0,0.069,0.0,31,1,3
2026-06-30,110,6,1,1,0,0.069,0.0,31,1,3
2026-04-07,111,1,1590,410,55,13.664,64.383,45,733,1348
2026-04-14,111,1,1355,687,33,13.664,64.383,45,733,1348
2026-04-21,111,1,1101,474,29,13.664,64.383,45,733,1348
2026-04-28,111,1,1593,299,27,13.664,64.383,45,733,1348
2026-05-05,111,1,1157,468,48,13.664,64.383,45,733,1348
2026-05-12,111,1,1170,736,47,13.664,64.383,45,733,1348
2026-05-19,111,1,1336,347,46,13.664,64.383,45,733,1348
2026-05-26,111,1,1056,722,51,13.664,64.383,45,733,1348
2026-06-02,111,1,1019,464,47,13.664,64.383,45,733,1348
2026-06-09,111,1,972,702,34,13.664,64.383,45,733,1348
2026-06-16,111,1,1255,325,34,13.664,64.383,45,733,1348
2026-06-23,111,1,1238,473,29,13.664,64.383,45,733,1348
2026-06-30,111,1,842,669,50,13.664,64.383,45,733,1348
2026-04-07,111,6,414,145,5,1.602,27.527,45,304,377
2026-04-14,111,6,309,184,4,1.602,27.527,45,304,377
2026-04-21,111,6,324,192,5,1.602,27.527,45,304,377
2026-04-28,111,6,307,189,5,1.602,27.527,45,304,377
2026-05-05,111,6,241,183,4,1.602,27.527,45,304,377
2026-05-12,111,6,349,142,5,1.602,27.527,45,304,377
2026-05-19,111,6,390,130,5,1.602,27.527,45,304,377
2026-05-26,111,6,364,149,6,1.602,27.527,45,304,377
2026-06-02,111,6,364,100,3,1.602,27.527,45,304,377
2026-06-09,111,6,302,239,4,1.602,27.527,45,304,377
2026-06-16,111,6,339,186,4,1.602,27.527,45,304,377
2026-06-23,111,6,281,180,4,1.602,27.527,45,304,377
2026-06-30,111,6,385,69,5,1.602,27.527,45,304,377
2026-04-07,112,1,307,206,7,3.66,39.229,31,361,474
2026-04-14,112,1,351,109,4,3.66,39.229,31,361,474
2026-04-21,112,1,316,245,9,3.66,39.229,31,361,474
2026-04-28,112,1,256,207,4,3.66,39.229,31,361,474
2026-05-05,112,1,354,217,6,3.66,39.229,31,361,474
2026-05-12,112,1,419,87,11,3.66,39.229,31,361,474
2026-05-19,112,1,300,166,9,3.66,39.229,31,361,474
2026-05-26,112,1,298,151,15,3.66,39.229,31,361,474
2026-06-02,112,1,280,131,10,3.66,39.229,31,361,474
2026-06-09,112,1,367,142,12,3.66,39.229,31,361,474
2026-06-16,112,1,331,164,5,3.66,39.229,31,361,474
2026-06-23,112,1,284,184,6,3.66,39.229,31,361,474
2026-06-30,112,1,362,158,4,3.66,39.229,31,361,474
2026-04-07,112,4,281,224,2,1.098,55.271,31,506,540
2026-04-14,112,4,311,85,2,1.098,55.271,31,506,540
2026-04-21,112,4,367,90,4,1.098,55.271,31,506,540
2026-04-28,112,4,323,164,4,1.098,55.271,31,506,540
2026-05-05,112,4,288,64,3,1.098,55.271,31,506,540
2026-05-12,112,4,281,165,2,1.098,55.271,31,506,540
2026-05-19,112,4,263,168,2,1.098,55.271,31,506,540
2026-05-26,112,4,347,182,3,1.098,55.271,31,506,540
2026-06-02,112,4,240,192,2,1.098,55.271,31,506,540
2026-06-09,112,4,325,104,3,1.098,55.271,31,506,540
2026-06-16,112,4,359,65,4,1.098,55.271,31,506,540
2026-06-23,112,4,297,123,2,1.098,55.271,31,506,540
2026-06-30,112,4,381,70,2,1.098,55.271,31,506,540
2026-04-07,112,7,323,102,1,0.566,23.306,31,214,231
2026-04-14,112,7,307,184,2,0.566,23.306,31,214,231
2026-04-21,112,7,235,187,2,0.566,23.306,31,214,231
2026-04-28,112,7,409,83,1,0.566,23.306,31,214,231
2026-05-05,112,7,296,98,1,0.566,23.306,31,214,231
2026-05-12,112,7,367,79,1,0.566,23.306,31,214,231
2026-05-19,112,7,354,123,1,0.566,23.306,31,214,231
2026-05-26,112,7,412,127,1,0.566,23.306,31,214,231
2026-06-02,112,7,327,81,2,0.566,23.306,31,214,231
2026-06-09,112,7,390,74,2,0.566,23.306,31,214,231
2026-06-16,112,7,305,169,1,0.566,23.306,31,214,231
2026-06-23,112,7,403,190,1,0.566,23.306,31,214,231
2026-06-30,112,7,321,128,2,0.566,23.306,31,214,231
2026-04-07,113,2,324,100,20,8.36,47.134,10,246,330
2026-04-14,113,2,310,62,9,8.36,47.134,10,246,330
2026-04-21,113,2,292,139,12,8.36,47.134,10,246,330
2026-04-28,113,2,320,110,29,8.36,47.134,10,246,330
2026-05-05,113,2,314,194,24,8.36,47.134,10,246,330
2026-05-12,113,2,286,179,25,8.36,47.134,10,246,330
2026-05-19,113,2,369,129,22,8.36,47.134,10,246,330
2026-05-26,113,2,315,187,11,8.36,47.134,10,246,330
2026-06-02,113,2,290,234,26,8.36,47.134,10,246,330
2026-06-09,113,2,420,87,25,8.36,47.134,10,246,330
2026-06-16,113,2,463,159,23,8.36,47.134,10,246,330
2026-06-23,113,2,316,171,16,8.36,47.134,10,246,330
2026-06-30,113,2,383,149,21,8.36,47.134,10,246,330
2026-04-07,113,8,142,43,4,3.429,36.208,10,189,223
2026-04-14,113,8,148,42,11,3.429,36.208,10,189,223
2026-04-21,113,8,154,50,10,3.429,36.208,10,189,223
2026-04-28,113,8,159,69,13,3.429,36.208,10,189,223
2026-05-05,113,8,104,67,12,3.429,36.208,10,189,223
2026-05-12,113,8,119,70,10,3.429,36.208,10,189,223
2026-05-19,113,8,120,49,6,3.429,36.208,10,189,223
2026-05-26,113,8,171,32,7,3.429,36.208,10,189,223
2026-06-02,113,8,139,112,11,3.429,36.208,10,189,223
2026-06-09,113,8,168,62,10,3.429,36.208,10,189,223
2026-06-16,113,8,149,70,4,3.429,36.208,10,189,223
2026-06-23,113,8,188,42,8,3.429,36.208,10,189,223
2026-06-30,113,8,156,68,11,3.429,36.208,10,189,223
2026-04-07,114,2,1508,306,25,9.834,76.032,38,777,1151
2026-04-14,114,2,839,644,24,9.834,76.032,38,777,1151
2026-04-21,114,2,835,530,35,9.834,76.032,38,777,1151
2026-04-28,114,2,1022,598,18,9.834,76.032,38,777,1151
2026-05-05,114,2,884,300,13,9.834,76.032,38,777,1151
2026-05-12,114,2,1102,236,12,9.834,76.032,38,777,1151
2026-05-19,114,2,1340,280,17,9.834,76.032,38,777,1151
2026-05-26,114,2,878,522,34,9.834,76.032,38,777,1151
2026-06-02,114,2,1078,673,18,9.834,76.032,38,777,1151
2026-06-09,114,2,1051,546,28,9.834,76.032,38,777,1151
2026-06-16,114,2,871,661,14,9.834,76.032,38,777,1151
2026-06-23,114,2,926,520,16,9.834,76.032,38,777,1151
2026-06-30,114,2,1372,262,38,9.834,76.032,38,777,1151
2026-04-07,115,1,227,148,13,7.372,78.026,11,426,507
2026-04-14,115,1,301,141,25,7.372,78.026,11,426,507
2026-04-21,115,1,354,89,19,7.372,78.026,11,426,507
2026-04-28,115,1,404,75,14,7.372,78.026,11,426,507
2026-05-05,115,1,307,125,24,7.372,78.026,11,426,507
2026-05-12,115,1,248,174,13,7.372,78.026,11,426,507
2026-05-19,115,1,231,188,22,7.372,78.026,11,426,507
2026-05-26,115,1,335,131,27,7.372,78.026,11,426,507
2026-06-02,115,1,319,111,19,7.372,78.026,11,426,507
2026-06-09,115,1,409,98,29,7.372,78.026,11,426,507
2026-06-16,115,1,284,193,11,7.372,78.026,11,426,507
2026-06-23,115,1,298,162,9,7.372,78.026,11,426,507
2026-06-30,115,1,318,151,26,7.372,78.026,11,426,507
2026-04-07,115,3,365,77,8,4.861,57.241,11,313,366
2026-04-14,115,3,351,69,15,4.861,57.241,11,313,366
2026-04-21,115,3,292,66,16,4.861,57.241,11,313,366
2026-04-28,115,3,198,120,16,4.861,57.241,11,313,366
2026-05-05,115,3,248,166,18,4.861,57.241,11,313,366
2026-05-12,115,3,298,131,10,4.861,57.241,11,313,366
2026-05-19,115,3,279,222,14,4.861,57.241,11,313,366
2026-05-26,115,3,236,172,14,4.861,57.241,11,313,366
2026-06-02,115,3,326,133,6,4.861,57.241,11,313,366
2026-06-09,115,3,358,74,13,4.861,57.241,11,313,366
2026-06-16,115,3,383,110,16,4.861,57.241,11,313,366
2026-06-23,115,3,258,168,5,4.861,57.241,11,313,366
2026-06-30,115,3,247,137,12,4.861,57.241,11,313,366
2026-04-07,115,4,575,297,13,11.592,83.939,11,459,586
2026-04-14,115,4,620,129,36,11.592,83.939,11,459,586
2026-04-21,115,4,694,195,36,11.592,83.939,11,459,586
2026-04-28,115,4,650,132,37,11.592,83.939,11,459,586
2026-05-05,115,4,711,241,18,11.592,83.939,11,459,586
2026-05-12,115,4,505,378,32,11.592,83.939,11,459,586
2026-05-19,115,4,460,352,27,11.592,83.939,11,459,586
2026-05-26,115,4,797,175,20,11.592,83.939,11,459,586
2026-06-02,115,4,549,383,33,11.592,83.939,11,459,586
2026-06-09,115,4,817,159,26,11.592,83.939,11,459,586
2026-06-16,115,4,714,217,41,11.592,83.939,11,459,586
2026-06-23,115,4,637,235,23,11.592,83.939,11,459,586
2026-06-30,115,4,560,450,13,11.592,83.939,11,459,586
2026-04-07,115,5,188,124,6,5.568,46.842,11,256,317
2026-04-14,115,5,233,134,8,5.568,46.842,11,256,317
2026-04-21,115,5,224,85,21,5.568,46.842,11,256,317
2026-04-28,115,5,217,162,10,5.568,46.842,11,256,317
2026-05-05,115,5,280,73,16,5.568,46.842,11,256,317
2026-05-12,115,5,229,105,18,5.568,46.842,11,256,317
2026-05-19,115,5,279,57,19,5.568,46.842,11,256,317
2026-05-26,115,5,230,85,14,5.568,46.842,11,256,317
2026-06-02,115,5,187,133,12,5.568,46.842,11,256,317
2026-06-09,115,5,240,114,14,5.568,46.842,11,256,317
2026-06-16,115,5,177,145,6,5.568,46.842,11,256,317
2026-06-23,115,5,243,150,15,5.568,46.842,11,256,317
2026-06-30,115,5,301,91,12,5.568,46.842,11,256,317
2026-04-07,115,7,249,93,11,4.854,60.337,11,329,383
2026-04-14,115,7,235,135,6,4.854,60.337,11,329,383
2026-04-21,115,7,268,68,11,4.854,60.337,11,329,383
2026-04-28,115,7,330,62,6,4.854,60.337,11,329,383
2026-05-05,115,7,267,126,14,4.854,60.337,11,329,383
2026-05-12,115,7,364,94,13,4.854,60.337,11,329,383
2026-05-19,115,7,291,163,19,4.854,60.337,11,329,383
2026-05-26,115,7,293,115,6,4.854,60.337,11,329,383
2026-06-02,115,7,279,228,10,4.854,60.337,11,329,383
2026-06-09,115,7,399,77,10,4.854,60.337,11,329,383
2026-06-16,115,7,236,192,7,4.854,60.337,11,329,383
2026-06-23,115,7,259,156,6,4.854,60.337,11,329,383
2026-06-30,115,7,375,85,8,4.854,60.337,11,329,383
2026-04-07,115,9,742,195,16,6.124,65.612,11,358,426
2026-04-14,115,9,463,250,24,6.124,65.612,11,358,426
2026-04-21,115,9,469,380,11,6.124,65.612,11,358,426
2026-04-28,115,9,625,185,10,6.124,65.612,11,358,426
2026-05-05,115,9,662,257,20,6.124,65.612,11,358,426
2026-05-12,115,9,458,174,19,6.124,65.612,11,358,426
2026-05-19,115,9,680,298,22,6.124,65.612,11,358,426
2026-05-26,115,9,476,304,10,6.124,65.612,11,358,426
2026-06-02,115,9,515,392,13,6.124,65.612,11,358,426
2026-06-09,115,9,650,280,18,6.124,65.612,11,358,426
2026-06-16,115,9,536,293,13,6.124,65.612,11,358,426
2026-06-23,115,9,880,212,6,6.124,65.612,11,358,426
2026-06-30,115,9,694,253,21,6.124,65.612,11,358,426
2026-04-07,115,10,142,91,10,7.425,43.221,11,237,318
2026-04-14,115,10,178,57,28,7.425,43.221,11,237,318
2026-04-21,115,10,178,63,14,7.425,43.221,11,237,318
2026-04-28,115,10,190,104,12,7.425,43.221,11,237,318
2026-05-05,115,10,155,104,16,7.425,43.221,11,237,318
2026-05-12,115,10,184,101,9,7.425,43.221,11,237,318
2026-05-19,115,10,206,43,13,7.425,43.221,11,237,318
2026-05-26,115,10,167,87,24,7.425,43.221,11,237,318
2026-06-02,115,10,214,83,24,7.425,43.221,11,237,318
2026-06-09,115,10,219,85,28,7.425,43.221,11,237,318
2026-06-16,115,10,141,106,11,7.425,43.221,11,237,318
2026-06-23,115,10,237,78,29,7.425,43.221,11,237,318
2026-06-30,115,10,234,108,19,7.425,43.221,11,237,318
2026-04-07,116,2,299,92,58,14.581,50.441,31,477,929
2026-04-14,116,2,255,155,50,14.581,50.441,31,477,929
2026-04-21,116,2,284,126,23,14.581,50.441,31,477,929
2026-04-28,116,2,285,94,37,14.581,50.441,31,477,929
2026-05-05,116,2,295,141,27,14.581,50.441,31,477,929
2026-05-12,116,2,343,63,56,14.581,50.441,31,477,929
2026-05-19,116,2,255,46,38,14.581,50.441,31,477,929
2026-05-26,116,2,306,71,37,14.581,50.441,31,477,929
2026-06-02,116,2,282,142,53,14.581,50.441,31,477,929
2026-06-09,116,2,293,112,45,14.581,50.441,31,477,929
2026-06-16,116,2,292,124,36,14.581,50.441,31,477,929
2026-06-23,116,2,250,108,16,14.581,50.441,31,477,929
2026-06-30,116,2,300,105,33,14.581,50.441,31,477,929
2026-04-07,116,7,446,339,30,7.671,54.644,31,504,742
2026-04-14,116,7,496,336,12,7.671,54.644,31,504,742
2026-04-21,116,7,411,310,19,7.671,54.644,31,504,742
2026-04-28,116,7,502,159,18,7.671,54.644,31,504,742
2026-05-05,116,7,545,212,18,7.671,54.644,31,504,742
2026-05-12,116,7,745,201,20,7.671,54.644,31,504,742
2026-05-19,116,7,693,195,22,7.671,54.644,31,504,742
2026-05-26,116,7,678,152,29,7.671,54.644,31,504,742
2026-06-02,116,7,604,150,20,7.671,54.644,31,504,742
2026-06-09,116,7,471,378,24,7.671,54.644,31,504,742
2026-06-16,116,7,573,125,12,7.671,54.644,31,504,742
2026-06-23,116,7,540,274,13,7.671,54.644,31,504,742
2026-06-30,116,7,697,179,24,7.671,54.644,31,504,742
2026-04-07,117,4,618,355,23,23.03,55.574,30,535,1226
2026-04-14,117,4,766,355,42,23.03,55.574,30,535,1226
2026-04-21,117,4,815,516,24,23.03,55.574,30,535,1226
2026-04-28,117,4,871,453,74,23.03,55.574,30,535,1226
2026-05-05,117,4,654,468,64,23.03,55.574,30,535,1226
2026-05-12,117,4,683,522,45,23.03,55.574,30,535,1226
2026-05-19,117,4,1076,406,25,23.03,55.574,30,535,1226
2026-05-26,117,4,860,314,27,23.03,55.574,30,535,1226
2026-06-02,117,4,855,645,57,23.03,55.574,30,535,1226
2026-06-09,117,4,798,531,37,23.03,55.574,30,535,1226
2026-06-16,117,4,720,321,90,23.03,55.574,30,535,1226
2026-06-23,117,4,1078,492,59,23.03,55.574,30,535,1226
2026-06-30,117,4,906,171,27,23.03,55.574,30,535,1226
2026-04-07,117,6,611,261,7,2.58,41.192,30,372,449
2026-04-14,117,6,505,302,5,2.58,41.192,30,372,449
2026-04-21,117,6,475,305,6,2.58,41.192,30,372,449
2026-04-28,117,6,585,330,5,2.58,41.192,30,372,449
2026-05-05,117,6,484,357,8,2.58,41.192,30,372,449
2026-05-12,117,6,522,300,6,2.58,41.192,30,372,449
2026-05-19,117,6,748,280,6,2.58,41.192,30,372,449
2026-05-26,117,6,617,367,6,2.58,41.192,30,372,449
2026-06-02,117,6,644,348,7,2.58,41.192,30,372,449
2026-06-09,117,6,588,351,6,2.58,41.192,30,372,449
2026-06-16,117,6,731,269,10,2.58,41.192,30,372,449
2026-06-23,117,6,821,189,9,2.58,41.192,30,372,449
2026-06-30,117,6,574,341,4,2.58,41.192,30,372,449
2026-04-07,117,7,233,117,10,2.481,33.454,30,302,377
2026-04-14,117,7,280,124,9,2.481,33.454,30,302,377
2026-04-21,117,7,326,89,8,2.481,33.454,30,302,377
2026-04-28,117,7,307,56,9,2.481,33.454,30,302,377
2026-05-05,117,7,246,147,5,2.481,33.454,30,302,377
2026-05-12,117,7,305,63,7,2.481,33.454,30,302,377
2026-05-19,117,7,252,147,4,2.481,33.454,30,302,377
2026-05-26,117,7,254,150,9,2.481,33.454,30,302,377
2026-06-02,117,7,321,63,5,2.481,33.454,30,302,377
2026-06-09,117,7,202,153,10,2.481,33.454,30,302,377
2026-06-16,117,7,303,143,8,2.481,33.454,30,302,377
2026-06-23,117,7,356,112,9,2.481,33.454,30,302,377
2026-06-30,117,7,334,114,6,2.481,33.454,30,302,377
2026-04-07,118,1,499,141,33,15.409,75.592,17,518,780
2026-04-14,118,1,528,189,43,15.409,75.592,17,518,780
2026-04-21,118,1,614,331,35,15.409,75.592,17,518,780
2026-04-28,118,1,555,288,49,15.409,75.592,17,518,780
2026-05-05,118,1,612,194,47,15.409,75.592,17,518,780
2026-05-12,118,1,586,111,30,15.409,75.592,17,518,780
2026-05-19,118,1,574,139,32,15.409,75.592,17,518,780
2026-05-26,118,1,598,150,55,15.409,75.592,17,518,780
2026-06-02,118,1,732,158,28,15.409,75.592,17,518,780
2026-06-09,118,1,592,119,47,15.409,75.592,17,518,780
2026-06-16,118,1,428,343,37,15.409,75.592,17,518,780
2026-06-23,118,1,782,138,41,15.409,75.592,17,518,780
2026-06-30,118,1,815,181,57,15.409,75.592,17,518,780
2026-04-07,118,3,532,111,23,13.036,60.585,17,416,638
2026-04-14,118,3,484,103,42,13.036,60.585,17,416,638
2026-04-21,118,3,417,218,50,13.036,60.585,17,416,638
2026-04-28,118,3,535,145,27,13.036,60.585,17,416,638
2026-05-05,118,3,557,151,43,13.036,60.585,17,416,638
2026-05-12,118,3,451,306,21,13.036,60.585,17,416,638
2026-05-19,118,3,384,159,43,13.036,60.585,17,416,638
2026-05-26,118,3,427,204,43,13.036,60.585,17,416,638
2026-06-02,118,3,397,211,42,13.036,60.585,17,416,638
2026-06-09,118,3,615,203,43,13.036,60.585,17,416,638
2026-06-16,118,3,565,167,15,13.036,60.585,17,416,638
2026-06-23,118,3,538,292,19,13.036,60.585,17,416,638
2026-06-30,118,3,478,369,50,13.036,60.585,17,416,638
2026-04-07,118,4,613,134,65,28.067,77.32,17,542,1020
2026-04-14,118,4,720,181,28,28.067,77.32,17,542,1020
2026-04-21,118,4,516,158,70,28.067,77.32,17,542,1020
2026-04-28,118,4,522,328,111,28.067,77.32,17,542,1020
2026-05-05,118,4,549,311,88,28.067,77.32,17,542,1020
2026-05-12,118,4,558,381,41,28.067,77.32,17,542,1020
2026-05-19,118,4,653,228,53,28.067,77.32,17,542,1020
2026-05-26,118,4,557,440,44,28.067,77.32,17,542,1020
2026-06-02,118,4,642,189,95,28.067,77.32,17,542,1020
2026-06-09,118,4,534,397,98,28.067,77.32,17,542,1020
2026-06-16,118,4,674,185,52,28.067,77.32,17,542,1020
2026-06-23,118,4,780,167,38,28.067,77.32,17,542,1020
2026-06-30,118,4,777,297,87,28.067,77.32,17,542,1020
2026-04-07,118,5,757,481,35,16.363,59.532,17,412,690
2026-04-14,118,5,1080,317,24,16.363,59.532,17,412,690
2026-04-21,118,5,1302,301,38,16.363,59.532,17,412,690
2026-04-28,118,5,1138,278,39,16.363,59.532,17,412,690
2026-05-05,118,5,635,484,31,16.363,59.532,17,412,690
2026-05-12,118,5,1167,389,34,16.363,59.532,17,412,690
2026-05-19,118,5,814,498,51,16.363,59.532,17,412,690
2026-05-26,118,5,1232,296,63,16.363,59.532,17,412,690
2026-06-02,118,5,775,593,31,16.363,59.532,17,412,690
2026-06-09,118,5,1314,444,31,16.363,59.532,17,412,690
2026-06-16,118,5,1079,327,29,16.363,59.532,17,412,690
2026-06-23,118,5,933,468,34,16.363,59.532,17,412,690
2026-06-30,118,5,1071,659,59,16.363,59.532,17,412,690
2026-04-07,118,7,335,272,42,17.222,74.759,17,514,807
2026-04-14,118,7,442,227,57,17.222,74.759,17,514,807
2026-04-21,118,7,560,117,26,17.222,74.759,17,514,807
2026-04-28,118,7,678,160,66,17.222,74.759,17,514,807
2026-05-05,118,7,466,283,54,17.222,74.759,17,514,807
2026-05-12,118,7,594,186,40,17.222,74.759,17,514,807
2026-05-19,118,7,528,136,45,17.222,74.759,17,514,807
2026-05-26,118,7,492,211,49,17.222,74.759,17,514,807
2026-06-02,118,7,479,374,27,17.222,74.759,17,514,807
2026-06-09,118,7,508,292,42,17.222,74.759,17,514,807
2026-06-16,118,7,526,207,53,17.222,74.759,17,514,807
2026-06-23,118,7,569,228,64,17.222,74.759,17,514,807
2026-06-30,118,7,579,241,68,17.222,74.759,17,514,807
2026-04-07,118,9,240,46,65,16.193,61.816,17,427,702
2026-04-14,118,9,215,145,41,16.193,61.816,17,427,702
2026-04-21,118,9,298,71,35,16.193,61.816,17,427,702
2026-04-28,118,9,242,72,44,16.193,61.816,17,427,702
2026-05-05,118,9,210,154,42,16.193,61.816,17,427,702
2026-05-12,118,9,255,122,45,16.193,61.816,17,427,702
2026-05-19,118,9,299,63,25,16.193,61.816,17,427,702
2026-05-26,118,9,198,161,19,16.193,61.816,17,427,702
2026-06-02,118,9,185,137,63,16.193,61.816,17,427,702
2026-06-09,118,9,266,83,64,16.193,61.816,17,427,702
2026-06-16,118,9,299,74,35,16.193,61.816,17,427,702
2026-06-23,118,9,262,169,31,16.193,61.816,17,427,702
2026-06-30,118,9,294,68,45,16.193,61.816,17,427,702
2026-04-07,118,10,922,524,60,18.177,58.66,17,408,717
2026-04-14,118,10,760,382,19,18.177,58.66,17,408,717
2026-04-21,118,10,1098,492,26,18.177,58.66,17,408,717
2026-04-28,118,10,798,480,50,18.177,58.66,17,408,717
2026-05-05,118,10,1090,295,65,18.177,58.66,17,408,717
2026-05-12,118,10,819,426,72,18.177,58.66,17,408,717
2026-05-19,118,10,1030,413,59,18.177,58.66,17,408,717
2026-05-26,118,10,1046,696,39,18.177,58.66,17,408,717
2026-06-02,118,10,1119,413,47,18.177,58.66,17,408,717
2026-06-09,118,10,1193,305,46,18.177,58.66,17,408,717
2026-06-16,118,10,864,676,46,18.177,58.66,17,408,717
2026-06-23,118,10,859,629,67,18.177,58.66,17,408,717
2026-06-30,118,10,1086,562,48,18.177,58.66,17,408,717
2026-04-07,119,2,1333,895,109,43.418,74.725,41,932,2713
2026-04-14,119,2,1602,393,97,43.418,74.725,41,932,2713
2026-04-21,119,2,861,564,86,43.418,74.725,41,932,2713
2026-04-28,119,2,1410,594,148,43.418,74.725,41,932,2713
2026-05-05,119,2,1118,794,165,43.418,74.725,41,932,2713
2026-05-12,119,2,1897,339,128,43.418,74.725,41,932,2713
2026-05-19,119,2,1303,958,149,43.418,74.725,41,932,2713
2026-05-26,119,2,1196,930,76,43.418,74.725,41,932,2713
2026-06-02,119,2,1289,675,68,43.418,74.725,41,932,2713
2026-06-09,119,2,1169,800,65,43.418,74.725,41,932,2713
2026-06-16,119,2,1221,831,47,43.418,74.725,41,932,2713
2026-06-23,119,2,1777,384,46,43.418,74.725,41,932,2713
2026-06-30,119,2,1245,753,66,43.418,74.725,41,932,2713
2026-04-07,120,1,132,46,1,0.196,22.677,34,218,224
2026-04-14,120,1,96,68,0,0.196,22.677,34,218,224
2026-04-21,120,1,105,70,0,0.196,22.677,34,218,224
2026-04-28,120,1,150,42,1,0.196,22.677,34,218,224
2026-05-05,120,1,125,66,1,0.196,22.677,34,218,224
2026-05-12,120,1,144,28,1,0.196,22.677,34,218,224
2026-05-19,120,1,112,50,1,0.196,22.677,34,218,224
2026-05-26,120,1,95,59,0,0.196,22.677,34,218,224
2026-06-02,120,1,94,45,1,0.196,22.677,34,218,224
2026-06-09,120,1,151,41,1,0.196,22.677,34,218,224
2026-06-16,120,1,136,74,0,0.196,22.677,34,218,224
2026-06-23,120,1,128,48,1,0.196,22.677,34,218,224
2026-06-30,120,1,98,72,0,0.196,22.677,34,218,224
2026-04-07,120,2,468,135,15,5.034,46.5,34,449,620
2026-04-14,120,2,394,213,9,5.034,46.5,34,449,620
2026-04-21,120,2,339,272,11,5.034,46.5,34,449,620
2026-04-28,120,2,389,198,6,5.034,46.5,34,449,620
2026-05-05,120,2,516,137,11,5.034,46.5,34,449,620
2026-05-12,120,2,436,177,12,5.034,46.5,34,449,620
2026-05-19,120,2,365,277,11,5.034,46.5,34,449,620
2026-05-26,120,2,368,138,8,5.034,46.5,34,449,620
2026-06-02,120,2,348,185,15,5.034,46.5,34,449,620
2026-06-09,120,2,413,318,8,5.034,46.5,34,449,620
2026-06-16,120,2,422,209,7,5.034,46.5,34,449,620
2026-06-23,120,2,353,192,14,5.034,46.5,34,449,620
2026-06-30,120,2,479,194,6,5.034,46.5,34,449,620
2026-04-07,120,6,230,70,1,0.575,13.664,34,131,151
2026-04-14,120,6,129,102,1,0.575,13.664,34,131,151
2026-04-21,120,6,206,90,2,0.575,13.664,34,131,151
2026-04-28,120,6,185,113,2,0.575,13.664,34,131,151
2026-05-05,120,6,189,140,1,0.575,13.664,34,131,151
2026-05-12,120,6,250,57,1,0.575,13.664,34,131,151
2026-05-19,120,6,167,110,1,0.575,13.664,34,131,151
2026-05-26,120,6,245,52,1,0.575,13.664,34,131,151
2026-06-02,120,6,196,125,1,0.575,13.664,34,131,151
2026-06-09,120,6,158,109,1,0.575,13.664,34,131,151
2026-06-16,120,6,252,47,1,0.575,13.664,34,131,151
2026-06-23,120,6,214,49,2,0.575,13.664,34,131,151
2026-06-30,120,6,184,106,1,0.575,13.664,34,131,151
2026-04-07,121,4,425,102,5,2.14,54.903,40,572,657
2026-04-14,121,4,471,191,2,2.14,54.903,40,572,657
2026-04-21,121,4,409,84,6,2.14,54.903,40,572,657
2026-04-28,121,4,298,123,3,2.14,54.903,40,572,657
2026-05-05,121,4,260,141,6,2.14,54.903,40,572,657
2026-05-12,121,4,316,174,4,2.14,54.903,40,572,657
2026-05-19,121,4,312,221,8,2.14,54.903,40,572,657
2026-05-26,121,4,340,178,3,2.14,54.903,40,572,657
2026-06-02,121,4,363,136,7,2.14,54.903,40,572,657
2026-06-09,121,4,302,170,5,2.14,54.903,40,572,657
2026-06-16,121,4,305,115,6,2.14,54.903,40,572,657
2026-06-23,121,4,331,250,7,2.14,54.903,40,572,657
2026-06-30,121,4,323,248,3,2.14,54.903,40,572,657
2026-04-07,121,8,904,326,36,15.173,80.118,40,852,1459
2026-04-14,121,8,895,478,42,15.173,80.118,40,852,1459
2026-04-21,121,8,992,212,37,15.173,80.118,40,852,1459
2026-04-28,121,8,666,419,18,15.173,80.118,40,852,1459
2026-05-05,121,8,907,239,25,15.173,80.118,40,852,1459
2026-05-12,121,8,775,191,19,15.173,80.118,40,852,1459
2026-05-19,121,8,883,350,25,15.173,80.118,40,852,1459
2026-05-26,121,8,732,340,59,15.173,80.118,40,852,1459
2026-06-02,121,8,594,301,22,15.173,80.118,40,852,1459
2026-06-09,121,8,752,345,28,15.173,80.118,40,852,1459
2026-06-16,121,8,719,330,45,15.173,80.118,40,852,1459
2026-06-23,121,8,741,344,58,15.173,80.118,40,852,1459
2026-06-30,121,8,650,392,44,15.173,80.118,40,852,1459
2026-04-07,121,10,291,179,4,1.608,42.53,40,443,507
2026-04-14,121,10,325,59,4,1.608,42.53,40,443,507
2026-04-21,121,10,376,80,6,1.608,42.53,40,443,507
2026-04-28,121,10,290,130,2,1.608,42.53,40,443,507
2026-05-05,121,10,207,101,5,1.608,42.53,40,443,507
2026-05-12,121,10,288,77,3,1.608,42.53,40,443,507
2026-05-19,121,10,260,193,5,1.608,42.53,40,443,507
2026-05-26,121,10,226,162,4,1.608,42.53,40,443,507
2026-06-02,121,10,284,96,4,1.608,42.53,40,443,507
2026-06-09,121,10,312,97,5,1.608,42.53,40,443,507
2026-06-16,121,10,258,84,3,1.608,42.53,40,443,507
2026-06-23,121,10,262,103,6,1.608,42.53,40,443,507
2026-06-30,121,10,401,95,4,1.608,42.53,40,443,507
2026-04-07,122,2,1575,1153,84,65.569,81.687,39,998,3555
2026-04-14,122,2,2305,610,150,65.569,81.687,39,998,3555
2026-04-21,122,2,1346,796,83,65.569,81.687,39,998,3555
2026-04-28,122,2,2264,526,226,65.569,81.687,39,998,3555
2026-05-05,122,2,1917,1101,124,65.569,81.687,39,998,3555
2026-05-12,122,2,2043,1364,98,65.569,81.687,39,998,3555
2026-05-19,122,2,2255,424,208,65.569,81.687,39,998,3555
2026-05-26,122,2,2140,487,102,65.569,81.687,39,998,3555
2026-06-02,122,2,1982,660,213,65.569,81.687,39,998,3555
2026-06-09,122,2,2187,815,76,65.569,81.687,39,998,3555
2026-06-16,122,2,2368,465,212,65.569,81.687,39,998,3555
2026-06-23,122,2,1687,1225,164,65.569,81.687,39,998,3555
2026-06-30,122,2,1712,767,220,65.569,81.687,39,998,3555
2026-04-07,122,6,791,367,19,6.928,57.163,39,590,860
2026-04-14,122,6,800,438,8,6.928,57.163,39,590,860
2026-04-21,122,6,900,443,25,6.928,57.163,39,590,860
2026-04-28,122,6,874,169,27,6.928,57.163,39,590,860
2026-05-05,122,6,813,196,26,6.928,57.163,39,590,860
2026-05-12,122,6,858,658,26,6.928,57.163,39,590,860
2026-05-19,122,6,721,410,18,6.928,57.163,39,590,860
2026-05-26,122,6,1109,228,17,6.928,57.163,39,590,860
2026-06-02,122,6,711,391,15,6.928,57.163,39,590,860
2026-06-09,122,6,803,421,25,6.928,57.163,39,590,860
2026-06-16,122,6,844,402,20,6.928,57.163,39,590,860
2026-06-23,122,6,914,253,13,6.928,57.163,39,590,860
2026-06-30,122,6,639,492,23,6.928,57.163,39,590,860
2026-04-07,123,1,154,78,6,2.038,43.241,41,456,540
2026-04-14,123,1,178,55,8,2.038,43.241,41,456,540
2026-04-21,123,1,165,46,2,2.038,43.241,41,456,540
2026-04-28,123,1,175,45,4,2.038,43.241,41,456,540
2026-05-05,123,1,194,46,8,2.038,43.241,41,456,540
2026-05-12,123,1,186,49,2,2.038,43.241,41,456,540
2026-05-19,123,1,131,89,8,2.038,43.241,41,456,540
2026-05-26,123,1,194,37,6,2.038,43.241,41,456,540
2026-06-02,123,1,170,67,5,2.038,43.241,41,456,540
2026-06-09,123,1,145,63,5,2.038,43.241,41,456,540
2026-06-16,123,1,159,41,5,2.038,43.241,41,456,540
2026-06-23,123,1,143,84,7,2.038,43.241,41,456,540
2026-06-30,123,1,143,46,2,2.038,43.241,41,456,540
2026-04-07,123,10,1141,517,44,13.003,105.801,41,1124,1658
2026-04-14,123,10,1377,376,29,13.003,105.801,41,1124,1658
2026-04-21,123,10,1015,503,26,13.003,105.801,41,1124,1658
2026-04-28,123,10,1028,432,39,13.003,105.801,41,1124,1658
2026-05-05,123,10,898,576,18,13.003,105.801,41,1124,1658
2026-05-12,123,10,883,695,44,13.003,105.801,41,1124,1658
2026-05-19,123,10,1267,225,46,13.003,105.801,41,1124,1658
2026-05-26,123,10,998,406,21,13.003,105.801,41,1124,1658
2026-06-02,123,10,1130,517,37,13.003,105.801,41,1124,1658
2026-06-09,123,10,1242,409,39,13.003,105.801,41,1124,1658
2026-06-16,123,10,1042,387,44,13.003,105.801,41,1124,1658
2026-06-23,123,10,1266,410,49,13.003,105.801,41,1124,1658
2026-06-30,123,10,1100,311,21,13.003,105.801,41,1124,1658
2026-04-07,124,5,734,538,64,47.894,90.289,36,1009,2733
2026-04-14,124,5,725,448,67,47.894,90.289,36,1009,2733
2026-04-21,124,5,841,587,85,47.894,90.289,36,1009,2733
2026-04-28,124,5,921,245,131,47.894,90.289,36,1009,2733
2026-05-05,124,5,921,333,155,47.894,90.289,36,1009,2733
2026-05-12,124,5,1029,241,182,47.894,90.289,36,1009,2733
2026-05-19,124,5,1025,261,79,47.894,90.289,36,1009,2733
2026-05-26,124,5,867,214,166,47.894,90.289,36,1009,2733
2026-06-02,124,5,885,299,156,47.894,90.289,36,1009,2733
2026-06-09,124,5,895,473,114,47.894,90.289,36,1009,2733
2026-06-16,124,5,835,441,125,47.894,90.289,36,1009,2733
2026-06-23,124,5,838,413,143,47.894,90.289,36,1009,2733
2026-06-30,124,5,809,195,110,47.894,90.289,36,1009,2733
2026-04-07,124,7,1137,698,22,10.768,46.773,36,474,861
2026-04-14,124,7,1449,377,31,10.768,46.773,36,474,861
2026-04-21,124,7,1250,403,35,10.768,46.773,36,474,861
2026-04-28,124,7,1008,791,31,10.768,46.773,36,474,861
2026-05-05,124,7,1204,674,12,10.768,46.773,36,474,861
2026-05-12,124,7,1551,300,32,10.768,46.773,36,474,861
2026-05-19,124,7,1131,682,31,10.768,46.773,36,474,861
2026-05-26,124,7,1203,460,22,10.768,46.773,36,474,861
2026-06-02,124,7,805,520,37,10.768,46.773,36,474,861
2026-06-09,124,7,1296,478,12,10.768,46.773,36,474,861
2026-06-16,124,7,836,626,31,10.768,46.773,36,474,861
2026-06-23,124,7,1535,345,32,10.768,46.773,36,474,861
2026-06-30,124,7,1348,397,42,10.768,46.773,36,474,861
2026-04-07,124,10,338,204,11,4.032,35.196,36,350,495
2026-04-14,124,10,458,90,13,4.032,35.196,36,350,495
2026-04-21,124,10,361,131,8,4.032,35.196,36,350,495
2026-04-28,124,10,427,86,5,4.032,35.196,36,350,495
2026-05-05,124,10,440,122,12,4.032,35.196,36,350,495
2026-05-12,124,10,339,197,6,4.032,35.196,36,350,495
2026-05-19,124,10,325,123,10,4.032,35.196,36,350,495
2026-05-26,124,10,306,83,13,4.032,35.196,36,350,495
2026-06-02,124,10,354,203,12,4.032,35.196,36,350,495
2026-06-09,124,10,318,164,9,4.032,35.196,36,350,495
2026-06-16,124,10,335,119,12,4.032,35.196,36,350,495
2026-06-23,124,10,326,195,13,4.032,35.196,36,350,495
2026-06-30,124,10,325,143,15,4.032,35.196,36,350,495
2026-04-07,125,4,278,151,8,3.663,63.786,11,348,388
2026-04-14,125,4,291,89,12,3.663,63.786,11,348,388
2026-04-21,125,4,265,104,4,3.663,63.786,11,348,388
2026-04-28,125,4,254,130,5,3.663,63.786,11,348,388
2026-05-05,125,4,241,107,13,3.663,63.786,11,348,388
2026-05-12,125,4,271,136,12,3.663,63.786,11,348,388
2026-05-19,125,4,269,156,9,3.663,63.786,11,348,388
2026-05-26,125,4,366,90,7,3.663,63.786,11,348,388
2026-06-02,125,4,387,92,9,3.663,63.786,11,348,388
2026-06-09,125,4,289,107,12,3.663,63.786,11,348,388
2026-06-16,125,4,309,242,11,3.663,63.786,11,348,388
2026-06-23,125,4,309,148,6,3.663,63.786,11,348,388
2026-06-30,125,4,296,165,12,3.663,63.786,11,348,388
2026-04-07,125,5,132,94,25,6.462,44.492,11,243,314
2026-04-14,125,5,182,93,23,6.462,44.492,11,243,314
2026-04-21,125,5,204,88,21,6.462,44.492,11,243,314
2026-04-28,125,5,144,82,7,6.462,44.492,11,243,314
2026-05-05,125,5,141,89,11,6.462,44.492,11,243,314
2026-05-12,125,5,194,46,15,6.462,44.492,11,243,314
2026-05-19,125,5,190,89,12,6.462,44.492,11,243,314
2026-05-26,125,5,232,53,13,6.462,44.492,11,243,314
2026-06-02,125,5,233,51,24,6.462,44.492,11,243,314
2026-06-09,125,5,199,97,10,6.462,44.492,11,243,314
2026-06-16,125,5,233,46,12,6.462,44.492,11,243,314
2026-06-23,125,5,192,89,23,6.462,44.492,11,243,314
2026-06-30,125,5,163,96,15,6.462,44.492,11,243,314
2026-04-07,125,8,40,30,5,2.542,25.953,11,142,170
2026-04-14,125,8,37,29,6,2.542,25.953,11,142,170
2026-04-21,125,8,45,25,7,2.542,25.953,11,142,170
2026-04-28,125,8,45,27,3,2.542,25.953,11,142,170
2026-05-05,125,8,48,39,7,2.542,25.953,11,142,170
2026-05-12,125,8,65,29,9,2.542,25.953,11,142,170
2026-05-19,125,8,59,21,8,2.542,25.953,11,142,170
2026-05-26,125,8,60,36,3,2.542,25.953,11,142,170
2026-06-02,125,8,63,27,6,2.542,25.953,11,142,170
2026-06-09,125,8,59,39,9,2.542,25.953,11,142,170
2026-06-16,125,8,72,29,5,2.542,25.953,11,142,170
2026-06-23,125,8,58,34,9,2.542,25.953,11,142,170
2026-06-30,125,8,75,18,3,2.542,25.953,11,142,170
2026-04-07,126,1,415,299,6,1.845,64.073,17,435,466
2026-04-14,126,1,576,313,6,1.845,64.073,17,435,466
2026-04-21,126,1,761,164,3,1.845,64.073,17,435,466
2026-04-28,126,1,601,467,6,1.845,64.073,17,435,466
2026-05-05,126,1,549,442,5,1.845,64.073,17,435,466
2026-05-12,126,1,955,169,7,1.845,64.073,17,435,466
2026-05-19,126,1,775,161,4,1.845,64.073,17,435,466
2026-05-26,126,1,627,357,6,1.845,64.073,17,435,466
2026-06-02,126,1,604,378,4,1.845,64.073,17,435,466
2026-06-09,126,1,512,403,7,1.845,64.073,17,435,466
2026-06-16,126,1,699,369,5,1.845,64.073,17,435,466
2026-06-23,126,1,686,321,5,1.845,64.073,17,435,466
2026-06-30,126,1,735,283,3,1.845,64.073,17,435,466
2026-04-07,126,3,663,427,4,3.289,69.79,17,474,530
2026-04-14,126,3,776,367,6,3.289,69.79,17,474,530
2026-04-21,126,3,537,126,11,3.289,69.79,17,474,530
2026-04-28,126,3,830,166,4,3.289,69.79,17,474,530
2026-05-05,126,3,705,383,10,3.289,69.79,17,474,530
2026-05-12,126,3,969,220,8,3.289,69.79,17,474,530
2026-05-19,126,3,622,432,8,3.289,69.79,17,474,530
2026-05-26,126,3,770,381,12,3.289,69.79,17,474,530
2026-06-02,126,3,797,469,11,3.289,69.79,17,474,530
2026-06-09,126,3,1094,248,11,3.289,69.79,17,474,530
2026-06-16,126,3,849,338,13,3.289,69.79,17,474,530
2026-06-23,126,3,835,392,11,3.289,69.79,17,474,530
2026-06-30,126,3,920,403,6,3.289,69.79,17,474,530
2026-04-07,126,4,571,455,9,4.193,65.148,17,442,514
2026-04-14,126,4,673,158,5,4.193,65.148,17,442,514
2026-04-21,126,4,896,332,7,4.193,65.148,17,442,514
2026-04-28,126,4,638,286,8,4.193,65.148,17,442,514
2026-05-05,126,4,482,280,14,4.193,65.148,17,442,514
2026-05-12,126,4,880,242,4,4.193,65.148,17,442,514
2026-05-19,126,4,948,179,9,4.193,65.148,17,442,514
2026-05-26,126,4,726,469,7,4.193,65.148,17,442,514
2026-06-02,126,4,729,403,12,4.193,65.148,17,442,514
2026-06-09,126,4,879,246,17,4.193,65.148,17,442,514
2026-06-16,126,4,690,168,9,4.193,65.148,17,442,514
2026-06-23,126,4,720,415,11,4.193,65.148,17,442,514
2026-06-30,126,4,1009,194,14,4.193,65.148,17,442,514
2026-04-07,126,5,75,28,5,1.652,34.725,17,236,264
2026-04-14,126,5,72,48,7,1.652,34.725,17,236,264
2026-04-21,126,5,110,37,2,1.652,34.725,17,236,264
2026-04-28,126,5,74,51,6,1.652,34.725,17,236,264
2026-05-05,126,5,90,26,5,1.652,34.725,17,236,264
2026-05-12,126,5,63,46,3,1.652,34.725,17,236,264
2026-05-19,126,5,121,22,3,1.652,34.725,17,236,264
2026-05-26,126,5,85,18,5,1.652,34.725,17,236,264
2026-06-02,126,5,100,28,4,1.652,34.725,17,236,264
2026-06-09,126,5,93,20,4,1.652,34.725,17,236,264
2026-06-16,126,5,133,24,3,1.652,34.725,17,236,264
2026-06-23,126,5,106,47,4,1.652,34.725,17,236,264
2026-06-30,126,5,101,37,3,1.652,34.725,17,236,264
2026-04-07,126,7,226,115,6,2.617,51.729,17,351,396
2026-04-14,126,7,173,92,10,2.617,51.729,17,351,396
2026-04-21,126,7,233,97,5,2.617,51.729,17,351,396
2026-04-28,126,7,249,44,9,2.617,51.729,17,351,396
2026-05-05,126,7,198,133,8,2.617,51.729,17,351,396
2026-05-12,126,7,234,123,7,2.617,51.729,17,351,396
2026-05-19,126,7,160,129,10,2.617,51.729,17,351,396
2026-05-26,126,7,185,130,7,2.617,51.729,17,351,396
2026-06-02,126,7,176,114,6,2.617,51.729,17,351,396
2026-06-09,126,7,283,55,10,2.617,51.729,17,351,396
2026-06-16,126,7,219,159,7,2.617,51.729,17,351,396
2026-06-23,126,7,215,71,7,2.617,51.729,17,351,396
2026-06-30,126,7,304,144,7,2.617,51.729,17,351,396
2026-04-07,126,9,310,209,6,1.773,91.149,17,618,648
2026-04-14,126,9,398,133,4,1.773,91.149,17,618,648
2026-04-21,126,9,274,189,6,1.773,91.149,17,618,648
2026-04-28,126,9,356,240,3,1.773,91.149,17,618,648
2026-05-05,126,9,484,93,4,1.773,91.149,17,618,648
2026-05-12,126,9,492,112,3,1.773,91.149,17,618,648
2026-05-19,126,9,499,124,5,1.773,91.149,17,618,648
2026-05-26,126,9,304,215,3,1.773,91.149,17,618,648
2026-06-02,126,9,396,152,7,1.773,91.149,17,618,648
2026-06-09,126,9,469,162,5,1.773,91.149,17,618,648
2026-06-16,126,9,360,283,3,1.773,91.149,17,618,648
2026-06-23,126,9,498,102,4,1.773,91.149,17,618,648
2026-06-30,126,9,385,276,5,1.773,91.149,17,618,648
2026-04-07,126,10,354,246,8,2.647,51.674,17,351,396
2026-04-14,126,10,323,252,8,2.647,51.674,17,351,396
2026-04-21,126,10,355,253,9,2.647,51.674,17,351,396
2026-04-28,126,10,442,111,3,2.647,51.674,17,351,396
2026-05-05,126,10,339,137,3,2.647,51.674,17,351,396
2026-05-12,126,10,457,109,3,2.647,51.674,17,351,396
2026-05-19,126,10,485,186,6,2.647,51.674,17,351,396
2026-05-26,126,10,448,222,8,2.647,51.674,17,351,396
2026-06-02,126,10,349,267,5,2.647,51.674,17,351,396
2026-06-09,126,10,317,259,10,2.647,51.674,17,351,396
2026-06-16,126,10,481,104,4,2.647,51.674,17,351,396
2026-06-23,126,10,401,138,5,2.647,51.674,17,351,396
2026-06-30,126,10,539,197,4,2.647,51.674,17,351,396
2026-04-07,127,1,282,192,5,3.936,111.971,16,737,800
2026-04-14,127,1,464,272,14,3.936,111.971,16,737,800
2026-04-21,127,1,395,219,6,3.936,111.971,16,737,800
2026-04-28,127,1,489,264,14,3.936,111.971,16,737,800
2026-05-05,127,1,435,94,9,3.936,111.971,16,737,800
2026-05-12,127,1,392,274,14,3.936,111.971,16,737,800
2026-05-19,127,1,516,136,13,3.936,111.971,16,737,800
2026-05-26,127,1,552,114,12,3.936,111.971,16,737,800
2026-06-02,127,1,419,166,9,3.936,111.971,16,737,800
2026-06-09,127,1,593,107,12,3.936,111.971,16,737,800
2026-06-16,127,1,662,172,10,3.936,111.971,16,737,800
2026-06-23,127,1,627,180,12,3.936,111.971,16,737,800
2026-06-30,127,1,522,310,14,3.936,111.971,16,737,800
2026-04-07,127,3,236,101,3,2.569,37.275,16,246,287
2026-04-14,127,3,262,87,6,2.569,37.275,16,246,287
2026-04-21,127,3,249,115,4,2.569,37.275,16,246,287
2026-04-28,127,3,315,126,7,2.569,37.275,16,246,287
2026-05-05,127,3,276,102,5,2.569,37.275,16,246,287
2026-05-12,127,3,251,154,4,2.569,37.275,16,246,287
2026-05-19,127,3,332,69,7,2.569,37.275,16,246,287
2026-05-26,127,3,300,79,10,2.569,37.275,16,246,287
2026-06-02,127,3,325,112,8,2.569,37.275,16,246,287
2026-06-09,127,3,368,75,7,2.569,37.275,16,246,287
2026-06-16,127,3,345,161,10,2.569,37.275,16,246,287
2026-06-23,127,3,316,156,9,2.569,37.275,16,246,287
2026-06-30,127,3,381,91,9,2.569,37.275,16,246,287
2026-04-07,127,4,199,81,12,5.631,36.929,16,245,335
2026-04-14,127,4,236,62,22,5.631,36.929,16,245,335
2026-04-21,127,4,153,83,14,5.631,36.929,16,245,335
2026-04-28,127,4,206,101,7,5.631,36.929,16,245,335
2026-05-05,127,4,162,132,7,5.631,36.929,16,245,335
2026-05-12,127,4,197,92,6,5.631,36.929,16,245,335
2026-05-19,127,4,163,113,8,5.631,36.929,16,245,335
2026-05-26,127,4,187,147,8,5.631,36.929,16,245,335
2026-06-02,127,4,234,57,20,5.631,36.929,16,245,335
2026-06-09,127,4,286,67,6,5.631,36.929,16,245,335
2026-06-16,127,4,230,127,10,5.631,36.929,16,245,335
2026-06-23,127,4,169,65,13,5.631,36.929,16,245,335
2026-06-30,127,4,273,70,18,5.631,36.929,16,245,335
2026-04-07,127,5,252,113,5,3.662,31.978,16,211,270
2026-04-14,127,5,306,88,4,3.662,31.978,16,211,270
2026-04-21,127,5,294,70,7,3.662,31.978,16,211,270
2026-04-28,127,5,237,165,10,3.662,31.978,16,211,270
2026-05-05,127,5,294,116,8,3.662,31.978,16,211,270
2026-05-12,127,5,285,73,14,3.662,31.978,16,211,270
2026-05-19,127,5,231,161,5,3.662,31.978,16,211,270
2026-05-26,127,5,235,179,13,3.662,31.978,16,211,270
2026-06-02,127,5,242,130,6,3.662,31.978,16,211,270
2026-06-09,127,5,280,112,10,3.662,31.978,16,211,270
2026-06-16,127,5,263,98,11,3.662,31.978,16,211,270
2026-06-23,127,5,312,101,6,3.662,31.978,16,211,270
2026-06-30,127,5,372,120,4,3.662,31.978,16,211,270
2026-04-07,127,7,241,179,19,5.34,51.351,16,339,424
2026-04-14,127,7,247,98,19,5.34,51.351,16,339,424
2026-04-21,127,7,339,84,10,5.34,51.351,16,339,424
2026-04-28,127,7,367,101,17,5.34,51.351,16,339,424
2026-05-05,127,7,295,169,21,5.34,51.351,16,339,424
2026-05-12,127,7,281,144,11,5.34,51.351,16,339,424
2026-05-19,127,7,339,267,19,5.34,51.351,16,339,424
2026-05-26,127,7,317,141,12,5.34,51.351,16,339,424
2026-06-02,127,7,277,194,14,5.34,51.351,16,339,424
2026-06-09,127,7,331,133,11,5.34,51.351,16,339,424
2026-06-16,127,7,318,150,18,5.34,51.351,16,339,424
2026-06-23,127,7,327,175,12,5.34,51.351,16,339,424
2026-06-30,127,7,334,183,18,5.34,51.351,16,339,424
2026-04-07,127,9,748,454,6,2.84,87.292,16,575,620
2026-04-14,127,9,738,559,6,2.84,87.292,16,575,620
2026-04-21,127,9,781,588,6,2.84,87.292,16,575,620
2026-04-28,127,9,978,328,6,2.84,87.292,16,575,620
2026-05-05,127,9,777,360,5,2.84,87.292,16,575,620
2026-05-12,127,9,988,223,8,2.84,87.292,16,575,620
2026-05-19,127,9,862,535,5,2.84,87.292,16,575,620
2026-05-26,127,9,1193,220,8,2.84,87.292,16,575,620
2026-06-02,127,9,1073,202,11,2.84,87.292,16,575,620
2026-06-09,127,9,797,409,3,2.84,87.292,16,575,620
2026-06-16,127,9,902,427,3,2.84,87.292,16,575,620
2026-06-23,127,9,1277,245,10,2.84,87.292,16,575,620
2026-06-30,127,9,1012,674,6,2.84,87.292,16,575,620
2026-04-07,127,10,175,134,12,3.219,35.055,16,231,283
2026-04-14,127,10,197,36,10,3.219,35.055,16,231,283
2026-04-21,127,10,139,97,6,3.219,35.055,16,231,283
2026-04-28,127,10,169,137,4,3.219,35.055,16,231,283
2026-05-05,127,10,272,51,5,3.219,35.055,16,231,283
2026-05-12,127,10,212,59,11,3.219,35.055,16,231,283
2026-05-19,127,10,219,66,6,3.219,35.055,16,231,283
2026-05-26,127,10,201,119,4,3.219,35.055,16,231,283
2026-06-02,127,10,207,51,6,3.219,35.055,16,231,283
2026-06-09,127,10,209,133,11,3.219,35.055,16,231,283
2026-06-16,127,10,229,62,12,3.219,35.055,16,231,283
2026-06-23,127,10,233,128,11,3.219,35.055,16,231,283
2026-06-30,127,10,259,54,5,3.219,35.055,16,231,283
2026-04-07,128,2,521,218,50,13.44,56.002,33,546,989
2026-04-14,128,2,475,336,53,13.44,56.002,33,546,989
2026-04-21,128,2,377,197,48,13.44,56.002,33,546,989
2026-04-28,128,2,479,280,33,13.44,56.002,33,546,989
2026-05-05,128,2,657,154,26,13.44,56.002,33,546,989
2026-05-12,128,2,462,194,48,13.44,56.002,33,546,989
2026-05-19,128,2,771,147,52,13.44,56.002,33,546,989
2026-05-26,128,2,526,369,30,13.44,56.002,33,546,989
2026-06-02,128,2,609,129,18,13.44,56.002,33,546,989
2026-06-09,128,2,554,133,28,13.44,56.002,33,546,989
2026-06-16,128,2,714,216,19,13.44,56.002,33,546,989
2026-06-23,128,2,379,288,36,13.44,56.002,33,546,989
2026-06-30,128,2,728,144,45,13.44,56.002,33,546,989
2026-04-07,128,4,598,314,32,8.973,61.221,33,585,881
2026-04-14,128,4,661,264,31,8.973,61.221,33,585,881
2026-04-21,128,4,472,352,34,8.973,61.221,33,585,881
2026-04-28,128,4,485,313,13,8.973,61.221,33,585,881
2026-05-05,128,4,656,271,33,8.973,61.221,33,585,881
2026-05-12,128,4,725,192,21,8.973,61.221,33,585,881
2026-05-19,128,4,685,222,25,8.973,61.221,33,585,881
2026-05-26,128,4,838,170,33,8.973,61.221,33,585,881
2026-06-02,128,4,751,156,34,8.973,61.221,33,585,881
2026-06-09,128,4,591,134,17,8.973,61.221,33,585,881
2026-06-16,128,4,599,396,31,8.973,61.221,33,585,881
2026-06-23,128,4,499,369,26,8.973,61.221,33,585,881
2026-06-30,128,4,453,332,16,8.973,61.221,33,585,881
2026-04-07,128,6,651,156,10,5.864,64.739,33,615,808
2026-04-14,128,6,817,214,18,5.864,64.739,33,615,808
2026-04-21,128,6,577,225,10,5.864,64.739,33,615,808
2026-04-28,128,6,493,294,22,5.864,64.739,33,615,808
2026-05-05,128,6,611,176,15,5.864,64.739,33,615,808
2026-05-12,128,6,507,219,17,5.864,64.739,33,615,808
2026-05-19,128,6,484,214,11,5.864,64.739,33,615,808
2026-05-26,128,6,632,159,12,5.864,64.739,33,615,808
2026-06-02,128,6,645,241,9,5.864,64.739,33,615,808
2026-06-09,128,6,578,231,17,5.864,64.739,33,615,808
2026-06-16,128,6,691,146,6,5.864,64.739,33,615,808
2026-06-23,128,6,714,140,10,5.864,64.739,33,615,808
2026-06-30,128,6,560,235,20,5.864,64.739,33,615,808
2026-04-07,129,1,300,228,14,5.567,74.9,19,538,644
2026-04-14,129,1,408,137,15,5.567,74.9,19,538,644
2026-04-21,129,1,385,183,19,5.567,74.9,19,538,644
2026-04-28,129,1,356,173,12,5.567,74.9,19,538,644
2026-05-05,129,1,318,177,11,5.567,74.9,19,538,644
2026-05-12,129,1,425,93,15,5.567,74.9,19,538,644
2026-05-19,129,1,376,166,15,5.567,74.9,19,538,644
2026-05-26,129,1,454,154,16,5.567,74.9,19,538,644
2026-06-02,129,1,334,266,19,5.567,74.9,19,538,644
2026-06-09,129,1,379,174,7,5.567,74.9,19,538,644
2026-06-16,129,1,472,161,7,5.567,74.9,19,538,644
2026-06-23,129,1,390,175,13,5.567,74.9,19,538,644
2026-06-30,129,1,470,128,21,5.567,74.9,19,538,644
2026-04-07,129,3,276,209,27,12.136,63.25,19,457,688
2026-04-14,129,3,395,294,41,12.136,63.25,19,457,688
2026-04-21,129,3,518,290,18,12.136,63.25,19,457,688
2026-04-28,129,3,372,238,23,12.136,63.25,19,457,688
2026-05-05,129,3,542,172,44,12.136,63.25,19,457,688
2026-05-12,129,3,687,199,20,12.136,63.25,19,457,688
2026-05-19,129,3,614,148,23,12.136,63.25,19,457,688
2026-05-26,129,3,601,145,33,12.136,63.25,19,457,688
2026-06-02,129,3,492,257,28,12.136,63.25,19,457,688
2026-06-09,129,3,641,127,31,12.136,63.25,19,457,688
2026-06-16,129,3,596,110,17,12.136,63.25,19,457,688
2026-06-23,129,3,500,290,18,12.136,63.25,19,457,688
2026-06-30,129,3,454,267,45,12.136,63.25,19,457,688
2026-04-07,129,4,840,284,42,15.183,76.623,19,555,843
2026-04-14,129,4,752,610,39,15.183,76.623,19,555,843
2026-04-21,129,4,727,363,20,15.183,76.623,19,555,843
2026-04-28,129,4,970,307,41,15.183,76.623,19,555,843
2026-05-05,129,4,700,396,45,15.183,76.623,19,555,843
2026-05-12,129,4,1050,188,54,15.183,76.623,19,555,843
2026-05-19,129,4,624,459,29,15.183,76.623,19,555,843
2026-05-26,129,4,1062,358,19,15.183,76.623,19,555,843
2026-06-02,129,4,799,563,29,15.183,76.623,19,555,843
2026-06-09,129,4,1015,488,43,15.183,76.623,19,555,843
2026-06-16,129,4,1044,315,40,15.183,76.623,19,555,843
2026-06-23,129,4,712,512,29,15.183,76.623,19,555,843
2026-06-30,129,4,736,553,51,15.183,76.623,19,555,843
2026-04-07,129,5,858,196,35,11.753,67.215,19,485,709
2026-04-14,129,5,767,187,25,11.753,67.215,19,485,709
2026-04-21,129,5,676,316,21,11.753,67.215,19,485,709
2026-04-28,129,5,634,408,31,11.753,67.215,19,485,709
2026-05-05,129,5,1001,267,36,11.753,67.215,19,485,709
2026-05-12,129,5,728,356,16,11.753,67.215,19,485,709
2026-05-19,129,5,807,286,26,11.753,67.215,19,485,709
2026-05-26,129,5,886,189,39,11.753,67.215,19,485,709
2026-06-02,129,5,801,190,25,11.753,67.215,19,485,709
2026-06-09,129,5,851,371,21,11.753,67.215,19,485,709
2026-06-16,129,5,774,199,13,11.753,67.215,19,485,709
2026-06-23,129,5,905,362,22,11.753,67.215,19,485,709
2026-06-30,129,5,629,480,19,11.753,67.215,19,485,709
2026-04-07,129,7,362,147,4,3.866,63.126,19,453,526
2026-04-14,129,7,414,235,12,3.866,63.126,19,453,526
2026-04-21,129,7,298,202,8,3.866,63.126,19,453,526
2026-04-28,129,7,365,162,6,3.866,63.126,19,453,526
2026-05-05,129,7,400,77,9,3.866,63.126,19,453,526
2026-05-12,129,7,437,172,13,3.866,63.126,19,453,526
2026-05-19,129,7,375,208,9,3.866,63.126,19,453,526
2026-05-26,129,7,372,230,10,3.866,63.126,19,453,526
2026-06-02,129,7,327,189,11,3.866,63.126,19,453,526
2026-06-09,129,7,364,275,8,3.866,63.126,19,453,526
2026-06-16,129,7,384,169,12,3.866,63.126,19,453,526
2026-06-23,129,7,354,270,5,3.866,63.126,19,453,526
2026-06-30,129,7,426,221,13,3.866,63.126,19,453,526
2026-04-07,129,9,422,170,36,15.705,51.538,19,378,676
2026-04-14,129,9,427,226,51,15.705,51.538,19,378,676
2026-04-21,129,9,430,230,55,15.705,51.538,19,378,676
2026-04-28,129,9,492,169,16,15.705,51.538,19,378,676
2026-05-05,129,9,535,269,32,15.705,51.538,19,378,676
2026-05-12,129,9,580,213,41,15.705,51.538,19,378,676
2026-05-19,129,9,603,113,61,15.705,51.538,19,378,676
2026-05-26,129,9,556,111,46,15.705,51.538,19,378,676
2026-06-02,129,9,468,287,56,15.705,51.538,19,378,676
2026-06-09,129,9,641,230,55,15.705,51.538,19,378,676
2026-06-16,129,9,400,173,16,15.705,51.538,19,378,676
2026-06-23,129,9,459,249,23,15.705,51.538,19,378,676
2026-06-30,129,9,482,317,44,15.705,51.538,19,378,676
2026-04-07,129,10,342,171,27,10.936,43.013,19,313,521
2026-04-14,129,10,309,223,27,10.936,43.013,19,313,521
2026-04-21,129,10,406,105,17,10.936,43.013,19,313,521
2026-04-28,129,10,391,133,29,10.936,43.013,19,313,521
2026-05-05,129,10,556,132,39,10.936,43.013,19,313,521
2026-05-12,129,10,345,243,16,10.936,43.013,19,313,521
2026-05-19,129,10,353,160,33,10.936,43.013,19,313,521
2026-05-26,129,10,436,111,32,10.936,43.013,19,313,521
2026-06-02,129,10,295,233,27,10.936,43.013,19,313,521
2026-06-09,129,10,446,142,30,10.936,43.013,19,313,521
2026-06-16,129,10,435,190,31,10.936,43.013,19,313,521
2026-06-23,129,10,462,136,14,10.936,43.013,19,313,521
2026-06-30,129,10,377,268,21,10.936,43.013,19,313,521
2026-04-07,130,1,243,47,4,1.167,51.443,16,339,357
2026-04-14,130,1,179,112,4,1.167,51.443,16,339,357
2026-04-21,130,1,226,100,3,1.167,51.443,16,339,357
2026-04-28,130,1,202,94,2,1.167,51.443,16,339,357
2026-05-05,130,1,180,109,2,1.167,51.443,16,339,357
2026-05-12,130,1,158,92,2,1.167,51.443,16,339,357
2026-05-19,130,1,179,43,4,1.167,51.443,16,339,357
2026-05-26,130,1,189,110,2,1.167,51.443,16,339,357
2026-06-02,130,1,237,116,1,1.167,51.443,16,339,357
2026-06-09,130,1,272,74,2,1.167,51.443,16,339,357
2026-06-16,130,1,213,103,2,1.167,51.443,16,339,357
2026-06-23,130,1,202,125,4,1.167,51.443,16,339,357
2026-06-30,130,1,225,133,3,1.167,51.443,16,339,357
2026-04-07,130,3,183,42,3,0.931,75.624,16,498,513
2026-04-14,130,3,175,46,4,0.931,75.624,16,498,513
2026-04-21,130,3,144,117,3,0.931,75.624,16,498,513
2026-04-28,130,3,226,40,4,0.931,75.624,16,498,513
2026-05-05,130,3,206,53,3,0.931,75.624,16,498,513
2026-05-12,130,3,142,103,2,0.931,75.624,16,498,513
2026-05-19,130,3,173,53,2,0.931,75.624,16,498,513
2026-05-26,130,3,221,46,3,0.931,75.624,16,498,513
2026-06-02,130,3,200,67,2,0.931,75.624,16,498,513
2026-06-09,130,3,183,80,2,0.931,75.624,16,498,513
2026-06-16,130,3,190,127,2,0.931,75.624,16,498,513
2026-06-23,130,3,178,78,2,0.931,75.624,16,498,513
2026-06-30,130,3,143,113,2,0.931,75.624,16,498,513
2026-04-07,130,4,170,110,6,1.691,45.179,16,297,324
2026-04-14,130,4,129,101,5,1.691,45.179,16,297,324
2026-04-21,130,4,222,72,3,1.691,45.179,16,297,324
2026-04-28,130,4,146,93,3,1.691,45.179,16,297,324
2026-05-05,130,4,197,47,5,1.691,45.179,16,297,324
2026-05-12,130,4,172,80,5,1.691,45.179,16,297,324
2026-05-19,130,4,251,47,5,1.691,45.179,16,297,324
2026-05-26,130,4,185,46,2,1.691,45.179,16,297,324
2026-06-02,130,4,240,85,7,1.691,45.179,16,297,324
2026-06-09,130,4,181,98,3,1.691,45.179,16,297,324
2026-06-16,130,4,234,95,2,1.691,45.179,16,297,324
2026-06-23,130,4,212,124,4,1.691,45.179,16,297,324
2026-06-30,130,4,218,65,6,1.691,45.179,16,297,324
2026-04-07,130,5,367,78,5,1.356,41.624,16,274,296
2026-04-14,130,5,248,171,5,1.356,41.624,16,274,296
2026-04-21,130,5,231,152,5,1.356,41.624,16,274,296
2026-04-28,130,5,362,111,2,1.356,41.624,16,274,296
2026-05-05,130,5,242,140,4,1.356,41.624,16,274,296
2026-05-12,130,5,187,150,4,1.356,41.624,16,274,296
2026-05-19,130,5,408,125,4,1.356,41.624,16,274,296
2026-05-26,130,5,300,96,2,1.356,41.624,16,274,296
2026-06-02,130,5,310,65,4,1.356,41.624,16,274,296
2026-06-09,130,5,264,166,5,1.356,41.624,16,274,296
2026-06-16,130,5,308,113,4,1.356,41.624,16,274,296
2026-06-23,130,5,259,129,3,1.356,41.624,16,274,296
2026-06-30,130,5,316,88,2,1.356,41.624,16,274,296
2026-04-07,130,7,150,48,2,1.649,57.972,16,382,408
2026-04-14,130,7,105,68,5,1.649,57.972,16,382,408
2026-04-21,130,7,118,69,6,1.649,57.972,16,382,408
2026-04-28,130,7,138,42,4,1.649,57.972,16,382,408
2026-05-05,130,7,175,37,6,1.649,57.972,16,382,408
2026-05-12,130,7,157,31,3,1.649,57.972,16,382,408
2026-05-19,130,7,140,48,6,1.649,57.972,16,382,408
2026-05-26,130,7,124,99,3,1.649,57.972,16,382,408
2026-06-02,130,7,145,34,3,1.649,57.972,16,382,408
2026-06-09,130,7,176,44,6,1.649,57.972,16,382,408
2026-06-16,130,7,148,52,5,1.649,57.972,16,382,408
2026-06-23,130,7,184,46,3,1.649,57.972,16,382,408
2026-06-30,130,7,168,51,3,1.649,57.972,16,382,408
2026-04-07,130,9,121,87,1,0.837,32.473,16,214,227
2026-04-14,130,9,111,59,3,0.837,32.473,16,214,227
2026-04-21,130,9,101,67,2,0.837,32.473,16,214,227
2026-04-28,130,9,154,58,2,0.837,32.473,16,214,227
2026-05-05,130,9,131,59,3,0.837,32.473,16,214,227
2026-05-12,130,9,139,32,2,0.837,32.473,16,214,227
2026-05-19,130,9,116,60,1,0.837,32.473,16,214,227
2026-05-26,130,9,113,90,2,0.837,32.473,16,214,227
2026-06-02,130,9,146,37,2,0.837,32.473,16,214,227
2026-06-09,130,9,112,82,2,0.837,32.473,16,214,227
2026-06-16,130,9,146,51,2,0.837,32.473,16,214,227
2026-06-23,130,9,165,69,3,0.837,32.473,16,214,227
2026-06-30,130,9,169,70,2,0.837,32.473,16,214,227
2026-04-07,130,10,71,31,2,1.324,37.567,16,247,268
2026-04-14,130,10,69,50,3,1.324,37.567,16,247,268
2026-04-21,130,10,87,35,3,1.324,37.567,16,247,268
2026-04-28,130,10,85,53,2,1.324,37.567,16,247,268
2026-05-05,130,10,78,56,5,1.324,37.567,16,247,268
2026-05-12,130,10,86,49,4,1.324,37.567,16,247,268
2026-05-19,130,10,94,54,4,1.324,37.567,16,247,268
2026-05-26,130,10,119,30,5,1.324,37.567,16,247,268
2026-06-02,130,10,96,48,4,1.324,37.567,16,247,268
2026-06-09,130,10,78,56,3,1.324,37.567,16,247,268
2026-06-16,130,10,67,42,5,1.324,37.567,16,247,268
2026-06-23,130,10,108,22,4,1.324,37.567,16,247,268
2026-06-30,130,10,65,51,2,1.324,37.567,16,247,268
2026-04-07,131,5,363,244,11,3.003,72.711,28,633,717
2026-04-14,131,5,319,249,8,3.003,72.711,28,633,717
2026-04-21,131,5,324,198,8,3.003,72.711,28,633,717
2026-04-28,131,5,468,160,5,3.003,72.711,28,633,717
2026-05-05,131,5,388,194,4,3.003,72.711,28,633,717
2026-05-12,131,5,398,305,7,3.003,72.711,28,633,717
2026-05-19,131,5,470,155,7,3.003,72.711,28,633,717
2026-05-26,131,5,501,165,11,3.003,72.711,28,633,717
2026-06-02,131,5,412,255,6,3.003,72.711,28,633,717
2026-06-09,131,5,399,256,5,3.003,72.711,28,633,717
2026-06-16,131,5,559,146,9,3.003,72.711,28,633,717
2026-06-23,131,5,451,98,3,3.003,72.711,28,633,717
2026-06-30,131,5,517,163,5,3.003,72.711,28,633,717
2026-04-07,131,10,646,192,35,21.054,65.008,28,583,1172
2026-04-14,131,10,509,241,65,21.054,65.008,28,583,1172
2026-04-21,131,10,552,149,37,21.054,65.008,28,583,1172
2026-04-28,131,10,516,411,60,21.054,65.008,28,583,1172
2026-05-05,131,10,616,439,31,21.054,65.008,28,583,1172
2026-05-12,131,10,802,159,58,21.054,65.008,28,583,1172
2026-05-19,131,10,710,343,55,21.054,65.008,28,583,1172
2026-05-26,131,10,477,389,80,21.054,65.008,28,583,1172
2026-06-02,131,10,717,363,49,21.054,65.008,28,583,1172
2026-06-09,131,10,679,462,26,21.054,65.008,28,583,1172
2026-06-16,131,10,895,196,72,21.054,65.008,28,583,1172
2026-06-23,131,10,576,335,83,21.054,65.008,28,583,1172
2026-06-30,131,10,823,164,71,21.054,65.008,28,583,1172
2026-04-07,132,1,549,257,15,7.474,70.749,35,692,954
2026-04-14,132,1,528,229,17,7.474,70.749,35,692,954
2026-04-21,132,1,471,254,19,7.474,70.749,35,692,954
2026-04-28,132,1,556,327,25,7.474,70.749,35,692,954
2026-05-05,132,1,485,289,10,7.474,70.749,35,692,954
2026-05-12,132,1,580,176,21,7.474,70.749,35,692,954
2026-05-19,132,1,545,170,14,7.474,70.749,35,692,954
2026-05-26,132,1,653,213,26,7.474,70.749,35,692,954
2026-06-02,132,1,448,286,21,7.474,70.749,35,692,954
2026-06-09,132,1,541,268,15,7.474,70.749,35,692,954
2026-06-16,132,1,470,178,20,7.474,70.749,35,692,954
2026-06-23,132,1,493,183,25,7.474,70.749,35,692,954
2026-06-30,132,1,590,222,22,7.474,70.749,35,692,954
2026-04-07,132,4,875,375,3,1.348,95.169,35,926,973
2026-04-14,132,4,705,437,3,1.348,95.169,35,926,973
2026-04-21,132,4,655,425,2,1.348,95.169,35,926,973
2026-04-28,132,4,1102,286,4,1.348,95.169,35,926,973
2026-05-05,132,4,685,503,2,1.348,95.169,35,926,973
2026-05-12,132,4,968,277,2,1.348,95.169,35,926,973
2026-05-19,132,4,622,498,4,1.348,95.169,35,926,973
2026-05-26,132,4,836,600,2,1.348,95.169,35,926,973
2026-06-02,132,4,713,476,4,1.348,95.169,35,926,973
2026-06-09,132,4,857,384,4,1.348,95.169,35,926,973
2026-06-16,132,4,752,605,3,1.348,95.169,35,926,973
2026-06-23,132,4,927,530,4,1.348,95.169,35,926,973
2026-06-30,132,4,821,384,4,1.348,95.169,35,926,973
2026-04-07,132,6,857,183,5,2.163,49.558,35,483,558
2026-04-14,132,6,603,311,4,2.163,49.558,35,483,558
2026-04-21,132,6,754,340,8,2.163,49.558,35,483,558
2026-04-28,132,6,524,251,7,2.163,49.558,35,483,558
2026-05-05,132,6,605,456,3,2.163,49.558,35,483,558
2026-05-12,132,6,681,436,3,2.163,49.558,35,483,558
2026-05-19,132,6,856,255,8,2.163,49.558,35,483,558
2026-05-26,132,6,684,160,5,2.163,49.558,35,483,558
2026-06-02,132,6,713,425,5,2.163,49.558,35,483,558
2026-06-09,132,6,573,351,6,2.163,49.558,35,483,558
2026-06-16,132,6,765,495,7,2.163,49.558,35,483,558
2026-06-23,132,6,644,469,4,2.163,49.558,35,483,558
2026-06-30,132,6,981,359,4,2.163,49.558,35,483,558
2026-04-07,133,1,483,129,14,6.045,67.062,10,349,410
2026-04-14,133,1,520,156,20,6.045,67.062,10,349,410
2026-04-21,133,1,277,168,23,6.045,67.062,10,349,410
2026-04-28,133,1,342,137,9,6.045,67.062,10,349,410
2026-05-05,133,1,513,132,11,6.045,67.062,10,349,410
2026-05-12,133,1,357,208,20,6.045,67.062,10,349,410
2026-05-19,133,1,630,117,11,6.045,67.062,10,349,410
2026-05-26,133,1,456,130,17,6.045,67.062,10,349,410
2026-06-02,133,1,378,183,22,6.045,67.062,10,349,410
2026-06-09,133,1,475,201,13,6.045,67.062,10,349,410
2026-06-16,133,1,484,226,21,6.045,67.062,10,349,410
2026-06-23,133,1,494,130,17,6.045,67.062,10,349,410
2026-06-30,133,1,422,246,12,6.045,67.062,10,349,410
2026-04-07,133,3,276,110,12,6.675,50.778,10,265,331
2026-04-14,133,3,386,106,24,6.675,50.778,10,265,331
2026-04-21,133,3,318,157,22,6.675,50.778,10,265,331
2026-04-28,133,3,324,183,13,6.675,50.778,10,265,331
2026-05-05,133,3,331,148,7,6.675,50.778,10,265,331
2026-05-12,133,3,342,122,26,6.675,50.778,10,265,331
2026-05-19,133,3,261,207,8,6.675,50.778,10,265,331
2026-05-26,133,3,309,243,13,6.675,50.778,10,265,331
2026-06-02,133,3,384,172,15,6.675,50.778,10,265,331
2026-06-09,133,3,362,189,19,6.675,50.778,10,265,331
2026-06-16,133,3,397,148,20,6.675,50.778,10,265,331
2026-06-23,133,3,380,150,12,6.675,50.778,10,265,331
2026-06-30,133,3,434,87,25,6.675,50.778,10,265,331
2026-04-07,133,4,232,96,26,10.637,56.427,10,295,401
2026-04-14,133,4,180,141,37,10.637,56.427,10,295,401
2026-04-21,133,4,250,111,30,10.637,56.427,10,295,401
2026-04-28,133,4,347,75,11,10.637,56.427,10,295,401
2026-05-05,133,4,303,99,20,10.637,56.427,10,295,401
2026-05-12,133,4,337,60,38,10.637,56.427,10,295,401
2026-05-19,133,4,366,103,31,10.637,56.427,10,295,401
2026-05-26,133,4,282,147,38,10.637,56.427,10,295,401
2026-06-02,133,4,309,138,36,10.637,56.427,10,295,401
2026-06-09,133,4,290,232,16,10.637,56.427,10,295,401
2026-06-16,133,4,356,139,25,10.637,56.427,10,295,401
2026-06-23,133,4,299,166,11,10.637,56.427,10,295,401
2026-06-30,133,4,249,58,29,10.637,56.427,10,295,401
2026-04-07,133,5,500,239,11,7.177,68.281,10,356,427
2026-04-14,133,5,629,308,15,7.177,68.281,10,356,427
2026-04-21,133,5,464,321,21,7.177,68.281,10,356,427
2026-04-28,133,5,587,288,12,7.177,68.281,10,356,427
2026-05-05,133,5,492,270,13,7.177,68.281,10,356,427
2026-05-12,133,5,756,155,25,7.177,68.281,10,356,427
2026-05-19,133,5,578,192,22,7.177,68.281,10,356,427
2026-05-26,133,5,870,167,15,7.177,68.281,10,356,427
2026-06-02,133,5,567,130,25,7.177,68.281,10,356,427
2026-06-09,133,5,726,240,18,7.177,68.281,10,356,427
2026-06-16,133,5,745,259,15,7.177,68.281,10,356,427
2026-06-23,133,5,714,374,12,7.177,68.281,10,356,427
2026-06-30,133,5,628,151,19,7.177,68.281,10,356,427
2026-04-07,133,7,371,205,25,6.597,94.846,10,494,560
2026-04-14,133,7,448,90,22,6.597,94.846,10,494,560
2026-04-21,133,7,379,147,13,6.597,94.846,10,494,560
2026-04-28,133,7,514,95,14,6.597,94.846,10,494,560
2026-05-05,133,7,328,247,7,6.597,94.846,10,494,560
2026-05-12,133,7,461,124,9,6.597,94.846,10,494,560
2026-05-19,133,7,542,129,16,6.597,94.846,10,494,560
2026-05-26,133,7,453,113,23,6.597,94.846,10,494,560
2026-06-02,133,7,538,118,22,6.597,94.846,10,494,560
2026-06-09,133,7,569,109,9,6.597,94.846,10,494,560
2026-06-16,133,7,584,143,17,6.597,94.846,10,494,560
2026-06-23,133,7,431,238,16,6.597,94.846,10,494,560
2026-06-30,133,7,357,257,11,6.597,94.846,10,494,560
2026-04-07,133,9,233,187,12,6.757,57.528,10,300,367
2026-04-14,133,9,302,74,9,6.757,57.528,10,300,367
2026-04-21,133,9,315,159,25,6.757,57.528,10,300,367
2026-04-28,133,9,313,64,24,6.757,57.528,10,300,367
2026-05-05,133,9,264,149,25,6.757,57.528,10,300,367
2026-05-12,133,9,320,66,19,6.757,57.528,10,300,367
2026-05-19,133,9,194,151,20,6.757,57.528,10,300,367
2026-05-26,133,9,334,139,15,6.757,57.528,10,300,367
2026-06-02,133,9,349,87,7,6.757,57.528,10,300,367
2026-06-09,133,9,267,198,18,6.757,57.528,10,300,367
2026-06-16,133,9,358,100,21,6.757,57.528,10,300,367
2026-06-23,133,9,309,103,12,6.757,57.528,10,300,367
2026-06-30,133,9,328,127,8,6.757,57.528,10,300,367
2026-04-07,133,10,228,122,10,10.075,72.179,10,376,477
2026-04-14,133,10,273,77,29,10.075,72.179,10,376,477
2026-04-21,133,10,312,73,21,10.075,72.179,10,376,477
2026-04-28,133,10,278,188,31,10.075,72.179,10,376,477
2026-05-05,133,10,382,85,27,10.075,72.179,10,376,477
2026-05-12,133,10,266,107,11,10.075,72.179,10,376,477
2026-05-19,133,10,361,95,25,10.075,72.179,10,376,477
2026-05-26,133,10,354,154,20,10.075,72.179,10,376,477
2026-06-02,133,10,296,107,14,10.075,72.179,10,376,477
2026-06-09,133,10,247,197,32,10.075,72.179,10,376,477
2026-06-16,133,10,323,82,33,10.075,72.179,10,376,477
2026-06-23,133,10,360,68,14,10.075,72.179,10,376,477
2026-06-30,133,10,423,87,37,10.075,72.179,10,376,477
2026-04-07,134,4,436,119,32,10.382,51.735,26,439,709
2026-04-14,134,4,450,129,14,10.382,51.735,26,439,709
2026-04-21,134,4,435,184,36,10.382,51.735,26,439,709
2026-04-28,134,4,333,235,38,10.382,51.735,26,439,709
2026-05-05,134,4,310,250,22,10.382,51.735,26,439,709
2026-05-12,134,4,371,226,12,10.382,51.735,26,439,709
2026-05-19,134,4,408,95,24,10.382,51.735,26,439,709
2026-05-26,134,4,422,216,33,10.382,51.735,26,439,709
2026-06-02,134,4,351,215,21,10.382,51.735,26,439,709
2026-06-09,134,4,540,111,41,10.382,51.735,26,439,709
2026-06-16,134,4,523,231,38,10.382,51.735,26,439,709
2026-06-23,134,4,422,181,24,10.382,51.735,26,439,709
2026-06-30,134,4,466,110,34,10.382,51.735,26,439,709
2026-04-07,134,5,625,415,31,17.751,74.208,26,633,1095
2026-04-14,134,5,668,140,24,17.751,74.208,26,633,1095
2026-04-21,134,5,727,442,59,17.751,74.208,26,633,1095
2026-04-28,134,5,669,380,18,17.751,74.208,26,633,1095
2026-05-05,134,5,697,429,41,17.751,74.208,26,633,1095
2026-05-12,134,5,729,577,65,17.751,74.208,26,633,1095
2026-05-19,134,5,771,515,46,17.751,74.208,26,633,1095
2026-05-26,134,5,658,365,34,17.751,74.208,26,633,1095
2026-06-02,134,5,816,331,39,17.751,74.208,26,633,1095
2026-06-09,134,5,723,533,53,17.751,74.208,26,633,1095
2026-06-16,134,5,921,188,35,17.751,74.208,26,633,1095
2026-06-23,134,5,731,455,67,17.751,74.208,26,633,1095
2026-06-30,134,5,885,338,69,17.751,74.208,26,633,1095
2026-04-07,135,1,107,75,2,0.574,44.461,9,219,225
2026-04-14,135,1,111,56,1,0.574,44.461,9,219,225
2026-04-21,135,1,135,70,1,0.574,44.461,9,219,225
2026-04-28,135,1,119,52,1,0.574,44.461,9,219,225
2026-05-05,135,1,122,52,1,0.574,44.461,9,219,225
2026-05-12,135,1,143,54,2,0.574,44.461,9,219,225
2026-05-19,135,1,138,50,1,0.574,44.461,9,219,225
2026-05-26,135,1,104,39,1,0.574,44.461,9,219,225
2026-06-02,135,1,122,58,1,0.574,44.461,9,219,225
2026-06-09,135,1,159,55,1,0.574,44.461,9,219,225
2026-06-16,135,1,164,50,2,0.574,44.461,9,219,225
2026-06-23,135,1,173,33,1,0.574,44.461,9,219,225
2026-06-30,135,1,126,81,1,0.574,44.461,9,219,225
2026-04-07,135,3,232,100,1,0.649,54.75,9,270,276
2026-04-14,135,3,229,55,1,0.649,54.75,9,270,276
2026-04-21,135,3,177,79,2,0.649,54.75,9,270,276
2026-04-28,135,3,236,76,1,0.649,54.75,9,270,276
2026-05-05,135,3,247,56,2,0.649,54.75,9,270,276
2026-05-12,135,3,174,113,1,0.649,54.75,9,270,276
2026-05-19,135,3,250,56,2,0.649,54.75,9,270,276
2026-05-26,135,3,207,97,3,0.649,54.75,9,270,276
2026-06-02,135,3,180,121,2,0.649,54.75,9,270,276
2026-06-09,135,3,262,50,1,0.649,54.75,9,270,276
2026-06-16,135,3,231,62,1,0.649,54.75,9,270,276
2026-06-23,135,3,210,171,2,0.649,54.75,9,270,276
2026-06-30,135,3,162,61,2,0.649,54.75,9,270,276
2026-04-07,135,4,104,74,4,1.29,93.052,9,459,471
2026-04-14,135,4,148,47,2,1.29,93.052,9,459,471
2026-04-21,135,4,173,34,3,1.29,93.052,9,459,471
2026-04-28,135,4,109,87,2,1.29,93.052,9,459,471
2026-05-05,135,4,205,47,5,1.29,93.052,9,459,471
2026-05-12,135,4,123,89,2,1.29,93.052,9,459,471
2026-05-19,135,4,141,60,4,1.29,93.052,9,459,471
2026-05-26,135,4,203,41,2,1.29,93.052,9,459,471
2026-06-02,135,4,168,74,5,1.29,93.052,9,459,471
2026-06-09,135,4,157,30,2,1.29,93.052,9,459,471
2026-06-16,135,4,140,51,3,1.29,93.052,9,459,471
2026-06-23,135,4,205,50,5,1.29,93.052,9,459,471
2026-06-30,135,4,158,61,3,1.29,93.052,9,459,471
2026-04-07,135,5,58,35,4,0.988,27.344,9,135,144
2026-04-14,135,5,102,28,2,0.988,27.344,9,135,144
2026-04-21,135,5,116,46,4,0.988,27.344,9,135,144
2026-04-28,135,5,106,48,4,0.988,27.344,9,135,144
2026-05-05,135,5,111,50,2,0.988,27.344,9,135,144
2026-05-12,135,5,120,44,4,0.988,27.344,9,135,144
2026-05-19,135,5,133,27,2,0.988,27.344,9,135,144
2026-05-26,135,5,130,31,4,0.988,27.344,9,135,144
2026-06-02,135,5,102,56,2,0.988,27.344,9,135,144
2026-06-09,135,5,118,33,4,0.988,27.344,9,135,144
2026-06-16,135,5,113,52,1,0.988,27.344,9,135,144
2026-06-23,135,5,98,68,2,0.988,27.344,9,135,144
2026-06-30,135,5,134,74,2,0.988,27.344,9,135,144
2026-04-07,135,7,125,99,1,0.516,38.158,9,188,193
2026-04-14,135,7,184,85,1,0.516,38.158,9,188,193
2026-04-21,135,7,195,46,2,0.516,38.158,9,188,193
2026-04-28,135,7,202,72,2,0.516,38.158,9,188,193
2026-05-05,135,7,169,119,1,0.516,38.158,9,188,193
2026-05-12,135,7,167,111,1,0.516,38.158,9,188,193
2026-05-19,135,7,206,117,1,0.516,38.158,9,188,193
2026-05-26,135,7,141,100,2,0.516,38.158,9,188,193
2026-06-02,135,7,162,127,2,0.516,38.158,9,188,193
2026-06-09,135,7,219,109,1,0.516,38.158,9,188,193
2026-06-16,135,7,200,110,1,0.516,38.158,9,188,193
2026-06-23,135,7,164,114,1,0.516,38.158,9,188,193
2026-06-30,135,7,154,94,1,0.516,38.158,9,188,193
2026-04-07,135,9,352,120,1,0.615,44.055,9,217,223
2026-04-14,135,9,332,83,2,0.615,44.055,9,217,223
2026-04-21,135,9,271,109,1,0.615,44.055,9,217,223
2026-04-28,135,9,349,72,1,0.615,44.055,9,217,223
2026-05-05,135,9,353,111,2,0.615,44.055,9,217,223
2026-05-12,135,9,450,93,2,0.615,44.055,9,217,223
2026-05-19,135,9,334,83,1,0.615,44.055,9,217,223
2026-05-26,135,9,229,111,2,0.615,44.055,9,217,223
2026-06-02,135,9,238,170,1,0.615,44.055,9,217,223
2026-06-09,135,9,347,115,2,0.615,44.055,9,217,223
2026-06-16,135,9,364,233,2,0.615,44.055,9,217,223
2026-06-23,135,9,365,158,1,0.615,44.055,9,217,223
2026-06-30,135,9,333,87,1,0.615,44.055,9,217,223
2026-04-07,135,10,88,71,2,0.541,31.697,9,156,161
2026-04-14,135,10,141,47,1,0.541,31.697,9,156,161
2026-04-21,135,10,145,44,1,0.541,31.697,9,156,161
2026-04-28,135,10,136,29,1,0.541,31.697,9,156,161
2026-05-05,135,10,138,44,1,0.541,31.697,9,156,161
2026-05-12,135,10,97,49,2,0.541,31.697,9,156,161
2026-05-19,135,10,161,33,2,0.541,31.697,9,156,161
2026-05-26,135,10,110,59,1,0.541,31.697,9,156,161
2026-06-02,135,10,136,54,1,0.541,31.697,9,156,161
2026-06-09,135,10,111,56,2,0.541,31.697,9,156,161
2026-06-16,135,10,147,36,1,0.541,31.697,9,156,161
2026-06-23,135,10,126,69,1,0.541,31.697,9,156,161
2026-06-30,135,10,135,40,2,0.541,31.697,9,156,161
2026-04-07,136,1,1638,291,19,10.512,109.313,32,1021,1357
2026-04-14,136,1,1162,666,38,10.512,109.313,32,1021,1357
2026-04-21,136,1,1364,470,20,10.512,109.313,32,1021,1357
2026-04-28,136,1,1643,430,21,10.512,109.313,32,1021,1357
2026-05-05,136,1,1362,381,28,10.512,109.313,32,1021,1357
2026-05-12,136,1,1347,555,14,10.512,109.313,32,1021,1357
2026-05-19,136,1,1521,348,38,10.512,109.313,32,1021,1357
2026-05-26,136,1,1555,363,38,10.512,109.313,32,1021,1357
2026-06-02,136,1,1646,351,26,10.512,109.313,32,1021,1357
2026-06-09,136,1,1370,558,21,10.512,109.313,32,1021,1357
2026-06-16,136,1,1368,686,22,10.512,109.313,32,1021,1357
2026-06-23,136,1,1506,356,37,10.512,109.313,32,1021,1357
2026-06-30,136,1,1188,923,37,10.512,109.313,32,1021,1357
2026-04-07,136,4,642,338,45,13.776,77.628,32,731,1172
2026-04-14,136,4,754,403,39,13.776,77.628,32,731,1172
2026-04-21,136,4,982,284,33,13.776,77.628,32,731,1172
2026-04-28,136,4,630,320,28,13.776,77.628,32,731,1172
2026-05-05,136,4,752,356,14,13.776,77.628,32,731,1172
2026-05-12,136,4,718,235,31,13.776,77.628,32,731,1172
2026-05-19,136,4,626,390,23,13.776,77.628,32,731,1172
2026-05-26,136,4,735,342,48,13.776,77.628,32,731,1172
2026-06-02,136,4,1126,219,55,13.776,77.628,32,731,1172
2026-06-09,136,4,1059,200,36,13.776,77.628,32,731,1172
2026-06-16,136,4,929,426,32,13.776,77.628,32,731,1172
2026-06-23,136,4,981,277,30,13.776,77.628,32,731,1172
2026-06-30,136,4,839,324,35,13.776,77.628,32,731,1172
2026-04-07,136,8,430,175,22,7.341,62.071,32,581,816
2026-04-14,136,8,485,232,18,7.341,62.071,32,581,816
2026-04-21,136,8,398,244,14,7.341,62.071,32,581,816
2026-04-28,136,8,562,113,10,7.341,62.071,32,581,816
2026-05-05,136,8,427,231,28,7.341,62.071,32,581,816
2026-05-12,136,8,389,248,9,7.341,62.071,32,581,816
2026-05-19,136,8,608,121,13,7.341,62.071,32,581,816
2026-05-26,136,8,443,127,17,7.341,62.071,32,581,816
2026-06-02,136,8,484,134,21,7.341,62.071,32,581,816
2026-06-09,136,8,505,245,24,7.341,62.071,32,581,816
2026-06-16,136,8,501,221,9,7.341,62.071,32,581,816
2026-06-23,136,8,479,165,10,7.341,62.071,32,581,816
2026-06-30,136,8,392,109,9,7.341,62.071,32,581,816
2026-04-07,137,1,238,49,9,3.625,47.359,11,259,298
2026-04-14,137,1,177,112,6,3.625,47.359,11,259,298
2026-04-21,137,1,174,140,14,3.625,47.359,11,259,298
2026-04-28,137,1,178,134,4,3.625,47.359,11,259,298
2026-05-05,137,1,277,82,13,3.625,47.359,11,259,298
2026-05-12,137,1,295,75,10,3.625,47.359,11,259,298
2026-05-19,137,1,194,124,14,3.625,47.359,11,259,298
2026-05-26,137,1,164,86,5,3.625,47.359,11,259,298
2026-06-02,137,1,295,82,11,3.625,47.359,11,259,298
2026-06-09,137,1,210,117,4,3.625,47.359,11,259,298
2026-06-16,137,1,171,125,5,3.625,47.359,11,259,298
2026-06-23,137,1,321,100,12,3.625,47.359,11,259,298
2026-06-30,137,1,259,138,12,3.625,47.359,11,259,298
2026-04-07,137,3,444,324,15,4.98,79.641,11,435,489
2026-04-14,137,3,565,102,18,4.98,79.641,11,435,489
2026-04-21,137,3,463,349,15,4.98,79.641,11,435,489
2026-04-28,137,3,483,248,17,4.98,79.641,11,435,489
2026-05-05,137,3,372,302,11,4.98,79.641,11,435,489
2026-05-12,137,3,467,222,10,4.98,79.641,11,435,489
2026-05-19,137,3,641,195,11,4.98,79.641,11,435,489
2026-05-26,137,3,559,274,18,4.98,79.641,11,435,489
2026-06-02,137,3,697,179,6,4.98,79.641,11,435,489
2026-06-09,137,3,507,322,10,4.98,79.641,11,435,489
2026-06-16,137,3,439,266,10,4.98,79.641,11,435,489
2026-06-23,137,3,582,134,19,4.98,79.641,11,435,489
2026-06-30,137,3,613,225,10,4.98,79.641,11,435,489
2026-04-07,137,4,643,299,30,9.657,63.506,11,347,454
2026-04-14,137,4,545,312,21,9.657,63.506,11,347,454
2026-04-21,137,4,423,238,12,9.657,63.506,11,347,454
2026-04-28,137,4,641,324,22,9.657,63.506,11,347,454
2026-05-05,137,4,559,243,31,9.657,63.506,11,347,454
2026-05-12,137,4,746,225,22,9.657,63.506,11,347,454
2026-05-19,137,4,786,276,25,9.657,63.506,11,347,454
2026-05-26,137,4,845,153,37,9.657,63.506,11,347,454
2026-06-02,137,4,533,313,18,9.657,63.506,11,347,454
2026-06-09,137,4,792,218,34,9.657,63.506,11,347,454
2026-06-16,137,4,660,359,36,9.657,63.506,11,347,454
2026-06-23,137,4,682,364,20,9.657,63.506,11,347,454
2026-06-30,137,4,839,359,23,9.657,63.506,11,347,454
2026-04-07,137,5,169,81,10,4.614,36.608,11,200,251
2026-04-14,137,5,103,81,5,4.614,36.608,11,200,251
2026-04-21,137,5,175,43,17,4.614,36.608,11,200,251
2026-04-28,137,5,158,84,10,4.614,36.608,11,200,251
2026-05-05,137,5,165,60,14,4.614,36.608,11,200,251
2026-05-12,137,5,158,42,11,4.614,36.608,11,200,251
2026-05-19,137,5,158,69,8,4.614,36.608,11,200,251
2026-05-26,137,5,149,99,13,4.614,36.608,11,200,251
2026-06-02,137,5,183,52,13,4.614,36.608,11,200,251
2026-06-09,137,5,171,36,13,4.614,36.608,11,200,251
2026-06-16,137,5,132,94,14,4.614,36.608,11,200,251
2026-06-23,137,5,137,95,11,4.614,36.608,11,200,251
2026-06-30,137,5,143,74,18,4.614,36.608,11,200,251
2026-04-07,137,7,313,94,10,4.059,72.978,11,398,443
2026-04-14,137,7,245,170,14,4.059,72.978,11,398,443
2026-04-21,137,7,292,133,8,4.059,72.978,11,398,443
2026-04-28,137,7,289,202,7,4.059,72.978,11,398,443
2026-05-05,137,7,310,203,8,4.059,72.978,11,398,443
2026-05-12,137,7,323,134,7,4.059,72.978,11,398,443
2026-05-19,137,7,268,159,9,4.059,72.978,11,398,443
2026-05-26,137,7,404,76,9,4.059,72.978,11,398,443
2026-06-02,137,7,278,205,9,4.059,72.978,11,398,443
2026-06-09,137,7,382,133,16,4.059,72.978,11,398,443
2026-06-16,137,7,265,202,6,4.059,72.978,11,398,443
2026-06-23,137,7,452,124,7,4.059,72.978,11,398,443
2026-06-30,137,7,278,158,5,4.059,72.978,11,398,443
2026-04-07,137,9,236,59,16,5.646,59.604,11,325,388
2026-04-14,137,9,262,61,10,5.646,59.604,11,325,388
2026-04-21,137,9,218,75,19,5.646,59.604,11,325,388
2026-04-28,137,9,251,107,19,5.646,59.604,11,325,388
2026-05-05,137,9,268,89,19,5.646,59.604,11,325,388
2026-05-12,137,9,229,49,19,5.646,59.604,11,325,388
2026-05-19,137,9,253,139,20,5.646,59.604,11,325,388
2026-05-26,137,9,244,55,21,5.646,59.604,11,325,388
2026-06-02,137,9,250,116,8,5.646,59.604,11,325,388
2026-06-09,137,9,240,150,8,5.646,59.604,11,325,388
2026-06-16,137,9,189,145,6,5.646,59.604,11,325,388
2026-06-23,137,9,196,126,11,5.646,59.604,11,325,388
2026-06-30,137,9,247,182,7,5.646,59.604,11,325,388
2026-04-07,137,10,281,188,6,5.426,60.757,11,332,391
2026-04-14,137,10,458,105,21,5.426,60.757,11,332,391
2026-04-21,137,10,344,212,14,5.426,60.757,11,332,391
2026-04-28,137,10,479,120,16,5.426,60.757,11,332,391
2026-05-05,137,10,435,93,10,5.426,60.757,11,332,391
2026-05-12,137,10,380,185,9,5.426,60.757,11,332,391
2026-05-19,137,10,391,118,6,5.426,60.757,11,332,391
2026-05-26,137,10,368,277,8,5.426,60.757,11,332,391
2026-06-02,137,10,396,209,17,5.426,60.757,11,332,391
2026-06-09,137,10,413,228,19,5.426,60.757,11,332,391
2026-06-16,137,10,456,136,13,5.426,60.757,11,332,391
2026-06-23,137,10,463,199,20,5.426,60.757,11,332,391
2026-06-30,137,10,334,272,19,5.426,60.757,11,332,391
2026-04-07,138,1,139,109,4,1.004,41.537,11,227,238
2026-04-14,138,1,186,54,3,1.004,41.537,11,227,238
2026-04-21,138,1,154,93,2,1.004,41.537,11,227,238
2026-04-28,138,1,148,118,2,1.004,41.537,11,227,238
2026-05-05,138,1,187,70,3,1.004,41.537,11,227,238
2026-05-12,138,1,189,59,1,1.004,41.537,11,227,238
2026-05-19,138,1,213,54,2,1.004,41.537,11,227,238
2026-05-26,138,1,177,128,4,1.004,41.537,11,227,238
2026-06-02,138,1,241,62,2,1.004,41.537,11,227,238
2026-06-09,138,1,152,107,2,1.004,41.537,11,227,238
2026-06-16,138,1,239,64,1,1.004,41.537,11,227,238
2026-06-23,138,1,149,103,3,1.004,41.537,11,227,238
2026-06-30,138,1,271,52,1,1.004,41.537,11,227,238
2026-04-07,138,3,444,99,5,2.017,57.458,11,314,336
2026-04-14,138,3,286,216,4,2.017,57.458,11,314,336
2026-04-21,138,3,410,105,5,2.017,57.458,11,314,336
2026-04-28,138,3,299,151,3,2.017,57.458,11,314,336
2026-05-05,138,3,351,174,5,2.017,57.458,11,314,336
2026-05-12,138,3,238,177,4,2.017,57.458,11,314,336
2026-05-19,138,3,418,76,6,2.017,57.458,11,314,336
2026-05-26,138,3,354,149,4,2.017,57.458,11,314,336
2026-06-02,138,3,323,170,8,2.017,57.458,11,314,336
2026-06-09,138,3,434,94,3,2.017,57.458,11,314,336
2026-06-16,138,3,391,122,3,2.017,57.458,11,314,336
2026-06-23,138,3,419,227,5,2.017,57.458,11,314,336
2026-06-30,138,3,414,96,6,2.017,57.458,11,314,336
2026-04-07,138,4,388,129,7,1.833,47.354,11,258,279
2026-04-14,138,4,380,70,5,1.833,47.354,11,258,279
2026-04-21,138,4,454,142,6,1.833,47.354,11,258,279
2026-04-28,138,4,351,249,5,1.833,47.354,11,258,279
2026-05-05,138,4,523,139,5,1.833,47.354,11,258,279
2026-05-12,138,4,360,116,5,1.833,47.354,11,258,279
2026-05-19,138,4,334,230,3,1.833,47.354,11,258,279
2026-05-26,138,4,513,96,3,1.833,47.354,11,258,279
2026-06-02,138,4,423,126,2,1.833,47.354,11,258,279
2026-06-09,138,4,390,281,7,1.833,47.354,11,258,279
2026-06-16,138,4,371,196,3,1.833,47.354,11,258,279
2026-06-23,138,4,514,133,5,1.833,47.354,11,258,279
2026-06-30,138,4,391,305,6,1.833,47.354,11,258,279
2026-04-07,138,5,116,36,4,1.244,28.625,11,156,170
2026-04-14,138,5,137,25,4,1.244,28.625,11,156,170
2026-04-21,138,5,146,58,4,1.244,28.625,11,156,170
2026-04-28,138,5,117,58,5,1.244,28.625,11,156,170
2026-05-05,138,5,131,24,5,1.244,28.625,11,156,170
2026-05-12,138,5,126,62,2,1.244,28.625,11,156,170
2026-05-19,138,5,162,61,2,1.244,28.625,11,156,170
2026-05-26,138,5,144,44,2,1.244,28.625,11,156,170
2026-06-02,138,5,137,47,5,1.244,28.625,11,156,170
2026-06-09,138,5,136,44,4,1.244,28.625,11,156,170
2026-06-16,138,5,106,70,2,1.244,28.625,11,156,170
2026-06-23,138,5,138,32,2,1.244,28.625,11,156,170
2026-06-30,138,5,118,47,2,1.244,28.625,11,156,170
2026-04-07,138,7,167,110,4,1.112,33.085,11,181,193
2026-04-14,138,7,183,143,4,1.112,33.085,11,181,193
2026-04-21,138,7,196,106,4,1.112,33.085,11,181,193
2026-04-28,138,7,136,92,4,1.112,33.085,11,181,193
2026-05-05,138,7,158,91,3,1.112,33.085,11,181,193
2026-05-12,138,7,214,69,2,1.112,33.085,11,181,193
2026-05-19,138,7,221,63,2,1.112,33.085,11,181,193
2026-05-26,138,7,206,41,2,1.112,33.085,11,181,193
2026-06-02,138,7,198,76,4,1.112,33.085,11,181,193
2026-06-09,138,7,244,50,3,1.112,33.085,11,181,193
2026-06-16,138,7,241,49,1,1.112,33.085,11,181,193
2026-06-23,138,7,286,75,2,1.112,33.085,11,181,193
2026-06-30,138,7,217,65,2,1.112,33.085,11,181,193
2026-04-07,138,9,165,42,4,0.975,33.412,11,182,193
2026-04-14,138,9,155,80,1,0.975,33.412,11,182,193
2026-04-21,138,9,99,77,4,0.975,33.412,11,182,193
2026-04-28,138,9,127,87,2,0.975,33.412,11,182,193
2026-05-05,138,9,156,40,4,0.975,33.412,11,182,193
2026-05-12,138,9,143,73,4,0.975,33.412,11,182,193
2026-05-19,138,9,189,35,4,0.975,33.412,11,182,193
2026-05-26,138,9,133,99,3,0.975,33.412,11,182,193
2026-06-02,138,9,184,55,2,0.975,33.412,11,182,193
2026-06-09,138,9,172,33,3,0.975,33.412,11,182,193
2026-06-16,138,9,178,51,2,0.975,33.412,11,182,193
2026-06-23,138,9,152,66,3,0.975,33.412,11,182,193
2026-06-30,138,9,141,106,2,0.975,33.412,11,182,193
2026-04-07,138,10,212,88,3,1.349,33.904,11,185,200
2026-04-14,138,10,163,96,5,1.349,33.904,11,185,200
2026-04-21,138,10,223,72,4,1.349,33.904,11,185,200
2026-04-28,138,10,194,61,4,1.349,33.904,11,185,200
2026-05-05,138,10,205,85,3,1.349,33.904,11,185,200
2026-05-12,138,10,174,75,4,1.349,33.904,11,185,200
2026-05-19,138,10,159,119,5,1.349,33.904,11,185,200
2026-05-26,138,10,224,73,4,1.349,33.904,11,185,200
2026-06-02,138,10,208,50,3,1.349,33.904,11,185,200
2026-06-09,138,10,247,64,5,1.349,33.904,11,185,200
2026-06-16,138,10,174,107,4,1.349,33.904,11,185,200
2026-06-23,138,10,190,47,2,1.349,33.904,11,185,200
2026-06-30,138,10,173,123,2,1.349,33.904,11,185,200
2026-04-07,139,1,1241,893,135,51.773,95.942,33,1041,2749
2026-04-14,139,1,1246,632,144,51.773,95.942,33,1041,2749
2026-04-21,139,1,1241,819,193,51.773,95.942,33,1041,2749
2026-04-28,139,1,1739,435,84,51.773,95.942,33,1041,2749
2026-05-05,139,1,1422,448,133,51.773,95.942,33,1041,2749
2026-05-12,139,1,1551,896,162,51.773,95.942,33,1041,2749
2026-05-19,139,1,1656,639,60,51.773,95.942,33,1041,2749
2026-05-26,139,1,1537,644,201,51.773,95.942,33,1041,2749
2026-06-02,139,1,1812,695,71,51.773,95.942,33,1041,2749
2026-06-09,139,1,1328,618,53,51.773,95.942,33,1041,2749
2026-06-16,139,1,1347,946,188,51.773,95.942,33,1041,2749
2026-06-23,139,1,1423,935,184,51.773,95.942,33,1041,2749
2026-06-30,139,1,1369,854,166,51.773,95.942,33,1041,2749
2026-04-07,139,6,398,227,8,3.497,72.125,33,682,798
2026-04-14,139,6,468,191,5,3.497,72.125,33,682,798
2026-04-21,139,6,403,191,8,3.497,72.125,33,682,798
2026-04-28,139,6,446,128,4,3.497,72.125,33,682,798
2026-05-05,139,6,332,260,6,3.497,72.125,33,682,798
2026-05-12,139,6,396,255,12,3.497,72.125,33,682,798
2026-05-19,139,6,367,228,4,3.497,72.125,33,682,798
2026-05-26,139,6,519,105,9,3.497,72.125,33,682,798
2026-06-02,139,6,382,199,13,3.497,72.125,33,682,798
2026-06-09,139,6,400,169,8,3.497,72.125,33,682,798
2026-06-16,139,6,465,162,7,3.497,72.125,33,682,798
2026-06-23,139,6,474,153,5,3.497,72.125,33,682,798
2026-06-30,139,6,575,154,5,3.497,72.125,33,682,798
2026-04-07,139,8,1188,635,49,35.902,92.279,33,941,2126
2026-04-14,139,8,1141,464,138,35.902,92.279,33,941,2126
2026-04-21,139,8,1152,411,115,35.902,92.279,33,941,2126
2026-04-28,139,8,1374,525,79,35.902,92.279,33,941,2126
2026-05-05,139,8,1151,249,89,35.902,92.279,33,941,2126
2026-05-12,139,8,1106,498,37,35.902,92.279,33,941,2126
2026-05-19,139,8,1134,753,37,35.902,92.279,33,941,2126
2026-05-26,139,8,1332,371,87,35.902,92.279,33,941,2126
2026-06-02,139,8,1108,806,74,35.902,92.279,33,941,2126
2026-06-09,139,8,1273,924,103,35.902,92.279,33,941,2126
2026-06-16,139,8,1225,481,121,35.902,92.279,33,941,2126
2026-06-23,139,8,1101,511,102,35.902,92.279,33,941,2126
2026-06-30,139,8,1407,407,127,35.902,92.279,33,941,2126
2026-04-07,140,5,171,38,5,3.285,36.87,17,251,306
2026-04-14,140,5,207,45,7,3.285,36.87,17,251,306
2026-04-21,140,5,126,81,13,3.285,36.87,17,251,306
2026-04-28,140,5,140,98,9,3.285,36.87,17,251,306
2026-05-05,140,5,130,66,9,3.285,36.87,17,251,306
2026-05-12,140,5,184,96,10,3.285,36.87,17,251,306
2026-05-19,140,5,191,74,5,3.285,36.87,17,251,306
2026-05-26,140,5,168,115,9,3.285,36.87,17,251,306
2026-06-02,140,5,153,94,9,3.285,36.87,17,251,306
2026-06-09,140,5,183,62,11,3.285,36.87,17,251,306
2026-06-16,140,5,179,90,8,3.285,36.87,17,251,306
2026-06-23,140,5,224,71,8,3.285,36.87,17,251,306
2026-06-30,140,5,197,122,8,3.285,36.87,17,251,306
2026-04-07,140,7,659,499,14,12.148,60.968,17,418,624
2026-04-14,140,7,700,566,28,12.148,60.968,17,418,624
2026-04-21,140,7,765,456,25,12.148,60.968,17,418,624
2026-04-28,140,7,711,398,30,12.148,60.968,17,418,624
2026-05-05,140,7,829,538,33,12.148,60.968,17,418,624
2026-05-12,140,7,1020,380,33,12.148,60.968,17,418,624
2026-05-19,140,7,1073,329,32,12.148,60.968,17,418,624
2026-05-26,140,7,935,587,40,12.148,60.968,17,418,624
2026-06-02,140,7,830,372,25,12.148,60.968,17,418,624
2026-06-09,140,7,1095,508,24,12.148,60.968,17,418,624
2026-06-16,140,7,971,241,32,12.148,60.968,17,418,624
2026-06-23,140,7,959,434,16,12.148,60.968,17,418,624
2026-06-30,140,7,879,224,19,12.148,60.968,17,418,624
2026-04-07,140,10,152,93,8,2.798,44.248,17,300,348
2026-04-14,140,10,201,104,3,2.798,44.248,17,300,348
2026-04-21,140,10,216,111,10,2.798,44.248,17,300,348
2026-04-28,140,10,267,53,9,2.798,44.248,17,300,348
2026-05-05,140,10,201,95,8,2.798,44.248,17,300,348
2026-05-12,140,10,216,112,10,2.798,44.248,17,300,348
2026-05-19,140,10,316,59,9,2.798,44.248,17,300,348
2026-05-26,140,10,252,64,6,2.798,44.248,17,300,348
2026-06-02,140,10,181,78,6,2.798,44.248,17,300,348
2026-06-09,140,10,236,153,10,2.798,44.248,17,300,348
2026-06-16,140,10,210,125,8,2.798,44.248,17,300,348
2026-06-23,140,10,236,89,6,2.798,44.248,17,300,348
2026-06-30,140,10,245,54,9,2.798,44.248,17,300,348
2026-04-07,141,1,408,176,2,1.305,59.575,14,367,385
2026-04-14,141,1,345,187,5,1.305,59.575,14,367,385
2026-04-21,141,1,450,223,3,1.305,59.575,14,367,385
2026-04-28,141,1,490,103,2,1.305,59.575,14,367,385
2026-05-05,141,1,413,213,1,1.305,59.575,14,367,385
2026-05-12,141,1,353,262,3,1.305,59.575,14,367,385
2026-05-19,141,1,438,229,3,1.305,59.575,14,367,385
2026-05-26,141,1,351,192,4,1.305,59.575,14,367,385
2026-06-02,141,1,452,214,4,1.305,59.575,14,367,385
2026-06-09,141,1,293,210,2,1.305,59.575,14,367,385
2026-06-16,141,1,401,156,5,1.305,59.575,14,367,385
2026-06-23,141,1,441,137,1,1.305,59.575,14,367,385
2026-06-30,141,1,540,135,2,1.305,59.575,14,367,385
2026-04-07,141,3,92,30,2,1.441,38.642,14,238,258
2026-04-14,141,3,91,28,2,1.441,38.642,14,238,258
2026-04-21,141,3,94,25,4,1.441,38.642,14,238,258
2026-04-28,141,3,75,33,3,1.441,38.642,14,238,258
2026-05-05,141,3,80,52,2,1.441,38.642,14,238,258
2026-05-12,141,3,85,24,3,1.441,38.642,14,238,258
2026-05-19,141,3,91,24,5,1.441,38.642,14,238,258
2026-05-26,141,3,112,34,6,1.441,38.642,14,238,258
2026-06-02,141,3,86,18,2,1.441,38.642,14,238,258
2026-06-09,141,3,79,54,2,1.441,38.642,14,238,258
2026-06-16,141,3,81,39,4,1.441,38.642,14,238,258
2026-06-23,141,3,85,49,5,1.441,38.642,14,238,258
2026-06-30,141,3,75,36,3,1.441,38.642,14,238,258
2026-04-07,141,4,346,69,9,3.236,92.407,14,569,614
2026-04-14,141,4,373,141,7,3.236,92.407,14,569,614
2026-04-21,141,4,351,228,7,3.236,92.407,14,569,614
2026-04-28,141,4,429,89,10,3.236,92.407,14,569,614
2026-05-05,141,4,417,121,11,3.236,92.407,14,569,614
2026-05-12,141,4,514,94,5,3.236,92.407,14,569,614
2026-05-19,141,4,452,122,8,3.236,92.407,14,569,614
2026-05-26,141,4,510,99,11,3.236,92.407,14,569,614
2026-06-02,141,4,454,96,4,3.236,92.407,14,569,614
2026-06-09,141,4,354,258,7,3.236,92.407,14,569,614
2026-06-16,141,4,356,181,10,3.236,92.407,14,569,614
2026-06-23,141,4,484,98,10,3.236,92.407,14,569,614
2026-06-30,141,4,318,164,6,3.236,92.407,14,569,614
2026-04-07,141,5,241,100,7,2.248,58.438,14,360,391
2026-04-14,141,5,201,86,6,2.248,58.438,14,360,391
2026-04-21,141,5,297,96,3,2.248,58.438,14,360,391
2026-04-28,141,5,263,110,2,2.248,58.438,14,360,391
2026-05-05,141,5,238,109,9,2.248,58.438,14,360,391
2026-05-12,141,5,222,58,9,2.248,58.438,14,360,391
2026-05-19,141,5,277,129,8,2.248,58.438,14,360,391
2026-05-26,141,5,270,89,7,2.248,58.438,14,360,391
2026-06-02,141,5,198,132,7,2.248,58.438,14,360,391
2026-06-09,141,5,188,123,6,2.248,58.438,14,360,391
2026-06-16,141,5,279,50,8,2.248,58.438,14,360,391
2026-06-23,141,5,278,80,6,2.248,58.438,14,360,391
2026-06-30,141,5,262,159,5,2.248,58.438,14,360,391
2026-04-07,141,7,107,77,4,1.6,65.5,14,403,426
2026-04-14,141,7,141,42,3,1.6,65.5,14,403,426
2026-04-21,141,7,130,63,4,1.6,65.5,14,403,426
2026-04-28,141,7,120,82,5,1.6,65.5,14,403,426
2026-05-05,141,7,158,67,4,1.6,65.5,14,403,426
2026-05-12,141,7,153,36,6,1.6,65.5,14,403,426
2026-05-19,141,7,149,107,6,1.6,65.5,14,403,426
2026-05-26,141,7,117,82,2,1.6,65.5,14,403,426
2026-06-02,141,7,111,90,5,1.6,65.5,14,403,426
2026-06-09,141,7,160,65,6,1.6,65.5,14,403,426
2026-06-16,141,7,173,38,4,1.6,65.5,14,403,426
2026-06-23,141,7,126,85,6,1.6,65.5,14,403,426
2026-06-30,141,7,154,40,3,1.6,65.5,14,403,426
2026-04-07,141,9,126,96,5,2.511,78.467,14,483,518
2026-04-14,141,9,155,87,7,2.511,78.467,14,483,518
2026-04-21,141,9,166,73,4,2.511,78.467,14,483,518
2026-04-28,141,9,181,53,3,2.511,78.467,14,483,518
2026-05-05,141,9,210,47,8,2.511,78.467,14,483,518
2026-05-12,141,9,171,116,10,2.511,78.467,14,483,518
2026-05-19,141,9,202,64,10,2.511,78.467,14,483,518
2026-05-26,141,9,177,96,3,2.511,78.467,14,483,518
2026-06-02,141,9,244,56,9,2.511,78.467,14,483,518
2026-06-09,141,9,190,86,10,2.511,78.467,14,483,518
2026-06-16,141,9,223,52,7,2.511,78.467,14,483,518
2026-06-23,141,9,146,107,9,2.511,78.467,14,483,518
2026-06-30,141,9,214,54,9,2.511,78.467,14,483,518
2026-04-07,141,10,353,180,3,1.737,45.301,14,279,303
2026-04-14,141,10,553,104,2,1.737,45.301,14,279,303
2026-04-21,141,10,387,190,6,1.737,45.301,14,279,303
2026-04-28,141,10,375,197,5,1.737,45.301,14,279,303
2026-05-05,141,10,525,157,6,1.737,45.301,14,279,303
2026-05-12,141,10,357,152,2,1.737,45.301,14,279,303
2026-05-19,141,10,396,135,3,1.737,45.301,14,279,303
2026-05-26,141,10,405,284,3,1.737,45.301,14,279,303
2026-06-02,141,10,321,262,5,1.737,45.301,14,279,303
2026-06-09,141,10,631,174,2,1.737,45.301,14,279,303
2026-06-16,141,10,505,216,2,1.737,45.301,14,279,303
2026-06-23,141,10,467,255,3,1.737,45.301,14,279,303
2026-06-30,141,10,532,145,3,1.737,45.301,14,279,303
2026-04-07,142,1,212,93,1,0.791,47.726,17,324,337
2026-04-14,142,1,220,81,2,0.791,47.726,17,324,337
2026-04-21,142,1,193,128,1,0.791,47.726,17,324,337
2026-04-28,142,1,267,120,1,0.791,47.726,17,324,337
2026-05-05,142,1,261,63,1,0.791,47.726,17,324,337
2026-05-12,142,1,203,152,1,0.791,47.726,17,324,337
2026-05-19,142,1,353,69,2,0.791,47.726,17,324,337
2026-05-26,142,1,258,133,2,0.791,47.726,17,324,337
2026-06-02,142,1,238,176,1,0.791,47.726,17,324,337
2026-06-09,142,1,292,75,3,0.791,47.726,17,324,337
2026-06-16,142,1,212,173,1,0.791,47.726,17,324,337
2026-06-23,142,1,258,99,3,0.791,47.726,17,324,337
2026-06-30,142,1,296,104,2,0.791,47.726,17,324,337
2026-04-07,142,3,133,107,2,0.576,30.757,17,209,218
2026-04-14,142,3,139,86,2,0.576,30.757,17,209,218
2026-04-21,142,3,157,41,2,0.576,30.757,17,209,218
2026-04-28,142,3,132,90,2,0.576,30.757,17,209,218
2026-05-05,142,3,194,36,1,0.576,30.757,17,209,218
2026-05-12,142,3,159,100,1,0.576,30.757,17,209,218
2026-05-19,142,3,150,95,1,0.576,30.757,17,209,218
2026-05-26,142,3,138,64,1,0.576,30.757,17,209,218
2026-06-02,142,3,199,36,1,0.576,30.757,17,209,218
2026-06-09,142,3,174,68,2,0.576,30.757,17,209,218
2026-06-16,142,3,193,46,2,0.576,30.757,17,209,218
2026-06-23,142,3,197,67,1,0.576,30.757,17,209,218
2026-06-30,142,3,256,50,2,0.576,30.757,17,209,218
2026-04-07,142,4,234,75,4,0.938,41.286,17,280,296
2026-04-14,142,4,252,62,4,0.938,41.286,17,280,296
2026-04-21,142,4,243,76,1,0.938,41.286,17,280,296
2026-04-28,142,4,287,68,3,0.938,41.286,17,280,296
2026-05-05,142,4,181,82,3,0.938,41.286,17,280,296
2026-05-12,142,4,161,115,1,0.938,41.286,17,280,296
2026-05-19,142,4,170,128,1,0.938,41.286,17,280,296
2026-05-26,142,4,232,82,3,0.938,41.286,17,280,296
2026-06-02,142,4,216,123,3,0.938,41.286,17,280,296
2026-06-09,142,4,238,55,2,0.938,41.286,17,280,296
2026-06-16,142,4,225,137,2,0.938,41.286,17,280,296
2026-06-23,142,4,280,89,3,0.938,41.286,17,280,296
2026-06-30,142,4,243,108,2,0.938,41.286,17,280,296
2026-04-07,142,5,217,41,2,1.137,37.733,17,256,275
2026-04-14,142,5,151,110,2,1.137,37.733,17,256,275
2026-04-21,142,5,170,69,3,1.137,37.733,17,256,275
2026-04-28,142,5,216,51,3,1.137,37.733,17,256,275
2026-05-05,142,5,197,109,3,1.137,37.733,17,256,275
2026-05-12,142,5,185,121,1,1.137,37.733,17,256,275
2026-05-19,142,5,281,63,2,1.137,37.733,17,256,275
2026-05-26,142,5,265,70,2,1.137,37.733,17,256,275
2026-06-02,142,5,208,62,2,1.137,37.733,17,256,275
2026-06-09,142,5,199,138,2,1.137,37.733,17,256,275
2026-06-16,142,5,222,121,3,1.137,37.733,17,256,275
2026-06-23,142,5,198,108,4,1.137,37.733,17,256,275
2026-06-30,142,5,244,104,2,1.137,37.733,17,256,275
2026-04-07,142,7,320,241,4,1.071,74.486,17,505,523
2026-04-14,142,7,479,146,2,1.071,74.486,17,505,523
2026-04-21,142,7,323,170,4,1.071,74.486,17,505,523
2026-04-28,142,7,332,238,3,1.071,74.486,17,505,523
2026-05-05,142,7,448,131,4,1.071,74.486,17,505,523
2026-05-12,142,7,374,196,1,1.071,74.486,17,505,523
2026-05-19,142,7,498,89,3,1.071,74.486,17,505,523
2026-05-26,142,7,518,126,3,1.071,74.486,17,505,523
2026-06-02,142,7,520,147,2,1.071,74.486,17,505,523
2026-06-09,142,7,360,233,4,1.071,74.486,17,505,523
2026-06-16,142,7,460,150,2,1.071,74.486,17,505,523
2026-06-23,142,7,372,286,3,1.071,74.486,17,505,523
2026-06-30,142,7,370,261,3,1.071,74.486,17,505,523
2026-04-07,142,9,176,54,3,0.832,40.084,17,272,286
2026-04-14,142,9,231,52,2,0.832,40.084,17,272,286
2026-04-21,142,9,165,118,2,0.832,40.084,17,272,286
2026-04-28,142,9,221,96,3,0.832,40.084,17,272,286
2026-05-05,142,9,230,49,2,0.832,40.084,17,272,286
2026-05-12,142,9,210,64,1,0.832,40.084,17,272,286
2026-05-19,142,9,214,78,2,0.832,40.084,17,272,286
2026-05-26,142,9,164,118,3,0.832,40.084,17,272,286
2026-06-02,142,9,223,79,3,0.832,40.084,17,272,286
2026-06-09,142,9,192,92,2,0.832,40.084,17,272,286
2026-06-16,142,9,254,62,3,0.832,40.084,17,272,286
2026-06-23,142,9,194,134,1,0.832,40.084,17,272,286
2026-06-30,142,9,205,106,3,0.832,40.084,17,272,286
2026-04-07,142,10,339,214,5,1.402,66.801,17,453,477
2026-04-14,142,10,624,181,5,1.402,66.801,17,453,477
2026-04-21,142,10,384,288,5,1.402,66.801,17,453,477
2026-04-28,142,10,510,260,4,1.402,66.801,17,453,477
2026-05-05,142,10,548,126,3,1.402,66.801,17,453,477
2026-05-12,142,10,407,234,2,1.402,66.801,17,453,477
2026-05-19,142,10,409,292,5,1.402,66.801,17,453,477
2026-05-26,142,10,491,209,5,1.402,66.801,17,453,477
2026-06-02,142,10,543,97,4,1.402,66.801,17,453,477
2026-06-09,142,10,522,242,3,1.402,66.801,17,453,477
2026-06-16,142,10,462,82,5,1.402,66.801,17,453,477
2026-06-23,142,10,639,149,5,1.402,66.801,17,453,477
2026-06-30,142,10,603,280,5,1.402,66.801,17,453,477
2026-04-07,143,1,207,137,11,5.314,58.829,13,349,418
2026-04-14,143,1,302,70,14,5.314,58.829,13,349,418
2026-04-21,143,1,217,73,6,5.314,58.829,13,349,418
2026-04-28,143,1,272,103,9,5.314,58.829,13,349,418
2026-05-05,143,1,185,139,18,5.314,58.829,13,349,418
2026-05-12,143,1,232,82,9,5.314,58.829,13,349,418
2026-05-19,143,1,286,60,19,5.314,58.829,13,349,418
2026-05-26,143,1,241,180,21,5.314,58.829,13,349,418
2026-06-02,143,1,233,103,16,5.314,58.829,13,349,418
2026-06-09,143,1,237,118,10,5.314,58.829,13,349,418
2026-06-16,143,1,238,138,17,5.314,58.829,13,349,418
2026-06-23,143,1,282,129,10,5.314,58.829,13,349,418
2026-06-30,143,1,236,173,15,5.314,58.829,13,349,418
2026-04-07,143,3,232,153,20,5.578,56.18,13,333,406
2026-04-14,143,3,311,74,7,5.578,56.18,13,333,406
2026-04-21,143,3,362,83,19,5.578,56.18,13,333,406
2026-04-28,143,3,263,109,8,5.578,56.18,13,333,406
2026-05-05,143,3,270,131,20,5.578,56.18,13,333,406
2026-05-12,143,3,269,150,16,5.578,56.18,13,333,406
2026-05-19,143,3,297,110,16,5.578,56.18,13,333,406
2026-05-26,143,3,412,103,6,5.578,56.18,13,333,406
2026-06-02,143,3,261,149,10,5.578,56.18,13,333,406
2026-06-09,143,3,389,88,12,5.578,56.18,13,333,406
2026-06-16,143,3,312,68,11,5.578,56.18,13,333,406
2026-06-23,143,3,356,139,19,5.578,56.18,13,333,406
2026-06-30,143,3,339,95,18,5.578,56.18,13,333,406
2026-04-07,143,4,725,179,12,8.727,57.431,13,341,455
2026-04-14,143,4,458,306,19,8.727,57.431,13,341,455
2026-04-21,143,4,552,396,16,8.727,57.431,13,341,455
2026-04-28,143,4,615,205,31,8.727,57.431,13,341,455
2026-05-05,143,4,715,194,27,8.727,57.431,13,341,455
2026-05-12,143,4,582,393,13,8.727,57.431,13,341,455
2026-05-19,143,4,807,250,18,8.727,57.431,13,341,455
2026-05-26,143,4,844,257,28,8.727,57.431,13,341,455
2026-06-02,143,4,716,217,24,8.727,57.431,13,341,455
2026-06-09,143,4,762,230,26,8.727,57.431,13,341,455
2026-06-16,143,4,636,330,25,8.727,57.431,13,341,455
2026-06-23,143,4,805,334,20,8.727,57.431,13,341,455
2026-06-30,143,4,780,236,21,8.727,57.431,13,341,455
2026-04-07,143,5,369,297,12,5.072,47.393,13,281,347
2026-04-14,143,5,437,310,6,5.072,47.393,13,281,347
2026-04-21,143,5,486,308,10,5.072,47.393,13,281,347
2026-04-28,143,5,569,212,20,5.072,47.393,13,281,347
2026-05-05,143,5,546,101,19,5.072,47.393,13,281,347
2026-05-12,143,5,519,141,12,5.072,47.393,13,281,347
2026-05-19,143,5,440,283,5,5.072,47.393,13,281,347
2026-05-26,143,5,480,302,5,5.072,47.393,13,281,347
2026-06-02,143,5,497,296,17,5.072,47.393,13,281,347
2026-06-09,143,5,426,265,14,5.072,47.393,13,281,347
2026-06-16,143,5,607,172,17,5.072,47.393,13,281,347
2026-06-23,143,5,657,150,14,5.072,47.393,13,281,347
2026-06-30,143,5,479,254,13,5.072,47.393,13,281,347
2026-04-07,143,7,690,416,17,7.056,80.899,13,480,572
2026-04-14,143,7,924,172,28,7.056,80.899,13,480,572
2026-04-21,143,7,634,361,16,7.056,80.899,13,480,572
2026-04-28,143,7,731,400,22,7.056,80.899,13,480,572
2026-05-05,143,7,845,335,28,7.056,80.899,13,480,572
2026-05-12,143,7,847,305,24,7.056,80.899,13,480,572
2026-05-19,143,7,709,439,22,7.056,80.899,13,480,572
2026-05-26,143,7,1056,302,18,7.056,80.899,13,480,572
2026-06-02,143,7,1088,345,28,7.056,80.899,13,480,572
2026-06-09,143,7,719,336,21,7.056,80.899,13,480,572
2026-06-16,143,7,977,353,15,7.056,80.899,13,480,572
2026-06-23,143,7,992,297,18,7.056,80.899,13,480,572
2026-06-30,143,7,733,452,26,7.056,80.899,13,480,572
2026-04-07,143,9,534,281,7,6.11,60.008,13,356,436
2026-04-14,143,9,575,174,9,6.11,60.008,13,356,436
2026-04-21,143,9,648,328,6,6.11,60.008,13,356,436
2026-04-28,143,9,571,283,16,6.11,60.008,13,356,436
2026-05-05,143,9,636,279,14,6.11,60.008,13,356,436
2026-05-12,143,9,701,197,9,6.11,60.008,13,356,436
2026-05-19,143,9,539,388,19,6.11,60.008,13,356,436
2026-05-26,143,9,482,338,17,6.11,60.008,13,356,436
2026-06-02,143,9,646,328,9,6.11,60.008,13,356,436
2026-06-09,143,9,781,202,7,6.11,60.008,13,356,436
2026-06-16,143,9,521,391,18,6.11,60.008,13,356,436
2026-06-23,143,9,672,314,21,6.11,60.008,13,356,436
2026-06-30,143,9,816,271,8,6.11,60.008,13,356,436
2026-04-07,143,10,202,113,23,6.229,51.325,13,305,386
2026-04-14,143,10,327,100,10,6.229,51.325,13,305,386
2026-04-21,143,10,279,66,17,6.229,51.325,13,305,386
2026-04-28,143,10,282,67,22,6.229,51.325,13,305,386
2026-05-05,143,10,232,185,20,6.229,51.325,13,305,386
2026-05-12,143,10,278,209,17,6.229,51.325,13,305,386
2026-05-19,143,10,230,174,25,6.229,51.325,13,305,386
2026-05-26,143,10,270,153,17,6.229,51.325,13,305,386
2026-06-02,143,10,328,111,15,6.229,51.325,13,305,386
2026-06-09,143,10,355,133,17,6.229,51.325,13,305,386
2026-06-16,143,10,361,79,23,6.229,51.325,13,305,386
2026-06-23,143,10,359,93,24,6.229,51.325,13,305,386
2026-06-30,143,10,393,87,6,6.229,51.325,13,305,386
2026-04-07,144,1,421,152,5,2.818,54.621,17,371,419
2026-04-14,144,1,421,235,8,2.818,54.621,17,371,419
2026-04-21,144,1,348,180,10,2.818,54.621,17,371,419
2026-04-28,144,1,312,233,6,2.818,54.621,17,371,419
2026-05-05,144,1,410,179,4,2.818,54.621,17,371,419
2026-05-12,144,1,338,190,3,2.818,54.621,17,371,419
2026-05-19,144,1,480,151,11,2.818,54.621,17,371,419
2026-05-26,144,1,416,187,3,2.818,54.621,17,371,419
2026-06-02,144,1,375,272,9,2.818,54.621,17,371,419
2026-06-09,144,1,304,233,5,2.818,54.621,17,371,419
2026-06-16,144,1,433,165,10,2.818,54.621,17,371,419
2026-06-23,144,1,465,186,10,2.818,54.621,17,371,419
2026-06-30,144,1,424,172,8,2.818,54.621,17,371,419
2026-04-07,144,3,192,88,4,2.55,47.561,17,323,366
2026-04-14,144,3,265,59,8,2.55,47.561,17,323,366
2026-04-21,144,3,186,110,6,2.55,47.561,17,323,366
2026-04-28,144,3,238,42,9,2.55,47.561,17,323,366
2026-05-05,144,3,227,67,9,2.55,47.561,17,323,366
2026-05-12,144,3,260,65,6,2.55,47.561,17,323,366
2026-05-19,144,3,249,156,7,2.55,47.561,17,323,366
2026-05-26,144,3,218,140,6,2.55,47.561,17,323,366
2026-06-02,144,3,210,65,4,2.55,47.561,17,323,366
2026-06-09,144,3,316,151,3,2.55,47.561,17,323,366
2026-06-16,144,3,283,81,9,2.55,47.561,17,323,366
2026-06-23,144,3,223,110,3,2.55,47.561,17,323,366
2026-06-30,144,3,231,159,5,2.55,47.561,17,323,366
2026-04-07,144,4,381,288,5,4.675,65.409,17,444,524
2026-04-14,144,4,517,102,16,4.675,65.409,17,444,524
2026-04-21,144,4,447,190,9,4.675,65.409,17,444,524
2026-04-28,144,4,606,227,14,4.675,65.409,17,444,524
2026-05-05,144,4,527,236,5,4.675,65.409,17,444,524
2026-05-12,144,4,627,327,17,4.675,65.409,17,444,524
2026-05-19,144,4,647,161,18,4.675,65.409,17,444,524
2026-05-26,144,4,521,195,10,4.675,65.409,17,444,524
2026-06-02,144,4,570,230,5,4.675,65.409,17,444,524
2026-06-09,144,4,692,122,7,4.675,65.409,17,444,524
2026-06-16,144,4,563,279,8,4.675,65.409,17,444,524
2026-06-23,144,4,599,118,11,4.675,65.409,17,444,524
2026-06-30,144,4,591,313,11,4.675,65.409,17,444,524
2026-04-07,144,5,249,105,7,3.506,46.495,17,316,375
2026-04-14,144,5,227,162,9,3.506,46.495,17,316,375
2026-04-21,144,5,242,118,14,3.506,46.495,17,316,375
2026-04-28,144,5,325,118,4,3.506,46.495,17,316,375
2026-05-05,144,5,254,113,9,3.506,46.495,17,316,375
2026-05-12,144,5,263,154,7,3.506,46.495,17,316,375
2026-05-19,144,5,230,128,11,3.506,46.495,17,316,375
2026-05-26,144,5,328,80,13,3.506,46.495,17,316,375
2026-06-02,144,5,370,72,5,3.506,46.495,17,316,375
2026-06-09,144,5,348,107,5,3.506,46.495,17,316,375
2026-06-16,144,5,294,197,8,3.506,46.495,17,316,375
2026-06-23,144,5,318,148,10,3.506,46.495,17,316,375
2026-06-30,144,5,346,112,5,3.506,46.495,17,316,375
2026-04-07,144,7,188,50,4,2.462,39.902,17,271,313
2026-04-14,144,7,190,93,7,2.462,39.902,17,271,313
2026-04-21,144,7,192,98,8,2.462,39.902,17,271,313
2026-04-28,144,7,154,119,3,2.462,39.902,17,271,313
2026-05-05,144,7,175,101,7,2.462,39.902,17,271,313
2026-05-12,144,7,164,65,5,2.462,39.902,17,271,313
2026-05-19,144,7,195,89,9,2.462,39.902,17,271,313
2026-05-26,144,7,200,94,3,2.462,39.902,17,271,313
2026-06-02,144,7,175,85,7,2.462,39.902,17,271,313
2026-06-09,144,7,179,132,10,2.462,39.902,17,271,313
2026-06-16,144,7,188,91,9,2.462,39.902,17,271,313
2026-06-23,144,7,207,68,6,2.462,39.902,17,271,313
2026-06-30,144,7,202,105,9,2.462,39.902,17,271,313
2026-04-07,144,9,273,78,7,2.579,45.742,17,311,354
2026-04-14,144,9,279,95,6,2.579,45.742,17,311,354
2026-04-21,144,9,235,111,4,2.579,45.742,17,311,354
2026-04-28,144,9,326,60,3,2.579,45.742,17,311,354
2026-05-05,144,9,232,111,4,2.579,45.742,17,311,354
2026-05-12,144,9,263,166,6,2.579,45.742,17,311,354
2026-05-19,144,9,274,79,6,2.579,45.742,17,311,354
2026-05-26,144,9,228,137,7,2.579,45.742,17,311,354
2026-06-02,144,9,251,188,5,2.579,45.742,17,311,354
2026-06-09,144,9,216,143,6,2.579,45.742,17,311,354
2026-06-16,144,9,287,63,10,2.579,45.742,17,311,354
2026-06-23,144,9,319,132,6,2.579,45.742,17,311,354
2026-06-30,144,9,322,164,10,2.579,45.742,17,311,354
2026-04-07,144,10,197,47,12,3.406,32.723,17,223,280
2026-04-14,144,10,154,62,5,3.406,32.723,17,223,280
2026-04-21,144,10,166,37,5,3.406,32.723,17,223,280
2026-04-28,144,10,135,99,12,3.406,32.723,17,223,280
2026-05-05,144,10,172,31,10,3.406,32.723,17,223,280
2026-05-12,144,10,172,90,7,3.406,32.723,17,223,280
2026-05-19,144,10,127,98,12,3.406,32.723,17,223,280
2026-05-26,144,10,192,43,9,3.406,32.723,17,223,280
2026-06-02,144,10,152,113,11,3.406,32.723,17,223,280
2026-06-09,144,10,158,101,5,3.406,32.723,17,223,280
2026-06-16,144,10,184,50,6,3.406,32.723,17,223,280
2026-06-23,144,10,183,73,10,3.406,32.723,17,223,280
2026-06-30,144,10,260,50,13,3.406,32.723,17,223,280
2026-04-07,145,2,550,431,46,18.482,71.478,10,375,559
2026-04-14,145,2,766,418,45,18.482,71.478,10,375,559
2026-04-21,145,2,572,447,33,18.482,71.478,10,375,559
2026-04-28,145,2,992,285,33,18.482,71.478,10,375,559
2026-05-05,145,2,693,489,28,18.482,71.478,10,375,559
2026-05-12,145,2,763,335,73,18.482,71.478,10,375,559
2026-05-19,145,2,727,536,28,18.482,71.478,10,375,559
2026-05-26,145,2,794,467,47,18.482,71.478,10,375,559
2026-06-02,145,2,728,332,28,18.482,71.478,10,375,559
2026-06-09,145,2,937,207,54,18.482,71.478,10,375,559
2026-06-16,145,2,1111,196,67,18.482,71.478,10,375,559
2026-06-23,145,2,1010,233,24,18.482,71.478,10,375,559
2026-06-30,145,2,848,479,41,18.482,71.478,10,375,559
2026-04-07,145,8,1098,505,110,106.968,128.339,10,718,1788
2026-04-14,145,8,1187,355,155,106.968,128.339,10,718,1788
2026-04-21,145,8,1516,566,386,106.968,128.339,10,718,1788
2026-04-28,145,8,1601,518,279,106.968,128.339,10,718,1788
2026-05-05,145,8,1472,399,416,106.968,128.339,10,718,1788
2026-05-12,145,8,1198,516,357,106.968,128.339,10,718,1788
2026-05-19,145,8,1169,848,198,106.968,128.339,10,718,1788
2026-05-26,145,8,1460,648,236,106.968,128.339,10,718,1788
2026-06-02,145,8,1434,546,372,106.968,128.339,10,718,1788
2026-06-09,145,8,1447,559,207,106.968,128.339,10,718,1788
2026-06-16,145,8,1405,753,304,106.968,128.339,10,718,1788
2026-06-23,145,8,1255,624,424,106.968,128.339,10,718,1788
2026-06-30,145,8,1317,809,250,106.968,128.339,10,718,1788
2026-04-07,145,10,507,239,58,31.248,87.71,10,463,775
2026-04-14,145,10,639,206,106,31.248,87.71,10,463,775
2026-04-21,145,10,520,368,95,31.248,87.71,10,463,775
2026-04-28,145,10,408,284,106,31.248,87.71,10,463,775
2026-05-05,145,10,558,210,83,31.248,87.71,10,463,775
2026-05-12,145,10,666,247,62,31.248,87.71,10,463,775
2026-05-19,145,10,592,175,93,31.248,87.71,10,463,775
2026-05-26,145,10,520,340,121,31.248,87.71,10,463,775
2026-06-02,145,10,829,174,115,31.248,87.71,10,463,775
2026-06-09,145,10,584,419,118,31.248,87.71,10,463,775
2026-06-16,145,10,759,238,109,31.248,87.71,10,463,775
2026-06-23,145,10,661,194,65,31.248,87.71,10,463,775
2026-06-30,145,10,689,272,47,31.248,87.71,10,463,775
2026-04-07,146,1,450,237,3,1.172,71.269,14,439,455
2026-04-14,146,1,429,191,2,1.172,71.269,14,439,455
2026-04-21,146,1,423,231,2,1.172,71.269,14,439,455
2026-04-28,146,1,430,255,4,1.172,71.269,14,439,455
2026-05-05,146,1,453,92,2,1.172,71.269,14,439,455
2026-05-12,146,1,464,164,2,1.172,71.269,14,439,455
2026-05-19,146,1,457,264,3,1.172,71.269,14,439,455
2026-05-26,146,1,595,208,2,1.172,71.269,14,439,455
2026-06-02,146,1,611,139,1,1.172,71.269,14,439,455
2026-06-09,146,1,542,245,2,1.172,71.269,14,439,455
2026-06-16,146,1,509,130,3,1.172,71.269,14,439,455
2026-06-23,146,1,619,152,4,1.172,71.269,14,439,455
2026-06-30,146,1,456,200,3,1.172,71.269,14,439,455
2026-04-07,146,3,173,64,2,1.46,39.926,14,246,266
2026-04-14,146,3,139,102,4,1.46,39.926,14,246,266
2026-04-21,146,3,150,120,4,1.46,39.926,14,246,266
2026-04-28,146,3,211,93,5,1.46,39.926,14,246,266
2026-05-05,146,3,189,110,2,1.46,39.926,14,246,266
2026-05-12,146,3,197,49,4,1.46,39.926,14,246,266
2026-05-19,146,3,164,112,2,1.46,39.926,14,246,266
2026-05-26,146,3,185,114,2,1.46,39.926,14,246,266
2026-06-02,146,3,291,65,4,1.46,39.926,14,246,266
2026-06-09,146,3,219,48,6,1.46,39.926,14,246,266
2026-06-16,146,3,211,79,2,1.46,39.926,14,246,266
2026-06-23,146,3,260,58,4,1.46,39.926,14,246,266
2026-06-30,146,3,178,123,5,1.46,39.926,14,246,266
2026-04-07,146,4,416,155,8,2.646,60.922,14,375,412
2026-04-14,146,4,422,187,8,2.646,60.922,14,375,412
2026-04-21,146,4,444,184,9,2.646,60.922,14,375,412
2026-04-28,146,4,540,126,10,2.646,60.922,14,375,412
2026-05-05,146,4,308,214,7,2.646,60.922,14,375,412
2026-05-12,146,4,393,228,6,2.646,60.922,14,375,412
2026-05-19,146,4,595,108,3,2.646,60.922,14,375,412
2026-05-26,146,4,447,233,6,2.646,60.922,14,375,412
2026-06-02,146,4,433,199,9,2.646,60.922,14,375,412
2026-06-09,146,4,517,159,4,2.646,60.922,14,375,412
2026-06-16,146,4,538,140,10,2.646,60.922,14,375,412
2026-06-23,146,4,494,151,7,2.646,60.922,14,375,412
2026-06-30,146,4,505,286,9,2.646,60.922,14,375,412
2026-04-07,146,5,146,101,5,1.401,28.444,14,175,195
2026-04-14,146,5,156,92,3,1.401,28.444,14,175,195
2026-04-21,146,5,155,127,4,1.401,28.444,14,175,195
2026-04-28,146,5,187,35,2,1.401,28.444,14,175,195
2026-05-05,146,5,213,49,3,1.401,28.444,14,175,195
2026-05-12,146,5,227,61,5,1.401,28.444,14,175,195
2026-05-19,146,5,177,142,5,1.401,28.444,14,175,195
2026-05-26,146,5,175,118,3,1.401,28.444,14,175,195
2026-06-02,146,5,187,135,2,1.401,28.444,14,175,195
2026-06-09,146,5,218,71,5,1.401,28.444,14,175,195
2026-06-16,146,5,222,55,5,1.401,28.444,14,175,195
2026-06-23,146,5,246,118,2,1.401,28.444,14,175,195
2026-06-30,146,5,206,115,5,1.401,28.444,14,175,195
2026-04-07,146,7,347,92,7,1.81,70.149,14,432,457
2026-04-14,146,7,311,170,2,1.81,70.149,14,432,457
2026-04-21,146,7,366,144,7,1.81,70.149,14,432,457
2026-04-28,146,7,286,142,6,1.81,70.149,14,432,457
2026-05-05,146,7,380,84,5,1.81,70.149,14,432,457
2026-05-12,146,7,283,215,6,1.81,70.149,14,432,457
2026-05-19,146,7,399,75,6,1.81,70.149,14,432,457
2026-05-26,146,7,341,76,6,1.81,70.149,14,432,457
2026-06-02,146,7,463,111,5,1.81,70.149,14,432,457
2026-06-09,146,7,471,143,6,1.81,70.149,14,432,457
2026-06-16,146,7,388,179,2,1.81,70.149,14,432,457
2026-06-23,146,7,287,214,4,1.81,70.149,14,432,457
2026-06-30,146,7,401,89,3,1.81,70.149,14,432,457
2026-04-07,146,9,91,48,3,1.367,43.237,14,266,285
2026-04-14,146,9,94,38,2,1.367,43.237,14,266,285
2026-04-21,146,9,79,62,4,1.367,43.237,14,266,285
2026-04-28,146,9,102,21,4,1.367,43.237,14,266,285
2026-05-05,146,9,117,21,4,1.367,43.237,14,266,285
2026-05-12,146,9,94,54,2,1.367,43.237,14,266,285
2026-05-19,146,9,79,51,3,1.367,43.237,14,266,285
2026-05-26,146,9,90,70,4,1.367,43.237,14,266,285
2026-06-02,146,9,89,49,5,1.367,43.237,14,266,285
2026-06-09,146,9,132,38,3,1.367,43.237,14,266,285
2026-06-16,146,9,129,25,5,1.367,43.237,14,266,285
2026-06-23,146,9,83,52,4,1.367,43.237,14,266,285
2026-06-30,146,9,108,37,3,1.367,43.237,14,266,285
2026-04-07,146,10,166,76,7,1.948,44.641,14,275,302
2026-04-14,146,10,195,81,7,1.948,44.641,14,275,302
2026-04-21,146,10,285,59,8,1.948,44.641,14,275,302
2026-04-28,146,10,175,139,7,1.948,44.641,14,275,302
2026-05-05,146,10,210,69,5,1.948,44.641,14,275,302
2026-05-12,146,10,211,74,4,1.948,44.641,14,275,302
2026-05-19,146,10,199,136,7,1.948,44.641,14,275,302
2026-05-26,146,10,289,55,7,1.948,44.641,14,275,302
2026-06-02,146,10,225,146,3,1.948,44.641,14,275,302
2026-06-09,146,10,317,72,4,1.948,44.641,14,275,302
2026-06-16,146,10,274,63,2,1.948,44.641,14,275,302
2026-06-23,146,10,279,57,3,1.948,44.641,14,275,302
2026-06-30,146,10,206,148,6,1.948,44.641,14,275,302
2026-04-07,147,1,279,135,6,2.326,38.54,45,426,531
2026-04-14,147,1,308,139,4,2.326,38.54,45,426,531
2026-04-21,147,1,390,81,4,2.326,38.54,45,426,531
2026-04-28,147,1,394,75,5,2.326,38.54,45,426,531
2026-05-05,147,1,264,169,5,2.326,38.54,45,426,531
2026-05-12,147,1,228,161,4,2.326,38.54,45,426,531
2026-05-19,147,1,226,169,6,2.326,38.54,45,426,531
2026-05-26,147,1,237,184,8,2.326,38.54,45,426,531
2026-06-02,147,1,228,157,8,2.326,38.54,45,426,531
2026-06-09,147,1,364,67,3,2.326,38.54,45,426,531
2026-06-16,147,1,331,94,8,2.326,38.54,45,426,531
2026-06-23,147,1,238,120,8,2.326,38.54,45,426,531
2026-06-30,147,1,197,126,3,2.326,38.54,45,426,531
2026-04-07,147,4,269,211,2,0.745,34.069,45,376,410
2026-04-14,147,4,316,124,2,0.745,34.069,45,376,410
2026-04-21,147,4,219,166,2,0.745,34.069,45,376,410
2026-04-28,147,4,367,112,3,0.745,34.069,45,376,410
2026-05-05,147,4,281,111,3,0.745,34.069,45,376,410
2026-05-12,147,4,293,103,2,0.745,34.069,45,376,410
2026-05-19,147,4,200,140,2,0.745,34.069,45,376,410
2026-05-26,147,4,350,71,2,0.745,34.069,45,376,410
2026-06-02,147,4,215,159,2,0.745,34.069,45,376,410
2026-06-09,147,4,319,87,1,0.745,34.069,45,376,410
2026-06-16,147,4,291,71,2,0.745,34.069,45,376,410
2026-06-23,147,4,312,96,2,0.745,34.069,45,376,410
2026-06-30,147,4,299,76,3,0.745,34.069,45,376,410
2026-04-07,147,7,1474,433,31,8.121,53.234,45,597,963
2026-04-14,147,7,1117,548,14,8.121,53.234,45,597,963
2026-04-21,147,7,927,736,27,8.121,53.234,45,597,963
2026-04-28,147,7,1225,272,15,8.121,53.234,45,597,963
2026-05-05,147,7,1211,529,13,8.121,53.234,45,597,963
2026-05-12,147,7,1015,656,20,8.121,53.234,45,597,963
2026-05-19,147,7,1349,507,14,8.121,53.234,45,597,963
2026-05-26,147,7,1221,494,11,8.121,53.234,45,597,963
2026-06-02,147,7,1386,404,24,8.121,53.234,45,597,963
2026-06-09,147,7,1051,548,9,8.121,53.234,45,597,963
2026-06-16,147,7,1221,342,22,8.121,53.234,45,597,963
2026-06-23,147,7,1034,328,12,8.121,53.234,45,597,963
2026-06-30,147,7,1247,289,22,8.121,53.234,45,597,963
2026-04-07,148,2,173,125,3,2.679,46.852,11,256,285
2026-04-14,148,2,208,56,5,2.679,46.852,11,256,285
2026-04-21,148,2,244,66,5,2.679,46.852,11,256,285
2026-04-28,148,2,231,78,10,2.679,46.852,11,256,285
2026-05-05,148,2,200,59,8,2.679,46.852,11,256,285
2026-05-12,148,2,301,53,8,2.679,46.852,11,256,285
2026-05-19,148,2,248,51,7,2.679,46.852,11,256,285
2026-05-26,148,2,237,47,10,2.679,46.852,11,256,285
2026-06-02,148,2,166,130,7,2.679,46.852,11,256,285
2026-06-09,148,2,246,98,6,2.679,46.852,11,256,285
2026-06-16,148,2,287,95,3,2.679,46.852,11,256,285
2026-06-23,148,2,241,54,7,2.679,46.852,11,256,285
2026-06-30,148,2,291,99,5,2.679,46.852,11,256,285
2026-04-07,148,4,311,206,10,3.683,91.332,11,498,539
2026-04-14,148,4,398,82,13,3.683,91.332,11,498,539
2026-04-21,148,4,429,143,4,3.683,91.332,11,498,539
2026-04-28,148,4,375,180,10,3.683,91.332,11,498,539
2026-05-05,148,4,416,142,12,3.683,91.332,11,498,539
2026-05-12,148,4,521,189,11,3.683,91.332,11,498,539
2026-05-19,148,4,504,117,4,3.683,91.332,11,498,539
2026-05-26,148,4,473,137,12,3.683,91.332,11,498,539
2026-06-02,148,4,483,233,8,3.683,91.332,11,498,539
2026-06-09,148,4,498,138,12,3.683,91.332,11,498,539
2026-06-16,148,4,482,159,8,3.683,91.332,11,498,539
2026-06-23,148,4,382,258,10,3.683,91.332,11,498,539
2026-06-30,148,4,556,133,11,3.683,91.332,11,498,539
2026-04-07,148,6,217,61,19,5.953,50.376,11,275,341
2026-04-14,148,6,209,49,16,5.953,50.376,11,275,341
2026-04-21,148,6,193,89,20,5.953,50.376,11,275,341
2026-04-28,148,6,189,73,13,5.953,50.376,11,275,341
2026-05-05,148,6,168,109,12,5.953,50.376,11,275,341
2026-05-12,148,6,157,121,11,5.953,50.376,11,275,341
2026-05-19,148,6,158,94,17,5.953,50.376,11,275,341
2026-05-26,148,6,162,92,24,5.953,50.376,11,275,341
2026-06-02,148,6,220,62,23,5.953,50.376,11,275,341
2026-06-09,148,6,251,57,18,5.953,50.376,11,275,341
2026-06-16,148,6,262,67,8,5.953,50.376,11,275,341
2026-06-23,148,6,187,128,17,5.953,50.376,11,275,341
2026-06-30,148,6,227,58,7,5.953,50.376,11,275,341
2026-04-07,149,1,252,111,1,0.42,33.512,17,227,234
2026-04-14,149,1,268,193,1,0.42,33.512,17,227,234
2026-04-21,149,1,417,76,1,0.42,33.512,17,227,234
2026-04-28,149,1,262,180,1,0.42,33.512,17,227,234
2026-05-05,149,1,292,175,1,0.42,33.512,17,227,234
2026-05-12,149,1,337,197,1,0.42,33.512,17,227,234
2026-05-19,149,1,293,191,2,0.42,33.512,17,227,234
2026-05-26,149,1,318,123,1,0.42,33.512,17,227,234
2026-06-02,149,1,253,188,1,0.42,33.512,17,227,234
2026-06-09,149,1,337,137,1,0.42,33.512,17,227,234
2026-06-16,149,1,357,153,1,0.42,33.512,17,227,234
2026-06-23,149,1,391,238,1,0.42,33.512,17,227,234
2026-06-30,149,1,429,138,2,0.42,33.512,17,227,234
2026-04-07,149,3,101,41,0,0.111,14.533,17,99,100
2026-04-14,149,3,93,28,0,0.111,14.533,17,99,100
2026-04-21,149,3,97,63,0,0.111,14.533,17,99,100
2026-04-28,149,3,119,40,0,0.111,14.533,17,99,100
2026-05-05,149,3,105,36,0,0.111,14.533,17,99,100
2026-05-12,149,3,83,60,0,0.111,14.533,17,99,100
2026-05-19,149,3,91,59,0,0.111,14.533,17,99,100
2026-05-26,149,3,97,55,0,0.111,14.533,17,99,100
2026-06-02,149,3,95,59,0,0.111,14.533,17,99,100
2026-06-09,149,3,113,76,0,0.111,14.533,17,99,100
2026-06-16,149,3,110,48,0,0.111,14.533,17,99,100
2026-06-23,149,3,107,39,0,0.111,14.533,17,99,100
2026-06-30,149,3,115,58,0,0.111,14.533,17,99,100
2026-04-07,149,4,157,39,0,0.151,24.194,17,164,167
2026-04-14,149,4,183,60,0,0.151,24.194,17,164,167
2026-04-21,149,4,181,37,1,0.151,24.194,17,164,167
2026-04-28,149,4,143,102,0,0.151,24.194,17,164,167
2026-05-05,149,4,174,112,0,0.151,24.194,17,164,167
2026-05-12,149,4,165,101,0,0.151,24.194,17,164,167
2026-05-19,149,4,177,68,0,0.151,24.194,17,164,167
2026-05-26,149,4,137,93,0,0.151,24.194,17,164,167
2026-06-02,149,4,163,78,0,0.151,24.194,17,164,167
2026-06-09,149,4,213,45,0,0.151,24.194,17,164,167
2026-06-16,149,4,184,69,0,0.151,24.194,17,164,167
2026-06-23,149,4,161,67,0,0.151,24.194,17,164,167
2026-06-30,149,4,157,102,0,0.151,24.194,17,164,167
2026-04-07,149,5,0,0,0,0.008,0.0,17,0,0
2026-04-14,149,5,0,0,0,0.008,0.0,17,0,0
2026-04-21,149,5,0,0,0,0.008,0.0,17,0,0
2026-04-28,149,5,0,0,0,0.008,0.0,17,0,0
2026-05-05,149,5,0,0,0,0.008,0.0,17,0,0
2026-05-12,149,5,0,0,0,0.008,0.0,17,0,0
2026-05-19,149,5,0,0,0,0.008,0.0,17,0,0
2026-05-26,149,5,0,0,0,0.008,0.0,17,0,0
2026-06-02,149,5,0,0,0,0.008,0.0,17,0,0
2026-06-09,149,5,0,0,0,0.008,0.0,17,0,0
2026-06-16,149,5,0,0,0,0.008,0.0,17,0,0
2026-06-23,149,5,0,0,0,0.008,0.0,17,0,0
2026-06-30,149,5,0,0,0,0.008,0.0,17,0,0
2026-04-07,149,7,237,136,1,0.443,75.58,17,513,520
2026-04-14,149,7,252,100,2,0.443,75.58,17,513,520
2026-04-21,149,7,394,91,1,0.443,75.58,17,513,520
2026-04-28,149,7,343,105,1,0.443,75.58,17,513,520
2026-05-05,149,7,364,109,2,0.443,75.58,17,513,520
2026-05-12,149,7,370,108,1,0.443,75.58,17,513,520
2026-05-19,149,7,248,114,1,0.443,75.58,17,513,520
2026-05-26,149,7,355,94,1,0.443,75.58,17,513,520
2026-06-02,149,7,388,175,1,0.443,75.58,17,513,520
2026-06-09,149,7,343,173,1,0.443,75.58,17,513,520
2026-06-16,149,7,310,165,1,0.443,75.58,17,513,520
2026-06-23,149,7,339,100,1,0.443,75.58,17,513,520
2026-06-30,149,7,376,122,1,0.443,75.58,17,513,520
2026-04-07,149,9,331,135,1,0.509,62.56,17,424,433
2026-04-14,149,9,336,155,1,0.509,62.56,17,424,433
2026-04-21,149,9,327,135,1,0.509,62.56,17,424,433
2026-04-28,149,9,328,131,2,0.509,62.56,17,424,433
2026-05-05,149,9,343,78,2,0.509,62.56,17,424,433
2026-05-12,149,9,354,101,1,0.509,62.56,17,424,433
2026-05-19,149,9,474,93,1,0.509,62.56,17,424,433
2026-05-26,149,9,306,192,1,0.509,62.56,17,424,433
2026-06-02,149,9,299,209,2,0.509,62.56,17,424,433
2026-06-09,149,9,266,216,1,0.509,62.56,17,424,433
2026-06-16,149,9,357,199,2,0.509,62.56,17,424,433
2026-06-23,149,9,369,121,1,0.509,62.56,17,424,433
2026-06-30,149,9,388,144,1,0.509,62.56,17,424,433
2026-04-07,149,10,123,48,1,0.139,25.466,17,173,175
2026-04-14,149,10,107,58,0,0.139,25.466,17,173,175
2026-04-21,149,10,120,61,0,0.139,25.466,17,173,175
2026-04-28,149,10,104,59,0,0.139,25.466,17,173,175
2026-05-05,149,10,133,46,0,0.139,25.466,17,173,175
2026-05-12,149,10,177,53,1,0.139,25.466,17,173,175
2026-05-19,149,10,124,58,1,0.139,25.466,17,173,175
2026-05-26,149,10,145,35,0,0.139,25.466,17,173,175
2026-06-02,149,10,120,64,0,0.139,25.466,17,173,175
2026-06-09,149,10,127,103,0,0.139,25.466,17,173,175
2026-06-16,149,10,115,74,0,0.139,25.466,17,173,175
2026-06-23,149,10,183,34,1,0.139,25.466,17,173,175
2026-06-30,149,10,133,48,0,0.139,25.466,17,173,175
2026-04-07,150,1,424,123,15,8.468,68.984,12,394,495
2026-04-14,150,1,448,195,16,8.468,68.984,12,394,495
2026-04-21,150,1,649,154,28,8.468,68.984,12,394,495
2026-04-28,150,1,418,310,17,8.468,68.984,12,394,495
2026-05-05,150,1,535,207,22,8.468,68.984,12,394,495
2026-05-12,150,1,523,209,26,8.468,68.984,12,394,495
2026-05-19,150,1,512,162,16,8.468,68.984,12,394,495
2026-05-26,150,1,417,325,33,8.468,68.984,12,394,495
2026-06-02,150,1,472,131,34,8.468,68.984,12,394,495
2026-06-09,150,1,502,213,9,8.468,68.984,12,394,495
2026-06-16,150,1,379,299,10,8.468,68.984,12,394,495
2026-06-23,150,1,599,237,9,8.468,68.984,12,394,495
2026-06-30,150,1,725,142,24,8.468,68.984,12,394,495
2026-04-07,150,3,315,93,17,5.417,55.979,12,319,384
2026-04-14,150,3,332,105,7,5.417,55.979,12,319,384
2026-04-21,150,3,305,109,17,5.417,55.979,12,319,384
2026-04-28,150,3,242,160,8,5.417,55.979,12,319,384
2026-05-05,150,3,254,129,17,5.417,55.979,12,319,384
2026-05-12,150,3,369,83,20,5.417,55.979,12,319,384
2026-05-19,150,3,429,88,9,5.417,55.979,12,319,384
2026-05-26,150,3,299,119,7,5.417,55.979,12,319,384
2026-06-02,150,3,373,115,14,5.417,55.979,12,319,384
2026-06-09,150,3,265,202,12,5.417,55.979,12,319,384
2026-06-16,150,3,359,74,9,5.417,55.979,12,319,384
2026-06-23,150,3,251,148,19,5.417,55.979,12,319,384
2026-06-30,150,3,242,193,9,5.417,55.979,12,319,384
2026-04-07,150,4,411,256,16,11.61,66.969,12,383,522
2026-04-14,150,4,505,161,35,11.61,66.969,12,383,522
2026-04-21,150,4,698,128,31,11.61,66.969,12,383,522
2026-04-28,150,4,531,194,43,11.61,66.969,12,383,522
2026-05-05,150,4,495,145,34,11.61,66.969,12,383,522
2026-05-12,150,4,601,128,23,11.61,66.969,12,383,522
2026-05-19,150,4,567,182,35,11.61,66.969,12,383,522
2026-05-26,150,4,579,127,22,11.61,66.969,12,383,522
2026-06-02,150,4,647,145,35,11.61,66.969,12,383,522
2026-06-09,150,4,623,274,24,11.61,66.969,12,383,522
2026-06-16,150,4,410,301,44,11.61,66.969,12,383,522
2026-06-23,150,4,557,319,29,11.61,66.969,12,383,522
2026-06-30,150,4,684,144,33,11.61,66.969,12,383,522
2026-04-07,150,5,240,69,13,6.981,51.64,12,295,379
2026-04-14,150,5,234,72,25,6.981,51.64,12,295,379
2026-04-21,150,5,247,47,11,6.981,51.64,12,295,379
2026-04-28,150,5,177,120,22,6.981,51.64,12,295,379
2026-05-05,150,5,189,126,8,6.981,51.64,12,295,379
2026-05-12,150,5,189,117,17,6.981,51.64,12,295,379
2026-05-19,150,5,216,74,23,6.981,51.64,12,295,379
2026-05-26,150,5,220,68,21,6.981,51.64,12,295,379
2026-06-02,150,5,230,103,17,6.981,51.64,12,295,379
2026-06-09,150,5,256,76,27,6.981,51.64,12,295,379
2026-06-16,150,5,258,83,16,6.981,51.64,12,295,379
2026-06-23,150,5,191,117,21,6.981,51.64,12,295,379
2026-06-30,150,5,273,60,17,6.981,51.64,12,295,379
2026-04-07,150,7,219,134,18,7.747,51.358,12,293,386
2026-04-14,150,7,219,123,29,7.747,51.358,12,293,386
2026-04-21,150,7,235,156,22,7.747,51.358,12,293,386
2026-04-28,150,7,392,75,19,7.747,51.358,12,293,386
2026-05-05,150,7,230,173,22,7.747,51.358,12,293,386
2026-05-12,150,7,292,125,23,7.747,51.358,12,293,386
2026-05-19,150,7,210,164,18,7.747,51.358,12,293,386
2026-05-26,150,7,235,163,24,7.747,51.358,12,293,386
2026-06-02,150,7,308,133,15,7.747,51.358,12,293,386
2026-06-09,150,7,239,193,14,7.747,51.358,12,293,386
2026-06-16,150,7,281,160,26,7.747,51.358,12,293,386
2026-06-23,150,7,253,149,28,7.747,51.358,12,293,386
2026-06-30,150,7,371,69,27,7.747,51.358,12,293,386
2026-04-07,150,9,318,221,30,7.794,56.414,12,322,416
2026-04-14,150,9,277,223,20,7.794,56.414,12,322,416
2026-04-21,150,9,366,227,16,7.794,56.414,12,322,416
2026-04-28,150,9,325,207,27,7.794,56.414,12,322,416
2026-05-05,150,9,398,221,10,7.794,56.414,12,322,416
2026-05-12,150,9,445,169,28,7.794,56.414,12,322,416
2026-05-19,150,9,432,225,13,7.794,56.414,12,322,416
2026-05-26,150,9,506,178,14,7.794,56.414,12,322,416
2026-06-02,150,9,588,215,20,7.794,56.414,12,322,416
2026-06-09,150,9,319,153,8,7.794,56.414,12,322,416
2026-06-16,150,9,378,256,9,7.794,56.414,12,322,416
2026-06-23,150,9,416,259,24,7.794,56.414,12,322,416
2026-06-30,150,9,333,268,10,7.794,56.414,12,322,416
2026-04-07,150,10,485,91,19,9.198,45.616,12,261,371
2026-04-14,150,10,379,113,23,9.198,45.616,12,261,371
2026-04-21,150,10,403,98,18,9.198,45.616,12,261,371
2026-04-28,150,10,321,215,29,9.198,45.616,12,261,371
2026-05-05,150,10,404,123,29,9.198,45.616,12,261,371
2026-05-12,150,10,312,147,35,9.198,45.616,12,261,371
2026-05-19,150,10,347,111,28,9.198,45.616,12,261,371
2026-05-26,150,10,389,107,25,9.198,45.616,12,261,371
2026-06-02,150,10,497,106,11,9.198,45.616,12,261,371
2026-06-09,150,10,387,104,36,9.198,45.616,12,261,371
2026-06-16,150,10,511,136,32,9.198,45.616,12,261,371
2026-06-23,150,10,315,200,12,9.198,45.616,12,261,371
2026-06-30,150,10,339,262,25,9.198,45.616,12,261,371
