po_id,product_id,supplier_id,warehouse_id,order_date,promised_date,received_date,qty_ordered,qty_received,qty_rejected,reject_reason,contract_price,unit_price,is_primary
PO-000001,1,4,10,2025-01-07,2025-01-19,2025-01-17,692,692,0,,2.66,2.73,1
PO-000002,1,4,10,2025-01-14,2025-01-26,2025-01-23,705,705,23,Short shelf life on arrival,2.66,2.69,1
PO-000003,1,4,4,2025-01-21,2025-02-02,2025-02-02,663,663,0,,2.66,2.75,1
PO-000004,1,4,5,2025-01-28,2025-02-09,2025-02-07,488,488,0,,2.66,2.75,1
PO-000005,1,4,9,2025-02-04,2025-02-16,2025-02-17,486,486,0,,2.66,2.73,1
PO-000006,1,4,3,2025-02-11,2025-02-23,2025-02-24,673,673,0,,2.66,2.76,1
PO-000007,1,4,10,2025-02-18,2025-03-02,2025-03-06,644,644,0,,2.66,2.77,1
PO-000008,1,4,4,2025-02-25,2025-03-09,2025-03-08,625,625,19,Failed spec check,2.66,2.75,1
PO-000009,1,4,4,2025-03-04,2025-03-16,2025-03-15,766,766,0,,2.66,2.7,1
PO-000010,1,4,1,2025-03-11,2025-03-23,2025-03-19,501,501,0,,2.66,2.74,1
PO-000011,1,4,10,2025-03-18,2025-03-30,2025-04-07,687,687,35,Failed spec check,2.66,2.76,1
PO-000012,1,4,4,2025-03-25,2025-04-06,2025-04-03,790,790,0,,2.66,2.73,1
PO-000013,1,4,1,2025-04-01,2025-04-13,2025-04-10,921,921,0,,2.66,2.73,1
PO-000014,1,4,3,2025-04-08,2025-04-20,2025-04-18,848,804,0,,2.66,2.76,1
PO-000015,1,4,9,2025-04-15,2025-04-27,2025-04-26,552,552,0,,2.66,2.72,1
PO-000016,1,4,9,2025-04-22,2025-05-04,2025-05-01,670,670,0,,2.66,2.77,1
PO-000017,1,4,5,2025-04-29,2025-05-11,2025-05-06,794,794,0,,2.66,2.78,1
PO-000018,1,4,4,2025-05-06,2025-05-18,2025-05-16,697,661,0,,2.66,2.74,1
PO-000019,1,4,5,2025-05-13,2025-05-25,2025-05-23,565,543,32,Temperature excursion in transit,2.66,2.72,1
PO-000020,1,4,7,2025-05-20,2025-06-01,2025-06-04,616,580,0,,2.66,2.71,1
PO-000021,1,4,7,2025-05-27,2025-06-08,2025-06-05,805,805,0,,2.66,2.74,1
PO-000022,1,4,9,2025-06-03,2025-06-15,2025-06-15,439,439,0,,2.66,2.76,1
PO-000023,1,4,9,2025-06-10,2025-06-22,2025-06-26,501,501,0,,2.66,2.73,1
PO-000024,1,4,1,2025-06-17,2025-06-29,2025-06-28,711,711,0,,2.66,2.75,1
PO-000025,1,4,7,2025-06-24,2025-07-06,2025-07-05,530,530,0,,2.66,2.75,1
PO-000026,1,4,4,2025-07-01,2025-07-13,2025-07-13,823,783,0,,2.66,2.71,1
PO-000027,1,4,5,2025-07-08,2025-07-20,2025-07-18,799,769,0,,2.66,2.74,1
PO-000028,1,4,5,2025-07-15,2025-07-27,2025-07-26,807,777,0,,2.66,2.75,1
PO-000029,1,4,5,2025-07-22,2025-08-03,2025-07-31,808,808,0,,2.66,2.72,1
PO-000030,1,4,10,2025-07-29,2025-08-10,2025-08-12,484,484,0,,2.66,2.69,1
PO-000031,1,4,3,2025-08-05,2025-08-17,2025-08-27,612,612,0,,2.66,2.73,1
PO-000032,1,4,1,2025-08-12,2025-08-24,2025-08-23,592,592,0,,2.66,2.75,1
PO-000033,1,4,3,2025-08-19,2025-08-31,2025-08-28,799,799,0,,2.66,2.7,1
PO-000034,1,4,5,2025-08-26,2025-09-07,2025-09-05,723,723,0,,2.66,2.75,1
PO-000035,1,4,3,2025-09-02,2025-09-14,2025-09-13,840,840,43,Documentation incomplete,2.66,2.76,1
PO-000036,1,4,4,2025-09-09,2025-09-21,2025-09-21,250,250,0,,2.66,2.75,1
PO-000037,1,4,4,2025-09-16,2025-09-28,2025-09-26,897,897,0,,2.66,2.76,1
PO-000038,1,4,9,2025-09-23,2025-10-05,2025-10-05,352,352,0,,2.66,2.74,1
PO-000039,1,4,1,2025-09-30,2025-10-12,2025-10-30,740,740,0,,2.66,2.75,1
PO-000040,1,4,1,2025-10-07,2025-10-19,2025-10-19,544,544,0,,2.66,2.73,1
PO-000041,1,4,4,2025-10-14,2025-10-26,2025-10-25,790,790,0,,2.66,2.71,1
PO-000042,1,4,4,2025-10-21,2025-11-02,2025-10-31,583,583,0,,2.66,2.74,1
PO-000043,1,4,1,2025-10-28,2025-11-09,2025-11-19,551,551,0,,2.66,2.75,1
PO-000044,1,4,4,2025-11-04,2025-11-16,2025-11-15,653,618,0,,2.66,2.76,1
PO-000045,1,4,7,2025-11-11,2025-11-23,2025-11-21,919,919,0,,2.66,2.75,1
PO-000046,1,4,10,2025-11-18,2025-11-30,2025-11-28,364,364,0,,2.66,2.76,1
PO-000047,1,4,5,2025-11-25,2025-12-07,2025-12-07,551,551,0,,2.66,2.69,1
PO-000048,1,4,9,2025-12-02,2025-12-14,2025-12-13,569,569,0,,2.66,2.74,1
PO-000049,1,4,7,2025-12-09,2025-12-21,2025-12-20,631,631,33,Temperature excursion in transit,2.66,2.74,1
PO-000050,1,4,9,2025-12-16,2025-12-28,2025-12-27,703,703,0,,2.66,2.73,1
PO-000051,1,4,5,2025-12-23,2026-01-04,2026-01-06,621,595,0,,2.66,2.74,1
PO-000052,1,4,9,2025-12-30,2026-01-11,2026-01-05,666,666,0,,2.66,2.76,1
PO-000053,1,4,3,2026-01-06,2026-01-18,2026-01-18,1042,980,0,,2.66,2.71,1
PO-000054,1,4,5,2026-01-13,2026-01-25,2026-01-22,684,667,0,,2.66,2.76,1
PO-000055,1,4,3,2026-01-20,2026-02-01,2026-02-06,935,935,0,,2.66,2.79,1
PO-000056,1,4,3,2026-01-27,2026-02-08,2026-01-30,708,708,0,,2.66,2.73,1
PO-000057,1,4,5,2026-02-03,2026-02-15,2026-02-12,424,424,0,,2.66,2.72,1
PO-000058,1,4,1,2026-02-10,2026-02-22,2026-02-22,587,587,34,Documentation incomplete,2.66,2.72,1
PO-000059,1,4,1,2026-02-17,2026-03-01,2026-02-28,658,658,19,Documentation incomplete,2.66,2.74,1
PO-000060,1,4,7,2026-02-24,2026-03-08,2026-03-05,623,623,0,,2.66,2.7,1
PO-000061,1,4,3,2026-03-03,2026-03-15,2026-03-13,851,851,0,,2.66,2.73,1
PO-000062,1,4,1,2026-03-10,2026-03-22,2026-03-22,555,555,0,,2.66,2.73,1
PO-000063,1,4,9,2026-03-17,2026-03-29,2026-03-27,585,585,0,,2.66,2.74,1
PO-000064,1,4,7,2026-03-24,2026-04-05,2026-04-17,401,401,0,,2.66,2.75,1
PO-000065,1,4,7,2026-03-31,2026-04-12,2026-04-12,457,457,0,,2.66,2.74,1
PO-000066,1,4,5,2026-04-07,2026-04-19,2026-04-17,532,532,0,,2.66,2.71,1
PO-000067,1,4,7,2026-04-14,2026-04-26,2026-04-23,617,617,0,,2.66,2.72,1
PO-000068,1,4,7,2026-04-21,2026-05-03,2026-05-03,656,656,0,,2.66,2.72,1
PO-000069,1,4,5,2026-04-28,2026-05-10,2026-05-09,531,531,0,,2.66,2.73,1
PO-000070,1,4,9,2026-05-05,2026-05-17,2026-06-23,769,769,0,,2.66,2.75,1
PO-000071,1,4,5,2026-05-12,2026-05-24,2026-05-26,592,592,0,,2.66,2.71,1
PO-000072,1,4,10,2026-05-19,2026-05-31,2026-06-01,276,265,0,,2.66,2.76,1
PO-000073,1,4,7,2026-05-26,2026-06-07,2026-06-05,517,517,0,,2.66,2.76,1
PO-000074,1,4,9,2026-06-02,2026-06-14,2026-06-12,612,588,0,,2.66,2.75,1
PO-000075,1,4,3,2026-06-09,2026-06-21,2026-06-20,514,514,0,,2.66,2.72,1
PO-000076,1,4,10,2026-06-16,2026-06-28,2026-07-04,470,470,0,,2.66,2.73,1
PO-000077,1,4,10,2026-06-23,2026-07-05,2026-06-30,512,512,0,,2.66,2.75,1
PO-000078,1,4,4,2026-06-30,2026-07-12,2026-07-12,615,615,0,,2.66,2.75,1
PO-000079,2,16,1,2025-01-14,2025-02-16,2025-02-14,500,500,35,Documentation incomplete,3.37,3.28,1
PO-000080,2,16,4,2025-01-21,2025-02-23,2025-02-22,500,500,0,,3.37,3.28,1
PO-000081,2,16,6,2025-01-28,2025-03-02,2025-03-01,500,500,0,,3.37,3.3,1
PO-000082,2,16,2,2025-03-18,2025-04-20,2025-04-19,500,500,0,,3.37,3.34,1
PO-000083,2,16,7,2025-03-25,2025-04-27,2025-04-25,500,500,0,,3.37,3.37,1
PO-000084,2,16,6,2025-04-08,2025-05-11,2025-04-28,500,500,0,,3.37,3.31,1
PO-000085,2,16,4,2025-05-06,2025-06-08,2025-06-01,500,500,0,,3.37,3.31,1
PO-000086,2,16,5,2025-05-13,2025-06-15,2025-06-14,500,500,0,,3.37,3.28,1
PO-000087,2,16,5,2025-05-20,2025-06-22,2025-06-18,500,500,0,,3.37,3.26,1
PO-000088,2,16,2,2025-05-27,2025-06-29,2025-06-23,500,500,0,,3.37,3.29,1
PO-000089,2,16,7,2025-06-03,2025-07-06,2025-06-29,500,500,0,,3.37,3.26,1
PO-000090,2,16,5,2025-07-01,2025-08-03,2025-07-31,500,500,0,,3.37,3.29,1
PO-000091,2,16,1,2025-07-15,2025-08-17,2025-08-16,500,500,0,,3.37,3.24,1
PO-000092,2,16,4,2025-07-22,2025-08-24,2025-08-19,500,500,0,,3.37,3.33,1
PO-000093,2,16,5,2025-08-05,2025-09-07,2025-08-28,500,500,0,,3.37,3.33,1
PO-000094,2,16,1,2025-08-12,2025-09-14,2025-09-04,500,500,0,,3.37,3.27,1
PO-000095,2,16,6,2025-09-09,2025-10-12,2025-10-02,500,500,0,,3.37,3.25,1
PO-000096,2,16,8,2025-09-16,2025-10-19,2025-10-18,500,500,53,Failed spec check,3.37,3.32,1
PO-000097,2,16,4,2025-09-23,2025-10-26,2025-10-19,500,500,0,,3.37,3.24,1
PO-000098,2,16,10,2025-11-11,2025-12-14,2025-12-01,500,500,0,,3.37,3.31,1
PO-000099,2,16,5,2025-11-18,2025-12-21,2025-12-15,500,500,0,,3.37,3.29,1
PO-000100,2,16,10,2025-11-25,2025-12-28,2025-12-23,500,500,0,,3.37,3.31,1
PO-000101,2,16,8,2026-01-13,2026-02-15,2026-02-11,500,500,0,,3.37,3.29,1
PO-000102,2,16,4,2026-01-27,2026-03-01,2026-02-15,500,500,0,,3.37,3.31,1
PO-000103,2,16,2,2026-02-17,2026-03-22,2026-03-16,500,500,0,,3.37,3.3,1
PO-000104,2,16,5,2026-02-24,2026-03-29,2026-03-25,500,500,0,,3.37,3.33,1
PO-000105,2,16,2,2026-03-03,2026-04-05,2026-04-02,500,500,0,,3.37,3.37,1
PO-000106,2,16,10,2026-03-24,2026-04-26,2026-04-21,500,500,0,,3.37,3.29,1
PO-000107,2,16,7,2026-04-07,2026-05-10,2026-05-06,500,500,0,,3.37,3.26,1
PO-000108,2,16,4,2026-04-14,2026-05-17,2026-05-15,500,500,0,,3.37,3.29,1
PO-000109,2,16,5,2026-04-21,2026-05-24,2026-05-17,500,500,0,,3.37,3.31,1
PO-000110,2,16,7,2026-04-28,2026-05-31,2026-05-20,500,500,0,,3.37,3.29,1
PO-000111,2,16,10,2026-05-26,2026-06-28,2026-06-25,500,500,0,,3.37,3.34,1
PO-000112,2,16,1,2026-06-02,2026-07-05,2026-06-30,500,500,0,,3.37,3.28,1
PO-000113,2,2,10,2025-01-07,2025-02-15,2025-02-02,500,467,0,,2.92,2.95,0
PO-000114,2,2,1,2025-01-14,2025-02-22,2025-02-17,500,500,0,,2.92,2.99,0
PO-000115,2,2,1,2025-04-08,2025-05-17,2025-05-14,500,500,0,,2.92,2.97,0
PO-000116,2,2,8,2025-04-29,2025-06-07,2025-06-05,500,500,0,,2.92,2.99,0
PO-000117,2,2,1,2025-05-13,2025-06-21,2025-06-20,500,500,0,,2.92,3.04,0
PO-000118,2,2,1,2025-05-20,2025-06-28,2025-06-14,500,500,0,,2.92,3.0,0
PO-000119,2,2,2,2025-07-01,2025-08-09,2025-08-04,500,500,0,,2.92,3.04,0
PO-000120,2,2,2,2025-07-22,2025-08-30,2025-08-25,500,500,90,Failed spec check,2.92,2.97,0
PO-000121,2,2,1,2025-08-05,2025-09-13,2025-08-29,500,500,0,,2.92,2.99,0
PO-000122,2,2,7,2025-08-19,2025-09-27,2025-09-18,500,468,0,,2.92,2.96,0
PO-000123,2,2,4,2025-09-02,2025-10-11,2025-10-02,500,500,0,,2.92,3.01,0
PO-000124,2,2,1,2025-10-14,2025-11-22,2025-11-18,500,500,0,,2.92,3.03,0
PO-000125,2,2,1,2025-11-04,2025-12-13,2025-12-17,500,458,0,,2.92,2.99,0
PO-000126,2,2,6,2025-12-23,2026-01-31,2026-01-29,500,500,0,,2.92,2.98,0
PO-000127,2,2,8,2026-01-06,2026-02-14,2026-02-13,500,500,0,,2.92,3.0,0
PO-000128,2,2,2,2026-01-13,2026-02-21,2026-02-15,500,500,0,,2.92,3.0,0
PO-000129,2,2,6,2026-01-20,2026-02-28,2026-02-16,500,500,0,,2.92,3.05,0
PO-000130,2,2,7,2026-03-17,2026-04-25,2026-04-20,500,500,0,,2.92,3.01,0
PO-000131,2,2,10,2026-04-28,2026-06-06,2026-05-22,500,500,0,,2.92,3.0,0
PO-000132,2,2,5,2026-05-12,2026-06-20,2026-06-08,500,500,0,,2.92,2.98,0
PO-000133,2,2,8,2026-05-19,2026-06-27,2026-06-23,500,488,0,,2.92,3.0,0
PO-000134,2,2,6,2026-05-26,2026-07-04,2026-06-24,500,500,0,,2.92,3.06,0
PO-000135,2,23,10,2025-01-14,2025-01-27,2025-01-26,250,250,0,,4.44,4.83,0
PO-000136,2,23,7,2025-02-11,2025-02-24,2025-02-24,250,250,0,,4.44,4.71,0
PO-000137,2,23,2,2025-05-13,2025-05-26,2025-05-24,250,250,8,Temperature excursion in transit,4.44,4.74,0
PO-000138,2,23,8,2025-05-27,2025-06-09,2025-06-08,250,250,0,,4.44,4.73,0
PO-000139,2,23,7,2025-06-24,2025-07-07,2025-07-06,250,250,0,,4.44,4.78,0
PO-000140,2,23,1,2025-07-15,2025-07-28,2025-07-27,250,250,0,,4.44,4.79,0
PO-000141,2,23,6,2025-08-05,2025-08-18,2025-08-18,250,250,0,,4.44,4.86,0
PO-000142,2,23,8,2025-08-19,2025-09-01,2025-09-01,250,224,0,,4.44,4.83,0
PO-000143,2,23,4,2025-09-16,2025-09-29,2025-09-29,250,250,0,,4.44,4.65,0
PO-000144,2,23,1,2025-10-28,2025-11-10,2025-11-09,250,250,0,,4.44,4.75,0
PO-000145,2,23,5,2026-01-20,2026-02-02,2026-02-02,250,204,0,,4.44,4.65,0
PO-000146,2,23,6,2026-03-10,2026-03-23,2026-03-22,250,250,0,,4.44,4.82,0
PO-000147,2,23,6,2026-03-17,2026-03-30,2026-03-30,250,250,0,,4.44,4.71,0
PO-000148,2,23,4,2026-03-31,2026-04-13,2026-04-13,250,250,0,,4.44,4.66,0
PO-000149,2,23,7,2026-04-28,2026-05-11,2026-05-09,250,250,0,,4.44,4.74,0
PO-000150,2,23,5,2026-06-30,2026-07-13,2026-07-13,250,250,0,,4.44,4.71,0
PO-000151,3,12,7,2025-01-07,2025-01-17,2025-01-15,121,121,0,,4.35,4.22,1
PO-000152,3,12,5,2025-01-21,2025-01-31,2025-01-28,74,74,0,,4.35,4.27,1
PO-000153,3,12,10,2025-02-04,2025-02-14,2025-02-11,89,89,0,,4.35,4.23,1
PO-000154,3,12,10,2025-02-11,2025-02-21,2025-02-21,87,87,0,,4.35,4.17,1
PO-000155,3,12,5,2025-02-18,2025-02-28,2025-02-26,72,72,0,,4.35,4.18,1
PO-000156,3,12,7,2025-02-25,2025-03-07,2025-03-12,113,113,0,,4.35,4.21,1
PO-000157,3,12,2,2025-03-04,2025-03-14,2025-03-12,98,98,0,,4.35,4.24,1
PO-000158,3,12,4,2025-03-25,2025-04-04,2025-04-04,80,80,0,,4.35,4.17,1
PO-000159,3,12,6,2025-04-01,2025-04-11,2025-04-08,101,101,0,,4.35,4.19,1
PO-000160,3,12,5,2025-04-08,2025-04-18,2025-04-16,65,65,0,,4.35,4.26,1
PO-000161,3,12,5,2025-04-15,2025-04-25,2025-04-23,70,70,0,,4.35,4.19,1
PO-000162,3,12,6,2025-04-22,2025-05-02,2025-04-27,93,93,0,,4.35,4.17,1
PO-000163,3,12,7,2025-04-29,2025-05-09,2025-05-07,103,103,0,,4.35,4.13,1
PO-000164,3,12,4,2025-05-13,2025-05-23,2025-05-22,103,103,0,,4.35,4.27,1
PO-000165,3,12,1,2025-05-20,2025-05-30,2025-05-29,76,76,0,,4.35,4.18,1
PO-000166,3,12,2,2025-06-03,2025-06-13,2025-06-23,97,97,0,,4.35,4.24,1
PO-000167,3,12,6,2025-06-10,2025-06-20,2025-06-17,72,72,0,,4.35,4.23,1
PO-000168,3,12,4,2025-06-24,2025-07-04,2025-07-08,113,113,0,,4.35,4.23,1
PO-000169,3,12,10,2025-07-01,2025-07-11,2025-07-07,90,90,0,,4.35,4.23,1
PO-000170,3,12,10,2025-07-08,2025-07-18,2025-07-15,86,86,0,,4.35,4.24,1
PO-000171,3,12,7,2025-07-29,2025-08-08,2025-08-06,121,121,0,,4.35,4.22,1
PO-000172,3,12,2,2025-08-05,2025-08-15,2025-08-13,105,105,0,,4.35,4.22,1
PO-000173,3,12,8,2025-08-12,2025-08-22,2025-08-21,59,59,0,,4.35,4.25,1
PO-000174,3,12,6,2025-08-26,2025-09-05,2025-09-02,90,90,0,,4.35,4.25,1
PO-000175,3,12,7,2025-09-02,2025-09-12,2025-09-11,59,59,0,,4.35,4.21,1
PO-000176,3,12,8,2025-09-16,2025-09-26,2025-09-19,109,109,0,,4.35,4.25,1
PO-000177,3,12,2,2025-10-07,2025-10-17,2025-10-12,83,83,0,,4.35,4.21,1
PO-000178,3,12,5,2025-10-28,2025-11-07,2025-11-06,75,75,0,,4.35,4.24,1
PO-000179,3,12,10,2025-11-04,2025-11-14,2025-11-12,100,100,0,,4.35,4.27,1
PO-000180,3,12,2,2025-11-11,2025-11-21,2025-11-15,75,75,0,,4.35,4.21,1
PO-000181,3,12,6,2025-11-18,2025-11-28,2025-11-26,100,100,0,,4.35,4.18,1
PO-000182,3,12,1,2025-11-25,2025-12-05,2025-11-30,105,105,0,,4.35,4.18,1
PO-000183,3,12,8,2025-12-02,2025-12-12,2025-12-10,89,89,0,,4.35,4.18,1
PO-000184,3,12,1,2025-12-09,2025-12-19,2025-12-17,119,119,0,,4.35,4.26,1
PO-000185,3,12,7,2025-12-16,2025-12-26,2025-12-22,95,95,0,,4.35,4.23,1
PO-000186,3,12,8,2025-12-23,2026-01-02,2025-12-30,91,91,0,,4.35,4.14,1
PO-000187,3,12,7,2025-12-30,2026-01-09,2026-01-07,75,75,0,,4.35,4.24,1
PO-000188,3,12,2,2026-01-06,2026-01-16,2026-01-11,76,76,0,,4.35,4.2,1
PO-000189,3,12,7,2026-01-27,2026-02-06,2026-02-01,58,58,0,,4.35,4.18,1
PO-000190,3,12,6,2026-03-03,2026-03-13,2026-03-12,77,77,0,,4.35,4.29,1
PO-000191,3,12,8,2026-03-24,2026-04-03,2026-04-02,112,112,0,,4.35,4.2,1
PO-000192,3,12,7,2026-04-07,2026-04-17,2026-04-15,77,77,0,,4.35,4.19,1
PO-000193,3,12,1,2026-04-14,2026-04-24,2026-04-22,120,120,0,,4.35,4.19,1
PO-000194,3,12,4,2026-04-21,2026-05-01,2026-04-30,78,78,0,,4.35,4.22,1
PO-000195,3,12,8,2026-04-28,2026-05-08,2026-05-05,107,107,0,,4.35,4.21,1
PO-000196,3,12,1,2026-05-05,2026-05-15,2026-05-11,110,110,0,,4.35,4.18,1
PO-000197,3,12,6,2026-05-26,2026-06-05,2026-06-03,50,50,0,,4.35,4.21,1
PO-000198,3,12,8,2026-06-02,2026-06-12,2026-06-08,110,110,0,,4.35,4.12,1
PO-000199,3,12,1,2026-06-09,2026-06-19,2026-06-16,70,70,0,,4.35,4.21,1
PO-000200,3,12,5,2026-06-30,2026-07-10,2026-07-07,97,97,0,,4.35,4.34,1
PO-000201,3,9,6,2025-01-21,2025-01-31,2025-01-30,250,250,0,,4.67,4.69,0
PO-000202,3,9,5,2025-02-25,2025-03-07,2025-03-06,250,250,0,,4.67,4.6,0
PO-000203,3,9,2,2025-03-25,2025-04-04,2025-04-02,250,250,0,,4.67,4.69,0
PO-000204,3,9,4,2025-04-22,2025-05-02,2025-04-29,250,250,0,,4.67,4.67,0
PO-000205,3,9,1,2025-05-06,2025-05-16,2025-05-16,250,250,0,,4.67,4.61,0
PO-000206,3,9,7,2025-05-27,2025-06-06,2025-06-05,250,250,0,,4.67,4.65,0
PO-000207,3,9,4,2025-06-03,2025-06-13,2025-06-11,250,250,0,,4.67,4.62,0
PO-000208,3,9,2,2025-07-08,2025-07-18,2025-07-17,250,250,0,,4.67,4.59,0
PO-000209,3,9,2,2025-07-22,2025-08-01,2025-07-30,250,250,0,,4.67,4.64,0
PO-000210,3,9,1,2025-08-05,2025-08-15,2025-08-10,250,250,0,,4.67,4.67,0
PO-000211,3,9,8,2025-09-02,2025-09-12,2025-09-09,250,250,0,,4.67,4.59,0
PO-000212,3,9,2,2025-09-09,2025-09-19,2025-09-19,250,250,0,,4.67,4.72,0
PO-000213,3,9,6,2025-10-21,2025-10-31,2025-10-30,250,250,0,,4.67,4.62,0
PO-000214,3,9,8,2025-11-04,2025-11-14,2025-11-13,250,250,0,,4.67,4.6,0
PO-000215,3,9,1,2025-12-02,2025-12-12,2025-12-12,250,250,0,,4.67,4.69,0
PO-000216,3,9,2,2025-12-16,2025-12-26,2025-12-24,250,250,0,,4.67,4.68,0
PO-000217,3,9,10,2025-12-23,2026-01-02,2025-12-31,250,250,0,,4.67,4.66,0
PO-000218,3,9,8,2026-01-20,2026-01-30,2026-01-30,250,250,0,,4.67,4.64,0
PO-000219,3,9,10,2026-02-10,2026-02-20,2026-02-18,250,250,0,,4.67,4.74,0
PO-000220,3,9,8,2026-04-28,2026-05-08,2026-05-04,250,239,0,,4.67,4.56,0
PO-000221,3,9,7,2026-05-12,2026-05-22,2026-05-21,250,250,0,,4.67,4.61,0
PO-000222,3,9,1,2026-06-09,2026-06-19,2026-06-18,250,250,0,,4.67,4.57,0
PO-000223,3,9,2,2026-06-16,2026-06-26,2026-06-25,250,250,0,,4.67,4.65,0
PO-000224,4,13,7,2025-04-22,2025-05-08,2025-05-05,131,131,0,,11.68,12.06,0
PO-000225,4,13,5,2025-07-22,2025-08-07,2025-08-11,102,102,0,,11.68,12.16,0
PO-000226,4,13,4,2026-06-02,2026-06-18,2026-06-08,72,72,0,,11.68,12.0,0
PO-000227,4,13,8,2026-06-23,2026-07-09,2026-07-04,174,174,0,,11.68,12.0,0
PO-000228,4,1,6,2025-01-28,2025-02-13,2025-03-12,251,251,0,,12.42,12.51,0
PO-000229,4,1,1,2025-02-04,2025-02-20,2025-02-16,473,473,0,,12.42,12.68,0
PO-000230,4,1,5,2025-03-25,2025-04-10,2025-04-09,432,432,0,,12.42,12.38,0
PO-000231,4,1,4,2025-04-08,2025-04-24,2025-04-22,274,265,0,,12.42,12.47,0
PO-000232,4,1,10,2025-04-15,2025-05-01,2025-04-27,269,269,0,,12.42,12.6,0
PO-000233,4,1,1,2025-04-29,2025-05-15,2025-05-12,327,327,0,,12.42,12.63,0
PO-000234,4,1,1,2025-05-13,2025-05-29,2025-06-02,516,516,0,,12.42,12.31,0
PO-000235,4,1,8,2025-05-20,2025-06-05,2025-06-02,594,594,0,,12.42,12.46,0
PO-000236,4,1,7,2025-06-10,2025-06-26,2025-07-18,280,266,0,,12.42,12.53,0
PO-000237,4,1,7,2025-08-19,2025-09-04,2025-09-05,433,416,64,Documentation incomplete,12.42,12.58,0
PO-000238,4,1,4,2025-09-16,2025-10-02,2025-10-10,373,365,0,,12.42,12.34,0
PO-000239,4,1,2,2025-09-23,2025-10-09,2025-10-04,255,255,0,,12.42,12.46,0
PO-000240,4,1,10,2025-11-11,2025-11-27,2025-11-26,360,360,0,,12.42,12.34,0
PO-000241,4,1,7,2025-12-23,2026-01-08,2026-01-06,383,383,0,,12.42,12.45,0
PO-000242,4,1,2,2026-01-06,2026-01-22,2026-01-18,453,453,0,,12.42,12.31,0
PO-000243,4,1,6,2026-01-13,2026-01-29,2026-01-28,302,302,0,,12.42,12.4,0
PO-000244,4,1,1,2026-02-10,2026-02-26,2026-02-23,404,404,0,,12.42,12.46,0
PO-000245,4,1,10,2026-02-17,2026-03-05,2026-02-26,521,521,0,,12.42,12.53,0
PO-000246,4,1,2,2026-03-24,2026-04-09,2026-04-09,238,226,0,,12.42,12.3,0
PO-000247,4,6,1,2025-01-07,2025-01-17,2025-01-15,312,312,0,,13.8,13.6,1
PO-000248,4,6,1,2025-01-14,2025-01-24,2025-01-24,370,370,0,,13.8,13.55,1
PO-000249,4,6,8,2025-01-21,2025-01-31,2025-01-31,276,276,0,,13.8,13.58,1
PO-000250,4,6,2,2025-02-04,2025-02-14,2025-02-14,327,298,0,,13.8,13.39,1
PO-000251,4,6,8,2025-02-11,2025-02-21,2025-02-18,295,272,0,,13.8,13.54,1
PO-000252,4,6,5,2025-02-18,2025-02-28,2025-02-28,246,246,0,,13.8,13.12,1
PO-000253,4,6,6,2025-02-25,2025-03-07,2025-03-05,250,250,0,,13.8,13.5,1
PO-000254,4,6,2,2025-03-25,2025-04-04,2025-03-31,348,319,0,,13.8,13.39,1
PO-000255,4,6,4,2025-04-01,2025-04-11,2025-04-10,307,307,0,,13.8,13.38,1
PO-000256,4,6,5,2025-04-08,2025-04-18,2025-04-13,222,222,0,,13.8,13.38,1
PO-000257,4,6,7,2025-04-15,2025-04-25,2025-04-24,267,267,0,,13.8,13.49,1
PO-000258,4,6,7,2025-04-22,2025-05-02,2025-04-30,221,213,0,,13.8,13.31,1
PO-000259,4,6,10,2025-04-29,2025-05-09,2025-05-08,110,110,0,,13.8,13.57,1
PO-000260,4,6,7,2025-05-20,2025-05-30,2025-06-07,328,301,0,,13.8,13.52,1
PO-000261,4,6,10,2025-05-27,2025-06-06,2025-06-04,274,274,0,,13.8,13.67,1
PO-000262,4,6,5,2025-06-03,2025-06-13,2025-06-13,273,273,0,,13.8,13.23,1
PO-000263,4,6,5,2025-07-01,2025-07-11,2025-07-09,352,352,0,,13.8,13.48,1
PO-000264,4,6,5,2025-07-08,2025-07-18,2025-07-17,232,232,0,,13.8,13.22,1
PO-000265,4,6,8,2025-07-22,2025-08-01,2025-07-29,276,276,0,,13.8,13.65,1
PO-000266,4,6,5,2025-07-29,2025-08-08,2025-08-07,388,388,0,,13.8,13.46,1
PO-000267,4,6,2,2025-08-05,2025-08-15,2025-08-13,186,186,0,,13.8,13.33,1
PO-000268,4,6,6,2025-08-12,2025-08-22,2025-08-22,285,285,0,,13.8,13.46,1
PO-000269,4,6,7,2025-08-19,2025-08-29,2025-08-26,303,303,0,,13.8,13.14,1
PO-000270,4,6,8,2025-08-26,2025-09-05,2025-09-02,297,297,0,,13.8,13.43,1
PO-000271,4,6,1,2025-09-02,2025-09-12,2025-09-13,248,248,0,,13.8,13.43,1
PO-000272,4,6,10,2025-09-09,2025-09-19,2025-09-18,217,217,0,,13.8,13.36,1
PO-000273,4,6,5,2025-09-23,2025-10-03,2025-10-03,242,242,24,Failed spec check,13.8,13.43,1
PO-000274,4,6,1,2025-10-14,2025-10-24,2025-10-23,262,262,0,,13.8,13.27,1
PO-000275,4,6,2,2025-10-21,2025-10-31,2025-10-30,326,326,0,,13.8,13.32,1
PO-000276,4,6,10,2025-10-28,2025-11-07,2025-11-04,320,320,0,,13.8,13.3,1
PO-000277,4,6,2,2025-11-11,2025-11-21,2025-11-18,319,319,0,,13.8,13.23,1
PO-000278,4,6,2,2025-11-18,2025-11-28,2025-11-26,194,194,0,,13.8,13.5,1
PO-000279,4,6,5,2025-11-25,2025-12-05,2025-12-03,228,228,0,,13.8,13.44,1
PO-000280,4,6,10,2025-12-02,2025-12-12,2025-12-09,239,239,0,,13.8,13.61,1
PO-000281,4,6,8,2025-12-09,2025-12-19,2025-12-17,476,476,0,,13.8,13.23,1
PO-000282,4,6,5,2025-12-30,2026-01-09,2026-01-09,161,161,0,,13.8,13.37,1
PO-000283,4,6,10,2026-01-06,2026-01-16,2026-01-16,359,359,0,,13.8,13.76,1
PO-000284,4,6,4,2026-01-13,2026-01-23,2026-01-22,392,392,0,,13.8,13.61,1
PO-000285,4,6,7,2026-01-27,2026-02-06,2026-02-05,220,220,0,,13.8,13.37,1
PO-000286,4,6,5,2026-02-03,2026-02-13,2026-02-12,209,209,0,,13.8,13.19,1
PO-000287,4,6,2,2026-02-10,2026-02-20,2026-02-19,293,293,0,,13.8,13.43,1
PO-000288,4,6,10,2026-02-24,2026-03-06,2026-03-05,321,321,0,,13.8,13.38,1
PO-000289,4,6,6,2026-03-24,2026-04-03,2026-04-01,280,280,0,,13.8,13.52,1
PO-000290,4,6,10,2026-03-31,2026-04-10,2026-04-11,321,321,0,,13.8,13.7,1
PO-000291,4,6,2,2026-04-07,2026-04-17,2026-04-16,288,288,0,,13.8,13.57,1
PO-000292,4,6,10,2026-04-14,2026-04-24,2026-04-24,305,305,0,,13.8,13.38,1
PO-000293,4,6,10,2026-04-28,2026-05-08,2026-05-08,260,260,0,,13.8,13.37,1
PO-000294,4,6,6,2026-05-05,2026-05-15,2026-05-15,212,212,0,,13.8,13.31,1
PO-000295,4,6,7,2026-05-19,2026-05-29,2026-05-29,296,296,0,,13.8,13.4,1
PO-000296,4,6,7,2026-05-26,2026-06-05,2026-06-05,201,201,0,,13.8,13.2,1
PO-000297,4,6,2,2026-06-09,2026-06-19,2026-06-18,352,352,0,,13.8,13.58,1
PO-000298,4,6,6,2026-06-23,2026-07-03,2026-07-09,243,243,0,,13.8,13.55,1
PO-000299,5,2,5,2025-01-07,2025-02-17,2025-02-06,500,500,0,,142.79,145.36,1
PO-000300,5,2,5,2025-01-14,2025-02-24,2025-02-14,543,543,0,,142.79,145.6,1
PO-000301,5,2,1,2025-01-28,2025-03-10,2025-03-06,500,500,0,,142.79,147.64,1
PO-000302,5,2,8,2025-02-04,2025-03-17,2025-03-02,500,500,0,,142.79,147.98,1
PO-000303,5,2,6,2025-02-11,2025-03-24,2025-03-13,624,624,0,,142.79,147.09,1
PO-000304,5,2,5,2025-03-04,2025-04-14,2025-03-31,500,500,0,,142.79,146.91,1
PO-000305,5,2,7,2025-03-11,2025-04-21,2025-04-23,500,482,0,,142.79,147.11,1
PO-000306,5,2,8,2025-03-18,2025-04-28,2025-04-24,500,500,0,,142.79,146.64,1
PO-000307,5,2,1,2025-03-25,2025-05-05,2025-05-05,500,500,0,,142.79,147.54,1
PO-000308,5,2,10,2025-04-01,2025-05-12,2025-05-12,500,500,0,,142.79,148.64,1
PO-000309,5,2,8,2025-04-08,2025-05-19,2025-05-26,500,500,0,,142.79,145.68,1
PO-000310,5,2,4,2025-04-22,2025-06-02,2025-05-30,500,500,0,,142.79,145.95,1
PO-000311,5,2,4,2025-04-29,2025-06-09,2025-06-07,500,500,0,,142.79,145.6,1
PO-000312,5,2,1,2025-05-06,2025-06-16,2025-05-26,500,500,0,,142.79,147.98,1
PO-000313,5,2,10,2025-05-27,2025-07-07,2025-07-06,500,500,0,,142.79,145.24,1
PO-000314,5,2,6,2025-06-10,2025-07-21,2025-07-18,500,461,0,,142.79,146.96,1
PO-000315,5,2,2,2025-06-17,2025-07-28,2025-07-04,518,518,0,,142.79,144.74,1
PO-000316,5,2,1,2025-06-24,2025-08-04,2025-07-18,500,500,0,,142.79,147.57,1
PO-000317,5,2,10,2025-07-01,2025-08-11,2025-07-26,500,500,0,,142.79,144.9,1
PO-000318,5,2,4,2025-07-08,2025-08-18,2025-07-29,500,457,0,,142.79,145.56,1
PO-000319,5,2,4,2025-07-22,2025-09-01,2025-09-03,500,474,0,,142.79,144.69,1
PO-000320,5,2,10,2025-07-29,2025-09-08,2025-09-04,500,500,0,,142.79,145.65,1
PO-000321,5,2,10,2025-08-05,2025-09-15,2025-09-13,559,559,0,,142.79,147.9,1
PO-000322,5,2,10,2025-08-12,2025-09-22,2025-09-13,500,500,0,,142.79,147.23,1
PO-000323,5,2,6,2025-08-19,2025-09-29,2025-09-24,500,500,0,,142.79,147.6,1
PO-000324,5,2,2,2025-08-26,2025-10-06,2025-10-01,500,500,36,Temperature excursion in transit,142.79,145.93,1
PO-000325,5,2,6,2025-09-09,2025-10-20,2025-10-13,500,500,0,,142.79,147.99,1
PO-000326,5,2,5,2025-09-23,2025-11-03,2025-11-02,529,529,0,,142.79,147.07,1
PO-000327,5,2,10,2025-10-07,2025-11-17,2025-11-10,500,500,0,,142.79,146.01,1
PO-000328,5,2,4,2025-10-14,2025-11-24,2025-11-07,500,500,0,,142.79,145.27,1
PO-000329,5,2,5,2025-10-21,2025-12-01,2025-11-24,500,500,0,,142.79,145.97,1
PO-000330,5,2,5,2025-10-28,2025-12-08,2025-11-13,500,500,0,,142.79,147.91,1
PO-000331,5,2,6,2025-11-11,2025-12-22,2025-12-22,500,467,0,,142.79,147.46,1
PO-000332,5,2,8,2025-12-02,2026-01-12,2026-01-12,500,466,0,,142.79,147.03,1
PO-000333,5,2,4,2025-12-09,2026-01-19,2026-01-15,523,523,0,,142.79,149.1,1
PO-000334,5,2,5,2025-12-23,2026-02-02,2026-01-19,545,545,0,,142.79,147.29,1
PO-000335,5,2,4,2025-12-30,2026-02-09,2026-01-28,529,529,0,,142.79,146.14,1
PO-000336,5,2,10,2026-01-06,2026-02-16,2026-02-15,500,500,0,,142.79,145.52,1
PO-000337,5,2,8,2026-01-13,2026-02-23,2026-02-10,522,485,0,,142.79,146.86,1
PO-000338,5,2,1,2026-02-17,2026-03-30,2026-03-22,500,500,0,,142.79,147.55,1
PO-000339,5,2,8,2026-03-17,2026-04-27,2026-04-06,500,500,0,,142.79,147.26,1
PO-000340,5,2,7,2026-03-24,2026-05-04,2026-04-29,500,474,0,,142.79,148.9,1
PO-000341,5,2,2,2026-03-31,2026-05-11,2026-05-09,500,500,0,,142.79,148.07,1
PO-000342,5,2,2,2026-04-28,2026-06-08,2026-05-26,500,500,0,,142.79,148.22,1
PO-000343,5,2,5,2026-05-05,2026-06-15,2026-06-03,500,500,0,,142.79,148.25,1
PO-000344,5,2,7,2026-05-19,2026-06-29,2026-07-28,500,500,0,,142.79,148.3,1
PO-000345,5,2,10,2026-05-26,2026-07-06,2026-06-21,500,500,0,,142.79,146.89,1
PO-000346,5,2,1,2026-06-02,2026-07-13,2026-06-24,500,478,0,,142.79,143.97,1
PO-000347,5,2,5,2026-06-09,2026-07-20,2026-07-18,500,500,0,,142.79,146.53,1
PO-000348,5,2,4,2026-06-16,2026-07-27,2026-07-26,500,462,59,Documentation incomplete,142.79,145.92,1
PO-000349,5,9,10,2025-01-28,2025-02-10,2025-02-09,439,439,0,,185.37,185.65,0
PO-000350,5,9,10,2025-02-11,2025-02-24,2025-02-22,305,305,0,,185.37,187.77,0
PO-000351,5,9,1,2025-03-04,2025-03-17,2025-03-15,384,384,0,,185.37,184.22,0
PO-000352,5,9,4,2025-03-25,2025-04-07,2025-04-16,313,313,16,Damaged packaging,185.37,181.57,0
PO-000353,5,9,5,2025-04-01,2025-04-14,2025-04-15,558,558,0,,185.37,185.18,0
PO-000354,5,9,2,2025-04-15,2025-04-28,2025-04-27,390,390,0,,185.37,181.87,0
PO-000355,5,9,2,2025-04-22,2025-05-05,2025-05-05,530,530,0,,185.37,183.16,0
PO-000356,5,9,7,2025-05-13,2025-05-26,2025-05-25,548,548,0,,185.37,187.53,0
PO-000357,5,9,1,2025-06-24,2025-07-07,2025-07-06,579,579,0,,185.37,184.79,0
PO-000358,5,9,2,2025-07-15,2025-07-28,2025-07-26,419,419,0,,185.37,183.71,0
PO-000359,5,9,5,2025-08-05,2025-08-18,2025-08-18,337,337,0,,185.37,188.8,0
PO-000360,5,9,2,2025-08-19,2025-09-01,2025-09-04,475,475,0,,185.37,183.48,0
PO-000361,5,9,2,2025-09-02,2025-09-15,2025-09-14,452,452,0,,185.37,183.22,0
PO-000362,5,9,7,2026-01-13,2026-01-26,2026-01-25,480,480,0,,185.37,185.55,0
PO-000363,5,9,7,2026-02-03,2026-02-16,2026-02-15,578,578,0,,185.37,184.8,0
PO-000364,5,9,4,2026-03-17,2026-03-30,2026-03-29,498,498,0,,185.37,182.2,0
PO-000365,5,9,6,2026-03-31,2026-04-13,2026-04-11,515,515,0,,185.37,184.59,0
PO-000366,5,9,7,2026-04-14,2026-04-27,2026-04-26,523,523,0,,185.37,181.8,0
PO-000367,5,9,10,2026-04-21,2026-05-04,2026-05-01,361,361,0,,185.37,185.1,0
PO-000368,5,9,6,2026-05-19,2026-06-01,2026-05-31,376,376,0,,185.37,185.67,0
PO-000369,5,9,5,2026-05-26,2026-06-08,2026-06-08,487,487,0,,185.37,181.45,0
PO-000370,6,15,8,2025-01-07,2025-02-20,2025-02-17,218,218,16,Short shelf life on arrival,16.41,16.51,0
PO-000371,6,15,2,2025-01-28,2025-03-13,2025-03-09,369,332,0,,16.41,16.26,0
PO-000372,6,15,5,2025-02-18,2025-04-03,2025-04-02,249,249,14,Temperature excursion in transit,16.41,16.8,0
PO-000373,6,15,5,2025-02-25,2025-04-10,2025-04-21,230,230,0,,16.41,16.52,0
PO-000374,6,15,5,2025-03-11,2025-04-24,2025-04-15,268,268,0,,16.41,16.19,0
PO-000375,6,15,4,2025-04-15,2025-05-29,2025-06-01,230,230,0,,16.41,16.47,0
PO-000376,6,15,10,2025-04-22,2025-06-05,2025-05-30,407,407,0,,16.41,16.77,0
PO-000377,6,15,5,2025-05-06,2025-06-19,2025-06-15,276,276,0,,16.41,16.48,0
PO-000378,6,15,8,2025-05-20,2025-07-03,2025-06-29,316,316,0,,16.41,16.45,0
PO-000379,6,15,1,2025-06-03,2025-07-17,2025-07-13,456,456,0,,16.41,16.76,0
PO-000380,6,15,10,2025-06-24,2025-08-07,2025-07-23,296,296,0,,16.41,16.65,0
PO-000381,6,15,7,2025-07-08,2025-08-21,2025-08-10,236,236,0,,16.41,16.6,0
PO-000382,6,15,10,2025-07-15,2025-08-28,2025-08-18,158,158,0,,16.41,16.5,0
PO-000383,6,15,1,2025-07-29,2025-09-11,2025-08-27,370,370,0,,16.41,16.58,0
PO-000384,6,15,8,2025-08-19,2025-10-02,2025-10-02,198,198,0,,16.41,16.34,0
PO-000385,6,15,10,2025-08-26,2025-10-09,2025-10-08,314,314,0,,16.41,16.63,0
PO-000386,6,15,2,2025-09-09,2025-10-23,2025-10-19,344,344,0,,16.41,16.51,0
PO-000387,6,15,6,2025-09-16,2025-10-30,2025-10-29,213,213,0,,16.41,16.42,0
PO-000388,6,15,1,2025-10-14,2025-11-27,2025-11-23,185,185,0,,16.41,16.42,0
PO-000389,6,15,8,2025-10-21,2025-12-04,2025-11-28,256,256,0,,16.41,16.47,0
PO-000390,6,15,8,2025-11-25,2026-01-08,2026-01-05,154,154,0,,16.41,16.71,0
PO-000391,6,15,5,2025-12-16,2026-01-29,2026-01-25,370,370,0,,16.41,16.24,0
PO-000392,6,15,8,2026-01-27,2026-03-12,2026-03-11,268,268,0,,16.41,16.45,0
PO-000393,6,15,5,2026-03-03,2026-04-16,2026-04-10,324,324,0,,16.41,16.9,0
PO-000394,6,15,10,2026-03-10,2026-04-23,2026-04-05,132,132,0,,16.41,16.54,0
PO-000395,6,15,2,2026-04-07,2026-05-21,2026-05-03,255,255,0,,16.41,16.44,0
PO-000396,6,15,8,2026-05-12,2026-06-25,2026-06-24,248,248,0,,16.41,16.41,0
PO-000397,6,15,1,2026-06-02,2026-07-16,2026-07-05,255,255,0,,16.41,16.36,0
PO-000398,6,15,1,2026-06-09,2026-07-23,2026-07-22,314,314,0,,16.41,16.62,0
PO-000399,6,15,7,2026-06-30,2026-08-13,2026-08-04,246,246,0,,16.41,16.76,0
PO-000400,6,6,1,2025-01-07,2025-01-18,2025-01-17,323,323,0,,21.08,20.67,1
PO-000401,6,6,2,2025-01-14,2025-01-25,2025-01-24,495,495,0,,21.08,20.22,1
PO-000402,6,6,7,2025-01-21,2025-02-01,2025-01-31,392,392,0,,21.08,20.61,1
PO-000403,6,6,5,2025-02-04,2025-02-15,2025-02-13,257,257,0,,21.08,20.52,1
PO-000404,6,6,8,2025-02-11,2025-02-22,2025-02-21,396,396,0,,21.08,21.04,1
PO-000405,6,6,2,2025-02-18,2025-03-01,2025-02-27,230,230,0,,21.08,20.61,1
PO-000406,6,6,5,2025-03-18,2025-03-29,2025-03-28,277,277,0,,21.08,20.39,1
PO-000407,6,6,8,2025-03-25,2025-04-05,2025-04-04,394,375,0,,21.08,20.5,1
PO-000408,6,6,6,2025-04-08,2025-04-19,2025-04-18,243,243,0,,21.08,20.77,1
PO-000409,6,6,5,2025-04-15,2025-04-26,2025-04-24,356,356,0,,21.08,20.49,1
PO-000410,6,6,4,2025-05-06,2025-05-17,2025-05-16,302,302,0,,21.08,20.01,1
PO-000411,6,6,10,2025-05-13,2025-05-24,2025-05-23,282,282,0,,21.08,20.44,1
PO-000412,6,6,1,2025-05-20,2025-05-31,2025-05-29,374,374,0,,21.08,20.69,1
PO-000413,6,6,6,2025-06-17,2025-06-28,2025-06-27,206,206,0,,21.08,20.54,1
PO-000414,6,6,4,2025-07-01,2025-07-12,2025-07-10,551,551,0,,21.08,20.62,1
PO-000415,6,6,7,2025-07-08,2025-07-19,2025-07-17,352,352,0,,21.08,20.58,1
PO-000416,6,6,6,2025-07-22,2025-08-02,2025-08-02,368,368,23,Short shelf life on arrival,21.08,20.82,1
PO-000417,6,6,2,2025-07-29,2025-08-09,2025-08-08,294,294,0,,21.08,20.33,1
PO-000418,6,6,6,2025-08-05,2025-08-16,2025-08-13,401,401,0,,21.08,20.03,1
PO-000419,6,6,10,2025-08-12,2025-08-23,2025-08-21,238,238,0,,21.08,20.57,1
PO-000420,6,6,8,2025-08-19,2025-08-30,2025-08-27,314,314,0,,21.08,20.41,1
PO-000421,6,6,10,2025-09-02,2025-09-13,2025-09-11,304,304,0,,21.08,20.5,1
PO-000422,6,6,6,2025-09-09,2025-09-20,2025-09-19,343,343,0,,21.08,20.7,1
PO-000423,6,6,10,2025-10-07,2025-10-18,2025-10-31,270,270,0,,21.08,20.66,1
PO-000424,6,6,10,2025-10-28,2025-11-08,2025-11-07,435,435,31,Damaged packaging,21.08,20.53,1
PO-000425,6,6,10,2025-11-04,2025-11-15,2025-11-15,423,423,0,,21.08,20.81,1
PO-000426,6,6,1,2025-11-11,2025-11-22,2025-11-22,384,384,0,,21.08,20.91,1
PO-000427,6,6,1,2025-11-18,2025-11-29,2025-11-28,351,351,0,,21.08,20.25,1
PO-000428,6,6,4,2025-11-25,2025-12-06,2025-12-05,337,337,0,,21.08,20.93,1
PO-000429,6,6,4,2025-12-02,2025-12-13,2025-12-12,266,257,0,,21.08,20.4,1
PO-000430,6,6,4,2025-12-16,2025-12-27,2025-12-27,224,224,0,,21.08,20.59,1
PO-000431,6,6,2,2025-12-23,2026-01-03,2026-01-02,356,356,0,,21.08,20.22,1
PO-000432,6,6,10,2026-01-20,2026-01-31,2026-01-29,334,334,0,,21.08,20.68,1
PO-000433,6,6,6,2026-01-27,2026-02-07,2026-02-05,344,344,0,,21.08,20.15,1
PO-000434,6,6,1,2026-02-10,2026-02-21,2026-02-22,433,433,0,,21.08,20.3,1
PO-000435,6,6,6,2026-02-17,2026-02-28,2026-02-24,260,260,0,,21.08,20.52,1
PO-000436,6,6,6,2026-02-24,2026-03-07,2026-03-07,342,342,0,,21.08,20.31,1
PO-000437,6,6,10,2026-03-17,2026-03-28,2026-03-27,319,319,0,,21.08,20.6,1
PO-000438,6,6,2,2026-03-31,2026-04-11,2026-04-11,395,367,0,,21.08,20.59,1
PO-000439,6,6,10,2026-04-14,2026-04-25,2026-04-25,424,424,0,,21.08,20.58,1
PO-000440,6,6,10,2026-05-12,2026-05-23,2026-05-18,421,421,0,,21.08,20.1,1
PO-000441,6,6,8,2026-06-09,2026-06-20,2026-06-17,241,241,0,,21.08,20.78,1
PO-000442,6,6,5,2026-06-23,2026-07-04,2026-07-03,339,321,0,,21.08,20.54,1
PO-000443,6,6,5,2026-06-30,2026-07-11,2026-07-11,297,297,0,,21.08,20.41,1
PO-000444,6,21,8,2025-06-03,2025-07-08,2025-07-05,387,387,0,,16.22,16.3,0
PO-000445,6,21,7,2025-12-02,2026-01-06,2026-01-02,555,555,0,,16.22,16.4,0
PO-000446,6,21,10,2025-12-30,2026-02-03,2026-01-25,406,406,16,Temperature excursion in transit,16.22,16.41,0
PO-000447,6,21,1,2026-01-06,2026-02-10,2026-02-07,452,452,0,,16.22,16.43,0
PO-000448,6,21,5,2026-01-13,2026-02-17,2026-02-03,198,186,0,,16.22,16.69,0
PO-000449,7,20,1,2025-08-05,2025-09-09,2025-09-07,275,275,0,,8.96,9.32,0
PO-000450,7,20,6,2025-09-30,2025-11-04,2025-11-03,690,690,0,,8.96,9.28,0
PO-000451,7,20,4,2025-11-04,2025-12-09,2025-12-02,436,436,0,,8.96,9.21,0
PO-000452,7,20,6,2025-12-16,2026-01-20,2026-01-19,457,457,0,,8.96,8.98,0
PO-000453,7,15,10,2025-01-14,2025-02-28,2025-02-13,500,500,0,,6.99,6.99,1
PO-000454,7,15,10,2025-01-28,2025-03-14,2025-03-14,500,500,0,,6.99,6.96,1
PO-000455,7,15,4,2025-02-04,2025-03-21,2025-03-21,500,500,0,,6.99,6.95,1
PO-000456,7,15,10,2025-02-11,2025-03-28,2025-03-23,500,500,0,,6.99,6.92,1
PO-000457,7,15,2,2025-02-25,2025-04-11,2025-04-08,500,500,0,,6.99,6.86,1
PO-000458,7,15,7,2025-03-04,2025-04-18,2025-04-14,500,500,0,,6.99,7.11,1
PO-000459,7,15,6,2025-04-15,2025-05-30,2025-05-21,500,500,0,,6.99,6.9,1
PO-000460,7,15,4,2025-04-22,2025-06-06,2025-05-31,500,500,0,,6.99,6.87,1
PO-000461,7,15,8,2025-04-29,2025-06-13,2025-06-02,500,500,0,,6.99,6.97,1
PO-000462,7,15,6,2025-05-06,2025-06-20,2025-06-17,500,500,0,,6.99,6.95,1
PO-000463,7,15,6,2025-05-13,2025-06-27,2025-06-26,500,500,0,,6.99,6.92,1
PO-000464,7,15,2,2025-05-20,2025-07-04,2025-06-29,500,500,0,,6.99,7.05,1
PO-000465,7,15,8,2025-05-27,2025-07-11,2025-06-28,500,500,0,,6.99,6.9,1
PO-000466,7,15,5,2025-06-03,2025-07-18,2025-07-18,500,500,0,,6.99,6.89,1
PO-000467,7,15,10,2025-06-17,2025-08-01,2025-07-25,500,500,0,,6.99,6.97,1
PO-000468,7,15,7,2025-06-24,2025-08-08,2025-07-29,500,500,0,,6.99,7.01,1
PO-000469,7,15,4,2025-07-01,2025-08-15,2025-08-11,500,500,0,,6.99,6.94,1
PO-000470,7,15,1,2025-07-08,2025-08-22,2025-08-12,500,500,0,,6.99,6.98,1
PO-000471,7,15,2,2025-07-15,2025-08-29,2025-08-13,500,500,0,,6.99,6.89,1
PO-000472,7,15,6,2025-07-22,2025-09-05,2025-09-01,500,500,0,,6.99,7.09,1
PO-000473,7,15,5,2025-07-29,2025-09-12,2025-09-03,500,500,0,,6.99,6.96,1
PO-000474,7,15,5,2025-08-05,2025-09-19,2025-09-16,500,500,0,,6.99,7.05,1
PO-000475,7,15,10,2025-08-12,2025-09-26,2025-09-20,500,500,43,Temperature excursion in transit,6.99,6.88,1
PO-000476,7,15,8,2025-08-19,2025-10-03,2025-09-27,500,500,0,,6.99,7.0,1
PO-000477,7,15,8,2025-09-02,2025-10-17,2025-10-15,500,500,0,,6.99,6.92,1
PO-000478,7,15,5,2025-09-09,2025-10-24,2025-10-23,500,500,0,,6.99,6.97,1
PO-000479,7,15,2,2025-09-16,2025-10-31,2025-10-14,500,500,0,,6.99,6.9,1
PO-000480,7,15,6,2025-09-23,2025-11-07,2025-10-23,500,500,0,,6.99,6.89,1
PO-000481,7,15,4,2025-10-07,2025-11-21,2025-11-19,500,500,0,,6.99,6.99,1
PO-000482,7,15,6,2025-10-21,2025-12-05,2025-12-02,500,500,0,,6.99,6.93,1
PO-000483,7,15,10,2025-10-28,2025-12-12,2025-12-07,500,500,0,,6.99,7.0,1
PO-000484,7,15,1,2025-11-11,2025-12-26,2025-12-23,500,500,0,,6.99,6.97,1
PO-000485,7,15,6,2025-11-18,2026-01-02,2025-12-23,500,500,0,,6.99,7.1,1
PO-000486,7,15,5,2025-11-25,2026-01-09,2026-01-09,500,500,0,,6.99,6.93,1
PO-000487,7,15,1,2025-12-02,2026-01-16,2025-12-26,500,500,0,,6.99,7.17,1
PO-000488,7,15,7,2025-12-09,2026-01-23,2026-01-21,500,500,0,,6.99,6.97,1
PO-000489,7,15,10,2025-12-23,2026-02-06,2026-01-28,500,500,0,,6.99,7.07,1
PO-000490,7,15,10,2025-12-30,2026-02-13,2026-02-11,500,500,0,,6.99,7.11,1
PO-000491,7,15,10,2026-01-06,2026-02-20,2026-02-10,500,500,0,,6.99,6.93,1
PO-000492,7,15,5,2026-01-13,2026-02-27,2026-02-20,500,500,0,,6.99,7.03,1
PO-000493,7,15,1,2026-01-20,2026-03-06,2026-03-01,500,500,20,Documentation incomplete,6.99,6.98,1
PO-000494,7,15,8,2026-02-10,2026-03-27,2026-03-14,500,500,0,,6.99,6.91,1
PO-000495,7,15,2,2026-02-17,2026-04-03,2026-04-01,500,500,0,,6.99,7.0,1
PO-000496,7,15,6,2026-02-24,2026-04-10,2026-03-31,500,500,0,,6.99,7.05,1
PO-000497,7,15,2,2026-03-03,2026-04-17,2026-04-14,500,500,0,,6.99,7.07,1
PO-000498,7,15,8,2026-03-10,2026-04-24,2026-04-23,500,466,0,,6.99,6.95,1
PO-000499,7,15,8,2026-03-24,2026-05-08,2026-05-06,500,500,0,,6.99,7.02,1
PO-000500,7,15,1,2026-03-31,2026-05-15,2026-05-03,500,500,0,,6.99,6.97,1
PO-000501,7,15,1,2026-04-14,2026-05-29,2026-05-29,500,500,0,,6.99,6.91,1
PO-000502,7,15,8,2026-04-21,2026-06-05,2026-06-03,500,500,0,,6.99,7.14,1
PO-000503,7,15,7,2026-04-28,2026-06-12,2026-05-31,500,500,0,,6.99,7.07,1
PO-000504,7,15,2,2026-05-05,2026-06-19,2026-06-18,500,500,0,,6.99,7.01,1
PO-000505,7,15,10,2026-05-19,2026-07-03,2026-06-27,500,500,0,,6.99,7.07,1
PO-000506,7,15,4,2026-05-26,2026-07-10,2026-06-25,500,500,0,,6.99,6.96,1
PO-000507,7,15,8,2026-06-02,2026-07-17,2026-07-13,500,500,0,,6.99,6.97,1
PO-000508,7,15,8,2026-06-09,2026-07-24,2026-07-13,500,455,0,,6.99,6.95,1
PO-000509,7,15,6,2026-06-23,2026-08-07,2026-08-01,500,500,0,,6.99,6.95,1
PO-000510,7,15,10,2026-06-30,2026-08-14,2026-08-07,500,500,0,,6.99,7.07,1
PO-000511,7,8,7,2025-01-07,2025-02-15,2025-01-29,293,293,10,Short shelf life on arrival,9.65,10.29,0
PO-000512,7,8,5,2025-01-21,2025-03-01,2025-02-28,271,271,0,,9.65,10.43,0
PO-000513,7,8,8,2025-02-18,2025-03-29,2025-03-25,337,337,0,,9.65,10.08,0
PO-000514,7,8,4,2025-03-04,2025-04-12,2025-04-18,358,358,0,,9.65,10.05,0
PO-000515,7,8,7,2025-03-11,2025-04-19,2025-04-19,382,382,0,,9.65,10.33,0
PO-000516,7,8,4,2025-04-15,2025-05-24,2025-05-23,278,278,0,,9.65,10.09,0
PO-000517,7,8,7,2025-04-29,2025-06-07,2025-06-07,345,345,0,,9.65,10.33,0
PO-000518,7,8,6,2025-06-03,2025-07-12,2025-07-19,315,315,0,,9.65,10.23,0
PO-000519,7,8,5,2025-06-10,2025-07-19,2025-07-17,322,322,0,,9.65,10.17,0
PO-000520,7,8,7,2025-07-01,2025-08-09,2025-08-02,325,325,0,,9.65,10.32,0
PO-000521,7,8,8,2025-07-08,2025-08-16,2025-08-14,297,297,0,,9.65,10.36,0
PO-000522,7,8,7,2025-07-22,2025-08-30,2025-08-20,316,316,15,Failed spec check,9.65,10.17,0
PO-000523,7,8,1,2025-09-16,2025-10-25,2025-10-31,320,320,0,,9.65,10.35,0
PO-000524,7,8,8,2025-09-30,2025-11-08,2025-11-01,301,301,0,,9.65,10.26,0
PO-000525,7,8,8,2025-10-28,2025-12-06,2025-11-30,221,206,0,,9.65,10.35,0
PO-000526,7,8,4,2025-11-04,2025-12-13,2025-12-04,367,367,0,,9.65,10.14,0
PO-000527,7,8,10,2025-12-02,2026-01-10,2026-01-09,351,351,0,,9.65,10.31,0
PO-000528,7,8,1,2025-12-30,2026-02-07,2026-02-16,314,314,0,,9.65,10.36,0
PO-000529,7,8,1,2026-01-06,2026-02-14,2026-01-30,320,320,0,,9.65,10.27,0
PO-000530,7,8,1,2026-03-03,2026-04-11,2026-04-26,320,320,0,,9.65,10.21,0
PO-000531,7,8,5,2026-03-10,2026-04-18,2026-05-14,302,302,0,,9.65,10.25,0
PO-000532,7,8,10,2026-03-17,2026-04-25,2026-04-22,323,323,0,,9.65,10.1,0
PO-000533,7,8,7,2026-03-24,2026-05-02,2026-05-01,242,242,0,,9.65,10.32,0
PO-000534,7,8,10,2026-03-31,2026-05-09,2026-05-04,266,266,0,,9.65,10.29,0
PO-000535,7,8,7,2026-04-28,2026-06-06,2026-05-23,350,350,17,Short shelf life on arrival,9.65,10.22,0
PO-000536,7,8,1,2026-05-05,2026-06-13,2026-06-02,232,232,0,,9.65,10.17,0
PO-000537,7,8,4,2026-05-12,2026-06-20,2026-06-10,304,304,12,Short shelf life on arrival,9.65,10.24,0
PO-000538,7,8,6,2026-06-02,2026-07-11,2026-07-06,256,256,0,,9.65,10.22,0
PO-000539,7,8,2,2026-06-30,2026-08-08,2026-07-30,334,334,15,Temperature excursion in transit,9.65,10.06,0
PO-000540,8,18,1,2025-04-15,2025-05-18,2025-05-04,500,500,0,,10.55,10.34,0
PO-000541,8,18,10,2025-06-03,2025-07-06,2025-06-30,500,500,0,,10.55,10.25,0
PO-000542,8,18,2,2025-08-26,2025-09-28,2025-09-25,500,488,0,,10.55,10.5,0
PO-000543,8,18,7,2025-11-04,2025-12-07,2025-12-01,500,500,0,,10.55,10.38,0
PO-000544,8,18,5,2025-12-16,2026-01-18,2026-01-30,500,500,0,,10.55,10.48,0
PO-000545,8,18,10,2026-04-28,2026-05-31,2026-05-12,500,500,0,,10.55,10.37,0
PO-000546,8,24,8,2025-01-07,2025-01-16,2025-01-15,192,192,0,,12.22,12.35,0
PO-000547,8,24,4,2025-08-05,2025-08-14,2025-08-14,113,113,0,,12.22,11.84,0
PO-000548,8,24,10,2026-03-17,2026-03-26,2026-03-24,171,171,0,,12.22,11.9,0
PO-000549,8,24,10,2026-06-16,2026-06-25,2026-06-24,186,186,0,,12.22,11.85,0
PO-000550,8,16,8,2025-01-07,2025-02-09,2025-02-07,88,88,0,,11.64,11.35,1
PO-000551,8,16,2,2025-01-14,2025-02-16,2025-02-07,100,100,0,,11.64,11.5,1
PO-000552,8,16,10,2025-01-28,2025-03-02,2025-02-20,93,93,0,,11.64,11.63,1
PO-000553,8,16,6,2025-02-18,2025-03-23,2025-03-17,101,101,0,,11.64,11.43,1
PO-000554,8,16,10,2025-03-25,2025-04-27,2025-04-17,78,78,0,,11.64,11.17,1
PO-000555,8,16,4,2025-04-01,2025-05-04,2025-05-02,120,120,0,,11.64,11.34,1
PO-000556,8,16,6,2025-04-08,2025-05-11,2025-05-02,118,118,13,Failed spec check,11.64,11.19,1
PO-000557,8,16,2,2025-04-15,2025-05-18,2025-05-08,107,107,6,Short shelf life on arrival,11.64,11.27,1
PO-000558,8,16,5,2025-04-22,2025-05-25,2025-05-13,79,79,0,,11.64,11.34,1
PO-000559,8,16,10,2025-05-06,2025-06-08,2025-06-05,74,74,0,,11.64,11.12,1
PO-000560,8,16,1,2025-05-13,2025-06-15,2025-06-15,83,83,0,,11.64,11.41,1
PO-000561,8,16,5,2025-05-27,2025-06-29,2025-06-20,127,127,0,,11.64,11.21,1
PO-000562,8,16,2,2025-06-24,2025-07-27,2025-07-21,160,160,0,,11.64,11.22,1
PO-000563,8,16,10,2025-07-01,2025-08-03,2025-07-29,111,111,0,,11.64,11.33,1
PO-000564,8,16,2,2025-07-22,2025-08-24,2025-08-21,93,93,0,,11.64,11.25,1
PO-000565,8,16,7,2025-07-29,2025-08-31,2025-08-24,161,161,0,,11.64,11.13,1
PO-000566,8,16,1,2025-08-05,2025-09-07,2025-09-10,135,135,0,,11.64,11.5,1
PO-000567,8,16,10,2025-08-12,2025-09-14,2025-09-10,94,94,0,,11.64,11.17,1
PO-000568,8,16,8,2025-08-26,2025-09-28,2025-09-21,95,95,0,,11.64,11.46,1
PO-000569,8,16,10,2025-09-02,2025-10-05,2025-09-30,134,134,0,,11.64,11.24,1
PO-000570,8,16,2,2025-09-09,2025-10-12,2025-10-07,93,93,0,,11.64,11.18,1
PO-000571,8,16,7,2025-09-16,2025-10-19,2025-10-13,124,124,0,,11.64,11.18,1
PO-000572,8,16,10,2025-09-23,2025-10-26,2025-10-20,119,119,0,,11.64,11.33,1
PO-000573,8,16,6,2025-09-30,2025-11-02,2025-10-26,126,126,0,,11.64,11.47,1
PO-000574,8,16,1,2025-10-14,2025-11-16,2025-11-05,116,116,0,,11.64,11.23,1
PO-000575,8,16,1,2025-10-28,2025-11-30,2025-11-28,104,104,0,,11.64,11.43,1
PO-000576,8,16,1,2025-11-04,2025-12-07,2025-12-02,75,75,0,,11.64,11.36,1
PO-000577,8,16,5,2025-11-11,2025-12-14,2025-12-11,126,126,0,,11.64,11.4,1
PO-000578,8,16,4,2025-11-18,2025-12-21,2025-12-03,153,153,0,,11.64,11.39,1
PO-000579,8,16,4,2025-11-25,2025-12-28,2025-12-19,80,80,0,,11.64,11.59,1
PO-000580,8,16,7,2025-12-02,2026-01-04,2025-12-24,97,97,0,,11.64,11.4,1
PO-000581,8,16,10,2025-12-09,2026-01-11,2026-01-09,55,55,0,,11.64,11.51,1
PO-000582,8,16,4,2025-12-16,2026-01-18,2026-01-06,116,116,0,,11.64,11.29,1
PO-000583,8,16,6,2025-12-23,2026-01-25,2026-01-24,96,96,0,,11.64,11.25,1
PO-000584,8,16,8,2025-12-30,2026-02-01,2026-01-29,57,57,0,,11.64,11.36,1
PO-000585,8,16,8,2026-01-06,2026-02-08,2026-02-07,96,96,0,,11.64,11.36,1
PO-000586,8,16,8,2026-01-13,2026-02-15,2026-02-11,104,104,0,,11.64,11.24,1
PO-000587,8,16,10,2026-01-20,2026-02-22,2026-02-14,88,88,0,,11.64,11.21,1
PO-000588,8,16,6,2026-01-27,2026-03-01,2026-02-24,145,145,0,,11.64,11.4,1
PO-000589,8,16,8,2026-02-10,2026-03-15,2026-03-07,126,126,0,,11.64,11.43,1
PO-000590,8,16,6,2026-02-17,2026-03-22,2026-03-20,107,107,0,,11.64,11.39,1
PO-000591,8,16,7,2026-03-03,2026-04-05,2026-03-30,106,106,0,,11.64,11.27,1
PO-000592,8,16,7,2026-03-17,2026-04-19,2026-04-13,74,74,0,,11.64,11.23,1
PO-000593,8,16,7,2026-03-24,2026-04-26,2026-04-22,133,133,0,,11.64,11.3,1
PO-000594,8,16,8,2026-03-31,2026-05-03,2026-04-28,116,116,0,,11.64,11.37,1
PO-000595,8,16,10,2026-04-28,2026-05-31,2026-05-22,122,122,0,,11.64,11.35,1
PO-000596,8,16,4,2026-05-05,2026-06-07,2026-05-31,89,89,0,,11.64,11.5,1
PO-000597,8,16,10,2026-05-12,2026-06-14,2026-06-12,69,69,0,,11.64,11.44,1
PO-000598,8,16,1,2026-05-19,2026-06-21,2026-06-16,121,121,0,,11.64,11.25,1
PO-000599,8,16,5,2026-05-26,2026-06-28,2026-06-19,115,115,0,,11.64,11.31,1
PO-000600,8,16,10,2026-06-02,2026-07-05,2026-07-02,123,123,0,,11.64,11.38,1
PO-000601,8,16,7,2026-06-16,2026-07-19,2026-07-17,80,80,0,,11.64,11.26,1
PO-000602,8,16,7,2026-06-30,2026-08-02,2026-07-20,108,108,0,,11.64,11.29,1
PO-000603,8,9,7,2025-01-07,2025-01-18,2025-01-18,111,111,0,,12.38,12.35,0
PO-000604,8,9,10,2025-01-14,2025-01-25,2025-01-24,113,113,0,,12.38,12.32,0
PO-000605,8,9,7,2025-01-21,2025-02-01,2025-02-01,130,130,0,,12.38,12.06,0
PO-000606,8,9,1,2025-02-25,2025-03-08,2025-03-07,100,100,0,,12.38,12.21,0
PO-000607,8,9,5,2025-03-11,2025-03-22,2025-03-21,116,116,0,,12.38,12.29,0
PO-000608,8,9,4,2025-05-06,2025-05-17,2025-05-15,108,108,0,,12.38,12.33,0
PO-000609,8,9,4,2025-05-27,2025-06-07,2025-06-04,119,119,0,,12.38,12.45,0
PO-000610,8,9,7,2025-06-24,2025-07-05,2025-07-02,117,117,0,,12.38,12.4,0
PO-000611,8,9,4,2025-07-15,2025-07-26,2025-07-26,100,100,0,,12.38,12.44,0
PO-000612,8,9,8,2025-08-26,2025-09-06,2025-09-05,139,139,0,,12.38,12.42,0
PO-000613,8,9,8,2025-09-02,2025-09-13,2025-09-12,104,104,0,,12.38,12.35,0
PO-000614,8,9,6,2025-11-11,2025-11-22,2025-11-21,151,151,0,,12.38,12.27,0
PO-000615,8,9,6,2025-11-18,2025-11-29,2025-11-29,100,100,0,,12.38,12.36,0
PO-000616,8,9,8,2026-02-03,2026-02-14,2026-02-14,151,151,0,,12.38,12.37,0
PO-000617,8,9,4,2026-02-10,2026-02-21,2026-02-19,131,131,0,,12.38,12.43,0
PO-000618,8,9,1,2026-03-24,2026-04-04,2026-04-03,146,146,0,,12.38,12.33,0
PO-000619,8,9,7,2026-04-21,2026-05-02,2026-05-01,146,146,0,,12.38,12.28,0
PO-000620,8,9,6,2026-06-02,2026-06-13,2026-06-13,137,137,0,,12.38,12.46,0
PO-000621,9,13,4,2025-01-07,2025-01-23,2025-01-26,698,698,0,,56.89,58.83,1
PO-000622,9,13,8,2025-01-14,2025-01-30,2025-01-24,636,636,0,,56.89,59.27,1
PO-000623,9,13,8,2025-01-21,2025-02-06,2025-01-29,727,611,0,,56.89,58.95,1
PO-000624,9,13,8,2025-01-28,2025-02-13,2025-02-11,652,652,0,,56.89,58.64,1
PO-000625,9,13,10,2025-02-04,2025-02-20,2025-03-07,795,795,0,,56.89,59.04,1
PO-000626,9,13,8,2025-02-11,2025-02-27,2025-03-04,736,736,0,,56.89,59.64,1
PO-000627,9,13,6,2025-02-18,2025-03-06,2025-03-05,655,655,0,,56.89,59.27,1
PO-000628,9,13,5,2025-02-25,2025-03-13,2025-03-10,483,483,0,,56.89,59.45,1
PO-000629,9,13,4,2025-03-04,2025-03-20,2025-03-13,521,521,103,Temperature excursion in transit,56.89,59.08,1
PO-000630,9,13,7,2025-03-11,2025-03-27,2025-03-23,764,764,0,,56.89,59.18,1
PO-000631,9,13,4,2025-03-18,2025-04-03,2025-03-27,467,467,0,,56.89,59.61,1
PO-000632,9,13,2,2025-03-25,2025-04-10,2025-04-06,699,699,0,,56.89,59.25,1
PO-000633,9,13,1,2025-04-01,2025-04-17,2025-04-11,611,611,0,,56.89,60.45,1
PO-000634,9,13,10,2025-04-08,2025-04-24,2025-04-20,741,741,0,,56.89,58.9,1
PO-000635,9,13,6,2025-04-15,2025-05-01,2025-04-28,772,772,0,,56.89,58.88,1
PO-000636,9,13,7,2025-04-22,2025-05-08,2025-05-05,644,644,0,,56.89,59.24,1
PO-000637,9,13,4,2025-04-29,2025-05-15,2025-05-16,836,836,0,,56.89,59.59,1
PO-000638,9,13,1,2025-05-06,2025-05-22,2025-05-20,718,718,0,,56.89,58.94,1
PO-000639,9,13,6,2025-05-13,2025-05-29,2025-06-05,474,474,0,,56.89,59.98,1
PO-000640,9,13,1,2025-05-20,2025-06-05,2025-06-05,538,538,116,Documentation incomplete,56.89,59.79,1
PO-000641,9,13,5,2025-05-27,2025-06-12,2025-06-06,747,747,0,,56.89,58.71,1
PO-000642,9,13,10,2025-06-03,2025-06-19,2025-06-16,814,814,0,,56.89,60.39,1
PO-000643,9,13,7,2025-06-10,2025-06-26,2025-06-24,906,816,0,,56.89,59.61,1
PO-000644,9,13,10,2025-06-17,2025-07-03,2025-06-20,605,605,0,,56.89,59.1,1
PO-000645,9,13,5,2025-06-24,2025-07-10,2025-07-06,552,552,0,,56.89,58.8,1
PO-000646,9,13,1,2025-07-01,2025-07-17,2025-07-17,684,684,0,,56.89,59.18,1
PO-000647,9,13,5,2025-07-08,2025-07-24,2025-07-20,646,646,0,,56.89,59.83,1
PO-000648,9,13,6,2025-07-15,2025-07-31,2025-07-29,697,697,0,,56.89,58.12,1
PO-000649,9,13,6,2025-07-22,2025-08-07,2025-08-05,879,879,0,,56.89,59.1,1
PO-000650,9,13,2,2025-07-29,2025-08-14,2025-08-13,580,580,0,,56.89,58.39,1
PO-000651,9,13,2,2025-08-05,2025-08-21,2025-08-25,821,821,0,,56.89,59.83,1
PO-000652,9,13,4,2025-08-12,2025-08-28,2025-08-25,476,476,0,,56.89,59.91,1
PO-000653,9,13,2,2025-08-19,2025-09-04,2025-09-01,811,811,0,,56.89,59.88,1
PO-000654,9,13,6,2025-08-26,2025-09-11,2025-09-09,564,564,0,,56.89,58.91,1
PO-000655,9,13,5,2025-09-02,2025-09-18,2025-09-16,452,396,55,Damaged packaging,56.89,58.11,1
PO-000656,9,13,4,2025-09-09,2025-09-25,2025-09-19,633,633,0,,56.89,58.42,1
PO-000657,9,13,1,2025-09-16,2025-10-02,2025-10-02,626,626,0,,56.89,59.86,1
PO-000658,9,13,10,2025-09-23,2025-10-09,2025-10-10,659,659,95,Damaged packaging,56.89,58.91,1
PO-000659,9,13,4,2025-09-30,2025-10-16,2025-10-10,928,928,0,,56.89,59.72,1
PO-000660,9,13,4,2025-10-07,2025-10-23,2025-10-19,926,926,0,,56.89,59.02,1
PO-000661,9,13,7,2025-10-14,2025-10-30,2025-11-02,619,619,0,,56.89,59.13,1
PO-000662,9,13,5,2025-10-21,2025-11-06,2025-11-02,626,626,0,,56.89,58.54,1
PO-000663,9,13,5,2025-10-28,2025-11-13,2025-11-09,873,873,0,,56.89,59.11,1
PO-000664,9,13,4,2025-11-04,2025-11-20,2025-11-16,715,715,0,,56.89,58.45,1
PO-000665,9,13,8,2025-11-11,2025-11-27,2025-12-02,675,675,0,,56.89,59.75,1
PO-000666,9,13,8,2025-11-18,2025-12-04,2025-12-03,291,273,0,,56.89,59.61,1
PO-000667,9,13,6,2025-11-25,2025-12-11,2025-12-17,721,721,0,,56.89,59.54,1
PO-000668,9,13,1,2025-12-02,2025-12-18,2025-12-17,552,552,0,,56.89,59.19,1
PO-000669,9,13,4,2025-12-09,2025-12-25,2025-12-25,406,406,0,,56.89,58.55,1
PO-000670,9,13,5,2025-12-16,2026-01-01,2026-01-04,610,610,0,,56.89,59.58,1
PO-000671,9,13,1,2025-12-23,2026-01-08,2026-01-04,541,541,0,,56.89,60.23,1
PO-000672,9,13,10,2025-12-30,2026-01-15,2026-01-13,707,707,0,,56.89,59.24,1
PO-000673,9,13,8,2026-01-06,2026-01-22,2026-01-11,603,603,0,,56.89,58.49,1
PO-000674,9,13,8,2026-01-13,2026-01-29,2026-01-29,724,724,33,Damaged packaging,56.89,58.37,1
PO-000675,9,13,10,2026-01-20,2026-02-05,2026-02-02,657,657,0,,56.89,58.39,1
PO-000676,9,13,4,2026-01-27,2026-02-12,2026-02-08,509,509,0,,56.89,59.26,1
PO-000677,9,13,7,2026-02-03,2026-02-19,2026-02-20,542,542,0,,56.89,59.22,1
PO-000678,9,13,8,2026-02-10,2026-02-26,2026-02-25,424,424,0,,56.89,58.92,1
PO-000679,9,13,5,2026-02-17,2026-03-05,2026-03-04,660,660,0,,56.89,58.9,1
PO-000680,9,13,1,2026-02-24,2026-03-12,2026-03-09,710,710,0,,56.89,58.99,1
PO-000681,9,13,8,2026-03-03,2026-03-19,2026-03-16,559,559,0,,56.89,58.86,1
PO-000682,9,13,8,2026-03-10,2026-03-26,2026-04-04,854,854,0,,56.89,58.35,1
PO-000683,9,13,2,2026-03-17,2026-04-02,2026-03-26,716,716,25,Short shelf life on arrival,56.89,59.73,1
PO-000684,9,13,10,2026-03-24,2026-04-09,2026-04-10,612,612,0,,56.89,58.95,1
PO-000685,9,13,4,2026-03-31,2026-04-16,2026-04-14,694,594,0,,56.89,59.27,1
PO-000686,9,13,7,2026-04-07,2026-04-23,2026-04-23,586,586,0,,56.89,58.04,1
PO-000687,9,13,5,2026-04-14,2026-04-30,2026-04-27,867,867,0,,56.89,59.22,1
PO-000688,9,13,8,2026-04-21,2026-05-07,2026-05-05,498,498,0,,56.89,60.02,1
PO-000689,9,13,5,2026-04-28,2026-05-14,2026-05-13,630,630,0,,56.89,58.74,1
PO-000690,9,13,7,2026-05-05,2026-05-21,2026-05-14,617,617,0,,56.89,59.66,1
PO-000691,9,13,4,2026-05-12,2026-05-28,2026-05-31,724,724,0,,56.89,59.57,1
PO-000692,9,13,1,2026-05-19,2026-06-04,2026-06-01,522,459,0,,56.89,58.15,1
PO-000693,9,13,10,2026-05-26,2026-06-11,2026-06-09,746,746,45,Short shelf life on arrival,56.89,59.22,1
PO-000694,9,13,8,2026-06-02,2026-06-18,2026-06-17,277,277,55,Damaged packaging,56.89,58.8,1
PO-000695,9,13,2,2026-06-09,2026-06-25,2026-06-23,627,627,0,,56.89,60.44,1
PO-000696,9,13,8,2026-06-16,2026-07-02,2026-07-09,431,431,0,,56.89,59.22,1
PO-000697,9,13,8,2026-06-23,2026-07-09,2026-07-15,665,602,0,,56.89,59.23,1
PO-000698,9,13,7,2026-06-30,2026-07-16,2026-07-14,694,694,0,,56.89,58.77,1
PO-000699,10,2,5,2025-05-13,2025-06-20,2025-06-22,250,226,0,,210.93,216.22,0
PO-000700,10,2,10,2025-05-27,2025-07-04,2025-07-01,250,226,0,,210.93,215.18,0
PO-000701,10,2,10,2025-07-29,2025-09-05,2025-08-27,250,244,0,,210.93,218.32,0
PO-000702,10,2,7,2025-09-02,2025-10-10,2025-09-28,250,250,0,,210.93,215.7,0
PO-000703,10,2,4,2025-09-16,2025-10-24,2025-10-12,250,250,0,,210.93,213.41,0
PO-000704,10,2,5,2025-09-23,2025-10-31,2025-10-18,250,250,0,,210.93,214.23,0
PO-000705,10,2,2,2025-11-04,2025-12-12,2025-12-10,250,250,0,,210.93,216.12,0
PO-000706,10,2,2,2025-12-23,2026-01-30,2026-01-28,250,250,0,,210.93,215.35,0
PO-000707,10,2,6,2026-03-24,2026-05-01,2026-04-21,250,223,0,,210.93,219.24,0
PO-000708,10,2,5,2026-06-09,2026-07-17,2026-07-10,254,254,0,,210.93,215.17,0
PO-000709,10,23,5,2025-01-07,2025-01-18,2025-01-17,101,101,0,,310.79,330.07,1
PO-000710,10,23,1,2025-01-14,2025-01-25,2025-01-24,121,121,0,,310.79,333.61,1
PO-000711,10,23,7,2025-01-21,2025-02-01,2025-01-31,59,59,0,,310.79,328.31,1
PO-000712,10,23,4,2025-01-28,2025-02-08,2025-02-07,111,111,0,,310.79,333.69,1
PO-000713,10,23,8,2025-02-04,2025-02-15,2025-02-14,112,112,0,,310.79,330.57,1
PO-000714,10,23,1,2025-02-25,2025-03-08,2025-03-06,113,113,0,,310.79,331.76,1
PO-000715,10,23,1,2025-03-04,2025-03-15,2025-03-15,119,119,0,,310.79,329.62,1
PO-000716,10,23,8,2025-03-18,2025-03-29,2025-03-28,81,81,0,,310.79,327.49,1
PO-000717,10,23,7,2025-04-01,2025-04-12,2025-04-11,72,72,0,,310.79,324.75,1
PO-000718,10,23,6,2025-04-22,2025-05-03,2025-05-03,107,107,0,,310.79,335.35,1
PO-000719,10,23,1,2025-04-29,2025-05-10,2025-05-09,100,100,0,,310.79,333.17,1
PO-000720,10,23,6,2025-05-13,2025-05-24,2025-05-24,113,113,0,,310.79,334.84,1
PO-000721,10,23,2,2025-05-20,2025-05-31,2025-05-31,86,86,0,,310.79,327.01,1
PO-000722,10,23,8,2025-05-27,2025-06-07,2025-06-06,112,112,0,,310.79,333.28,1
PO-000723,10,23,4,2025-06-03,2025-06-14,2025-06-14,90,90,0,,310.79,332.08,1
PO-000724,10,23,5,2025-06-10,2025-06-21,2025-06-20,101,101,0,,310.79,334.58,1
PO-000725,10,23,7,2025-06-17,2025-06-28,2025-07-08,104,104,0,,310.79,330.1,1
PO-000726,10,23,10,2025-06-24,2025-07-05,2025-07-05,122,122,0,,310.79,335.47,1
PO-000727,10,23,7,2025-07-01,2025-07-12,2025-07-14,112,112,0,,310.79,331.31,1
PO-000728,10,23,2,2025-07-08,2025-07-19,2025-07-19,58,58,0,,310.79,330.93,1
PO-000729,10,23,10,2025-07-15,2025-07-26,2025-07-25,86,76,0,,310.79,333.63,1
PO-000730,10,23,8,2025-07-22,2025-08-02,2025-08-01,94,94,3,Damaged packaging,310.79,334.28,1
PO-000731,10,23,5,2025-07-29,2025-08-09,2025-08-08,104,104,0,,310.79,328.13,1
PO-000732,10,23,2,2025-08-05,2025-08-16,2025-08-14,52,52,0,,310.79,330.16,1
PO-000733,10,23,6,2025-08-19,2025-08-30,2025-08-29,115,115,0,,310.79,333.38,1
PO-000734,10,23,7,2025-08-26,2025-09-06,2025-09-05,91,91,0,,310.79,335.94,1
PO-000735,10,23,2,2025-09-02,2025-09-13,2025-09-11,100,100,0,,310.79,331.74,1
PO-000736,10,23,1,2025-09-09,2025-09-20,2025-09-20,110,110,0,,310.79,330.29,1
PO-000737,10,23,2,2025-09-16,2025-09-27,2025-09-26,85,85,0,,310.79,329.73,1
PO-000738,10,23,8,2025-10-07,2025-10-18,2025-10-17,116,116,0,,310.79,331.83,1
PO-000739,10,23,5,2025-10-14,2025-10-25,2025-10-23,130,114,0,,310.79,328.37,1
PO-000740,10,23,7,2025-10-21,2025-11-01,2025-11-01,131,131,0,,310.79,334.01,1
PO-000741,10,23,8,2025-11-04,2025-11-15,2025-11-15,75,75,0,,310.79,327.35,1
PO-000742,10,23,1,2025-11-11,2025-11-22,2025-11-27,83,83,0,,310.79,333.95,1
PO-000743,10,23,5,2025-11-18,2025-11-29,2025-11-29,97,93,0,,310.79,329.8,1
PO-000744,10,23,1,2025-11-25,2025-12-06,2025-12-06,100,100,0,,310.79,329.39,1
PO-000745,10,23,10,2025-12-02,2025-12-13,2025-12-12,76,76,0,,310.79,334.06,1
PO-000746,10,23,7,2025-12-09,2025-12-20,2025-12-19,81,81,0,,310.79,332.66,1
PO-000747,10,23,1,2025-12-23,2026-01-03,2026-01-03,88,88,0,,310.79,332.58,1
PO-000748,10,23,6,2026-01-06,2026-01-17,2026-01-15,119,119,0,,310.79,331.75,1
PO-000749,10,23,5,2026-01-20,2026-01-31,2026-02-02,78,78,0,,310.79,327.83,1
PO-000750,10,23,2,2026-01-27,2026-02-07,2026-02-07,110,110,0,,310.79,331.47,1
PO-000751,10,23,1,2026-02-03,2026-02-14,2026-02-12,102,102,0,,310.79,333.35,1
PO-000752,10,23,2,2026-02-10,2026-02-21,2026-02-21,100,100,0,,310.79,328.91,1
PO-000753,10,23,5,2026-02-17,2026-02-28,2026-02-26,124,124,0,,310.79,331.44,1
PO-000754,10,23,10,2026-02-24,2026-03-07,2026-03-08,111,111,0,,310.79,331.48,1
PO-000755,10,23,5,2026-03-10,2026-03-21,2026-03-21,123,123,0,,310.79,336.93,1
PO-000756,10,23,6,2026-03-17,2026-03-28,2026-03-28,86,86,0,,310.79,329.86,1
PO-000757,10,23,2,2026-03-24,2026-04-04,2026-04-04,111,111,0,,310.79,328.87,1
PO-000758,10,23,10,2026-03-31,2026-04-11,2026-04-10,126,126,0,,310.79,331.37,1
PO-000759,10,23,10,2026-04-07,2026-04-18,2026-04-18,106,106,0,,310.79,331.01,1
PO-000760,10,23,7,2026-04-21,2026-05-02,2026-05-01,78,78,0,,310.79,333.0,1
PO-000761,10,23,5,2026-04-28,2026-05-09,2026-05-08,95,95,0,,310.79,332.7,1
PO-000762,10,23,2,2026-05-12,2026-05-23,2026-05-25,106,106,0,,310.79,330.66,1
PO-000763,10,23,2,2026-05-19,2026-05-30,2026-05-30,105,105,0,,310.79,334.16,1
PO-000764,10,23,8,2026-05-26,2026-06-06,2026-06-05,100,100,0,,310.79,328.76,1
PO-000765,10,23,2,2026-06-02,2026-06-13,2026-06-12,84,84,0,,310.79,332.56,1
PO-000766,10,23,10,2026-06-09,2026-06-20,2026-06-19,111,111,0,,310.79,334.06,1
PO-000767,10,23,1,2026-06-16,2026-06-27,2026-06-27,105,105,0,,310.79,334.18,1
PO-000768,10,23,10,2026-06-23,2026-07-04,2026-07-03,123,123,0,,310.79,326.52,1
PO-000769,10,23,1,2026-06-30,2026-07-11,2026-07-11,105,105,0,,310.79,328.14,1
PO-000770,11,12,10,2025-01-07,2025-01-16,2025-01-14,1125,1125,0,,3.97,3.92,1
PO-000771,11,12,5,2025-01-14,2025-01-23,2025-01-20,1336,1336,0,,3.97,3.85,1
PO-000772,11,12,5,2025-01-21,2025-01-30,2025-01-29,1642,1642,0,,3.97,3.85,1
PO-000773,11,12,6,2025-01-28,2025-02-06,2025-02-05,1649,1649,0,,3.97,3.77,1
PO-000774,11,12,10,2025-02-04,2025-02-13,2025-02-11,1577,1577,0,,3.97,3.84,1
PO-000775,11,12,5,2025-02-11,2025-02-20,2025-02-19,1204,1204,0,,3.97,3.82,1
PO-000776,11,12,8,2025-02-18,2025-02-27,2025-02-23,1355,1355,0,,3.97,3.92,1
PO-000777,11,12,10,2025-02-25,2025-03-06,2025-03-04,1303,1303,0,,3.97,3.82,1
PO-000778,11,12,1,2025-03-04,2025-03-13,2025-03-11,2013,2013,0,,3.97,3.89,1
PO-000779,11,12,7,2025-03-11,2025-03-20,2025-03-17,1575,1575,0,,3.97,3.86,1
PO-000780,11,12,10,2025-03-18,2025-03-27,2025-03-27,1655,1655,0,,3.97,3.84,1
PO-000781,11,12,10,2025-03-25,2025-04-03,2025-04-09,1506,1506,0,,3.97,3.89,1
PO-000782,11,12,6,2025-04-01,2025-04-10,2025-04-10,1634,1634,0,,3.97,3.86,1
PO-000783,11,12,4,2025-04-08,2025-04-17,2025-04-14,1123,1123,0,,3.97,3.83,1
PO-000784,11,12,6,2025-04-15,2025-04-24,2025-04-20,1455,1455,0,,3.97,3.87,1
PO-000785,11,12,6,2025-04-22,2025-05-01,2025-05-11,1096,1096,0,,3.97,3.76,1
PO-000786,11,12,10,2025-04-29,2025-05-08,2025-05-04,1404,1404,0,,3.97,3.88,1
PO-000787,11,12,4,2025-05-06,2025-05-15,2025-05-14,1486,1486,0,,3.97,3.86,1
PO-000788,11,12,2,2025-05-13,2025-05-22,2025-05-20,1098,1098,0,,3.97,3.83,1
PO-000789,11,12,5,2025-05-20,2025-05-29,2025-05-25,1312,1312,0,,3.97,3.88,1
PO-000790,11,12,5,2025-05-27,2025-06-05,2025-06-04,1301,1301,0,,3.97,3.79,1
PO-000791,11,12,5,2025-06-03,2025-06-12,2025-06-08,1520,1520,0,,3.97,3.85,1
PO-000792,11,12,6,2025-06-10,2025-06-19,2025-06-18,1279,1279,0,,3.97,3.79,1
PO-000793,11,12,10,2025-06-17,2025-06-26,2025-06-24,1415,1415,0,,3.97,3.81,1
PO-000794,11,12,1,2025-06-24,2025-07-03,2025-06-30,1089,1089,0,,3.97,3.9,1
PO-000795,11,12,10,2025-07-01,2025-07-10,2025-07-06,1343,1343,0,,3.97,3.83,1
PO-000796,11,12,4,2025-07-08,2025-07-17,2025-07-14,1750,1750,0,,3.97,3.87,1
PO-000797,11,12,4,2025-07-15,2025-07-24,2025-07-23,1047,1047,0,,3.97,3.9,1
PO-000798,11,12,7,2025-07-22,2025-07-31,2025-07-30,1445,1445,0,,3.97,3.84,1
PO-000799,11,12,2,2025-07-29,2025-08-07,2025-08-05,1071,1071,0,,3.97,3.85,1
PO-000800,11,12,6,2025-08-05,2025-08-14,2025-08-15,2101,2101,0,,3.97,3.94,1
PO-000801,11,12,1,2025-08-12,2025-08-21,2025-08-18,1445,1445,0,,3.97,3.88,1
PO-000802,11,12,10,2025-08-19,2025-08-28,2025-08-27,1463,1463,0,,3.97,3.86,1
PO-000803,11,12,6,2025-08-26,2025-09-04,2025-09-03,1976,1976,0,,3.97,3.84,1
PO-000804,11,12,10,2025-09-02,2025-09-11,2025-09-08,1205,1205,0,,3.97,3.87,1
PO-000805,11,12,7,2025-09-09,2025-09-18,2025-09-17,1167,1167,0,,3.97,3.85,1
PO-000806,11,12,1,2025-09-16,2025-09-25,2025-09-24,1312,1312,0,,3.97,3.93,1
PO-000807,11,12,1,2025-09-23,2025-10-02,2025-10-02,2127,2127,0,,3.97,3.77,1
PO-000808,11,12,1,2025-09-30,2025-10-09,2025-10-14,1067,1067,0,,3.97,3.88,1
PO-000809,11,12,4,2025-10-07,2025-10-16,2025-10-13,1579,1579,0,,3.97,3.9,1
PO-000810,11,12,1,2025-10-14,2025-10-23,2025-10-21,1245,1245,0,,3.97,3.86,1
PO-000811,11,12,4,2025-10-21,2025-10-30,2025-10-29,1629,1629,0,,3.97,3.86,1
PO-000812,11,12,7,2025-10-28,2025-11-06,2025-11-05,919,919,0,,3.97,3.88,1
PO-000813,11,12,1,2025-11-04,2025-11-13,2025-11-20,1155,1155,0,,3.97,3.84,1
PO-000814,11,12,8,2025-11-11,2025-11-20,2025-11-20,1778,1778,0,,3.97,3.87,1
PO-000815,11,12,10,2025-11-18,2025-11-27,2025-11-26,1587,1587,0,,3.97,3.88,1
PO-000816,11,12,7,2025-11-25,2025-12-04,2025-12-02,1710,1710,0,,3.97,3.89,1
PO-000817,11,12,10,2025-12-02,2025-12-11,2025-12-07,1543,1543,0,,3.97,3.77,1
PO-000818,11,12,10,2025-12-09,2025-12-18,2025-12-17,708,708,68,Failed spec check,3.97,3.9,1
PO-000819,11,12,7,2025-12-16,2025-12-25,2025-12-24,1556,1556,0,,3.97,3.83,1
PO-000820,11,12,7,2025-12-23,2026-01-01,2025-12-31,995,995,0,,3.97,3.83,1
PO-000821,11,12,10,2025-12-30,2026-01-08,2026-01-01,1864,1864,0,,3.97,3.76,1
PO-000822,11,12,2,2026-01-06,2026-01-15,2026-01-11,1255,1255,0,,3.97,3.82,1
PO-000823,11,12,1,2026-01-13,2026-01-22,2026-01-21,1050,1050,0,,3.97,3.84,1
PO-000824,11,12,7,2026-01-20,2026-01-29,2026-02-12,1580,1580,0,,3.97,3.92,1
PO-000825,11,12,8,2026-01-27,2026-02-05,2026-02-05,1416,1416,0,,3.97,3.83,1
PO-000826,11,12,1,2026-02-03,2026-02-12,2026-02-11,1536,1536,0,,3.97,3.88,1
PO-000827,11,12,1,2026-02-10,2026-02-19,2026-02-19,1844,1844,0,,3.97,3.86,1
PO-000828,11,12,6,2026-02-17,2026-02-26,2026-02-27,1423,1423,0,,3.97,3.86,1
PO-000829,11,12,1,2026-02-24,2026-03-05,2026-02-28,1450,1450,0,,3.97,3.81,1
PO-000830,11,12,10,2026-03-03,2026-03-12,2026-03-12,2117,2117,0,,3.97,3.83,1
PO-000831,11,12,8,2026-03-10,2026-03-19,2026-03-30,1660,1660,0,,3.97,3.85,1
PO-000832,11,12,4,2026-03-17,2026-03-26,2026-03-23,1430,1430,0,,3.97,3.82,1
PO-000833,11,12,8,2026-03-24,2026-04-02,2026-04-02,1538,1538,0,,3.97,3.83,1
PO-000834,11,12,1,2026-03-31,2026-04-09,2026-04-07,1009,1009,0,,3.97,3.81,1
PO-000835,11,12,1,2026-04-07,2026-04-16,2026-04-11,1340,1340,0,,3.97,3.85,1
PO-000836,11,12,8,2026-04-14,2026-04-23,2026-04-21,1688,1688,0,,3.97,3.86,1
PO-000837,11,12,4,2026-04-21,2026-04-30,2026-05-02,1431,1431,0,,3.97,3.85,1
PO-000838,11,12,7,2026-04-28,2026-05-07,2026-05-03,1583,1583,0,,3.97,3.89,1
PO-000839,11,12,5,2026-05-05,2026-05-14,2026-05-10,1669,1669,0,,3.97,3.84,1
PO-000840,11,12,1,2026-05-12,2026-05-21,2026-05-17,1096,1096,0,,3.97,3.81,1
PO-000841,11,12,2,2026-05-19,2026-05-28,2026-05-27,1778,1778,0,,3.97,3.85,1
PO-000842,11,12,1,2026-05-26,2026-06-04,2026-06-03,1573,1573,0,,3.97,3.85,1
PO-000843,11,12,2,2026-06-02,2026-06-11,2026-06-10,1276,1276,0,,3.97,3.88,1
PO-000844,11,12,8,2026-06-09,2026-06-18,2026-06-16,1457,1457,0,,3.97,3.88,1
PO-000845,11,12,4,2026-06-16,2026-06-25,2026-06-22,1444,1444,0,,3.97,3.81,1
PO-000846,11,12,1,2026-06-23,2026-07-02,2026-07-02,1161,1161,0,,3.97,3.83,1
PO-000847,11,12,6,2026-06-30,2026-07-09,2026-07-03,1578,1578,0,,3.97,3.88,1
PO-000848,12,16,1,2025-01-07,2025-02-08,2025-02-03,603,603,0,,2.0,1.94,1
PO-000849,12,16,6,2025-01-14,2025-02-15,2025-02-01,674,674,0,,2.0,1.93,1
PO-000850,12,16,2,2025-01-21,2025-02-22,2025-02-19,638,638,0,,2.0,1.94,1
PO-000851,12,16,1,2025-02-04,2025-03-08,2025-03-06,513,513,0,,2.0,1.98,1
PO-000852,12,16,2,2025-02-25,2025-03-29,2025-03-24,459,459,0,,2.0,1.93,1
PO-000853,12,16,10,2025-03-11,2025-04-12,2025-04-09,584,584,0,,2.0,1.98,1
PO-000854,12,16,1,2025-03-18,2025-04-19,2025-04-06,474,474,0,,2.0,1.96,1
PO-000855,12,16,7,2025-03-25,2025-04-26,2025-04-24,415,415,19,Temperature excursion in transit,2.0,1.93,1
PO-000856,12,16,5,2025-04-01,2025-05-03,2025-04-22,614,614,0,,2.0,1.91,1
PO-000857,12,16,6,2025-04-08,2025-05-10,2025-05-06,486,486,0,,2.0,1.92,1
PO-000858,12,16,1,2025-04-29,2025-05-31,2025-05-19,540,540,23,Temperature excursion in transit,2.0,1.97,1
PO-000859,12,16,6,2025-05-06,2025-06-07,2025-06-03,507,507,67,Failed spec check,2.0,1.97,1
PO-000860,12,16,8,2025-06-03,2025-07-05,2025-07-02,575,575,30,Short shelf life on arrival,2.0,1.94,1
PO-000861,12,16,10,2025-06-10,2025-07-12,2025-06-29,452,452,0,,2.0,1.93,1
PO-000862,12,16,6,2025-06-17,2025-07-19,2025-07-12,340,340,0,,2.0,1.95,1
PO-000863,12,16,7,2025-06-24,2025-07-26,2025-07-13,723,723,0,,2.0,1.96,1
PO-000864,12,16,7,2025-07-08,2025-08-09,2025-07-24,463,463,0,,2.0,1.92,1
PO-000865,12,16,8,2025-07-22,2025-08-23,2025-08-13,638,638,0,,2.0,1.96,1
PO-000866,12,16,2,2025-08-05,2025-09-06,2025-09-05,658,658,0,,2.0,1.98,1
PO-000867,12,16,1,2025-08-12,2025-09-13,2025-09-05,513,513,0,,2.0,1.92,1
PO-000868,12,16,1,2025-08-19,2025-09-20,2025-09-11,338,338,0,,2.0,1.96,1
PO-000869,12,16,7,2025-08-26,2025-09-27,2025-09-27,509,509,0,,2.0,1.95,1
PO-000870,12,16,7,2025-09-02,2025-10-04,2025-09-30,479,479,0,,2.0,1.95,1
PO-000871,12,16,4,2025-09-09,2025-10-11,2025-10-02,622,622,0,,2.0,1.93,1
PO-000872,12,16,5,2025-09-23,2025-10-25,2025-10-12,515,515,0,,2.0,1.92,1
PO-000873,12,16,4,2025-10-07,2025-11-08,2025-11-05,519,519,0,,2.0,1.95,1
PO-000874,12,16,8,2025-10-14,2025-11-15,2025-11-11,738,738,0,,2.0,1.97,1
PO-000875,12,16,6,2025-10-21,2025-11-22,2025-11-19,465,465,0,,2.0,1.96,1
PO-000876,12,16,6,2025-11-11,2025-12-13,2025-12-08,466,466,0,,2.0,1.96,1
PO-000877,12,16,4,2025-12-09,2026-01-10,2026-01-07,505,505,0,,2.0,1.97,1
PO-000878,12,16,2,2025-12-16,2026-01-17,2026-01-11,479,479,0,,2.0,1.95,1
PO-000879,12,16,5,2025-12-23,2026-01-24,2026-01-12,491,491,0,,2.0,1.95,1
PO-000880,12,16,1,2025-12-30,2026-01-31,2026-01-30,695,695,0,,2.0,1.94,1
PO-000881,12,16,1,2026-01-06,2026-02-07,2026-02-06,737,737,0,,2.0,1.96,1
PO-000882,12,16,2,2026-01-13,2026-02-14,2026-02-13,576,576,0,,2.0,1.92,1
PO-000883,12,16,5,2026-01-20,2026-02-21,2026-02-13,505,505,0,,2.0,1.97,1
PO-000884,12,16,2,2026-01-27,2026-02-28,2026-02-26,528,528,0,,2.0,1.96,1
PO-000885,12,16,7,2026-02-03,2026-03-07,2026-02-19,435,435,18,Documentation incomplete,2.0,1.91,1
PO-000886,12,16,4,2026-02-10,2026-03-14,2026-03-10,465,465,0,,2.0,1.95,1
PO-000887,12,16,5,2026-02-17,2026-03-21,2026-03-21,517,517,0,,2.0,1.94,1
PO-000888,12,16,4,2026-02-24,2026-03-28,2026-03-26,531,531,0,,2.0,1.97,1
PO-000889,12,16,8,2026-03-03,2026-04-04,2026-04-03,580,580,0,,2.0,1.93,1
PO-000890,12,16,10,2026-03-10,2026-04-11,2026-04-06,499,499,0,,2.0,1.97,1
PO-000891,12,16,4,2026-03-31,2026-05-02,2026-04-20,661,661,0,,2.0,1.97,1
PO-000892,12,16,2,2026-04-07,2026-05-09,2026-05-05,433,433,0,,2.0,1.97,1
PO-000893,12,16,5,2026-04-14,2026-05-16,2026-05-11,551,551,0,,2.0,1.95,1
PO-000894,12,16,6,2026-04-28,2026-05-30,2026-05-27,731,731,0,,2.0,1.94,1
PO-000895,12,16,5,2026-05-12,2026-06-13,2026-06-05,525,525,0,,2.0,1.95,1
PO-000896,12,16,8,2026-05-19,2026-06-20,2026-06-08,543,543,0,,2.0,1.95,1
PO-000897,12,16,6,2026-05-26,2026-06-27,2026-06-25,474,474,0,,2.0,1.93,1
PO-000898,12,16,1,2026-06-02,2026-07-04,2026-07-05,474,474,0,,2.0,1.96,1
PO-000899,12,16,6,2026-06-09,2026-07-11,2026-07-09,550,550,0,,2.0,1.93,1
PO-000900,12,16,1,2026-06-16,2026-07-18,2026-07-15,480,480,0,,2.0,1.95,1
PO-000901,12,16,6,2026-06-23,2026-07-25,2026-07-23,568,568,0,,2.0,1.98,1
PO-000902,12,16,4,2026-06-30,2026-08-01,2026-07-28,572,572,0,,2.0,1.97,1
PO-000903,12,3,1,2025-07-29,2025-08-10,2025-08-10,637,637,0,,2.43,2.51,0
PO-000904,12,3,10,2025-11-11,2025-11-23,2025-11-22,1066,1066,0,,2.43,2.49,0
PO-000905,12,15,10,2025-08-19,2025-09-30,2025-09-21,348,348,0,,1.71,1.75,0
PO-000906,12,15,4,2026-03-31,2026-05-12,2026-05-03,291,258,0,,1.71,1.72,0
PO-000907,12,8,1,2025-01-07,2025-02-13,2025-02-12,253,253,0,,2.32,2.47,0
PO-000908,12,8,8,2025-02-25,2025-04-03,2025-03-31,386,386,19,Damaged packaging,2.32,2.44,0
PO-000909,12,8,4,2025-03-18,2025-04-24,2025-04-27,503,490,0,,2.32,2.48,0
PO-000910,12,8,5,2025-04-01,2025-05-08,2025-05-05,590,568,0,,2.32,2.45,0
PO-000911,12,8,2,2025-04-22,2025-05-29,2025-05-16,250,250,12,Short shelf life on arrival,2.32,2.45,0
PO-000912,12,8,6,2025-05-13,2025-06-19,2025-06-12,516,516,0,,2.32,2.46,0
PO-000913,12,8,5,2025-07-01,2025-08-07,2025-07-20,577,560,0,,2.32,2.43,0
PO-000914,12,8,4,2025-08-26,2025-10-02,2025-09-07,504,504,0,,2.32,2.44,0
PO-000915,12,8,8,2025-09-02,2025-10-09,2025-09-18,421,421,0,,2.32,2.46,0
PO-000916,12,8,7,2025-10-14,2025-11-20,2025-11-16,561,561,0,,2.32,2.51,0
PO-000917,12,8,10,2025-10-21,2025-11-27,2025-10-30,536,517,0,,2.32,2.45,0
PO-000918,12,8,8,2025-10-28,2025-12-04,2025-12-13,320,320,0,,2.32,2.5,0
PO-000919,12,8,10,2025-11-04,2025-12-11,2025-11-24,432,432,0,,2.32,2.5,0
PO-000920,12,8,10,2026-02-24,2026-04-02,2026-03-30,653,653,0,,2.32,2.45,0
PO-000921,12,8,10,2026-03-17,2026-04-23,2026-04-18,250,250,0,,2.32,2.46,0
PO-000922,12,8,1,2026-06-09,2026-07-16,2026-07-08,514,514,0,,2.32,2.45,0
PO-000923,12,8,2,2026-06-23,2026-07-30,2026-07-23,310,310,0,,2.32,2.45,0
PO-000924,13,12,5,2025-01-07,2025-01-17,2025-01-13,634,634,0,,1.44,1.4,1
PO-000925,13,12,7,2025-01-14,2025-01-24,2025-01-22,727,727,0,,1.44,1.43,1
PO-000926,13,12,3,2025-01-21,2025-01-31,2025-01-30,330,330,0,,1.44,1.39,1
PO-000927,13,12,5,2025-01-28,2025-02-07,2025-02-06,712,712,0,,1.44,1.39,1
PO-000928,13,12,4,2025-02-04,2025-02-14,2025-02-13,529,529,0,,1.44,1.41,1
PO-000929,13,12,9,2025-02-11,2025-02-21,2025-02-19,368,368,0,,1.44,1.39,1
PO-000930,13,12,10,2025-02-18,2025-02-28,2025-02-27,602,602,0,,1.44,1.4,1
PO-000931,13,12,1,2025-02-25,2025-03-07,2025-03-04,578,578,0,,1.44,1.41,1
PO-000932,13,12,9,2025-03-04,2025-03-14,2025-03-12,565,565,0,,1.44,1.4,1
PO-000933,13,12,10,2025-03-11,2025-03-21,2025-03-17,485,485,0,,1.44,1.39,1
PO-000934,13,12,9,2025-03-18,2025-03-28,2025-03-25,483,483,0,,1.44,1.4,1
PO-000935,13,12,4,2025-03-25,2025-04-04,2025-04-01,541,541,0,,1.44,1.42,1
PO-000936,13,12,10,2025-04-01,2025-04-11,2025-04-10,446,446,0,,1.44,1.41,1
PO-000937,13,12,7,2025-04-08,2025-04-18,2025-04-20,768,768,0,,1.44,1.4,1
PO-000938,13,12,4,2025-04-15,2025-04-25,2025-04-22,555,555,0,,1.44,1.4,1
PO-000939,13,12,7,2025-04-22,2025-05-02,2025-05-06,518,518,0,,1.44,1.4,1
PO-000940,13,12,7,2025-04-29,2025-05-09,2025-05-07,397,397,0,,1.44,1.36,1
PO-000941,13,12,7,2025-05-06,2025-05-16,2025-05-14,663,663,0,,1.44,1.39,1
PO-000942,13,12,3,2025-05-13,2025-05-23,2025-05-26,443,443,0,,1.44,1.39,1
PO-000943,13,12,1,2025-05-20,2025-05-30,2025-05-29,599,599,0,,1.44,1.42,1
PO-000944,13,12,1,2025-05-27,2025-06-06,2025-06-13,484,484,0,,1.44,1.4,1
PO-000945,13,12,3,2025-06-03,2025-06-13,2025-06-13,544,544,0,,1.44,1.41,1
PO-000946,13,12,9,2025-06-10,2025-06-20,2025-06-18,703,703,0,,1.44,1.38,1
PO-000947,13,12,1,2025-06-17,2025-06-27,2025-06-26,456,456,0,,1.44,1.4,1
PO-000948,13,12,10,2025-06-24,2025-07-04,2025-07-05,576,576,0,,1.44,1.41,1
PO-000949,13,12,7,2025-07-01,2025-07-11,2025-07-10,429,429,0,,1.44,1.4,1
PO-000950,13,12,1,2025-07-08,2025-07-18,2025-07-17,787,787,0,,1.44,1.4,1
PO-000951,13,12,3,2025-07-15,2025-07-25,2025-07-22,660,660,0,,1.44,1.4,1
PO-000952,13,12,7,2025-07-22,2025-08-01,2025-07-31,234,234,0,,1.44,1.42,1
PO-000953,13,12,1,2025-07-29,2025-08-08,2025-08-18,801,801,0,,1.44,1.39,1
PO-000954,13,12,1,2025-08-05,2025-08-15,2025-08-15,535,535,27,Failed spec check,1.44,1.39,1
PO-000955,13,12,1,2025-08-12,2025-08-22,2025-08-28,538,538,0,,1.44,1.41,1
PO-000956,13,12,1,2025-08-19,2025-08-29,2025-08-27,490,490,0,,1.44,1.4,1
PO-000957,13,12,10,2025-08-26,2025-09-05,2025-09-03,352,352,0,,1.44,1.38,1
PO-000958,13,12,3,2025-09-02,2025-09-12,2025-09-09,426,426,0,,1.44,1.41,1
PO-000959,13,12,9,2025-09-09,2025-09-19,2025-09-17,501,501,0,,1.44,1.41,1
PO-000960,13,12,7,2025-09-16,2025-09-26,2025-09-26,627,627,0,,1.44,1.42,1
PO-000961,13,12,5,2025-09-23,2025-10-03,2025-10-03,571,571,0,,1.44,1.41,1
PO-000962,13,12,1,2025-09-30,2025-10-10,2025-10-09,617,617,0,,1.44,1.39,1
PO-000963,13,12,5,2025-10-07,2025-10-17,2025-10-15,692,692,0,,1.44,1.42,1
PO-000964,13,12,9,2025-10-14,2025-10-24,2025-10-23,528,528,0,,1.44,1.4,1
PO-000965,13,12,7,2025-10-21,2025-10-31,2025-10-30,255,255,0,,1.44,1.41,1
PO-000966,13,12,4,2025-10-28,2025-11-07,2025-11-04,644,644,0,,1.44,1.4,1
PO-000967,13,12,10,2025-11-04,2025-11-14,2025-11-11,588,588,0,,1.44,1.39,1
PO-000968,13,12,10,2025-11-11,2025-11-21,2025-11-20,722,722,0,,1.44,1.4,1
PO-000969,13,12,5,2025-11-18,2025-11-28,2025-11-24,455,455,0,,1.44,1.4,1
PO-000970,13,12,4,2025-11-25,2025-12-05,2025-11-29,639,639,0,,1.44,1.39,1
PO-000971,13,12,10,2025-12-02,2025-12-12,2025-12-08,614,614,0,,1.44,1.4,1
PO-000972,13,12,1,2025-12-09,2025-12-19,2025-12-14,413,413,0,,1.44,1.39,1
PO-000973,13,12,9,2025-12-16,2025-12-26,2025-12-23,532,532,0,,1.44,1.41,1
PO-000974,13,12,7,2025-12-23,2026-01-02,2025-12-31,641,641,0,,1.44,1.36,1
PO-000975,13,12,5,2025-12-30,2026-01-09,2026-01-04,685,685,0,,1.44,1.39,1
PO-000976,13,12,3,2026-01-06,2026-01-16,2026-01-15,508,508,0,,1.44,1.38,1
PO-000977,13,12,9,2026-01-13,2026-01-23,2026-01-27,502,502,0,,1.44,1.4,1
PO-000978,13,12,4,2026-01-20,2026-01-30,2026-01-28,769,769,0,,1.44,1.39,1
PO-000979,13,12,1,2026-01-27,2026-02-06,2026-02-02,675,675,0,,1.44,1.41,1
PO-000980,13,12,9,2026-02-03,2026-02-13,2026-02-12,637,637,0,,1.44,1.41,1
PO-000981,13,12,9,2026-02-10,2026-02-20,2026-02-22,627,627,0,,1.44,1.41,1
PO-000982,13,12,9,2026-02-17,2026-02-27,2026-02-22,424,424,0,,1.44,1.38,1
PO-000983,13,12,5,2026-02-24,2026-03-06,2026-03-12,417,417,0,,1.44,1.39,1
PO-000984,13,12,9,2026-03-03,2026-03-13,2026-03-10,478,478,0,,1.44,1.4,1
PO-000985,13,12,10,2026-03-10,2026-03-20,2026-03-26,683,683,0,,1.44,1.38,1
PO-000986,13,12,5,2026-03-17,2026-03-27,2026-03-23,447,447,0,,1.44,1.41,1
PO-000987,13,12,10,2026-03-24,2026-04-03,2026-04-01,605,605,0,,1.44,1.37,1
PO-000988,13,12,3,2026-03-31,2026-04-10,2026-04-08,590,590,0,,1.44,1.4,1
PO-000989,13,12,9,2026-04-07,2026-04-17,2026-04-16,444,444,0,,1.44,1.43,1
PO-000990,13,12,4,2026-04-14,2026-04-24,2026-04-23,514,514,0,,1.44,1.39,1
PO-000991,13,12,10,2026-04-21,2026-05-01,2026-04-30,744,744,0,,1.44,1.41,1
PO-000992,13,12,10,2026-04-28,2026-05-08,2026-05-06,510,510,0,,1.44,1.38,1
PO-000993,13,12,5,2026-05-05,2026-05-15,2026-05-13,346,346,0,,1.44,1.41,1
PO-000994,13,12,10,2026-05-12,2026-05-22,2026-05-20,733,733,0,,1.44,1.38,1
PO-000995,13,12,3,2026-05-19,2026-05-29,2026-05-25,606,606,0,,1.44,1.38,1
PO-000996,13,12,1,2026-05-26,2026-06-05,2026-06-02,342,342,0,,1.44,1.4,1
PO-000997,13,12,3,2026-06-02,2026-06-12,2026-06-10,490,490,0,,1.44,1.39,1
PO-000998,13,12,7,2026-06-09,2026-06-19,2026-06-18,564,564,0,,1.44,1.39,1
PO-000999,13,12,3,2026-06-16,2026-06-26,2026-06-25,599,599,0,,1.44,1.37,1
PO-001000,13,12,7,2026-06-23,2026-07-03,2026-07-03,411,411,0,,1.44,1.39,1
PO-001001,13,12,5,2026-06-30,2026-07-10,2026-07-06,462,462,0,,1.44,1.39,1
PO-001002,14,13,4,2025-06-17,2025-07-03,2025-06-26,146,146,0,,2.6,2.74,0
PO-001003,14,13,9,2025-09-30,2025-10-16,2025-10-17,139,139,0,,2.6,2.74,0
PO-001004,14,13,3,2025-10-14,2025-10-30,2025-10-31,163,163,0,,2.6,2.72,0
PO-001005,14,13,4,2025-12-23,2026-01-08,2026-01-02,104,104,0,,2.6,2.7,0
PO-001006,14,6,10,2025-01-21,2025-01-29,2025-01-28,250,250,0,,2.93,2.83,1
PO-001007,14,6,4,2025-01-28,2025-02-05,2025-02-04,250,250,0,,2.93,2.85,1
PO-001008,14,6,4,2025-02-04,2025-02-12,2025-02-10,250,250,0,,2.93,2.86,1
PO-001009,14,6,10,2025-02-11,2025-02-19,2025-02-19,250,233,0,,2.93,2.88,1
PO-001010,14,6,9,2025-02-18,2025-02-26,2025-02-25,250,250,0,,2.93,2.87,1
PO-001011,14,6,1,2025-02-25,2025-03-05,2025-03-03,250,250,0,,2.93,2.82,1
PO-001012,14,6,4,2025-03-11,2025-03-19,2025-03-17,250,250,8,Damaged packaging,2.93,2.84,1
PO-001013,14,6,5,2025-03-18,2025-03-26,2025-03-25,250,250,0,,2.93,2.86,1
PO-001014,14,6,5,2025-03-25,2025-04-02,2025-04-01,250,250,0,,2.93,2.82,1
PO-001015,14,6,1,2025-04-01,2025-04-09,2025-04-08,250,250,0,,2.93,2.88,1
PO-001016,14,6,9,2025-04-08,2025-04-16,2025-04-15,250,250,0,,2.93,2.83,1
PO-001017,14,6,10,2025-04-15,2025-04-23,2025-04-22,250,250,0,,2.93,2.8,1
PO-001018,14,6,4,2025-04-29,2025-05-07,2025-05-07,250,250,0,,2.93,2.83,1
PO-001019,14,6,5,2025-05-13,2025-05-21,2025-05-18,250,250,0,,2.93,2.83,1
PO-001020,14,6,5,2025-05-20,2025-05-28,2025-05-27,250,250,0,,2.93,2.78,1
PO-001021,14,6,10,2025-06-10,2025-06-18,2025-06-16,297,297,0,,2.93,2.88,1
PO-001022,14,6,1,2025-06-24,2025-07-02,2025-07-07,250,250,0,,2.93,2.82,1
PO-001023,14,6,5,2025-07-01,2025-07-09,2025-07-08,250,235,0,,2.93,2.84,1
PO-001024,14,6,9,2025-07-08,2025-07-16,2025-07-13,261,261,0,,2.93,2.83,1
PO-001025,14,6,4,2025-07-29,2025-08-06,2025-08-06,250,250,0,,2.93,2.84,1
PO-001026,14,6,9,2025-08-05,2025-08-13,2025-08-12,267,267,0,,2.93,2.85,1
PO-001027,14,6,3,2025-08-12,2025-08-20,2025-08-19,250,250,0,,2.93,2.82,1
PO-001028,14,6,7,2025-08-19,2025-08-27,2025-08-26,250,250,0,,2.93,2.85,1
PO-001029,14,6,9,2025-08-26,2025-09-03,2025-09-02,258,250,0,,2.93,2.83,1
PO-001030,14,6,5,2025-09-02,2025-09-10,2025-09-08,250,250,0,,2.93,2.86,1
PO-001031,14,6,10,2025-09-09,2025-09-17,2025-09-15,250,250,0,,2.93,2.8,1
PO-001032,14,6,5,2025-09-30,2025-10-08,2025-10-07,250,230,0,,2.93,2.84,1
PO-001033,14,6,1,2025-10-14,2025-10-22,2025-10-19,250,250,0,,2.93,2.84,1
PO-001034,14,6,5,2025-10-28,2025-11-05,2025-11-05,269,269,0,,2.93,2.88,1
PO-001035,14,6,4,2025-11-04,2025-11-12,2025-11-12,250,250,0,,2.93,2.87,1
PO-001036,14,6,9,2025-11-11,2025-11-19,2025-11-18,250,250,0,,2.93,2.86,1
PO-001037,14,6,7,2025-11-18,2025-11-26,2025-11-23,250,250,0,,2.93,2.91,1
PO-001038,14,6,9,2025-12-09,2025-12-17,2025-12-15,250,236,0,,2.93,2.86,1
PO-001039,14,6,3,2025-12-16,2025-12-24,2025-12-22,250,250,0,,2.93,2.81,1
PO-001040,14,6,10,2025-12-23,2025-12-31,2025-12-29,250,250,0,,2.93,2.91,1
PO-001041,14,6,9,2026-01-13,2026-01-21,2026-01-20,250,250,0,,2.93,2.9,1
PO-001042,14,6,4,2026-01-20,2026-01-28,2026-01-26,250,250,0,,2.93,2.87,1
PO-001043,14,6,1,2026-02-17,2026-02-25,2026-02-24,275,275,0,,2.93,2.87,1
PO-001044,14,6,5,2026-03-03,2026-03-11,2026-03-11,250,250,0,,2.93,2.86,1
PO-001045,14,6,4,2026-03-10,2026-03-18,2026-03-17,250,250,0,,2.93,2.86,1
PO-001046,14,6,3,2026-03-17,2026-03-25,2026-03-22,250,250,0,,2.93,2.8,1
PO-001047,14,6,5,2026-03-31,2026-04-08,2026-04-07,250,250,0,,2.93,2.84,1
PO-001048,14,6,7,2026-04-14,2026-04-22,2026-04-19,250,250,0,,2.93,2.85,1
PO-001049,14,6,3,2026-04-21,2026-04-29,2026-04-28,250,250,0,,2.93,2.77,1
PO-001050,14,6,1,2026-05-12,2026-05-20,2026-05-18,266,266,0,,2.93,2.83,1
PO-001051,14,6,4,2026-05-19,2026-05-27,2026-05-25,250,250,0,,2.93,2.79,1
PO-001052,14,6,10,2026-05-26,2026-06-03,2026-05-31,291,291,0,,2.93,2.85,1
PO-001053,14,6,9,2026-06-02,2026-06-10,2026-06-09,250,250,0,,2.93,2.84,1
PO-001054,14,6,1,2026-06-09,2026-06-17,2026-06-14,250,250,0,,2.93,2.85,1
PO-001055,14,6,10,2026-06-16,2026-06-24,2026-06-23,250,250,0,,2.93,2.84,1
PO-001056,14,6,4,2026-06-30,2026-07-08,2026-07-07,250,250,0,,2.93,2.85,1
PO-001057,14,17,1,2025-01-21,2025-02-07,2025-02-06,165,165,0,,2.38,2.44,0
PO-001058,14,17,7,2025-01-28,2025-02-14,2025-02-07,251,251,0,,2.38,2.38,0
PO-001059,14,17,4,2025-02-18,2025-03-07,2025-03-05,136,136,0,,2.38,2.38,0
PO-001060,14,17,7,2025-03-25,2025-04-11,2025-04-07,186,186,0,,2.38,2.37,0
PO-001061,14,17,5,2025-06-03,2025-06-20,2025-06-17,163,155,0,,2.38,2.41,0
PO-001062,14,17,5,2025-07-15,2025-08-01,2025-07-22,180,180,0,,2.38,2.42,0
PO-001063,14,17,7,2025-07-22,2025-08-08,2025-08-04,212,212,0,,2.38,2.42,0
PO-001064,14,17,5,2025-08-05,2025-08-22,2025-08-19,151,151,0,,2.38,2.38,0
PO-001065,14,17,7,2025-08-12,2025-08-29,2025-08-24,232,232,0,,2.38,2.39,0
PO-001066,14,17,7,2025-09-09,2025-09-26,2025-09-25,219,219,0,,2.38,2.37,0
PO-001067,14,17,5,2025-09-23,2025-10-10,2025-10-07,206,206,0,,2.38,2.39,0
PO-001068,14,17,9,2025-10-28,2025-11-14,2025-11-11,183,183,0,,2.38,2.35,0
PO-001069,14,17,9,2025-12-02,2025-12-19,2025-12-16,189,189,0,,2.38,2.39,0
PO-001070,14,17,9,2026-01-20,2026-02-06,2026-02-02,201,201,0,,2.38,2.4,0
PO-001071,14,17,5,2026-01-27,2026-02-13,2026-02-13,193,173,0,,2.38,2.44,0
PO-001072,14,17,10,2026-03-17,2026-04-03,2026-03-31,216,216,0,,2.38,2.38,0
PO-001073,14,17,5,2026-03-31,2026-04-17,2026-04-19,244,244,0,,2.38,2.4,0
PO-001074,14,17,5,2026-04-21,2026-05-08,2026-05-06,136,122,0,,2.38,2.36,0
PO-001075,14,17,7,2026-05-19,2026-06-05,2026-06-03,197,197,0,,2.38,2.38,0
PO-001076,14,17,1,2026-06-09,2026-06-26,2026-06-26,166,166,0,,2.38,2.4,0
PO-001077,14,17,4,2026-06-16,2026-07-03,2026-06-29,141,141,0,,2.38,2.37,0
PO-001078,14,17,7,2026-06-23,2026-07-10,2026-07-13,184,184,0,,2.38,2.41,0
PO-001079,15,7,8,2025-01-07,2025-02-08,2025-02-05,500,500,0,,4.67,4.79,1
PO-001080,15,7,10,2025-01-21,2025-02-22,2025-02-21,500,500,0,,4.67,4.76,1
PO-001081,15,7,2,2025-01-28,2025-03-01,2025-02-24,500,500,77,Documentation incomplete,4.67,4.79,1
PO-001082,15,7,7,2025-02-04,2025-03-08,2025-02-27,500,500,0,,4.67,4.77,1
PO-001083,15,7,10,2025-02-11,2025-03-15,2025-04-10,500,500,0,,4.67,4.85,1
PO-001084,15,7,7,2025-02-18,2025-03-22,2025-03-15,500,500,0,,4.67,4.86,1
PO-001085,15,7,10,2025-02-25,2025-03-29,2025-03-23,500,500,82,Damaged packaging,4.67,4.78,1
PO-001086,15,7,8,2025-03-11,2025-04-12,2025-03-29,500,500,0,,4.67,4.84,1
PO-001087,15,7,4,2025-03-18,2025-04-19,2025-04-17,500,500,0,,4.67,4.82,1
PO-001088,15,7,4,2025-04-01,2025-05-03,2025-04-30,500,500,0,,4.67,4.86,1
PO-001089,15,7,10,2025-04-08,2025-05-10,2025-05-06,500,500,0,,4.67,4.8,1
PO-001090,15,7,10,2025-04-15,2025-05-17,2025-05-02,500,500,80,Failed spec check,4.67,4.84,1
PO-001091,15,7,10,2025-04-29,2025-05-31,2025-05-29,500,500,0,,4.67,4.79,1
PO-001092,15,7,2,2025-05-13,2025-06-14,2025-06-04,500,500,0,,4.67,4.85,1
PO-001093,15,7,1,2025-05-20,2025-06-21,2025-06-17,500,500,0,,4.67,4.82,1
PO-001094,15,7,10,2025-05-27,2025-06-28,2025-06-25,500,500,0,,4.67,4.81,1
PO-001095,15,7,8,2025-06-03,2025-07-05,2025-06-16,500,500,0,,4.67,4.9,1
PO-001096,15,7,6,2025-06-10,2025-07-12,2025-07-05,500,500,0,,4.67,4.79,1
PO-001097,15,7,6,2025-06-24,2025-07-26,2025-07-04,500,500,30,Damaged packaging,4.67,4.79,1
PO-001098,15,7,6,2025-07-15,2025-08-16,2025-08-20,500,500,0,,4.67,4.87,1
PO-001099,15,7,4,2025-07-22,2025-08-23,2025-08-18,500,500,0,,4.67,4.82,1
PO-001100,15,7,1,2025-07-29,2025-08-30,2025-08-20,500,500,0,,4.67,4.76,1
PO-001101,15,7,6,2025-08-12,2025-09-13,2025-09-13,500,500,0,,4.67,4.78,1
PO-001102,15,7,7,2025-09-02,2025-10-04,2025-10-04,500,500,43,Damaged packaging,4.67,4.79,1
PO-001103,15,7,1,2025-09-16,2025-10-18,2025-10-15,500,500,0,,4.67,4.8,1
PO-001104,15,7,2,2025-09-23,2025-10-25,2025-10-19,500,500,0,,4.67,4.81,1
PO-001105,15,7,4,2025-09-30,2025-11-01,2025-10-28,500,500,0,,4.67,4.72,1
PO-001106,15,7,6,2025-10-07,2025-11-08,2025-11-02,500,500,0,,4.67,4.82,1
PO-001107,15,7,1,2025-10-14,2025-11-15,2025-11-01,500,500,0,,4.67,4.8,1
PO-001108,15,7,1,2025-10-21,2025-11-22,2025-11-17,500,500,0,,4.67,4.82,1
PO-001109,15,7,6,2025-10-28,2025-11-29,2025-11-29,500,500,0,,4.67,4.86,1
PO-001110,15,7,10,2025-11-04,2025-12-06,2025-12-03,500,500,0,,4.67,4.82,1
PO-001111,15,7,2,2025-11-11,2025-12-13,2025-12-09,500,500,0,,4.67,4.77,1
PO-001112,15,7,5,2025-11-25,2025-12-27,2025-12-23,500,500,0,,4.67,4.9,1
PO-001113,15,7,10,2025-12-09,2026-01-10,2026-01-05,500,500,0,,4.67,4.88,1
PO-001114,15,7,4,2025-12-16,2026-01-17,2026-01-15,500,500,0,,4.67,4.88,1
PO-001115,15,7,4,2025-12-23,2026-01-24,2026-02-05,500,500,0,,4.67,4.73,1
PO-001116,15,7,6,2025-12-30,2026-01-31,2026-01-29,500,500,0,,4.67,4.93,1
PO-001117,15,7,4,2026-01-06,2026-02-07,2026-01-29,500,500,0,,4.67,4.76,1
PO-001118,15,7,4,2026-02-17,2026-03-21,2026-03-07,500,500,0,,4.67,4.82,1
PO-001119,15,7,8,2026-02-24,2026-03-28,2026-03-25,500,500,56,Damaged packaging,4.67,4.82,1
PO-001120,15,7,1,2026-03-03,2026-04-04,2026-03-30,500,500,0,,4.67,4.85,1
PO-001121,15,7,7,2026-03-10,2026-04-11,2026-04-08,500,500,32,Failed spec check,4.67,4.83,1
PO-001122,15,7,5,2026-03-17,2026-04-18,2026-04-01,500,500,0,,4.67,4.82,1
PO-001123,15,7,4,2026-03-24,2026-04-25,2026-04-23,500,500,0,,4.67,4.76,1
PO-001124,15,7,2,2026-03-31,2026-05-02,2026-04-10,500,500,0,,4.67,4.87,1
PO-001125,15,7,10,2026-04-14,2026-05-16,2026-05-16,500,500,0,,4.67,4.88,1
PO-001126,15,7,1,2026-04-21,2026-05-23,2026-05-21,500,500,0,,4.67,4.73,1
PO-001127,15,7,6,2026-04-28,2026-05-30,2026-05-19,500,500,0,,4.67,4.78,1
PO-001128,15,7,1,2026-05-05,2026-06-06,2026-05-30,500,500,0,,4.67,4.79,1
PO-001129,15,7,6,2026-05-26,2026-06-27,2026-06-26,500,500,0,,4.67,4.81,1
PO-001130,15,7,2,2026-06-09,2026-07-11,2026-07-08,500,500,0,,4.67,4.79,1
PO-001131,15,7,5,2026-06-16,2026-07-18,2026-07-04,500,500,64,Failed spec check,4.67,4.83,1
PO-001132,15,7,10,2026-06-23,2026-07-25,2026-07-15,500,500,0,,4.67,4.81,1
PO-001133,15,7,6,2026-06-30,2026-08-01,2026-07-24,500,500,0,,4.67,4.81,1
PO-001134,15,11,4,2025-01-14,2025-01-24,2025-01-24,500,500,0,,5.38,5.47,0
PO-001135,15,11,2,2025-01-28,2025-02-07,2025-02-20,500,500,0,,5.38,5.46,0
PO-001136,15,11,5,2025-02-04,2025-02-14,2025-02-14,500,500,0,,5.38,5.41,0
PO-001137,15,11,1,2025-02-25,2025-03-07,2025-03-07,500,500,0,,5.38,5.5,0
PO-001138,15,11,10,2025-03-04,2025-03-14,2025-03-12,523,523,0,,5.38,5.36,0
PO-001139,15,11,10,2025-03-25,2025-04-04,2025-04-04,500,500,0,,5.38,5.37,0
PO-001140,15,11,1,2025-04-29,2025-05-09,2025-05-09,570,570,0,,5.38,5.34,0
PO-001141,15,11,1,2025-05-06,2025-05-16,2025-05-24,500,500,0,,5.38,5.43,0
PO-001142,15,11,4,2025-05-13,2025-05-23,2025-05-23,500,500,0,,5.38,5.37,0
PO-001143,15,11,1,2025-05-20,2025-05-30,2025-05-30,500,500,0,,5.38,5.47,0
PO-001144,15,11,7,2025-07-08,2025-07-18,2025-07-17,500,500,15,Short shelf life on arrival,5.38,5.4,0
PO-001145,15,11,8,2025-08-05,2025-08-15,2025-08-14,500,500,0,,5.38,5.47,0
PO-001146,15,11,6,2025-09-02,2025-09-12,2025-09-12,500,500,15,Temperature excursion in transit,5.38,5.36,0
PO-001147,15,11,5,2025-09-30,2025-10-10,2025-10-08,500,500,0,,5.38,5.45,0
PO-001148,15,11,2,2025-10-28,2025-11-07,2025-11-07,500,500,0,,5.38,5.38,0
PO-001149,15,11,5,2025-12-30,2026-01-09,2026-01-08,500,500,0,,5.38,5.53,0
PO-001150,15,11,1,2026-01-20,2026-01-30,2026-01-30,500,500,0,,5.38,5.49,0
PO-001151,15,11,4,2026-03-24,2026-04-03,2026-04-02,500,500,0,,5.38,5.39,0
PO-001152,15,11,6,2026-05-26,2026-06-05,2026-06-05,500,500,0,,5.38,5.46,0
PO-001153,16,4,5,2025-01-07,2025-01-18,2025-01-21,250,250,0,,1.8,1.86,1
PO-001154,16,4,3,2025-01-14,2025-01-25,2025-01-23,250,242,0,,1.8,1.83,1
PO-001155,16,4,3,2025-01-21,2025-02-01,2025-01-31,250,250,0,,1.8,1.86,1
PO-001156,16,4,3,2025-01-28,2025-02-08,2025-02-07,250,250,0,,1.8,1.85,1
PO-001157,16,4,1,2025-02-04,2025-02-15,2025-02-15,250,250,0,,1.8,1.86,1
PO-001158,16,4,7,2025-02-11,2025-02-22,2025-02-21,250,250,0,,1.8,1.81,1
PO-001159,16,4,4,2025-02-18,2025-03-01,2025-02-25,250,250,0,,1.8,1.81,1
PO-001160,16,4,10,2025-02-25,2025-03-08,2025-03-05,250,250,0,,1.8,1.85,1
PO-001161,16,4,4,2025-03-04,2025-03-15,2025-03-14,250,250,0,,1.8,1.84,1
PO-001162,16,4,9,2025-03-11,2025-03-22,2025-03-18,250,250,0,,1.8,1.86,1
PO-001163,16,4,9,2025-03-18,2025-03-29,2025-04-09,250,250,0,,1.8,1.86,1
PO-001164,16,4,3,2025-03-25,2025-04-05,2025-04-03,250,250,0,,1.8,1.84,1
PO-001165,16,4,10,2025-04-01,2025-04-12,2025-05-09,250,244,0,,1.8,1.82,1
PO-001166,16,4,4,2025-04-08,2025-04-19,2025-04-26,250,250,0,,1.8,1.88,1
PO-001167,16,4,10,2025-04-15,2025-04-26,2025-04-26,250,250,0,,1.8,1.87,1
PO-001168,16,4,9,2025-04-22,2025-05-03,2025-05-02,250,250,0,,1.8,1.86,1
PO-001169,16,4,5,2025-04-29,2025-05-10,2025-05-09,250,250,0,,1.8,1.85,1
PO-001170,16,4,9,2025-05-06,2025-05-17,2025-05-17,250,250,0,,1.8,1.85,1
PO-001171,16,4,10,2025-05-13,2025-05-24,2025-05-22,250,250,0,,1.8,1.8,1
PO-001172,16,4,10,2025-05-20,2025-05-31,2025-06-01,250,240,14,Short shelf life on arrival,1.8,1.85,1
PO-001173,16,4,5,2025-05-27,2025-06-07,2025-06-09,250,250,0,,1.8,1.89,1
PO-001174,16,4,10,2025-06-03,2025-06-14,2025-06-17,250,250,0,,1.8,1.86,1
PO-001175,16,4,3,2025-06-10,2025-06-21,2025-07-18,250,250,0,,1.8,1.83,1
PO-001176,16,4,7,2025-06-17,2025-06-28,2025-06-27,250,241,0,,1.8,1.85,1
PO-001177,16,4,1,2025-06-24,2025-07-05,2025-07-04,250,250,0,,1.8,1.88,1
PO-001178,16,4,3,2025-07-01,2025-07-12,2025-07-12,250,250,0,,1.8,1.85,1
PO-001179,16,4,10,2025-07-08,2025-07-19,2025-07-17,250,250,0,,1.8,1.81,1
PO-001180,16,4,3,2025-07-15,2025-07-26,2025-07-25,250,250,0,,1.8,1.84,1
PO-001181,16,4,4,2025-07-22,2025-08-02,2025-08-14,250,250,0,,1.8,1.81,1
PO-001182,16,4,5,2025-07-29,2025-08-09,2025-08-26,250,250,0,,1.8,1.84,1
PO-001183,16,4,5,2025-08-05,2025-08-16,2025-08-17,250,250,0,,1.8,1.87,1
PO-001184,16,4,9,2025-08-12,2025-08-23,2025-08-21,250,250,0,,1.8,1.85,1
PO-001185,16,4,5,2025-08-19,2025-08-30,2025-08-29,250,240,0,,1.8,1.84,1
PO-001186,16,4,1,2025-08-26,2025-09-06,2025-09-03,250,250,0,,1.8,1.83,1
PO-001187,16,4,5,2025-09-02,2025-09-13,2025-09-22,250,250,0,,1.8,1.82,1
PO-001188,16,4,7,2025-09-09,2025-09-20,2025-10-16,250,250,0,,1.8,1.88,1
PO-001189,16,4,1,2025-09-16,2025-09-27,2025-09-24,250,250,0,,1.8,1.86,1
PO-001190,16,4,3,2025-09-23,2025-10-04,2025-10-01,250,250,0,,1.8,1.86,1
PO-001191,16,4,1,2025-09-30,2025-10-11,2025-10-13,250,250,0,,1.8,1.83,1
PO-001192,16,4,4,2025-10-07,2025-10-18,2025-10-17,250,250,0,,1.8,1.84,1
PO-001193,16,4,5,2025-10-14,2025-10-25,2025-10-23,250,250,0,,1.8,1.86,1
PO-001194,16,4,10,2025-10-21,2025-11-01,2025-10-25,250,250,0,,1.8,1.86,1
PO-001195,16,4,10,2025-10-28,2025-11-08,2025-11-05,250,235,0,,1.8,1.87,1
PO-001196,16,4,4,2025-11-04,2025-11-15,2025-11-15,250,250,0,,1.8,1.88,1
PO-001197,16,4,5,2025-11-11,2025-11-22,2025-11-26,250,236,0,,1.8,1.86,1
PO-001198,16,4,1,2025-11-18,2025-11-29,2025-11-26,250,250,0,,1.8,1.85,1
PO-001199,16,4,7,2025-11-25,2025-12-06,2025-12-04,250,250,13,Temperature excursion in transit,1.8,1.85,1
PO-001200,16,4,3,2025-12-02,2025-12-13,2025-12-13,250,250,0,,1.8,1.84,1
PO-001201,16,4,3,2025-12-09,2025-12-20,2025-12-15,250,250,0,,1.8,1.88,1
PO-001202,16,4,10,2025-12-16,2025-12-27,2025-12-26,250,250,11,Temperature excursion in transit,1.8,1.86,1
PO-001203,16,4,10,2025-12-23,2026-01-03,2026-01-10,250,250,0,,1.8,1.88,1
PO-001204,16,4,4,2025-12-30,2026-01-10,2026-01-05,250,250,0,,1.8,1.86,1
PO-001205,16,4,7,2026-01-06,2026-01-17,2026-01-17,250,250,0,,1.8,1.84,1
PO-001206,16,4,10,2026-01-13,2026-01-24,2026-01-21,250,250,0,,1.8,1.85,1
PO-001207,16,4,4,2026-01-20,2026-01-31,2026-01-31,250,250,13,Damaged packaging,1.8,1.83,1
PO-001208,16,4,7,2026-01-27,2026-02-07,2026-02-06,250,239,0,,1.8,1.84,1
PO-001209,16,4,10,2026-02-03,2026-02-14,2026-02-11,250,250,0,,1.8,1.84,1
PO-001210,16,4,5,2026-02-10,2026-02-21,2026-02-21,250,250,0,,1.8,1.86,1
PO-001211,16,4,1,2026-02-17,2026-02-28,2026-03-19,250,250,0,,1.8,1.87,1
PO-001212,16,4,7,2026-02-24,2026-03-07,2026-03-07,250,250,0,,1.8,1.85,1
PO-001213,16,4,4,2026-03-03,2026-03-14,2026-03-19,250,250,0,,1.8,1.85,1
PO-001214,16,4,5,2026-03-10,2026-03-21,2026-03-19,250,243,14,Documentation incomplete,1.8,1.86,1
PO-001215,16,4,4,2026-03-17,2026-03-28,2026-03-26,250,240,0,,1.8,1.85,1
PO-001216,16,4,1,2026-03-24,2026-04-04,2026-04-11,250,250,0,,1.8,1.85,1
PO-001217,16,4,5,2026-03-31,2026-04-11,2026-04-11,250,250,0,,1.8,1.84,1
PO-001218,16,4,5,2026-04-07,2026-04-18,2026-05-07,250,250,0,,1.8,1.83,1
PO-001219,16,4,7,2026-04-14,2026-04-25,2026-04-24,250,250,0,,1.8,1.86,1
PO-001220,16,4,10,2026-04-21,2026-05-02,2026-04-28,250,250,0,,1.8,1.87,1
PO-001221,16,4,9,2026-04-28,2026-05-09,2026-05-06,250,250,0,,1.8,1.83,1
PO-001222,16,4,3,2026-05-05,2026-05-16,2026-05-12,250,250,0,,1.8,1.86,1
PO-001223,16,4,3,2026-05-12,2026-05-23,2026-05-21,250,250,0,,1.8,1.85,1
PO-001224,16,4,7,2026-05-19,2026-05-30,2026-06-05,250,250,0,,1.8,1.85,1
PO-001225,16,4,1,2026-05-26,2026-06-06,2026-06-08,250,250,0,,1.8,1.86,1
PO-001226,16,4,9,2026-06-02,2026-06-13,2026-06-10,250,250,9,Failed spec check,1.8,1.87,1
PO-001227,16,4,3,2026-06-09,2026-06-20,2026-06-17,250,250,0,,1.8,1.87,1
PO-001228,16,4,5,2026-06-16,2026-06-27,2026-06-25,250,250,12,Temperature excursion in transit,1.8,1.87,1
PO-001229,16,4,7,2026-06-23,2026-07-04,2026-07-10,250,250,0,,1.8,1.87,1
PO-001230,16,4,1,2026-06-30,2026-07-11,2026-07-09,250,250,0,,1.8,1.83,1
PO-001231,17,24,6,2025-01-07,2025-01-16,2025-01-14,425,408,0,,34.42,33.89,1
PO-001232,17,24,4,2025-01-14,2025-01-23,2025-01-22,254,254,0,,34.42,34.03,1
PO-001233,17,24,10,2025-01-21,2025-01-30,2025-01-30,520,520,0,,34.42,33.44,1
PO-001234,17,24,1,2025-01-28,2025-02-06,2025-02-03,386,386,0,,34.42,33.32,1
PO-001235,17,24,6,2025-02-04,2025-02-13,2025-03-09,482,482,0,,34.42,34.01,1
PO-001236,17,24,4,2025-02-11,2025-02-20,2025-03-04,461,461,0,,34.42,33.44,1
PO-001237,17,24,7,2025-02-18,2025-02-27,2025-02-27,437,437,0,,34.42,33.61,1
PO-001238,17,24,6,2025-02-25,2025-03-06,2025-03-06,507,507,0,,34.42,33.83,1
PO-001239,17,24,5,2025-03-04,2025-03-13,2025-03-12,328,328,0,,34.42,34.02,1
PO-001240,17,24,10,2025-03-11,2025-03-20,2025-03-20,427,411,0,,34.42,33.17,1
PO-001241,17,24,1,2025-03-18,2025-03-27,2025-04-07,423,423,0,,34.42,33.61,1
PO-001242,17,24,7,2025-03-25,2025-04-03,2025-04-01,258,258,0,,34.42,33.52,1
PO-001243,17,24,8,2025-04-01,2025-04-10,2025-04-09,381,359,0,,34.42,34.49,1
PO-001244,17,24,8,2025-04-08,2025-04-17,2025-04-17,382,382,0,,34.42,33.8,1
PO-001245,17,24,2,2025-04-15,2025-04-24,2025-04-24,389,389,0,,34.42,34.22,1
PO-001246,17,24,8,2025-04-22,2025-05-01,2025-04-30,367,367,0,,34.42,33.11,1
PO-001247,17,24,10,2025-04-29,2025-05-08,2025-05-06,325,325,0,,34.42,34.06,1
PO-001248,17,24,4,2025-05-06,2025-05-15,2025-05-12,449,449,0,,34.42,33.41,1
PO-001249,17,24,10,2025-05-13,2025-05-22,2025-05-20,435,435,0,,34.42,33.66,1
PO-001250,17,24,10,2025-05-20,2025-05-29,2025-05-27,468,468,0,,34.42,33.17,1
PO-001251,17,24,5,2025-05-27,2025-06-05,2025-06-06,410,410,0,,34.42,33.44,1
PO-001252,17,24,10,2025-06-03,2025-06-12,2025-06-11,422,422,0,,34.42,34.07,1
PO-001253,17,24,1,2025-06-10,2025-06-19,2025-06-17,349,349,0,,34.42,34.26,1
PO-001254,17,24,5,2025-06-17,2025-06-26,2025-07-08,329,329,0,,34.42,33.33,1
PO-001255,17,24,10,2025-06-24,2025-07-03,2025-07-01,398,398,0,,34.42,33.95,1
PO-001256,17,24,1,2025-07-01,2025-07-10,2025-07-08,358,348,0,,34.42,32.65,1
PO-001257,17,24,8,2025-07-08,2025-07-17,2025-07-17,272,272,0,,34.42,33.23,1
PO-001258,17,24,10,2025-07-15,2025-07-24,2025-07-23,384,384,0,,34.42,34.06,1
PO-001259,17,24,6,2025-07-22,2025-07-31,2025-07-30,418,418,0,,34.42,33.89,1
PO-001260,17,24,4,2025-07-29,2025-08-07,2025-08-06,313,313,0,,34.42,33.38,1
PO-001261,17,24,10,2025-08-05,2025-08-14,2025-08-12,296,296,0,,34.42,33.75,1
PO-001262,17,24,1,2025-08-12,2025-08-21,2025-08-19,630,607,0,,34.42,33.47,1
PO-001263,17,24,1,2025-08-19,2025-08-28,2025-08-27,560,560,0,,34.42,33.22,1
PO-001264,17,24,8,2025-08-26,2025-09-04,2025-09-03,319,319,0,,34.42,33.8,1
PO-001265,17,24,10,2025-09-02,2025-09-11,2025-09-10,603,603,0,,34.42,32.87,1
PO-001266,17,24,5,2025-09-09,2025-09-18,2025-09-18,326,326,0,,34.42,33.62,1
PO-001267,17,24,8,2025-09-16,2025-09-25,2025-09-24,358,358,0,,34.42,33.75,1
PO-001268,17,24,6,2025-09-23,2025-10-02,2025-09-29,250,250,0,,34.42,33.61,1
PO-001269,17,24,7,2025-09-30,2025-10-09,2025-10-09,250,250,0,,34.42,33.55,1
PO-001270,17,24,2,2025-10-07,2025-10-16,2025-10-15,384,372,0,,34.42,33.84,1
PO-001271,17,24,8,2025-10-14,2025-10-23,2025-10-23,460,460,0,,34.42,33.63,1
PO-001272,17,24,10,2025-10-21,2025-10-30,2025-10-28,305,305,0,,34.42,33.52,1
PO-001273,17,24,1,2025-10-28,2025-11-06,2025-11-07,266,266,0,,34.42,32.81,1
PO-001274,17,24,10,2025-11-04,2025-11-13,2025-11-12,250,250,0,,34.42,33.71,1
PO-001275,17,24,10,2025-11-11,2025-11-20,2025-11-18,350,350,66,Short shelf life on arrival,34.42,33.61,1
PO-001276,17,24,10,2025-11-18,2025-11-27,2025-11-26,427,427,0,,34.42,33.32,1
PO-001277,17,24,6,2025-11-25,2025-12-04,2025-12-03,335,335,0,,34.42,33.66,1
PO-001278,17,24,2,2025-12-02,2025-12-11,2025-12-10,336,336,0,,34.42,34.07,1
PO-001279,17,24,1,2025-12-09,2025-12-18,2025-12-16,294,294,0,,34.42,33.81,1
PO-001280,17,24,1,2025-12-16,2025-12-25,2025-12-25,375,365,0,,34.42,33.91,1
PO-001281,17,24,4,2025-12-23,2026-01-01,2026-01-01,505,505,0,,34.42,33.33,1
PO-001282,17,24,7,2025-12-30,2026-01-08,2026-01-08,320,320,0,,34.42,33.29,1
PO-001283,17,24,7,2026-01-06,2026-01-15,2026-01-13,330,330,0,,34.42,33.55,1
PO-001284,17,24,4,2026-01-13,2026-01-22,2026-01-22,330,330,0,,34.42,33.34,1
PO-001285,17,24,10,2026-01-20,2026-01-29,2026-01-28,250,250,0,,34.42,34.07,1
PO-001286,17,24,6,2026-01-27,2026-02-05,2026-02-05,418,418,0,,34.42,33.54,1
PO-001287,17,24,1,2026-02-03,2026-02-12,2026-02-11,258,258,0,,34.42,34.14,1
PO-001288,17,24,4,2026-02-10,2026-02-19,2026-02-17,272,259,0,,34.42,33.05,1
PO-001289,17,24,7,2026-02-17,2026-02-26,2026-02-25,499,488,0,,34.42,33.5,1
PO-001290,17,24,7,2026-02-24,2026-03-05,2026-03-03,430,430,0,,34.42,33.32,1
PO-001291,17,24,6,2026-03-03,2026-03-12,2026-03-15,354,354,0,,34.42,33.39,1
PO-001292,17,24,1,2026-03-10,2026-03-19,2026-03-22,373,373,0,,34.42,33.8,1
PO-001293,17,24,7,2026-03-17,2026-03-26,2026-03-27,448,448,0,,34.42,33.31,1
PO-001294,17,24,1,2026-03-24,2026-04-02,2026-04-01,288,288,0,,34.42,33.98,1
PO-001295,17,24,2,2026-03-31,2026-04-09,2026-04-06,347,347,0,,34.42,33.72,1
PO-001296,17,24,8,2026-04-07,2026-04-16,2026-04-22,401,386,0,,34.42,33.78,1
PO-001297,17,24,4,2026-04-14,2026-04-23,2026-04-22,452,452,0,,34.42,32.86,1
PO-001298,17,24,2,2026-04-21,2026-04-30,2026-04-29,342,342,0,,34.42,34.06,1
PO-001299,17,24,10,2026-04-28,2026-05-07,2026-05-11,627,627,0,,34.42,33.59,1
PO-001300,17,24,8,2026-05-05,2026-05-14,2026-05-13,427,415,68,Damaged packaging,34.42,33.89,1
PO-001301,17,24,10,2026-05-12,2026-05-21,2026-05-19,364,364,0,,34.42,33.71,1
PO-001302,17,24,8,2026-05-19,2026-05-28,2026-05-27,470,470,0,,34.42,34.08,1
PO-001303,17,24,6,2026-05-26,2026-06-04,2026-06-04,274,274,0,,34.42,34.01,1
PO-001304,17,24,7,2026-06-02,2026-06-11,2026-06-10,382,382,0,,34.42,33.83,1
PO-001305,17,24,2,2026-06-09,2026-06-18,2026-06-15,431,431,0,,34.42,34.18,1
PO-001306,17,24,5,2026-06-16,2026-06-25,2026-06-22,514,514,0,,34.42,33.68,1
PO-001307,17,24,6,2026-06-23,2026-07-02,2026-06-30,355,355,0,,34.42,33.56,1
PO-001308,17,24,8,2026-06-30,2026-07-09,2026-07-09,472,472,0,,34.42,33.21,1
PO-001309,18,9,7,2025-01-14,2025-01-26,2025-01-26,673,641,0,,8.51,8.5,1
PO-001310,18,9,2,2025-01-21,2025-02-02,2025-02-02,606,606,0,,8.51,8.37,1
PO-001311,18,9,2,2025-02-04,2025-02-16,2025-02-16,656,656,0,,8.51,8.6,1
PO-001312,18,9,5,2025-03-11,2025-03-23,2025-03-23,616,616,0,,8.51,8.6,1
PO-001313,18,9,6,2025-03-25,2025-04-06,2025-04-05,653,653,0,,8.51,8.41,1
PO-001314,18,9,1,2025-04-08,2025-04-20,2025-04-18,559,507,0,,8.51,8.49,1
PO-001315,18,9,6,2025-04-15,2025-04-27,2025-04-26,723,723,0,,8.51,8.32,1
PO-001316,18,9,8,2025-04-22,2025-05-04,2025-05-03,500,478,0,,8.51,8.46,1
PO-001317,18,9,7,2025-04-29,2025-05-11,2025-05-10,520,520,18,Short shelf life on arrival,8.51,8.57,1
PO-001318,18,9,6,2025-05-06,2025-05-18,2025-05-17,745,745,0,,8.51,8.51,1
PO-001319,18,9,5,2025-05-13,2025-05-25,2025-05-24,576,576,0,,8.51,8.45,1
PO-001320,18,9,8,2025-06-24,2025-07-06,2025-07-03,846,846,43,Failed spec check,8.51,8.59,1
PO-001321,18,9,2,2025-07-01,2025-07-13,2025-07-15,552,552,0,,8.51,8.28,1
PO-001322,18,9,8,2025-07-15,2025-07-27,2025-07-25,500,500,0,,8.51,8.44,1
PO-001323,18,9,2,2025-07-22,2025-08-03,2025-08-02,500,500,0,,8.51,8.6,1
PO-001324,18,9,1,2025-08-19,2025-08-31,2025-08-28,554,554,0,,8.51,8.38,1
PO-001325,18,9,5,2025-08-26,2025-09-07,2025-09-07,569,569,0,,8.51,8.59,1
PO-001326,18,9,8,2025-09-02,2025-09-14,2025-09-14,612,612,0,,8.51,8.51,1
PO-001327,18,9,2,2025-09-09,2025-09-21,2025-09-21,500,500,0,,8.51,8.32,1
PO-001328,18,9,10,2025-09-16,2025-09-28,2025-09-27,820,820,0,,8.51,8.61,1
PO-001329,18,9,4,2025-09-30,2025-10-12,2025-10-12,500,500,0,,8.51,8.48,1
PO-001330,18,9,4,2025-10-07,2025-10-19,2025-10-18,798,798,0,,8.51,8.47,1
PO-001331,18,9,5,2025-10-28,2025-11-09,2025-11-08,638,638,0,,8.51,8.41,1
PO-001332,18,9,5,2025-11-04,2025-11-16,2025-11-15,500,500,0,,8.51,8.26,1
PO-001333,18,9,5,2025-11-11,2025-11-23,2025-11-22,503,466,0,,8.51,8.47,1
PO-001334,18,9,6,2025-12-02,2025-12-14,2025-12-13,732,732,0,,8.51,8.49,1
PO-001335,18,9,4,2025-12-23,2026-01-04,2026-01-03,829,829,0,,8.51,8.35,1
PO-001336,18,9,2,2025-12-30,2026-01-11,2026-01-09,686,686,0,,8.51,8.29,1
PO-001337,18,9,8,2026-01-06,2026-01-18,2026-01-16,687,687,0,,8.51,8.54,1
PO-001338,18,9,8,2026-01-20,2026-02-01,2026-01-29,679,679,0,,8.51,8.34,1
PO-001339,18,9,4,2026-02-10,2026-02-22,2026-02-19,500,500,0,,8.51,8.5,1
PO-001340,18,9,4,2026-02-17,2026-03-01,2026-02-28,657,657,0,,8.51,8.52,1
PO-001341,18,9,1,2026-02-24,2026-03-08,2026-03-08,745,745,0,,8.51,8.4,1
PO-001342,18,9,7,2026-03-17,2026-03-29,2026-03-28,712,712,0,,8.51,8.37,1
PO-001343,18,9,4,2026-03-24,2026-04-05,2026-04-05,698,698,0,,8.51,8.52,1
PO-001344,18,9,5,2026-04-07,2026-04-19,2026-04-16,500,500,0,,8.51,8.6,1
PO-001345,18,9,4,2026-04-14,2026-04-26,2026-04-25,500,500,0,,8.51,8.35,1
PO-001346,18,9,1,2026-04-21,2026-05-03,2026-05-02,886,886,0,,8.51,8.34,1
PO-001347,18,9,7,2026-05-05,2026-05-17,2026-05-14,500,500,0,,8.51,8.56,1
PO-001348,18,9,1,2026-06-02,2026-06-14,2026-06-13,787,787,0,,8.51,8.31,1
PO-001349,18,9,5,2026-06-09,2026-06-21,2026-06-20,500,500,0,,8.51,8.41,1
PO-001350,18,9,2,2026-06-16,2026-06-28,2026-06-28,546,546,0,,8.51,8.5,1
PO-001351,18,9,7,2026-06-23,2026-07-05,2026-07-02,510,510,0,,8.51,8.38,1
PO-001352,18,9,2,2026-06-30,2026-07-12,2026-07-11,522,522,0,,8.51,8.46,1
PO-001353,18,16,6,2025-01-21,2025-02-22,2025-02-17,437,437,0,,7.32,7.14,0
PO-001354,18,16,10,2025-02-18,2025-03-22,2025-03-12,499,499,0,,7.32,7.16,0
PO-001355,18,16,5,2025-03-04,2025-04-05,2025-04-02,435,435,0,,7.32,7.2,0
PO-001356,18,16,5,2025-03-18,2025-04-19,2025-04-11,543,543,0,,7.32,7.2,0
PO-001357,18,16,5,2025-04-29,2025-05-31,2025-05-31,621,621,66,Documentation incomplete,7.32,7.13,0
PO-001358,18,16,4,2025-06-03,2025-07-05,2025-07-04,413,413,55,Short shelf life on arrival,7.32,7.13,0
PO-001359,18,16,1,2025-06-10,2025-07-12,2025-07-10,394,394,0,,7.32,7.1,0
PO-001360,18,16,10,2025-06-17,2025-07-19,2025-07-14,513,513,0,,7.32,7.18,0
PO-001361,18,16,6,2025-06-24,2025-07-26,2025-07-13,371,371,0,,7.32,7.12,0
PO-001362,18,16,6,2025-07-15,2025-08-16,2025-07-29,598,598,0,,7.32,7.11,0
PO-001363,18,16,2,2025-07-29,2025-08-30,2025-08-27,509,509,23,Short shelf life on arrival,7.32,7.35,0
PO-001364,18,16,6,2025-09-02,2025-10-04,2025-09-21,719,719,0,,7.32,7.19,0
PO-001365,18,16,4,2025-09-23,2025-10-25,2025-10-15,388,388,0,,7.32,7.26,0
PO-001366,18,16,6,2025-10-07,2025-11-08,2025-11-05,481,481,0,,7.32,7.22,0
PO-001367,18,16,6,2025-10-14,2025-11-15,2025-11-14,594,594,0,,7.32,7.23,0
PO-001368,18,16,1,2025-10-21,2025-11-22,2025-11-18,693,693,0,,7.32,7.04,0
PO-001369,18,16,7,2025-10-28,2025-11-29,2025-11-27,544,544,0,,7.32,7.08,0
PO-001370,18,16,2,2025-12-16,2026-01-17,2026-01-03,389,389,0,,7.32,7.01,0
PO-001371,18,16,4,2025-12-23,2026-01-24,2026-01-20,555,555,0,,7.32,7.1,0
PO-001372,18,16,5,2026-01-06,2026-02-07,2026-02-13,473,473,0,,7.32,7.1,0
PO-001373,18,16,5,2026-01-13,2026-02-14,2026-02-07,450,450,0,,7.32,7.06,0
PO-001374,18,16,6,2026-01-20,2026-02-21,2026-02-19,453,453,0,,7.32,7.23,0
PO-001375,18,16,4,2026-02-03,2026-03-07,2026-03-03,679,679,0,,7.32,7.18,0
PO-001376,18,16,8,2026-02-10,2026-03-14,2026-03-10,686,686,0,,7.32,7.01,0
PO-001377,18,16,4,2026-02-17,2026-03-21,2026-03-16,601,601,0,,7.32,7.01,0
PO-001378,18,16,6,2026-02-24,2026-03-28,2026-03-21,373,373,0,,7.32,7.13,0
PO-001379,18,16,7,2026-03-03,2026-04-04,2026-03-29,566,566,0,,7.32,7.14,0
PO-001380,18,16,10,2026-03-10,2026-04-11,2026-04-08,624,624,58,Short shelf life on arrival,7.32,7.12,0
PO-001381,18,16,4,2026-04-14,2026-05-16,2026-05-11,339,339,0,,7.32,7.07,0
PO-001382,18,16,6,2026-06-02,2026-07-04,2026-07-01,507,507,0,,7.32,7.11,0
PO-001383,18,16,1,2026-06-09,2026-07-11,2026-07-09,638,638,84,Short shelf life on arrival,7.32,7.17,0
PO-001384,18,16,5,2026-06-23,2026-07-25,2026-07-24,661,661,0,,7.32,7.25,0
PO-001385,19,23,7,2025-01-07,2025-01-19,2025-01-17,577,577,0,,15.61,16.7,0
PO-001386,19,23,3,2025-01-14,2025-01-26,2025-01-25,485,485,0,,15.61,16.78,0
PO-001387,19,23,1,2025-02-04,2025-02-16,2025-02-16,532,532,0,,15.61,16.75,0
PO-001388,19,23,10,2025-03-11,2025-03-23,2025-03-22,370,370,0,,15.61,16.71,0
PO-001389,19,23,5,2025-03-18,2025-03-30,2025-03-28,338,338,0,,15.61,16.69,0
PO-001390,19,23,5,2025-04-01,2025-04-13,2025-04-12,295,295,0,,15.61,16.55,0
PO-001391,19,23,4,2025-04-22,2025-05-04,2025-05-04,646,646,0,,15.61,16.51,0
PO-001392,19,23,5,2025-04-29,2025-05-11,2025-05-10,465,465,0,,15.61,16.78,0
PO-001393,19,23,7,2025-05-06,2025-05-18,2025-05-17,627,627,0,,15.61,16.72,0
PO-001394,19,23,10,2025-05-13,2025-05-25,2025-05-24,438,438,0,,15.61,16.41,0
PO-001395,19,23,9,2025-05-20,2025-06-01,2025-05-30,524,524,0,,15.61,16.73,0
PO-001396,19,23,10,2025-05-27,2025-06-08,2025-06-07,353,353,0,,15.61,16.69,0
PO-001397,19,23,1,2025-06-03,2025-06-15,2025-06-13,531,483,0,,15.61,16.48,0
PO-001398,19,23,1,2025-06-24,2025-07-06,2025-07-05,533,533,0,,15.61,16.41,0
PO-001399,19,23,10,2025-07-08,2025-07-20,2025-07-19,441,441,0,,15.61,16.87,0
PO-001400,19,23,7,2025-07-15,2025-07-27,2025-07-27,487,487,0,,15.61,16.7,0
PO-001401,19,23,5,2025-07-22,2025-08-03,2025-08-02,650,650,0,,15.61,16.81,0
PO-001402,19,23,10,2025-08-12,2025-08-24,2025-08-24,510,510,0,,15.61,16.71,0
PO-001403,19,23,9,2025-08-19,2025-08-31,2025-08-31,342,342,0,,15.61,16.93,0
PO-001404,19,23,10,2025-08-26,2025-09-07,2025-09-07,586,586,0,,15.61,16.74,0
PO-001405,19,23,3,2025-09-09,2025-09-21,2025-09-20,451,451,0,,15.61,16.76,0
PO-001406,19,23,4,2025-09-16,2025-09-28,2025-09-27,423,423,0,,15.61,16.63,0
PO-001407,19,23,5,2025-10-07,2025-10-19,2025-10-18,485,485,0,,15.61,16.72,0
PO-001408,19,23,7,2025-10-28,2025-11-09,2025-11-08,545,545,0,,15.61,16.63,0
PO-001409,19,23,1,2025-11-04,2025-11-16,2025-11-14,498,498,0,,15.61,16.54,0
PO-001410,19,23,9,2025-11-25,2025-12-07,2025-12-07,504,504,0,,15.61,16.73,0
PO-001411,19,23,10,2026-02-03,2026-02-15,2026-02-15,692,692,0,,15.61,16.57,0
PO-001412,19,23,7,2026-02-10,2026-02-22,2026-02-21,646,646,0,,15.61,16.66,0
PO-001413,19,23,7,2026-04-28,2026-05-10,2026-05-08,636,636,0,,15.61,16.54,0
PO-001414,19,23,9,2026-05-26,2026-06-07,2026-06-05,427,357,0,,15.61,16.82,0
PO-001415,19,23,1,2026-06-09,2026-06-21,2026-06-19,614,614,0,,15.61,16.64,0
PO-001416,19,23,3,2026-06-16,2026-06-28,2026-06-27,399,399,0,,15.61,17.08,0
PO-001417,19,23,1,2026-06-30,2026-07-12,2026-07-10,445,445,0,,15.61,16.46,0
PO-001418,19,24,3,2025-03-04,2025-03-14,2025-03-13,337,337,0,,15.72,15.37,0
PO-001419,19,24,7,2025-04-01,2025-04-11,2025-04-10,619,583,0,,15.72,15.12,0
PO-001420,19,24,4,2025-04-29,2025-05-09,2025-05-08,521,521,0,,15.72,15.19,0
PO-001421,19,24,4,2025-05-20,2025-05-30,2025-05-28,476,476,0,,15.72,15.36,0
PO-001422,19,24,7,2025-06-03,2025-06-13,2025-06-11,497,497,0,,15.72,15.42,0
PO-001423,19,24,7,2025-07-01,2025-07-11,2025-07-10,283,283,0,,15.72,15.04,0
PO-001424,19,24,9,2025-07-29,2025-08-08,2025-08-12,502,502,0,,15.72,15.33,0
PO-001425,19,24,5,2025-08-05,2025-08-15,2025-08-15,491,491,0,,15.72,15.49,0
PO-001426,19,24,5,2025-09-23,2025-10-03,2025-10-02,318,318,0,,15.72,15.34,0
PO-001427,19,24,3,2025-09-30,2025-10-10,2025-10-10,473,456,0,,15.72,15.49,0
PO-001428,19,24,3,2025-10-07,2025-10-17,2025-10-18,446,446,0,,15.72,15.39,0
PO-001429,19,24,10,2025-10-21,2025-10-31,2025-10-30,396,396,0,,15.72,15.64,0
PO-001430,19,24,4,2025-12-09,2025-12-19,2025-12-17,438,438,0,,15.72,15.31,0
PO-001431,19,24,5,2026-01-13,2026-01-23,2026-01-22,461,461,0,,15.72,15.02,0
PO-001432,19,24,7,2026-01-20,2026-01-30,2026-01-30,690,690,0,,15.72,15.29,0
PO-001433,19,24,4,2026-02-10,2026-02-20,2026-02-18,575,575,0,,15.72,15.44,0
PO-001434,19,24,5,2026-02-24,2026-03-06,2026-03-06,571,571,0,,15.72,15.15,0
PO-001435,19,24,5,2026-03-17,2026-03-27,2026-03-27,572,572,0,,15.72,14.98,0
PO-001436,19,24,4,2026-04-21,2026-05-01,2026-05-04,624,624,0,,15.72,15.23,0
PO-001437,19,24,7,2026-05-12,2026-05-22,2026-05-19,479,479,0,,15.72,15.35,0
PO-001438,19,24,5,2026-06-09,2026-06-19,2026-06-18,560,560,0,,15.72,15.63,0
PO-001439,19,11,4,2025-01-28,2025-02-06,2025-02-06,779,779,0,,15.91,16.0,1
PO-001440,19,11,5,2025-02-11,2025-02-20,2025-02-19,472,472,0,,15.91,16.04,1
PO-001441,19,11,7,2025-03-04,2025-03-13,2025-03-12,503,503,0,,15.91,15.88,1
PO-001442,19,11,9,2025-04-08,2025-04-17,2025-04-17,694,694,0,,15.91,16.1,1
PO-001443,19,11,9,2025-04-22,2025-05-01,2025-05-01,669,669,0,,15.91,15.97,1
PO-001444,19,11,5,2025-04-29,2025-05-08,2025-05-07,718,718,0,,15.91,15.93,1
PO-001445,19,11,9,2025-05-27,2025-06-05,2025-06-04,525,525,0,,15.91,15.85,1
PO-001446,19,11,10,2025-06-03,2025-06-12,2025-06-11,703,703,0,,15.91,15.74,1
PO-001447,19,11,4,2025-06-17,2025-06-26,2025-06-26,789,789,0,,15.91,16.02,1
PO-001448,19,11,1,2025-06-24,2025-07-03,2025-07-02,744,744,0,,15.91,15.76,1
PO-001449,19,11,7,2025-07-01,2025-07-10,2025-07-09,659,659,0,,15.91,16.0,1
PO-001450,19,11,10,2025-07-08,2025-07-17,2025-07-15,533,533,0,,15.91,16.25,1
PO-001451,19,11,5,2025-08-05,2025-08-14,2025-08-13,782,782,0,,15.91,16.07,1
PO-001452,19,11,10,2025-08-12,2025-08-21,2025-08-21,676,676,0,,15.91,16.31,1
PO-001453,19,11,7,2025-08-26,2025-09-04,2025-09-03,556,556,0,,15.91,15.91,1
PO-001454,19,11,10,2025-09-16,2025-09-25,2025-09-25,641,641,0,,15.91,15.97,1
PO-001455,19,11,9,2025-09-23,2025-10-02,2025-10-01,698,698,0,,15.91,16.19,1
PO-001456,19,11,3,2025-10-14,2025-10-23,2025-10-23,597,597,0,,15.91,16.09,1
PO-001457,19,11,4,2025-10-28,2025-11-06,2025-11-04,607,607,0,,15.91,16.0,1
PO-001458,19,11,5,2025-11-04,2025-11-13,2025-11-13,519,519,0,,15.91,15.95,1
PO-001459,19,11,1,2025-11-11,2025-11-20,2025-11-19,790,790,0,,15.91,16.03,1
PO-001460,19,11,1,2025-12-16,2025-12-25,2025-12-24,721,721,0,,15.91,16.07,1
PO-001461,19,11,1,2026-01-13,2026-01-22,2026-01-22,829,829,0,,15.91,16.15,1
PO-001462,19,11,7,2026-02-17,2026-02-26,2026-02-26,807,807,0,,15.91,15.94,1
PO-001463,19,11,7,2026-03-10,2026-03-19,2026-03-23,666,666,0,,15.91,15.94,1
PO-001464,19,11,7,2026-03-17,2026-03-26,2026-03-25,552,552,0,,15.91,16.21,1
PO-001465,19,11,9,2026-03-24,2026-04-02,2026-04-02,715,715,0,,15.91,15.87,1
PO-001466,19,11,5,2026-04-14,2026-04-23,2026-04-21,638,638,0,,15.91,15.84,1
PO-001467,19,11,5,2026-04-21,2026-04-30,2026-04-29,725,725,0,,15.91,15.98,1
PO-001468,19,11,5,2026-04-28,2026-05-07,2026-05-06,393,393,0,,15.91,15.93,1
PO-001469,19,11,5,2026-05-12,2026-05-21,2026-05-18,854,854,0,,15.91,15.83,1
PO-001470,19,11,3,2026-06-16,2026-06-25,2026-06-25,607,607,0,,15.91,16.14,1
PO-001471,19,11,5,2026-06-23,2026-07-02,2026-07-02,451,451,0,,15.91,15.92,1
PO-001472,20,12,3,2025-01-14,2025-01-23,2025-01-22,250,250,0,,7.51,7.37,0
PO-001473,20,12,3,2025-02-11,2025-02-20,2025-02-16,250,250,0,,7.51,7.42,0
PO-001474,20,12,3,2025-03-25,2025-04-03,2025-03-28,250,250,0,,7.51,7.22,0
PO-001475,20,12,5,2025-04-01,2025-04-10,2025-04-08,250,250,0,,7.51,7.28,0
PO-001476,20,12,9,2025-04-08,2025-04-17,2025-04-17,250,250,0,,7.51,7.33,0
PO-001477,20,12,9,2025-04-15,2025-04-24,2025-04-20,250,250,0,,7.51,7.3,0
PO-001478,20,12,10,2025-04-22,2025-05-01,2025-04-26,250,250,0,,7.51,7.25,0
PO-001479,20,12,9,2025-04-29,2025-05-08,2025-05-01,250,250,0,,7.51,7.42,0
PO-001480,20,12,1,2025-05-13,2025-05-22,2025-05-19,250,250,0,,7.51,7.27,0
PO-001481,20,12,1,2025-05-20,2025-05-29,2025-05-29,250,250,0,,7.51,7.3,0
PO-001482,20,12,3,2025-05-27,2025-06-05,2025-06-05,250,250,0,,7.51,7.22,0
PO-001483,20,12,7,2025-06-03,2025-06-12,2025-06-10,250,250,0,,7.51,7.23,0
PO-001484,20,12,10,2025-06-17,2025-06-26,2025-06-24,250,250,0,,7.51,7.23,0
PO-001485,20,12,10,2025-06-24,2025-07-03,2025-07-06,250,250,0,,7.51,7.21,0
PO-001486,20,12,3,2025-07-01,2025-07-10,2025-07-08,250,250,0,,7.51,7.31,0
PO-001487,20,12,7,2025-07-15,2025-07-24,2025-07-23,250,250,0,,7.51,7.32,0
PO-001488,20,12,9,2025-07-29,2025-08-07,2025-08-01,250,250,0,,7.51,7.3,0
PO-001489,20,12,7,2025-08-05,2025-08-14,2025-08-11,250,250,0,,7.51,7.3,0
PO-001490,20,12,1,2025-08-19,2025-08-28,2025-08-28,250,250,0,,7.51,7.25,0
PO-001491,20,12,7,2025-08-26,2025-09-04,2025-08-30,250,250,0,,7.51,7.36,0
PO-001492,20,12,3,2025-09-09,2025-09-18,2025-09-18,250,250,0,,7.51,7.21,0
PO-001493,20,12,5,2025-09-23,2025-10-02,2025-10-01,250,250,0,,7.51,7.34,0
PO-001494,20,12,7,2025-09-30,2025-10-09,2025-10-03,250,250,0,,7.51,7.39,0
PO-001495,20,12,7,2025-10-07,2025-10-16,2025-10-14,250,250,0,,7.51,7.27,0
PO-001496,20,12,9,2025-10-14,2025-10-23,2025-10-23,250,250,0,,7.51,7.4,0
PO-001497,20,12,10,2025-10-28,2025-11-06,2025-11-06,250,250,0,,7.51,7.41,0
PO-001498,20,12,7,2025-11-11,2025-11-20,2025-11-26,250,250,0,,7.51,7.34,0
PO-001499,20,12,7,2025-11-18,2025-11-27,2025-11-27,250,250,0,,7.51,7.35,0
PO-001500,20,12,4,2025-11-25,2025-12-04,2025-12-02,250,250,0,,7.51,7.3,0
PO-001501,20,12,1,2025-12-02,2025-12-11,2025-12-07,250,250,0,,7.51,7.29,0
PO-001502,20,12,9,2025-12-16,2025-12-25,2025-12-21,250,250,0,,7.51,7.3,0
PO-001503,20,12,10,2026-01-06,2026-01-15,2026-01-15,250,250,0,,7.51,7.25,0
PO-001504,20,12,7,2026-01-20,2026-01-29,2026-01-29,250,250,0,,7.51,7.36,0
PO-001505,20,12,3,2026-01-27,2026-02-05,2026-02-01,250,250,0,,7.51,7.2,0
PO-001506,20,12,10,2026-02-03,2026-02-12,2026-02-08,250,250,0,,7.51,7.16,0
PO-001507,20,12,10,2026-02-17,2026-02-26,2026-02-26,250,250,0,,7.51,7.23,0
PO-001508,20,12,1,2026-03-10,2026-03-19,2026-03-15,250,250,0,,7.51,7.39,0
PO-001509,20,12,3,2026-03-31,2026-04-09,2026-04-08,250,250,0,,7.51,7.2,0
PO-001510,20,12,5,2026-04-07,2026-04-16,2026-04-13,250,250,0,,7.51,7.2,0
PO-001511,20,12,9,2026-04-14,2026-04-23,2026-04-21,250,250,0,,7.51,7.2,0
PO-001512,20,12,5,2026-04-21,2026-04-30,2026-04-30,250,250,0,,7.51,7.25,0
PO-001513,20,12,4,2026-06-02,2026-06-11,2026-06-10,250,250,0,,7.51,7.34,0
PO-001514,20,12,3,2026-06-09,2026-06-18,2026-06-17,250,250,0,,7.51,7.22,0
PO-001515,20,12,3,2026-06-16,2026-06-25,2026-06-23,250,250,0,,7.51,7.37,0
PO-001516,20,12,10,2026-06-30,2026-07-09,2026-07-07,250,250,0,,7.51,7.33,0
PO-001517,20,3,5,2025-01-21,2025-01-31,2025-01-30,148,148,0,,7.48,7.56,1
PO-001518,20,3,4,2025-01-28,2025-02-07,2025-02-07,116,116,0,,7.48,7.54,1
PO-001519,20,3,1,2025-02-04,2025-02-14,2025-02-13,165,165,0,,7.48,7.69,1
PO-001520,20,3,1,2025-02-11,2025-02-21,2025-02-21,100,100,0,,7.48,7.52,1
PO-001521,20,3,4,2025-02-18,2025-02-28,2025-02-28,119,119,0,,7.48,7.66,1
PO-001522,20,3,5,2025-03-11,2025-03-21,2025-03-21,103,103,0,,7.48,7.65,1
PO-001523,20,3,7,2025-03-18,2025-03-28,2025-03-27,104,104,0,,7.48,7.61,1
PO-001524,20,3,3,2025-04-01,2025-04-11,2025-04-10,133,133,0,,7.48,7.63,1
PO-001525,20,3,9,2025-04-08,2025-04-18,2025-04-16,138,126,0,,7.48,7.65,1
PO-001526,20,3,9,2025-04-22,2025-05-02,2025-05-07,130,130,0,,7.48,7.55,1
PO-001527,20,3,10,2025-05-13,2025-05-23,2025-05-22,100,100,0,,7.48,7.64,1
PO-001528,20,3,3,2025-05-20,2025-05-30,2025-05-29,130,130,0,,7.48,7.6,1
PO-001529,20,3,5,2025-05-27,2025-06-06,2025-06-05,159,159,0,,7.48,7.49,1
PO-001530,20,3,3,2025-06-03,2025-06-13,2025-06-13,149,149,0,,7.48,7.67,1
PO-001531,20,3,10,2025-07-15,2025-07-25,2025-07-24,122,122,0,,7.48,7.61,1
PO-001532,20,3,9,2025-07-29,2025-08-08,2025-08-07,122,122,0,,7.48,7.63,1
PO-001533,20,3,4,2025-08-12,2025-08-22,2025-08-21,121,121,0,,7.48,7.7,1
PO-001534,20,3,5,2025-08-19,2025-08-29,2025-08-28,100,100,0,,7.48,7.52,1
PO-001535,20,3,10,2025-08-26,2025-09-05,2025-09-05,138,138,0,,7.48,7.67,1
PO-001536,20,3,1,2025-09-16,2025-09-26,2025-09-26,131,131,0,,7.48,7.72,1
PO-001537,20,3,7,2025-09-23,2025-10-03,2025-10-02,140,140,0,,7.48,7.62,1
PO-001538,20,3,5,2025-10-14,2025-10-24,2025-10-23,148,148,0,,7.48,7.61,1
PO-001539,20,3,5,2025-11-25,2025-12-05,2025-12-04,149,149,0,,7.48,7.59,1
PO-001540,20,3,3,2025-12-09,2025-12-19,2025-12-19,141,141,23,Temperature excursion in transit,7.48,7.67,1
PO-001541,20,3,9,2025-12-30,2026-01-09,2026-01-08,124,124,0,,7.48,7.56,1
PO-001542,20,3,4,2026-01-13,2026-01-23,2026-01-22,120,120,0,,7.48,7.58,1
PO-001543,20,3,1,2026-01-20,2026-01-30,2026-01-29,112,96,0,,7.48,7.71,1
PO-001544,20,3,7,2026-02-03,2026-02-13,2026-02-12,105,105,0,,7.48,7.46,1
PO-001545,20,3,3,2026-02-24,2026-03-06,2026-03-03,100,83,0,,7.48,7.7,1
PO-001546,20,3,9,2026-03-31,2026-04-10,2026-04-09,100,100,0,,7.48,7.64,1
PO-001547,20,3,7,2026-04-14,2026-04-24,2026-04-23,118,118,0,,7.48,7.61,1
PO-001548,20,3,4,2026-04-21,2026-05-01,2026-04-30,111,111,0,,7.48,7.6,1
PO-001549,20,3,1,2026-05-19,2026-05-29,2026-05-27,186,186,0,,7.48,7.62,1
PO-001550,20,3,1,2026-05-26,2026-06-05,2026-06-04,124,113,0,,7.48,7.71,1
PO-001551,20,3,9,2026-06-02,2026-06-12,2026-06-12,116,116,0,,7.48,7.49,1
PO-001552,20,3,9,2026-06-09,2026-06-19,2026-06-18,125,125,0,,7.48,7.73,1
PO-001553,20,3,9,2026-06-16,2026-06-26,2026-06-25,131,131,0,,7.48,7.53,1
PO-001554,20,3,4,2026-06-23,2026-07-03,2026-07-03,123,123,0,,7.48,7.69,1
PO-001555,20,3,10,2026-06-30,2026-07-10,2026-07-10,135,135,0,,7.48,7.63,1
PO-001556,21,6,7,2025-01-21,2025-01-30,2025-01-27,131,131,0,,13.03,12.62,1
PO-001557,21,6,10,2025-02-04,2025-02-13,2025-02-11,101,101,0,,13.03,12.69,1
PO-001558,21,6,5,2025-02-11,2025-02-20,2025-02-18,88,88,0,,13.03,12.44,1
PO-001559,21,6,9,2025-02-18,2025-02-27,2025-02-25,54,52,0,,13.03,12.65,1
PO-001560,21,6,10,2025-02-25,2025-03-06,2025-03-05,112,112,0,,13.03,12.52,1
PO-001561,21,6,9,2025-03-04,2025-03-13,2025-03-12,66,66,0,,13.03,12.67,1
PO-001562,21,6,4,2025-03-25,2025-04-03,2025-04-02,82,82,0,,13.03,12.75,1
PO-001563,21,6,9,2025-04-01,2025-04-10,2025-04-09,64,64,0,,13.03,12.61,1
PO-001564,21,6,1,2025-04-08,2025-04-17,2025-04-16,63,63,0,,13.03,12.6,1
PO-001565,21,6,7,2025-05-13,2025-05-22,2025-05-29,81,73,0,,13.03,12.73,1
PO-001566,21,6,10,2025-05-20,2025-05-29,2025-05-27,68,68,0,,13.03,12.75,1
PO-001567,21,6,7,2025-05-27,2025-06-05,2025-06-03,90,90,0,,13.03,12.64,1
PO-001568,21,6,5,2025-06-10,2025-06-19,2025-06-17,98,98,0,,13.03,12.77,1
PO-001569,21,6,7,2025-06-24,2025-07-03,2025-07-01,84,84,0,,13.03,12.56,1
PO-001570,21,6,5,2025-07-01,2025-07-10,2025-07-08,70,70,0,,13.03,12.4,1
PO-001571,21,6,5,2025-07-15,2025-07-24,2025-07-22,105,105,0,,13.03,12.59,1
PO-001572,21,6,3,2025-07-22,2025-07-31,2025-07-29,40,40,0,,13.03,12.74,1
PO-001573,21,6,1,2025-07-29,2025-08-07,2025-08-06,82,82,7,Temperature excursion in transit,13.03,12.56,1
PO-001574,21,6,7,2025-08-05,2025-08-14,2025-08-13,82,82,0,,13.03,12.67,1
PO-001575,21,6,10,2025-09-02,2025-09-11,2025-09-11,83,83,0,,13.03,12.65,1
PO-001576,21,6,7,2025-09-23,2025-10-02,2025-10-02,98,98,0,,13.03,12.83,1
PO-001577,21,6,4,2025-10-07,2025-10-16,2025-10-16,80,80,0,,13.03,12.48,1
PO-001578,21,6,4,2025-10-21,2025-10-30,2025-10-30,68,68,0,,13.03,12.63,1
PO-001579,21,6,10,2025-11-04,2025-11-13,2025-11-12,101,101,0,,13.03,12.92,1
PO-001580,21,6,9,2025-11-25,2025-12-04,2025-12-04,79,79,0,,13.03,12.51,1
PO-001581,21,6,5,2025-12-30,2026-01-08,2026-01-07,51,51,0,,13.03,12.67,1
PO-001582,21,6,1,2026-01-06,2026-01-15,2026-01-15,60,60,0,,13.03,12.95,1
PO-001583,21,6,7,2026-01-20,2026-01-29,2026-01-26,86,86,0,,13.03,12.86,1
PO-001584,21,6,10,2026-03-10,2026-03-19,2026-03-18,69,69,0,,13.03,12.67,1
PO-001585,21,6,9,2026-03-17,2026-03-26,2026-03-25,129,129,0,,13.03,12.79,1
PO-001586,21,6,3,2026-03-31,2026-04-09,2026-04-09,105,105,0,,13.03,12.65,1
PO-001587,21,6,4,2026-04-14,2026-04-23,2026-04-21,103,103,0,,13.03,12.71,1
PO-001588,21,6,10,2026-04-28,2026-05-07,2026-05-07,82,82,0,,13.03,12.72,1
PO-001589,21,6,7,2026-05-12,2026-05-21,2026-05-19,86,86,0,,13.03,12.49,1
PO-001590,21,6,10,2026-05-26,2026-06-04,2026-06-04,73,73,0,,13.03,12.6,1
PO-001591,21,6,10,2026-06-02,2026-06-11,2026-06-09,89,86,0,,13.03,12.63,1
PO-001592,21,6,3,2026-06-09,2026-06-18,2026-06-17,84,84,0,,13.03,12.66,1
PO-001593,21,6,5,2026-06-23,2026-07-02,2026-06-30,119,119,0,,13.03,12.87,1
PO-001594,21,6,9,2026-06-30,2026-07-09,2026-07-07,65,65,0,,13.03,12.66,1
PO-001595,21,24,9,2025-01-21,2025-01-31,2025-02-03,250,250,0,,12.71,12.33,0
PO-001596,21,24,5,2025-02-11,2025-02-21,2025-02-21,250,250,0,,12.71,12.24,0
PO-001597,21,24,1,2025-02-25,2025-03-07,2025-03-04,250,250,0,,12.71,12.15,0
PO-001598,21,24,10,2025-03-11,2025-03-21,2025-03-20,250,250,0,,12.71,12.44,0
PO-001599,21,24,9,2025-04-08,2025-04-18,2025-04-17,250,250,0,,12.71,12.5,0
PO-001600,21,24,10,2025-04-22,2025-05-02,2025-05-14,250,250,0,,12.71,12.3,0
PO-001601,21,24,5,2025-05-06,2025-05-16,2025-05-15,250,250,0,,12.71,12.58,0
PO-001602,21,24,1,2025-06-03,2025-06-13,2025-06-12,250,250,0,,12.71,12.49,0
PO-001603,21,24,1,2025-07-08,2025-07-18,2025-07-17,250,250,0,,12.71,12.55,0
PO-001604,21,24,10,2025-07-15,2025-07-25,2025-07-25,250,250,0,,12.71,12.24,0
PO-001605,21,24,5,2025-07-29,2025-08-08,2025-08-06,250,250,0,,12.71,12.65,0
PO-001606,21,24,10,2025-08-05,2025-08-15,2025-08-15,250,250,0,,12.71,12.21,0
PO-001607,21,24,4,2025-08-26,2025-09-05,2025-09-05,250,250,0,,12.71,12.51,0
PO-001608,21,24,5,2025-09-02,2025-09-12,2025-09-10,250,250,0,,12.71,12.43,0
PO-001609,21,24,9,2025-09-16,2025-09-26,2025-09-26,250,250,0,,12.71,12.32,0
PO-001610,21,24,10,2025-09-23,2025-10-03,2025-10-03,250,250,0,,12.71,12.2,0
PO-001611,21,24,4,2025-10-07,2025-10-17,2025-10-16,250,250,0,,12.71,12.51,0
PO-001612,21,24,5,2025-10-14,2025-10-24,2025-10-24,250,250,0,,12.71,12.61,0
PO-001613,21,24,5,2025-10-28,2025-11-07,2025-11-04,250,250,0,,12.71,12.45,0
PO-001614,21,24,1,2025-11-18,2025-11-28,2025-11-27,250,250,0,,12.71,12.4,0
PO-001615,21,24,3,2025-12-09,2025-12-19,2025-12-17,250,250,0,,12.71,12.38,0
PO-001616,21,24,10,2025-12-16,2025-12-26,2025-12-26,250,250,0,,12.71,12.53,0
PO-001617,21,24,5,2026-01-13,2026-01-23,2026-01-23,250,250,0,,12.71,12.35,0
PO-001618,21,24,4,2026-01-27,2026-02-06,2026-02-05,250,250,0,,12.71,12.56,0
PO-001619,21,24,4,2026-02-17,2026-02-27,2026-02-25,250,239,0,,12.71,12.25,0
PO-001620,21,24,7,2026-02-24,2026-03-06,2026-03-04,250,250,0,,12.71,12.34,0
PO-001621,21,24,1,2026-03-10,2026-03-20,2026-03-18,250,250,0,,12.71,12.6,0
PO-001622,21,24,7,2026-03-17,2026-03-27,2026-03-25,250,250,0,,12.71,12.42,0
PO-001623,21,24,9,2026-03-24,2026-04-03,2026-04-10,250,241,0,,12.71,12.48,0
PO-001624,21,24,4,2026-03-31,2026-04-10,2026-04-09,250,250,0,,12.71,12.35,0
PO-001625,22,24,7,2025-01-07,2025-01-16,2025-01-15,965,965,0,,1.46,1.41,1
PO-001626,22,24,3,2025-01-14,2025-01-23,2025-01-22,832,832,0,,1.46,1.45,1
PO-001627,22,24,5,2025-01-21,2025-01-30,2025-01-28,562,562,0,,1.46,1.41,1
PO-001628,22,24,10,2025-01-28,2025-02-06,2025-02-06,707,707,0,,1.46,1.44,1
PO-001629,22,24,7,2025-02-04,2025-02-13,2025-02-12,747,747,0,,1.46,1.43,1
PO-001630,22,24,5,2025-02-11,2025-02-20,2025-02-19,711,711,0,,1.46,1.42,1
PO-001631,22,24,10,2025-02-18,2025-02-27,2025-02-24,757,757,0,,1.46,1.42,1
PO-001632,22,24,5,2025-02-25,2025-03-06,2025-03-05,855,827,0,,1.46,1.39,1
PO-001633,22,24,10,2025-03-04,2025-03-13,2025-03-18,816,771,0,,1.46,1.42,1
PO-001634,22,24,7,2025-03-11,2025-03-20,2025-03-19,603,603,0,,1.46,1.42,1
PO-001635,22,24,1,2025-03-18,2025-03-27,2025-03-25,848,848,0,,1.46,1.44,1
PO-001636,22,24,3,2025-03-25,2025-04-03,2025-04-04,490,490,0,,1.46,1.45,1
PO-001637,22,24,9,2025-04-01,2025-04-10,2025-04-08,477,477,0,,1.46,1.44,1
PO-001638,22,24,3,2025-04-08,2025-04-17,2025-04-17,673,673,0,,1.46,1.43,1
PO-001639,22,24,3,2025-04-15,2025-04-24,2025-04-24,654,654,0,,1.46,1.44,1
PO-001640,22,24,7,2025-04-22,2025-05-01,2025-04-30,593,593,0,,1.46,1.41,1
PO-001641,22,24,5,2025-05-06,2025-05-15,2025-05-14,585,585,0,,1.46,1.41,1
PO-001642,22,24,5,2025-05-13,2025-05-22,2025-05-21,517,517,0,,1.46,1.43,1
PO-001643,22,24,9,2025-05-20,2025-05-29,2025-05-25,939,939,0,,1.46,1.41,1
PO-001644,22,24,4,2025-05-27,2025-06-05,2025-06-05,809,809,0,,1.46,1.45,1
PO-001645,22,24,4,2025-06-03,2025-06-12,2025-06-11,927,927,0,,1.46,1.44,1
PO-001646,22,24,10,2025-06-10,2025-06-19,2025-06-16,620,620,0,,1.46,1.43,1
PO-001647,22,24,3,2025-06-17,2025-06-26,2025-06-25,394,394,0,,1.46,1.44,1
PO-001648,22,24,5,2025-07-01,2025-07-10,2025-07-09,559,559,0,,1.46,1.42,1
PO-001649,22,24,4,2025-07-08,2025-07-17,2025-07-15,570,570,0,,1.46,1.43,1
PO-001650,22,24,9,2025-07-15,2025-07-24,2025-07-23,478,478,0,,1.46,1.41,1
PO-001651,22,24,5,2025-07-22,2025-07-31,2025-07-30,457,457,0,,1.46,1.44,1
PO-001652,22,24,3,2025-07-29,2025-08-07,2025-08-05,666,666,0,,1.46,1.45,1
PO-001653,22,24,7,2025-08-05,2025-08-14,2025-08-13,594,594,0,,1.46,1.42,1
PO-001654,22,24,9,2025-08-12,2025-08-21,2025-08-26,717,717,0,,1.46,1.42,1
PO-001655,22,24,5,2025-08-19,2025-08-28,2025-08-27,720,720,0,,1.46,1.45,1
PO-001656,22,24,3,2025-08-26,2025-09-04,2025-09-02,461,461,0,,1.46,1.41,1
PO-001657,22,24,5,2025-09-02,2025-09-11,2025-09-08,839,839,0,,1.46,1.42,1
PO-001658,22,24,7,2025-09-09,2025-09-18,2025-09-17,644,644,0,,1.46,1.44,1
PO-001659,22,24,5,2025-09-16,2025-09-25,2025-09-24,774,774,0,,1.46,1.42,1
PO-001660,22,24,7,2025-09-23,2025-10-02,2025-10-29,923,923,0,,1.46,1.42,1
PO-001661,22,24,10,2025-10-07,2025-10-16,2025-10-16,693,693,0,,1.46,1.44,1
PO-001662,22,24,1,2025-10-14,2025-10-23,2025-10-22,591,591,0,,1.46,1.44,1
PO-001663,22,24,1,2025-10-21,2025-10-30,2025-10-27,682,682,0,,1.46,1.42,1
PO-001664,22,24,10,2025-10-28,2025-11-06,2025-11-06,729,729,43,Short shelf life on arrival,1.46,1.41,1
PO-001665,22,24,5,2025-11-04,2025-11-13,2025-11-13,955,955,0,,1.46,1.42,1
PO-001666,22,24,7,2025-11-11,2025-11-20,2025-11-20,576,553,0,,1.46,1.42,1
PO-001667,22,24,3,2025-11-25,2025-12-04,2025-12-03,553,553,0,,1.46,1.42,1
PO-001668,22,24,1,2025-12-02,2025-12-11,2025-12-11,563,563,0,,1.46,1.44,1
PO-001669,22,24,9,2025-12-09,2025-12-18,2025-12-15,673,673,0,,1.46,1.42,1
PO-001670,22,24,7,2025-12-16,2025-12-25,2025-12-25,587,587,0,,1.46,1.42,1
PO-001671,22,24,10,2026-01-06,2026-01-15,2026-01-14,532,532,0,,1.46,1.44,1
PO-001672,22,24,1,2026-01-13,2026-01-22,2026-01-20,595,569,0,,1.46,1.41,1
PO-001673,22,24,3,2026-01-27,2026-02-05,2026-02-02,694,694,0,,1.46,1.45,1
PO-001674,22,24,9,2026-02-03,2026-02-12,2026-02-11,964,964,0,,1.46,1.42,1
PO-001675,22,24,9,2026-02-10,2026-02-19,2026-02-19,458,458,0,,1.46,1.43,1
PO-001676,22,24,4,2026-02-17,2026-02-26,2026-02-26,456,456,0,,1.46,1.43,1
PO-001677,22,24,1,2026-02-24,2026-03-05,2026-03-03,636,636,0,,1.46,1.41,1
PO-001678,22,24,10,2026-03-03,2026-03-12,2026-03-11,426,426,0,,1.46,1.43,1
PO-001679,22,24,3,2026-03-10,2026-03-19,2026-03-23,711,711,0,,1.46,1.43,1
PO-001680,22,24,1,2026-03-24,2026-04-02,2026-04-01,956,956,96,Short shelf life on arrival,1.46,1.41,1
PO-001681,22,24,1,2026-04-07,2026-04-16,2026-04-17,604,604,0,,1.46,1.39,1
PO-001682,22,24,4,2026-04-14,2026-04-23,2026-04-21,938,938,0,,1.46,1.42,1
PO-001683,22,24,1,2026-04-21,2026-04-30,2026-04-28,841,841,0,,1.46,1.42,1
PO-001684,22,24,4,2026-05-05,2026-05-14,2026-05-19,575,575,0,,1.46,1.43,1
PO-001685,22,24,5,2026-05-12,2026-05-21,2026-05-20,574,561,0,,1.46,1.43,1
PO-001686,22,24,1,2026-05-19,2026-05-28,2026-05-26,889,889,0,,1.46,1.42,1
PO-001687,22,24,10,2026-06-02,2026-06-11,2026-06-10,891,891,0,,1.46,1.4,1
PO-001688,22,24,3,2026-06-09,2026-06-18,2026-06-17,616,616,0,,1.46,1.45,1
PO-001689,22,24,5,2026-06-16,2026-06-25,2026-06-24,644,644,0,,1.46,1.42,1
PO-001690,22,24,5,2026-06-23,2026-07-02,2026-07-01,910,910,0,,1.46,1.44,1
PO-001691,22,23,1,2025-04-01,2025-04-13,2025-04-12,604,604,0,,1.33,1.41,0
PO-001692,22,23,1,2025-06-03,2025-06-15,2025-06-13,502,502,0,,1.33,1.42,0
PO-001693,22,23,5,2025-08-26,2025-09-07,2025-09-06,500,500,0,,1.33,1.41,0
PO-001694,22,23,10,2025-09-23,2025-10-05,2025-10-04,557,557,0,,1.33,1.39,0
PO-001695,22,23,4,2025-11-18,2025-11-30,2025-11-26,536,536,0,,1.33,1.39,0
PO-001696,22,23,1,2026-01-13,2026-01-25,2026-01-25,505,505,0,,1.33,1.4,0
PO-001697,22,23,7,2026-02-03,2026-02-15,2026-02-14,595,595,0,,1.33,1.4,0
PO-001698,22,23,7,2026-03-24,2026-04-05,2026-04-05,500,500,0,,1.33,1.39,0
PO-001699,23,5,7,2025-01-28,2025-02-25,2025-02-19,48,48,0,,7.12,7.19,1
PO-001700,23,5,5,2025-02-04,2025-03-04,2025-03-02,83,83,0,,7.12,7.28,1
PO-001701,23,5,1,2025-02-11,2025-03-11,2025-02-28,106,106,0,,7.12,7.07,1
PO-001702,23,5,5,2025-02-18,2025-03-18,2025-03-14,80,76,4,Short shelf life on arrival,7.12,7.0,1
PO-001703,23,5,1,2025-02-25,2025-03-25,2025-03-20,65,65,0,,7.12,7.18,1
PO-001704,23,5,7,2025-03-25,2025-04-22,2025-04-22,82,82,0,,7.12,6.98,1
PO-001705,23,5,7,2025-04-01,2025-04-29,2025-04-30,59,59,0,,7.12,7.1,1
PO-001706,23,5,5,2025-04-15,2025-05-13,2025-05-02,71,71,4,Documentation incomplete,7.12,7.04,1
PO-001707,23,5,6,2025-04-22,2025-05-20,2025-05-18,110,110,0,,7.12,7.07,1
PO-001708,23,5,6,2025-04-29,2025-05-27,2025-05-23,72,72,0,,7.12,7.01,1
PO-001709,23,5,5,2025-05-13,2025-06-10,2025-06-06,74,74,0,,7.12,7.07,1
PO-001710,23,5,4,2025-05-20,2025-06-17,2025-06-08,81,81,0,,7.12,7.15,1
PO-001711,23,5,4,2025-06-10,2025-07-08,2025-07-05,78,78,0,,7.12,7.07,1
PO-001712,23,5,10,2025-06-24,2025-07-22,2025-07-14,74,72,0,,7.12,7.06,1
PO-001713,23,5,7,2025-07-08,2025-08-05,2025-08-07,102,102,5,Temperature excursion in transit,7.12,7.19,1
PO-001714,23,5,4,2025-07-22,2025-08-19,2025-08-13,69,69,0,,7.12,7.15,1
PO-001715,23,5,4,2025-08-12,2025-09-09,2025-09-15,104,104,0,,7.12,7.01,1
PO-001716,23,5,4,2025-08-19,2025-09-16,2025-09-15,104,104,0,,7.12,7.16,1
PO-001717,23,5,1,2025-09-02,2025-09-30,2025-09-29,90,90,0,,7.12,7.1,1
PO-001718,23,5,4,2025-09-16,2025-10-14,2025-10-09,84,79,0,,7.12,7.1,1
PO-001719,23,5,10,2025-09-23,2025-10-21,2025-10-16,65,65,0,,7.12,7.03,1
PO-001720,23,5,2,2025-09-30,2025-10-28,2025-10-31,76,76,0,,7.12,7.12,1
PO-001721,23,5,2,2025-10-07,2025-11-04,2025-10-22,120,120,0,,7.12,7.1,1
PO-001722,23,5,5,2025-10-21,2025-11-18,2025-11-11,82,82,0,,7.12,7.05,1
PO-001723,23,5,6,2025-10-28,2025-11-25,2025-11-18,54,54,0,,7.12,7.16,1
PO-001724,23,5,6,2025-11-04,2025-12-02,2025-11-30,60,60,0,,7.12,7.14,1
PO-001725,23,5,2,2025-11-11,2025-12-09,2025-12-09,98,92,0,,7.12,7.06,1
PO-001726,23,5,7,2025-11-18,2025-12-16,2025-12-11,65,65,0,,7.12,7.18,1
PO-001727,23,5,10,2025-12-02,2025-12-30,2025-12-23,43,43,0,,7.12,7.12,1
PO-001728,23,5,6,2025-12-09,2026-01-06,2026-01-03,40,40,0,,7.12,7.18,1
PO-001729,23,5,5,2025-12-16,2026-01-13,2026-01-04,83,83,0,,7.12,7.07,1
PO-001730,23,5,4,2025-12-23,2026-01-20,2026-01-15,44,44,0,,7.12,7.2,1
PO-001731,23,5,8,2026-01-06,2026-02-03,2026-01-29,45,45,0,,7.12,7.13,1
PO-001732,23,5,10,2026-02-10,2026-03-10,2026-03-09,69,69,0,,7.12,7.18,1
PO-001733,23,5,5,2026-02-24,2026-03-24,2026-03-15,75,75,0,,7.12,7.2,1
PO-001734,23,5,2,2026-03-03,2026-03-31,2026-03-28,72,72,0,,7.12,7.05,1
PO-001735,23,5,6,2026-03-10,2026-04-07,2026-04-05,112,112,0,,7.12,7.23,1
PO-001736,23,5,7,2026-03-24,2026-04-21,2026-04-15,97,97,3,Damaged packaging,7.12,7.15,1
PO-001737,23,5,1,2026-03-31,2026-04-28,2026-04-20,58,58,2,Temperature excursion in transit,7.12,7.18,1
PO-001738,23,5,1,2026-04-07,2026-05-05,2026-04-21,115,115,0,,7.12,7.07,1
PO-001739,23,5,6,2026-04-14,2026-05-12,2026-05-03,78,78,0,,7.12,7.05,1
PO-001740,23,5,4,2026-04-21,2026-05-19,2026-05-13,86,86,0,,7.12,7.13,1
PO-001741,23,5,8,2026-05-05,2026-06-02,2026-05-19,74,74,2,Failed spec check,7.12,7.23,1
PO-001742,23,5,6,2026-05-12,2026-06-09,2026-06-02,128,128,0,,7.12,7.14,1
PO-001743,23,5,7,2026-05-19,2026-06-16,2026-06-12,70,70,0,,7.12,7.15,1
PO-001744,23,5,8,2026-06-23,2026-07-21,2026-07-17,107,107,4,Damaged packaging,7.12,7.05,1
PO-001745,23,5,5,2026-06-30,2026-07-28,2026-07-24,70,70,0,,7.12,7.18,1
PO-001746,23,1,5,2025-01-14,2025-01-30,2025-01-28,94,94,0,,6.66,6.73,0
PO-001747,23,1,4,2025-01-28,2025-02-13,2025-02-11,81,81,0,,6.66,6.75,0
PO-001748,23,1,2,2025-02-04,2025-02-20,2025-02-22,69,69,0,,6.66,6.75,0
PO-001749,23,1,10,2025-03-04,2025-03-20,2025-03-18,57,55,0,,6.66,6.51,0
PO-001750,23,1,1,2025-03-18,2025-04-03,2025-03-30,62,62,0,,6.66,6.66,0
PO-001751,23,1,7,2025-03-25,2025-04-10,2025-04-05,92,92,0,,6.66,6.87,0
PO-001752,23,1,10,2025-04-01,2025-04-17,2025-04-16,95,95,0,,6.66,6.64,0
PO-001753,23,1,2,2025-04-29,2025-05-15,2025-05-16,77,77,0,,6.66,6.72,0
PO-001754,23,1,4,2025-05-20,2025-06-05,2025-06-04,71,71,0,,6.66,6.7,0
PO-001755,23,1,2,2025-06-10,2025-06-26,2025-07-02,66,66,0,,6.66,6.71,0
PO-001756,23,1,8,2025-06-17,2025-07-03,2025-06-28,57,57,0,,6.66,6.55,0
PO-001757,23,1,1,2025-07-08,2025-07-24,2025-07-24,64,64,0,,6.66,6.7,0
PO-001758,23,1,1,2025-07-22,2025-08-07,2025-08-13,57,57,0,,6.66,6.66,0
PO-001759,23,1,5,2025-08-05,2025-08-21,2025-08-16,77,77,0,,6.66,6.68,0
PO-001760,23,1,8,2025-08-26,2025-09-11,2025-09-09,78,78,0,,6.66,6.76,0
PO-001761,23,1,4,2025-09-02,2025-09-18,2025-09-15,78,78,0,,6.66,6.64,0
PO-001762,23,1,1,2025-09-16,2025-10-02,2025-10-01,89,89,0,,6.66,6.76,0
PO-001763,23,1,8,2025-09-23,2025-10-09,2025-10-07,110,107,0,,6.66,6.63,0
PO-001764,23,1,6,2025-10-21,2025-11-06,2025-11-05,50,50,0,,6.66,6.72,0
PO-001765,23,1,1,2025-11-04,2025-11-20,2025-11-15,81,78,0,,6.66,6.75,0
PO-001766,23,1,4,2025-11-18,2025-12-04,2025-12-01,87,87,0,,6.66,6.74,0
PO-001767,23,1,1,2025-11-25,2025-12-11,2025-12-20,63,63,0,,6.66,6.61,0
PO-001768,23,1,5,2026-02-03,2026-02-19,2026-02-18,54,54,0,,6.66,6.7,0
PO-001769,23,1,6,2026-02-24,2026-03-12,2026-03-08,88,88,0,,6.66,6.73,0
PO-001770,23,1,6,2026-03-03,2026-03-19,2026-03-26,85,85,0,,6.66,6.63,0
PO-001771,23,1,4,2026-04-07,2026-04-23,2026-04-21,83,83,0,,6.66,6.83,0
PO-001772,23,1,4,2026-04-28,2026-05-14,2026-05-25,75,75,0,,6.66,6.63,0
PO-001773,23,1,8,2026-06-16,2026-07-02,2026-06-30,106,106,0,,6.66,6.72,0
PO-001774,23,1,2,2026-06-23,2026-07-09,2026-07-03,50,50,0,,6.66,6.64,0
PO-001775,24,16,10,2025-01-14,2025-02-14,2025-02-14,50,50,0,,14.89,14.68,1
PO-001776,24,16,10,2025-03-04,2025-04-04,2025-03-25,53,53,0,,14.89,14.44,1
PO-001777,24,16,1,2025-03-11,2025-04-11,2025-04-11,50,50,2,Temperature excursion in transit,14.89,14.59,1
PO-001778,24,16,1,2025-04-29,2025-05-30,2025-05-28,50,50,0,,14.89,14.29,1
PO-001779,24,16,6,2025-05-06,2025-06-06,2025-06-05,50,50,0,,14.89,14.29,1
PO-001780,24,16,10,2025-05-20,2025-06-20,2025-06-16,50,50,0,,14.89,14.45,1
PO-001781,24,16,5,2025-05-27,2025-06-27,2025-06-23,63,63,0,,14.89,14.66,1
PO-001782,24,16,2,2025-06-03,2025-07-04,2025-06-28,66,66,0,,14.89,14.47,1
PO-001783,24,16,6,2025-06-10,2025-07-11,2025-07-08,50,50,0,,14.89,14.35,1
PO-001784,24,16,8,2025-07-01,2025-08-01,2025-07-29,50,50,0,,14.89,14.63,1
PO-001785,24,16,4,2025-07-08,2025-08-08,2025-07-31,62,62,0,,14.89,14.19,1
PO-001786,24,16,1,2025-07-29,2025-08-29,2025-08-14,50,50,0,,14.89,14.41,1
PO-001787,24,16,2,2025-08-05,2025-09-05,2025-08-29,55,55,0,,14.89,14.33,1
PO-001788,24,16,2,2025-08-12,2025-09-12,2025-09-06,50,50,0,,14.89,14.39,1
PO-001789,24,16,8,2025-08-19,2025-09-19,2025-09-14,50,50,0,,14.89,14.39,1
PO-001790,24,16,5,2025-08-26,2025-09-26,2025-09-24,50,50,0,,14.89,14.59,1
PO-001791,24,16,8,2025-09-09,2025-10-10,2025-09-12,67,67,8,Temperature excursion in transit,14.89,14.47,1
PO-001792,24,16,6,2025-09-23,2025-10-24,2025-10-19,50,50,0,,14.89,14.58,1
PO-001793,24,16,7,2025-09-30,2025-10-31,2025-10-20,59,59,0,,14.89,14.31,1
PO-001794,24,16,6,2025-10-28,2025-11-28,2025-11-22,50,50,0,,14.89,14.47,1
PO-001795,24,16,4,2025-11-25,2025-12-26,2025-12-14,60,60,0,,14.89,14.74,1
PO-001796,24,16,2,2025-12-02,2026-01-02,2025-12-26,50,50,0,,14.89,14.3,1
PO-001797,24,16,5,2025-12-16,2026-01-16,2026-01-13,54,54,0,,14.89,14.65,1
PO-001798,24,16,10,2026-01-06,2026-02-06,2026-02-18,53,53,0,,14.89,14.53,1
PO-001799,24,16,10,2026-01-13,2026-02-13,2026-02-12,50,50,0,,14.89,14.47,1
PO-001800,24,16,4,2026-02-10,2026-03-13,2026-03-08,50,50,0,,14.89,14.4,1
PO-001801,24,16,2,2026-02-17,2026-03-20,2026-03-15,76,76,0,,14.89,14.59,1
PO-001802,24,16,8,2026-02-24,2026-03-27,2026-03-25,62,62,0,,14.89,14.55,1
PO-001803,24,16,2,2026-03-03,2026-04-03,2026-04-02,50,50,0,,14.89,14.52,1
PO-001804,24,16,6,2026-03-17,2026-04-17,2026-04-13,52,52,0,,14.89,14.55,1
PO-001805,24,16,7,2026-03-31,2026-05-01,2026-04-30,50,50,0,,14.89,14.67,1
PO-001806,24,16,4,2026-04-21,2026-05-22,2026-05-12,50,50,0,,14.89,14.52,1
PO-001807,24,16,1,2026-04-28,2026-05-29,2026-05-27,50,50,0,,14.89,14.42,1
PO-001808,24,16,4,2026-05-12,2026-06-12,2026-06-03,50,50,4,Temperature excursion in transit,14.89,14.75,1
PO-001809,24,16,8,2026-05-19,2026-06-19,2026-06-16,50,50,0,,14.89,14.44,1
PO-001810,24,16,8,2026-05-26,2026-06-26,2026-06-24,50,50,0,,14.89,14.59,1
PO-001811,24,16,8,2026-06-16,2026-07-17,2026-07-10,65,65,0,,14.89,14.69,1
PO-001812,24,16,6,2026-06-30,2026-07-31,2026-07-13,50,50,0,,14.89,14.36,1
PO-001813,24,23,7,2025-01-07,2025-01-17,2025-01-16,50,50,0,,19.52,20.82,0
PO-001814,24,23,8,2025-01-14,2025-01-24,2025-01-24,50,50,0,,19.52,21.07,0
PO-001815,24,23,5,2025-01-21,2025-01-31,2025-01-31,50,50,0,,19.52,20.82,0
PO-001816,24,23,5,2025-02-18,2025-02-28,2025-02-28,50,50,0,,19.52,21.0,0
PO-001817,24,23,2,2025-02-25,2025-03-07,2025-03-06,55,55,0,,19.52,20.75,0
PO-001818,24,23,10,2025-03-04,2025-03-14,2025-03-16,50,41,0,,19.52,20.89,0
PO-001819,24,23,7,2025-03-11,2025-03-21,2025-03-20,50,50,0,,19.52,20.95,0
PO-001820,24,23,5,2025-04-01,2025-04-11,2025-04-11,50,50,0,,19.52,20.8,0
PO-001821,24,23,1,2025-04-08,2025-04-18,2025-04-16,64,64,0,,19.52,20.81,0
PO-001822,24,23,1,2025-05-06,2025-05-16,2025-05-16,50,50,0,,19.52,20.87,0
PO-001823,24,23,6,2025-05-13,2025-05-23,2025-05-22,58,58,0,,19.52,20.8,0
PO-001824,24,23,2,2025-06-03,2025-06-13,2025-06-12,50,50,0,,19.52,20.71,0
PO-001825,24,23,7,2025-07-08,2025-07-18,2025-07-18,50,50,0,,19.52,20.99,0
PO-001826,24,23,10,2025-07-15,2025-07-25,2025-07-23,50,50,0,,19.52,20.91,0
PO-001827,24,23,1,2025-07-29,2025-08-08,2025-08-07,50,50,0,,19.52,20.7,0
PO-001828,24,23,2,2025-09-09,2025-09-19,2025-09-19,59,59,0,,19.52,21.08,0
PO-001829,24,23,1,2025-09-16,2025-09-26,2025-09-26,55,55,0,,19.52,20.59,0
PO-001830,24,23,5,2025-09-23,2025-10-03,2025-10-02,50,50,0,,19.52,20.84,0
PO-001831,24,23,7,2025-09-30,2025-10-10,2025-10-08,59,59,0,,19.52,20.85,0
PO-001832,24,23,4,2025-10-07,2025-10-17,2025-10-17,50,50,0,,19.52,20.91,0
PO-001833,24,23,5,2025-10-14,2025-10-24,2025-10-23,50,50,0,,19.52,21.06,0
PO-001834,24,23,2,2025-10-21,2025-10-31,2025-10-31,50,50,0,,19.52,20.87,0
PO-001835,24,23,5,2025-10-28,2025-11-07,2025-11-06,50,50,0,,19.52,21.19,0
PO-001836,24,23,10,2025-11-18,2025-11-28,2025-11-28,57,57,0,,19.52,20.71,0
PO-001837,24,23,10,2025-11-25,2025-12-05,2025-12-05,50,50,0,,19.52,20.49,0
PO-001838,24,23,4,2025-12-02,2025-12-12,2025-12-11,50,41,0,,19.52,20.66,0
PO-001839,24,23,10,2025-12-09,2025-12-19,2025-12-18,52,52,0,,19.52,20.98,0
PO-001840,24,23,6,2025-12-23,2026-01-02,2025-12-31,52,52,0,,19.52,21.14,0
PO-001841,24,23,4,2025-12-30,2026-01-09,2026-01-08,50,50,0,,19.52,20.84,0
PO-001842,24,23,10,2026-01-06,2026-01-16,2026-01-15,50,50,0,,19.52,21.01,0
PO-001843,24,23,6,2026-02-17,2026-02-27,2026-02-25,50,50,0,,19.52,20.93,0
PO-001844,24,23,7,2026-02-24,2026-03-06,2026-03-06,50,50,0,,19.52,20.91,0
PO-001845,24,23,2,2026-03-10,2026-03-20,2026-03-19,50,50,0,,19.52,20.96,0
PO-001846,24,23,2,2026-03-17,2026-03-27,2026-03-27,50,50,0,,19.52,20.85,0
PO-001847,24,23,5,2026-03-31,2026-04-10,2026-04-09,50,50,0,,19.52,21.12,0
PO-001848,24,23,7,2026-04-07,2026-04-17,2026-04-16,51,51,0,,19.52,20.89,0
PO-001849,24,23,4,2026-04-14,2026-04-24,2026-04-23,51,51,0,,19.52,20.84,0
PO-001850,24,23,8,2026-04-21,2026-05-01,2026-04-30,55,55,0,,19.52,20.52,0
PO-001851,24,23,5,2026-05-26,2026-06-05,2026-06-04,57,57,0,,19.52,21.03,0
PO-001852,24,23,2,2026-06-16,2026-06-26,2026-06-26,50,45,0,,19.52,20.49,0
PO-001853,24,12,7,2025-08-26,2025-09-06,2025-09-04,116,116,0,,18.54,17.74,0
PO-001854,24,12,8,2026-05-05,2026-05-16,2026-05-14,119,119,0,,18.54,17.75,0
PO-001855,25,6,7,2025-01-14,2025-01-22,2025-01-20,500,500,0,,7.1,6.94,0
PO-001856,25,6,10,2025-01-21,2025-01-29,2025-01-28,500,500,0,,7.1,6.92,0
PO-001857,25,6,4,2025-01-28,2025-02-05,2025-02-05,500,500,0,,7.1,6.93,0
PO-001858,25,6,5,2025-02-04,2025-02-12,2025-02-10,500,500,0,,7.1,6.96,0
PO-001859,25,6,9,2025-02-11,2025-02-19,2025-02-18,500,500,0,,7.1,7.06,0
PO-001860,25,6,4,2025-02-25,2025-03-05,2025-03-14,500,500,0,,7.1,6.86,0
PO-001861,25,6,3,2025-03-04,2025-03-12,2025-03-11,500,500,0,,7.1,7.01,0
PO-001862,25,6,10,2025-04-08,2025-04-16,2025-04-16,500,500,0,,7.1,6.87,0
PO-001863,25,6,1,2025-04-15,2025-04-23,2025-04-22,500,500,0,,7.1,6.79,0
PO-001864,25,6,3,2025-05-06,2025-05-14,2025-05-12,500,500,0,,7.1,6.99,0
PO-001865,25,6,1,2025-07-08,2025-07-16,2025-07-15,500,500,0,,7.1,6.87,0
PO-001866,25,6,3,2025-08-05,2025-08-13,2025-08-12,500,500,0,,7.1,6.86,0
PO-001867,25,6,1,2025-08-26,2025-09-03,2025-09-02,500,500,0,,7.1,6.85,0
PO-001868,25,6,10,2025-09-09,2025-09-17,2025-09-16,500,500,0,,7.1,6.88,0
PO-001869,25,6,7,2025-09-16,2025-09-24,2025-09-23,500,500,0,,7.1,6.9,0
PO-001870,25,6,5,2025-10-07,2025-10-15,2025-10-13,500,500,0,,7.1,6.89,0
PO-001871,25,6,4,2025-12-09,2025-12-17,2025-12-16,500,500,0,,7.1,6.85,0
PO-001872,25,6,3,2026-01-06,2026-01-14,2026-01-12,500,500,0,,7.1,6.96,0
PO-001873,25,6,9,2026-02-17,2026-02-25,2026-02-25,500,500,0,,7.1,6.94,0
PO-001874,25,6,10,2026-03-03,2026-03-11,2026-03-08,500,500,0,,7.1,6.96,0
PO-001875,25,6,3,2026-03-17,2026-03-25,2026-03-24,500,500,0,,7.1,6.89,0
PO-001876,25,6,1,2026-03-24,2026-04-01,2026-03-29,500,500,0,,7.1,6.97,0
PO-001877,25,6,4,2026-04-28,2026-05-06,2026-05-05,500,500,0,,7.1,6.83,0
PO-001878,25,6,10,2026-05-05,2026-05-13,2026-05-11,500,500,0,,7.1,6.86,0
PO-001879,25,6,10,2026-05-12,2026-05-20,2026-05-18,500,500,0,,7.1,6.97,0
PO-001880,25,6,3,2026-06-09,2026-06-17,2026-06-18,500,500,0,,7.1,7.05,0
PO-001881,25,6,4,2026-06-16,2026-06-24,2026-06-22,500,500,0,,7.1,6.91,0
PO-001882,25,3,9,2025-01-07,2025-01-19,2025-01-18,66,66,0,,6.67,6.89,1
PO-001883,25,3,10,2025-01-21,2025-02-02,2025-02-01,50,50,0,,6.67,6.85,1
PO-001884,25,3,7,2025-01-28,2025-02-09,2025-02-09,58,58,0,,6.67,6.79,1
PO-001885,25,3,3,2025-02-11,2025-02-23,2025-02-23,71,71,0,,6.67,6.81,1
PO-001886,25,3,9,2025-02-18,2025-03-02,2025-03-02,57,57,0,,6.67,6.85,1
PO-001887,25,3,3,2025-02-25,2025-03-09,2025-03-09,41,41,0,,6.67,6.82,1
PO-001888,25,3,4,2025-03-04,2025-03-16,2025-03-14,70,70,0,,6.67,6.71,1
PO-001889,25,3,9,2025-03-18,2025-03-30,2025-03-29,91,91,0,,6.67,6.79,1
PO-001890,25,3,10,2025-03-25,2025-04-06,2025-04-05,54,54,0,,6.67,6.81,1
PO-001891,25,3,4,2025-04-01,2025-04-13,2025-04-13,71,71,0,,6.67,6.87,1
PO-001892,25,3,10,2025-04-22,2025-05-04,2025-05-03,48,48,0,,6.67,6.8,1
PO-001893,25,3,10,2025-05-06,2025-05-18,2025-05-17,74,74,0,,6.67,6.83,1
PO-001894,25,3,7,2025-05-13,2025-05-25,2025-05-24,75,75,0,,6.67,6.7,1
PO-001895,25,3,7,2025-05-20,2025-06-01,2025-06-01,65,65,0,,6.67,6.85,1
PO-001896,25,3,5,2025-05-27,2025-06-08,2025-06-08,38,38,0,,6.67,6.87,1
PO-001897,25,3,3,2025-06-10,2025-06-22,2025-06-21,54,54,0,,6.67,6.78,1
PO-001898,25,3,9,2025-06-17,2025-06-29,2025-06-28,76,76,0,,6.67,6.77,1
PO-001899,25,3,5,2025-06-24,2025-07-06,2025-07-06,57,57,0,,6.67,6.92,1
PO-001900,25,3,3,2025-07-01,2025-07-13,2025-07-12,82,82,0,,6.67,6.88,1
PO-001901,25,3,4,2025-07-08,2025-07-20,2025-07-19,35,35,0,,6.67,6.8,1
PO-001902,25,3,5,2025-07-15,2025-07-27,2025-07-26,45,45,0,,6.67,6.75,1
PO-001903,25,3,3,2025-07-22,2025-08-03,2025-08-02,59,59,0,,6.67,6.81,1
PO-001904,25,3,4,2025-08-12,2025-08-24,2025-08-23,42,42,0,,6.67,6.89,1
PO-001905,25,3,9,2025-08-19,2025-08-31,2025-08-31,53,53,0,,6.67,6.76,1
PO-001906,25,3,1,2025-08-26,2025-09-07,2025-09-06,94,94,0,,6.67,6.84,1
PO-001907,25,3,3,2025-09-02,2025-09-14,2025-09-14,51,51,0,,6.67,6.88,1
PO-001908,25,3,5,2025-09-09,2025-09-21,2025-09-20,58,58,0,,6.67,6.73,1
PO-001909,25,3,4,2025-09-16,2025-09-28,2025-09-27,80,80,0,,6.67,6.97,1
PO-001910,25,3,1,2025-09-23,2025-10-05,2025-10-05,74,74,0,,6.67,6.75,1
PO-001911,25,3,4,2025-09-30,2025-10-12,2025-10-10,55,55,0,,6.67,6.77,1
PO-001912,25,3,5,2025-10-07,2025-10-19,2025-10-19,50,50,0,,6.67,6.8,1
PO-001913,25,3,7,2025-10-14,2025-10-26,2025-10-26,58,58,0,,6.67,6.79,1
PO-001914,25,3,5,2025-10-21,2025-11-02,2025-11-01,63,63,0,,6.67,6.93,1
PO-001915,25,3,5,2025-11-11,2025-11-23,2025-11-22,47,47,0,,6.67,6.87,1
PO-001916,25,3,4,2025-12-02,2025-12-14,2025-12-13,51,51,0,,6.67,6.86,1
PO-001917,25,3,4,2025-12-09,2025-12-21,2025-12-21,54,54,0,,6.67,6.93,1
PO-001918,25,3,4,2025-12-16,2025-12-28,2025-12-28,64,64,0,,6.67,6.83,1
PO-001919,25,3,3,2025-12-30,2026-01-11,2026-01-11,32,32,0,,6.67,6.77,1
PO-001920,25,3,10,2026-01-13,2026-01-25,2026-01-24,60,60,0,,6.67,6.8,1
PO-001921,25,3,10,2026-01-27,2026-02-08,2026-02-06,54,54,0,,6.67,6.84,1
PO-001922,25,3,7,2026-02-03,2026-02-15,2026-02-14,51,51,0,,6.67,6.72,1
PO-001923,25,3,5,2026-02-10,2026-02-22,2026-02-22,48,48,0,,6.67,6.66,1
PO-001924,25,3,10,2026-02-17,2026-03-01,2026-02-28,63,63,0,,6.67,6.79,1
PO-001925,25,3,5,2026-03-03,2026-03-15,2026-03-15,63,63,0,,6.67,6.79,1
PO-001926,25,3,3,2026-03-10,2026-03-22,2026-03-21,60,60,0,,6.67,6.79,1
PO-001927,25,3,10,2026-03-31,2026-04-12,2026-04-11,49,49,0,,6.67,6.79,1
PO-001928,25,3,9,2026-04-14,2026-04-26,2026-04-26,57,57,0,,6.67,6.81,1
PO-001929,25,3,5,2026-04-28,2026-05-10,2026-05-09,69,69,0,,6.67,6.96,1
PO-001930,25,3,7,2026-05-12,2026-05-24,2026-05-23,49,49,0,,6.67,6.78,1
PO-001931,25,3,1,2026-05-19,2026-05-31,2026-05-30,38,38,0,,6.67,6.84,1
PO-001932,25,3,10,2026-05-26,2026-06-07,2026-06-07,68,68,0,,6.67,6.83,1
PO-001933,25,3,4,2026-06-16,2026-06-28,2026-06-27,79,79,0,,6.67,6.9,1
PO-001934,25,3,4,2026-06-23,2026-07-05,2026-07-04,42,38,0,,6.67,6.91,1
PO-001935,25,3,9,2026-06-30,2026-07-12,2026-07-11,87,87,0,,6.67,6.91,1
PO-001936,26,14,4,2025-01-07,2025-02-08,2025-02-05,500,500,15,Documentation incomplete,3.9,4.14,1
PO-001937,26,14,5,2025-01-14,2025-02-15,2025-02-01,500,476,17,Damaged packaging,3.9,4.13,1
PO-001938,26,14,6,2025-01-21,2025-02-22,2025-02-06,500,479,0,,3.9,4.11,1
PO-001939,26,14,1,2025-01-28,2025-03-01,2025-03-01,500,500,19,Documentation incomplete,3.9,4.06,1
PO-001940,26,14,5,2025-02-04,2025-03-08,2025-03-07,500,500,0,,3.9,4.12,1
PO-001941,26,14,10,2025-02-11,2025-03-15,2025-03-17,500,500,0,,3.9,4.11,1
PO-001942,26,14,2,2025-02-18,2025-03-22,2025-03-22,500,500,0,,3.9,4.12,1
PO-001943,26,14,6,2025-02-25,2025-03-29,2025-03-30,500,484,0,,3.9,4.1,1
PO-001944,26,14,5,2025-03-04,2025-04-05,2025-04-03,500,500,16,Documentation incomplete,3.9,4.14,1
PO-001945,26,14,8,2025-03-11,2025-04-12,2025-04-03,500,500,0,,3.9,4.12,1
PO-001946,26,14,8,2025-03-18,2025-04-19,2025-05-04,500,483,0,,3.9,4.0,1
PO-001947,26,14,5,2025-03-25,2025-04-26,2025-04-27,500,500,0,,3.9,4.09,1
PO-001948,26,14,7,2025-04-01,2025-05-03,2025-05-02,500,500,20,Failed spec check,3.9,4.01,1
PO-001949,26,14,6,2025-04-08,2025-05-10,2025-04-21,500,500,0,,3.9,4.08,1
PO-001950,26,14,1,2025-04-15,2025-05-17,2025-05-14,500,500,0,,3.9,4.11,1
PO-001951,26,14,10,2025-04-22,2025-05-24,2025-05-21,500,477,0,,3.9,4.1,1
PO-001952,26,14,6,2025-04-29,2025-05-31,2025-05-15,500,500,0,,3.9,4.07,1
PO-001953,26,14,7,2025-05-06,2025-06-07,2025-05-30,500,500,0,,3.9,4.12,1
PO-001954,26,14,6,2025-05-13,2025-06-14,2025-05-26,500,500,0,,3.9,4.09,1
PO-001955,26,14,6,2025-05-20,2025-06-21,2025-06-21,500,500,0,,3.9,4.08,1
PO-001956,26,14,6,2025-05-27,2025-06-28,2025-06-20,500,500,0,,3.9,4.07,1
PO-001957,26,14,7,2025-06-03,2025-07-05,2025-06-25,500,500,0,,3.9,4.07,1
PO-001958,26,14,5,2025-06-10,2025-07-12,2025-07-03,500,500,0,,3.9,4.05,1
PO-001959,26,14,8,2025-06-17,2025-07-19,2025-07-11,500,500,0,,3.9,4.09,1
PO-001960,26,14,10,2025-06-24,2025-07-26,2025-07-16,500,500,0,,3.9,4.1,1
PO-001961,26,14,6,2025-07-01,2025-08-02,2025-07-19,500,500,0,,3.9,4.04,1
PO-001962,26,14,5,2025-07-08,2025-08-09,2025-08-04,500,500,0,,3.9,4.12,1
PO-001963,26,14,2,2025-07-15,2025-08-16,2025-08-09,500,500,0,,3.9,4.12,1
PO-001964,26,14,4,2025-07-22,2025-08-23,2025-08-17,500,500,0,,3.9,4.11,1
PO-001965,26,14,1,2025-07-29,2025-08-30,2025-09-12,500,500,0,,3.9,4.16,1
PO-001966,26,14,10,2025-08-05,2025-09-06,2025-08-25,500,500,0,,3.9,4.1,1
PO-001967,26,14,7,2025-08-12,2025-09-13,2025-09-02,500,500,0,,3.9,4.13,1
PO-001968,26,14,5,2025-08-19,2025-09-20,2025-09-14,500,500,0,,3.9,4.17,1
PO-001969,26,14,5,2025-08-26,2025-09-27,2025-09-18,500,500,0,,3.9,4.07,1
PO-001970,26,14,2,2025-09-02,2025-10-04,2025-09-26,500,500,0,,3.9,4.14,1
PO-001971,26,14,2,2025-09-09,2025-10-11,2025-10-07,500,500,0,,3.9,4.1,1
PO-001972,26,14,5,2025-09-16,2025-10-18,2025-10-16,500,500,0,,3.9,4.15,1
PO-001973,26,14,7,2025-09-23,2025-10-25,2025-10-17,500,500,18,Temperature excursion in transit,3.9,4.07,1
PO-001974,26,14,5,2025-09-30,2025-11-01,2025-10-17,500,484,0,,3.9,4.05,1
PO-001975,26,14,7,2025-10-07,2025-11-08,2025-11-09,500,500,0,,3.9,4.05,1
PO-001976,26,14,1,2025-10-14,2025-11-15,2025-11-15,500,500,0,,3.9,4.14,1
PO-001977,26,14,5,2025-10-21,2025-11-22,2025-11-21,500,500,0,,3.9,4.06,1
PO-001978,26,14,2,2025-10-28,2025-11-29,2025-11-19,500,500,19,Short shelf life on arrival,3.9,4.15,1
PO-001979,26,14,10,2025-11-04,2025-12-06,2025-12-06,500,500,0,,3.9,4.03,1
PO-001980,26,14,7,2025-11-11,2025-12-13,2025-12-03,500,500,0,,3.9,4.07,1
PO-001981,26,14,4,2025-11-18,2025-12-20,2025-12-07,500,500,0,,3.9,4.06,1
PO-001982,26,14,2,2025-11-25,2025-12-27,2025-12-18,500,500,0,,3.9,4.1,1
PO-001983,26,14,8,2025-12-02,2026-01-03,2026-01-17,500,500,0,,3.9,4.09,1
PO-001984,26,14,7,2025-12-09,2026-01-10,2026-01-08,500,500,0,,3.9,4.1,1
PO-001985,26,14,4,2025-12-16,2026-01-17,2026-01-19,500,500,0,,3.9,4.09,1
PO-001986,26,14,5,2025-12-23,2026-01-24,2026-01-08,500,500,0,,3.9,4.09,1
PO-001987,26,14,6,2025-12-30,2026-01-31,2026-01-23,500,500,0,,3.9,4.1,1
PO-001988,26,14,10,2026-01-06,2026-02-07,2026-01-20,500,500,0,,3.9,4.16,1
PO-001989,26,14,6,2026-01-13,2026-02-14,2026-02-12,500,500,0,,3.9,4.15,1
PO-001990,26,14,4,2026-01-20,2026-02-21,2026-02-25,500,500,0,,3.9,4.07,1
PO-001991,26,14,5,2026-01-27,2026-02-28,2026-02-16,500,500,0,,3.9,4.14,1
PO-001992,26,14,5,2026-02-03,2026-03-07,2026-02-27,500,500,0,,3.9,4.1,1
PO-001993,26,14,10,2026-02-10,2026-03-14,2026-03-12,500,500,0,,3.9,4.05,1
PO-001994,26,14,5,2026-02-17,2026-03-21,2026-03-19,500,500,0,,3.9,4.16,1
PO-001995,26,14,4,2026-02-24,2026-03-28,2026-03-19,500,500,0,,3.9,4.07,1
PO-001996,26,14,1,2026-03-03,2026-04-04,2026-04-09,500,500,0,,3.9,4.12,1
PO-001997,26,14,6,2026-03-10,2026-04-11,2026-04-03,500,500,0,,3.9,4.12,1
PO-001998,26,14,1,2026-03-17,2026-04-18,2026-04-12,500,500,0,,3.9,4.14,1
PO-001999,26,14,7,2026-03-24,2026-04-25,2026-04-18,500,500,15,Damaged packaging,3.9,4.13,1
PO-002000,26,14,1,2026-03-31,2026-05-02,2026-05-01,500,486,0,,3.9,4.05,1
PO-002001,26,14,6,2026-04-07,2026-05-09,2026-05-05,500,500,0,,3.9,4.04,1
PO-002002,26,14,7,2026-04-14,2026-05-16,2026-05-12,500,500,18,Damaged packaging,3.9,4.14,1
PO-002003,26,14,1,2026-04-21,2026-05-23,2026-05-04,500,500,0,,3.9,4.12,1
PO-002004,26,14,4,2026-04-28,2026-05-30,2026-06-02,500,500,0,,3.9,4.16,1
PO-002005,26,14,4,2026-05-05,2026-06-06,2026-06-02,500,500,0,,3.9,4.07,1
PO-002006,26,14,7,2026-05-12,2026-06-13,2026-06-07,500,500,0,,3.9,4.11,1
PO-002007,26,14,1,2026-05-19,2026-06-20,2026-06-19,500,500,0,,3.9,4.04,1
PO-002008,26,14,1,2026-05-26,2026-06-27,2026-06-27,500,500,0,,3.9,4.15,1
PO-002009,26,14,8,2026-06-02,2026-07-04,2026-06-29,500,500,0,,3.9,4.18,1
PO-002010,26,14,4,2026-06-09,2026-07-11,2026-07-14,500,487,0,,3.9,4.13,1
PO-002011,26,14,1,2026-06-16,2026-07-18,2026-07-16,500,500,0,,3.9,4.13,1
PO-002012,26,14,2,2026-06-23,2026-07-25,2026-07-23,500,500,0,,3.9,4.07,1
PO-002013,26,14,5,2026-06-30,2026-08-01,2026-07-20,500,500,0,,3.9,4.11,1
PO-002014,27,5,1,2025-01-28,2025-02-25,2025-02-12,500,500,0,,1.05,1.05,0
PO-002015,27,5,1,2025-02-04,2025-03-04,2025-03-02,500,500,0,,1.05,1.07,0
PO-002016,27,5,8,2025-04-01,2025-04-29,2025-04-27,500,500,0,,1.05,1.06,0
PO-002017,27,5,1,2025-06-17,2025-07-15,2025-07-12,500,500,0,,1.05,1.05,0
PO-002018,27,5,5,2025-06-24,2025-07-22,2025-07-09,500,500,26,Documentation incomplete,1.05,1.05,0
PO-002019,27,5,10,2025-08-26,2025-09-23,2025-10-01,500,500,0,,1.05,1.05,0
PO-002020,27,5,4,2026-02-10,2026-03-10,2026-03-07,500,500,0,,1.05,1.06,0
PO-002021,27,5,4,2026-05-26,2026-06-23,2026-06-18,500,500,0,,1.05,1.06,0
PO-002022,27,14,2,2025-01-21,2025-02-20,2025-02-25,221,221,0,,1.0,1.06,0
PO-002023,27,14,1,2025-01-28,2025-02-27,2025-02-18,288,288,0,,1.0,1.07,0
PO-002024,27,14,10,2025-02-04,2025-03-06,2025-02-26,222,222,0,,1.0,1.06,0
PO-002025,27,14,8,2025-02-18,2025-03-20,2025-03-09,223,223,0,,1.0,1.06,0
PO-002026,27,14,2,2025-04-01,2025-05-01,2025-04-23,216,216,0,,1.0,1.06,0
PO-002027,27,14,6,2025-04-08,2025-05-08,2025-05-01,139,139,0,,1.0,1.03,0
PO-002028,27,14,1,2025-04-22,2025-05-22,2025-05-16,196,196,0,,1.0,1.06,0
PO-002029,27,14,2,2025-05-27,2025-06-26,2025-07-17,225,225,0,,1.0,1.05,0
PO-002030,27,14,8,2025-06-24,2025-07-24,2025-07-22,258,258,0,,1.0,1.06,0
PO-002031,27,14,5,2025-07-22,2025-08-21,2025-08-16,213,213,0,,1.0,1.05,0
PO-002032,27,14,10,2025-08-19,2025-09-18,2025-09-06,170,170,0,,1.0,1.05,0
PO-002033,27,14,1,2025-10-21,2025-11-20,2025-11-16,221,221,0,,1.0,1.06,0
PO-002034,27,14,7,2025-11-11,2025-12-11,2025-12-24,282,282,0,,1.0,1.04,0
PO-002035,27,14,1,2025-12-02,2026-01-01,2025-12-21,239,239,0,,1.0,1.06,0
PO-002036,27,14,4,2025-12-09,2026-01-08,2026-01-01,178,178,0,,1.0,1.05,0
PO-002037,27,14,5,2025-12-23,2026-01-22,2026-01-06,243,243,0,,1.0,1.06,0
PO-002038,27,14,2,2025-12-30,2026-01-29,2026-01-28,210,210,0,,1.0,1.03,0
PO-002039,27,14,6,2026-01-06,2026-02-05,2026-02-04,270,270,0,,1.0,1.05,0
PO-002040,27,14,5,2026-02-03,2026-03-05,2026-02-18,251,251,0,,1.0,1.06,0
PO-002041,27,14,7,2026-03-31,2026-04-30,2026-04-12,304,304,0,,1.0,1.05,0
PO-002042,27,14,7,2026-04-21,2026-05-21,2026-05-06,196,196,0,,1.0,1.05,0
PO-002043,27,8,8,2025-01-14,2025-02-23,2025-03-19,175,175,0,,1.13,1.22,1
PO-002044,27,8,8,2025-01-21,2025-03-02,2025-02-26,239,239,0,,1.13,1.19,1
PO-002045,27,8,10,2025-02-04,2025-03-16,2025-03-04,249,249,9,Failed spec check,1.13,1.2,1
PO-002046,27,8,1,2025-02-18,2025-03-30,2025-04-01,191,191,0,,1.13,1.21,1
PO-002047,27,8,4,2025-02-25,2025-04-06,2025-04-01,279,279,0,,1.13,1.2,1
PO-002048,27,8,8,2025-03-25,2025-05-04,2025-04-22,177,177,7,Temperature excursion in transit,1.13,1.18,1
PO-002049,27,8,10,2025-04-01,2025-05-11,2025-05-12,342,342,0,,1.13,1.19,1
PO-002050,27,8,1,2025-04-08,2025-05-18,2025-05-15,196,196,10,Damaged packaging,1.13,1.21,1
PO-002051,27,8,4,2025-04-15,2025-05-25,2025-05-09,264,250,0,,1.13,1.2,1
PO-002052,27,8,10,2025-05-06,2025-06-15,2025-06-12,275,275,0,,1.13,1.2,1
PO-002053,27,8,6,2025-05-13,2025-06-22,2025-06-18,228,228,0,,1.13,1.21,1
PO-002054,27,8,5,2025-06-03,2025-07-13,2025-08-08,213,213,0,,1.13,1.2,1
PO-002055,27,8,7,2025-06-17,2025-07-27,2025-07-25,217,217,0,,1.13,1.23,1
PO-002056,27,8,4,2025-07-01,2025-08-10,2025-08-13,261,261,0,,1.13,1.2,1
PO-002057,27,8,7,2025-07-08,2025-08-17,2025-08-11,300,300,14,Short shelf life on arrival,1.13,1.2,1
PO-002058,27,8,6,2025-07-15,2025-08-24,2025-09-08,349,317,0,,1.13,1.23,1
PO-002059,27,8,2,2025-07-22,2025-08-31,2025-08-30,215,215,0,,1.13,1.2,1
PO-002060,27,8,1,2025-08-05,2025-09-14,2025-09-21,238,238,0,,1.13,1.21,1
PO-002061,27,8,2,2025-08-26,2025-10-05,2025-09-08,328,328,0,,1.13,1.2,1
PO-002062,27,8,10,2025-09-02,2025-10-12,2025-09-28,175,175,0,,1.13,1.21,1
PO-002063,27,8,5,2025-09-09,2025-10-19,2025-10-16,323,323,0,,1.13,1.2,1
PO-002064,27,8,4,2025-09-16,2025-10-26,2025-10-29,264,264,0,,1.13,1.21,1
PO-002065,27,8,2,2025-09-23,2025-11-02,2025-11-01,228,228,11,Documentation incomplete,1.13,1.19,1
PO-002066,27,8,8,2025-09-30,2025-11-09,2025-10-30,187,187,0,,1.13,1.21,1
PO-002067,27,8,4,2025-10-07,2025-11-16,2025-11-02,273,273,11,Damaged packaging,1.13,1.18,1
PO-002068,27,8,7,2025-10-14,2025-11-23,2025-11-12,289,289,0,,1.13,1.18,1
PO-002069,27,8,4,2025-10-21,2025-11-30,2025-12-02,265,265,0,,1.13,1.2,1
PO-002070,27,8,10,2025-11-04,2025-12-14,2025-12-07,203,203,0,,1.13,1.19,1
PO-002071,27,8,5,2025-11-18,2025-12-28,2025-12-15,168,168,6,Temperature excursion in transit,1.13,1.2,1
PO-002072,27,8,4,2025-11-25,2026-01-04,2026-01-07,247,247,0,,1.13,1.19,1
PO-002073,27,8,1,2025-12-09,2026-01-18,2026-01-14,319,319,0,,1.13,1.18,1
PO-002074,27,8,2,2025-12-16,2026-01-25,2026-01-23,210,210,0,,1.13,1.21,1
PO-002075,27,8,5,2025-12-23,2026-02-01,2026-01-17,241,241,0,,1.13,1.19,1
PO-002076,27,8,1,2026-01-13,2026-02-22,2026-02-06,295,295,0,,1.13,1.2,1
PO-002077,27,8,8,2026-01-20,2026-03-01,2026-03-18,214,214,0,,1.13,1.22,1
PO-002078,27,8,7,2026-02-03,2026-03-15,2026-04-19,188,188,0,,1.13,1.2,1
PO-002079,27,8,10,2026-02-17,2026-03-29,2026-03-24,234,234,0,,1.13,1.2,1
PO-002080,27,8,5,2026-02-24,2026-04-05,2026-03-29,203,203,0,,1.13,1.2,1
PO-002081,27,8,8,2026-03-03,2026-04-12,2026-04-07,201,201,0,,1.13,1.2,1
PO-002082,27,8,1,2026-03-17,2026-04-26,2026-05-09,201,201,0,,1.13,1.21,1
PO-002083,27,8,5,2026-03-24,2026-05-03,2026-05-02,222,222,0,,1.13,1.2,1
PO-002084,27,8,7,2026-04-21,2026-05-31,2026-05-30,308,308,0,,1.13,1.21,1
PO-002085,27,8,10,2026-04-28,2026-06-07,2026-06-04,291,291,16,Failed spec check,1.13,1.2,1
PO-002086,27,8,5,2026-05-05,2026-06-14,2026-06-05,277,277,0,,1.13,1.2,1
PO-002087,27,8,6,2026-05-12,2026-06-21,2026-06-21,240,240,0,,1.13,1.2,1
PO-002088,27,8,8,2026-05-19,2026-06-28,2026-06-14,222,222,0,,1.13,1.19,1
PO-002089,27,8,4,2026-06-16,2026-07-26,2026-08-12,306,306,0,,1.13,1.19,1
PO-002090,27,8,2,2026-06-23,2026-08-02,2026-08-18,248,248,0,,1.13,1.21,1
PO-002091,27,8,4,2026-06-30,2026-08-09,2026-07-26,266,266,0,,1.13,1.2,1
PO-002092,28,1,4,2025-03-11,2025-03-28,2025-04-01,1099,1099,0,,28.71,29.26,0
PO-002093,28,1,1,2025-03-18,2025-04-04,2025-04-09,1373,1373,0,,28.71,28.75,0
PO-002094,28,1,5,2025-07-15,2025-08-01,2025-07-27,1916,1916,0,,28.71,29.58,0
PO-002095,28,1,7,2025-11-18,2025-12-05,2025-12-10,1792,1792,0,,28.71,29.36,0
PO-002096,28,1,5,2026-01-06,2026-01-23,2026-01-21,1986,1986,0,,28.71,28.95,0
PO-002097,28,1,6,2026-04-07,2026-04-24,2026-04-24,1081,1081,0,,28.71,29.16,0
PO-002098,28,1,2,2026-06-30,2026-07-17,2026-07-14,1614,1557,0,,28.71,29.01,0
PO-002099,28,3,4,2025-01-07,2025-01-18,2025-01-16,1153,1153,0,,27.85,27.74,1
PO-002100,28,3,6,2025-01-28,2025-02-08,2025-02-08,713,713,0,,27.85,29.13,1
PO-002101,28,3,8,2025-02-04,2025-02-15,2025-02-15,1018,1018,0,,27.85,27.94,1
PO-002102,28,3,10,2025-02-11,2025-02-22,2025-02-21,573,573,0,,27.85,28.25,1
PO-002103,28,3,4,2025-03-04,2025-03-15,2025-03-14,510,510,0,,27.85,28.67,1
PO-002104,28,3,7,2025-03-11,2025-03-22,2025-03-22,750,750,0,,27.85,28.19,1
PO-002105,28,3,8,2025-03-18,2025-03-29,2025-03-29,732,732,0,,27.85,28.45,1
PO-002106,28,3,10,2025-03-25,2025-04-05,2025-04-05,1049,1049,0,,27.85,28.14,1
PO-002107,28,3,5,2025-04-01,2025-04-12,2025-04-12,1236,1236,0,,27.85,28.37,1
PO-002108,28,3,6,2025-04-08,2025-04-19,2025-04-18,1364,1364,0,,27.85,28.73,1
PO-002109,28,3,1,2025-05-20,2025-05-31,2025-05-31,1370,1254,0,,27.85,28.36,1
PO-002110,28,3,8,2025-05-27,2025-06-07,2025-06-06,1145,1145,0,,27.85,27.96,1
PO-002111,28,3,7,2025-06-03,2025-06-14,2025-06-14,984,984,0,,27.85,29.31,1
PO-002112,28,3,1,2025-06-10,2025-06-21,2025-06-21,1187,1187,0,,27.85,28.4,1
PO-002113,28,3,8,2025-06-17,2025-06-28,2025-06-27,1260,1260,0,,27.85,28.46,1
PO-002114,28,3,10,2025-06-24,2025-07-05,2025-07-05,822,822,0,,27.85,28.6,1
PO-002115,28,3,2,2025-07-08,2025-07-19,2025-07-18,1317,1317,0,,27.85,28.78,1
PO-002116,28,3,10,2025-07-15,2025-07-26,2025-07-25,838,838,0,,27.85,28.56,1
PO-002117,28,3,1,2025-07-22,2025-08-02,2025-08-01,952,952,0,,27.85,28.16,1
PO-002118,28,3,1,2025-07-29,2025-08-09,2025-08-08,1118,1118,0,,27.85,28.8,1
PO-002119,28,3,2,2025-08-05,2025-08-16,2025-08-15,530,530,0,,27.85,28.26,1
PO-002120,28,3,8,2025-08-12,2025-08-23,2025-08-22,774,774,0,,27.85,28.08,1
PO-002121,28,3,7,2025-08-26,2025-09-06,2025-09-05,1180,1180,0,,27.85,28.38,1
PO-002122,28,3,10,2025-09-02,2025-09-13,2025-09-12,1324,1324,0,,27.85,28.63,1
PO-002123,28,3,8,2025-09-09,2025-09-20,2025-09-19,966,966,0,,27.85,28.26,1
PO-002124,28,3,8,2025-09-16,2025-09-27,2025-09-27,1026,989,0,,27.85,28.57,1
PO-002125,28,3,7,2025-09-23,2025-10-04,2025-10-11,901,901,0,,27.85,28.77,1
PO-002126,28,3,7,2025-10-14,2025-10-25,2025-10-24,1001,1001,0,,27.85,27.96,1
PO-002127,28,3,7,2025-10-21,2025-11-01,2025-10-31,755,755,0,,27.85,28.59,1
PO-002128,28,3,1,2025-10-28,2025-11-08,2025-12-19,908,908,0,,27.85,28.3,1
PO-002129,28,3,4,2025-11-04,2025-11-15,2025-11-14,1180,1180,0,,27.85,28.14,1
PO-002130,28,3,10,2025-11-11,2025-11-22,2025-11-21,1307,1307,0,,27.85,28.52,1
PO-002131,28,3,8,2025-11-18,2025-11-29,2025-11-29,1138,1138,0,,27.85,28.51,1
PO-002132,28,3,10,2025-11-25,2025-12-06,2025-12-05,1230,1230,0,,27.85,28.37,1
PO-002133,28,3,6,2025-12-02,2025-12-13,2025-12-13,974,974,0,,27.85,28.53,1
PO-002134,28,3,8,2025-12-23,2026-01-03,2026-01-02,662,662,0,,27.85,28.29,1
PO-002135,28,3,7,2026-01-13,2026-01-24,2026-01-24,1031,1031,0,,27.85,28.27,1
PO-002136,28,3,7,2026-01-20,2026-01-31,2026-01-30,992,992,0,,27.85,28.05,1
PO-002137,28,3,5,2026-01-27,2026-02-07,2026-02-07,1213,1213,0,,27.85,28.81,1
PO-002138,28,3,6,2026-02-17,2026-02-28,2026-02-28,652,652,0,,27.85,28.46,1
PO-002139,28,3,1,2026-02-24,2026-03-07,2026-03-06,1302,1302,0,,27.85,28.68,1
PO-002140,28,3,6,2026-03-24,2026-04-04,2026-04-04,1211,1211,0,,27.85,28.31,1
PO-002141,28,3,1,2026-03-31,2026-04-11,2026-04-11,1691,1691,0,,27.85,28.17,1
PO-002142,28,3,2,2026-04-07,2026-04-18,2026-04-18,788,788,0,,27.85,28.12,1
PO-002143,28,3,8,2026-04-14,2026-04-25,2026-04-25,966,966,0,,27.85,28.06,1
PO-002144,28,3,7,2026-05-05,2026-05-16,2026-05-14,1022,1022,0,,27.85,28.18,1
PO-002145,28,3,2,2026-05-12,2026-05-23,2026-05-22,803,769,0,,27.85,28.12,1
PO-002146,28,3,10,2026-05-26,2026-06-06,2026-06-06,860,860,0,,27.85,28.11,1
PO-002147,28,3,6,2026-06-02,2026-06-13,2026-06-13,1287,1287,0,,27.85,28.66,1
PO-002148,28,3,4,2026-06-09,2026-06-20,2026-06-20,919,919,0,,27.85,28.64,1
PO-002149,28,3,6,2026-06-16,2026-06-27,2026-06-25,902,902,0,,27.85,28.24,1
PO-002150,28,3,8,2026-06-23,2026-07-04,2026-07-03,769,769,0,,27.85,28.65,1
PO-002151,28,3,1,2026-06-30,2026-07-11,2026-07-11,984,984,0,,27.85,28.23,1
PO-002152,28,6,1,2025-01-21,2025-02-02,2025-02-01,1437,1437,0,,31.35,30.38,0
PO-002153,28,6,5,2025-03-11,2025-03-23,2025-03-27,1242,1192,0,,31.35,30.45,0
PO-002154,28,6,4,2025-03-18,2025-03-30,2025-03-30,905,905,0,,31.35,30.83,0
PO-002155,28,6,1,2025-05-06,2025-05-18,2025-05-16,1309,1309,0,,31.35,30.22,0
PO-002156,28,6,1,2025-06-03,2025-06-15,2025-06-13,998,998,0,,31.35,30.51,0
PO-002157,28,6,4,2025-06-10,2025-06-22,2025-06-20,795,795,0,,31.35,30.2,0
PO-002158,28,6,2,2025-06-24,2025-07-06,2025-07-05,1490,1490,0,,31.35,30.35,0
PO-002159,28,6,4,2025-07-01,2025-07-13,2025-07-12,1331,1331,0,,31.35,29.96,0
PO-002160,28,6,1,2025-07-08,2025-07-20,2025-07-20,1085,1085,0,,31.35,30.6,0
PO-002161,28,6,7,2025-07-15,2025-07-27,2025-07-26,1281,1281,0,,31.35,30.27,0
PO-002162,28,6,4,2025-08-19,2025-08-31,2025-08-31,1358,1358,0,,31.35,30.42,0
PO-002163,28,6,7,2025-09-09,2025-09-21,2025-09-21,966,966,0,,31.35,30.32,0
PO-002164,28,6,4,2025-09-16,2025-09-28,2025-09-27,1158,1158,0,,31.35,30.09,0
PO-002165,28,6,7,2025-09-23,2025-10-05,2025-10-04,1410,1366,0,,31.35,30.9,0
PO-002166,28,6,8,2025-09-30,2025-10-12,2025-10-12,1160,1160,0,,31.35,30.25,0
PO-002167,28,6,1,2025-10-28,2025-11-09,2025-11-09,804,804,0,,31.35,30.75,0
PO-002168,28,6,8,2025-12-02,2025-12-14,2025-12-14,650,650,0,,31.35,30.79,0
PO-002169,28,6,10,2026-01-13,2026-01-25,2026-01-24,1295,1295,0,,31.35,30.39,0
PO-002170,28,6,2,2026-01-27,2026-02-08,2026-02-08,1363,1363,0,,31.35,30.45,0
PO-002171,28,6,8,2026-02-10,2026-02-22,2026-02-21,532,532,0,,31.35,30.95,0
PO-002172,28,6,8,2026-03-10,2026-03-22,2026-03-22,901,901,0,,31.35,30.06,0
PO-002173,28,6,6,2026-03-24,2026-04-05,2026-04-04,1286,1286,0,,31.35,30.58,0
PO-002174,28,6,2,2026-04-21,2026-05-03,2026-05-01,793,793,0,,31.35,30.7,0
PO-002175,28,6,1,2026-06-16,2026-06-28,2026-06-28,1538,1538,0,,31.35,30.3,0
PO-002176,28,6,2,2026-06-30,2026-07-12,2026-07-11,1158,1158,0,,31.35,31.03,0
PO-002177,29,9,3,2025-01-14,2025-01-26,2025-01-24,501,501,0,,15.81,15.77,1
PO-002178,29,9,10,2025-01-21,2025-02-02,2025-02-01,315,315,0,,15.81,15.5,1
PO-002179,29,9,4,2025-02-25,2025-03-09,2025-03-09,408,408,0,,15.81,15.73,1
PO-002180,29,9,1,2025-03-04,2025-03-16,2025-03-16,452,452,0,,15.81,15.65,1
PO-002181,29,9,10,2025-05-06,2025-05-18,2025-05-16,447,413,0,,15.81,15.71,1
PO-002182,29,9,7,2025-05-20,2025-06-01,2025-05-31,453,453,0,,15.81,15.73,1
PO-002183,29,9,7,2025-05-27,2025-06-08,2025-06-07,465,465,0,,15.81,15.63,1
PO-002184,29,9,10,2025-06-10,2025-06-22,2025-06-21,388,388,0,,15.81,15.97,1
PO-002185,29,9,4,2025-06-17,2025-06-29,2025-06-28,595,595,0,,15.81,15.87,1
PO-002186,29,9,7,2025-06-24,2025-07-06,2025-07-06,486,486,0,,15.81,15.68,1
PO-002187,29,9,4,2025-07-08,2025-07-20,2025-07-19,446,446,0,,15.81,15.75,1
PO-002188,29,9,5,2025-07-15,2025-07-27,2025-07-31,381,381,0,,15.81,15.82,1
PO-002189,29,9,1,2025-08-19,2025-08-31,2025-08-30,409,409,12,Documentation incomplete,15.81,16.08,1
PO-002190,29,9,9,2025-09-02,2025-09-14,2025-09-12,370,370,0,,15.81,15.59,1
PO-002191,29,9,4,2025-09-30,2025-10-12,2025-10-12,443,443,0,,15.81,15.79,1
PO-002192,29,9,9,2025-10-07,2025-10-19,2025-10-18,397,397,0,,15.81,15.7,1
PO-002193,29,9,9,2025-10-21,2025-11-02,2025-11-03,388,388,0,,15.81,15.79,1
PO-002194,29,9,5,2025-10-28,2025-11-09,2025-11-08,588,588,0,,15.81,15.55,1
PO-002195,29,9,9,2025-12-02,2025-12-14,2025-12-14,446,446,0,,15.81,15.86,1
PO-002196,29,9,1,2025-12-16,2025-12-28,2025-12-27,533,501,0,,15.81,15.79,1
PO-002197,29,9,1,2025-12-30,2026-01-11,2026-01-09,479,479,23,Temperature excursion in transit,15.81,15.74,1
PO-002198,29,9,7,2026-01-20,2026-02-01,2026-01-29,420,420,0,,15.81,15.86,1
PO-002199,29,9,9,2026-01-27,2026-02-08,2026-02-06,531,531,0,,15.81,15.44,1
PO-002200,29,9,3,2026-02-17,2026-03-01,2026-02-27,528,528,0,,15.81,15.78,1
PO-002201,29,9,7,2026-03-10,2026-03-22,2026-03-21,398,398,0,,15.81,15.77,1
PO-002202,29,9,4,2026-03-24,2026-04-05,2026-04-04,389,389,0,,15.81,15.72,1
PO-002203,29,9,9,2026-04-14,2026-04-26,2026-04-25,517,517,0,,15.81,15.96,1
PO-002204,29,9,7,2026-04-28,2026-05-10,2026-05-10,470,470,0,,15.81,16.09,1
PO-002205,29,9,7,2026-05-05,2026-05-17,2026-05-17,391,391,0,,15.81,15.45,1
PO-002206,29,9,4,2026-05-19,2026-05-31,2026-05-31,471,471,0,,15.81,15.63,1
PO-002207,29,9,10,2026-05-26,2026-06-07,2026-06-05,539,539,0,,15.81,15.89,1
PO-002208,29,9,1,2026-06-16,2026-06-28,2026-06-26,306,306,0,,15.81,15.75,1
PO-002209,29,9,4,2026-06-30,2026-07-12,2026-07-11,639,639,0,,15.81,15.63,1
PO-002210,29,13,9,2025-03-04,2025-03-22,2025-03-22,545,545,0,,14.73,15.47,0
PO-002211,29,13,4,2025-05-27,2025-06-14,2025-06-13,461,461,0,,14.73,15.24,0
PO-002212,29,13,9,2025-07-15,2025-08-02,2025-07-26,581,581,0,,14.73,15.11,0
PO-002213,29,13,5,2025-07-29,2025-08-16,2025-08-13,432,432,0,,14.73,15.31,0
PO-002214,29,13,3,2025-08-19,2025-09-06,2025-09-08,695,695,0,,14.73,15.34,0
PO-002215,29,13,9,2025-09-02,2025-09-20,2025-09-17,515,515,100,Temperature excursion in transit,14.73,15.42,0
PO-002216,29,13,3,2025-09-09,2025-09-27,2025-09-25,531,531,0,,14.73,15.45,0
PO-002217,29,13,1,2025-09-16,2025-10-04,2025-10-01,527,527,56,Failed spec check,14.73,15.29,0
PO-002218,29,13,5,2025-09-23,2025-10-11,2025-10-11,552,552,0,,14.73,15.72,0
PO-002219,29,13,1,2025-12-02,2025-12-20,2025-12-16,553,553,0,,14.73,15.54,0
PO-002220,29,13,9,2025-12-09,2025-12-27,2025-12-19,579,579,0,,14.73,15.22,0
PO-002221,29,13,10,2025-12-30,2026-01-17,2026-01-16,624,624,0,,14.73,15.34,0
PO-002222,29,13,10,2026-02-24,2026-03-14,2026-03-12,423,423,0,,14.73,15.41,0
PO-002223,29,13,7,2026-05-12,2026-05-30,2026-06-07,453,453,0,,14.73,15.38,0
PO-002224,29,13,7,2026-05-19,2026-06-06,2026-06-01,364,364,0,,14.73,15.39,0
PO-002225,29,13,9,2026-06-30,2026-07-18,2026-07-17,392,392,51,Temperature excursion in transit,14.73,15.34,0
PO-002226,29,6,5,2025-01-21,2025-01-28,2025-01-28,500,500,0,,16.07,15.63,0
PO-002227,29,6,5,2025-02-04,2025-02-11,2025-02-10,500,500,0,,16.07,15.63,0
PO-002228,29,6,9,2025-02-11,2025-02-18,2025-02-20,500,500,0,,16.07,15.8,0
PO-002229,29,6,3,2025-02-18,2025-02-25,2025-02-24,500,500,0,,16.07,15.4,0
PO-002230,29,6,7,2025-03-04,2025-03-11,2025-03-11,500,500,0,,16.07,15.51,0
PO-002231,29,6,4,2025-04-01,2025-04-08,2025-04-08,500,500,0,,16.07,15.45,0
PO-002232,29,6,3,2025-05-06,2025-05-13,2025-05-12,500,500,0,,16.07,15.62,0
PO-002233,29,6,9,2025-06-03,2025-06-10,2025-06-09,500,500,0,,16.07,15.55,0
PO-002234,29,6,5,2025-06-17,2025-06-24,2025-06-24,500,500,0,,16.07,15.9,0
PO-002235,29,6,3,2025-07-01,2025-07-08,2025-07-05,500,500,48,Temperature excursion in transit,16.07,15.74,0
PO-002236,29,6,1,2025-08-12,2025-08-19,2025-08-19,500,500,0,,16.07,15.72,0
PO-002237,29,6,4,2025-08-26,2025-09-02,2025-08-31,500,500,0,,16.07,15.78,0
PO-002238,29,6,3,2025-09-09,2025-09-16,2025-09-15,500,500,0,,16.07,15.53,0
PO-002239,29,6,9,2025-09-16,2025-09-23,2025-09-23,500,478,0,,16.07,15.76,0
PO-002240,29,6,10,2025-09-23,2025-09-30,2025-09-30,500,500,0,,16.07,15.53,0
PO-002241,29,6,9,2025-09-30,2025-10-07,2025-10-05,500,500,0,,16.07,15.42,0
PO-002242,29,6,9,2025-10-21,2025-10-28,2025-10-28,500,500,0,,16.07,15.71,0
PO-002243,29,6,9,2025-11-18,2025-11-25,2025-11-25,500,461,0,,16.07,15.51,0
PO-002244,29,6,7,2025-12-23,2025-12-30,2025-12-30,500,500,0,,16.07,15.69,0
PO-002245,29,6,5,2026-01-13,2026-01-20,2026-01-20,500,486,0,,16.07,15.75,0
PO-002246,29,6,9,2026-03-10,2026-03-17,2026-03-15,500,500,0,,16.07,15.75,0
PO-002247,29,6,9,2026-03-17,2026-03-24,2026-04-05,500,500,0,,16.07,15.57,0
PO-002248,29,6,10,2026-03-24,2026-03-31,2026-03-31,500,500,0,,16.07,15.79,0
PO-002249,29,6,5,2026-03-31,2026-04-07,2026-04-06,500,500,0,,16.07,15.78,0
PO-002250,29,6,10,2026-06-02,2026-06-09,2026-06-11,500,500,0,,16.07,15.18,0
PO-002251,29,6,3,2026-06-16,2026-06-23,2026-06-22,500,500,0,,16.07,15.37,0
PO-002252,30,16,10,2025-01-07,2025-02-10,2025-02-04,254,254,0,,20.95,20.61,1
PO-002253,30,16,6,2025-01-14,2025-02-17,2025-02-13,190,190,0,,20.95,20.37,1
PO-002254,30,16,4,2025-01-21,2025-02-24,2025-02-23,293,293,0,,20.95,20.59,1
PO-002255,30,16,10,2025-01-28,2025-03-03,2025-02-27,257,257,0,,20.95,20.64,1
PO-002256,30,16,8,2025-02-04,2025-03-10,2025-03-02,279,279,0,,20.95,20.5,1
PO-002257,30,16,5,2025-02-18,2025-03-24,2025-03-21,261,261,0,,20.95,20.74,1
PO-002258,30,16,7,2025-03-04,2025-04-07,2025-04-06,332,332,0,,20.95,20.23,1
PO-002259,30,16,8,2025-03-11,2025-04-14,2025-04-04,256,256,0,,20.95,20.31,1
PO-002260,30,16,7,2025-03-18,2025-04-21,2025-04-15,251,251,0,,20.95,20.64,1
PO-002261,30,16,7,2025-03-25,2025-04-28,2025-04-12,245,245,0,,20.95,20.45,1
PO-002262,30,16,1,2025-04-01,2025-05-05,2025-04-30,300,300,0,,20.95,20.58,1
PO-002263,30,16,5,2025-04-15,2025-05-19,2025-05-09,275,275,0,,20.95,20.75,1
PO-002264,30,16,8,2025-04-22,2025-05-26,2025-05-25,211,211,0,,20.95,20.19,1
PO-002265,30,16,7,2025-04-29,2025-06-02,2025-05-31,291,291,0,,20.95,20.42,1
PO-002266,30,16,5,2025-05-06,2025-06-09,2025-06-05,253,253,0,,20.95,20.47,1
PO-002267,30,16,6,2025-05-20,2025-06-23,2025-06-18,221,221,0,,20.95,20.2,1
PO-002268,30,16,5,2025-05-27,2025-06-30,2025-06-25,355,355,0,,20.95,20.21,1
PO-002269,30,16,1,2025-06-03,2025-07-07,2025-06-30,298,298,0,,20.95,20.04,1
PO-002270,30,16,2,2025-06-10,2025-07-14,2025-07-10,360,360,0,,20.95,20.16,1
PO-002271,30,16,7,2025-06-17,2025-07-21,2025-07-16,230,230,0,,20.95,20.53,1
PO-002272,30,16,5,2025-06-24,2025-07-28,2025-07-26,368,368,0,,20.95,20.51,1
PO-002273,30,16,7,2025-07-01,2025-08-04,2025-08-02,274,274,0,,20.95,20.36,1
PO-002274,30,16,6,2025-07-15,2025-08-18,2025-08-15,212,212,0,,20.95,20.59,1
PO-002275,30,16,10,2025-07-22,2025-08-25,2025-08-15,351,351,0,,20.95,20.09,1
PO-002276,30,16,6,2025-07-29,2025-09-01,2025-08-29,296,296,0,,20.95,20.22,1
PO-002277,30,16,2,2025-08-05,2025-09-08,2025-09-04,326,326,0,,20.95,20.58,1
PO-002278,30,16,7,2025-08-12,2025-09-15,2025-09-14,153,153,0,,20.95,20.42,1
PO-002279,30,16,7,2025-08-19,2025-09-22,2025-09-17,407,407,0,,20.95,20.38,1
PO-002280,30,16,6,2025-08-26,2025-09-29,2025-09-27,233,233,0,,20.95,20.14,1
PO-002281,30,16,4,2025-09-02,2025-10-06,2025-10-05,277,277,0,,20.95,20.27,1
PO-002282,30,16,10,2025-09-09,2025-10-13,2025-10-08,261,261,0,,20.95,20.22,1
PO-002283,30,16,10,2025-09-16,2025-10-20,2025-10-19,212,212,0,,20.95,20.9,1
PO-002284,30,16,7,2025-09-23,2025-10-27,2025-10-21,182,182,0,,20.95,20.21,1
PO-002285,30,16,6,2025-09-30,2025-11-03,2025-10-27,329,329,0,,20.95,20.29,1
PO-002286,30,16,7,2025-10-07,2025-11-10,2025-11-07,331,331,0,,20.95,20.49,1
PO-002287,30,16,6,2025-10-14,2025-11-17,2025-11-13,257,257,22,Failed spec check,20.95,20.68,1
PO-002288,30,16,5,2025-10-21,2025-11-24,2025-11-17,144,144,0,,20.95,20.22,1
PO-002289,30,16,5,2025-10-28,2025-12-01,2025-11-25,345,345,0,,20.95,20.36,1
PO-002290,30,16,4,2025-11-11,2025-12-15,2025-12-15,300,300,0,,20.95,20.03,1
PO-002291,30,16,2,2025-11-18,2025-12-22,2025-12-10,191,191,0,,20.95,20.22,1
PO-002292,30,16,6,2025-11-25,2025-12-29,2025-12-14,339,339,0,,20.95,20.59,1
PO-002293,30,16,7,2025-12-02,2026-01-05,2026-01-03,243,243,0,,20.95,20.22,1
PO-002294,30,16,10,2025-12-09,2026-01-12,2026-01-08,155,155,0,,20.95,20.41,1
PO-002295,30,16,2,2025-12-16,2026-01-19,2026-01-09,203,203,0,,20.95,20.22,1
PO-002296,30,16,10,2025-12-23,2026-01-26,2026-01-19,332,332,0,,20.95,20.24,1
PO-002297,30,16,10,2025-12-30,2026-02-02,2026-01-26,243,243,0,,20.95,20.29,1
PO-002298,30,16,7,2026-01-06,2026-02-09,2026-02-04,186,186,0,,20.95,20.73,1
PO-002299,30,16,6,2026-01-13,2026-02-16,2026-02-15,305,305,0,,20.95,20.44,1
PO-002300,30,16,4,2026-02-03,2026-03-09,2026-03-08,404,404,0,,20.95,20.65,1
PO-002301,30,16,8,2026-02-10,2026-03-16,2026-03-15,211,211,0,,20.95,20.37,1
PO-002302,30,16,8,2026-02-17,2026-03-23,2026-03-20,298,298,0,,20.95,20.41,1
PO-002303,30,16,8,2026-02-24,2026-03-30,2026-03-27,268,268,0,,20.95,20.61,1
PO-002304,30,16,10,2026-03-03,2026-04-06,2026-04-05,269,269,0,,20.95,20.64,1
PO-002305,30,16,1,2026-03-10,2026-04-13,2026-03-27,269,269,0,,20.95,20.37,1
PO-002306,30,16,2,2026-03-17,2026-04-20,2026-04-19,69,69,0,,20.95,20.56,1
PO-002307,30,16,4,2026-03-24,2026-04-27,2026-04-21,262,262,0,,20.95,20.45,1
PO-002308,30,16,2,2026-03-31,2026-05-04,2026-04-29,179,179,0,,20.95,20.24,1
PO-002309,30,16,4,2026-04-07,2026-05-11,2026-05-05,397,397,0,,20.95,20.33,1
PO-002310,30,16,6,2026-04-14,2026-05-18,2026-05-08,242,242,0,,20.95,20.27,1
PO-002311,30,16,1,2026-04-28,2026-06-01,2026-05-26,328,328,0,,20.95,20.54,1
PO-002312,30,16,5,2026-05-05,2026-06-08,2026-06-01,315,315,0,,20.95,20.45,1
PO-002313,30,16,5,2026-05-12,2026-06-15,2026-06-01,176,176,0,,20.95,20.38,1
PO-002314,30,16,7,2026-05-19,2026-06-22,2026-06-11,158,158,0,,20.95,20.42,1
PO-002315,30,16,8,2026-05-26,2026-06-29,2026-06-29,302,302,0,,20.95,20.65,1
PO-002316,30,16,1,2026-06-02,2026-07-06,2026-07-04,309,309,0,,20.95,20.65,1
PO-002317,30,16,6,2026-06-09,2026-07-13,2026-07-11,290,290,0,,20.95,20.25,1
PO-002318,30,16,4,2026-06-16,2026-07-20,2026-07-19,372,372,0,,20.95,20.05,1
PO-002319,30,16,4,2026-06-23,2026-07-27,2026-07-23,338,338,0,,20.95,20.15,1
PO-002320,30,16,1,2026-06-30,2026-08-03,2026-07-26,196,196,0,,20.95,20.64,1
PO-002321,30,3,1,2025-02-18,2025-03-01,2025-03-01,359,359,0,,22.57,22.93,0
PO-002322,30,3,4,2025-04-22,2025-05-03,2025-05-02,175,175,0,,22.57,23.35,0
PO-002323,30,3,4,2025-05-06,2025-05-17,2025-05-17,347,347,0,,22.57,23.14,0
PO-002324,30,3,2,2025-08-05,2025-08-16,2025-08-15,252,252,0,,22.57,22.91,0
PO-002325,30,3,6,2025-09-09,2025-09-20,2025-09-18,281,281,0,,22.57,23.37,0
PO-002326,30,3,8,2025-11-04,2025-11-15,2025-11-14,294,294,0,,22.57,23.01,0
PO-002327,30,3,7,2025-11-25,2025-12-06,2025-12-06,272,272,0,,22.57,22.89,0
PO-002328,30,3,6,2025-12-02,2025-12-13,2025-12-12,296,296,0,,22.57,22.97,0
PO-002329,30,3,10,2025-12-09,2025-12-20,2025-12-19,214,214,0,,22.57,23.56,0
PO-002330,30,3,2,2026-01-13,2026-01-24,2026-01-24,233,233,0,,22.57,23.39,0
PO-002331,30,3,1,2026-04-28,2026-05-09,2026-05-08,370,370,0,,22.57,22.64,0
PO-002332,30,3,8,2026-05-12,2026-05-23,2026-05-22,222,222,0,,22.57,23.18,0
PO-002333,30,3,8,2026-05-19,2026-05-30,2026-05-29,225,225,0,,22.57,23.22,0
PO-002334,30,3,1,2026-05-26,2026-06-06,2026-06-05,121,121,0,,22.57,23.16,0
PO-002335,30,3,4,2026-06-02,2026-06-13,2026-06-13,285,245,0,,22.57,22.72,0
PO-002336,30,3,7,2026-06-09,2026-06-20,2026-06-19,257,257,0,,22.57,23.05,0
PO-002337,31,12,4,2025-01-07,2025-01-19,2025-01-18,250,250,0,,8.43,8.19,1
PO-002338,31,12,10,2025-01-14,2025-01-26,2025-01-22,250,250,0,,8.43,8.22,1
PO-002339,31,12,3,2025-01-21,2025-02-02,2025-01-31,250,250,0,,8.43,8.37,1
PO-002340,31,12,3,2025-01-28,2025-02-09,2025-02-03,250,250,0,,8.43,8.15,1
PO-002341,31,12,5,2025-02-04,2025-02-16,2025-02-15,250,250,0,,8.43,8.1,1
PO-002342,31,12,9,2025-02-11,2025-02-23,2025-02-20,250,250,0,,8.43,8.16,1
PO-002343,31,12,5,2025-02-18,2025-03-02,2025-02-26,250,250,0,,8.43,8.21,1
PO-002344,31,12,10,2025-02-25,2025-03-09,2025-03-08,250,250,0,,8.43,8.03,1
PO-002345,31,12,7,2025-03-04,2025-03-16,2025-03-13,250,250,0,,8.43,8.14,1
PO-002346,31,12,3,2025-03-11,2025-03-23,2025-03-18,250,250,0,,8.43,8.06,1
PO-002347,31,12,5,2025-03-18,2025-03-30,2025-03-29,250,250,0,,8.43,8.25,1
PO-002348,31,12,7,2025-03-25,2025-04-06,2025-04-05,250,250,0,,8.43,8.11,1
PO-002349,31,12,3,2025-04-01,2025-04-13,2025-04-12,250,250,0,,8.43,8.19,1
PO-002350,31,12,10,2025-04-08,2025-04-20,2025-04-19,250,250,0,,8.43,8.16,1
PO-002351,31,12,5,2025-04-15,2025-04-27,2025-04-28,250,250,0,,8.43,8.13,1
PO-002352,31,12,7,2025-04-22,2025-05-04,2025-05-03,250,250,0,,8.43,8.24,1
PO-002353,31,12,5,2025-04-29,2025-05-11,2025-05-18,250,250,0,,8.43,8.28,1
PO-002354,31,12,1,2025-05-06,2025-05-18,2025-05-16,250,250,0,,8.43,8.23,1
PO-002355,31,12,4,2025-05-13,2025-05-25,2025-05-19,250,250,0,,8.43,8.18,1
PO-002356,31,12,7,2025-05-20,2025-06-01,2025-05-31,250,250,0,,8.43,8.18,1
PO-002357,31,12,1,2025-05-27,2025-06-08,2025-06-16,250,250,0,,8.43,8.25,1
PO-002358,31,12,4,2025-06-03,2025-06-15,2025-06-15,250,250,0,,8.43,8.15,1
PO-002359,31,12,7,2025-06-10,2025-06-22,2025-06-21,250,250,0,,8.43,8.06,1
PO-002360,31,12,10,2025-06-17,2025-06-29,2025-06-26,250,250,0,,8.43,8.17,1
PO-002361,31,12,7,2025-06-24,2025-07-06,2025-07-06,250,250,0,,8.43,8.01,1
PO-002362,31,12,10,2025-07-01,2025-07-13,2025-07-14,250,250,0,,8.43,8.17,1
PO-002363,31,12,5,2025-07-08,2025-07-20,2025-07-19,250,250,0,,8.43,8.05,1
PO-002364,31,12,3,2025-07-15,2025-07-27,2025-07-26,250,250,0,,8.43,8.21,1
PO-002365,31,12,7,2025-07-22,2025-08-03,2025-08-01,250,250,0,,8.43,8.12,1
PO-002366,31,12,9,2025-07-29,2025-08-10,2025-08-09,250,250,0,,8.43,8.06,1
PO-002367,31,12,9,2025-08-05,2025-08-17,2025-08-15,250,250,0,,8.43,8.12,1
PO-002368,31,12,10,2025-08-12,2025-08-24,2025-08-23,250,250,0,,8.43,8.18,1
PO-002369,31,12,5,2025-08-19,2025-08-31,2025-08-27,250,250,0,,8.43,7.95,1
PO-002370,31,12,5,2025-08-26,2025-09-07,2025-09-05,250,250,0,,8.43,8.18,1
PO-002371,31,12,1,2025-09-02,2025-09-14,2025-09-11,250,250,0,,8.43,8.2,1
PO-002372,31,12,10,2025-09-09,2025-09-21,2025-09-16,250,250,0,,8.43,8.34,1
PO-002373,31,12,9,2025-09-16,2025-09-28,2025-09-26,250,250,0,,8.43,8.2,1
PO-002374,31,12,5,2025-09-23,2025-10-05,2025-10-03,250,250,0,,8.43,8.06,1
PO-002375,31,12,10,2025-09-30,2025-10-12,2025-10-12,250,250,0,,8.43,8.15,1
PO-002376,31,12,1,2025-10-07,2025-10-19,2025-10-14,250,250,0,,8.43,8.3,1
PO-002377,31,12,5,2025-10-14,2025-10-26,2025-10-24,250,250,0,,8.43,8.13,1
PO-002378,31,12,9,2025-10-21,2025-11-02,2025-11-01,250,250,0,,8.43,8.15,1
PO-002379,31,12,1,2025-10-28,2025-11-09,2025-11-07,250,250,0,,8.43,8.21,1
PO-002380,31,12,1,2025-11-04,2025-11-16,2025-11-14,250,250,0,,8.43,8.13,1
PO-002381,31,12,5,2025-11-11,2025-11-23,2025-11-22,250,250,0,,8.43,8.21,1
PO-002382,31,12,1,2025-11-18,2025-11-30,2025-11-27,250,250,0,,8.43,8.16,1
PO-002383,31,12,10,2025-11-25,2025-12-07,2025-12-05,250,250,0,,8.43,8.12,1
PO-002384,31,12,10,2025-12-02,2025-12-14,2025-12-11,250,250,0,,8.43,8.22,1
PO-002385,31,12,3,2025-12-09,2025-12-21,2025-12-19,250,250,0,,8.43,8.13,1
PO-002386,31,12,9,2025-12-16,2025-12-28,2025-12-24,250,250,0,,8.43,8.13,1
PO-002387,31,12,10,2025-12-23,2026-01-04,2026-01-02,250,250,0,,8.43,8.23,1
PO-002388,31,12,3,2025-12-30,2026-01-11,2026-01-10,250,250,0,,8.43,8.21,1
PO-002389,31,12,3,2026-01-06,2026-01-18,2026-01-16,250,250,0,,8.43,8.4,1
PO-002390,31,12,9,2026-01-13,2026-01-25,2026-01-20,250,250,0,,8.43,8.13,1
PO-002391,31,12,7,2026-01-20,2026-02-01,2026-01-30,250,250,0,,8.43,8.24,1
PO-002392,31,12,9,2026-01-27,2026-02-08,2026-02-03,250,250,0,,8.43,8.32,1
PO-002393,31,12,7,2026-02-03,2026-02-15,2026-02-09,250,250,0,,8.43,8.16,1
PO-002394,31,12,4,2026-02-10,2026-02-22,2026-02-21,250,250,0,,8.43,8.08,1
PO-002395,31,12,10,2026-02-17,2026-03-01,2026-02-26,250,250,0,,8.43,8.27,1
PO-002396,31,12,3,2026-02-24,2026-03-08,2026-03-05,250,250,0,,8.43,8.17,1
PO-002397,31,12,4,2026-03-03,2026-03-15,2026-03-12,250,250,0,,8.43,8.08,1
PO-002398,31,12,10,2026-03-10,2026-03-22,2026-03-17,250,250,0,,8.43,8.26,1
PO-002399,31,12,4,2026-03-17,2026-03-29,2026-03-24,250,250,0,,8.43,8.12,1
PO-002400,31,12,7,2026-03-24,2026-04-05,2026-03-30,250,250,0,,8.43,8.12,1
PO-002401,31,12,1,2026-03-31,2026-04-12,2026-04-11,250,250,0,,8.43,8.17,1
PO-002402,31,12,5,2026-04-07,2026-04-19,2026-04-16,250,250,0,,8.43,8.15,1
PO-002403,31,12,3,2026-04-14,2026-04-26,2026-04-23,250,250,0,,8.43,8.14,1
PO-002404,31,12,7,2026-04-21,2026-05-03,2026-04-30,250,250,0,,8.43,8.15,1
PO-002405,31,12,7,2026-04-28,2026-05-10,2026-05-09,250,250,0,,8.43,8.07,1
PO-002406,31,12,5,2026-05-05,2026-05-17,2026-05-16,250,250,0,,8.43,8.23,1
PO-002407,31,12,7,2026-05-12,2026-05-24,2026-05-23,250,250,0,,8.43,8.36,1
PO-002408,31,12,5,2026-05-19,2026-05-31,2026-05-31,250,250,0,,8.43,8.25,1
PO-002409,31,12,5,2026-05-26,2026-06-07,2026-06-05,250,250,0,,8.43,8.02,1
PO-002410,31,12,4,2026-06-02,2026-06-14,2026-06-11,250,250,0,,8.43,8.19,1
PO-002411,31,12,10,2026-06-09,2026-06-21,2026-06-18,250,250,0,,8.43,8.13,1
PO-002412,31,12,9,2026-06-16,2026-06-28,2026-06-27,250,250,0,,8.43,8.25,1
PO-002413,31,12,5,2026-06-23,2026-07-05,2026-07-05,250,250,0,,8.43,8.1,1
PO-002414,31,12,1,2026-06-30,2026-07-12,2026-07-15,250,250,0,,8.43,8.13,1
PO-002415,32,22,10,2025-01-21,2025-03-05,2025-02-13,177,177,0,,11.49,11.73,0
PO-002416,32,22,8,2025-02-18,2025-04-02,2025-03-21,283,283,22,Temperature excursion in transit,11.49,11.78,0
PO-002417,32,22,4,2025-06-03,2025-07-16,2025-06-20,237,237,0,,11.49,11.65,0
PO-002418,32,22,4,2025-08-19,2025-10-01,2025-09-09,270,270,0,,11.49,11.67,0
PO-002419,32,22,4,2025-08-26,2025-10-08,2025-10-04,251,251,0,,11.49,11.68,0
PO-002420,32,22,7,2025-11-11,2025-12-24,2026-01-10,234,234,0,,11.49,11.54,0
PO-002421,32,22,2,2025-12-23,2026-02-04,2026-01-31,202,202,16,Failed spec check,11.49,11.5,0
PO-002422,32,22,4,2025-12-30,2026-02-11,2026-02-04,164,164,0,,11.49,11.59,0
PO-002423,32,22,2,2026-01-06,2026-02-18,2026-02-05,239,239,0,,11.49,11.44,0
PO-002424,32,22,8,2026-01-27,2026-03-11,2026-03-01,241,241,0,,11.49,11.63,0
PO-002425,32,22,7,2026-02-03,2026-03-18,2026-03-14,221,221,0,,11.49,11.58,0
PO-002426,32,22,1,2026-03-17,2026-04-29,2026-05-17,305,305,0,,11.49,11.62,0
PO-002427,32,22,5,2026-03-31,2026-05-13,2026-05-04,226,226,0,,11.49,11.52,0
PO-002428,32,22,1,2026-04-14,2026-05-27,2026-05-21,149,149,0,,11.49,11.64,0
PO-002429,32,22,1,2026-05-19,2026-07-01,2026-07-08,262,262,0,,11.49,11.51,0
PO-002430,32,11,6,2025-02-11,2025-02-21,2025-02-20,258,258,0,,15.69,15.74,0
PO-002431,32,11,10,2025-02-18,2025-02-28,2025-02-25,250,250,0,,15.69,15.72,0
PO-002432,32,11,10,2025-03-11,2025-03-21,2025-03-20,250,250,0,,15.69,15.88,0
PO-002433,32,11,1,2025-03-25,2025-04-04,2025-04-04,250,250,0,,15.69,15.77,0
PO-002434,32,11,7,2025-06-24,2025-07-04,2025-07-02,276,276,0,,15.69,15.81,0
PO-002435,32,11,4,2025-09-09,2025-09-19,2025-09-19,250,250,0,,15.69,15.67,0
PO-002436,32,11,1,2025-10-14,2025-10-24,2025-10-22,250,250,0,,15.69,15.84,0
PO-002437,32,11,1,2025-11-11,2025-11-21,2025-11-19,250,250,0,,15.69,15.74,0
PO-002438,32,11,8,2025-12-23,2026-01-02,2026-01-02,250,250,0,,15.69,15.79,0
PO-002439,32,11,8,2025-12-30,2026-01-09,2026-01-08,250,250,0,,15.69,15.72,0
PO-002440,32,11,5,2026-01-06,2026-01-16,2026-01-16,272,272,0,,15.69,16.12,0
PO-002441,32,11,5,2026-02-10,2026-02-20,2026-02-20,253,253,0,,15.69,15.75,0
PO-002442,32,11,4,2026-02-17,2026-02-27,2026-02-25,250,250,0,,15.69,15.75,0
PO-002443,32,11,7,2026-03-03,2026-03-13,2026-03-12,250,250,0,,15.69,15.79,0
PO-002444,32,11,10,2026-03-10,2026-03-20,2026-03-19,250,250,0,,15.69,15.8,0
PO-002445,32,11,5,2026-03-24,2026-04-03,2026-04-03,250,250,0,,15.69,15.5,0
PO-002446,32,11,7,2026-04-21,2026-05-01,2026-05-01,250,250,0,,15.69,15.69,0
PO-002447,32,11,7,2026-04-28,2026-05-08,2026-05-07,250,250,0,,15.69,15.76,0
PO-002448,32,11,1,2026-05-12,2026-05-22,2026-05-21,250,250,0,,15.69,16.14,0
PO-002449,32,6,5,2025-01-07,2025-01-15,2025-01-13,500,500,0,,16.15,15.58,1
PO-002450,32,6,10,2025-01-14,2025-01-22,2025-01-20,500,500,0,,16.15,15.84,1
PO-002451,32,6,8,2025-02-11,2025-02-19,2025-02-17,500,500,0,,16.15,15.56,1
PO-002452,32,6,5,2025-03-11,2025-03-19,2025-03-16,500,500,0,,16.15,15.76,1
PO-002453,32,6,8,2025-04-01,2025-04-09,2025-04-09,500,500,0,,16.15,15.65,1
PO-002454,32,6,10,2025-04-15,2025-04-23,2025-04-21,500,500,0,,16.15,15.53,1
PO-002455,32,6,6,2025-04-29,2025-05-07,2025-05-04,500,500,0,,16.15,15.87,1
PO-002456,32,6,5,2025-05-06,2025-05-14,2025-05-14,500,456,0,,16.15,15.69,1
PO-002457,32,6,1,2025-05-27,2025-06-04,2025-06-01,500,500,0,,16.15,15.89,1
PO-002458,32,6,4,2025-06-03,2025-06-11,2025-06-10,500,500,0,,16.15,15.78,1
PO-002459,32,6,2,2025-07-15,2025-07-23,2025-07-23,500,500,0,,16.15,15.75,1
PO-002460,32,6,8,2025-07-22,2025-07-30,2025-07-29,500,500,0,,16.15,15.81,1
PO-002461,32,6,10,2025-08-19,2025-08-27,2025-08-27,500,500,0,,16.15,15.77,1
PO-002462,32,6,7,2025-08-26,2025-09-03,2025-09-03,500,451,0,,16.15,15.61,1
PO-002463,32,6,5,2025-09-02,2025-09-10,2025-09-09,500,500,0,,16.15,15.37,1
PO-002464,32,6,6,2025-09-09,2025-09-17,2025-09-16,500,500,0,,16.15,16.12,1
PO-002465,32,6,7,2025-09-30,2025-10-08,2025-10-08,500,500,0,,16.15,15.67,1
PO-002466,32,6,8,2025-10-07,2025-10-15,2025-10-13,500,500,0,,16.15,15.66,1
PO-002467,32,6,4,2025-10-14,2025-10-22,2025-10-18,500,500,0,,16.15,15.82,1
PO-002468,32,6,1,2025-11-18,2025-11-26,2025-11-25,500,500,0,,16.15,15.71,1
PO-002469,32,6,2,2025-11-25,2025-12-03,2025-12-03,500,500,0,,16.15,15.65,1
PO-002470,32,6,2,2025-12-09,2025-12-17,2025-12-15,500,500,0,,16.15,15.85,1
PO-002471,32,6,1,2025-12-16,2025-12-24,2025-12-22,500,500,0,,16.15,15.74,1
PO-002472,32,6,7,2026-01-27,2026-02-04,2026-02-02,500,500,0,,16.15,15.57,1
PO-002473,32,6,2,2026-02-10,2026-02-18,2026-02-16,500,500,0,,16.15,15.82,1
PO-002474,32,6,8,2026-02-17,2026-02-25,2026-02-24,500,500,0,,16.15,15.61,1
PO-002475,32,6,4,2026-03-10,2026-03-18,2026-03-18,500,500,0,,16.15,15.79,1
PO-002476,32,6,4,2026-03-31,2026-04-08,2026-04-07,500,500,0,,16.15,15.67,1
PO-002477,32,6,1,2026-04-07,2026-04-15,2026-04-13,500,500,0,,16.15,15.62,1
PO-002478,32,6,2,2026-05-05,2026-05-13,2026-05-10,500,500,0,,16.15,15.69,1
PO-002479,32,6,7,2026-05-19,2026-05-27,2026-05-25,500,500,0,,16.15,15.74,1
PO-002480,32,6,5,2026-05-26,2026-06-03,2026-06-03,500,500,0,,16.15,15.7,1
PO-002481,32,6,4,2026-06-09,2026-06-17,2026-06-13,500,500,0,,16.15,15.8,1
PO-002482,32,6,1,2026-06-16,2026-06-24,2026-06-21,500,500,0,,16.15,15.81,1
PO-002483,32,6,4,2026-06-30,2026-07-08,2026-07-08,500,500,0,,16.15,15.81,1
PO-002484,32,18,6,2025-02-04,2025-03-11,2025-02-25,250,250,0,,12.51,12.5,0
PO-002485,32,18,5,2025-02-25,2025-04-01,2025-03-25,250,250,0,,12.51,12.36,0
PO-002486,32,18,2,2025-03-04,2025-04-08,2025-04-07,250,250,0,,12.51,12.38,0
PO-002487,32,18,7,2025-04-08,2025-05-13,2025-05-08,297,297,0,,12.51,12.49,0
PO-002488,32,18,2,2025-07-15,2025-08-19,2025-07-25,250,250,0,,12.51,12.26,0
PO-002489,32,18,2,2025-09-02,2025-10-07,2025-09-29,250,241,0,,12.51,12.36,0
PO-002490,32,18,6,2025-10-07,2025-11-11,2025-11-10,250,250,0,,12.51,12.34,0
PO-002491,32,18,2,2025-11-04,2025-12-09,2025-11-24,318,318,0,,12.51,12.44,0
PO-002492,32,18,6,2025-11-11,2025-12-16,2025-12-01,250,250,0,,12.51,12.39,0
PO-002493,32,18,7,2025-11-25,2025-12-30,2026-01-03,250,250,0,,12.51,12.17,0
PO-002494,32,18,4,2026-02-24,2026-03-31,2026-03-20,250,250,0,,12.51,12.33,0
PO-002495,32,18,5,2026-04-14,2026-05-19,2026-05-01,250,242,0,,12.51,12.17,0
PO-002496,32,18,2,2026-06-09,2026-07-14,2026-07-12,250,250,0,,12.51,12.42,0
PO-002497,33,9,10,2025-01-14,2025-01-24,2025-01-28,404,404,0,,9.21,9.15,0
PO-002498,33,9,3,2025-04-15,2025-04-25,2025-04-24,496,496,0,,9.21,9.12,0
PO-002499,33,9,3,2025-05-06,2025-05-16,2025-05-15,600,600,0,,9.21,9.23,0
PO-002500,33,9,9,2026-03-10,2026-03-20,2026-03-20,477,477,0,,9.21,9.28,0
PO-002501,33,9,10,2026-05-12,2026-05-22,2026-05-21,419,419,0,,9.21,9.1,0
PO-002502,33,12,4,2025-01-07,2025-01-19,2025-01-19,426,426,0,,9.21,8.88,1
PO-002503,33,12,4,2025-01-14,2025-01-26,2025-01-24,507,507,0,,9.21,9.09,1
PO-002504,33,12,9,2025-01-21,2025-02-02,2025-02-01,420,420,0,,9.21,8.85,1
PO-002505,33,12,1,2025-01-28,2025-02-09,2025-02-06,527,527,0,,9.21,8.99,1
PO-002506,33,12,7,2025-02-04,2025-02-16,2025-02-15,345,345,0,,9.21,8.86,1
PO-002507,33,12,1,2025-02-11,2025-02-23,2025-02-18,348,348,0,,9.21,8.91,1
PO-002508,33,12,9,2025-02-18,2025-03-02,2025-02-27,175,175,0,,9.21,8.85,1
PO-002509,33,12,5,2025-02-25,2025-03-09,2025-03-08,333,333,0,,9.21,8.87,1
PO-002510,33,12,3,2025-03-04,2025-03-16,2025-03-16,442,442,0,,9.21,8.93,1
PO-002511,33,12,1,2025-03-11,2025-03-23,2025-03-23,403,403,0,,9.21,8.82,1
PO-002512,33,12,3,2025-03-18,2025-03-30,2025-03-24,396,396,0,,9.21,8.92,1
PO-002513,33,12,10,2025-03-25,2025-04-06,2025-04-05,356,356,0,,9.21,8.92,1
PO-002514,33,12,7,2025-04-01,2025-04-13,2025-04-08,340,340,0,,9.21,9.07,1
PO-002515,33,12,7,2025-04-15,2025-04-27,2025-04-25,468,468,0,,9.21,8.96,1
PO-002516,33,12,4,2025-04-22,2025-05-04,2025-04-25,222,222,0,,9.21,8.91,1
PO-002517,33,12,4,2025-04-29,2025-05-11,2025-05-10,343,343,0,,9.21,8.99,1
PO-002518,33,12,9,2025-05-06,2025-05-18,2025-05-17,436,436,42,Short shelf life on arrival,9.21,8.87,1
PO-002519,33,12,1,2025-05-13,2025-05-25,2025-05-23,459,459,0,,9.21,9.09,1
PO-002520,33,12,9,2025-05-27,2025-06-08,2025-06-04,359,359,0,,9.21,8.97,1
PO-002521,33,12,10,2025-06-03,2025-06-15,2025-06-13,421,421,0,,9.21,8.91,1
PO-002522,33,12,5,2025-06-10,2025-06-22,2025-06-21,368,368,0,,9.21,8.87,1
PO-002523,33,12,1,2025-06-17,2025-06-29,2025-07-22,497,497,0,,9.21,9.01,1
PO-002524,33,12,4,2025-06-24,2025-07-06,2025-07-06,357,357,0,,9.21,8.92,1
PO-002525,33,12,1,2025-07-01,2025-07-13,2025-07-10,338,338,0,,9.21,8.97,1
PO-002526,33,12,5,2025-07-08,2025-07-20,2025-07-17,380,380,0,,9.21,8.93,1
PO-002527,33,12,7,2025-07-15,2025-07-27,2025-07-23,355,355,0,,9.21,9.0,1
PO-002528,33,12,10,2025-07-22,2025-08-03,2025-08-02,316,316,0,,9.21,8.88,1
PO-002529,33,12,3,2025-07-29,2025-08-10,2025-08-10,354,354,0,,9.21,8.68,1
PO-002530,33,12,9,2025-08-05,2025-08-17,2025-08-16,329,329,0,,9.21,8.69,1
PO-002531,33,12,5,2025-08-12,2025-08-24,2025-08-19,556,556,0,,9.21,9.05,1
PO-002532,33,12,3,2025-08-19,2025-08-31,2025-08-30,366,366,0,,9.21,9.07,1
PO-002533,33,12,4,2025-08-26,2025-09-07,2025-09-19,514,514,0,,9.21,9.0,1
PO-002534,33,12,7,2025-09-02,2025-09-14,2025-09-11,427,427,0,,9.21,9.0,1
PO-002535,33,12,5,2025-09-09,2025-09-21,2025-09-18,299,299,0,,9.21,8.83,1
PO-002536,33,12,7,2025-09-16,2025-09-28,2025-09-25,201,201,7,Failed spec check,9.21,8.83,1
PO-002537,33,12,7,2025-09-30,2025-10-12,2025-11-02,369,369,0,,9.21,8.81,1
PO-002538,33,12,5,2025-10-14,2025-10-26,2025-10-22,374,374,0,,9.21,8.78,1
PO-002539,33,12,7,2025-10-21,2025-11-02,2025-10-31,400,400,0,,9.21,8.96,1
PO-002540,33,12,9,2025-10-28,2025-11-09,2025-11-05,265,265,0,,9.21,9.16,1
PO-002541,33,12,9,2025-11-11,2025-11-23,2025-11-22,473,473,0,,9.21,8.76,1
PO-002542,33,12,3,2025-11-18,2025-11-30,2025-12-02,487,487,0,,9.21,9.01,1
PO-002543,33,12,4,2025-11-25,2025-12-07,2025-12-07,229,229,0,,9.21,9.1,1
PO-002544,33,12,9,2025-12-09,2025-12-21,2025-12-19,437,437,0,,9.21,8.88,1
PO-002545,33,12,1,2025-12-16,2025-12-28,2025-12-23,407,407,0,,9.21,9.02,1
PO-002546,33,12,9,2025-12-23,2026-01-04,2026-01-02,479,479,0,,9.21,8.92,1
PO-002547,33,12,9,2025-12-30,2026-01-11,2026-01-10,369,369,0,,9.21,8.92,1
PO-002548,33,12,9,2026-01-06,2026-01-18,2026-01-11,384,384,0,,9.21,9.02,1
PO-002549,33,12,7,2026-01-20,2026-02-01,2026-01-28,394,394,0,,9.21,9.06,1
PO-002550,33,12,1,2026-01-27,2026-02-08,2026-02-05,466,466,0,,9.21,8.88,1
PO-002551,33,12,4,2026-02-10,2026-02-22,2026-02-20,402,402,0,,9.21,8.99,1
PO-002552,33,12,5,2026-02-17,2026-03-01,2026-02-27,302,302,0,,9.21,8.9,1
PO-002553,33,12,1,2026-02-24,2026-03-08,2026-03-08,288,288,0,,9.21,9.0,1
PO-002554,33,12,9,2026-03-03,2026-03-15,2026-03-12,399,399,0,,9.21,8.83,1
PO-002555,33,12,9,2026-03-10,2026-03-22,2026-03-21,357,357,0,,9.21,8.9,1
PO-002556,33,12,4,2026-03-17,2026-03-29,2026-03-25,411,411,0,,9.21,8.95,1
PO-002557,33,12,10,2026-03-24,2026-04-05,2026-04-02,266,266,0,,9.21,8.84,1
PO-002558,33,12,4,2026-03-31,2026-04-12,2026-04-11,431,431,0,,9.21,8.83,1
PO-002559,33,12,7,2026-04-07,2026-04-19,2026-04-15,378,378,0,,9.21,8.86,1
PO-002560,33,12,7,2026-04-14,2026-04-26,2026-04-25,537,537,0,,9.21,8.98,1
PO-002561,33,12,1,2026-04-21,2026-05-03,2026-05-03,344,344,0,,9.21,8.99,1
PO-002562,33,12,7,2026-04-28,2026-05-10,2026-05-06,203,203,0,,9.21,8.94,1
PO-002563,33,12,1,2026-05-05,2026-05-17,2026-05-14,325,325,0,,9.21,8.91,1
PO-002564,33,12,9,2026-05-12,2026-05-24,2026-05-21,451,451,0,,9.21,9.06,1
PO-002565,33,12,10,2026-05-19,2026-05-31,2026-05-25,396,396,0,,9.21,8.88,1
PO-002566,33,12,3,2026-05-26,2026-06-07,2026-06-03,491,491,0,,9.21,8.8,1
PO-002567,33,12,7,2026-06-02,2026-06-14,2026-06-11,380,380,0,,9.21,8.9,1
PO-002568,33,12,10,2026-06-09,2026-06-21,2026-06-21,206,206,0,,9.21,8.97,1
PO-002569,33,12,5,2026-06-16,2026-06-28,2026-06-27,297,297,0,,9.21,8.89,1
PO-002570,33,12,1,2026-06-23,2026-07-05,2026-07-05,500,500,0,,9.21,8.95,1
PO-002571,33,12,7,2026-06-30,2026-07-12,2026-07-08,378,378,0,,9.21,8.92,1
PO-002572,34,10,2,2025-03-11,2025-04-16,2025-04-12,500,500,0,,12.89,12.67,0
PO-002573,34,10,1,2025-06-17,2025-07-23,2025-07-18,500,500,0,,12.89,12.66,0
PO-002574,34,10,5,2025-07-29,2025-09-03,2025-08-23,500,500,0,,12.89,12.61,0
PO-002575,34,10,6,2025-12-16,2026-01-21,2026-01-18,500,500,0,,12.89,12.76,0
PO-002576,34,10,4,2026-01-06,2026-02-11,2026-01-28,500,500,0,,12.89,12.67,0
PO-002577,34,10,10,2026-03-10,2026-04-15,2026-04-21,500,500,15,Failed spec check,12.89,12.79,0
PO-002578,34,13,4,2025-01-07,2025-01-26,2025-01-23,112,112,0,,12.92,13.48,1
PO-002579,34,13,8,2025-01-14,2025-02-02,2025-02-11,152,152,0,,12.92,13.07,1
PO-002580,34,13,4,2025-01-21,2025-02-09,2025-02-05,111,111,0,,12.92,13.48,1
PO-002581,34,13,5,2025-01-28,2025-02-16,2025-02-10,123,123,0,,12.92,13.47,1
PO-002582,34,13,6,2025-02-11,2025-03-02,2025-03-01,145,145,0,,12.92,13.43,1
PO-002583,34,13,2,2025-02-18,2025-03-09,2025-03-08,190,190,40,Short shelf life on arrival,12.92,13.39,1
PO-002584,34,13,2,2025-02-25,2025-03-16,2025-03-11,128,117,0,,12.92,13.48,1
PO-002585,34,13,8,2025-03-11,2025-03-30,2025-04-07,120,120,0,,12.92,13.35,1
PO-002586,34,13,10,2025-03-18,2025-04-06,2025-04-05,100,100,9,Short shelf life on arrival,12.92,13.48,1
PO-002587,34,13,1,2025-04-01,2025-04-20,2025-04-18,165,165,0,,12.92,13.49,1
PO-002588,34,13,8,2025-04-15,2025-05-04,2025-05-02,148,148,0,,12.92,13.49,1
PO-002589,34,13,10,2025-04-29,2025-05-18,2025-05-16,135,135,0,,12.92,13.47,1
PO-002590,34,13,4,2025-05-13,2025-06-01,2025-05-25,136,136,0,,12.92,13.21,1
PO-002591,34,13,7,2025-05-20,2025-06-08,2025-06-02,138,138,0,,12.92,13.44,1
PO-002592,34,13,10,2025-05-27,2025-06-15,2025-06-15,162,162,0,,12.92,13.54,1
PO-002593,34,13,7,2025-06-03,2025-06-22,2025-06-21,142,142,0,,12.92,13.37,1
PO-002594,34,13,8,2025-06-17,2025-07-06,2025-06-28,165,165,0,,12.92,13.47,1
PO-002595,34,13,5,2025-06-24,2025-07-13,2025-07-10,100,100,0,,12.92,13.32,1
PO-002596,34,13,5,2025-07-01,2025-07-20,2025-07-31,123,123,0,,12.92,13.62,1
PO-002597,34,13,7,2025-07-08,2025-07-27,2025-07-23,189,189,0,,12.92,13.41,1
PO-002598,34,13,5,2025-07-15,2025-08-03,2025-08-01,115,115,0,,12.92,13.2,1
PO-002599,34,13,5,2025-07-22,2025-08-10,2025-08-05,142,142,0,,12.92,13.4,1
PO-002600,34,13,2,2025-07-29,2025-08-17,2025-08-14,192,173,0,,12.92,13.45,1
PO-002601,34,13,7,2025-08-05,2025-08-24,2025-08-23,156,156,31,Damaged packaging,12.92,13.3,1
PO-002602,34,13,2,2025-08-26,2025-09-14,2025-09-14,131,131,0,,12.92,13.56,1
PO-002603,34,13,5,2025-09-02,2025-09-21,2025-09-18,117,117,0,,12.92,13.39,1
PO-002604,34,13,2,2025-09-09,2025-09-28,2025-09-23,154,154,16,Documentation incomplete,12.92,13.83,1
PO-002605,34,13,7,2025-09-16,2025-10-05,2025-10-01,118,113,0,,12.92,13.63,1
PO-002606,34,13,6,2025-09-23,2025-10-12,2025-10-06,108,108,0,,12.92,13.54,1
PO-002607,34,13,4,2025-09-30,2025-10-19,2025-10-14,157,137,0,,12.92,13.5,1
PO-002608,34,13,4,2025-10-07,2025-10-26,2025-10-23,155,155,0,,12.92,13.41,1
PO-002609,34,13,2,2025-10-21,2025-11-09,2025-11-02,127,127,0,,12.92,13.72,1
PO-002610,34,13,8,2025-10-28,2025-11-16,2025-11-15,156,156,0,,12.92,13.59,1
PO-002611,34,13,6,2025-11-04,2025-11-23,2025-11-20,147,147,0,,12.92,13.58,1
PO-002612,34,13,6,2025-11-18,2025-12-07,2025-12-03,103,103,0,,12.92,13.23,1
PO-002613,34,13,8,2025-11-25,2025-12-14,2025-12-06,155,155,0,,12.92,13.67,1
PO-002614,34,13,5,2025-12-02,2025-12-21,2025-12-11,140,140,0,,12.92,13.45,1
PO-002615,34,13,1,2025-12-23,2026-01-11,2026-01-10,123,123,0,,12.92,13.39,1
PO-002616,34,13,10,2026-01-06,2026-01-25,2026-01-21,108,97,0,,12.92,13.39,1
PO-002617,34,13,10,2026-01-13,2026-02-01,2026-01-30,181,181,0,,12.92,13.57,1
PO-002618,34,13,6,2026-01-20,2026-02-08,2026-02-05,111,111,0,,12.92,13.61,1
PO-002619,34,13,7,2026-02-10,2026-03-01,2026-03-01,129,129,0,,12.92,13.48,1
PO-002620,34,13,4,2026-02-17,2026-03-08,2026-02-26,100,100,11,Short shelf life on arrival,12.92,13.57,1
PO-002621,34,13,2,2026-02-24,2026-03-15,2026-03-14,104,104,0,,12.92,13.53,1
PO-002622,34,13,5,2026-03-10,2026-03-29,2026-03-24,100,100,0,,12.92,13.47,1
PO-002623,34,13,5,2026-03-24,2026-04-12,2026-04-10,100,100,0,,12.92,13.26,1
PO-002624,34,13,8,2026-03-31,2026-04-19,2026-04-13,100,100,0,,12.92,13.74,1
PO-002625,34,13,10,2026-04-14,2026-05-03,2026-04-25,170,152,0,,12.92,13.39,1
PO-002626,34,13,7,2026-04-28,2026-05-17,2026-05-19,100,100,0,,12.92,13.24,1
PO-002627,34,13,7,2026-05-26,2026-06-14,2026-06-12,175,175,0,,12.92,13.34,1
PO-002628,34,13,8,2026-06-02,2026-06-21,2026-06-19,163,163,0,,12.92,13.5,1
PO-002629,34,13,2,2026-06-09,2026-06-28,2026-07-02,205,180,0,,12.92,13.23,1
PO-002630,34,13,7,2026-06-16,2026-07-05,2026-06-30,155,135,0,,12.92,13.33,1
PO-002631,34,13,5,2026-06-30,2026-07-19,2026-07-20,100,100,0,,12.92,13.67,1
PO-002632,34,12,1,2025-02-18,2025-03-03,2025-02-27,250,250,0,,13.32,13.0,0
PO-002633,34,12,5,2025-02-25,2025-03-10,2025-03-06,250,250,0,,13.32,12.95,0
PO-002634,34,12,8,2025-03-25,2025-04-07,2025-04-05,250,250,0,,13.32,13.1,0
PO-002635,34,12,2,2025-04-22,2025-05-05,2025-04-30,250,250,0,,13.32,13.02,0
PO-002636,34,12,4,2025-06-17,2025-06-30,2025-07-14,250,250,0,,13.32,13.01,0
PO-002637,34,12,1,2025-08-19,2025-09-01,2025-08-27,250,250,0,,13.32,12.88,0
PO-002638,34,12,4,2025-08-26,2025-09-08,2025-09-08,250,250,0,,13.32,13.13,0
PO-002639,34,12,5,2025-09-02,2025-09-15,2025-09-12,250,250,0,,13.32,13.12,0
PO-002640,34,12,7,2025-09-09,2025-09-22,2025-09-22,250,250,0,,13.32,13.0,0
PO-002641,34,12,4,2025-09-16,2025-09-29,2025-09-28,250,250,0,,13.32,12.92,0
PO-002642,34,12,5,2025-09-23,2025-10-06,2025-10-04,250,250,0,,13.32,12.92,0
PO-002643,34,12,10,2025-10-14,2025-10-27,2025-10-25,250,250,0,,13.32,13.01,0
PO-002644,34,12,4,2026-01-13,2026-01-26,2026-01-25,250,250,0,,13.32,13.14,0
PO-002645,34,12,7,2026-04-07,2026-04-20,2026-04-17,250,250,0,,13.32,13.08,0
PO-002646,34,12,10,2026-04-28,2026-05-11,2026-05-10,250,250,0,,13.32,13.08,0
PO-002647,34,12,4,2026-06-16,2026-06-29,2026-06-26,250,250,0,,13.32,13.02,0
PO-002648,34,12,7,2026-06-30,2026-07-13,2026-07-11,250,250,0,,13.32,12.98,0
PO-002649,35,13,2,2025-01-14,2025-01-29,2025-01-26,500,500,0,,2.88,2.99,0
PO-002650,35,13,4,2025-04-22,2025-05-07,2025-05-11,500,500,0,,2.88,2.95,0
PO-002651,35,13,7,2025-05-13,2025-05-28,2025-05-29,500,500,0,,2.88,3.0,0
PO-002652,35,13,1,2025-05-27,2025-06-11,2025-06-10,500,500,0,,2.88,3.01,0
PO-002653,35,13,8,2025-06-03,2025-06-18,2025-06-15,500,500,0,,2.88,3.01,0
PO-002654,35,13,8,2025-06-17,2025-07-02,2025-06-28,500,500,0,,2.88,2.97,0
PO-002655,35,13,4,2025-07-29,2025-08-13,2025-07-31,500,425,0,,2.88,3.04,0
PO-002656,35,13,2,2025-08-19,2025-09-03,2025-08-27,500,426,0,,2.88,2.99,0
PO-002657,35,13,8,2025-11-04,2025-11-19,2025-11-18,500,500,0,,2.88,3.02,0
PO-002658,35,13,8,2025-11-11,2025-11-26,2025-11-25,500,500,0,,2.88,3.0,0
PO-002659,35,13,5,2025-12-23,2026-01-07,2026-01-06,500,500,0,,2.88,2.98,0
PO-002660,35,13,6,2026-01-06,2026-01-21,2026-01-20,500,500,0,,2.88,3.02,0
PO-002661,35,13,10,2026-01-13,2026-01-28,2026-01-26,500,500,0,,2.88,3.01,0
PO-002662,35,13,6,2026-01-27,2026-02-11,2026-02-08,500,500,0,,2.88,3.01,0
PO-002663,35,13,4,2026-02-10,2026-02-25,2026-02-18,500,500,0,,2.88,2.97,0
PO-002664,35,13,4,2026-03-31,2026-04-15,2026-04-13,500,500,0,,2.88,2.95,0
PO-002665,35,13,8,2026-06-09,2026-06-24,2026-06-24,500,500,0,,2.88,3.01,0
PO-002666,35,13,4,2026-06-16,2026-07-01,2026-06-27,500,500,0,,2.88,2.99,0
PO-002667,35,16,10,2025-02-25,2025-03-29,2025-03-29,355,355,0,,2.83,2.78,1
PO-002668,35,16,7,2025-03-11,2025-04-12,2025-04-09,369,369,0,,2.83,2.73,1
PO-002669,35,16,1,2025-04-22,2025-05-24,2025-05-19,371,371,0,,2.83,2.76,1
PO-002670,35,16,7,2025-05-06,2025-06-07,2025-05-30,278,278,0,,2.83,2.81,1
PO-002671,35,16,4,2025-06-24,2025-07-26,2025-07-25,287,287,0,,2.83,2.73,1
PO-002672,35,16,4,2025-07-22,2025-08-23,2025-08-17,550,550,0,,2.83,2.8,1
PO-002673,35,16,5,2025-07-29,2025-08-30,2025-08-20,392,392,0,,2.83,2.72,1
PO-002674,35,16,6,2025-09-09,2025-10-11,2025-10-06,434,434,0,,2.83,2.74,1
PO-002675,35,16,7,2025-09-23,2025-10-25,2025-10-18,404,404,0,,2.83,2.73,1
PO-002676,35,16,1,2025-09-30,2025-11-01,2025-10-25,429,429,0,,2.83,2.75,1
PO-002677,35,16,10,2025-11-18,2025-12-20,2025-12-08,192,192,0,,2.83,2.76,1
PO-002678,35,16,8,2025-12-09,2026-01-10,2026-01-08,435,435,0,,2.83,2.75,1
PO-002679,35,16,6,2025-12-16,2026-01-17,2026-01-16,313,313,0,,2.83,2.76,1
PO-002680,35,16,2,2026-02-10,2026-03-14,2026-03-11,323,323,0,,2.83,2.76,1
PO-002681,35,16,4,2026-02-17,2026-03-21,2026-03-09,362,362,0,,2.83,2.71,1
PO-002682,35,16,10,2026-02-24,2026-03-28,2026-03-22,429,429,0,,2.83,2.77,1
PO-002683,35,16,4,2026-03-03,2026-04-04,2026-03-31,335,335,0,,2.83,2.77,1
PO-002684,35,16,7,2026-03-24,2026-04-25,2026-04-14,338,338,0,,2.83,2.75,1
PO-002685,35,16,5,2026-04-14,2026-05-16,2026-05-13,531,531,0,,2.83,2.76,1
PO-002686,35,16,4,2026-05-05,2026-06-06,2026-06-02,385,385,0,,2.83,2.72,1
PO-002687,35,16,1,2026-05-26,2026-06-27,2026-06-22,346,346,0,,2.83,2.77,1
PO-002688,35,16,4,2026-06-02,2026-07-04,2026-06-28,499,499,0,,2.83,2.79,1
PO-002689,35,16,5,2026-06-30,2026-08-01,2026-07-22,329,329,0,,2.83,2.73,1
PO-002690,35,7,7,2025-02-04,2025-03-08,2025-02-27,205,205,0,,2.91,2.97,0
PO-002691,35,7,2,2025-03-11,2025-04-12,2025-04-05,175,175,0,,2.91,3.0,0
PO-002692,35,7,4,2025-04-22,2025-05-24,2025-05-23,264,264,0,,2.91,2.95,0
PO-002693,35,7,2,2025-08-12,2025-09-13,2025-09-07,289,289,0,,2.91,3.02,0
PO-002694,35,7,6,2025-09-02,2025-10-04,2025-10-01,237,237,0,,2.91,3.03,0
PO-002695,35,7,10,2025-10-21,2025-11-22,2025-11-20,329,329,0,,2.91,3.02,0
PO-002696,35,7,4,2025-11-11,2025-12-13,2025-11-28,315,315,22,Damaged packaging,2.91,2.97,0
PO-002697,35,7,2,2026-03-03,2026-04-04,2026-03-27,199,199,0,,2.91,2.97,0
PO-002698,35,7,4,2026-03-17,2026-04-18,2026-04-17,228,228,0,,2.91,3.03,0
PO-002699,35,7,5,2026-05-05,2026-06-06,2026-06-01,278,278,0,,2.91,3.03,0
PO-002700,35,7,5,2026-06-16,2026-07-18,2026-07-15,195,195,0,,2.91,3.01,0
PO-002701,35,1,1,2025-01-14,2025-02-01,2025-01-29,251,251,0,,2.94,2.91,0
PO-002702,35,1,4,2025-02-11,2025-03-01,2025-02-28,358,358,0,,2.94,2.94,0
PO-002703,35,1,7,2025-04-01,2025-04-19,2025-04-27,297,297,0,,2.94,2.98,0
PO-002704,35,1,7,2025-04-15,2025-05-03,2025-05-18,257,257,0,,2.94,2.99,0
PO-002705,35,1,6,2025-04-22,2025-05-10,2025-05-09,253,253,0,,2.94,2.95,0
PO-002706,35,1,4,2025-05-06,2025-05-24,2025-05-23,308,308,0,,2.94,2.93,0
PO-002707,35,1,7,2025-05-13,2025-05-31,2025-06-01,335,335,0,,2.94,2.9,0
PO-002708,35,1,8,2025-05-20,2025-06-07,2025-06-04,245,245,0,,2.94,2.98,0
PO-002709,35,1,4,2025-06-03,2025-06-21,2025-06-19,367,349,24,Documentation incomplete,2.94,2.92,0
PO-002710,35,1,10,2025-06-24,2025-07-12,2025-07-07,201,201,0,,2.94,2.96,0
PO-002711,35,1,1,2025-07-08,2025-07-26,2025-07-26,253,253,0,,2.94,2.98,0
PO-002712,35,1,8,2025-08-19,2025-09-06,2025-09-03,252,252,0,,2.94,2.95,0
PO-002713,35,1,6,2025-09-30,2025-10-18,2025-10-15,230,230,0,,2.94,2.92,0
PO-002714,35,1,8,2025-10-14,2025-11-01,2025-11-01,352,352,0,,2.94,2.96,0
PO-002715,35,1,6,2025-10-28,2025-11-15,2025-11-21,237,237,0,,2.94,2.94,0
PO-002716,35,1,1,2025-11-04,2025-11-22,2025-11-21,330,330,0,,2.94,2.96,0
PO-002717,35,1,5,2025-12-16,2026-01-03,2026-01-16,261,261,0,,2.94,2.96,0
PO-002718,35,1,4,2025-12-30,2026-01-17,2026-01-14,265,265,0,,2.94,2.97,0
PO-002719,35,1,6,2026-01-06,2026-01-24,2026-02-04,314,314,0,,2.94,2.95,0
PO-002720,35,1,8,2026-01-13,2026-01-31,2026-01-28,286,286,0,,2.94,3.0,0
PO-002721,35,1,10,2026-01-20,2026-02-07,2026-02-02,259,259,0,,2.94,2.98,0
PO-002722,35,1,4,2026-02-03,2026-02-21,2026-02-28,283,283,0,,2.94,2.92,0
PO-002723,35,1,10,2026-02-10,2026-02-28,2026-02-23,223,223,0,,2.94,2.97,0
PO-002724,35,1,10,2026-03-03,2026-03-21,2026-03-26,282,282,0,,2.94,2.96,0
PO-002725,35,1,10,2026-03-10,2026-03-28,2026-03-31,288,280,0,,2.94,2.95,0
PO-002726,35,1,7,2026-04-28,2026-05-16,2026-05-16,278,278,0,,2.94,2.96,0
PO-002727,35,1,7,2026-05-26,2026-06-13,2026-06-10,155,155,0,,2.94,2.95,0
PO-002728,35,1,1,2026-06-23,2026-07-11,2026-07-07,288,288,0,,2.94,2.99,0
PO-002729,36,23,4,2025-02-18,2025-02-28,2025-02-27,235,235,0,,16.9,18.02,0
PO-002730,36,23,8,2025-02-25,2025-03-07,2025-03-07,152,152,0,,16.9,17.72,0
PO-002731,36,23,10,2025-03-11,2025-03-21,2025-03-20,127,127,0,,16.9,18.18,0
PO-002732,36,23,1,2025-04-08,2025-04-18,2025-04-16,171,171,0,,16.9,18.15,0
PO-002733,36,23,10,2025-05-27,2025-06-06,2025-06-04,178,178,0,,16.9,17.93,0
PO-002734,36,23,5,2025-06-10,2025-06-20,2025-06-20,176,176,0,,16.9,18.17,0
PO-002735,36,23,1,2025-06-24,2025-07-04,2025-07-03,174,174,0,,16.9,18.1,0
PO-002736,36,23,4,2025-07-08,2025-07-18,2025-07-23,186,186,0,,16.9,18.28,0
PO-002737,36,23,2,2025-07-15,2025-07-25,2025-07-25,128,115,0,,16.9,18.07,0
PO-002738,36,23,10,2025-08-12,2025-08-22,2025-08-21,148,148,0,,16.9,17.7,0
PO-002739,36,23,1,2025-08-19,2025-08-29,2025-08-28,153,153,0,,16.9,18.03,0
PO-002740,36,23,10,2025-09-09,2025-09-19,2025-09-19,156,156,0,,16.9,18.12,0
PO-002741,36,23,1,2025-09-16,2025-09-26,2025-09-25,178,178,0,,16.9,18.12,0
PO-002742,36,23,1,2025-09-23,2025-10-03,2025-10-02,116,116,0,,16.9,18.07,0
PO-002743,36,23,7,2025-10-07,2025-10-17,2025-10-17,157,157,0,,16.9,18.07,0
PO-002744,36,23,8,2025-10-14,2025-10-24,2025-10-24,161,161,0,,16.9,17.98,0
PO-002745,36,23,2,2025-11-11,2025-11-21,2025-11-21,164,160,0,,16.9,18.04,0
PO-002746,36,23,1,2025-11-25,2025-12-05,2025-12-04,178,178,0,,16.9,18.36,0
PO-002747,36,23,6,2026-01-13,2026-01-23,2026-01-22,121,121,0,,16.9,17.96,0
PO-002748,36,23,2,2026-02-03,2026-02-13,2026-02-12,208,208,0,,16.9,17.79,0
PO-002749,36,23,5,2026-02-10,2026-02-20,2026-02-19,105,105,0,,16.9,18.13,0
PO-002750,36,23,8,2026-02-17,2026-02-27,2026-02-26,111,111,0,,16.9,17.9,0
PO-002751,36,23,1,2026-03-03,2026-03-13,2026-03-12,198,198,0,,16.9,18.08,0
PO-002752,36,23,2,2026-04-21,2026-05-01,2026-04-30,144,118,0,,16.9,18.15,0
PO-002753,36,23,10,2026-05-19,2026-05-29,2026-05-29,126,126,0,,16.9,18.24,0
PO-002754,36,23,4,2026-05-26,2026-06-05,2026-06-05,137,137,0,,16.9,17.82,0
PO-002755,36,23,5,2026-06-09,2026-06-19,2026-06-17,115,115,0,,16.9,18.05,0
PO-002756,36,18,1,2025-01-21,2025-02-21,2025-02-16,500,500,0,,14.42,14.07,1
PO-002757,36,18,6,2025-01-28,2025-02-28,2025-02-23,500,473,0,,14.42,14.12,1
PO-002758,36,18,10,2025-02-11,2025-03-14,2025-03-02,500,487,0,,14.42,14.5,1
PO-002759,36,18,10,2025-02-18,2025-03-21,2025-03-11,500,500,0,,14.42,14.23,1
PO-002760,36,18,7,2025-02-25,2025-03-28,2025-03-24,500,500,0,,14.42,14.29,1
PO-002761,36,18,8,2025-03-04,2025-04-04,2025-03-22,500,500,0,,14.42,14.07,1
PO-002762,36,18,5,2025-04-08,2025-05-09,2025-05-21,500,500,0,,14.42,14.49,1
PO-002763,36,18,6,2025-05-06,2025-06-06,2025-05-30,500,500,0,,14.42,14.61,1
PO-002764,36,18,5,2025-05-20,2025-06-20,2025-06-12,500,485,0,,14.42,14.35,1
PO-002765,36,18,7,2025-05-27,2025-06-27,2025-06-20,500,500,0,,14.42,14.44,1
PO-002766,36,18,4,2025-06-03,2025-07-04,2025-07-02,500,482,0,,14.42,14.32,1
PO-002767,36,18,5,2025-06-10,2025-07-11,2025-07-10,500,500,0,,14.42,14.17,1
PO-002768,36,18,4,2025-06-17,2025-07-18,2025-07-05,500,500,0,,14.42,14.44,1
PO-002769,36,18,10,2025-06-24,2025-07-25,2025-07-21,500,500,0,,14.42,14.26,1
PO-002770,36,18,4,2025-07-01,2025-08-01,2025-07-23,500,500,0,,14.42,14.22,1
PO-002771,36,18,1,2025-09-02,2025-10-03,2025-09-28,500,483,0,,14.42,14.52,1
PO-002772,36,18,4,2025-09-23,2025-10-24,2025-10-16,500,500,0,,14.42,14.25,1
PO-002773,36,18,7,2025-09-30,2025-10-31,2025-11-16,500,469,0,,14.42,14.45,1
PO-002774,36,18,8,2025-10-07,2025-11-07,2025-11-02,500,480,0,,14.42,14.22,1
PO-002775,36,18,8,2025-11-04,2025-12-05,2025-12-03,500,500,0,,14.42,14.23,1
PO-002776,36,18,6,2025-11-11,2025-12-12,2025-11-29,500,479,87,Documentation incomplete,14.42,14.32,1
PO-002777,36,18,5,2025-12-09,2026-01-09,2025-12-31,500,500,0,,14.42,14.3,1
PO-002778,36,18,6,2025-12-23,2026-01-23,2026-01-09,500,489,0,,14.42,14.43,1
PO-002779,36,18,10,2026-01-06,2026-02-06,2026-01-26,500,488,0,,14.42,14.42,1
PO-002780,36,18,4,2026-01-27,2026-02-27,2026-02-20,500,500,0,,14.42,14.36,1
PO-002781,36,18,7,2026-02-24,2026-03-27,2026-03-16,500,500,0,,14.42,14.28,1
PO-002782,36,18,6,2026-03-10,2026-04-10,2026-04-09,500,500,0,,14.42,14.32,1
PO-002783,36,18,2,2026-03-17,2026-04-17,2026-04-09,500,500,0,,14.42,14.34,1
PO-002784,36,18,7,2026-03-24,2026-04-24,2026-04-14,500,483,0,,14.42,13.97,1
PO-002785,36,18,4,2026-04-07,2026-05-08,2026-04-15,500,500,0,,14.42,14.35,1
PO-002786,36,18,6,2026-04-21,2026-05-22,2026-05-17,500,500,0,,14.42,14.35,1
PO-002787,36,18,8,2026-05-26,2026-06-26,2026-06-25,500,484,0,,14.42,14.36,1
PO-002788,36,18,7,2026-06-09,2026-07-10,2026-06-25,500,500,0,,14.42,14.22,1
PO-002789,36,18,10,2026-06-16,2026-07-17,2026-07-11,500,500,0,,14.42,14.16,1
PO-002790,36,21,8,2025-02-18,2025-03-25,2025-03-14,114,114,0,,13.67,13.87,0
PO-002791,36,21,7,2025-04-08,2025-05-13,2025-05-03,192,192,0,,13.67,13.85,0
PO-002792,36,21,5,2025-08-05,2025-09-09,2025-09-08,215,215,0,,13.67,13.91,0
PO-002793,36,21,5,2025-08-19,2025-09-23,2025-09-26,192,192,0,,13.67,13.8,0
PO-002794,36,21,1,2025-12-02,2026-01-06,2026-01-10,204,204,0,,13.67,13.97,0
PO-002795,36,21,10,2025-12-09,2026-01-13,2026-01-12,171,171,0,,13.67,14.15,0
PO-002796,36,21,10,2026-02-10,2026-03-17,2026-03-12,134,134,0,,13.67,13.91,0
PO-002797,36,21,2,2026-03-31,2026-05-05,2026-05-18,161,161,0,,13.67,14.04,0
PO-002798,36,21,7,2026-04-14,2026-05-19,2026-05-20,130,130,0,,13.67,13.79,0
PO-002799,36,9,1,2025-01-28,2025-02-08,2025-02-08,99,99,4,Documentation incomplete,17.37,17.15,0
PO-002800,36,9,6,2025-03-18,2025-03-29,2025-03-27,107,107,0,,17.37,17.35,0
PO-002801,36,9,7,2025-11-11,2025-11-22,2025-11-25,83,83,0,,17.37,17.43,0
PO-002802,37,16,10,2025-01-07,2025-02-06,2025-02-06,564,564,0,,7.8,7.68,1
PO-002803,37,16,6,2025-01-14,2025-02-13,2025-02-12,974,974,0,,7.8,7.6,1
PO-002804,37,16,1,2025-01-21,2025-02-20,2025-02-15,584,584,0,,7.8,7.72,1
PO-002805,37,16,10,2025-01-28,2025-02-27,2025-02-16,634,634,0,,7.8,7.62,1
PO-002806,37,16,5,2025-02-04,2025-03-06,2025-03-01,760,760,0,,7.8,7.59,1
PO-002807,37,16,7,2025-02-11,2025-03-13,2025-03-04,1080,1080,0,,7.8,7.73,1
PO-002808,37,16,7,2025-02-18,2025-03-20,2025-03-18,579,579,0,,7.8,7.53,1
PO-002809,37,16,8,2025-02-25,2025-03-27,2025-03-13,629,629,0,,7.8,7.58,1
PO-002810,37,16,6,2025-03-04,2025-04-03,2025-03-21,822,822,0,,7.8,7.6,1
PO-002811,37,16,6,2025-03-11,2025-04-10,2025-04-07,584,584,0,,7.8,7.6,1
PO-002812,37,16,4,2025-03-18,2025-04-17,2025-04-14,869,869,0,,7.8,7.56,1
PO-002813,37,16,2,2025-03-25,2025-04-24,2025-04-23,759,759,0,,7.8,7.57,1
PO-002814,37,16,10,2025-04-01,2025-05-01,2025-04-20,592,592,0,,7.8,7.6,1
PO-002815,37,16,4,2025-04-08,2025-05-08,2025-05-06,578,578,0,,7.8,7.67,1
PO-002816,37,16,1,2025-04-15,2025-05-15,2025-05-10,386,386,0,,7.8,7.6,1
PO-002817,37,16,2,2025-04-22,2025-05-22,2025-05-20,484,484,0,,7.8,7.61,1
PO-002818,37,16,8,2025-04-29,2025-05-29,2025-05-27,708,708,0,,7.8,7.63,1
PO-002819,37,16,8,2025-05-06,2025-06-05,2025-06-04,752,752,0,,7.8,7.71,1
PO-002820,37,16,6,2025-05-13,2025-06-12,2025-06-10,773,773,92,Documentation incomplete,7.8,7.52,1
PO-002821,37,16,8,2025-05-20,2025-06-19,2025-06-17,542,542,31,Failed spec check,7.8,7.54,1
PO-002822,37,16,10,2025-05-27,2025-06-26,2025-06-22,641,641,28,Damaged packaging,7.8,7.61,1
PO-002823,37,16,10,2025-06-03,2025-07-03,2025-07-01,589,589,0,,7.8,7.62,1
PO-002824,37,16,1,2025-06-10,2025-07-10,2025-07-02,847,847,0,,7.8,7.58,1
PO-002825,37,16,10,2025-06-17,2025-07-17,2025-07-10,716,716,0,,7.8,7.46,1
PO-002826,37,16,4,2025-06-24,2025-07-24,2025-07-21,624,624,0,,7.8,7.7,1
PO-002827,37,16,2,2025-07-01,2025-07-31,2025-07-30,689,689,0,,7.8,7.72,1
PO-002828,37,16,8,2025-07-08,2025-08-07,2025-07-30,468,468,0,,7.8,7.64,1
PO-002829,37,16,2,2025-07-15,2025-08-14,2025-08-10,814,814,92,Short shelf life on arrival,7.8,7.63,1
PO-002830,37,16,10,2025-07-22,2025-08-21,2025-08-19,552,552,0,,7.8,7.64,1
PO-002831,37,16,2,2025-07-29,2025-08-28,2025-08-27,418,418,0,,7.8,7.69,1
PO-002832,37,16,10,2025-08-05,2025-09-04,2025-08-28,752,752,0,,7.8,7.5,1
PO-002833,37,16,7,2025-08-12,2025-09-11,2025-09-06,757,757,0,,7.8,7.62,1
PO-002834,37,16,5,2025-08-19,2025-09-18,2025-09-10,711,711,0,,7.8,7.53,1
PO-002835,37,16,1,2025-08-26,2025-09-25,2025-09-25,492,492,0,,7.8,7.68,1
PO-002836,37,16,2,2025-09-02,2025-10-02,2025-09-22,759,759,0,,7.8,7.44,1
PO-002837,37,16,5,2025-09-09,2025-10-09,2025-10-06,902,902,0,,7.8,7.51,1
PO-002838,37,16,5,2025-09-16,2025-10-16,2025-10-13,664,664,0,,7.8,7.63,1
PO-002839,37,16,10,2025-09-23,2025-10-23,2025-10-21,685,685,0,,7.8,7.61,1
PO-002840,37,16,4,2025-09-30,2025-10-30,2025-10-22,602,602,0,,7.8,7.52,1
PO-002841,37,16,1,2025-10-07,2025-11-06,2025-10-30,538,538,0,,7.8,7.67,1
PO-002842,37,16,4,2025-10-14,2025-11-13,2025-11-12,356,356,0,,7.8,7.55,1
PO-002843,37,16,8,2025-10-21,2025-11-20,2025-11-17,825,825,0,,7.8,7.63,1
PO-002844,37,16,6,2025-10-28,2025-11-27,2025-11-23,854,854,113,Short shelf life on arrival,7.8,7.7,1
PO-002845,37,16,1,2025-11-04,2025-12-04,2025-11-23,695,695,0,,7.8,7.68,1
PO-002846,37,16,4,2025-11-11,2025-12-11,2025-12-08,446,446,0,,7.8,7.75,1
PO-002847,37,16,4,2025-11-18,2025-12-18,2025-12-07,778,778,0,,7.8,7.74,1
PO-002848,37,16,10,2025-11-25,2025-12-25,2025-12-20,824,824,0,,7.8,7.63,1
PO-002849,37,16,6,2025-12-02,2026-01-01,2026-01-01,698,698,0,,7.8,7.7,1
PO-002850,37,16,8,2025-12-09,2026-01-08,2026-01-06,811,811,0,,7.8,7.6,1
PO-002851,37,16,7,2025-12-16,2026-01-15,2026-01-13,501,501,0,,7.8,7.48,1
PO-002852,37,16,1,2025-12-23,2026-01-22,2026-01-10,763,763,0,,7.8,7.52,1
PO-002853,37,16,5,2025-12-30,2026-01-29,2026-01-28,705,705,0,,7.8,7.75,1
PO-002854,37,16,4,2026-01-06,2026-02-05,2026-02-04,675,675,0,,7.8,7.62,1
PO-002855,37,16,6,2026-01-13,2026-02-12,2026-02-05,543,543,0,,7.8,7.5,1
PO-002856,37,16,1,2026-01-20,2026-02-19,2026-02-19,684,684,0,,7.8,7.68,1
PO-002857,37,16,10,2026-01-27,2026-02-26,2026-02-23,753,753,0,,7.8,7.56,1
PO-002858,37,16,1,2026-02-03,2026-03-05,2026-03-13,536,536,0,,7.8,7.6,1
PO-002859,37,16,4,2026-02-10,2026-03-12,2026-03-11,636,636,0,,7.8,7.68,1
PO-002860,37,16,6,2026-02-17,2026-03-19,2026-03-13,595,595,0,,7.8,7.65,1
PO-002861,37,16,7,2026-02-24,2026-03-26,2026-03-24,723,723,0,,7.8,7.67,1
PO-002862,37,16,10,2026-03-03,2026-04-02,2026-04-01,719,719,0,,7.8,7.83,1
PO-002863,37,16,1,2026-03-10,2026-04-09,2026-04-05,569,569,0,,7.8,7.58,1
PO-002864,37,16,4,2026-03-17,2026-04-16,2026-04-02,829,829,0,,7.8,7.59,1
PO-002865,37,16,10,2026-03-24,2026-04-23,2026-04-17,638,638,0,,7.8,7.52,1
PO-002866,37,16,2,2026-03-31,2026-04-30,2026-04-22,852,852,0,,7.8,7.51,1
PO-002867,37,16,5,2026-04-07,2026-05-07,2026-05-01,666,666,0,,7.8,7.59,1
PO-002868,37,16,5,2026-04-14,2026-05-14,2026-05-14,848,848,51,Temperature excursion in transit,7.8,7.54,1
PO-002869,37,16,1,2026-04-21,2026-05-21,2026-05-17,841,841,0,,7.8,7.62,1
PO-002870,37,16,10,2026-04-28,2026-05-28,2026-05-27,667,667,0,,7.8,7.69,1
PO-002871,37,16,6,2026-05-05,2026-06-04,2026-06-02,624,624,0,,7.8,7.54,1
PO-002872,37,16,6,2026-05-12,2026-06-11,2026-06-09,513,513,0,,7.8,7.58,1
PO-002873,37,16,5,2026-05-19,2026-06-18,2026-06-08,324,324,0,,7.8,7.62,1
PO-002874,37,16,7,2026-05-26,2026-06-25,2026-06-23,793,793,0,,7.8,7.81,1
PO-002875,37,16,5,2026-06-02,2026-07-02,2026-06-23,848,848,0,,7.8,7.67,1
PO-002876,37,16,10,2026-06-09,2026-07-09,2026-07-04,760,760,0,,7.8,7.6,1
PO-002877,37,16,7,2026-06-16,2026-07-16,2026-07-10,785,785,0,,7.8,7.58,1
PO-002878,37,16,10,2026-06-23,2026-07-23,2026-07-19,697,697,0,,7.8,7.63,1
PO-002879,37,16,6,2026-06-30,2026-07-30,2026-07-24,904,904,0,,7.8,7.63,1
PO-002880,38,22,10,2025-04-22,2025-06-09,2025-05-22,212,212,0,,30.44,30.94,0
PO-002881,38,22,6,2025-05-27,2025-07-14,2025-06-29,412,412,0,,30.44,30.73,0
PO-002882,38,22,10,2025-06-24,2025-08-11,2025-09-05,198,198,0,,30.44,30.87,0
PO-002883,38,22,4,2025-07-01,2025-08-18,2025-08-17,230,230,0,,30.44,30.63,0
PO-002884,38,22,2,2025-09-02,2025-10-20,2025-10-16,285,285,0,,30.44,30.8,0
PO-002885,38,22,10,2025-09-16,2025-11-03,2025-10-26,230,230,0,,30.44,30.3,0
PO-002886,38,22,1,2025-10-14,2025-12-01,2025-11-23,289,289,0,,30.44,30.53,0
PO-002887,38,22,2,2025-12-30,2026-02-16,2026-01-24,285,285,0,,30.44,30.78,0
PO-002888,38,22,10,2026-02-17,2026-04-06,2026-03-29,289,289,0,,30.44,30.74,0
PO-002889,38,22,5,2026-05-05,2026-06-22,2026-05-18,263,263,0,,30.44,30.79,0
PO-002890,38,22,6,2026-06-16,2026-08-03,2026-07-27,269,269,0,,30.44,30.55,0
PO-002891,38,15,4,2025-01-07,2025-02-20,2025-01-27,250,250,0,,30.69,30.99,1
PO-002892,38,15,5,2025-01-14,2025-02-27,2025-02-22,250,250,0,,30.69,30.72,1
PO-002893,38,15,2,2025-01-21,2025-03-06,2025-02-24,270,270,0,,30.69,30.75,1
PO-002894,38,15,10,2025-01-28,2025-03-13,2025-03-10,272,272,0,,30.69,30.53,1
PO-002895,38,15,2,2025-02-04,2025-03-20,2025-03-14,302,302,0,,30.69,30.83,1
PO-002896,38,15,10,2025-02-11,2025-03-27,2025-03-22,309,309,0,,30.69,30.73,1
PO-002897,38,15,7,2025-02-18,2025-04-03,2025-04-09,250,250,0,,30.69,30.61,1
PO-002898,38,15,5,2025-02-25,2025-04-10,2025-03-31,342,342,0,,30.69,31.07,1
PO-002899,38,15,4,2025-03-11,2025-04-24,2025-04-18,304,304,0,,30.69,31.02,1
PO-002900,38,15,8,2025-03-18,2025-05-01,2025-04-28,250,250,0,,30.69,30.63,1
PO-002901,38,15,1,2025-03-25,2025-05-08,2025-04-29,250,250,0,,30.69,30.5,1
PO-002902,38,15,5,2025-04-01,2025-05-15,2025-05-13,298,298,0,,30.69,30.2,1
PO-002903,38,15,6,2025-04-08,2025-05-22,2025-05-18,250,250,0,,30.69,30.96,1
PO-002904,38,15,4,2025-04-22,2025-06-05,2025-06-04,270,270,0,,30.69,30.58,1
PO-002905,38,15,1,2025-04-29,2025-06-12,2025-06-08,250,250,0,,30.69,30.85,1
PO-002906,38,15,4,2025-05-06,2025-06-19,2025-06-07,281,281,0,,30.69,30.67,1
PO-002907,38,15,6,2025-05-13,2025-06-26,2025-06-20,320,320,0,,30.69,30.7,1
PO-002908,38,15,10,2025-05-20,2025-07-03,2025-06-24,250,250,9,Failed spec check,30.69,30.18,1
PO-002909,38,15,2,2025-05-27,2025-07-10,2025-07-09,377,377,0,,30.69,30.62,1
PO-002910,38,15,4,2025-06-03,2025-07-17,2025-07-02,266,266,0,,30.69,30.54,1
PO-002911,38,15,1,2025-06-10,2025-07-24,2025-07-15,380,380,0,,30.69,30.83,1
PO-002912,38,15,7,2025-06-17,2025-07-31,2025-07-31,250,250,0,,30.69,30.26,1
PO-002913,38,15,4,2025-06-24,2025-08-07,2025-08-03,329,329,0,,30.69,30.84,1
PO-002914,38,15,1,2025-07-01,2025-08-14,2025-08-12,250,250,0,,30.69,30.91,1
PO-002915,38,15,2,2025-07-15,2025-08-28,2025-08-21,258,258,0,,30.69,30.3,1
PO-002916,38,15,2,2025-07-22,2025-09-04,2025-08-31,392,392,0,,30.69,31.17,1
PO-002917,38,15,1,2025-08-12,2025-09-25,2025-09-23,257,257,0,,30.69,30.41,1
PO-002918,38,15,4,2025-08-19,2025-10-02,2025-09-25,265,265,0,,30.69,31.2,1
PO-002919,38,15,8,2025-09-02,2025-10-16,2025-10-15,314,314,0,,30.69,31.26,1
PO-002920,38,15,7,2025-09-09,2025-10-23,2025-10-19,305,305,0,,30.69,30.49,1
PO-002921,38,15,4,2025-09-16,2025-10-30,2025-10-19,297,297,0,,30.69,30.39,1
PO-002922,38,15,2,2025-09-30,2025-11-13,2025-10-28,250,250,0,,30.69,31.32,1
PO-002923,38,15,7,2025-10-07,2025-11-20,2025-11-17,250,250,0,,30.69,30.85,1
PO-002924,38,15,4,2025-10-14,2025-11-27,2025-11-08,349,349,0,,30.69,30.16,1
PO-002925,38,15,4,2025-10-21,2025-12-04,2025-11-28,323,323,0,,30.69,30.39,1
PO-002926,38,15,7,2025-11-11,2025-12-25,2025-12-16,335,335,0,,30.69,31.01,1
PO-002927,38,15,7,2025-11-25,2026-01-08,2026-01-02,250,250,0,,30.69,30.35,1
PO-002928,38,15,4,2025-12-02,2026-01-15,2026-01-12,300,300,0,,30.69,30.69,1
PO-002929,38,15,7,2025-12-09,2026-01-22,2026-01-18,324,324,0,,30.69,30.95,1
PO-002930,38,15,6,2025-12-16,2026-01-29,2026-01-28,323,323,0,,30.69,31.01,1
PO-002931,38,15,5,2025-12-23,2026-02-05,2026-01-25,250,250,0,,30.69,30.9,1
PO-002932,38,15,2,2025-12-30,2026-02-12,2026-01-25,357,357,0,,30.69,30.84,1
PO-002933,38,15,4,2026-01-06,2026-02-19,2026-02-15,306,306,0,,30.69,30.39,1
PO-002934,38,15,6,2026-01-13,2026-02-26,2026-02-06,339,339,0,,30.69,30.56,1
PO-002935,38,15,7,2026-01-20,2026-03-05,2026-02-24,273,273,0,,30.69,30.69,1
PO-002936,38,15,7,2026-01-27,2026-03-12,2026-03-08,333,333,0,,30.69,30.79,1
PO-002937,38,15,4,2026-02-03,2026-03-19,2026-03-08,320,320,0,,30.69,30.74,1
PO-002938,38,15,1,2026-02-17,2026-04-02,2026-03-27,250,250,0,,30.69,31.03,1
PO-002939,38,15,8,2026-02-24,2026-04-09,2026-04-05,250,250,0,,30.69,29.79,1
PO-002940,38,15,8,2026-03-03,2026-04-16,2026-04-04,250,250,0,,30.69,30.97,1
PO-002941,38,15,7,2026-03-17,2026-04-30,2026-04-17,292,292,0,,30.69,31.28,1
PO-002942,38,15,4,2026-03-31,2026-05-14,2026-05-09,374,348,0,,30.69,30.86,1
PO-002943,38,15,8,2026-04-14,2026-05-28,2026-05-27,357,357,0,,30.69,30.08,1
PO-002944,38,15,2,2026-04-21,2026-06-04,2026-06-04,281,281,0,,30.69,30.97,1
PO-002945,38,15,2,2026-05-05,2026-06-18,2026-06-10,250,250,0,,30.69,30.57,1
PO-002946,38,15,6,2026-05-19,2026-07-02,2026-07-01,366,366,0,,30.69,30.1,1
PO-002947,38,15,8,2026-05-26,2026-07-09,2026-07-19,250,237,0,,30.69,30.59,1
PO-002948,38,15,2,2026-06-02,2026-07-16,2026-07-06,285,285,0,,30.69,30.93,1
PO-002949,38,15,2,2026-06-09,2026-07-23,2026-07-21,291,291,0,,30.69,30.91,1
PO-002950,38,15,1,2026-06-16,2026-07-30,2026-07-23,250,250,0,,30.69,30.84,1
PO-002951,38,15,2,2026-06-23,2026-08-06,2026-07-29,272,272,11,Damaged packaging,30.69,31.08,1
PO-002952,38,15,7,2026-06-30,2026-08-13,2026-08-07,250,250,0,,30.69,31.08,1
PO-002953,38,10,10,2025-05-27,2025-07-01,2025-06-23,362,362,0,,34.64,34.11,0
PO-002954,38,10,10,2025-06-10,2025-07-15,2025-07-25,276,276,0,,34.64,33.93,0
PO-002955,38,10,2,2025-08-12,2025-09-16,2025-09-15,300,300,0,,34.64,34.59,0
PO-002956,38,10,8,2025-09-02,2025-10-07,2025-09-22,346,346,0,,34.64,34.34,0
PO-002957,38,10,8,2025-12-30,2026-02-03,2026-02-19,252,252,0,,34.64,34.94,0
PO-002958,38,10,5,2026-04-28,2026-06-02,2026-05-27,306,306,0,,34.64,34.53,0
PO-002959,39,11,5,2025-01-14,2025-01-24,2025-01-24,250,250,0,,4.95,5.04,0
PO-002960,39,11,10,2025-04-15,2025-04-25,2025-04-25,313,313,0,,4.95,5.0,0
PO-002961,39,11,4,2025-05-20,2025-05-30,2025-05-30,257,257,7,Failed spec check,4.95,4.87,0
PO-002962,39,11,1,2025-06-03,2025-06-13,2025-06-12,305,305,0,,4.95,5.01,0
PO-002963,39,11,4,2025-06-24,2025-07-04,2025-07-03,250,250,0,,4.95,5.03,0
PO-002964,39,11,10,2025-08-19,2025-08-29,2025-08-27,250,250,0,,4.95,5.02,0
PO-002965,39,11,7,2025-09-02,2025-09-12,2025-09-12,271,271,0,,4.95,5.05,0
PO-002966,39,11,10,2025-09-09,2025-09-19,2025-09-18,292,292,0,,4.95,4.94,0
PO-002967,39,11,1,2025-11-25,2025-12-05,2025-12-05,286,286,0,,4.95,5.01,0
PO-002968,39,11,5,2026-02-03,2026-02-13,2026-02-13,250,250,0,,4.95,5.01,0
PO-002969,39,11,5,2026-03-03,2026-03-13,2026-03-13,294,294,8,Failed spec check,4.95,5.08,0
PO-002970,39,11,7,2026-03-10,2026-03-20,2026-03-19,250,250,7,Temperature excursion in transit,4.95,5.05,0
PO-002971,39,11,7,2026-03-17,2026-03-27,2026-03-25,307,307,0,,4.95,5.0,0
PO-002972,39,11,3,2026-04-14,2026-04-24,2026-04-24,250,250,0,,4.95,4.94,0
PO-002973,39,11,3,2026-04-28,2026-05-08,2026-05-07,263,263,0,,4.95,5.04,0
PO-002974,39,11,9,2026-05-12,2026-05-22,2026-05-23,317,317,0,,4.95,5.02,0
PO-002975,39,11,10,2026-06-02,2026-06-12,2026-06-11,290,290,0,,4.95,4.99,0
PO-002976,39,11,10,2026-06-09,2026-06-19,2026-06-20,262,262,0,,4.95,4.95,0
PO-002977,39,11,9,2026-06-16,2026-06-26,2026-06-24,312,312,0,,4.95,4.99,0
PO-002978,39,23,9,2025-01-14,2025-01-24,2025-01-22,369,369,0,,5.04,5.48,1
PO-002979,39,23,7,2025-01-21,2025-01-31,2025-01-31,377,377,0,,5.04,5.41,1
PO-002980,39,23,3,2025-01-28,2025-02-07,2025-02-07,213,213,0,,5.04,5.41,1
PO-002981,39,23,7,2025-02-04,2025-02-14,2025-02-13,345,345,0,,5.04,5.32,1
PO-002982,39,23,1,2025-02-11,2025-02-21,2025-02-21,315,315,0,,5.04,5.3,1
PO-002983,39,23,3,2025-02-18,2025-02-28,2025-02-27,405,405,0,,5.04,5.36,1
PO-002984,39,23,3,2025-02-25,2025-03-07,2025-03-06,366,366,0,,5.04,5.45,1
PO-002985,39,23,4,2025-03-04,2025-03-14,2025-03-12,437,437,0,,5.04,5.38,1
PO-002986,39,23,9,2025-03-18,2025-03-28,2025-03-28,380,380,0,,5.04,5.53,1
PO-002987,39,23,4,2025-03-25,2025-04-04,2025-04-04,391,391,0,,5.04,5.37,1
PO-002988,39,23,1,2025-04-01,2025-04-11,2025-04-10,347,347,0,,5.04,5.41,1
PO-002989,39,23,7,2025-04-08,2025-04-18,2025-04-17,340,340,0,,5.04,5.43,1
PO-002990,39,23,10,2025-04-22,2025-05-02,2025-05-01,340,340,0,,5.04,5.33,1
PO-002991,39,23,5,2025-05-06,2025-05-16,2025-06-01,386,386,0,,5.04,5.3,1
PO-002992,39,23,1,2025-05-13,2025-05-23,2025-05-20,413,413,0,,5.04,5.39,1
PO-002993,39,23,4,2025-05-20,2025-05-30,2025-05-29,418,418,0,,5.04,5.37,1
PO-002994,39,23,1,2025-05-27,2025-06-06,2025-06-04,439,439,0,,5.04,5.41,1
PO-002995,39,23,3,2025-06-03,2025-06-13,2025-06-12,336,336,0,,5.04,5.37,1
PO-002996,39,23,9,2025-06-10,2025-06-20,2025-06-19,397,397,0,,5.04,5.54,1
PO-002997,39,23,3,2025-06-17,2025-06-27,2025-06-25,310,310,0,,5.04,5.24,1
PO-002998,39,23,5,2025-07-01,2025-07-11,2025-07-10,283,283,0,,5.04,5.46,1
PO-002999,39,23,3,2025-07-08,2025-07-18,2025-07-18,381,381,0,,5.04,5.35,1
PO-003000,39,23,4,2025-07-15,2025-07-25,2025-07-25,318,318,0,,5.04,5.36,1
PO-003001,39,23,5,2025-07-22,2025-08-01,2025-07-31,300,300,0,,5.04,5.43,1
PO-003002,39,23,9,2025-07-29,2025-08-08,2025-08-07,496,496,0,,5.04,5.35,1
PO-003003,39,23,5,2025-08-12,2025-08-22,2025-08-21,352,352,0,,5.04,5.38,1
PO-003004,39,23,9,2025-08-19,2025-08-29,2025-08-29,329,329,0,,5.04,5.48,1
PO-003005,39,23,1,2025-08-26,2025-09-05,2025-09-04,354,354,0,,5.04,5.37,1
PO-003006,39,23,5,2025-09-02,2025-09-12,2025-09-11,433,433,0,,5.04,5.32,1
PO-003007,39,23,4,2025-09-09,2025-09-19,2025-09-19,293,293,0,,5.04,5.24,1
PO-003008,39,23,1,2025-09-16,2025-09-26,2025-09-26,288,288,0,,5.04,5.43,1
PO-003009,39,23,3,2025-09-23,2025-10-03,2025-10-03,320,320,0,,5.04,5.42,1
PO-003010,39,23,4,2025-09-30,2025-10-10,2025-10-07,328,328,0,,5.04,5.46,1
PO-003011,39,23,10,2025-10-07,2025-10-17,2025-10-16,411,411,0,,5.04,5.38,1
PO-003012,39,23,1,2025-10-14,2025-10-24,2025-10-24,289,289,0,,5.04,5.3,1
PO-003013,39,23,4,2025-10-21,2025-10-31,2025-10-29,337,337,0,,5.04,5.4,1
PO-003014,39,23,3,2025-10-28,2025-11-07,2025-11-06,456,456,0,,5.04,5.33,1
PO-003015,39,23,5,2025-11-04,2025-11-14,2025-11-13,565,565,0,,5.04,5.37,1
PO-003016,39,23,1,2025-11-11,2025-11-21,2025-11-23,250,250,0,,5.04,5.36,1
PO-003017,39,23,10,2025-11-18,2025-11-28,2025-11-26,349,349,0,,5.04,5.38,1
PO-003018,39,23,1,2025-11-25,2025-12-05,2025-12-04,308,308,0,,5.04,5.3,1
PO-003019,39,23,1,2025-12-02,2025-12-12,2025-12-12,405,405,0,,5.04,5.4,1
PO-003020,39,23,9,2025-12-09,2025-12-19,2025-12-19,315,315,0,,5.04,5.46,1
PO-003021,39,23,10,2026-01-06,2026-01-16,2026-01-14,351,351,0,,5.04,5.42,1
PO-003022,39,23,3,2026-01-13,2026-01-23,2026-01-23,321,321,0,,5.04,5.35,1
PO-003023,39,23,10,2026-01-27,2026-02-06,2026-02-06,386,386,0,,5.04,5.4,1
PO-003024,39,23,7,2026-02-03,2026-02-13,2026-02-12,363,363,0,,5.04,5.43,1
PO-003025,39,23,10,2026-02-10,2026-02-20,2026-02-20,394,394,0,,5.04,5.38,1
PO-003026,39,23,3,2026-02-17,2026-02-27,2026-02-27,394,394,0,,5.04,5.33,1
PO-003027,39,23,10,2026-02-24,2026-03-06,2026-03-07,399,399,0,,5.04,5.38,1
PO-003028,39,23,10,2026-03-03,2026-03-13,2026-03-12,373,373,0,,5.04,5.43,1
PO-003029,39,23,3,2026-03-10,2026-03-20,2026-03-20,321,321,0,,5.04,5.42,1
PO-003030,39,23,9,2026-03-17,2026-03-27,2026-03-26,392,392,0,,5.04,5.33,1
PO-003031,39,23,1,2026-03-24,2026-04-03,2026-04-01,351,351,10,Damaged packaging,5.04,5.32,1
PO-003032,39,23,10,2026-03-31,2026-04-10,2026-04-11,466,466,0,,5.04,5.42,1
PO-003033,39,23,1,2026-04-07,2026-04-17,2026-04-16,378,378,0,,5.04,5.45,1
PO-003034,39,23,1,2026-04-14,2026-04-24,2026-04-23,380,380,0,,5.04,5.47,1
PO-003035,39,23,5,2026-04-21,2026-05-01,2026-04-30,283,283,0,,5.04,5.43,1
PO-003036,39,23,9,2026-04-28,2026-05-08,2026-05-07,423,423,0,,5.04,5.31,1
PO-003037,39,23,4,2026-05-05,2026-05-15,2026-05-15,246,246,0,,5.04,5.28,1
PO-003038,39,23,3,2026-05-12,2026-05-22,2026-05-21,368,368,0,,5.04,5.4,1
PO-003039,39,23,9,2026-05-19,2026-05-29,2026-05-29,246,246,0,,5.04,5.36,1
PO-003040,39,23,5,2026-05-26,2026-06-05,2026-06-06,300,300,0,,5.04,5.5,1
PO-003041,39,23,3,2026-06-02,2026-06-12,2026-06-13,341,341,0,,5.04,5.36,1
PO-003042,39,23,4,2026-06-09,2026-06-19,2026-06-18,384,384,0,,5.04,5.41,1
PO-003043,39,23,3,2026-06-16,2026-06-26,2026-06-25,375,375,0,,5.04,5.41,1
PO-003044,39,23,9,2026-06-23,2026-07-03,2026-07-03,410,410,0,,5.04,5.45,1
PO-003045,39,23,9,2026-06-30,2026-07-10,2026-07-10,268,268,0,,5.04,5.33,1
PO-003046,40,8,5,2025-01-07,2025-02-13,2025-02-19,88,88,0,,8.37,8.9,1
PO-003047,40,8,1,2025-01-14,2025-02-20,2025-02-17,81,81,0,,8.37,8.92,1
PO-003048,40,8,1,2025-01-21,2025-02-27,2025-02-25,100,100,0,,8.37,8.96,1
PO-003049,40,8,6,2025-01-28,2025-03-06,2025-02-21,96,96,0,,8.37,8.86,1
PO-003050,40,8,7,2025-02-04,2025-03-13,2025-03-12,103,103,0,,8.37,8.83,1
PO-003051,40,8,5,2025-02-11,2025-03-20,2025-03-05,95,95,0,,8.37,8.83,1
PO-003052,40,8,5,2025-02-18,2025-03-27,2025-03-28,129,129,0,,8.37,8.97,1
PO-003053,40,8,1,2025-02-25,2025-04-03,2025-03-25,62,62,0,,8.37,8.76,1
PO-003054,40,8,7,2025-03-04,2025-04-10,2025-05-02,121,121,0,,8.37,8.92,1
PO-003055,40,8,5,2025-03-11,2025-04-17,2025-04-08,143,143,6,Temperature excursion in transit,8.37,8.83,1
PO-003056,40,8,1,2025-03-18,2025-04-24,2025-04-15,74,74,3,Damaged packaging,8.37,9.01,1
PO-003057,40,8,7,2025-03-25,2025-05-01,2025-04-22,112,112,0,,8.37,8.79,1
PO-003058,40,8,7,2025-04-01,2025-05-08,2025-05-14,125,125,0,,8.37,8.98,1
PO-003059,40,8,2,2025-04-08,2025-05-15,2025-05-08,139,139,0,,8.37,8.79,1
PO-003060,40,8,10,2025-04-15,2025-05-22,2025-05-16,137,137,0,,8.37,8.81,1
PO-003061,40,8,7,2025-04-22,2025-05-29,2025-05-29,117,117,0,,8.37,8.92,1
PO-003062,40,8,10,2025-04-29,2025-06-05,2025-06-04,93,93,0,,8.37,8.88,1
PO-003063,40,8,1,2025-05-06,2025-06-12,2025-06-11,106,106,0,,8.37,8.83,1
PO-003064,40,8,8,2025-05-13,2025-06-19,2025-06-27,108,103,0,,8.37,8.86,1
PO-003065,40,8,7,2025-05-20,2025-06-26,2025-06-12,121,121,0,,8.37,9.08,1
PO-003066,40,8,4,2025-05-27,2025-07-03,2025-06-22,126,126,0,,8.37,8.91,1
PO-003067,40,8,2,2025-06-03,2025-07-10,2025-06-28,108,108,0,,8.37,8.72,1
PO-003068,40,8,7,2025-06-10,2025-07-17,2025-07-16,81,81,0,,8.37,8.93,1
PO-003069,40,8,4,2025-06-17,2025-07-24,2025-07-06,42,42,0,,8.37,9.01,1
PO-003070,40,8,8,2025-06-24,2025-07-31,2025-07-25,110,110,0,,8.37,8.84,1
PO-003071,40,8,8,2025-07-01,2025-08-07,2025-08-01,88,88,0,,8.37,8.77,1
PO-003072,40,8,2,2025-07-08,2025-08-14,2025-08-08,89,89,0,,8.37,8.89,1
PO-003073,40,8,8,2025-07-15,2025-08-21,2025-08-12,104,96,0,,8.37,8.88,1
PO-003074,40,8,4,2025-07-22,2025-08-28,2025-08-19,125,125,0,,8.37,9.11,1
PO-003075,40,8,4,2025-07-29,2025-09-04,2025-09-10,84,84,0,,8.37,8.98,1
PO-003076,40,8,4,2025-08-05,2025-09-11,2025-09-02,106,106,0,,8.37,8.78,1
PO-003077,40,8,4,2025-08-12,2025-09-18,2025-09-14,95,95,0,,8.37,8.96,1
PO-003078,40,8,1,2025-08-19,2025-09-25,2025-09-17,71,71,0,,8.37,8.94,1
PO-003079,40,8,10,2025-08-26,2025-10-02,2025-09-25,82,82,0,,8.37,8.8,1
PO-003080,40,8,4,2025-09-02,2025-10-09,2025-10-09,124,124,0,,8.37,8.88,1
PO-003081,40,8,10,2025-09-09,2025-10-16,2025-10-12,111,111,0,,8.37,8.86,1
PO-003082,40,8,7,2025-09-16,2025-10-23,2025-10-15,90,90,0,,8.37,8.97,1
PO-003083,40,8,2,2025-09-23,2025-10-30,2025-10-19,155,155,0,,8.37,8.91,1
PO-003084,40,8,1,2025-09-30,2025-11-06,2025-10-10,111,111,0,,8.37,8.83,1
PO-003085,40,8,7,2025-10-07,2025-11-13,2025-11-01,105,105,0,,8.37,8.76,1
PO-003086,40,8,1,2025-10-14,2025-11-20,2025-12-06,106,106,0,,8.37,8.73,1
PO-003087,40,8,8,2025-10-21,2025-11-27,2025-12-17,104,104,0,,8.37,8.76,1
PO-003088,40,8,2,2025-10-28,2025-12-04,2025-12-03,135,135,0,,8.37,8.88,1
PO-003089,40,8,7,2025-11-04,2025-12-11,2025-12-10,119,119,0,,8.37,8.95,1
PO-003090,40,8,5,2025-11-11,2025-12-18,2025-12-15,123,123,0,,8.37,8.96,1
PO-003091,40,8,6,2025-11-18,2025-12-25,2025-12-15,97,97,0,,8.37,8.91,1
PO-003092,40,8,8,2025-11-25,2026-01-01,2026-01-14,98,98,0,,8.37,8.88,1
PO-003093,40,8,4,2025-12-02,2026-01-08,2025-12-31,85,85,0,,8.37,8.85,1
PO-003094,40,8,2,2025-12-09,2026-01-15,2026-01-13,117,117,0,,8.37,8.8,1
PO-003095,40,8,2,2025-12-16,2026-01-22,2026-01-21,102,102,0,,8.37,8.73,1
PO-003096,40,8,8,2025-12-23,2026-01-29,2026-02-03,121,121,3,Documentation incomplete,8.37,8.86,1
PO-003097,40,8,2,2025-12-30,2026-02-05,2026-02-06,87,83,3,Short shelf life on arrival,8.37,8.85,1
PO-003098,40,8,6,2026-01-06,2026-02-12,2026-02-13,115,115,0,,8.37,8.96,1
PO-003099,40,8,8,2026-01-13,2026-02-19,2026-02-13,122,122,0,,8.37,8.89,1
PO-003100,40,8,5,2026-01-20,2026-02-26,2026-02-20,83,83,0,,8.37,8.97,1
PO-003101,40,8,10,2026-01-27,2026-03-05,2026-02-27,153,139,0,,8.37,8.9,1
PO-003102,40,8,1,2026-02-03,2026-03-12,2026-03-01,79,79,0,,8.37,8.95,1
PO-003103,40,8,6,2026-02-10,2026-03-19,2026-03-15,111,111,0,,8.37,8.9,1
PO-003104,40,8,8,2026-02-17,2026-03-26,2026-04-12,94,94,0,,8.37,8.85,1
PO-003105,40,8,8,2026-02-24,2026-04-02,2026-04-15,99,99,0,,8.37,8.95,1
PO-003106,40,8,7,2026-03-03,2026-04-09,2026-04-20,86,86,0,,8.37,8.96,1
PO-003107,40,8,10,2026-03-10,2026-04-16,2026-03-31,129,129,0,,8.37,8.87,1
PO-003108,40,8,6,2026-03-17,2026-04-23,2026-04-24,126,126,0,,8.37,8.92,1
PO-003109,40,8,4,2026-03-24,2026-04-30,2026-04-21,33,33,0,,8.37,8.86,1
PO-003110,40,8,2,2026-03-31,2026-05-07,2026-04-29,109,109,0,,8.37,8.96,1
PO-003111,40,8,1,2026-04-07,2026-05-14,2026-06-25,63,63,0,,8.37,8.97,1
PO-003112,40,8,4,2026-04-14,2026-05-21,2026-05-20,89,89,3,Documentation incomplete,8.37,8.86,1
PO-003113,40,8,8,2026-04-21,2026-05-28,2026-05-21,83,83,0,,8.37,8.89,1
PO-003114,40,8,7,2026-04-28,2026-06-04,2026-06-01,93,93,0,,8.37,8.73,1
PO-003115,40,8,8,2026-05-05,2026-06-11,2026-05-30,100,100,0,,8.37,8.96,1
PO-003116,40,8,10,2026-05-12,2026-06-18,2026-06-13,130,130,0,,8.37,8.75,1
PO-003117,40,8,10,2026-05-19,2026-06-25,2026-06-06,115,115,0,,8.37,8.97,1
PO-003118,40,8,8,2026-05-26,2026-07-02,2026-06-25,99,99,0,,8.37,9.04,1
PO-003119,40,8,1,2026-06-02,2026-07-09,2026-08-14,127,127,0,,8.37,8.9,1
PO-003120,40,8,1,2026-06-09,2026-07-16,2026-07-14,135,135,5,Failed spec check,8.37,8.91,1
PO-003121,40,8,10,2026-06-16,2026-07-23,2026-07-26,93,93,4,Temperature excursion in transit,8.37,9.02,1
PO-003122,40,8,8,2026-06-23,2026-07-30,2026-07-28,111,111,5,Damaged packaging,8.37,9.07,1
PO-003123,40,8,10,2026-06-30,2026-08-06,2026-07-09,93,93,0,,8.37,9.04,1
PO-003124,41,16,10,2025-01-07,2025-02-08,2025-02-08,128,128,0,,7.26,6.97,1
PO-003125,41,16,2,2025-01-14,2025-02-15,2025-02-11,175,175,0,,7.26,7.18,1
PO-003126,41,16,6,2025-01-21,2025-02-22,2025-02-22,244,244,0,,7.26,7.02,1
PO-003127,41,16,10,2025-01-28,2025-03-01,2025-02-28,174,174,0,,7.26,7.13,1
PO-003128,41,16,1,2025-02-04,2025-03-08,2025-03-01,153,153,0,,7.26,7.15,1
PO-003129,41,16,7,2025-02-11,2025-03-15,2025-03-14,132,132,0,,7.26,6.96,1
PO-003130,41,16,2,2025-02-18,2025-03-22,2025-03-20,290,290,0,,7.26,7.09,1
PO-003131,41,16,6,2025-02-25,2025-03-29,2025-03-19,178,178,0,,7.26,7.07,1
PO-003132,41,16,8,2025-03-04,2025-04-05,2025-04-04,140,140,0,,7.26,7.08,1
PO-003133,41,16,10,2025-03-11,2025-04-12,2025-04-10,198,198,0,,7.26,7.02,1
PO-003134,41,16,2,2025-03-18,2025-04-19,2025-04-18,86,86,0,,7.26,7.09,1
PO-003135,41,16,5,2025-03-25,2025-04-26,2025-04-20,166,166,0,,7.26,7.0,1
PO-003136,41,16,2,2025-04-01,2025-05-03,2025-04-29,123,123,0,,7.26,7.0,1
PO-003137,41,16,10,2025-04-08,2025-05-10,2025-05-10,154,154,0,,7.26,7.13,1
PO-003138,41,16,6,2025-04-15,2025-05-17,2025-05-12,136,136,0,,7.26,7.1,1
PO-003139,41,16,4,2025-04-22,2025-05-24,2025-05-16,134,134,0,,7.26,7.14,1
PO-003140,41,16,6,2025-04-29,2025-05-31,2025-05-31,156,156,0,,7.26,7.11,1
PO-003141,41,16,4,2025-05-06,2025-06-07,2025-06-04,137,137,0,,7.26,7.09,1
PO-003142,41,16,1,2025-05-13,2025-06-14,2025-06-08,168,168,0,,7.26,7.05,1
PO-003143,41,16,4,2025-05-20,2025-06-21,2025-06-15,206,206,0,,7.26,7.05,1
PO-003144,41,16,4,2025-05-27,2025-06-28,2025-06-25,134,134,0,,7.26,7.0,1
PO-003145,41,16,7,2025-06-03,2025-07-05,2025-07-01,244,244,0,,7.26,7.05,1
PO-003146,41,16,2,2025-06-10,2025-07-12,2025-07-02,118,118,0,,7.26,7.11,1
PO-003147,41,16,1,2025-06-17,2025-07-19,2025-07-14,178,178,0,,7.26,7.09,1
PO-003148,41,16,4,2025-06-24,2025-07-26,2025-07-22,151,151,0,,7.26,7.02,1
PO-003149,41,16,7,2025-07-01,2025-08-02,2025-08-02,134,134,8,Damaged packaging,7.26,7.02,1
PO-003150,41,16,6,2025-07-08,2025-08-09,2025-07-31,120,120,0,,7.26,7.05,1
PO-003151,41,16,8,2025-07-15,2025-08-16,2025-08-10,159,159,0,,7.26,7.08,1
PO-003152,41,16,2,2025-07-22,2025-08-23,2025-08-23,226,226,0,,7.26,7.11,1
PO-003153,41,16,6,2025-07-29,2025-08-30,2025-08-27,99,99,0,,7.26,7.1,1
PO-003154,41,16,10,2025-08-05,2025-09-06,2025-09-06,211,211,0,,7.26,7.12,1
PO-003155,41,16,1,2025-08-12,2025-09-13,2025-09-11,181,181,0,,7.26,7.09,1
PO-003156,41,16,5,2025-08-19,2025-09-20,2025-09-15,193,193,0,,7.26,7.15,1
PO-003157,41,16,2,2025-08-26,2025-09-27,2025-09-20,132,132,0,,7.26,7.08,1
PO-003158,41,16,4,2025-09-02,2025-10-04,2025-09-29,127,127,0,,7.26,7.2,1
PO-003159,41,16,5,2025-09-09,2025-10-11,2025-10-11,189,189,0,,7.26,7.01,1
PO-003160,41,16,6,2025-09-16,2025-10-18,2025-10-10,117,117,0,,7.26,7.08,1
PO-003161,41,16,5,2025-09-23,2025-10-25,2025-10-24,141,141,0,,7.26,7.19,1
PO-003162,41,16,8,2025-09-30,2025-11-01,2025-10-19,211,211,0,,7.26,7.11,1
PO-003163,41,16,10,2025-10-07,2025-11-08,2025-11-08,134,134,0,,7.26,7.04,1
PO-003164,41,16,2,2025-10-14,2025-11-15,2025-11-11,157,157,11,Damaged packaging,7.26,7.01,1
PO-003165,41,16,8,2025-10-21,2025-11-22,2025-11-19,168,168,0,,7.26,7.04,1
PO-003166,41,16,1,2025-10-28,2025-11-29,2025-11-28,160,160,0,,7.26,7.0,1
PO-003167,41,16,4,2025-11-04,2025-12-06,2025-12-01,189,189,0,,7.26,7.04,1
PO-003168,41,16,6,2025-11-11,2025-12-13,2025-12-31,126,126,0,,7.26,7.19,1
PO-003169,41,16,4,2025-11-18,2025-12-20,2025-12-14,217,217,0,,7.26,7.19,1
PO-003170,41,16,4,2025-11-25,2025-12-27,2025-12-24,195,195,0,,7.26,7.11,1
PO-003171,41,16,7,2025-12-02,2026-01-03,2026-01-02,99,99,0,,7.26,7.08,1
PO-003172,41,16,10,2025-12-09,2026-01-10,2026-01-02,190,190,0,,7.26,7.24,1
PO-003173,41,16,2,2025-12-16,2026-01-17,2026-01-09,147,147,0,,7.26,7.16,1
PO-003174,41,16,1,2025-12-23,2026-01-24,2026-01-21,186,186,0,,7.26,6.83,1
PO-003175,41,16,5,2025-12-30,2026-01-31,2026-01-30,181,181,0,,7.26,7.09,1
PO-003176,41,16,1,2026-01-06,2026-02-07,2026-02-04,209,209,0,,7.26,7.18,1
PO-003177,41,16,7,2026-01-13,2026-02-14,2026-02-11,186,186,0,,7.26,6.99,1
PO-003178,41,16,2,2026-01-20,2026-02-21,2026-02-09,148,148,0,,7.26,7.15,1
PO-003179,41,16,8,2026-01-27,2026-02-28,2026-02-18,153,153,0,,7.26,7.09,1
PO-003180,41,16,1,2026-02-03,2026-03-07,2026-03-01,141,141,0,,7.26,7.12,1
PO-003181,41,16,2,2026-02-10,2026-03-14,2026-03-09,164,164,0,,7.26,7.12,1
PO-003182,41,16,7,2026-02-17,2026-03-21,2026-03-16,143,143,0,,7.26,7.09,1
PO-003183,41,16,5,2026-02-24,2026-03-28,2026-03-27,233,233,0,,7.26,7.06,1
PO-003184,41,16,2,2026-03-03,2026-04-04,2026-04-02,174,174,0,,7.26,7.05,1
PO-003185,41,16,4,2026-03-10,2026-04-11,2026-04-02,133,133,0,,7.26,6.91,1
PO-003186,41,16,7,2026-03-17,2026-04-18,2026-04-13,155,155,0,,7.26,7.16,1
PO-003187,41,16,7,2026-03-24,2026-04-25,2026-04-16,211,211,0,,7.26,7.21,1
PO-003188,41,16,2,2026-03-31,2026-05-02,2026-05-02,196,196,0,,7.26,7.02,1
PO-003189,41,16,4,2026-04-07,2026-05-09,2026-05-07,148,148,0,,7.26,6.99,1
PO-003190,41,16,7,2026-04-14,2026-05-16,2026-05-01,185,185,0,,7.26,7.01,1
PO-003191,41,16,8,2026-04-21,2026-05-23,2026-05-14,162,162,0,,7.26,7.12,1
PO-003192,41,16,7,2026-04-28,2026-05-30,2026-05-20,234,234,0,,7.26,7.08,1
PO-003193,41,16,1,2026-05-05,2026-06-06,2026-06-01,163,163,0,,7.26,6.95,1
PO-003194,41,16,8,2026-05-12,2026-06-13,2026-06-10,181,181,0,,7.26,7.11,1
PO-003195,41,16,5,2026-05-19,2026-06-20,2026-06-20,150,150,0,,7.26,7.18,1
PO-003196,41,16,2,2026-05-26,2026-06-27,2026-06-26,139,139,18,Documentation incomplete,7.26,7.11,1
PO-003197,41,16,4,2026-06-02,2026-07-04,2026-06-30,216,216,0,,7.26,7.04,1
PO-003198,41,16,1,2026-06-09,2026-07-11,2026-07-11,228,228,0,,7.26,7.1,1
PO-003199,41,16,8,2026-06-16,2026-07-18,2026-07-17,150,150,0,,7.26,7.08,1
PO-003200,41,16,4,2026-06-23,2026-07-25,2026-07-24,140,140,0,,7.26,7.08,1
PO-003201,41,16,10,2026-06-30,2026-08-01,2026-07-29,161,161,0,,7.26,7.11,1
PO-003202,42,6,9,2025-01-07,2025-01-15,2025-01-13,500,500,0,,4.2,4.03,1
PO-003203,42,6,9,2025-01-14,2025-01-22,2025-01-20,500,500,0,,4.2,4.12,1
PO-003204,42,6,5,2025-01-21,2025-01-29,2025-01-28,500,500,0,,4.2,4.19,1
PO-003205,42,6,9,2025-01-28,2025-02-05,2025-02-04,500,500,0,,4.2,4.02,1
PO-003206,42,6,4,2025-02-04,2025-02-12,2025-02-12,500,500,0,,4.2,4.06,1
PO-003207,42,6,1,2025-02-11,2025-02-19,2025-02-19,500,500,0,,4.2,4.06,1
PO-003208,42,6,4,2025-02-18,2025-02-26,2025-02-24,500,500,0,,4.2,4.07,1
PO-003209,42,6,7,2025-02-25,2025-03-05,2025-03-06,500,500,0,,4.2,4.16,1
PO-003210,42,6,4,2025-03-04,2025-03-12,2025-03-11,500,500,0,,4.2,4.05,1
PO-003211,42,6,7,2025-03-11,2025-03-19,2025-03-18,500,500,0,,4.2,4.13,1
PO-003212,42,6,5,2025-03-18,2025-03-26,2025-03-25,500,500,0,,4.2,4.02,1
PO-003213,42,6,3,2025-03-25,2025-04-02,2025-04-01,500,500,0,,4.2,4.1,1
PO-003214,42,6,5,2025-04-01,2025-04-09,2025-04-09,500,500,0,,4.2,4.11,1
PO-003215,42,6,5,2025-04-08,2025-04-16,2025-04-15,500,468,0,,4.2,4.11,1
PO-003216,42,6,3,2025-04-15,2025-04-23,2025-04-22,500,500,0,,4.2,4.08,1
PO-003217,42,6,10,2025-04-22,2025-04-30,2025-04-29,500,500,0,,4.2,4.04,1
PO-003218,42,6,4,2025-04-29,2025-05-07,2025-05-05,500,500,0,,4.2,4.12,1
PO-003219,42,6,9,2025-05-06,2025-05-14,2025-05-14,500,500,0,,4.2,4.04,1
PO-003220,42,6,7,2025-05-13,2025-05-21,2025-05-20,500,469,0,,4.2,4.04,1
PO-003221,42,6,9,2025-05-20,2025-05-28,2025-05-26,500,500,0,,4.2,4.09,1
PO-003222,42,6,5,2025-05-27,2025-06-04,2025-06-03,500,500,0,,4.2,4.1,1
PO-003223,42,6,7,2025-06-03,2025-06-11,2025-06-10,500,500,0,,4.2,4.08,1
PO-003224,42,6,7,2025-06-10,2025-06-18,2025-06-17,500,500,0,,4.2,4.03,1
PO-003225,42,6,9,2025-06-17,2025-06-25,2025-06-25,500,460,0,,4.2,4.05,1
PO-003226,42,6,10,2025-06-24,2025-07-02,2025-06-30,500,500,0,,4.2,3.99,1
PO-003227,42,6,9,2025-07-01,2025-07-09,2025-07-08,500,500,0,,4.2,4.03,1
PO-003228,42,6,1,2025-07-08,2025-07-16,2025-07-14,500,500,0,,4.2,4.05,1
PO-003229,42,6,3,2025-07-15,2025-07-23,2025-07-23,500,500,0,,4.2,4.07,1
PO-003230,42,6,9,2025-07-22,2025-07-30,2025-07-27,500,500,0,,4.2,4.11,1
PO-003231,42,6,7,2025-07-29,2025-08-06,2025-08-04,500,500,0,,4.2,4.07,1
PO-003232,42,6,7,2025-08-05,2025-08-13,2025-08-12,500,500,0,,4.2,4.08,1
PO-003233,42,6,9,2025-08-12,2025-08-20,2025-08-27,500,500,0,,4.2,4.11,1
PO-003234,42,6,3,2025-08-19,2025-08-27,2025-08-26,500,500,0,,4.2,4.07,1
PO-003235,42,6,10,2025-08-26,2025-09-03,2025-09-02,500,500,0,,4.2,4.03,1
PO-003236,42,6,3,2025-09-02,2025-09-10,2025-09-10,500,500,0,,4.2,4.19,1
PO-003237,42,6,7,2025-09-09,2025-09-17,2025-09-17,500,500,0,,4.2,4.14,1
PO-003238,42,6,3,2025-09-16,2025-09-24,2025-09-21,500,478,20,Damaged packaging,4.2,4.08,1
PO-003239,42,6,10,2025-09-23,2025-10-01,2025-10-01,500,500,0,,4.2,4.06,1
PO-003240,42,6,1,2025-09-30,2025-10-08,2025-10-07,500,500,44,Short shelf life on arrival,4.2,4.07,1
PO-003241,42,6,3,2025-10-07,2025-10-15,2025-10-14,500,500,0,,4.2,4.09,1
PO-003242,42,6,10,2025-10-14,2025-10-22,2025-10-20,500,500,0,,4.2,4.05,1
PO-003243,42,6,3,2025-10-21,2025-10-29,2025-10-27,500,500,0,,4.2,4.1,1
PO-003244,42,6,3,2025-10-28,2025-11-05,2025-11-02,500,500,0,,4.2,4.14,1
PO-003245,42,6,5,2025-11-04,2025-11-12,2025-11-10,500,500,0,,4.2,4.11,1
PO-003246,42,6,7,2025-11-11,2025-11-19,2025-11-16,500,500,0,,4.2,4.15,1
PO-003247,42,6,3,2025-11-18,2025-11-26,2025-11-26,500,500,0,,4.2,4.09,1
PO-003248,42,6,9,2025-11-25,2025-12-03,2025-12-02,500,500,0,,4.2,4.08,1
PO-003249,42,6,3,2025-12-02,2025-12-10,2025-12-08,500,500,0,,4.2,4.14,1
PO-003250,42,6,7,2025-12-09,2025-12-17,2025-12-16,500,500,0,,4.2,4.02,1
PO-003251,42,6,3,2025-12-16,2025-12-24,2025-12-22,500,500,0,,4.2,4.08,1
PO-003252,42,6,9,2025-12-23,2025-12-31,2025-12-30,500,500,0,,4.2,4.09,1
PO-003253,42,6,5,2025-12-30,2026-01-07,2026-01-04,500,500,0,,4.2,4.08,1
PO-003254,42,6,5,2026-01-06,2026-01-14,2026-01-12,500,500,0,,4.2,4.1,1
PO-003255,42,6,5,2026-01-13,2026-01-21,2026-01-20,500,500,26,Failed spec check,4.2,4.09,1
PO-003256,42,6,5,2026-01-20,2026-01-28,2026-01-26,500,500,0,,4.2,4.08,1
PO-003257,42,6,4,2026-01-27,2026-02-04,2026-02-04,500,500,0,,4.2,4.09,1
PO-003258,42,6,9,2026-02-03,2026-02-11,2026-02-11,500,500,0,,4.2,4.08,1
PO-003259,42,6,1,2026-02-10,2026-02-18,2026-02-16,500,500,0,,4.2,4.03,1
PO-003260,42,6,3,2026-02-17,2026-02-25,2026-02-23,500,500,0,,4.2,4.12,1
PO-003261,42,6,9,2026-02-24,2026-03-04,2026-03-03,500,500,0,,4.2,4.09,1
PO-003262,42,6,9,2026-03-03,2026-03-11,2026-03-08,500,500,0,,4.2,4.08,1
PO-003263,42,6,4,2026-03-10,2026-03-18,2026-03-17,500,467,0,,4.2,4.09,1
PO-003264,42,6,7,2026-03-17,2026-03-25,2026-03-23,500,500,0,,4.2,4.02,1
PO-003265,42,6,4,2026-03-24,2026-04-01,2026-03-31,500,500,0,,4.2,4.08,1
PO-003266,42,6,10,2026-03-31,2026-04-08,2026-04-07,500,478,0,,4.2,4.1,1
PO-003267,42,6,10,2026-04-07,2026-04-15,2026-04-13,500,500,0,,4.2,4.06,1
PO-003268,42,6,9,2026-04-14,2026-04-22,2026-04-22,500,500,0,,4.2,4.1,1
PO-003269,42,6,1,2026-04-21,2026-04-29,2026-04-29,500,500,0,,4.2,4.04,1
PO-003270,42,6,10,2026-04-28,2026-05-06,2026-05-06,500,500,0,,4.2,4.07,1
PO-003271,42,6,7,2026-05-05,2026-05-13,2026-05-13,500,500,0,,4.2,4.05,1
PO-003272,42,6,10,2026-05-12,2026-05-20,2026-05-19,500,500,0,,4.2,4.13,1
PO-003273,42,6,1,2026-05-19,2026-05-27,2026-05-25,500,500,0,,4.2,4.11,1
PO-003274,42,6,7,2026-05-26,2026-06-03,2026-06-03,500,500,0,,4.2,4.01,1
PO-003275,42,6,4,2026-06-02,2026-06-10,2026-06-09,500,500,0,,4.2,4.1,1
PO-003276,42,6,10,2026-06-09,2026-06-17,2026-06-15,500,500,0,,4.2,4.09,1
PO-003277,42,6,10,2026-06-16,2026-06-24,2026-06-24,500,500,0,,4.2,4.12,1
PO-003278,42,6,10,2026-06-30,2026-07-08,2026-07-08,500,500,0,,4.2,4.1,1
PO-003279,42,23,10,2025-08-05,2025-08-17,2025-08-17,250,250,0,,3.84,4.02,0
PO-003280,42,23,10,2025-10-07,2025-10-19,2025-10-18,250,250,0,,3.84,4.05,0
PO-003281,42,23,3,2025-11-11,2025-11-23,2025-11-22,250,250,0,,3.84,4.04,0
PO-003282,43,23,10,2025-01-21,2025-01-30,2025-01-30,285,285,0,,20.1,21.29,0
PO-003283,43,23,9,2025-03-25,2025-04-03,2025-04-02,204,204,0,,20.1,21.48,0
PO-003284,43,23,7,2025-05-13,2025-05-22,2025-05-21,99,99,0,,20.1,21.48,0
PO-003285,43,23,1,2025-08-12,2025-08-21,2025-08-20,245,245,0,,20.1,21.46,0
PO-003286,43,23,10,2025-09-16,2025-09-25,2025-09-24,192,192,0,,20.1,21.35,0
PO-003287,43,23,9,2025-09-23,2025-10-02,2025-10-02,247,247,0,,20.1,21.31,0
PO-003288,43,23,10,2025-11-11,2025-11-20,2025-11-19,201,175,0,,20.1,21.55,0
PO-003289,43,23,1,2025-11-18,2025-11-27,2025-11-27,178,178,0,,20.1,21.62,0
PO-003290,43,23,9,2025-12-16,2025-12-25,2025-12-24,219,219,0,,20.1,21.47,0
PO-003291,43,23,10,2026-01-06,2026-01-15,2026-01-15,243,228,0,,20.1,21.51,0
PO-003292,43,23,5,2026-01-13,2026-01-22,2026-01-24,226,226,0,,20.1,21.5,0
PO-003293,43,23,10,2026-02-03,2026-02-12,2026-02-11,206,206,0,,20.1,21.68,0
PO-003294,43,23,4,2026-02-10,2026-02-19,2026-02-18,241,241,0,,20.1,21.8,0
PO-003295,43,23,1,2026-02-17,2026-02-26,2026-02-25,234,234,0,,20.1,21.27,0
PO-003296,43,23,7,2026-02-24,2026-03-05,2026-03-03,203,203,0,,20.1,21.66,0
PO-003297,43,23,5,2026-04-07,2026-04-16,2026-04-14,217,217,0,,20.1,21.28,0
PO-003298,43,23,7,2026-05-12,2026-05-21,2026-05-21,175,175,0,,20.1,21.62,0
PO-003299,43,23,3,2026-05-26,2026-06-04,2026-06-04,248,248,0,,20.1,21.38,0
PO-003300,43,23,4,2026-06-23,2026-07-02,2026-07-01,168,168,5,Damaged packaging,20.1,21.31,0
PO-003301,43,1,3,2025-01-07,2025-01-22,2025-01-20,256,256,0,,18.68,18.78,1
PO-003302,43,1,9,2025-01-14,2025-01-29,2025-02-12,146,146,0,,18.68,18.69,1
PO-003303,43,1,1,2025-01-21,2025-02-05,2025-02-02,199,199,0,,18.68,19.04,1
PO-003304,43,1,3,2025-02-04,2025-02-19,2025-02-24,207,207,0,,18.68,18.7,1
PO-003305,43,1,4,2025-02-11,2025-02-26,2025-03-02,134,134,0,,18.68,18.59,1
PO-003306,43,1,9,2025-03-18,2025-04-02,2025-04-08,216,216,0,,18.68,18.86,1
PO-003307,43,1,1,2025-03-25,2025-04-09,2025-04-10,205,205,0,,18.68,18.87,1
PO-003308,43,1,3,2025-04-15,2025-04-30,2025-05-12,167,167,0,,18.68,18.9,1
PO-003309,43,1,3,2025-04-22,2025-05-07,2025-05-09,219,219,0,,18.68,18.91,1
PO-003310,43,1,3,2025-05-06,2025-05-21,2025-05-20,201,201,0,,18.68,18.61,1
PO-003311,43,1,9,2025-05-13,2025-05-28,2025-05-26,184,184,0,,18.68,18.54,1
PO-003312,43,1,10,2025-05-20,2025-06-04,2025-06-03,168,168,0,,18.68,19.14,1
PO-003313,43,1,10,2025-05-27,2025-06-11,2025-06-10,241,241,0,,18.68,18.72,1
PO-003314,43,1,4,2025-06-10,2025-06-25,2025-06-22,206,201,0,,18.68,18.39,1
PO-003315,43,1,5,2025-06-24,2025-07-09,2025-07-11,180,172,0,,18.68,18.26,1
PO-003316,43,1,3,2025-07-01,2025-07-16,2025-07-28,221,221,0,,18.68,19.29,1
PO-003317,43,1,5,2025-07-15,2025-07-30,2025-07-30,297,297,0,,18.68,18.94,1
PO-003318,43,1,4,2025-07-22,2025-08-06,2025-08-04,260,260,0,,18.68,18.67,1
PO-003319,43,1,1,2025-07-29,2025-08-13,2025-08-12,302,302,0,,18.68,18.79,1
PO-003320,43,1,4,2025-08-05,2025-08-20,2025-08-16,232,232,0,,18.68,18.85,1
PO-003321,43,1,4,2025-08-19,2025-09-03,2025-09-04,169,169,0,,18.68,18.63,1
PO-003322,43,1,5,2025-09-09,2025-09-24,2025-09-25,179,179,0,,18.68,19.03,1
PO-003323,43,1,9,2025-09-16,2025-10-01,2025-09-24,231,231,0,,18.68,18.53,1
PO-003324,43,1,7,2025-09-23,2025-10-08,2025-10-03,229,229,0,,18.68,18.79,1
PO-003325,43,1,9,2025-09-30,2025-10-15,2025-10-15,159,159,0,,18.68,18.93,1
PO-003326,43,1,10,2025-10-21,2025-11-05,2025-11-03,187,187,0,,18.68,18.92,1
PO-003327,43,1,7,2025-10-28,2025-11-12,2025-11-07,278,278,0,,18.68,18.48,1
PO-003328,43,1,1,2025-11-04,2025-11-19,2025-11-16,266,266,40,Documentation incomplete,18.68,18.83,1
PO-003329,43,1,9,2025-11-18,2025-12-03,2025-12-02,246,246,0,,18.68,18.96,1
PO-003330,43,1,5,2025-11-25,2025-12-10,2025-12-13,213,213,0,,18.68,18.97,1
PO-003331,43,1,5,2025-12-02,2025-12-17,2025-12-12,212,212,0,,18.68,18.51,1
PO-003332,43,1,4,2025-12-16,2025-12-31,2025-12-30,240,240,0,,18.68,18.58,1
PO-003333,43,1,7,2026-01-06,2026-01-21,2026-01-21,176,176,0,,18.68,18.77,1
PO-003334,43,1,3,2026-01-13,2026-01-28,2026-01-23,225,225,0,,18.68,18.98,1
PO-003335,43,1,9,2026-01-20,2026-02-04,2026-01-30,242,242,0,,18.68,18.95,1
PO-003336,43,1,1,2026-01-27,2026-02-11,2026-02-08,233,233,0,,18.68,18.84,1
PO-003337,43,1,3,2026-02-03,2026-02-18,2026-02-22,298,298,0,,18.68,19.0,1
PO-003338,43,1,9,2026-02-17,2026-03-04,2026-02-28,165,165,0,,18.68,18.73,1
PO-003339,43,1,7,2026-02-24,2026-03-11,2026-03-10,173,173,0,,18.68,19.04,1
PO-003340,43,1,7,2026-03-17,2026-04-01,2026-04-04,133,133,0,,18.68,18.81,1
PO-003341,43,1,1,2026-03-31,2026-04-15,2026-04-16,247,247,0,,18.68,18.52,1
PO-003342,43,1,10,2026-04-07,2026-04-22,2026-04-24,197,197,0,,18.68,18.35,1
PO-003343,43,1,3,2026-04-21,2026-05-06,2026-05-04,145,145,0,,18.68,18.86,1
PO-003344,43,1,7,2026-04-28,2026-05-13,2026-05-10,186,186,0,,18.68,18.92,1
PO-003345,43,1,5,2026-05-05,2026-05-20,2026-05-16,235,235,0,,18.68,18.97,1
PO-003346,43,1,9,2026-05-12,2026-05-27,2026-05-26,247,247,0,,18.68,18.67,1
PO-003347,43,1,9,2026-05-19,2026-06-03,2026-05-30,198,198,0,,18.68,18.75,1
PO-003348,43,1,9,2026-05-26,2026-06-10,2026-06-15,216,216,0,,18.68,19.0,1
PO-003349,43,1,3,2026-06-02,2026-06-17,2026-06-13,262,262,0,,18.68,18.63,1
PO-003350,43,1,10,2026-06-23,2026-07-08,2026-07-04,262,256,0,,18.68,18.8,1
PO-003351,43,1,10,2026-06-30,2026-07-15,2026-07-16,190,190,0,,18.68,18.95,1
PO-003352,44,24,4,2025-01-07,2025-01-15,2025-01-13,100,100,0,,2.39,2.32,1
PO-003353,44,24,7,2025-01-14,2025-01-22,2025-01-23,100,94,0,,2.39,2.4,1
PO-003354,44,24,10,2025-01-21,2025-01-29,2025-01-28,100,100,0,,2.39,2.35,1
PO-003355,44,24,4,2025-01-28,2025-02-05,2025-02-05,100,100,0,,2.39,2.35,1
PO-003356,44,24,7,2025-02-04,2025-02-12,2025-02-15,100,100,0,,2.39,2.35,1
PO-003357,44,24,4,2025-02-11,2025-02-19,2025-02-21,100,100,0,,2.39,2.33,1
PO-003358,44,24,10,2025-02-18,2025-02-26,2025-02-24,100,100,0,,2.39,2.36,1
PO-003359,44,24,7,2025-02-25,2025-03-05,2025-03-02,100,100,0,,2.39,2.35,1
PO-003360,44,24,10,2025-03-04,2025-03-12,2025-03-12,103,103,0,,2.39,2.32,1
PO-003361,44,24,1,2025-03-11,2025-03-19,2025-03-19,100,96,0,,2.39,2.33,1
PO-003362,44,24,3,2025-03-18,2025-03-26,2025-03-25,100,100,0,,2.39,2.34,1
PO-003363,44,24,3,2025-03-25,2025-04-02,2025-04-02,144,144,0,,2.39,2.35,1
PO-003364,44,24,1,2025-04-01,2025-04-09,2025-04-08,100,100,0,,2.39,2.37,1
PO-003365,44,24,7,2025-04-08,2025-04-16,2025-04-15,100,100,0,,2.39,2.32,1
PO-003366,44,24,10,2025-04-15,2025-04-23,2025-05-04,113,108,0,,2.39,2.34,1
PO-003367,44,24,1,2025-04-22,2025-04-30,2025-05-04,100,100,0,,2.39,2.37,1
PO-003368,44,24,10,2025-04-29,2025-05-07,2025-05-12,100,100,0,,2.39,2.32,1
PO-003369,44,24,7,2025-05-06,2025-05-14,2025-05-13,100,100,0,,2.39,2.34,1
PO-003370,44,24,5,2025-05-13,2025-05-21,2025-05-21,100,100,0,,2.39,2.32,1
PO-003371,44,24,3,2025-05-20,2025-05-28,2025-05-27,100,100,0,,2.39,2.35,1
PO-003372,44,24,7,2025-05-27,2025-06-04,2025-06-02,100,100,0,,2.39,2.34,1
PO-003373,44,24,1,2025-06-03,2025-06-11,2025-06-09,100,100,0,,2.39,2.33,1
PO-003374,44,24,9,2025-06-10,2025-06-18,2025-06-16,111,105,0,,2.39,2.33,1
PO-003375,44,24,10,2025-06-17,2025-06-25,2025-06-24,102,102,0,,2.39,2.34,1
PO-003376,44,24,10,2025-06-24,2025-07-02,2025-07-03,124,124,0,,2.39,2.33,1
PO-003377,44,24,7,2025-07-01,2025-07-09,2025-07-08,100,100,0,,2.39,2.34,1
PO-003378,44,24,9,2025-07-08,2025-07-16,2025-07-16,100,100,0,,2.39,2.34,1
PO-003379,44,24,3,2025-07-15,2025-07-23,2025-07-22,100,100,0,,2.39,2.32,1
PO-003380,44,24,10,2025-07-22,2025-07-30,2025-07-30,100,100,0,,2.39,2.32,1
PO-003381,44,24,1,2025-07-29,2025-08-06,2025-08-06,100,100,0,,2.39,2.33,1
PO-003382,44,24,5,2025-08-05,2025-08-13,2025-08-12,100,100,0,,2.39,2.37,1
PO-003383,44,24,9,2025-08-12,2025-08-20,2025-08-18,110,110,0,,2.39,2.32,1
PO-003384,44,24,4,2025-08-19,2025-08-27,2025-08-27,111,111,10,Documentation incomplete,2.39,2.35,1
PO-003385,44,24,3,2025-08-26,2025-09-03,2025-09-01,100,100,0,,2.39,2.32,1
PO-003386,44,24,4,2025-09-02,2025-09-10,2025-09-10,100,100,0,,2.39,2.31,1
PO-003387,44,24,9,2025-09-09,2025-09-17,2025-09-17,104,104,0,,2.39,2.35,1
PO-003388,44,24,10,2025-09-16,2025-09-24,2025-09-21,100,100,0,,2.39,2.35,1
PO-003389,44,24,10,2025-09-23,2025-10-01,2025-09-29,114,114,0,,2.39,2.33,1
PO-003390,44,24,7,2025-09-30,2025-10-08,2025-10-07,100,100,0,,2.39,2.31,1
PO-003391,44,24,4,2025-10-07,2025-10-15,2025-10-14,100,100,0,,2.39,2.34,1
PO-003392,44,24,10,2025-10-14,2025-10-22,2025-10-24,100,100,0,,2.39,2.35,1
PO-003393,44,24,9,2025-10-21,2025-10-29,2025-10-29,100,95,0,,2.39,2.36,1
PO-003394,44,24,10,2025-10-28,2025-11-05,2025-11-04,100,96,5,Documentation incomplete,2.39,2.33,1
PO-003395,44,24,7,2025-11-04,2025-11-12,2025-11-10,100,100,0,,2.39,2.31,1
PO-003396,44,24,5,2025-11-11,2025-11-19,2025-11-19,100,100,0,,2.39,2.34,1
PO-003397,44,24,10,2025-11-18,2025-11-26,2025-11-26,100,100,16,Documentation incomplete,2.39,2.32,1
PO-003398,44,24,1,2025-11-25,2025-12-03,2025-12-02,119,119,0,,2.39,2.32,1
PO-003399,44,24,1,2025-12-02,2025-12-10,2025-12-10,100,100,0,,2.39,2.34,1
PO-003400,44,24,9,2025-12-09,2025-12-17,2025-12-15,100,100,0,,2.39,2.33,1
PO-003401,44,24,1,2025-12-16,2025-12-24,2025-12-23,100,100,0,,2.39,2.36,1
PO-003402,44,24,10,2025-12-23,2025-12-31,2025-12-30,100,100,0,,2.39,2.33,1
PO-003403,44,24,9,2025-12-30,2026-01-07,2026-01-06,100,100,6,Temperature excursion in transit,2.39,2.29,1
PO-003404,44,24,3,2026-01-06,2026-01-14,2026-01-11,100,100,0,,2.39,2.33,1
PO-003405,44,24,4,2026-01-13,2026-01-21,2026-01-23,100,100,0,,2.39,2.32,1
PO-003406,44,24,7,2026-01-20,2026-01-28,2026-01-25,100,100,0,,2.39,2.38,1
PO-003407,44,24,10,2026-01-27,2026-02-04,2026-02-02,100,100,0,,2.39,2.31,1
PO-003408,44,24,1,2026-02-03,2026-02-11,2026-02-24,108,108,0,,2.39,2.33,1
PO-003409,44,24,9,2026-02-10,2026-02-18,2026-02-17,100,100,0,,2.39,2.37,1
PO-003410,44,24,10,2026-02-17,2026-02-25,2026-02-24,100,100,0,,2.39,2.36,1
PO-003411,44,24,7,2026-02-24,2026-03-04,2026-03-03,109,109,0,,2.39,2.36,1
PO-003412,44,24,1,2026-03-03,2026-03-11,2026-03-10,113,113,0,,2.39,2.34,1
PO-003413,44,24,9,2026-03-10,2026-03-18,2026-03-16,100,100,0,,2.39,2.3,1
PO-003414,44,24,1,2026-03-17,2026-03-25,2026-03-25,102,102,0,,2.39,2.31,1
PO-003415,44,24,7,2026-03-24,2026-04-01,2026-03-31,108,108,0,,2.39,2.29,1
PO-003416,44,24,7,2026-03-31,2026-04-08,2026-04-04,123,123,0,,2.39,2.29,1
PO-003417,44,24,5,2026-04-07,2026-04-15,2026-04-14,100,100,9,Damaged packaging,2.39,2.28,1
PO-003418,44,24,10,2026-04-14,2026-04-22,2026-04-21,112,112,0,,2.39,2.37,1
PO-003419,44,24,3,2026-04-21,2026-04-29,2026-05-09,136,136,0,,2.39,2.31,1
PO-003420,44,24,4,2026-04-28,2026-05-06,2026-05-06,100,100,0,,2.39,2.33,1
PO-003421,44,24,9,2026-05-05,2026-05-13,2026-05-13,100,100,0,,2.39,2.35,1
PO-003422,44,24,5,2026-05-12,2026-05-20,2026-05-24,100,100,0,,2.39,2.29,1
PO-003423,44,24,5,2026-05-19,2026-05-27,2026-05-25,104,104,0,,2.39,2.33,1
PO-003424,44,24,9,2026-05-26,2026-06-03,2026-06-01,100,100,0,,2.39,2.34,1
PO-003425,44,24,5,2026-06-02,2026-06-10,2026-06-10,100,100,0,,2.39,2.3,1
PO-003426,44,24,4,2026-06-09,2026-06-17,2026-06-16,100,94,0,,2.39,2.3,1
PO-003427,44,24,1,2026-06-16,2026-06-24,2026-06-24,100,100,0,,2.39,2.32,1
PO-003428,44,24,3,2026-06-23,2026-07-01,2026-06-30,100,100,0,,2.39,2.35,1
PO-003429,44,24,3,2026-06-30,2026-07-08,2026-07-07,125,125,0,,2.39,2.37,1
PO-003430,45,8,8,2025-04-15,2025-05-24,2025-05-20,500,500,20,Failed spec check,196.86,210.98,0
PO-003431,45,8,5,2025-05-27,2025-07-05,2025-06-24,500,500,0,,196.86,208.93,0
PO-003432,45,8,10,2025-07-15,2025-08-23,2025-08-21,500,500,0,,196.86,210.73,0
PO-003433,45,8,1,2025-08-12,2025-09-20,2025-09-27,500,500,0,,196.86,207.89,0
PO-003434,45,8,2,2025-08-19,2025-09-27,2025-09-12,500,500,0,,196.86,207.89,0
PO-003435,45,8,6,2025-10-21,2025-11-29,2025-11-29,500,500,0,,196.86,209.69,0
PO-003436,45,8,4,2025-11-04,2025-12-13,2025-12-07,500,500,0,,196.86,211.41,0
PO-003437,45,8,1,2025-12-23,2026-01-31,2026-02-07,500,500,0,,196.86,212.96,0
PO-003438,45,8,4,2026-01-06,2026-02-14,2026-02-09,500,481,0,,196.86,208.13,0
PO-003439,45,8,6,2026-03-24,2026-05-02,2026-05-04,500,500,0,,196.86,211.43,0
PO-003440,45,8,7,2026-05-12,2026-06-20,2026-07-08,500,500,0,,196.86,211.2,0
PO-003441,45,8,10,2026-06-02,2026-07-11,2026-07-29,500,500,0,,196.86,208.44,0
PO-003442,45,8,1,2026-06-16,2026-07-25,2026-07-10,500,500,20,Temperature excursion in transit,196.86,206.11,0
PO-003443,45,23,4,2025-04-29,2025-05-11,2025-05-10,371,371,0,,195.88,207.7,0
PO-003444,45,23,8,2025-07-08,2025-07-20,2025-07-19,526,526,0,,195.88,211.31,0
PO-003445,45,23,5,2026-01-20,2026-02-01,2026-01-31,441,441,0,,195.88,206.64,0
PO-003446,45,4,1,2025-01-07,2025-01-19,2025-01-17,251,251,0,,188.84,194.37,1
PO-003447,45,4,4,2025-01-14,2025-01-26,2025-01-24,274,274,0,,188.84,195.65,1
PO-003448,45,4,6,2025-01-28,2025-02-09,2025-02-09,205,205,0,,188.84,192.46,1
PO-003449,45,4,4,2025-02-04,2025-02-16,2025-02-13,234,234,0,,188.84,193.19,1
PO-003450,45,4,6,2025-02-11,2025-02-23,2025-02-22,235,235,0,,188.84,195.4,1
PO-003451,45,4,8,2025-02-25,2025-03-09,2025-03-19,212,212,0,,188.84,194.66,1
PO-003452,45,4,7,2025-03-11,2025-03-23,2025-04-01,283,283,0,,188.84,193.39,1
PO-003453,45,4,8,2025-03-18,2025-03-30,2025-03-28,221,216,0,,188.84,194.55,1
PO-003454,45,4,8,2025-04-01,2025-04-13,2025-04-10,282,272,0,,188.84,194.45,1
PO-003455,45,4,2,2025-04-08,2025-04-20,2025-04-20,243,243,0,,188.84,193.1,1
PO-003456,45,4,10,2025-04-15,2025-04-27,2025-04-24,294,294,0,,188.84,194.45,1
PO-003457,45,4,10,2025-04-22,2025-05-04,2025-05-03,280,280,0,,188.84,193.1,1
PO-003458,45,4,4,2025-04-29,2025-05-11,2025-05-09,294,294,13,Short shelf life on arrival,188.84,193.14,1
PO-003459,45,4,4,2025-05-06,2025-05-18,2025-05-16,319,319,0,,188.84,191.35,1
PO-003460,45,4,1,2025-05-13,2025-05-25,2025-05-26,263,263,0,,188.84,191.21,1
PO-003461,45,4,6,2025-05-27,2025-06-08,2025-06-06,311,311,0,,188.84,194.84,1
PO-003462,45,4,1,2025-06-03,2025-06-15,2025-06-30,278,269,16,Damaged packaging,188.84,192.33,1
PO-003463,45,4,6,2025-06-10,2025-06-22,2025-06-17,221,221,0,,188.84,195.23,1
PO-003464,45,4,4,2025-06-17,2025-06-29,2025-06-30,264,264,0,,188.84,191.81,1
PO-003465,45,4,2,2025-06-24,2025-07-06,2025-06-30,268,268,0,,188.84,192.11,1
PO-003466,45,4,5,2025-07-01,2025-07-13,2025-07-12,176,167,0,,188.84,191.48,1
PO-003467,45,4,1,2025-07-08,2025-07-20,2025-08-21,288,288,0,,188.84,195.89,1
PO-003468,45,4,4,2025-07-15,2025-07-27,2025-08-07,194,194,5,Damaged packaging,188.84,195.25,1
PO-003469,45,4,8,2025-07-22,2025-08-03,2025-08-02,240,240,0,,188.84,197.09,1
PO-003470,45,4,7,2025-07-29,2025-08-10,2025-08-09,241,231,0,,188.84,193.65,1
PO-003471,45,4,7,2025-08-19,2025-08-31,2025-08-27,263,263,0,,188.84,194.96,1
PO-003472,45,4,10,2025-09-02,2025-09-14,2025-09-09,261,245,0,,188.84,194.76,1
PO-003473,45,4,6,2025-09-09,2025-09-21,2025-09-21,297,279,0,,188.84,192.74,1
PO-003474,45,4,10,2025-09-23,2025-10-05,2025-10-03,195,195,0,,188.84,193.7,1
PO-003475,45,4,1,2025-10-07,2025-10-19,2025-10-19,278,278,0,,188.84,190.99,1
PO-003476,45,4,10,2025-10-14,2025-10-26,2025-10-28,281,281,0,,188.84,194.39,1
PO-003477,45,4,10,2025-10-21,2025-11-02,2025-11-02,233,233,0,,188.84,196.45,1
PO-003478,45,4,10,2025-10-28,2025-11-09,2025-11-04,253,253,0,,188.84,195.33,1
PO-003479,45,4,4,2025-11-11,2025-11-23,2025-11-21,259,259,0,,188.84,194.31,1
PO-003480,45,4,10,2025-11-18,2025-11-30,2025-11-27,196,196,0,,188.84,197.0,1
PO-003481,45,4,2,2025-11-25,2025-12-07,2025-12-09,100,100,0,,188.84,194.34,1
PO-003482,45,4,1,2025-12-02,2025-12-14,2025-12-21,314,314,0,,188.84,193.49,1
PO-003483,45,4,4,2025-12-09,2025-12-21,2025-12-20,250,250,0,,188.84,194.77,1
PO-003484,45,4,8,2025-12-16,2025-12-28,2025-12-28,314,314,16,Damaged packaging,188.84,193.64,1
PO-003485,45,4,4,2025-12-23,2026-01-04,2026-01-14,365,365,0,,188.84,192.2,1
PO-003486,45,4,2,2025-12-30,2026-01-11,2026-01-07,259,259,0,,188.84,193.55,1
PO-003487,45,4,2,2026-01-06,2026-01-18,2026-02-10,307,307,0,,188.84,194.09,1
PO-003488,45,4,4,2026-01-13,2026-01-25,2026-01-25,271,271,0,,188.84,193.52,1
PO-003489,45,4,7,2026-01-20,2026-02-01,2026-02-04,307,292,0,,188.84,196.62,1
PO-003490,45,4,6,2026-01-27,2026-02-08,2026-02-13,261,261,0,,188.84,193.57,1
PO-003491,45,4,1,2026-02-10,2026-02-22,2026-02-21,299,299,0,,188.84,200.34,1
PO-003492,45,4,10,2026-02-17,2026-03-01,2026-02-26,123,123,0,,188.84,193.57,1
PO-003493,45,4,7,2026-02-24,2026-03-08,2026-03-11,128,128,0,,188.84,194.26,1
PO-003494,45,4,4,2026-03-03,2026-03-15,2026-04-05,198,198,0,,188.84,193.84,1
PO-003495,45,4,7,2026-03-10,2026-03-22,2026-03-20,170,170,0,,188.84,192.14,1
PO-003496,45,4,10,2026-03-17,2026-03-29,2026-03-27,162,162,0,,188.84,195.34,1
PO-003497,45,4,8,2026-03-24,2026-04-05,2026-04-05,115,115,0,,188.84,192.99,1
PO-003498,45,4,5,2026-03-31,2026-04-12,2026-04-15,144,144,0,,188.84,196.96,1
PO-003499,45,4,1,2026-04-07,2026-04-19,2026-04-17,188,188,0,,188.84,195.73,1
PO-003500,45,4,7,2026-04-21,2026-05-03,2026-05-02,236,236,9,Temperature excursion in transit,188.84,196.91,1
PO-003501,45,4,10,2026-04-28,2026-05-10,2026-05-28,246,246,0,,188.84,195.93,1
PO-003502,45,4,4,2026-05-05,2026-05-17,2026-05-17,159,159,0,,188.84,194.37,1
PO-003503,45,4,10,2026-05-12,2026-05-24,2026-05-22,178,178,0,,188.84,197.31,1
PO-003504,45,4,7,2026-05-19,2026-05-31,2026-06-22,222,222,0,,188.84,192.92,1
PO-003505,45,4,1,2026-06-09,2026-06-21,2026-06-20,301,282,0,,188.84,194.78,1
PO-003506,45,4,7,2026-06-23,2026-07-05,2026-07-12,176,176,5,Damaged packaging,188.84,194.94,1
PO-003507,45,4,6,2026-06-30,2026-07-12,2026-07-11,236,236,0,,188.84,193.23,1
PO-003508,46,21,6,2025-01-07,2025-02-10,2025-02-07,147,147,0,,15.49,15.77,0
PO-003509,46,21,5,2025-01-28,2025-03-03,2025-02-05,155,155,0,,15.49,15.87,0
PO-003510,46,21,6,2025-04-01,2025-05-05,2025-05-02,230,230,0,,15.49,15.82,0
PO-003511,46,21,2,2025-04-08,2025-05-12,2025-05-02,50,50,0,,15.49,15.66,0
PO-003512,46,21,5,2025-05-27,2025-06-30,2025-07-02,249,249,0,,15.49,15.69,0
PO-003513,46,21,7,2025-08-05,2025-09-08,2025-08-24,148,148,0,,15.49,15.72,0
PO-003514,46,21,1,2025-08-12,2025-09-15,2025-09-22,134,134,0,,15.49,15.94,0
PO-003515,46,21,1,2025-08-26,2025-09-29,2025-09-25,164,164,0,,15.49,15.87,0
PO-003516,46,21,2,2025-10-07,2025-11-10,2025-11-08,126,126,0,,15.49,15.68,0
PO-003517,46,21,8,2025-11-11,2025-12-15,2025-11-28,153,153,0,,15.49,15.84,0
PO-003518,46,21,1,2025-12-09,2026-01-12,2026-01-11,155,155,0,,15.49,15.83,0
PO-003519,46,21,5,2026-03-17,2026-04-20,2026-03-26,127,127,0,,15.49,15.52,0
PO-003520,46,21,2,2026-04-07,2026-05-11,2026-05-05,169,169,0,,15.49,15.92,0
PO-003521,46,21,6,2026-04-14,2026-05-18,2026-06-06,94,94,0,,15.49,15.79,0
PO-003522,46,21,7,2026-04-28,2026-06-01,2026-05-05,113,113,5,Short shelf life on arrival,15.49,15.78,0
PO-003523,46,21,10,2026-05-05,2026-06-08,2026-06-10,193,193,0,,15.49,15.7,0
PO-003524,46,21,10,2026-05-19,2026-06-22,2026-07-11,225,225,0,,15.49,16.14,0
PO-003525,46,21,10,2026-06-02,2026-07-06,2026-07-07,112,112,0,,15.49,15.86,0
PO-003526,46,6,7,2025-01-07,2025-01-16,2025-01-15,122,122,0,,18.76,18.39,1
PO-003527,46,6,7,2025-01-14,2025-01-23,2025-01-22,75,75,0,,18.76,18.21,1
PO-003528,46,6,4,2025-01-21,2025-01-30,2025-01-27,96,96,0,,18.76,18.0,1
PO-003529,46,6,6,2025-01-28,2025-02-06,2025-02-04,91,91,0,,18.76,18.06,1
PO-003530,46,6,5,2025-02-04,2025-02-13,2025-02-12,155,155,0,,18.76,18.13,1
PO-003531,46,6,1,2025-02-11,2025-02-20,2025-02-17,102,102,0,,18.76,18.25,1
PO-003532,46,6,10,2025-02-18,2025-02-27,2025-02-26,109,109,0,,18.76,18.38,1
PO-003533,46,6,6,2025-02-25,2025-03-06,2025-03-04,178,178,0,,18.76,18.19,1
PO-003534,46,6,8,2025-03-04,2025-03-13,2025-03-13,186,186,0,,18.76,18.27,1
PO-003535,46,6,8,2025-03-11,2025-03-20,2025-03-19,145,145,0,,18.76,18.56,1
PO-003536,46,6,5,2025-03-18,2025-03-27,2025-03-27,182,182,0,,18.76,18.34,1
PO-003537,46,6,2,2025-03-25,2025-04-03,2025-04-03,133,133,0,,18.76,18.29,1
PO-003538,46,6,4,2025-04-08,2025-04-17,2025-04-16,110,101,0,,18.76,18.12,1
PO-003539,46,6,7,2025-04-22,2025-05-01,2025-05-01,137,137,0,,18.76,18.36,1
PO-003540,46,6,7,2025-05-06,2025-05-15,2025-05-14,135,129,0,,18.76,18.48,1
PO-003541,46,6,10,2025-05-13,2025-05-22,2025-05-22,142,142,0,,18.76,18.41,1
PO-003542,46,6,5,2025-05-20,2025-05-29,2025-07-24,142,142,0,,18.76,18.37,1
PO-003543,46,6,10,2025-06-10,2025-06-19,2025-06-18,144,144,0,,18.76,18.43,1
PO-003544,46,6,5,2025-06-17,2025-06-26,2025-06-24,93,93,0,,18.76,18.07,1
PO-003545,46,6,7,2025-06-24,2025-07-03,2025-07-02,130,130,0,,18.76,18.4,1
PO-003546,46,6,5,2025-07-01,2025-07-10,2025-07-10,125,125,0,,18.76,17.81,1
PO-003547,46,6,2,2025-07-08,2025-07-17,2025-07-16,106,106,0,,18.76,18.45,1
PO-003548,46,6,4,2025-07-15,2025-07-24,2025-07-24,141,141,0,,18.76,18.08,1
PO-003549,46,6,8,2025-07-22,2025-07-31,2025-07-30,98,98,0,,18.76,18.05,1
PO-003550,46,6,5,2025-07-29,2025-08-07,2025-08-05,127,127,0,,18.76,18.5,1
PO-003551,46,6,10,2025-08-05,2025-08-14,2025-08-13,157,157,0,,18.76,18.3,1
PO-003552,46,6,5,2025-08-12,2025-08-21,2025-08-21,179,179,0,,18.76,17.77,1
PO-003553,46,6,6,2025-08-19,2025-08-28,2025-08-27,109,109,0,,18.76,18.13,1
PO-003554,46,6,8,2025-08-26,2025-09-04,2025-09-19,114,114,0,,18.76,17.94,1
PO-003555,46,6,5,2025-09-02,2025-09-11,2025-09-10,126,126,0,,18.76,18.27,1
PO-003556,46,6,5,2025-09-09,2025-09-18,2025-09-18,90,85,0,,18.76,18.33,1
PO-003557,46,6,4,2025-09-16,2025-09-25,2025-09-25,191,191,0,,18.76,18.1,1
PO-003558,46,6,4,2025-09-23,2025-10-02,2025-09-30,142,142,0,,18.76,18.6,1
PO-003559,46,6,10,2025-09-30,2025-10-09,2025-10-09,156,156,0,,18.76,18.45,1
PO-003560,46,6,2,2025-10-14,2025-10-23,2025-10-22,120,120,0,,18.76,17.94,1
PO-003561,46,6,1,2025-11-04,2025-11-13,2025-11-11,134,134,0,,18.76,18.26,1
PO-003562,46,6,5,2025-11-11,2025-11-20,2025-11-19,130,130,0,,18.76,18.11,1
PO-003563,46,6,5,2025-11-18,2025-11-27,2025-11-25,149,149,0,,18.76,18.68,1
PO-003564,46,6,6,2025-11-25,2025-12-04,2025-12-03,162,162,0,,18.76,18.05,1
PO-003565,46,6,1,2025-12-02,2025-12-11,2025-12-10,166,156,0,,18.76,18.25,1
PO-003566,46,6,2,2025-12-09,2025-12-18,2025-12-18,108,108,0,,18.76,18.52,1
PO-003567,46,6,2,2025-12-16,2025-12-25,2025-12-24,143,143,0,,18.76,18.33,1
PO-003568,46,6,4,2025-12-30,2026-01-08,2026-01-06,145,145,0,,18.76,18.34,1
PO-003569,46,6,7,2026-01-06,2026-01-15,2026-01-14,102,102,0,,18.76,18.2,1
PO-003570,46,6,1,2026-01-20,2026-01-29,2026-01-28,124,124,0,,18.76,18.41,1
PO-003571,46,6,5,2026-01-27,2026-02-05,2026-02-03,112,112,0,,18.76,18.23,1
PO-003572,46,6,4,2026-02-03,2026-02-12,2026-02-12,136,136,0,,18.76,18.31,1
PO-003573,46,6,10,2026-02-10,2026-02-19,2026-02-17,98,98,0,,18.76,18.07,1
PO-003574,46,6,8,2026-02-17,2026-02-26,2026-02-26,138,138,7,Temperature excursion in transit,18.76,18.07,1
PO-003575,46,6,2,2026-03-03,2026-03-12,2026-03-11,77,77,0,,18.76,18.41,1
PO-003576,46,6,1,2026-03-10,2026-03-19,2026-03-17,146,146,0,,18.76,18.06,1
PO-003577,46,6,10,2026-03-17,2026-03-26,2026-03-25,74,74,0,,18.76,18.27,1
PO-003578,46,6,7,2026-03-24,2026-04-02,2026-04-02,148,148,0,,18.76,18.32,1
PO-003579,46,6,8,2026-04-07,2026-04-16,2026-04-15,109,109,0,,18.76,18.17,1
PO-003580,46,6,4,2026-04-14,2026-04-23,2026-04-22,185,185,0,,18.76,17.76,1
PO-003581,46,6,4,2026-04-21,2026-04-30,2026-04-28,144,144,0,,18.76,18.14,1
PO-003582,46,6,10,2026-04-28,2026-05-07,2026-05-07,195,195,0,,18.76,18.03,1
PO-003583,46,6,1,2026-05-12,2026-05-21,2026-05-19,167,167,0,,18.76,18.48,1
PO-003584,46,6,7,2026-05-26,2026-06-04,2026-06-03,177,177,0,,18.76,18.17,1
PO-003585,46,6,6,2026-06-02,2026-06-11,2026-06-09,98,98,0,,18.76,17.85,1
PO-003586,46,6,8,2026-06-09,2026-06-18,2026-06-16,149,149,0,,18.76,18.39,1
PO-003587,46,6,5,2026-06-16,2026-06-25,2026-06-24,163,163,0,,18.76,18.19,1
PO-003588,46,6,10,2026-06-30,2026-07-09,2026-07-08,144,140,0,,18.76,17.95,1
PO-003589,47,2,4,2025-01-07,2025-02-16,2025-01-23,50,46,0,,7.26,7.5,1
PO-003590,47,2,10,2025-01-14,2025-02-23,2025-02-15,51,51,4,Temperature excursion in transit,7.26,7.54,1
PO-003591,47,2,8,2025-01-21,2025-03-02,2025-02-25,64,60,0,,7.26,7.37,1
PO-003592,47,2,6,2025-01-28,2025-03-09,2025-03-04,50,45,0,,7.26,7.57,1
PO-003593,47,2,5,2025-02-04,2025-03-16,2025-03-15,60,54,0,,7.26,7.44,1
PO-003594,47,2,4,2025-02-11,2025-03-23,2025-03-17,59,59,0,,7.26,7.33,1
PO-003595,47,2,6,2025-02-18,2025-03-30,2025-03-25,60,56,0,,7.26,7.56,1
PO-003596,47,2,6,2025-02-25,2025-04-06,2025-04-06,50,48,0,,7.26,7.42,1
PO-003597,47,2,8,2025-03-04,2025-04-13,2025-04-08,50,44,0,,7.26,7.32,1
PO-003598,47,2,4,2025-03-11,2025-04-20,2025-04-09,50,45,0,,7.26,7.53,1
PO-003599,47,2,2,2025-03-18,2025-04-27,2025-04-09,50,48,0,,7.26,7.43,1
PO-003600,47,2,7,2025-03-25,2025-05-04,2025-05-02,50,50,0,,7.26,7.38,1
PO-003601,47,2,1,2025-04-01,2025-05-11,2025-05-07,52,52,0,,7.26,7.52,1
PO-003602,47,2,4,2025-04-08,2025-05-18,2025-05-30,50,50,0,,7.26,7.46,1
PO-003603,47,2,4,2025-04-15,2025-05-25,2025-05-21,50,45,0,,7.26,7.44,1
PO-003604,47,2,8,2025-04-22,2025-06-01,2025-05-12,57,57,0,,7.26,7.36,1
PO-003605,47,2,4,2025-04-29,2025-06-08,2025-06-04,50,50,0,,7.26,7.53,1
PO-003606,47,2,8,2025-05-06,2025-06-15,2025-06-13,50,47,0,,7.26,7.34,1
PO-003607,47,2,5,2025-05-13,2025-06-22,2025-06-07,50,50,0,,7.26,7.45,1
PO-003608,47,2,7,2025-05-20,2025-06-29,2025-06-08,50,50,0,,7.26,7.5,1
PO-003609,47,2,7,2025-05-27,2025-07-06,2025-06-27,50,50,0,,7.26,7.52,1
PO-003610,47,2,4,2025-06-03,2025-07-13,2025-06-22,50,50,0,,7.26,7.4,1
PO-003611,47,2,10,2025-06-10,2025-07-20,2025-07-16,50,50,0,,7.26,7.45,1
PO-003612,47,2,2,2025-06-17,2025-07-27,2025-07-06,51,45,0,,7.26,7.52,1
PO-003613,47,2,5,2025-06-24,2025-08-03,2025-07-22,50,46,0,,7.26,7.49,1
PO-003614,47,2,6,2025-07-01,2025-08-10,2025-07-27,67,67,0,,7.26,7.52,1
PO-003615,47,2,7,2025-07-08,2025-08-17,2025-08-10,50,46,0,,7.26,7.41,1
PO-003616,47,2,8,2025-07-15,2025-08-24,2025-08-31,50,50,0,,7.26,7.47,1
PO-003617,47,2,7,2025-07-22,2025-08-31,2025-08-31,50,46,0,,7.26,7.44,1
PO-003618,47,2,1,2025-07-29,2025-09-07,2025-08-26,50,50,0,,7.26,7.44,1
PO-003619,47,2,2,2025-08-05,2025-09-14,2025-09-05,64,64,0,,7.26,7.54,1
PO-003620,47,2,10,2025-08-12,2025-09-21,2025-09-19,52,52,0,,7.26,7.33,1
PO-003621,47,2,1,2025-08-19,2025-09-28,2025-09-16,56,52,0,,7.26,7.46,1
PO-003622,47,2,4,2025-08-26,2025-10-05,2025-09-30,50,50,0,,7.26,7.41,1
PO-003623,47,2,2,2025-09-02,2025-10-12,2025-10-11,50,50,0,,7.26,7.5,1
PO-003624,47,2,2,2025-09-09,2025-10-19,2025-10-17,50,50,0,,7.26,7.43,1
PO-003625,47,2,7,2025-09-16,2025-10-26,2025-10-21,50,48,0,,7.26,7.36,1
PO-003626,47,2,5,2025-09-23,2025-11-02,2025-10-19,69,69,0,,7.26,7.51,1
PO-003627,47,2,1,2025-09-30,2025-11-09,2025-11-07,52,52,0,,7.26,7.3,1
PO-003628,47,2,4,2025-10-07,2025-11-16,2025-11-04,50,50,0,,7.26,7.45,1
PO-003629,47,2,6,2025-10-14,2025-11-23,2025-11-18,50,48,0,,7.26,7.46,1
PO-003630,47,2,7,2025-10-21,2025-11-30,2025-11-13,62,62,11,Failed spec check,7.26,7.54,1
PO-003631,47,2,10,2025-10-28,2025-12-07,2025-11-25,50,50,0,,7.26,7.4,1
PO-003632,47,2,6,2025-11-04,2025-12-14,2025-12-12,51,51,0,,7.26,7.44,1
PO-003633,47,2,5,2025-11-11,2025-12-21,2025-12-06,52,52,0,,7.26,7.39,1
PO-003634,47,2,2,2025-11-18,2025-12-28,2025-12-27,50,48,0,,7.26,7.42,1
PO-003635,47,2,1,2025-11-25,2026-01-04,2026-01-02,52,52,0,,7.26,7.5,1
PO-003636,47,2,2,2025-12-02,2026-01-11,2025-12-26,50,50,0,,7.26,7.5,1
PO-003637,47,2,5,2025-12-09,2026-01-18,2026-01-12,50,50,0,,7.26,7.44,1
PO-003638,47,2,1,2025-12-16,2026-01-25,2026-01-29,53,53,0,,7.26,7.44,1
PO-003639,47,2,8,2025-12-23,2026-02-01,2026-01-28,50,50,0,,7.26,7.48,1
PO-003640,47,2,1,2025-12-30,2026-02-08,2026-02-02,50,50,0,,7.26,7.45,1
PO-003641,47,2,1,2026-01-06,2026-02-15,2026-02-09,50,50,0,,7.26,7.37,1
PO-003642,47,2,10,2026-01-13,2026-02-22,2026-02-17,50,50,0,,7.26,7.43,1
PO-003643,47,2,8,2026-01-20,2026-03-01,2026-02-14,50,50,0,,7.26,7.51,1
PO-003644,47,2,1,2026-01-27,2026-03-08,2026-02-25,50,45,0,,7.26,7.45,1
PO-003645,47,2,4,2026-02-03,2026-03-15,2026-03-13,50,45,0,,7.26,7.54,1
PO-003646,47,2,10,2026-02-10,2026-03-22,2026-03-21,55,51,0,,7.26,7.48,1
PO-003647,47,2,7,2026-02-17,2026-03-29,2026-03-18,50,50,0,,7.26,7.48,1
PO-003648,47,2,5,2026-02-24,2026-04-05,2026-04-06,51,51,0,,7.26,7.48,1
PO-003649,47,2,2,2026-03-03,2026-04-12,2026-04-09,50,50,0,,7.26,7.46,1
PO-003650,47,2,4,2026-03-10,2026-04-19,2026-04-13,52,52,0,,7.26,7.48,1
PO-003651,47,2,10,2026-03-17,2026-04-26,2026-04-23,50,50,0,,7.26,7.44,1
PO-003652,47,2,2,2026-03-24,2026-05-03,2026-04-08,50,50,0,,7.26,7.42,1
PO-003653,47,2,10,2026-03-31,2026-05-10,2026-05-01,54,54,0,,7.26,7.41,1
PO-003654,47,2,5,2026-04-07,2026-05-17,2026-05-15,50,50,0,,7.26,7.36,1
PO-003655,47,2,2,2026-04-14,2026-05-24,2026-06-16,50,48,0,,7.26,7.38,1
PO-003656,47,2,1,2026-04-21,2026-05-31,2026-05-27,50,50,0,,7.26,7.35,1
PO-003657,47,2,1,2026-04-28,2026-06-07,2026-05-27,50,45,0,,7.26,7.39,1
PO-003658,47,2,7,2026-05-05,2026-06-14,2026-06-09,50,50,0,,7.26,7.45,1
PO-003659,47,2,6,2026-05-12,2026-06-21,2026-06-05,52,50,0,,7.26,7.52,1
PO-003660,47,2,2,2026-05-19,2026-06-28,2026-06-19,62,56,0,,7.26,7.57,1
PO-003661,47,2,1,2026-05-26,2026-07-05,2026-06-30,50,50,4,Damaged packaging,7.26,7.51,1
PO-003662,47,2,5,2026-06-02,2026-07-12,2026-07-02,54,54,0,,7.26,7.4,1
PO-003663,47,2,1,2026-06-09,2026-07-19,2026-07-05,50,50,0,,7.26,7.52,1
PO-003664,47,2,8,2026-06-16,2026-07-26,2026-07-21,50,50,0,,7.26,7.44,1
PO-003665,47,2,1,2026-06-23,2026-08-02,2026-08-01,50,48,0,,7.26,7.53,1
PO-003666,47,2,7,2026-06-30,2026-08-09,2026-07-29,67,63,0,,7.26,7.42,1
PO-003667,48,13,4,2025-03-18,2025-04-03,2025-04-01,670,670,28,Short shelf life on arrival,1.28,1.33,0
PO-003668,48,13,4,2025-05-06,2025-05-22,2025-05-21,726,726,0,,1.28,1.35,0
PO-003669,48,13,3,2025-05-20,2025-06-05,2025-06-03,637,637,0,,1.28,1.33,0
PO-003670,48,13,3,2025-07-15,2025-07-31,2025-07-29,657,657,0,,1.28,1.34,0
PO-003671,48,13,9,2025-12-09,2025-12-25,2025-12-24,615,615,0,,1.28,1.34,0
PO-003672,48,13,9,2025-12-30,2026-01-15,2026-01-14,631,631,78,Documentation incomplete,1.28,1.34,0
PO-003673,48,13,5,2026-02-03,2026-02-19,2026-02-19,592,592,0,,1.28,1.35,0
PO-003674,48,13,4,2026-05-12,2026-05-28,2026-05-31,550,550,119,Short shelf life on arrival,1.28,1.36,0
PO-003675,48,13,4,2026-05-26,2026-06-11,2026-06-09,851,851,0,,1.28,1.33,0
PO-003676,48,13,9,2026-06-30,2026-07-16,2026-07-08,550,550,0,,1.28,1.33,0
PO-003677,48,9,1,2025-01-07,2025-01-19,2025-01-19,430,430,27,Short shelf life on arrival,1.53,1.5,1
PO-003678,48,9,3,2025-01-14,2025-01-26,2025-01-26,597,597,0,,1.53,1.51,1
PO-003679,48,9,4,2025-01-21,2025-02-02,2025-02-01,421,421,0,,1.53,1.5,1
PO-003680,48,9,3,2025-01-28,2025-02-09,2025-02-08,571,571,0,,1.53,1.55,1
PO-003681,48,9,7,2025-02-04,2025-02-16,2025-02-15,376,339,0,,1.53,1.53,1
PO-003682,48,9,9,2025-02-11,2025-02-23,2025-02-19,572,572,0,,1.53,1.5,1
PO-003683,48,9,4,2025-02-25,2025-03-09,2025-03-08,300,300,0,,1.53,1.54,1
PO-003684,48,9,4,2025-03-04,2025-03-16,2025-03-15,420,420,0,,1.53,1.51,1
PO-003685,48,9,1,2025-03-18,2025-03-30,2025-03-29,453,453,0,,1.53,1.52,1
PO-003686,48,9,7,2025-03-25,2025-04-06,2025-04-04,547,547,0,,1.53,1.54,1
PO-003687,48,9,4,2025-04-01,2025-04-13,2025-04-12,452,452,0,,1.53,1.51,1
PO-003688,48,9,7,2025-04-08,2025-04-20,2025-04-19,432,432,0,,1.53,1.52,1
PO-003689,48,9,9,2025-04-15,2025-04-27,2025-04-25,428,428,0,,1.53,1.53,1
PO-003690,48,9,10,2025-04-22,2025-05-04,2025-05-03,504,504,0,,1.53,1.5,1
PO-003691,48,9,4,2025-04-29,2025-05-11,2025-05-10,556,504,0,,1.53,1.53,1
PO-003692,48,9,10,2025-05-13,2025-05-25,2025-05-24,520,520,0,,1.53,1.53,1
PO-003693,48,9,7,2025-05-20,2025-06-01,2025-06-01,612,612,0,,1.53,1.51,1
PO-003694,48,9,4,2025-05-27,2025-06-08,2025-06-07,454,454,0,,1.53,1.54,1
PO-003695,48,9,9,2025-06-03,2025-06-15,2025-06-15,428,428,0,,1.53,1.54,1
PO-003696,48,9,5,2025-06-10,2025-06-22,2025-06-23,385,385,0,,1.53,1.52,1
PO-003697,48,9,1,2025-07-01,2025-07-13,2025-07-11,523,523,0,,1.53,1.52,1
PO-003698,48,9,1,2025-07-08,2025-07-20,2025-07-20,404,404,0,,1.53,1.53,1
PO-003699,48,9,5,2025-07-15,2025-07-27,2025-07-25,513,513,0,,1.53,1.51,1
PO-003700,48,9,5,2025-07-22,2025-08-03,2025-08-01,417,417,0,,1.53,1.51,1
PO-003701,48,9,4,2025-07-29,2025-08-10,2025-08-09,486,486,0,,1.53,1.53,1
PO-003702,48,9,1,2025-08-12,2025-08-24,2025-08-24,497,497,0,,1.53,1.51,1
PO-003703,48,9,7,2025-08-19,2025-08-31,2025-08-29,674,674,30,Failed spec check,1.53,1.51,1
PO-003704,48,9,10,2025-08-26,2025-09-07,2025-09-05,387,387,0,,1.53,1.5,1
PO-003705,48,9,10,2025-09-02,2025-09-14,2025-09-13,444,444,0,,1.53,1.51,1
PO-003706,48,9,10,2025-09-09,2025-09-21,2025-09-18,270,270,0,,1.53,1.56,1
PO-003707,48,9,1,2025-09-16,2025-09-28,2025-09-28,307,307,0,,1.53,1.52,1
PO-003708,48,9,5,2025-09-23,2025-10-05,2025-10-04,393,393,0,,1.53,1.52,1
PO-003709,48,9,9,2025-10-07,2025-10-19,2025-10-17,385,385,0,,1.53,1.51,1
PO-003710,48,9,10,2025-10-14,2025-10-26,2025-10-25,230,230,11,Damaged packaging,1.53,1.54,1
PO-003711,48,9,3,2025-10-21,2025-11-02,2025-11-01,434,434,0,,1.53,1.51,1
PO-003712,48,9,5,2025-10-28,2025-11-09,2025-11-07,366,366,0,,1.53,1.5,1
PO-003713,48,9,1,2025-11-04,2025-11-16,2025-11-14,569,569,0,,1.53,1.56,1
PO-003714,48,9,10,2025-11-11,2025-11-23,2025-11-21,574,574,0,,1.53,1.51,1
PO-003715,48,9,1,2025-11-18,2025-11-30,2025-11-28,368,368,0,,1.53,1.52,1
PO-003716,48,9,4,2025-11-25,2025-12-07,2025-12-04,352,352,0,,1.53,1.52,1
PO-003717,48,9,4,2025-12-02,2025-12-14,2025-12-14,483,483,0,,1.53,1.51,1
PO-003718,48,9,1,2025-12-09,2025-12-21,2025-12-19,450,450,15,Temperature excursion in transit,1.53,1.55,1
PO-003719,48,9,7,2025-12-16,2025-12-28,2025-12-27,335,335,0,,1.53,1.53,1
PO-003720,48,9,5,2025-12-23,2026-01-04,2026-01-01,396,396,0,,1.53,1.5,1
PO-003721,48,9,3,2025-12-30,2026-01-11,2026-01-09,582,582,0,,1.53,1.54,1
PO-003722,48,9,10,2026-01-06,2026-01-18,2026-01-16,90,90,0,,1.53,1.51,1
PO-003723,48,9,1,2026-01-13,2026-01-25,2026-01-21,515,515,0,,1.53,1.55,1
PO-003724,48,9,3,2026-01-20,2026-02-01,2026-01-30,526,526,0,,1.53,1.54,1
PO-003725,48,9,9,2026-01-27,2026-02-08,2026-02-07,360,360,0,,1.53,1.51,1
PO-003726,48,9,5,2026-02-03,2026-02-15,2026-02-12,527,527,0,,1.53,1.54,1
PO-003727,48,9,1,2026-02-10,2026-02-22,2026-02-21,503,503,0,,1.53,1.5,1
PO-003728,48,9,5,2026-02-17,2026-03-01,2026-03-01,506,452,0,,1.53,1.53,1
PO-003729,48,9,3,2026-02-24,2026-03-08,2026-03-08,471,471,0,,1.53,1.52,1
PO-003730,48,9,1,2026-03-10,2026-03-22,2026-03-21,462,462,0,,1.53,1.53,1
PO-003731,48,9,10,2026-03-17,2026-03-29,2026-03-27,468,468,0,,1.53,1.51,1
PO-003732,48,9,1,2026-03-24,2026-04-05,2026-04-03,622,622,0,,1.53,1.51,1
PO-003733,48,9,7,2026-03-31,2026-04-12,2026-04-11,479,479,0,,1.53,1.53,1
PO-003734,48,9,9,2026-04-07,2026-04-19,2026-04-16,417,417,23,Failed spec check,1.53,1.53,1
PO-003735,48,9,9,2026-04-14,2026-04-26,2026-04-24,547,547,0,,1.53,1.52,1
PO-003736,48,9,7,2026-04-21,2026-05-03,2026-04-30,424,424,0,,1.53,1.5,1
PO-003737,48,9,4,2026-05-12,2026-05-24,2026-05-23,385,385,0,,1.53,1.53,1
PO-003738,48,9,9,2026-05-19,2026-05-31,2026-05-29,520,520,0,,1.53,1.53,1
PO-003739,48,9,9,2026-05-26,2026-06-07,2026-06-06,502,502,0,,1.53,1.56,1
PO-003740,48,9,9,2026-06-09,2026-06-21,2026-06-20,275,275,0,,1.53,1.54,1
PO-003741,48,9,10,2026-06-16,2026-06-28,2026-06-27,507,507,0,,1.53,1.52,1
PO-003742,48,9,10,2026-06-23,2026-07-05,2026-07-04,508,508,0,,1.53,1.49,1
PO-003743,48,9,1,2026-06-30,2026-07-12,2026-07-11,293,293,0,,1.53,1.5,1
PO-003744,49,6,2,2025-01-07,2025-01-18,2025-01-17,608,608,0,,16.41,16.24,1
PO-003745,49,6,10,2025-01-14,2025-01-25,2025-01-24,426,426,0,,16.41,15.82,1
PO-003746,49,6,5,2025-01-21,2025-02-01,2025-01-31,521,521,0,,16.41,15.99,1
PO-003747,49,6,2,2025-01-28,2025-02-08,2025-02-07,423,423,0,,16.41,15.93,1
PO-003748,49,6,10,2025-02-04,2025-02-15,2025-02-15,468,468,0,,16.41,15.86,1
PO-003749,49,6,5,2025-02-11,2025-02-22,2025-02-21,804,804,0,,16.41,16.14,1
PO-003750,49,6,4,2025-02-18,2025-03-01,2025-02-28,450,450,0,,16.41,16.12,1
PO-003751,49,6,5,2025-02-25,2025-03-08,2025-03-05,575,549,0,,16.41,15.79,1
PO-003752,49,6,6,2025-03-04,2025-03-15,2025-03-15,557,557,0,,16.41,16.01,1
PO-003753,49,6,4,2025-03-11,2025-03-22,2025-03-21,1035,960,0,,16.41,16.06,1
PO-003754,49,6,7,2025-03-18,2025-03-29,2025-03-27,748,728,0,,16.41,15.66,1
PO-003755,49,6,7,2025-03-25,2025-04-05,2025-04-04,354,354,0,,16.41,15.68,1
PO-003756,49,6,10,2025-04-01,2025-04-12,2025-04-10,540,540,0,,16.41,16.36,1
PO-003757,49,6,2,2025-04-08,2025-04-19,2025-04-18,520,520,0,,16.41,16.0,1
PO-003758,49,6,1,2025-04-15,2025-04-26,2025-04-26,662,616,0,,16.41,15.73,1
PO-003759,49,6,10,2025-04-22,2025-05-03,2025-04-30,684,684,0,,16.41,15.8,1
PO-003760,49,6,8,2025-04-29,2025-05-10,2025-05-08,823,823,0,,16.41,15.98,1
PO-003761,49,6,10,2025-05-06,2025-05-17,2025-05-17,624,624,0,,16.41,15.77,1
PO-003762,49,6,4,2025-05-13,2025-05-24,2025-05-23,511,497,0,,16.41,15.96,1
PO-003763,49,6,6,2025-05-20,2025-05-31,2025-05-30,591,591,0,,16.41,16.05,1
PO-003764,49,6,10,2025-05-27,2025-06-07,2025-06-06,580,580,0,,16.41,16.04,1
PO-003765,49,6,5,2025-06-03,2025-06-14,2025-06-13,747,747,0,,16.41,15.65,1
PO-003766,49,6,8,2025-06-10,2025-06-21,2025-06-20,611,611,0,,16.41,16.15,1
PO-003767,49,6,8,2025-06-17,2025-06-28,2025-06-28,569,569,0,,16.41,16.21,1
PO-003768,49,6,8,2025-06-24,2025-07-05,2025-07-05,590,590,0,,16.41,15.96,1
PO-003769,49,6,2,2025-07-01,2025-07-12,2025-07-12,609,609,0,,16.41,15.77,1
PO-003770,49,6,7,2025-07-08,2025-07-19,2025-08-13,713,713,0,,16.41,16.07,1
PO-003771,49,6,8,2025-07-15,2025-07-26,2025-07-22,493,493,0,,16.41,15.88,1
PO-003772,49,6,1,2025-07-22,2025-08-02,2025-08-01,637,637,0,,16.41,15.83,1
PO-003773,49,6,5,2025-07-29,2025-08-09,2025-08-08,787,787,0,,16.41,16.07,1
PO-003774,49,6,2,2025-08-05,2025-08-16,2025-08-15,426,426,0,,16.41,16.2,1
PO-003775,49,6,5,2025-08-12,2025-08-23,2025-08-22,865,865,0,,16.41,15.94,1
PO-003776,49,6,7,2025-08-19,2025-08-30,2025-08-29,902,818,0,,16.41,16.05,1
PO-003777,49,6,5,2025-08-26,2025-09-06,2025-09-17,498,498,0,,16.41,15.74,1
PO-003778,49,6,4,2025-09-02,2025-09-13,2025-09-13,830,830,0,,16.41,16.33,1
PO-003779,49,6,7,2025-09-09,2025-09-20,2025-09-20,695,638,0,,16.41,15.98,1
PO-003780,49,6,8,2025-09-16,2025-09-27,2025-09-25,654,654,0,,16.41,15.99,1
PO-003781,49,6,7,2025-09-23,2025-10-04,2025-10-04,540,540,0,,16.41,15.97,1
PO-003782,49,6,10,2025-09-30,2025-10-11,2025-10-19,885,885,0,,16.41,16.14,1
PO-003783,49,6,2,2025-10-07,2025-10-18,2025-10-17,621,594,0,,16.41,15.91,1
PO-003784,49,6,1,2025-10-14,2025-10-25,2025-10-24,783,783,0,,16.41,15.9,1
PO-003785,49,6,7,2025-10-21,2025-11-01,2025-11-01,726,679,0,,16.41,15.96,1
PO-003786,49,6,2,2025-10-28,2025-11-08,2025-11-06,529,529,0,,16.41,15.7,1
PO-003787,49,6,10,2025-11-04,2025-11-15,2025-11-16,388,388,0,,16.41,15.71,1
PO-003788,49,6,10,2025-11-11,2025-11-22,2025-11-22,543,543,0,,16.41,15.99,1
PO-003789,49,6,4,2025-11-18,2025-11-29,2025-11-29,730,730,0,,16.41,16.24,1
PO-003790,49,6,7,2025-11-25,2025-12-06,2025-12-06,586,586,43,Failed spec check,16.41,15.88,1
PO-003791,49,6,5,2025-12-02,2025-12-13,2025-12-13,629,629,0,,16.41,15.93,1
PO-003792,49,6,10,2025-12-09,2025-12-20,2025-12-19,530,530,0,,16.41,16.04,1
PO-003793,49,6,6,2025-12-16,2025-12-27,2025-12-26,656,656,0,,16.41,15.77,1
PO-003794,49,6,1,2025-12-23,2026-01-03,2026-01-02,430,430,0,,16.41,15.79,1
PO-003795,49,6,8,2025-12-30,2026-01-10,2026-01-09,671,671,0,,16.41,16.02,1
PO-003796,49,6,8,2026-01-06,2026-01-17,2026-01-17,483,483,0,,16.41,15.96,1
PO-003797,49,6,6,2026-01-13,2026-01-24,2026-01-22,373,359,0,,16.41,15.8,1
PO-003798,49,6,4,2026-01-20,2026-01-31,2026-01-30,520,520,0,,16.41,16.01,1
PO-003799,49,6,1,2026-01-27,2026-02-07,2026-02-06,732,732,0,,16.41,16.01,1
PO-003800,49,6,10,2026-02-03,2026-02-14,2026-02-13,585,546,0,,16.41,15.99,1
PO-003801,49,6,10,2026-02-10,2026-02-21,2026-02-19,812,812,0,,16.41,15.88,1
PO-003802,49,6,2,2026-02-17,2026-02-28,2026-02-26,505,505,0,,16.41,16.08,1
PO-003803,49,6,4,2026-02-24,2026-03-07,2026-03-05,934,934,0,,16.41,16.02,1
PO-003804,49,6,5,2026-03-03,2026-03-14,2026-03-13,671,671,0,,16.41,15.85,1
PO-003805,49,6,8,2026-03-10,2026-03-21,2026-03-20,675,623,0,,16.41,15.79,1
PO-003806,49,6,8,2026-03-17,2026-03-28,2026-03-26,663,663,0,,16.41,15.67,1
PO-003807,49,6,10,2026-03-24,2026-04-04,2026-04-03,283,283,0,,16.41,16.17,1
PO-003808,49,6,5,2026-03-31,2026-04-11,2026-04-10,649,649,40,Failed spec check,16.41,15.9,1
PO-003809,49,6,8,2026-04-07,2026-04-18,2026-04-17,736,736,0,,16.41,15.86,1
PO-003810,49,6,7,2026-04-14,2026-04-25,2026-04-22,459,459,0,,16.41,16.13,1
PO-003811,49,6,4,2026-04-21,2026-05-02,2026-05-02,439,439,0,,16.41,15.85,1
PO-003812,49,6,7,2026-04-28,2026-05-09,2026-05-09,473,473,20,Documentation incomplete,16.41,15.91,1
PO-003813,49,6,7,2026-05-05,2026-05-16,2026-05-14,632,632,0,,16.41,15.64,1
PO-003814,49,6,4,2026-05-12,2026-05-23,2026-05-23,804,804,0,,16.41,15.81,1
PO-003815,49,6,2,2026-05-19,2026-05-30,2026-05-27,588,569,0,,16.41,15.99,1
PO-003816,49,6,8,2026-05-26,2026-06-06,2026-06-02,660,660,0,,16.41,16.22,1
PO-003817,49,6,1,2026-06-02,2026-06-13,2026-06-11,670,670,0,,16.41,15.95,1
PO-003818,49,6,2,2026-06-09,2026-06-20,2026-06-18,624,624,0,,16.41,15.81,1
PO-003819,49,6,5,2026-06-16,2026-06-27,2026-06-26,690,690,0,,16.41,15.87,1
PO-003820,49,6,7,2026-06-23,2026-07-04,2026-07-04,644,644,0,,16.41,16.02,1
PO-003821,49,6,4,2026-06-30,2026-07-11,2026-07-09,809,809,0,,16.41,16.12,1
PO-003822,50,14,2,2025-01-07,2025-02-04,2025-02-08,56,53,0,,5.06,5.39,1
PO-003823,50,14,7,2025-01-14,2025-02-11,2025-02-07,61,61,0,,5.06,5.32,1
PO-003824,50,14,1,2025-01-21,2025-02-18,2025-02-11,67,67,0,,5.06,5.38,1
PO-003825,50,14,2,2025-01-28,2025-02-25,2025-02-16,66,66,0,,5.06,5.37,1
PO-003826,50,14,6,2025-02-04,2025-03-04,2025-03-11,63,63,0,,5.06,5.39,1
PO-003827,50,14,8,2025-02-11,2025-03-11,2025-03-11,90,90,0,,5.06,5.31,1
PO-003828,50,14,6,2025-02-18,2025-03-18,2025-03-01,68,68,0,,5.06,5.28,1
PO-003829,50,14,2,2025-02-25,2025-03-25,2025-03-20,70,70,0,,5.06,5.26,1
PO-003830,50,14,5,2025-03-04,2025-04-01,2025-03-19,61,61,2,Damaged packaging,5.06,5.39,1
PO-003831,50,14,4,2025-03-11,2025-04-08,2025-04-08,92,92,0,,5.06,5.33,1
PO-003832,50,14,8,2025-03-18,2025-04-15,2025-04-10,62,62,0,,5.06,5.28,1
PO-003833,50,14,8,2025-03-25,2025-04-22,2025-04-13,48,48,0,,5.06,5.42,1
PO-003834,50,14,10,2025-04-01,2025-04-29,2025-04-22,71,71,2,Documentation incomplete,5.06,5.32,1
PO-003835,50,14,5,2025-04-08,2025-05-06,2025-04-25,59,59,0,,5.06,5.37,1
PO-003836,50,14,5,2025-04-15,2025-05-13,2025-05-10,73,73,0,,5.06,5.31,1
PO-003837,50,14,10,2025-04-22,2025-05-20,2025-05-17,63,63,0,,5.06,5.27,1
PO-003838,50,14,1,2025-04-29,2025-05-27,2025-05-24,80,80,0,,5.06,5.38,1
PO-003839,50,14,5,2025-05-06,2025-06-03,2025-05-29,61,61,0,,5.06,5.32,1
PO-003840,50,14,2,2025-05-13,2025-06-10,2025-06-02,93,93,0,,5.06,5.31,1
PO-003841,50,14,2,2025-05-20,2025-06-17,2025-06-15,58,58,0,,5.06,5.32,1
PO-003842,50,14,10,2025-05-27,2025-06-24,2025-06-22,64,64,2,Temperature excursion in transit,5.06,5.29,1
PO-003843,50,14,2,2025-06-03,2025-07-01,2025-06-25,62,62,0,,5.06,5.36,1
PO-003844,50,14,10,2025-06-10,2025-07-08,2025-07-04,76,76,2,Short shelf life on arrival,5.06,5.21,1
PO-003845,50,14,5,2025-06-17,2025-07-15,2025-07-26,85,81,2,Temperature excursion in transit,5.06,5.3,1
PO-003846,50,14,2,2025-06-24,2025-07-22,2025-07-19,70,67,0,,5.06,5.27,1
PO-003847,50,14,5,2025-07-01,2025-07-29,2025-07-24,79,79,0,,5.06,5.35,1
PO-003848,50,14,7,2025-07-08,2025-08-05,2025-08-08,69,69,0,,5.06,5.33,1
PO-003849,50,14,2,2025-07-15,2025-08-12,2025-07-26,55,55,0,,5.06,5.43,1
PO-003850,50,14,5,2025-07-22,2025-08-19,2025-08-12,58,58,2,Documentation incomplete,5.06,5.24,1
PO-003851,50,14,7,2025-07-29,2025-08-26,2025-08-14,84,84,0,,5.06,5.37,1
PO-003852,50,14,8,2025-08-05,2025-09-02,2025-08-22,80,80,0,,5.06,5.36,1
PO-003853,50,14,4,2025-08-12,2025-09-09,2025-09-03,62,62,0,,5.06,5.22,1
PO-003854,50,14,1,2025-08-19,2025-09-16,2025-09-03,81,81,0,,5.06,5.39,1
PO-003855,50,14,10,2025-08-26,2025-09-23,2025-09-16,84,84,0,,5.06,5.24,1
PO-003856,50,14,2,2025-09-02,2025-09-30,2025-09-28,60,60,0,,5.06,5.33,1
PO-003857,50,14,5,2025-09-09,2025-10-07,2025-09-30,85,85,0,,5.06,5.23,1
PO-003858,50,14,4,2025-09-16,2025-10-14,2025-10-09,84,84,0,,5.06,5.34,1
PO-003859,50,14,10,2025-09-23,2025-10-21,2025-10-13,65,62,0,,5.06,5.31,1
PO-003860,50,14,5,2025-09-30,2025-10-28,2025-10-24,87,87,0,,5.06,5.32,1
PO-003861,50,14,7,2025-10-07,2025-11-04,2025-10-30,77,77,0,,5.06,5.43,1
PO-003862,50,14,8,2025-10-14,2025-11-11,2025-11-06,59,59,0,,5.06,5.29,1
PO-003863,50,14,10,2025-10-21,2025-11-18,2025-11-21,71,71,0,,5.06,5.28,1
PO-003864,50,14,2,2025-10-28,2025-11-25,2025-11-16,75,75,0,,5.06,5.36,1
PO-003865,50,14,4,2025-11-04,2025-12-02,2025-11-22,79,79,0,,5.06,5.33,1
PO-003866,50,14,2,2025-11-11,2025-12-09,2025-11-30,62,62,0,,5.06,5.3,1
PO-003867,50,14,2,2025-11-18,2025-12-16,2025-12-07,69,69,2,Temperature excursion in transit,5.06,5.32,1
PO-003868,50,14,7,2025-11-25,2025-12-23,2025-12-09,46,46,0,,5.06,5.25,1
PO-003869,50,14,6,2025-12-02,2025-12-30,2025-12-16,69,69,0,,5.06,5.29,1
PO-003870,50,14,10,2025-12-09,2026-01-06,2025-12-27,74,74,0,,5.06,5.23,1
PO-003871,50,14,6,2025-12-16,2026-01-13,2026-01-04,52,52,0,,5.06,5.47,1
PO-003872,50,14,4,2025-12-23,2026-01-20,2026-01-16,53,53,1,Temperature excursion in transit,5.06,5.4,1
PO-003873,50,14,6,2025-12-30,2026-01-27,2026-01-11,86,86,0,,5.06,5.3,1
PO-003874,50,14,10,2026-01-06,2026-02-03,2026-01-28,52,52,0,,5.06,5.34,1
PO-003875,50,14,4,2026-01-13,2026-02-10,2026-02-02,63,63,0,,5.06,5.28,1
PO-003876,50,14,8,2026-01-20,2026-02-17,2026-02-15,66,63,0,,5.06,5.3,1
PO-003877,50,14,6,2026-01-27,2026-02-24,2026-02-23,61,61,0,,5.06,5.32,1
PO-003878,50,14,5,2026-02-03,2026-03-03,2026-02-24,69,69,0,,5.06,5.32,1
PO-003879,50,14,8,2026-02-10,2026-03-10,2026-02-23,66,66,0,,5.06,5.31,1
PO-003880,50,14,8,2026-02-17,2026-03-17,2026-02-23,50,50,0,,5.06,5.31,1
PO-003881,50,14,8,2026-02-24,2026-03-24,2026-03-20,50,50,0,,5.06,5.28,1
PO-003882,50,14,4,2026-03-03,2026-03-31,2026-03-29,104,104,0,,5.06,5.28,1
PO-003883,50,14,2,2026-03-10,2026-04-07,2026-03-23,65,65,0,,5.06,5.26,1
PO-003884,50,14,6,2026-03-17,2026-04-14,2026-04-07,47,47,0,,5.06,5.38,1
PO-003885,50,14,6,2026-03-24,2026-04-21,2026-04-17,57,57,0,,5.06,5.38,1
PO-003886,50,14,10,2026-03-31,2026-04-28,2026-04-22,60,60,0,,5.06,5.38,1
PO-003887,50,14,8,2026-04-07,2026-05-05,2026-05-07,68,68,0,,5.06,5.31,1
PO-003888,50,14,1,2026-04-14,2026-05-12,2026-04-30,63,63,0,,5.06,5.32,1
PO-003889,50,14,6,2026-04-21,2026-05-19,2026-05-20,105,105,0,,5.06,5.36,1
PO-003890,50,14,6,2026-04-28,2026-05-26,2026-05-21,57,57,0,,5.06,5.2,1
PO-003891,50,14,2,2026-05-05,2026-06-02,2026-05-08,49,47,0,,5.06,5.37,1
PO-003892,50,14,6,2026-05-12,2026-06-09,2026-06-08,80,80,0,,5.06,5.39,1
PO-003893,50,14,6,2026-05-19,2026-06-16,2026-06-07,78,78,0,,5.06,5.34,1
PO-003894,50,14,1,2026-05-26,2026-06-23,2026-07-07,51,51,0,,5.06,5.33,1
PO-003895,50,14,8,2026-06-02,2026-06-30,2026-06-13,53,53,0,,5.06,5.31,1
PO-003896,50,14,7,2026-06-09,2026-07-07,2026-07-05,50,50,0,,5.06,5.26,1
PO-003897,50,14,6,2026-06-16,2026-07-14,2026-07-19,85,85,0,,5.06,5.31,1
PO-003898,50,14,6,2026-06-23,2026-07-21,2026-07-21,65,65,0,,5.06,5.33,1
PO-003899,50,14,7,2026-06-30,2026-07-28,2026-07-25,54,54,0,,5.06,5.26,1
PO-003900,51,12,7,2025-07-08,2025-07-17,2025-07-15,734,734,0,,10.28,10.04,0
PO-003901,51,12,4,2025-11-25,2025-12-04,2025-12-03,284,284,0,,10.28,10.01,0
PO-003902,51,12,10,2026-04-21,2026-04-30,2026-04-25,834,834,0,,10.28,9.95,0
PO-003903,51,1,7,2025-01-07,2025-01-24,2025-01-25,397,397,0,,8.66,8.76,0
PO-003904,51,1,9,2025-01-14,2025-01-31,2025-02-01,147,147,0,,8.66,8.69,0
PO-003905,51,1,5,2025-01-21,2025-02-07,2025-02-05,285,285,0,,8.66,8.73,0
PO-003906,51,1,1,2025-01-28,2025-02-14,2025-02-15,272,272,0,,8.66,8.71,0
PO-003907,51,1,3,2025-02-04,2025-02-21,2025-02-21,286,276,16,Documentation incomplete,8.66,8.71,0
PO-003908,51,1,10,2025-02-18,2025-03-07,2025-03-06,308,308,0,,8.66,8.67,0
PO-003909,51,1,5,2025-03-04,2025-03-21,2025-03-22,306,306,0,,8.66,8.8,0
PO-003910,51,1,7,2025-03-11,2025-03-28,2025-04-11,310,310,0,,8.66,8.68,0
PO-003911,51,1,7,2025-03-25,2025-04-11,2025-04-09,207,207,0,,8.66,8.73,0
PO-003912,51,1,10,2025-04-01,2025-04-18,2025-04-24,203,203,0,,8.66,8.83,0
PO-003913,51,1,1,2025-04-29,2025-05-16,2025-05-12,383,383,0,,8.66,8.82,0
PO-003914,51,1,10,2025-05-06,2025-05-23,2025-05-18,307,307,0,,8.66,8.67,0
PO-003915,51,1,10,2025-05-27,2025-06-13,2025-06-22,279,279,0,,8.66,8.65,0
PO-003916,51,1,5,2025-06-03,2025-06-20,2025-06-20,365,365,0,,8.66,8.62,0
PO-003917,51,1,10,2025-06-17,2025-07-04,2025-07-03,273,273,0,,8.66,8.69,0
PO-003918,51,1,5,2025-07-08,2025-07-25,2025-07-23,307,307,0,,8.66,8.81,0
PO-003919,51,1,9,2025-08-05,2025-08-22,2025-08-19,348,348,0,,8.66,8.54,0
PO-003920,51,1,7,2025-08-19,2025-09-05,2025-09-02,407,407,0,,8.66,8.7,0
PO-003921,51,1,7,2025-08-26,2025-09-12,2025-09-11,315,315,0,,8.66,8.86,0
PO-003922,51,1,9,2025-09-09,2025-09-26,2025-09-24,306,306,0,,8.66,8.75,0
PO-003923,51,1,7,2025-09-16,2025-10-03,2025-10-02,276,270,0,,8.66,8.69,0
PO-003924,51,1,4,2025-09-23,2025-10-10,2025-10-09,147,142,0,,8.66,8.72,0
PO-003925,51,1,1,2025-10-07,2025-10-24,2025-10-23,169,169,0,,8.66,8.6,0
PO-003926,51,1,1,2025-11-04,2025-11-21,2025-11-22,378,378,0,,8.66,8.77,0
PO-003927,51,1,3,2025-11-11,2025-11-28,2025-11-25,316,302,0,,8.66,8.79,0
PO-003928,51,1,10,2025-12-02,2025-12-19,2025-12-17,239,239,0,,8.66,8.7,0
PO-003929,51,1,7,2025-12-09,2025-12-26,2025-12-29,281,281,0,,8.66,8.81,0
PO-003930,51,1,4,2025-12-30,2026-01-16,2026-01-12,294,281,0,,8.66,8.8,0
PO-003931,51,1,5,2026-01-06,2026-01-23,2026-01-26,470,470,0,,8.66,8.75,0
PO-003932,51,1,9,2026-01-20,2026-02-06,2026-02-05,398,398,0,,8.66,8.72,0
PO-003933,51,1,7,2026-02-10,2026-02-27,2026-02-28,334,321,0,,8.66,8.76,0
PO-003934,51,1,3,2026-02-17,2026-03-06,2026-03-02,118,118,0,,8.66,8.59,0
PO-003935,51,1,1,2026-02-24,2026-03-13,2026-03-08,361,346,0,,8.66,8.67,0
PO-003936,51,1,3,2026-03-24,2026-04-10,2026-04-22,360,360,0,,8.66,8.69,0
PO-003937,51,1,1,2026-04-14,2026-05-01,2026-04-28,324,324,0,,8.66,8.73,0
PO-003938,51,1,1,2026-04-28,2026-05-15,2026-05-14,285,285,0,,8.66,8.71,0
PO-003939,51,1,7,2026-05-05,2026-05-22,2026-05-29,247,247,0,,8.66,8.79,0
PO-003940,51,1,9,2026-05-12,2026-05-29,2026-06-02,116,116,0,,8.66,8.82,0
PO-003941,51,1,9,2026-05-19,2026-06-05,2026-06-06,302,302,0,,8.66,8.66,0
PO-003942,51,1,7,2026-06-02,2026-06-19,2026-06-18,332,332,0,,8.66,8.8,0
PO-003943,51,1,1,2026-06-16,2026-07-03,2026-06-30,272,272,0,,8.66,8.63,0
PO-003944,51,1,9,2026-06-23,2026-07-10,2026-07-07,334,321,0,,8.66,8.83,0
PO-003945,51,1,4,2026-06-30,2026-07-17,2026-07-28,375,360,42,Temperature excursion in transit,8.66,8.68,0
PO-003946,51,24,9,2025-01-21,2025-01-29,2025-01-27,500,500,0,,10.19,9.85,1
PO-003947,51,24,10,2025-02-18,2025-02-26,2025-02-24,500,500,0,,10.19,9.87,1
PO-003948,51,24,7,2025-03-04,2025-03-12,2025-03-10,500,484,0,,10.19,9.87,1
PO-003949,51,24,1,2025-04-01,2025-04-09,2025-04-07,500,500,0,,10.19,9.96,1
PO-003950,51,24,3,2025-04-29,2025-05-07,2025-05-06,500,500,0,,10.19,9.86,1
PO-003951,51,24,1,2025-05-06,2025-05-14,2025-05-16,500,500,0,,10.19,9.82,1
PO-003952,51,24,1,2025-05-13,2025-05-21,2025-05-20,500,500,19,Damaged packaging,10.19,10.1,1
PO-003953,51,24,1,2025-05-20,2025-05-28,2025-05-28,500,500,0,,10.19,9.82,1
PO-003954,51,24,9,2025-05-27,2025-06-04,2025-05-31,500,500,0,,10.19,9.94,1
PO-003955,51,24,4,2025-06-03,2025-06-11,2025-06-10,500,474,0,,10.19,9.85,1
PO-003956,51,24,9,2025-06-10,2025-06-18,2025-06-17,500,500,0,,10.19,9.84,1
PO-003957,51,24,10,2025-06-17,2025-06-25,2025-06-24,500,486,0,,10.19,10.02,1
PO-003958,51,24,3,2025-06-24,2025-07-02,2025-07-02,500,500,0,,10.19,9.92,1
PO-003959,51,24,5,2025-07-01,2025-07-09,2025-07-06,500,500,0,,10.19,9.95,1
PO-003960,51,24,5,2025-07-08,2025-07-16,2025-07-16,500,500,0,,10.19,9.8,1
PO-003961,51,24,3,2025-07-22,2025-07-30,2025-07-28,500,500,0,,10.19,10.11,1
PO-003962,51,24,3,2025-08-19,2025-08-27,2025-08-26,643,643,0,,10.19,9.99,1
PO-003963,51,24,4,2025-08-26,2025-09-03,2025-09-13,500,500,0,,10.19,9.99,1
PO-003964,51,24,10,2025-09-02,2025-09-10,2025-09-09,500,500,0,,10.19,9.95,1
PO-003965,51,24,10,2025-09-09,2025-09-17,2025-09-15,500,500,0,,10.19,9.89,1
PO-003966,51,24,7,2025-09-23,2025-10-01,2025-10-13,500,500,0,,10.19,9.91,1
PO-003967,51,24,9,2025-10-14,2025-10-22,2025-10-21,500,500,0,,10.19,9.83,1
PO-003968,51,24,9,2025-10-21,2025-10-29,2025-10-29,500,500,0,,10.19,9.97,1
PO-003969,51,24,3,2025-11-11,2025-11-19,2025-11-19,500,500,0,,10.19,9.89,1
PO-003970,51,24,5,2025-12-09,2025-12-17,2025-12-16,500,500,0,,10.19,10.06,1
PO-003971,51,24,5,2025-12-30,2026-01-07,2026-01-04,500,500,0,,10.19,10.13,1
PO-003972,51,24,1,2026-01-13,2026-01-21,2026-01-18,500,500,0,,10.19,9.78,1
PO-003973,51,24,10,2026-01-20,2026-01-28,2026-01-27,500,500,0,,10.19,9.91,1
PO-003974,51,24,5,2026-02-03,2026-02-11,2026-02-10,500,484,0,,10.19,9.9,1
PO-003975,51,24,4,2026-02-10,2026-02-18,2026-02-17,500,500,0,,10.19,9.97,1
PO-003976,51,24,7,2026-04-07,2026-04-15,2026-04-14,500,500,0,,10.19,9.94,1
PO-003977,51,24,7,2026-04-21,2026-04-29,2026-04-28,500,500,0,,10.19,9.91,1
PO-003978,51,24,1,2026-05-12,2026-05-20,2026-05-19,500,500,0,,10.19,9.79,1
PO-003979,51,24,7,2026-06-23,2026-07-01,2026-07-20,500,472,0,,10.19,9.93,1
PO-003980,51,24,4,2026-06-30,2026-07-08,2026-07-06,500,500,0,,10.19,10.13,1
PO-003981,52,24,10,2025-01-07,2025-01-19,2025-01-18,250,250,0,,14.95,14.68,1
PO-003982,52,24,5,2025-01-14,2025-01-26,2025-01-25,250,250,0,,14.95,14.5,1
PO-003983,52,24,5,2025-01-21,2025-02-02,2025-01-31,250,250,0,,14.95,14.48,1
PO-003984,52,24,7,2025-02-04,2025-02-16,2025-02-15,250,250,0,,14.95,14.23,1
PO-003985,52,24,9,2025-02-18,2025-03-02,2025-03-01,250,250,0,,14.95,14.5,1
PO-003986,52,24,1,2025-02-25,2025-03-09,2025-03-08,250,250,0,,14.95,14.67,1
PO-003987,52,24,1,2025-03-04,2025-03-16,2025-03-15,250,250,0,,14.95,15.05,1
PO-003988,52,24,1,2025-03-11,2025-03-23,2025-03-23,250,250,0,,14.95,14.65,1
PO-003989,52,24,4,2025-03-18,2025-03-30,2025-03-29,250,250,0,,14.95,14.47,1
PO-003990,52,24,7,2025-03-25,2025-04-06,2025-04-04,250,250,0,,14.95,14.46,1
PO-003991,52,24,5,2025-04-01,2025-04-13,2025-04-13,250,240,0,,14.95,14.59,1
PO-003992,52,24,5,2025-04-08,2025-04-20,2025-04-17,250,250,0,,14.95,14.5,1
PO-003993,52,24,3,2025-04-15,2025-04-27,2025-04-27,250,250,0,,14.95,14.63,1
PO-003994,52,24,9,2025-05-06,2025-05-18,2025-05-17,250,250,0,,14.95,14.79,1
PO-003995,52,24,1,2025-05-13,2025-05-25,2025-05-23,250,250,0,,14.95,14.89,1
PO-003996,52,24,3,2025-05-20,2025-06-01,2025-05-30,250,250,0,,14.95,14.45,1
PO-003997,52,24,10,2025-05-27,2025-06-08,2025-06-29,250,250,0,,14.95,14.35,1
PO-003998,52,24,10,2025-06-03,2025-06-15,2025-06-13,250,250,0,,14.95,14.43,1
PO-003999,52,24,5,2025-06-10,2025-06-22,2025-06-19,250,250,0,,14.95,14.51,1
PO-004000,52,24,10,2025-06-17,2025-06-29,2025-06-26,250,250,0,,14.95,14.44,1
PO-004001,52,24,7,2025-06-24,2025-07-06,2025-07-04,250,250,0,,14.95,14.6,1
PO-004002,52,24,4,2025-07-01,2025-07-13,2025-07-13,250,250,0,,14.95,14.42,1
PO-004003,52,24,5,2025-07-08,2025-07-20,2025-07-19,250,250,0,,14.95,14.78,1
PO-004004,52,24,3,2025-07-15,2025-07-27,2025-07-26,250,250,0,,14.95,14.58,1
PO-004005,52,24,3,2025-07-22,2025-08-03,2025-08-02,250,250,0,,14.95,14.68,1
PO-004006,52,24,5,2025-07-29,2025-08-10,2025-08-09,250,250,0,,14.95,14.81,1
PO-004007,52,24,1,2025-08-05,2025-08-17,2025-08-17,250,250,0,,14.95,14.75,1
PO-004008,52,24,3,2025-08-12,2025-08-24,2025-08-24,250,241,0,,14.95,14.64,1
PO-004009,52,24,10,2025-08-19,2025-08-31,2025-08-31,250,250,0,,14.95,14.52,1
PO-004010,52,24,4,2025-08-26,2025-09-07,2025-09-05,250,250,0,,14.95,14.41,1
PO-004011,52,24,1,2025-09-09,2025-09-21,2025-09-20,250,250,0,,14.95,14.49,1
PO-004012,52,24,9,2025-09-16,2025-09-28,2025-09-28,250,242,0,,14.95,14.6,1
PO-004013,52,24,5,2025-09-23,2025-10-05,2025-10-04,250,250,0,,14.95,14.77,1
PO-004014,52,24,1,2025-09-30,2025-10-12,2025-10-12,250,250,0,,14.95,14.77,1
PO-004015,52,24,1,2025-10-07,2025-10-19,2025-10-18,250,250,0,,14.95,14.59,1
PO-004016,52,24,4,2025-10-14,2025-10-26,2025-10-25,250,250,0,,14.95,14.58,1
PO-004017,52,24,10,2025-10-21,2025-11-02,2025-11-02,266,266,0,,14.95,14.69,1
PO-004018,52,24,10,2025-10-28,2025-11-09,2025-11-08,250,250,0,,14.95,14.51,1
PO-004019,52,24,7,2025-11-04,2025-11-16,2025-11-14,250,250,0,,14.95,14.53,1
PO-004020,52,24,7,2025-11-11,2025-11-23,2025-11-22,250,250,0,,14.95,14.46,1
PO-004021,52,24,7,2025-11-25,2025-12-07,2025-12-07,250,250,0,,14.95,14.74,1
PO-004022,52,24,1,2025-12-02,2025-12-14,2025-12-13,250,250,0,,14.95,14.85,1
PO-004023,52,24,9,2025-12-09,2025-12-21,2025-12-19,250,250,0,,14.95,14.56,1
PO-004024,52,24,1,2025-12-16,2025-12-28,2025-12-26,250,250,0,,14.95,14.57,1
PO-004025,52,24,5,2025-12-23,2026-01-04,2026-01-01,250,250,0,,14.95,14.34,1
PO-004026,52,24,7,2025-12-30,2026-01-11,2026-01-10,250,250,0,,14.95,14.7,1
PO-004027,52,24,3,2026-01-06,2026-01-18,2026-01-17,292,292,0,,14.95,14.82,1
PO-004028,52,24,5,2026-01-13,2026-01-25,2026-01-24,250,250,0,,14.95,14.69,1
PO-004029,52,24,1,2026-01-20,2026-02-01,2026-02-01,250,250,0,,14.95,14.4,1
PO-004030,52,24,1,2026-01-27,2026-02-08,2026-02-08,250,250,0,,14.95,14.53,1
PO-004031,52,24,9,2026-02-03,2026-02-15,2026-02-12,250,250,0,,14.95,14.76,1
PO-004032,52,24,3,2026-02-10,2026-02-22,2026-02-21,250,250,0,,14.95,14.44,1
PO-004033,52,24,7,2026-02-17,2026-03-01,2026-02-28,250,250,0,,14.95,14.59,1
PO-004034,52,24,7,2026-02-24,2026-03-08,2026-03-07,250,250,0,,14.95,14.55,1
PO-004035,52,24,9,2026-03-03,2026-03-15,2026-03-15,250,250,0,,14.95,14.35,1
PO-004036,52,24,3,2026-03-10,2026-03-22,2026-03-28,250,250,0,,14.95,14.72,1
PO-004037,52,24,4,2026-03-17,2026-03-29,2026-03-28,250,250,0,,14.95,14.33,1
PO-004038,52,24,1,2026-03-24,2026-04-05,2026-04-04,250,250,0,,14.95,14.57,1
PO-004039,52,24,1,2026-03-31,2026-04-12,2026-04-26,250,250,0,,14.95,14.72,1
PO-004040,52,24,7,2026-04-07,2026-04-19,2026-05-04,250,250,0,,14.95,14.73,1
PO-004041,52,24,10,2026-04-14,2026-04-26,2026-05-06,250,250,0,,14.95,14.57,1
PO-004042,52,24,4,2026-04-21,2026-05-03,2026-05-01,258,258,0,,14.95,14.58,1
PO-004043,52,24,4,2026-04-28,2026-05-10,2026-05-09,250,250,0,,14.95,14.76,1
PO-004044,52,24,7,2026-05-05,2026-05-17,2026-05-16,250,250,0,,14.95,14.47,1
PO-004045,52,24,10,2026-05-12,2026-05-24,2026-05-23,250,250,0,,14.95,14.31,1
PO-004046,52,24,1,2026-05-19,2026-05-31,2026-05-31,250,250,0,,14.95,14.53,1
PO-004047,52,24,1,2026-05-26,2026-06-07,2026-06-05,250,250,0,,14.95,14.69,1
PO-004048,52,24,3,2026-06-02,2026-06-14,2026-06-11,250,250,0,,14.95,14.77,1
PO-004049,52,24,3,2026-06-09,2026-06-21,2026-06-20,250,250,0,,14.95,14.71,1
PO-004050,52,24,5,2026-06-16,2026-06-28,2026-06-26,250,250,0,,14.95,14.74,1
PO-004051,52,24,3,2026-06-23,2026-07-05,2026-07-05,250,250,0,,14.95,14.4,1
PO-004052,52,24,3,2026-06-30,2026-07-12,2026-07-12,250,237,0,,14.95,14.54,1
PO-004053,52,3,9,2025-02-18,2025-03-01,2025-03-01,500,500,0,,16.12,16.64,0
PO-004054,52,3,1,2025-03-18,2025-03-29,2025-03-28,500,500,0,,16.12,16.57,0
PO-004055,52,3,9,2025-04-22,2025-05-03,2025-05-03,500,500,0,,16.12,16.52,0
PO-004056,52,3,5,2025-10-14,2025-10-25,2025-10-24,500,500,0,,16.12,16.53,0
PO-004057,52,3,10,2025-12-16,2025-12-27,2025-12-26,500,500,0,,16.12,16.16,0
PO-004058,52,3,5,2025-12-23,2026-01-03,2026-01-02,500,451,0,,16.12,16.28,0
PO-004059,52,3,9,2026-01-27,2026-02-07,2026-02-06,500,500,0,,16.12,16.41,0
PO-004060,52,3,10,2026-03-24,2026-04-04,2026-04-03,500,500,0,,16.12,16.34,0
PO-004061,52,3,4,2026-06-16,2026-06-27,2026-06-27,500,500,0,,16.12,16.39,0
PO-004062,52,3,9,2026-06-30,2026-07-11,2026-07-10,500,500,0,,16.12,16.37,0
PO-004063,53,15,8,2025-01-07,2025-02-16,2025-02-08,1189,1189,0,,10.38,10.19,1
PO-004064,53,15,2,2025-01-14,2025-02-23,2025-02-20,1070,1070,0,,10.38,10.32,1
PO-004065,53,15,5,2025-01-21,2025-03-02,2025-02-23,954,954,0,,10.38,10.38,1
PO-004066,53,15,1,2025-01-28,2025-03-09,2025-03-06,1219,1219,0,,10.38,10.34,1
PO-004067,53,15,5,2025-02-04,2025-03-16,2025-03-20,1146,1146,0,,10.38,10.56,1
PO-004068,53,15,5,2025-02-11,2025-03-23,2025-03-09,848,848,0,,10.38,10.32,1
PO-004069,53,15,10,2025-02-18,2025-03-30,2025-03-17,811,811,0,,10.38,10.46,1
PO-004070,53,15,5,2025-02-25,2025-04-06,2025-04-02,859,859,0,,10.38,10.35,1
PO-004071,53,15,8,2025-03-04,2025-04-13,2025-04-04,807,807,0,,10.38,10.55,1
PO-004072,53,15,8,2025-03-11,2025-04-20,2025-04-04,1265,1265,0,,10.38,10.45,1
PO-004073,53,15,8,2025-03-18,2025-04-27,2025-04-23,963,963,0,,10.38,10.42,1
PO-004074,53,15,7,2025-03-25,2025-05-04,2025-04-24,1060,1060,0,,10.38,10.4,1
PO-004075,53,15,10,2025-04-08,2025-05-18,2025-05-15,778,778,0,,10.38,10.26,1
PO-004076,53,15,10,2025-04-15,2025-05-25,2025-05-18,1069,1069,0,,10.38,10.27,1
PO-004077,53,15,7,2025-04-22,2025-06-01,2025-05-31,1126,1126,0,,10.38,10.41,1
PO-004078,53,15,7,2025-04-29,2025-06-08,2025-06-04,990,990,0,,10.38,10.19,1
PO-004079,53,15,2,2025-05-06,2025-06-15,2025-06-10,1366,1366,0,,10.38,10.25,1
PO-004080,53,15,10,2025-05-13,2025-06-22,2025-06-20,1002,1002,0,,10.38,10.48,1
PO-004081,53,15,8,2025-05-27,2025-07-06,2025-06-26,1199,1199,0,,10.38,10.15,1
PO-004082,53,15,1,2025-06-03,2025-07-13,2025-07-07,1074,1074,0,,10.38,10.28,1
PO-004083,53,15,8,2025-06-17,2025-07-27,2025-07-19,750,750,0,,10.38,10.6,1
PO-004084,53,15,6,2025-06-24,2025-08-03,2025-07-26,764,764,37,Documentation incomplete,10.38,10.39,1
PO-004085,53,15,10,2025-07-01,2025-08-10,2025-08-04,1167,1167,0,,10.38,10.32,1
PO-004086,53,15,2,2025-07-08,2025-08-17,2025-08-11,1208,1208,0,,10.38,10.2,1
PO-004087,53,15,10,2025-07-15,2025-08-24,2025-08-22,903,903,0,,10.38,10.28,1
PO-004088,53,15,10,2025-07-22,2025-08-31,2025-08-21,1012,1012,0,,10.38,10.2,1
PO-004089,53,15,5,2025-07-29,2025-09-07,2025-08-28,931,931,0,,10.38,10.32,1
PO-004090,53,15,2,2025-08-12,2025-09-21,2025-09-10,1146,1068,0,,10.38,10.35,1
PO-004091,53,15,10,2025-08-19,2025-09-28,2025-09-28,913,913,0,,10.38,10.41,1
PO-004092,53,15,8,2025-09-02,2025-10-12,2025-10-08,906,884,0,,10.38,10.47,1
PO-004093,53,15,6,2025-09-16,2025-10-26,2025-10-20,1053,1053,0,,10.38,10.47,1
PO-004094,53,15,2,2025-09-23,2025-11-02,2025-10-26,1023,1023,0,,10.38,10.31,1
PO-004095,53,15,4,2025-09-30,2025-11-09,2025-10-17,1107,1000,0,,10.38,10.46,1
PO-004096,53,15,10,2025-10-14,2025-11-23,2025-11-23,816,816,0,,10.38,10.54,1
PO-004097,53,15,1,2025-10-21,2025-11-30,2025-11-24,1177,1177,0,,10.38,10.31,1
PO-004098,53,15,7,2025-10-28,2025-12-07,2025-12-03,621,621,0,,10.38,10.45,1
PO-004099,53,15,2,2025-11-11,2025-12-21,2025-12-18,1232,1232,0,,10.38,10.39,1
PO-004100,53,15,4,2025-11-18,2025-12-28,2025-12-27,1161,1161,0,,10.38,10.35,1
PO-004101,53,15,1,2025-11-25,2026-01-04,2025-12-31,703,703,0,,10.38,10.52,1
PO-004102,53,15,8,2025-12-02,2026-01-11,2025-12-19,1039,1039,0,,10.38,10.3,1
PO-004103,53,15,7,2025-12-09,2026-01-18,2026-01-18,1142,1142,0,,10.38,10.46,1
PO-004104,53,15,6,2025-12-16,2026-01-25,2026-01-22,784,784,0,,10.38,10.37,1
PO-004105,53,15,2,2025-12-23,2026-02-01,2026-02-01,807,807,0,,10.38,10.35,1
PO-004106,53,15,2,2026-01-06,2026-02-15,2026-02-10,566,566,0,,10.38,10.41,1
PO-004107,53,15,2,2026-01-13,2026-02-22,2026-02-08,698,664,0,,10.38,10.27,1
PO-004108,53,15,1,2026-01-20,2026-03-01,2026-02-26,765,765,82,Temperature excursion in transit,10.38,10.24,1
PO-004109,53,15,7,2026-01-27,2026-03-08,2026-03-05,792,792,0,,10.38,10.37,1
PO-004110,53,15,6,2026-02-03,2026-03-15,2026-03-08,929,929,0,,10.38,10.15,1
PO-004111,53,15,7,2026-02-10,2026-03-22,2026-03-20,936,936,34,Short shelf life on arrival,10.38,10.36,1
PO-004112,53,15,5,2026-02-17,2026-03-29,2026-03-26,1052,1052,0,,10.38,10.38,1
PO-004113,53,15,8,2026-02-24,2026-04-05,2026-03-28,908,908,0,,10.38,10.47,1
PO-004114,53,15,2,2026-03-10,2026-04-19,2026-05-03,1287,1287,0,,10.38,10.44,1
PO-004115,53,15,10,2026-03-17,2026-04-26,2026-04-25,1037,1037,0,,10.38,10.34,1
PO-004116,53,15,5,2026-03-24,2026-05-03,2026-04-26,911,911,0,,10.38,10.44,1
PO-004117,53,15,4,2026-03-31,2026-05-10,2026-05-09,1135,1135,0,,10.38,10.42,1
PO-004118,53,15,4,2026-04-07,2026-05-17,2026-05-07,986,986,0,,10.38,10.34,1
PO-004119,53,15,2,2026-04-14,2026-05-24,2026-05-15,1136,1136,0,,10.38,10.41,1
PO-004120,53,15,1,2026-04-28,2026-06-07,2026-06-07,500,500,0,,10.38,10.44,1
PO-004121,53,15,2,2026-05-05,2026-06-14,2026-06-09,1257,1257,0,,10.38,10.41,1
PO-004122,53,15,6,2026-05-12,2026-06-21,2026-06-09,942,942,0,,10.38,10.15,1
PO-004123,53,15,8,2026-05-19,2026-06-28,2026-06-20,996,996,0,,10.38,10.26,1
PO-004124,53,15,8,2026-05-26,2026-07-05,2026-06-30,1247,1247,93,Short shelf life on arrival,10.38,10.43,1
PO-004125,53,15,4,2026-06-02,2026-07-12,2026-06-29,876,876,0,,10.38,10.59,1
PO-004126,53,15,2,2026-06-09,2026-07-19,2026-07-16,1107,1107,0,,10.38,10.32,1
PO-004127,53,15,5,2026-06-16,2026-07-26,2026-07-24,1232,1232,0,,10.38,10.4,1
PO-004128,53,15,8,2026-06-23,2026-08-02,2026-08-02,1380,1380,0,,10.38,10.31,1
PO-004129,53,4,8,2025-01-07,2025-01-19,2025-01-17,1139,1091,0,,13.68,14.17,0
PO-004130,53,4,10,2025-02-18,2025-03-02,2025-03-18,1099,1068,0,,13.68,14.18,0
PO-004131,53,4,5,2025-03-18,2025-03-30,2025-03-27,1195,1195,0,,13.68,14.05,0
PO-004132,53,4,4,2025-04-15,2025-04-27,2025-04-25,1050,1018,0,,13.68,13.84,0
PO-004133,53,4,6,2025-04-22,2025-05-04,2025-05-01,882,882,35,Documentation incomplete,13.68,13.83,0
PO-004134,53,4,1,2025-06-17,2025-06-29,2025-06-26,991,948,0,,13.68,14.15,0
PO-004135,53,4,10,2025-08-26,2025-09-07,2025-09-06,1167,1167,0,,13.68,13.98,0
PO-004136,53,4,7,2025-12-23,2026-01-04,2026-01-03,1253,1223,0,,13.68,14.3,0
PO-004137,53,4,7,2026-01-27,2026-02-08,2026-02-21,954,954,0,,13.68,14.0,0
PO-004138,53,4,4,2026-02-17,2026-03-01,2026-02-25,892,892,0,,13.68,14.0,0
PO-004139,53,4,10,2026-03-17,2026-03-29,2026-04-05,990,990,0,,13.68,14.11,0
PO-004140,53,4,7,2026-04-21,2026-05-03,2026-05-07,1214,1214,0,,13.68,14.03,0
PO-004141,53,4,5,2026-05-26,2026-06-07,2026-06-06,1114,1114,0,,13.68,13.97,0
PO-004142,53,4,2,2026-06-16,2026-06-28,2026-06-24,1369,1369,0,,13.68,14.03,0
PO-004143,54,3,1,2025-01-14,2025-01-25,2025-01-25,322,322,0,,4.76,4.98,1
PO-004144,54,3,10,2025-01-21,2025-02-01,2025-02-01,260,260,11,Failed spec check,4.76,4.83,1
PO-004145,54,3,4,2025-02-04,2025-02-15,2025-02-14,164,164,0,,4.76,4.9,1
PO-004146,54,3,1,2025-02-25,2025-03-08,2025-03-08,359,359,0,,4.76,4.77,1
PO-004147,54,3,2,2025-03-04,2025-03-15,2025-03-15,351,351,0,,4.76,4.91,1
PO-004148,54,3,2,2025-03-18,2025-03-29,2025-03-29,282,282,0,,4.76,4.89,1
PO-004149,54,3,10,2025-04-01,2025-04-12,2025-04-11,299,299,0,,4.76,4.83,1
PO-004150,54,3,7,2025-04-15,2025-04-26,2025-04-26,174,174,0,,4.76,4.9,1
PO-004151,54,3,7,2025-04-22,2025-05-03,2025-05-03,238,238,0,,4.76,4.87,1
PO-004152,54,3,6,2025-04-29,2025-05-10,2025-05-10,397,397,0,,4.76,4.84,1
PO-004153,54,3,1,2025-05-13,2025-05-24,2025-05-23,357,357,0,,4.76,4.86,1
PO-004154,54,3,1,2025-05-27,2025-06-07,2025-06-07,308,308,0,,4.76,4.88,1
PO-004155,54,3,5,2025-06-10,2025-06-21,2025-06-20,287,287,0,,4.76,4.87,1
PO-004156,54,3,8,2025-06-17,2025-06-28,2025-06-28,504,504,0,,4.76,4.85,1
PO-004157,54,3,1,2025-06-24,2025-07-05,2025-07-04,357,357,0,,4.76,4.92,1
PO-004158,54,3,7,2025-07-01,2025-07-12,2025-07-12,382,382,0,,4.76,4.86,1
PO-004159,54,3,7,2025-07-15,2025-07-26,2025-07-25,261,261,0,,4.76,4.88,1
PO-004160,54,3,10,2025-07-22,2025-08-02,2025-08-01,210,210,0,,4.76,4.9,1
PO-004161,54,3,2,2025-07-29,2025-08-09,2025-08-09,545,545,0,,4.76,4.84,1
PO-004162,54,3,10,2025-08-12,2025-08-23,2025-08-23,398,398,0,,4.76,4.82,1
PO-004163,54,3,10,2025-08-19,2025-08-30,2025-08-28,271,271,0,,4.76,4.85,1
PO-004164,54,3,5,2025-08-26,2025-09-06,2025-09-05,231,231,0,,4.76,4.77,1
PO-004165,54,3,7,2025-09-02,2025-09-13,2025-09-13,401,401,0,,4.76,4.87,1
PO-004166,54,3,8,2025-09-16,2025-09-27,2025-09-25,335,335,0,,4.76,4.84,1
PO-004167,54,3,4,2025-09-30,2025-10-11,2025-10-09,308,308,0,,4.76,4.79,1
PO-004168,54,3,8,2025-10-14,2025-10-25,2025-10-24,326,326,0,,4.76,4.81,1
PO-004169,54,3,4,2025-11-18,2025-11-29,2025-11-28,451,451,0,,4.76,4.87,1
PO-004170,54,3,2,2025-12-16,2025-12-27,2025-12-26,421,421,0,,4.76,4.84,1
PO-004171,54,3,10,2025-12-30,2026-01-10,2026-01-09,417,385,0,,4.76,4.8,1
PO-004172,54,3,8,2026-01-06,2026-01-17,2026-01-16,349,349,0,,4.76,4.82,1
PO-004173,54,3,2,2026-01-20,2026-01-31,2026-01-31,459,459,0,,4.76,4.85,1
PO-004174,54,3,5,2026-02-10,2026-02-21,2026-02-21,402,402,0,,4.76,4.83,1
PO-004175,54,3,1,2026-02-17,2026-02-28,2026-02-27,386,386,0,,4.76,4.75,1
PO-004176,54,3,2,2026-03-03,2026-03-14,2026-03-14,326,326,0,,4.76,4.85,1
PO-004177,54,3,7,2026-03-10,2026-03-21,2026-03-19,334,334,0,,4.76,4.91,1
PO-004178,54,3,1,2026-03-24,2026-04-04,2026-04-04,379,379,0,,4.76,4.9,1
PO-004179,54,3,6,2026-03-31,2026-04-11,2026-04-11,277,277,0,,4.76,4.78,1
PO-004180,54,3,7,2026-04-14,2026-04-25,2026-04-25,319,319,45,Temperature excursion in transit,4.76,4.84,1
PO-004181,54,3,4,2026-04-21,2026-05-02,2026-05-02,433,363,0,,4.76,4.83,1
PO-004182,54,3,10,2026-05-12,2026-05-23,2026-05-23,348,348,0,,4.76,4.9,1
PO-004183,54,3,2,2026-05-19,2026-05-30,2026-05-30,263,263,0,,4.76,4.83,1
PO-004184,54,3,7,2026-05-26,2026-06-06,2026-06-05,299,299,0,,4.76,4.85,1
PO-004185,54,3,5,2026-06-02,2026-06-13,2026-06-13,380,380,0,,4.76,4.82,1
PO-004186,54,3,8,2026-06-09,2026-06-20,2026-06-19,420,420,0,,4.76,4.86,1
PO-004187,54,3,6,2026-06-16,2026-06-27,2026-06-27,337,337,0,,4.76,4.83,1
PO-004188,54,3,1,2026-06-23,2026-07-04,2026-07-03,365,365,0,,4.76,4.82,1
PO-004189,54,3,10,2026-06-30,2026-07-11,2026-07-11,215,215,0,,4.76,4.86,1
PO-004190,54,24,1,2025-01-07,2025-01-16,2025-01-13,306,306,0,,4.21,4.09,0
PO-004191,54,24,10,2025-01-21,2025-01-30,2025-01-29,384,384,0,,4.21,4.06,0
PO-004192,54,24,1,2025-01-28,2025-02-06,2025-02-05,356,356,0,,4.21,4.16,0
PO-004193,54,24,1,2025-02-25,2025-03-06,2025-03-05,295,295,0,,4.21,4.18,0
PO-004194,54,24,6,2025-03-18,2025-03-27,2025-03-24,348,348,0,,4.21,4.11,0
PO-004195,54,24,7,2025-03-25,2025-04-03,2025-04-02,308,308,0,,4.21,4.14,0
PO-004196,54,24,5,2025-04-01,2025-04-10,2025-04-07,427,427,0,,4.21,4.12,0
PO-004197,54,24,7,2025-04-08,2025-04-17,2025-04-17,421,421,0,,4.21,4.04,0
PO-004198,54,24,8,2025-05-27,2025-06-05,2025-06-04,357,357,0,,4.21,4.04,0
PO-004199,54,24,1,2025-07-01,2025-07-10,2025-07-10,329,329,0,,4.21,4.11,0
PO-004200,54,24,10,2025-07-15,2025-07-24,2025-07-23,368,353,0,,4.21,4.07,0
PO-004201,54,24,6,2025-08-12,2025-08-21,2025-08-19,332,314,0,,4.21,4.05,0
PO-004202,54,24,1,2025-09-02,2025-09-11,2025-09-07,245,236,0,,4.21,4.12,0
PO-004203,54,24,7,2025-11-18,2025-11-27,2025-11-25,299,299,0,,4.21,4.16,0
PO-004204,54,24,5,2025-11-25,2025-12-04,2025-12-03,431,431,0,,4.21,4.12,0
PO-004205,54,24,1,2026-01-13,2026-01-22,2026-02-20,244,244,26,Short shelf life on arrival,4.21,4.08,0
PO-004206,54,24,10,2026-01-20,2026-01-29,2026-01-28,313,313,0,,4.21,4.12,0
PO-004207,54,24,6,2026-02-24,2026-03-05,2026-03-05,269,269,0,,4.21,4.11,0
PO-004208,54,24,7,2026-03-17,2026-03-26,2026-04-12,356,356,0,,4.21,4.11,0
PO-004209,54,24,5,2026-04-14,2026-04-23,2026-04-21,267,267,0,,4.21,4.08,0
PO-004210,54,24,7,2026-05-05,2026-05-14,2026-05-14,361,361,0,,4.21,4.13,0
PO-004211,54,24,2,2026-06-09,2026-06-18,2026-06-18,371,354,0,,4.21,4.09,0
PO-004212,54,24,8,2026-06-16,2026-06-25,2026-06-25,244,244,0,,4.21,4.13,0
PO-004213,54,24,10,2026-06-30,2026-07-09,2026-07-08,273,273,0,,4.21,4.07,0
PO-004214,55,15,4,2025-01-07,2025-02-21,2025-02-19,68,68,0,,8.49,8.62,1
PO-004215,55,15,6,2025-01-14,2025-02-28,2025-02-27,104,104,0,,8.49,8.47,1
PO-004216,55,15,4,2025-01-21,2025-03-07,2025-02-27,115,115,0,,8.49,8.47,1
PO-004217,55,15,4,2025-01-28,2025-03-14,2025-03-11,117,117,0,,8.49,8.51,1
PO-004218,55,15,2,2025-02-04,2025-03-21,2025-03-17,98,98,0,,8.49,8.35,1
PO-004219,55,15,5,2025-02-25,2025-04-11,2025-04-05,67,67,0,,8.49,8.47,1
PO-004220,55,15,7,2025-03-04,2025-04-18,2025-03-31,49,49,0,,8.49,8.52,1
PO-004221,55,15,4,2025-03-11,2025-04-25,2025-04-18,98,98,0,,8.49,8.63,1
PO-004222,55,15,5,2025-03-18,2025-05-02,2025-04-28,68,68,0,,8.49,8.57,1
PO-004223,55,15,1,2025-03-25,2025-05-09,2025-04-22,78,78,5,Temperature excursion in transit,8.49,8.56,1
PO-004224,55,15,6,2025-04-01,2025-05-16,2025-05-15,57,57,0,,8.49,8.46,1
PO-004225,55,15,5,2025-04-15,2025-05-30,2025-05-26,76,69,0,,8.49,8.52,1
PO-004226,55,15,10,2025-04-22,2025-06-06,2025-06-05,56,56,0,,8.49,8.56,1
PO-004227,55,15,2,2025-04-29,2025-06-13,2025-06-09,75,75,0,,8.49,8.47,1
PO-004228,55,15,5,2025-05-06,2025-06-20,2025-06-09,101,101,0,,8.49,8.47,1
PO-004229,55,15,1,2025-05-13,2025-06-27,2025-06-23,114,101,0,,8.49,8.45,1
PO-004230,55,15,6,2025-05-20,2025-07-04,2025-06-29,74,74,0,,8.49,8.51,1
PO-004231,55,15,4,2025-05-27,2025-07-11,2025-07-10,75,75,0,,8.49,8.48,1
PO-004232,55,15,10,2025-06-03,2025-07-18,2025-07-07,115,115,0,,8.49,8.52,1
PO-004233,55,15,7,2025-06-10,2025-07-25,2025-07-16,80,80,0,,8.49,8.41,1
PO-004234,55,15,10,2025-06-17,2025-08-01,2025-07-13,64,64,0,,8.49,8.51,1
PO-004235,55,15,6,2025-06-24,2025-08-08,2025-07-26,70,70,0,,8.49,8.58,1
PO-004236,55,15,10,2025-07-01,2025-08-15,2025-08-06,102,102,0,,8.49,8.49,1
PO-004237,55,15,2,2025-07-08,2025-08-22,2025-08-14,81,81,0,,8.49,8.54,1
PO-004238,55,15,10,2025-07-15,2025-08-29,2025-08-18,64,64,0,,8.49,8.25,1
PO-004239,55,15,5,2025-07-22,2025-09-05,2025-08-29,76,76,0,,8.49,8.57,1
PO-004240,55,15,1,2025-07-29,2025-09-12,2025-09-11,94,94,0,,8.49,8.61,1
PO-004241,55,15,5,2025-08-05,2025-09-19,2025-09-17,122,122,0,,8.49,8.65,1
PO-004242,55,15,4,2025-08-12,2025-09-26,2025-09-24,84,84,5,Short shelf life on arrival,8.49,8.5,1
PO-004243,55,15,4,2025-08-19,2025-10-03,2025-09-30,79,79,0,,8.49,8.43,1
PO-004244,55,15,10,2025-08-26,2025-10-10,2025-09-29,77,77,0,,8.49,8.45,1
PO-004245,55,15,4,2025-09-02,2025-10-17,2025-10-15,109,109,0,,8.49,8.45,1
PO-004246,55,15,10,2025-09-09,2025-10-24,2025-10-16,87,87,0,,8.49,8.5,1
PO-004247,55,15,6,2025-09-16,2025-10-31,2025-10-23,81,81,0,,8.49,8.5,1
PO-004248,55,15,2,2025-09-23,2025-11-07,2025-11-05,127,118,0,,8.49,8.36,1
PO-004249,55,15,8,2025-09-30,2025-11-14,2025-11-08,79,79,0,,8.49,8.56,1
PO-004250,55,15,6,2025-10-07,2025-11-21,2025-11-12,85,85,0,,8.49,8.5,1
PO-004251,55,15,1,2025-10-14,2025-11-28,2025-11-11,72,72,0,,8.49,8.52,1
PO-004252,55,15,5,2025-10-21,2025-12-05,2025-11-24,81,81,0,,8.49,8.57,1
PO-004253,55,15,5,2025-10-28,2025-12-12,2025-11-30,86,86,0,,8.49,8.47,1
PO-004254,55,15,7,2025-11-04,2025-12-19,2025-12-05,100,100,0,,8.49,8.52,1
PO-004255,55,15,10,2025-11-11,2025-12-26,2025-12-23,82,82,0,,8.49,8.58,1
PO-004256,55,15,5,2025-11-18,2026-01-02,2025-12-26,79,79,0,,8.49,8.61,1
PO-004257,55,15,2,2025-11-25,2026-01-09,2026-01-02,104,104,0,,8.49,8.37,1
PO-004258,55,15,4,2025-12-09,2026-01-23,2026-01-18,84,84,6,Damaged packaging,8.49,8.76,1
PO-004259,55,15,10,2025-12-16,2026-01-30,2026-01-28,83,83,0,,8.49,8.57,1
PO-004260,55,15,6,2025-12-23,2026-02-06,2026-02-04,80,80,0,,8.49,8.35,1
PO-004261,55,15,7,2025-12-30,2026-02-13,2026-02-04,90,90,0,,8.49,8.36,1
PO-004262,55,15,1,2026-01-06,2026-02-20,2026-02-16,93,93,0,,8.49,8.51,1
PO-004263,55,15,2,2026-01-13,2026-02-27,2026-02-22,63,63,0,,8.49,8.4,1
PO-004264,55,15,1,2026-01-20,2026-03-06,2026-02-24,108,108,0,,8.49,8.42,1
PO-004265,55,15,10,2026-01-27,2026-03-13,2026-03-09,75,75,0,,8.49,8.49,1
PO-004266,55,15,8,2026-02-03,2026-03-20,2026-03-13,113,113,0,,8.49,8.51,1
PO-004267,55,15,5,2026-02-10,2026-03-27,2026-03-24,58,58,0,,8.49,8.52,1
PO-004268,55,15,1,2026-02-17,2026-04-03,2026-04-02,127,127,0,,8.49,8.6,1
PO-004269,55,15,7,2026-02-24,2026-04-10,2026-04-09,104,104,0,,8.49,8.51,1
PO-004270,55,15,1,2026-03-03,2026-04-17,2026-04-03,119,119,0,,8.49,8.4,1
PO-004271,55,15,1,2026-03-17,2026-05-01,2026-04-19,95,95,0,,8.49,8.52,1
PO-004272,55,15,5,2026-03-24,2026-05-08,2026-05-06,107,107,0,,8.49,8.46,1
PO-004273,55,15,10,2026-03-31,2026-05-15,2026-05-07,72,72,0,,8.49,8.53,1
PO-004274,55,15,7,2026-04-07,2026-05-22,2026-05-15,71,71,0,,8.49,8.58,1
PO-004275,55,15,2,2026-04-14,2026-05-29,2026-05-14,79,79,0,,8.49,8.62,1
PO-004276,55,15,2,2026-04-21,2026-06-05,2026-05-30,118,118,0,,8.49,8.43,1
PO-004277,55,15,8,2026-04-28,2026-06-12,2026-06-07,84,84,0,,8.49,8.41,1
PO-004278,55,15,4,2026-05-05,2026-06-19,2026-07-01,109,109,0,,8.49,8.64,1
PO-004279,55,15,10,2026-05-12,2026-06-26,2026-06-13,86,75,0,,8.49,8.52,1
PO-004280,55,15,10,2026-05-19,2026-07-03,2026-06-22,86,86,0,,8.49,8.58,1
PO-004281,55,15,8,2026-05-26,2026-07-10,2026-07-08,107,107,0,,8.49,8.52,1
PO-004282,55,15,8,2026-06-02,2026-07-17,2026-07-13,117,117,11,Short shelf life on arrival,8.49,8.59,1
PO-004283,55,15,4,2026-06-09,2026-07-24,2026-07-15,103,103,0,,8.49,8.59,1
PO-004284,55,15,10,2026-06-23,2026-08-07,2026-08-01,96,96,0,,8.49,8.37,1
PO-004285,55,15,1,2026-06-30,2026-08-14,2026-08-09,84,84,0,,8.49,8.5,1
PO-004286,55,6,10,2025-02-04,2025-02-12,2025-02-10,100,100,0,,10.56,10.38,0
PO-004287,55,6,8,2025-03-18,2025-03-26,2025-03-26,100,100,0,,10.56,10.1,0
PO-004288,55,6,1,2025-04-29,2025-05-07,2025-05-06,100,100,0,,10.56,10.25,0
PO-004289,55,6,10,2025-06-17,2025-06-25,2025-06-23,100,100,0,,10.56,10.35,0
PO-004290,55,6,5,2025-08-19,2025-08-27,2025-08-26,100,100,0,,10.56,10.12,0
PO-004291,55,6,1,2025-09-09,2025-09-17,2025-09-14,100,100,5,Short shelf life on arrival,10.56,10.12,0
PO-004292,55,6,8,2025-09-16,2025-09-24,2025-09-22,100,100,0,,10.56,10.18,0
PO-004293,55,6,7,2025-11-11,2025-11-19,2025-11-18,100,100,0,,10.56,10.34,0
PO-004294,55,6,2,2025-12-30,2026-01-07,2026-01-06,100,100,0,,10.56,10.23,0
PO-004295,55,6,2,2026-02-24,2026-03-04,2026-03-03,100,100,6,Temperature excursion in transit,10.56,10.25,0
PO-004296,55,6,2,2026-03-03,2026-03-11,2026-03-11,100,100,0,,10.56,10.26,0
PO-004297,55,6,10,2026-04-14,2026-04-22,2026-04-21,100,100,0,,10.56,10.34,0
PO-004298,56,19,2,2025-01-07,2025-02-09,2025-02-07,85,85,0,,13.98,13.92,1
PO-004299,56,19,4,2025-01-14,2025-02-16,2025-02-10,83,83,0,,13.98,13.99,1
PO-004300,56,19,8,2025-01-21,2025-02-23,2025-02-17,72,72,0,,13.98,14.31,1
PO-004301,56,19,10,2025-01-28,2025-03-02,2025-02-23,76,76,0,,13.98,14.07,1
PO-004302,56,19,8,2025-02-04,2025-03-09,2025-02-27,56,56,0,,13.98,13.94,1
PO-004303,56,19,8,2025-02-11,2025-03-16,2025-03-09,63,63,0,,13.98,14.09,1
PO-004304,56,19,4,2025-02-18,2025-03-23,2025-03-09,64,64,0,,13.98,14.06,1
PO-004305,56,19,4,2025-02-25,2025-03-30,2025-03-28,65,65,0,,13.98,14.09,1
PO-004306,56,19,2,2025-03-04,2025-04-06,2025-03-31,78,78,0,,13.98,14.14,1
PO-004307,56,19,4,2025-03-18,2025-04-20,2025-04-13,83,83,0,,13.98,13.93,1
PO-004308,56,19,4,2025-03-25,2025-04-27,2025-04-21,112,112,0,,13.98,13.91,1
PO-004309,56,19,4,2025-04-01,2025-05-04,2025-04-19,75,75,0,,13.98,13.75,1
PO-004310,56,19,2,2025-04-08,2025-05-11,2025-05-06,86,86,0,,13.98,13.97,1
PO-004311,56,19,7,2025-04-15,2025-05-18,2025-05-11,100,100,0,,13.98,13.95,1
PO-004312,56,19,6,2025-04-22,2025-05-25,2025-05-19,69,69,0,,13.98,14.14,1
PO-004313,56,19,5,2025-04-29,2025-06-01,2025-06-02,62,62,0,,13.98,14.1,1
PO-004314,56,19,5,2025-05-06,2025-06-08,2025-06-05,57,57,0,,13.98,14.1,1
PO-004315,56,19,4,2025-05-13,2025-06-15,2025-06-11,60,60,0,,13.98,14.01,1
PO-004316,56,19,4,2025-05-20,2025-06-22,2025-06-18,93,93,0,,13.98,13.72,1
PO-004317,56,19,5,2025-05-27,2025-06-29,2025-06-11,115,115,0,,13.98,13.97,1
PO-004318,56,19,5,2025-06-03,2025-07-06,2025-06-23,100,100,0,,13.98,13.98,1
PO-004319,56,19,1,2025-06-10,2025-07-13,2025-06-13,58,58,0,,13.98,13.92,1
PO-004320,56,19,2,2025-06-17,2025-07-20,2025-08-04,70,70,0,,13.98,13.96,1
PO-004321,56,19,6,2025-06-24,2025-07-27,2025-07-16,72,72,0,,13.98,13.97,1
PO-004322,56,19,7,2025-07-01,2025-08-03,2025-07-31,72,72,0,,13.98,13.85,1
PO-004323,56,19,4,2025-07-08,2025-08-10,2025-08-08,57,57,0,,13.98,14.12,1
PO-004324,56,19,2,2025-07-15,2025-08-17,2025-08-16,82,82,0,,13.98,13.8,1
PO-004325,56,19,10,2025-07-22,2025-08-24,2025-08-21,57,57,0,,13.98,13.98,1
PO-004326,56,19,5,2025-07-29,2025-08-31,2025-08-31,90,90,0,,13.98,13.81,1
PO-004327,56,19,7,2025-08-05,2025-09-07,2025-08-26,68,68,0,,13.98,13.75,1
PO-004328,56,19,5,2025-08-12,2025-09-14,2025-09-08,99,99,5,Documentation incomplete,13.98,14.08,1
PO-004329,56,19,10,2025-08-19,2025-09-21,2025-09-21,81,81,0,,13.98,14.02,1
PO-004330,56,19,6,2025-08-26,2025-09-28,2025-09-22,50,50,0,,13.98,13.63,1
PO-004331,56,19,10,2025-09-02,2025-10-05,2025-09-14,51,51,0,,13.98,14.18,1
PO-004332,56,19,7,2025-09-09,2025-10-12,2025-10-07,50,50,0,,13.98,13.73,1
PO-004333,56,19,2,2025-09-16,2025-10-19,2025-10-08,89,89,0,,13.98,14.09,1
PO-004334,56,19,10,2025-09-23,2025-10-26,2025-09-28,69,69,0,,13.98,13.86,1
PO-004335,56,19,8,2025-10-07,2025-11-09,2025-11-07,72,72,0,,13.98,13.98,1
PO-004336,56,19,7,2025-10-14,2025-11-16,2025-11-16,122,122,0,,13.98,13.84,1
PO-004337,56,19,2,2025-10-21,2025-11-23,2025-11-14,65,65,2,Damaged packaging,13.98,14.05,1
PO-004338,56,19,8,2025-11-04,2025-12-07,2025-11-29,90,90,0,,13.98,13.84,1
PO-004339,56,19,4,2025-11-11,2025-12-14,2025-12-05,71,71,0,,13.98,13.78,1
PO-004340,56,19,1,2025-11-25,2025-12-28,2026-01-14,82,82,0,,13.98,13.97,1
PO-004341,56,19,7,2025-12-02,2026-01-04,2026-01-03,60,60,0,,13.98,14.0,1
PO-004342,56,19,2,2025-12-09,2026-01-11,2026-01-27,72,72,0,,13.98,14.12,1
PO-004343,56,19,6,2025-12-16,2026-01-18,2026-02-17,76,76,0,,13.98,13.89,1
PO-004344,56,19,2,2025-12-23,2026-01-25,2026-01-14,52,52,0,,13.98,14.07,1
PO-004345,56,19,6,2025-12-30,2026-02-01,2026-01-29,65,65,0,,13.98,13.85,1
PO-004346,56,19,6,2026-01-06,2026-02-08,2026-02-07,54,54,0,,13.98,14.11,1
PO-004347,56,19,10,2026-01-13,2026-02-15,2026-01-24,86,86,7,Failed spec check,13.98,14.07,1
PO-004348,56,19,8,2026-01-20,2026-02-22,2026-02-19,80,80,0,,13.98,14.16,1
PO-004349,56,19,8,2026-01-27,2026-03-01,2026-02-16,118,118,0,,13.98,14.03,1
PO-004350,56,19,6,2026-02-03,2026-03-08,2026-02-15,78,78,0,,13.98,14.17,1
PO-004351,56,19,10,2026-02-10,2026-03-15,2026-03-09,74,74,0,,13.98,14.09,1
PO-004352,56,19,8,2026-02-17,2026-03-22,2026-03-26,103,100,0,,13.98,13.98,1
PO-004353,56,19,2,2026-02-24,2026-03-29,2026-03-15,101,101,0,,13.98,14.11,1
PO-004354,56,19,8,2026-03-10,2026-04-12,2026-04-10,73,73,0,,13.98,14.06,1
PO-004355,56,19,8,2026-03-17,2026-04-19,2026-04-15,72,72,0,,13.98,13.83,1
PO-004356,56,19,4,2026-03-24,2026-04-26,2026-04-21,101,101,0,,13.98,13.99,1
PO-004357,56,19,2,2026-03-31,2026-05-03,2026-05-04,83,83,0,,13.98,13.89,1
PO-004358,56,19,10,2026-04-07,2026-05-10,2026-04-30,113,113,0,,13.98,14.11,1
PO-004359,56,19,7,2026-04-14,2026-05-17,2026-05-18,64,64,0,,13.98,13.81,1
PO-004360,56,19,10,2026-04-21,2026-05-24,2026-05-15,79,79,0,,13.98,14.19,1
PO-004361,56,19,5,2026-04-28,2026-05-31,2026-06-05,90,90,0,,13.98,14.06,1
PO-004362,56,19,1,2026-05-05,2026-06-07,2026-06-07,81,81,7,Documentation incomplete,13.98,13.92,1
PO-004363,56,19,8,2026-05-12,2026-06-14,2026-06-05,75,75,0,,13.98,13.96,1
PO-004364,56,19,2,2026-05-19,2026-06-21,2026-05-31,92,92,0,,13.98,14.06,1
PO-004365,56,19,8,2026-05-26,2026-06-28,2026-06-27,55,55,0,,13.98,14.12,1
PO-004366,56,19,1,2026-06-02,2026-07-05,2026-06-29,62,62,3,Temperature excursion in transit,13.98,13.93,1
PO-004367,56,19,5,2026-06-09,2026-07-12,2026-06-28,79,79,0,,13.98,13.94,1
PO-004368,56,19,10,2026-06-16,2026-07-19,2026-07-14,70,70,0,,13.98,13.96,1
PO-004369,56,19,4,2026-06-23,2026-07-26,2026-07-22,50,50,0,,13.98,13.96,1
PO-004370,56,19,1,2026-06-30,2026-08-02,2026-07-31,94,94,0,,13.98,14.1,1
PO-004371,56,3,8,2025-02-11,2025-02-23,2025-02-23,200,200,0,,15.67,15.78,0
PO-004372,56,3,4,2025-06-24,2025-07-06,2025-07-05,198,198,0,,15.67,16.03,0
PO-004373,57,3,5,2025-01-07,2025-01-17,2025-01-15,117,117,0,,5.08,5.28,1
PO-004374,57,3,9,2025-01-14,2025-01-24,2025-01-21,156,156,0,,5.08,5.11,1
PO-004375,57,3,9,2025-01-28,2025-02-07,2025-02-07,89,89,0,,5.08,5.28,1
PO-004376,57,3,10,2025-02-04,2025-02-14,2025-02-12,163,163,0,,5.08,5.3,1
PO-004377,57,3,1,2025-02-11,2025-02-21,2025-02-21,118,118,0,,5.08,5.18,1
PO-004378,57,3,3,2025-02-18,2025-02-28,2025-02-26,72,72,0,,5.08,5.18,1
PO-004379,57,3,9,2025-02-25,2025-03-07,2025-03-06,142,142,0,,5.08,5.14,1
PO-004380,57,3,10,2025-03-04,2025-03-14,2025-03-13,120,120,0,,5.08,5.2,1
PO-004381,57,3,5,2025-03-11,2025-03-21,2025-03-20,66,66,0,,5.08,5.27,1
PO-004382,57,3,1,2025-03-18,2025-03-28,2025-03-27,94,78,0,,5.08,5.13,1
PO-004383,57,3,10,2025-03-25,2025-04-04,2025-04-04,96,96,0,,5.08,5.21,1
PO-004384,57,3,1,2025-04-01,2025-04-11,2025-04-10,131,131,0,,5.08,5.22,1
PO-004385,57,3,4,2025-04-08,2025-04-18,2025-04-18,135,135,0,,5.08,5.19,1
PO-004386,57,3,5,2025-04-15,2025-04-25,2025-04-24,145,145,0,,5.08,5.34,1
PO-004387,57,3,4,2025-04-29,2025-05-09,2025-05-09,163,163,0,,5.08,5.28,1
PO-004388,57,3,1,2025-05-06,2025-05-16,2025-05-15,105,105,0,,5.08,5.16,1
PO-004389,57,3,3,2025-05-13,2025-05-23,2025-05-22,119,119,0,,5.08,5.26,1
PO-004390,57,3,3,2025-05-20,2025-05-30,2025-05-29,97,97,0,,5.08,5.24,1
PO-004391,57,3,3,2025-05-27,2025-06-06,2025-06-06,45,45,0,,5.08,5.17,1
PO-004392,57,3,4,2025-06-03,2025-06-13,2025-06-12,82,82,0,,5.08,5.19,1
PO-004393,57,3,7,2025-06-17,2025-06-27,2025-06-27,184,184,0,,5.08,5.22,1
PO-004394,57,3,4,2025-06-24,2025-07-04,2025-07-03,56,52,0,,5.08,5.18,1
PO-004395,57,3,4,2025-07-01,2025-07-11,2025-07-11,85,85,0,,5.08,5.17,1
PO-004396,57,3,10,2025-07-15,2025-07-25,2025-07-25,73,73,0,,5.08,5.1,1
PO-004397,57,3,7,2025-07-22,2025-08-01,2025-07-31,150,150,0,,5.08,5.21,1
PO-004398,57,3,9,2025-07-29,2025-08-08,2025-08-08,114,101,0,,5.08,5.22,1
PO-004399,57,3,10,2025-08-05,2025-08-15,2025-08-15,95,95,0,,5.08,5.25,1
PO-004400,57,3,7,2025-08-19,2025-08-29,2025-08-28,95,95,0,,5.08,5.22,1
PO-004401,57,3,10,2025-08-26,2025-09-05,2025-09-05,142,137,0,,5.08,5.23,1
PO-004402,57,3,5,2025-09-02,2025-09-12,2025-09-11,110,107,0,,5.08,5.18,1
PO-004403,57,3,5,2025-09-09,2025-09-19,2025-09-18,152,152,0,,5.08,5.24,1
PO-004404,57,3,10,2025-09-23,2025-10-03,2025-10-03,100,100,0,,5.08,5.3,1
PO-004405,57,3,10,2025-09-30,2025-10-10,2025-10-09,97,97,0,,5.08,5.05,1
PO-004406,57,3,5,2025-10-07,2025-10-17,2025-11-02,125,125,0,,5.08,5.11,1
PO-004407,57,3,7,2025-10-14,2025-10-24,2025-10-22,138,138,0,,5.08,5.15,1
PO-004408,57,3,7,2025-10-21,2025-10-31,2025-10-30,99,99,0,,5.08,5.18,1
PO-004409,57,3,7,2025-10-28,2025-11-07,2025-11-07,118,118,0,,5.08,5.18,1
PO-004410,57,3,7,2025-11-04,2025-11-14,2025-11-14,178,178,0,,5.08,5.25,1
PO-004411,57,3,3,2025-11-11,2025-11-21,2025-11-20,130,130,0,,5.08,5.24,1
PO-004412,57,3,7,2025-11-18,2025-11-28,2025-11-28,77,77,0,,5.08,5.22,1
PO-004413,57,3,1,2025-11-25,2025-12-05,2025-12-04,110,103,6,Temperature excursion in transit,5.08,5.26,1
PO-004414,57,3,7,2025-12-02,2025-12-12,2025-12-12,138,138,0,,5.08,5.17,1
PO-004415,57,3,7,2025-12-09,2025-12-19,2025-12-18,87,87,0,,5.08,5.09,1
PO-004416,57,3,7,2025-12-16,2025-12-26,2025-12-26,127,127,0,,5.08,5.19,1
PO-004417,57,3,1,2025-12-30,2026-01-09,2026-01-08,68,68,0,,5.08,5.26,1
PO-004418,57,3,10,2026-01-06,2026-01-16,2026-01-15,143,143,0,,5.08,5.12,1
PO-004419,57,3,1,2026-01-13,2026-01-23,2026-01-23,172,172,0,,5.08,5.28,1
PO-004420,57,3,3,2026-01-20,2026-01-30,2026-01-29,120,120,0,,5.08,5.19,1
PO-004421,57,3,1,2026-01-27,2026-02-06,2026-02-05,122,122,0,,5.08,5.27,1
PO-004422,57,3,5,2026-02-10,2026-02-20,2026-02-19,125,125,0,,5.08,5.19,1
PO-004423,57,3,7,2026-02-17,2026-02-27,2026-02-25,152,152,0,,5.08,5.24,1
PO-004424,57,3,7,2026-02-24,2026-03-06,2026-03-06,112,112,0,,5.08,5.3,1
PO-004425,57,3,1,2026-03-03,2026-03-13,2026-03-13,125,125,0,,5.08,5.16,1
PO-004426,57,3,5,2026-03-10,2026-03-20,2026-03-19,73,73,0,,5.08,5.23,1
PO-004427,57,3,4,2026-03-24,2026-04-03,2026-04-02,141,141,0,,5.08,5.26,1
PO-004428,57,3,10,2026-03-31,2026-04-10,2026-04-10,113,113,0,,5.08,5.22,1
PO-004429,57,3,5,2026-04-14,2026-04-24,2026-04-22,126,108,0,,5.08,5.16,1
PO-004430,57,3,9,2026-04-21,2026-05-01,2026-05-01,36,36,0,,5.08,5.25,1
PO-004431,57,3,4,2026-04-28,2026-05-08,2026-05-07,116,116,0,,5.08,5.23,1
PO-004432,57,3,1,2026-05-05,2026-05-15,2026-05-24,85,85,0,,5.08,5.21,1
PO-004433,57,3,3,2026-05-12,2026-05-22,2026-05-21,80,80,0,,5.08,5.14,1
PO-004434,57,3,5,2026-05-19,2026-05-29,2026-06-17,84,84,0,,5.08,5.29,1
PO-004435,57,3,10,2026-05-26,2026-06-05,2026-06-04,127,127,0,,5.08,5.2,1
PO-004436,57,3,10,2026-06-02,2026-06-12,2026-06-11,102,85,0,,5.08,5.22,1
PO-004437,57,3,1,2026-06-09,2026-06-19,2026-06-19,95,95,0,,5.08,5.2,1
PO-004438,57,3,1,2026-06-23,2026-07-03,2026-07-02,159,159,0,,5.08,5.3,1
PO-004439,57,3,9,2026-06-30,2026-07-10,2026-07-10,143,143,0,,5.08,5.2,1
PO-004440,57,11,10,2025-04-01,2025-04-13,2025-04-13,250,250,0,,5.2,5.2,0
PO-004441,57,11,3,2025-08-26,2025-09-07,2025-09-06,250,250,0,,5.2,5.25,0
PO-004442,57,11,1,2025-09-30,2025-10-12,2025-10-12,250,250,0,,5.2,5.15,0
PO-004443,57,11,9,2025-12-30,2026-01-11,2026-01-11,250,250,7,Temperature excursion in transit,5.2,5.24,0
PO-004444,57,11,7,2026-02-24,2026-03-08,2026-03-06,250,250,0,,5.2,5.23,0
PO-004445,57,11,4,2026-05-05,2026-05-17,2026-05-17,281,281,0,,5.2,5.24,0
PO-004446,58,4,5,2025-03-18,2025-03-27,2025-03-27,25,25,0,,4.6,4.7,0
PO-004447,58,4,9,2025-06-24,2025-07-03,2025-07-01,25,25,0,,4.6,4.75,0
PO-004448,58,4,7,2025-07-29,2025-08-07,2025-08-04,25,25,0,,4.6,4.72,0
PO-004449,58,4,10,2025-08-05,2025-08-14,2025-08-17,25,25,0,,4.6,4.79,0
PO-004450,58,4,3,2025-09-02,2025-09-11,2025-09-07,25,25,0,,4.6,4.72,0
PO-004451,58,4,4,2025-11-04,2025-11-13,2025-11-13,25,25,0,,4.6,4.69,0
PO-004452,58,4,3,2026-04-21,2026-04-30,2026-05-23,27,27,0,,4.6,4.75,0
PO-004453,58,13,5,2025-01-21,2025-02-06,2025-02-06,50,44,0,,4.27,4.36,1
PO-004454,58,13,5,2025-01-28,2025-02-13,2025-02-10,50,50,0,,4.27,4.47,1
PO-004455,58,13,4,2025-02-04,2025-02-20,2025-02-18,50,50,0,,4.27,4.46,1
PO-004456,58,13,1,2025-02-11,2025-02-27,2025-02-23,50,50,0,,4.27,4.46,1
PO-004457,58,13,9,2025-02-18,2025-03-06,2025-03-03,50,50,10,Temperature excursion in transit,4.27,4.45,1
PO-004458,58,13,10,2025-02-25,2025-03-13,2025-03-03,50,50,0,,4.27,4.45,1
PO-004459,58,13,7,2025-03-04,2025-03-20,2025-03-10,55,55,0,,4.27,4.44,1
PO-004460,58,13,10,2025-03-18,2025-04-03,2025-03-29,50,50,0,,4.27,4.35,1
PO-004461,58,13,9,2025-04-15,2025-05-01,2025-04-29,50,50,0,,4.27,4.53,1
PO-004462,58,13,4,2025-04-22,2025-05-08,2025-05-03,50,50,0,,4.27,4.5,1
PO-004463,58,13,9,2025-05-06,2025-05-22,2025-05-25,57,57,0,,4.27,4.39,1
PO-004464,58,13,7,2025-05-13,2025-05-29,2025-05-28,50,50,0,,4.27,4.33,1
PO-004465,58,13,3,2025-05-27,2025-06-12,2025-06-11,50,50,0,,4.27,4.5,1
PO-004466,58,13,10,2025-06-10,2025-06-26,2025-06-25,50,50,0,,4.27,4.4,1
PO-004467,58,13,9,2025-06-24,2025-07-10,2025-07-08,50,50,0,,4.27,4.47,1
PO-004468,58,13,5,2025-07-08,2025-07-24,2025-07-29,50,50,0,,4.27,4.44,1
PO-004469,58,13,5,2025-07-15,2025-07-31,2025-08-08,50,50,0,,4.27,4.45,1
PO-004470,58,13,5,2025-07-22,2025-08-07,2025-08-06,50,50,0,,4.27,4.41,1
PO-004471,58,13,3,2025-08-05,2025-08-21,2025-08-14,50,50,0,,4.27,4.54,1
PO-004472,58,13,3,2025-08-19,2025-09-04,2025-09-03,50,50,0,,4.27,4.47,1
PO-004473,58,13,9,2025-09-30,2025-10-16,2025-10-13,50,50,0,,4.27,4.37,1
PO-004474,58,13,5,2025-10-21,2025-11-06,2025-10-31,50,50,0,,4.27,4.46,1
PO-004475,58,13,7,2025-10-28,2025-11-13,2025-11-13,50,50,0,,4.27,4.48,1
PO-004476,58,13,4,2025-11-18,2025-12-04,2025-12-01,50,50,0,,4.27,4.45,1
PO-004477,58,13,7,2025-12-09,2025-12-25,2026-01-06,50,50,0,,4.27,4.45,1
PO-004478,58,13,7,2025-12-23,2026-01-08,2026-01-07,50,50,0,,4.27,4.51,1
PO-004479,58,13,1,2026-01-13,2026-01-29,2026-01-21,50,50,0,,4.27,4.54,1
PO-004480,58,13,1,2026-01-27,2026-02-12,2026-02-09,50,50,7,Failed spec check,4.27,4.48,1
PO-004481,58,13,3,2026-02-03,2026-02-19,2026-02-18,54,54,0,,4.27,4.45,1
PO-004482,58,13,5,2026-02-17,2026-03-05,2026-03-06,50,50,0,,4.27,4.49,1
PO-004483,58,13,7,2026-03-10,2026-03-26,2026-03-25,50,50,6,Damaged packaging,4.27,4.48,1
PO-004484,58,13,4,2026-03-17,2026-04-02,2026-04-06,50,50,0,,4.27,4.46,1
PO-004485,58,13,10,2026-04-07,2026-04-23,2026-04-23,50,50,0,,4.27,4.39,1
PO-004486,58,13,4,2026-04-14,2026-04-30,2026-04-26,50,50,0,,4.27,4.5,1
PO-004487,58,13,10,2026-05-12,2026-05-28,2026-05-22,50,50,0,,4.27,4.45,1
PO-004488,58,13,10,2026-05-19,2026-06-04,2026-05-30,50,42,0,,4.27,4.41,1
PO-004489,58,13,7,2026-05-26,2026-06-11,2026-06-11,50,50,0,,4.27,4.43,1
PO-004490,58,13,3,2026-06-16,2026-07-02,2026-06-29,50,50,0,,4.27,4.47,1
PO-004491,58,13,10,2026-06-30,2026-07-16,2026-07-15,50,50,0,,4.27,4.51,1
PO-004492,58,23,7,2025-03-18,2025-03-26,2025-03-25,32,32,0,,4.45,4.77,0
PO-004493,58,23,9,2025-04-15,2025-04-23,2025-04-23,34,34,0,,4.45,4.64,0
PO-004494,58,23,4,2025-06-10,2025-06-18,2025-06-16,28,28,0,,4.45,4.76,0
PO-004495,58,23,3,2025-06-17,2025-06-25,2025-06-24,29,29,0,,4.45,4.73,0
PO-004496,58,23,4,2025-06-24,2025-07-02,2025-07-03,25,25,0,,4.45,4.79,0
PO-004497,58,23,1,2025-07-01,2025-07-09,2025-07-11,31,31,0,,4.45,4.76,0
PO-004498,58,23,1,2025-07-08,2025-07-16,2025-07-16,26,26,0,,4.45,4.78,0
PO-004499,58,23,10,2025-07-29,2025-08-06,2025-08-05,27,27,0,,4.45,4.7,0
PO-004500,58,23,1,2025-08-26,2025-09-03,2025-09-02,30,30,1,Documentation incomplete,4.45,4.66,0
PO-004501,58,23,5,2025-09-09,2025-09-17,2025-09-16,34,34,0,,4.45,4.74,0
PO-004502,58,23,9,2025-10-07,2025-10-15,2025-10-14,29,29,0,,4.45,4.85,0
PO-004503,58,23,1,2025-10-28,2025-11-05,2025-11-05,31,31,0,,4.45,4.71,0
PO-004504,58,23,5,2025-12-09,2025-12-17,2025-12-14,25,25,0,,4.45,4.78,0
PO-004505,58,23,3,2026-01-13,2026-01-21,2026-01-20,27,27,0,,4.45,4.8,0
PO-004506,58,23,5,2026-01-20,2026-01-28,2026-01-27,27,27,0,,4.45,4.75,0
PO-004507,58,23,1,2026-02-10,2026-02-18,2026-02-17,25,25,0,,4.45,4.83,0
PO-004508,58,23,5,2026-03-03,2026-03-11,2026-03-10,25,25,0,,4.45,4.76,0
PO-004509,58,23,7,2026-03-10,2026-03-18,2026-03-17,29,29,0,,4.45,4.78,0
PO-004510,58,23,1,2026-03-24,2026-04-01,2026-03-31,38,38,0,,4.45,4.76,0
PO-004511,58,23,9,2026-04-07,2026-04-15,2026-04-13,32,32,0,,4.45,4.82,0
PO-004512,58,23,4,2026-04-14,2026-04-22,2026-04-21,28,28,0,,4.45,4.68,0
PO-004513,58,23,7,2026-04-21,2026-04-29,2026-04-28,25,25,0,,4.45,4.71,0
PO-004514,58,23,7,2026-04-28,2026-05-06,2026-05-05,25,25,0,,4.45,4.78,0
PO-004515,58,23,4,2026-06-09,2026-06-17,2026-06-15,25,25,0,,4.45,4.73,0
PO-004516,58,23,7,2026-06-30,2026-07-08,2026-07-07,28,28,0,,4.45,4.73,0
PO-004517,59,13,9,2025-01-28,2025-02-16,2025-02-19,759,759,0,,12.05,12.26,0
PO-004518,59,13,4,2025-03-11,2025-03-30,2025-03-28,775,664,0,,12.05,12.57,0
PO-004519,59,13,5,2025-05-06,2025-05-25,2025-05-26,1288,1288,0,,12.05,12.35,0
PO-004520,59,13,1,2025-05-27,2025-06-15,2025-06-15,762,762,0,,12.05,12.58,0
PO-004521,59,13,3,2025-06-10,2025-06-29,2025-06-28,924,924,0,,12.05,12.52,0
PO-004522,59,13,9,2025-07-01,2025-07-20,2025-07-23,801,769,0,,12.05,12.49,0
PO-004523,59,13,3,2025-07-29,2025-08-17,2025-08-11,641,641,0,,12.05,12.54,0
PO-004524,59,13,4,2025-08-12,2025-08-31,2025-08-30,874,874,0,,12.05,12.71,0
PO-004525,59,13,5,2025-08-19,2025-09-07,2025-09-04,514,514,0,,12.05,12.58,0
PO-004526,59,13,5,2025-08-26,2025-09-14,2025-09-15,1230,1230,0,,12.05,12.51,0
PO-004527,59,13,1,2025-10-07,2025-10-26,2025-10-25,821,821,0,,12.05,12.46,0
PO-004528,59,13,3,2025-10-28,2025-11-16,2025-11-14,1072,1072,0,,12.05,12.57,0
PO-004529,59,13,3,2025-11-11,2025-11-30,2025-11-29,907,907,0,,12.05,12.56,0
PO-004530,59,13,5,2025-12-02,2025-12-21,2025-12-13,663,663,0,,12.05,12.76,0
PO-004531,59,13,10,2025-12-16,2026-01-04,2025-12-31,824,824,0,,12.05,12.67,0
PO-004532,59,13,5,2025-12-23,2026-01-11,2026-01-17,988,988,0,,12.05,12.75,0
PO-004533,59,13,4,2026-01-06,2026-01-25,2026-01-22,969,969,0,,12.05,12.65,0
PO-004534,59,13,10,2026-02-17,2026-03-08,2026-03-04,974,974,0,,12.05,12.48,0
PO-004535,59,13,3,2026-03-03,2026-03-22,2026-03-22,588,588,0,,12.05,12.6,0
PO-004536,59,13,4,2026-03-31,2026-04-19,2026-04-18,912,912,0,,12.05,12.6,0
PO-004537,59,13,7,2026-04-14,2026-05-03,2026-05-01,501,501,0,,12.05,12.45,0
PO-004538,59,13,3,2026-04-21,2026-05-10,2026-05-03,675,675,0,,12.05,12.62,0
PO-004539,59,13,3,2026-04-28,2026-05-17,2026-05-15,775,775,0,,12.05,12.36,0
PO-004540,59,13,4,2026-06-02,2026-06-21,2026-06-16,883,883,0,,12.05,12.41,0
PO-004541,59,13,5,2026-06-09,2026-06-28,2026-06-24,821,719,0,,12.05,12.48,0
PO-004542,59,13,7,2026-06-30,2026-07-19,2026-07-17,522,522,0,,12.05,12.64,0
PO-004543,59,17,5,2025-01-28,2025-02-14,2025-02-13,1182,1182,0,,11.68,11.75,1
PO-004544,59,17,10,2025-02-04,2025-02-21,2025-02-18,894,894,0,,11.68,11.81,1
PO-004545,59,17,4,2025-02-11,2025-02-28,2025-02-24,485,485,0,,11.68,11.81,1
PO-004546,59,17,5,2025-02-18,2025-03-07,2025-03-04,1403,1403,0,,11.68,11.51,1
PO-004547,59,17,1,2025-02-25,2025-03-14,2025-03-10,1059,1059,0,,11.68,11.82,1
PO-004548,59,17,3,2025-03-11,2025-03-28,2025-03-26,1276,1276,0,,11.68,11.66,1
PO-004549,59,17,4,2025-04-01,2025-04-18,2025-04-15,804,804,0,,11.68,11.82,1
PO-004550,59,17,1,2025-04-08,2025-04-25,2025-04-21,1268,1268,0,,11.68,11.68,1
PO-004551,59,17,9,2025-04-15,2025-05-02,2025-04-26,1146,1146,0,,11.68,11.76,1
PO-004552,59,17,10,2025-04-22,2025-05-09,2025-05-08,535,535,0,,11.68,11.66,1
PO-004553,59,17,10,2025-04-29,2025-05-16,2025-05-14,738,738,0,,11.68,11.9,1
PO-004554,59,17,1,2025-05-06,2025-05-23,2025-05-22,1119,1119,35,Temperature excursion in transit,11.68,11.77,1
PO-004555,59,17,1,2025-05-13,2025-05-30,2025-05-30,636,636,0,,11.68,11.76,1
PO-004556,59,17,5,2025-05-20,2025-06-06,2025-06-02,856,856,0,,11.68,11.79,1
PO-004557,59,17,1,2025-05-27,2025-06-13,2025-06-14,759,759,0,,11.68,11.74,1
PO-004558,59,17,9,2025-06-03,2025-06-20,2025-06-13,1047,1047,0,,11.68,11.59,1
PO-004559,59,17,9,2025-06-10,2025-06-27,2025-07-04,993,993,0,,11.68,11.65,1
PO-004560,59,17,5,2025-06-17,2025-07-04,2025-06-29,1165,1165,0,,11.68,11.49,1
PO-004561,59,17,4,2025-06-24,2025-07-11,2025-07-10,615,596,0,,11.68,11.77,1
PO-004562,59,17,7,2025-07-01,2025-07-18,2025-07-17,1032,1032,0,,11.68,11.51,1
PO-004563,59,17,9,2025-07-08,2025-07-25,2025-07-24,1395,1395,0,,11.68,11.63,1
PO-004564,59,17,10,2025-07-15,2025-08-01,2025-08-16,997,997,0,,11.68,11.8,1
PO-004565,59,17,1,2025-07-29,2025-08-15,2025-08-12,961,961,0,,11.68,11.59,1
PO-004566,59,17,3,2025-08-05,2025-08-22,2025-08-19,862,862,0,,11.68,11.72,1
PO-004567,59,17,3,2025-08-19,2025-09-05,2025-09-11,496,496,0,,11.68,11.77,1
PO-004568,59,17,5,2025-09-09,2025-09-26,2025-09-24,809,766,0,,11.68,11.8,1
PO-004569,59,17,4,2025-09-30,2025-10-17,2025-10-15,1163,1163,0,,11.68,11.75,1
PO-004570,59,17,9,2025-10-07,2025-10-24,2025-10-29,1102,1032,0,,11.68,11.8,1
PO-004571,59,17,7,2025-10-21,2025-11-07,2025-11-04,1129,1129,60,Failed spec check,11.68,11.73,1
PO-004572,59,17,3,2025-11-11,2025-11-28,2025-12-12,739,739,0,,11.68,11.73,1
PO-004573,59,17,7,2025-11-18,2025-12-05,2025-12-04,813,813,0,,11.68,11.64,1
PO-004574,59,17,4,2025-12-02,2025-12-19,2025-12-15,1188,1188,0,,11.68,11.64,1
PO-004575,59,17,1,2025-12-16,2026-01-02,2026-01-09,905,905,0,,11.68,11.8,1
PO-004576,59,17,4,2025-12-23,2026-01-09,2026-01-07,1024,1024,0,,11.68,11.99,1
PO-004577,59,17,3,2025-12-30,2026-01-16,2026-01-15,878,878,0,,11.68,11.93,1
PO-004578,59,17,3,2026-01-13,2026-01-30,2026-01-28,1043,1043,0,,11.68,11.72,1
PO-004579,59,17,1,2026-01-20,2026-02-06,2026-02-01,988,958,0,,11.68,11.77,1
PO-004580,59,17,10,2026-01-27,2026-02-13,2026-02-10,980,980,0,,11.68,11.68,1
PO-004581,59,17,1,2026-02-03,2026-02-20,2026-02-19,720,720,66,Damaged packaging,11.68,11.59,1
PO-004582,59,17,3,2026-02-10,2026-02-27,2026-02-22,827,827,0,,11.68,11.76,1
PO-004583,59,17,5,2026-02-24,2026-03-13,2026-03-14,1013,1013,0,,11.68,11.78,1
PO-004584,59,17,7,2026-03-10,2026-03-27,2026-03-27,1198,1198,0,,11.68,11.77,1
PO-004585,59,17,7,2026-03-17,2026-04-03,2026-04-03,542,542,0,,11.68,11.9,1
PO-004586,59,17,3,2026-03-24,2026-04-10,2026-04-12,910,910,0,,11.68,11.61,1
PO-004587,59,17,10,2026-03-31,2026-04-17,2026-04-20,1084,1084,0,,11.68,12.0,1
PO-004588,59,17,9,2026-04-07,2026-04-24,2026-04-23,1000,1000,0,,11.68,11.78,1
PO-004589,59,17,10,2026-04-14,2026-05-01,2026-04-29,1332,1332,0,,11.68,11.7,1
PO-004590,59,17,10,2026-04-28,2026-05-15,2026-05-13,1061,1061,0,,11.68,11.66,1
PO-004591,59,17,4,2026-05-05,2026-05-22,2026-05-20,1088,1088,0,,11.68,11.63,1
PO-004592,59,17,3,2026-05-12,2026-05-29,2026-05-28,681,681,0,,11.68,11.58,1
PO-004593,59,17,5,2026-05-19,2026-06-05,2026-06-03,1135,1135,0,,11.68,11.8,1
PO-004594,59,17,5,2026-06-16,2026-07-03,2026-07-02,871,871,0,,11.68,11.53,1
PO-004595,59,17,4,2026-06-23,2026-07-10,2026-07-05,902,902,31,Damaged packaging,11.68,11.86,1
PO-004596,59,17,4,2026-06-30,2026-07-17,2026-07-16,548,548,0,,11.68,12.02,1
PO-004597,60,23,4,2025-02-18,2025-03-03,2025-03-01,424,424,0,,18.24,19.34,0
PO-004598,60,23,8,2025-03-11,2025-03-24,2025-03-23,532,532,0,,18.24,19.19,0
PO-004599,60,23,6,2025-04-22,2025-05-05,2025-05-04,470,470,0,,18.24,19.48,0
PO-004600,60,23,7,2025-05-13,2025-05-26,2025-05-26,216,216,0,,18.24,19.33,0
PO-004601,60,23,8,2025-06-10,2025-06-23,2025-06-22,660,660,0,,18.24,19.47,0
PO-004602,60,23,10,2025-07-08,2025-07-21,2025-07-21,501,501,0,,18.24,19.32,0
PO-004603,60,23,5,2025-09-23,2025-10-06,2025-10-06,540,540,0,,18.24,19.36,0
PO-004604,60,23,6,2025-10-21,2025-11-03,2025-11-03,739,739,0,,18.24,19.55,0
PO-004605,60,23,5,2025-12-23,2026-01-05,2026-01-02,623,519,0,,18.24,19.51,0
PO-004606,60,23,4,2026-01-13,2026-01-26,2026-01-24,564,564,0,,18.24,19.85,0
PO-004607,60,23,10,2026-01-20,2026-02-02,2026-02-01,748,748,0,,18.24,19.74,0
PO-004608,60,23,1,2026-01-27,2026-02-09,2026-02-07,850,850,0,,18.24,19.23,0
PO-004609,60,23,1,2026-04-21,2026-05-04,2026-05-04,692,692,0,,18.24,19.21,0
PO-004610,60,23,1,2026-05-12,2026-05-25,2026-05-23,546,546,0,,18.24,19.3,0
PO-004611,60,23,2,2026-06-02,2026-06-15,2026-06-15,741,741,0,,18.24,19.69,0
PO-004612,60,23,1,2026-06-09,2026-06-22,2026-06-22,613,613,0,,18.24,19.21,0
PO-004613,60,18,4,2025-01-07,2025-02-10,2025-01-31,402,382,0,,16.4,16.32,1
PO-004614,60,18,8,2025-01-14,2025-02-17,2025-01-30,394,394,0,,16.4,16.23,1
PO-004615,60,18,6,2025-01-21,2025-02-24,2025-02-05,369,369,0,,16.4,16.25,1
PO-004616,60,18,2,2025-01-28,2025-03-03,2025-03-07,507,507,0,,16.4,16.46,1
PO-004617,60,18,5,2025-02-11,2025-03-17,2025-03-12,325,325,0,,16.4,16.26,1
PO-004618,60,18,7,2025-02-18,2025-03-24,2025-03-21,463,463,0,,16.4,16.16,1
PO-004619,60,18,1,2025-02-25,2025-03-31,2025-03-27,397,397,0,,16.4,16.45,1
PO-004620,60,18,10,2025-03-04,2025-04-07,2025-04-09,328,328,0,,16.4,16.27,1
PO-004621,60,18,5,2025-03-11,2025-04-14,2025-03-30,462,462,0,,16.4,16.41,1
PO-004622,60,18,8,2025-03-25,2025-04-28,2025-04-23,368,368,0,,16.4,16.2,1
PO-004623,60,18,1,2025-04-01,2025-05-05,2025-05-01,522,522,0,,16.4,16.31,1
PO-004624,60,18,6,2025-04-08,2025-05-12,2025-05-11,265,265,0,,16.4,16.22,1
PO-004625,60,18,7,2025-04-15,2025-05-19,2025-05-18,289,271,0,,16.4,16.28,1
PO-004626,60,18,6,2025-04-22,2025-05-26,2025-05-24,463,463,0,,16.4,16.31,1
PO-004627,60,18,2,2025-05-06,2025-06-09,2025-05-27,460,460,0,,16.4,16.32,1
PO-004628,60,18,10,2025-05-20,2025-06-23,2025-06-08,346,346,0,,16.4,16.5,1
PO-004629,60,18,10,2025-05-27,2025-06-30,2025-06-28,434,407,0,,16.4,16.31,1
PO-004630,60,18,7,2025-06-03,2025-07-07,2025-07-05,444,444,0,,16.4,16.12,1
PO-004631,60,18,1,2025-06-10,2025-07-14,2025-07-03,478,478,0,,16.4,16.22,1
PO-004632,60,18,5,2025-06-17,2025-07-21,2025-07-24,469,469,0,,16.4,16.42,1
PO-004633,60,18,8,2025-06-24,2025-07-28,2025-07-15,315,315,0,,16.4,16.09,1
PO-004634,60,18,4,2025-07-01,2025-08-04,2025-07-25,433,433,0,,16.4,16.39,1
PO-004635,60,18,6,2025-07-08,2025-08-11,2025-08-09,494,494,0,,16.4,16.63,1
PO-004636,60,18,7,2025-07-22,2025-08-25,2025-08-22,336,336,0,,16.4,16.28,1
PO-004637,60,18,2,2025-07-29,2025-09-01,2025-08-12,414,414,0,,16.4,16.26,1
PO-004638,60,18,7,2025-08-05,2025-09-08,2025-09-02,294,294,0,,16.4,16.15,1
PO-004639,60,18,10,2025-08-12,2025-09-15,2025-09-01,283,283,28,Damaged packaging,16.4,16.02,1
PO-004640,60,18,10,2025-08-26,2025-09-29,2025-09-10,294,282,0,,16.4,16.39,1
PO-004641,60,18,6,2025-09-02,2025-10-06,2025-10-02,423,423,0,,16.4,16.14,1
PO-004642,60,18,5,2025-09-09,2025-10-13,2025-10-09,318,318,0,,16.4,16.14,1
PO-004643,60,18,1,2025-09-16,2025-10-20,2025-10-12,456,456,0,,16.4,16.28,1
PO-004644,60,18,2,2025-09-23,2025-10-27,2025-10-16,344,344,0,,16.4,16.21,1
PO-004645,60,18,7,2025-09-30,2025-11-03,2025-11-04,488,488,0,,16.4,16.25,1
PO-004646,60,18,6,2025-10-07,2025-11-10,2025-11-06,381,381,0,,16.4,16.21,1
PO-004647,60,18,8,2025-10-14,2025-11-17,2025-11-07,368,368,0,,16.4,16.28,1
PO-004648,60,18,8,2025-10-21,2025-11-24,2025-11-29,432,432,0,,16.4,16.25,1
PO-004649,60,18,8,2025-10-28,2025-12-01,2025-11-23,375,361,0,,16.4,16.35,1
PO-004650,60,18,4,2025-11-04,2025-12-08,2025-12-04,465,465,0,,16.4,16.09,1
PO-004651,60,18,2,2025-11-11,2025-12-15,2025-12-08,269,269,0,,16.4,16.39,1
PO-004652,60,18,7,2025-11-18,2025-12-22,2025-12-11,299,299,0,,16.4,16.31,1
PO-004653,60,18,5,2025-11-25,2025-12-29,2025-12-22,446,446,0,,16.4,16.48,1
PO-004654,60,18,10,2025-12-02,2026-01-05,2025-12-28,466,466,0,,16.4,16.1,1
PO-004655,60,18,10,2025-12-09,2026-01-12,2026-01-02,432,432,0,,16.4,16.28,1
PO-004656,60,18,7,2025-12-23,2026-01-26,2026-01-17,509,509,0,,16.4,16.38,1
PO-004657,60,18,1,2025-12-30,2026-02-02,2026-01-19,368,368,0,,16.4,16.29,1
PO-004658,60,18,4,2026-01-13,2026-02-16,2026-02-09,386,386,0,,16.4,16.15,1
PO-004659,60,18,5,2026-01-20,2026-02-23,2026-02-11,340,340,0,,16.4,16.1,1
PO-004660,60,18,1,2026-02-03,2026-03-09,2026-02-18,228,228,0,,16.4,16.58,1
PO-004661,60,18,10,2026-02-10,2026-03-16,2026-03-11,350,350,0,,16.4,16.23,1
PO-004662,60,18,1,2026-02-17,2026-03-23,2026-03-23,395,395,0,,16.4,16.38,1
PO-004663,60,18,8,2026-02-24,2026-03-30,2026-04-01,427,427,0,,16.4,16.25,1
PO-004664,60,18,6,2026-03-03,2026-04-06,2026-04-04,483,483,83,Documentation incomplete,16.4,16.41,1
PO-004665,60,18,2,2026-03-10,2026-04-13,2026-04-08,484,461,0,,16.4,16.3,1
PO-004666,60,18,5,2026-03-24,2026-04-27,2026-04-16,230,220,0,,16.4,16.01,1
PO-004667,60,18,1,2026-04-07,2026-05-11,2026-05-10,282,282,0,,16.4,16.56,1
PO-004668,60,18,4,2026-04-14,2026-05-18,2026-05-03,285,276,0,,16.4,16.06,1
PO-004669,60,18,4,2026-04-21,2026-05-25,2026-05-21,395,395,0,,16.4,16.26,1
PO-004670,60,18,8,2026-05-12,2026-06-15,2026-06-10,389,389,0,,16.4,16.28,1
PO-004671,60,18,5,2026-05-26,2026-06-29,2026-06-18,315,315,0,,16.4,16.36,1
PO-004672,60,18,4,2026-06-02,2026-07-06,2026-06-30,386,386,0,,16.4,16.41,1
PO-004673,60,18,5,2026-06-16,2026-07-20,2026-07-09,350,350,0,,16.4,16.33,1
PO-004674,60,18,6,2026-06-23,2026-07-27,2026-07-19,333,333,0,,16.4,16.16,1
PO-004675,61,12,3,2025-01-07,2025-01-19,2025-01-17,250,250,0,,14.29,13.69,0
PO-004676,61,12,10,2025-01-21,2025-02-02,2025-01-30,250,250,0,,14.29,14.05,0
PO-004677,61,12,3,2025-03-11,2025-03-23,2025-03-20,250,250,0,,14.29,14.06,0
PO-004678,61,12,9,2025-03-25,2025-04-06,2025-04-04,250,250,0,,14.29,13.97,0
PO-004679,61,12,10,2025-04-22,2025-05-04,2025-05-04,322,322,0,,14.29,13.72,0
PO-004680,61,12,5,2025-06-03,2025-06-15,2025-06-11,250,250,15,Temperature excursion in transit,14.29,13.92,0
PO-004681,61,12,1,2025-06-10,2025-06-22,2025-06-21,250,250,0,,14.29,13.97,0
PO-004682,61,12,4,2025-08-12,2025-08-24,2025-08-22,276,276,0,,14.29,13.7,0
PO-004683,61,12,5,2025-09-09,2025-09-21,2025-09-18,262,262,0,,14.29,13.99,0
PO-004684,61,12,7,2025-09-30,2025-10-12,2025-10-09,250,250,0,,14.29,14.11,0
PO-004685,61,12,7,2025-11-04,2025-11-16,2025-11-13,250,250,0,,14.29,13.84,0
PO-004686,61,12,9,2025-11-11,2025-11-23,2025-11-20,250,250,0,,14.29,14.01,0
PO-004687,61,12,9,2025-12-09,2025-12-21,2025-12-18,250,250,0,,14.29,13.99,0
PO-004688,61,12,10,2025-12-16,2025-12-28,2025-12-24,250,250,0,,14.29,13.92,0
PO-004689,61,12,7,2026-02-03,2026-02-15,2026-02-13,250,250,0,,14.29,13.78,0
PO-004690,61,12,5,2026-05-19,2026-05-31,2026-05-30,250,250,0,,14.29,14.1,0
PO-004691,61,12,5,2026-05-26,2026-06-07,2026-06-07,250,250,0,,14.29,13.81,0
PO-004692,61,12,7,2026-06-16,2026-06-28,2026-06-26,250,250,0,,14.29,13.75,0
PO-004693,61,4,3,2025-01-07,2025-01-18,2025-01-18,171,171,0,,14.09,14.59,1
PO-004694,61,4,4,2025-01-14,2025-01-25,2025-01-20,198,198,0,,14.09,14.48,1
PO-004695,61,4,4,2025-01-28,2025-02-08,2025-02-10,245,239,14,Short shelf life on arrival,14.09,14.61,1
PO-004696,61,4,10,2025-02-04,2025-02-15,2025-02-13,178,172,0,,14.09,14.46,1
PO-004697,61,4,9,2025-02-18,2025-03-01,2025-03-01,244,244,0,,14.09,14.45,1
PO-004698,61,4,5,2025-03-11,2025-03-22,2025-04-12,192,192,7,Short shelf life on arrival,14.09,14.51,1
PO-004699,61,4,3,2025-03-18,2025-03-29,2025-04-02,226,217,0,,14.09,14.54,1
PO-004700,61,4,10,2025-04-01,2025-04-12,2025-04-12,162,162,0,,14.09,14.26,1
PO-004701,61,4,5,2025-04-08,2025-04-19,2025-04-17,207,207,0,,14.09,14.53,1
PO-004702,61,4,4,2025-04-15,2025-04-26,2025-04-26,100,100,0,,14.09,14.63,1
PO-004703,61,4,5,2025-04-22,2025-05-03,2025-05-02,122,122,0,,14.09,14.46,1
PO-004704,61,4,4,2025-04-29,2025-05-10,2025-05-07,257,257,0,,14.09,14.65,1
PO-004705,61,4,9,2025-05-06,2025-05-17,2025-05-26,185,178,0,,14.09,14.31,1
PO-004706,61,4,9,2025-05-27,2025-06-07,2025-06-05,144,144,0,,14.09,14.59,1
PO-004707,61,4,10,2025-06-10,2025-06-21,2025-06-20,132,132,0,,14.09,14.55,1
PO-004708,61,4,1,2025-06-24,2025-07-05,2025-07-03,214,214,0,,14.09,14.41,1
PO-004709,61,4,10,2025-07-08,2025-07-19,2025-08-12,172,164,0,,14.09,14.7,1
PO-004710,61,4,1,2025-07-15,2025-07-26,2025-08-07,172,172,0,,14.09,14.38,1
PO-004711,61,4,7,2025-07-22,2025-08-02,2025-07-30,227,217,13,Damaged packaging,14.09,14.57,1
PO-004712,61,4,4,2025-07-29,2025-08-09,2025-08-08,137,137,0,,14.09,14.4,1
PO-004713,61,4,5,2025-08-12,2025-08-23,2025-08-18,190,185,0,,14.09,14.69,1
PO-004714,61,4,7,2025-08-19,2025-08-30,2025-08-30,231,231,0,,14.09,14.56,1
PO-004715,61,4,3,2025-08-26,2025-09-06,2025-09-06,216,216,0,,14.09,14.68,1
PO-004716,61,4,4,2025-09-09,2025-09-20,2025-09-20,127,127,0,,14.09,14.37,1
PO-004717,61,4,3,2025-09-16,2025-09-27,2025-10-05,157,157,0,,14.09,14.59,1
PO-004718,61,4,3,2025-09-30,2025-10-11,2025-10-09,199,199,0,,14.09,14.45,1
PO-004719,61,4,10,2025-10-28,2025-11-08,2025-11-06,135,135,0,,14.09,14.44,1
PO-004720,61,4,9,2025-11-11,2025-11-22,2025-11-29,173,173,0,,14.09,14.57,1
PO-004721,61,4,5,2025-12-02,2025-12-13,2025-12-12,229,229,0,,14.09,14.52,1
PO-004722,61,4,4,2025-12-09,2025-12-20,2025-12-21,220,220,0,,14.09,14.74,1
PO-004723,61,4,5,2025-12-30,2026-01-10,2026-01-08,223,223,0,,14.09,14.68,1
PO-004724,61,4,9,2026-01-13,2026-01-24,2026-01-18,147,147,0,,14.09,14.59,1
PO-004725,61,4,4,2026-01-20,2026-01-31,2026-02-01,170,170,0,,14.09,14.49,1
PO-004726,61,4,1,2026-01-27,2026-02-07,2026-02-07,158,158,0,,14.09,14.49,1
PO-004727,61,4,9,2026-02-10,2026-02-21,2026-02-19,213,213,6,Damaged packaging,14.09,14.42,1
PO-004728,61,4,9,2026-02-17,2026-02-28,2026-03-09,111,111,0,,14.09,14.48,1
PO-004729,61,4,5,2026-03-03,2026-03-14,2026-03-13,189,189,0,,14.09,14.51,1
PO-004730,61,4,7,2026-03-24,2026-04-04,2026-04-03,177,177,0,,14.09,14.65,1
PO-004731,61,4,1,2026-04-14,2026-04-25,2026-04-25,123,123,0,,14.09,14.6,1
PO-004732,61,4,5,2026-04-21,2026-05-02,2026-04-28,197,192,0,,14.09,14.57,1
PO-004733,61,4,4,2026-04-28,2026-05-09,2026-05-05,271,271,0,,14.09,14.58,1
PO-004734,61,4,7,2026-05-12,2026-05-23,2026-05-20,195,195,0,,14.09,14.5,1
PO-004735,61,4,4,2026-05-19,2026-05-30,2026-06-11,157,157,0,,14.09,14.58,1
PO-004736,61,4,1,2026-06-02,2026-06-13,2026-06-09,209,209,0,,14.09,14.4,1
PO-004737,61,4,9,2026-06-16,2026-06-27,2026-07-03,174,174,10,Short shelf life on arrival,14.09,14.66,1
PO-004738,61,4,5,2026-06-23,2026-07-04,2026-07-04,201,194,0,,14.09,14.44,1
PO-004739,61,4,3,2026-06-30,2026-07-11,2026-07-09,165,165,0,,14.09,14.66,1
PO-004740,61,24,5,2025-03-11,2025-03-21,2025-03-21,259,259,0,,14.06,13.76,0
PO-004741,61,24,10,2025-05-06,2025-05-16,2025-05-15,178,178,0,,14.06,13.85,0
PO-004742,61,24,7,2025-05-13,2025-05-23,2025-05-22,227,227,27,Temperature excursion in transit,14.06,13.6,0
PO-004743,61,24,10,2025-05-27,2025-06-06,2025-06-04,264,249,0,,14.06,13.69,0
PO-004744,61,24,9,2025-06-10,2025-06-20,2025-06-19,128,128,0,,14.06,13.66,0
PO-004745,61,24,1,2025-06-17,2025-06-27,2025-06-29,211,211,0,,14.06,13.77,0
PO-004746,61,24,5,2025-06-24,2025-07-04,2025-07-02,179,179,0,,14.06,14.2,0
PO-004747,61,24,10,2025-07-08,2025-07-18,2025-07-18,200,200,0,,14.06,13.84,0
PO-004748,61,24,1,2025-07-15,2025-07-25,2025-07-25,259,259,0,,14.06,13.87,0
PO-004749,61,24,3,2025-07-29,2025-08-08,2025-08-06,141,141,0,,14.06,13.76,0
PO-004750,61,24,7,2025-08-19,2025-08-29,2025-08-29,214,214,0,,14.06,13.67,0
PO-004751,61,24,10,2025-12-09,2025-12-19,2025-12-19,270,270,0,,14.06,13.97,0
PO-004752,61,24,1,2026-01-06,2026-01-16,2026-01-16,245,245,0,,14.06,13.66,0
PO-004753,61,24,1,2026-01-20,2026-01-30,2026-01-29,186,186,0,,14.06,13.77,0
PO-004754,61,24,1,2026-02-24,2026-03-06,2026-03-12,221,221,0,,14.06,13.45,0
PO-004755,61,24,7,2026-04-07,2026-04-17,2026-04-17,250,250,0,,14.06,13.68,0
PO-004756,61,24,5,2026-05-26,2026-06-05,2026-06-04,201,201,0,,14.06,13.94,0
PO-004757,61,24,1,2026-06-09,2026-06-19,2026-06-18,259,259,0,,14.06,13.58,0
PO-004758,61,24,1,2026-06-23,2026-07-03,2026-07-02,126,126,0,,14.06,13.58,0
PO-004759,61,24,9,2026-06-30,2026-07-10,2026-07-10,152,152,0,,14.06,13.7,0
PO-004760,62,15,4,2025-01-07,2025-02-18,2025-02-17,553,553,0,,5.84,5.86,1
PO-004761,62,15,4,2025-01-14,2025-02-25,2025-02-13,250,250,0,,5.84,5.91,1
PO-004762,62,15,6,2025-01-21,2025-03-04,2025-03-01,321,321,0,,5.84,5.82,1
PO-004763,62,15,4,2025-01-28,2025-03-11,2025-03-09,342,342,0,,5.84,5.79,1
PO-004764,62,15,1,2025-02-04,2025-03-18,2025-03-10,420,420,0,,5.84,5.73,1
PO-004765,62,15,2,2025-02-11,2025-03-25,2025-03-20,364,323,0,,5.84,5.91,1
PO-004766,62,15,2,2025-02-18,2025-04-01,2025-03-25,468,468,0,,5.84,5.87,1
PO-004767,62,15,4,2025-02-25,2025-04-08,2025-04-12,476,476,0,,5.84,5.68,1
PO-004768,62,15,10,2025-03-04,2025-04-15,2025-04-07,360,360,0,,5.84,5.74,1
PO-004769,62,15,4,2025-03-11,2025-04-22,2025-04-11,379,379,0,,5.84,5.86,1
PO-004770,62,15,10,2025-03-18,2025-04-29,2025-04-18,462,462,0,,5.84,5.75,1
PO-004771,62,15,5,2025-03-25,2025-05-06,2025-04-27,348,336,0,,5.84,5.78,1
PO-004772,62,15,5,2025-04-01,2025-05-13,2025-05-12,468,468,0,,5.84,5.82,1
PO-004773,62,15,5,2025-04-08,2025-05-20,2025-05-16,403,403,0,,5.84,5.84,1
PO-004774,62,15,10,2025-04-15,2025-05-27,2025-05-22,337,337,0,,5.84,5.77,1
PO-004775,62,15,6,2025-04-22,2025-06-03,2025-05-26,333,323,0,,5.84,5.78,1
PO-004776,62,15,7,2025-04-29,2025-06-10,2025-06-08,543,543,0,,5.84,5.84,1
PO-004777,62,15,1,2025-05-06,2025-06-17,2025-06-13,299,270,0,,5.84,5.94,1
PO-004778,62,15,2,2025-05-13,2025-06-24,2025-06-09,436,436,0,,5.84,5.73,1
PO-004779,62,15,5,2025-05-20,2025-07-01,2025-07-01,411,411,0,,5.84,5.83,1
PO-004780,62,15,6,2025-05-27,2025-07-08,2025-06-28,272,272,0,,5.84,5.93,1
PO-004781,62,15,6,2025-06-03,2025-07-15,2025-07-14,502,502,0,,5.84,5.69,1
PO-004782,62,15,2,2025-06-10,2025-07-22,2025-07-05,425,425,0,,5.84,5.81,1
PO-004783,62,15,8,2025-06-17,2025-07-29,2025-07-24,488,488,0,,5.84,5.88,1
PO-004784,62,15,1,2025-06-24,2025-08-05,2025-08-04,514,514,0,,5.84,5.77,1
PO-004785,62,15,2,2025-07-01,2025-08-12,2025-08-01,319,319,0,,5.84,5.74,1
PO-004786,62,15,8,2025-07-08,2025-08-19,2025-08-19,453,453,0,,5.84,5.82,1
PO-004787,62,15,5,2025-07-15,2025-08-26,2025-08-25,459,459,0,,5.84,5.87,1
PO-004788,62,15,1,2025-07-22,2025-09-02,2025-08-25,469,469,0,,5.84,5.86,1
PO-004789,62,15,10,2025-07-29,2025-09-09,2025-08-25,426,426,29,Failed spec check,5.84,5.8,1
PO-004790,62,15,10,2025-08-05,2025-09-16,2025-09-13,445,445,17,Temperature excursion in transit,5.84,5.83,1
PO-004791,62,15,10,2025-08-12,2025-09-23,2025-09-19,338,338,0,,5.84,5.92,1
PO-004792,62,15,10,2025-08-19,2025-09-30,2025-09-27,351,351,0,,5.84,5.8,1
PO-004793,62,15,6,2025-08-26,2025-10-07,2025-09-23,407,407,0,,5.84,5.82,1
PO-004794,62,15,4,2025-09-02,2025-10-14,2025-10-10,358,358,0,,5.84,5.83,1
PO-004795,62,15,7,2025-09-09,2025-10-21,2025-10-10,326,326,0,,5.84,5.88,1
PO-004796,62,15,1,2025-09-16,2025-10-28,2025-10-26,522,522,0,,5.84,5.93,1
PO-004797,62,15,8,2025-09-23,2025-11-04,2025-10-26,356,356,0,,5.84,5.85,1
PO-004798,62,15,8,2025-09-30,2025-11-11,2025-11-09,363,363,0,,5.84,5.82,1
PO-004799,62,15,2,2025-10-07,2025-11-18,2025-11-12,530,530,0,,5.84,5.95,1
PO-004800,62,15,8,2025-10-14,2025-11-25,2025-11-25,510,510,0,,5.84,5.9,1
PO-004801,62,15,1,2025-10-21,2025-12-02,2025-11-25,615,615,0,,5.84,5.78,1
PO-004802,62,15,10,2025-10-28,2025-12-09,2025-12-06,250,250,0,,5.84,5.86,1
PO-004803,62,15,4,2025-11-04,2025-12-16,2025-12-16,473,473,0,,5.84,5.81,1
PO-004804,62,15,10,2025-11-11,2025-12-23,2025-12-12,359,359,0,,5.84,5.8,1
PO-004805,62,15,1,2025-11-18,2025-12-30,2026-01-13,371,371,0,,5.84,5.83,1
PO-004806,62,15,5,2025-11-25,2026-01-06,2025-12-23,474,474,0,,5.84,5.84,1
PO-004807,62,15,5,2025-12-02,2026-01-13,2026-01-09,376,365,0,,5.84,5.81,1
PO-004808,62,15,1,2025-12-09,2026-01-20,2026-01-18,277,277,24,Temperature excursion in transit,5.84,5.86,1
PO-004809,62,15,5,2025-12-16,2026-01-27,2026-01-19,431,431,0,,5.84,5.95,1
PO-004810,62,15,5,2025-12-23,2026-02-03,2026-01-28,342,342,0,,5.84,5.73,1
PO-004811,62,15,2,2025-12-30,2026-02-10,2026-01-28,426,426,0,,5.84,5.89,1
PO-004812,62,15,8,2026-01-06,2026-02-17,2026-02-17,332,332,0,,5.84,5.88,1
PO-004813,62,15,4,2026-01-13,2026-02-24,2026-02-24,558,558,0,,5.84,5.74,1
PO-004814,62,15,10,2026-01-20,2026-03-03,2026-02-28,412,412,0,,5.84,5.83,1
PO-004815,62,15,7,2026-01-27,2026-03-10,2026-02-25,463,463,0,,5.84,5.76,1
PO-004816,62,15,4,2026-02-03,2026-03-17,2026-03-03,502,502,0,,5.84,5.75,1
PO-004817,62,15,7,2026-02-10,2026-03-24,2026-03-23,412,412,0,,5.84,5.86,1
PO-004818,62,15,10,2026-02-17,2026-03-31,2026-03-26,277,277,0,,5.84,5.78,1
PO-004819,62,15,8,2026-02-24,2026-04-07,2026-04-05,465,420,0,,5.84,5.84,1
PO-004820,62,15,8,2026-03-03,2026-04-14,2026-04-14,512,512,20,Documentation incomplete,5.84,5.86,1
PO-004821,62,15,1,2026-03-10,2026-04-21,2026-04-16,400,400,0,,5.84,5.87,1
PO-004822,62,15,8,2026-03-17,2026-04-28,2026-04-06,371,371,0,,5.84,5.81,1
PO-004823,62,15,10,2026-03-24,2026-05-05,2026-05-05,401,401,0,,5.84,5.81,1
PO-004824,62,15,6,2026-03-31,2026-05-12,2026-04-28,516,516,0,,5.84,5.8,1
PO-004825,62,15,4,2026-04-07,2026-05-19,2026-05-08,298,298,0,,5.84,5.9,1
PO-004826,62,15,6,2026-04-14,2026-05-26,2026-05-21,357,357,0,,5.84,5.68,1
PO-004827,62,15,6,2026-04-21,2026-06-02,2026-05-28,383,383,0,,5.84,5.9,1
PO-004828,62,15,2,2026-04-28,2026-06-09,2026-06-05,352,352,0,,5.84,5.9,1
PO-004829,62,15,1,2026-05-05,2026-06-16,2026-06-07,412,412,39,Short shelf life on arrival,5.84,5.84,1
PO-004830,62,15,8,2026-05-12,2026-06-23,2026-06-16,416,416,0,,5.84,5.89,1
PO-004831,62,15,4,2026-05-19,2026-06-30,2026-06-28,477,477,0,,5.84,5.79,1
PO-004832,62,15,6,2026-05-26,2026-07-07,2026-07-07,433,433,0,,5.84,5.88,1
PO-004833,62,15,5,2026-06-02,2026-07-14,2026-07-11,415,415,0,,5.84,5.83,1
PO-004834,62,15,10,2026-06-09,2026-07-21,2026-07-20,610,610,0,,5.84,5.78,1
PO-004835,62,15,1,2026-06-16,2026-07-28,2026-07-25,594,594,0,,5.84,5.82,1
PO-004836,62,15,7,2026-06-23,2026-08-04,2026-07-14,474,474,0,,5.84,5.9,1
PO-004837,62,15,5,2026-06-30,2026-08-11,2026-08-08,399,399,0,,5.84,5.8,1
PO-004838,63,24,4,2025-01-07,2025-01-17,2025-01-16,500,500,0,,6.98,6.76,1
PO-004839,63,24,6,2025-01-14,2025-01-24,2025-01-23,500,500,0,,6.98,6.86,1
PO-004840,63,24,1,2025-01-21,2025-01-31,2025-01-30,500,487,57,Documentation incomplete,6.98,6.68,1
PO-004841,63,24,10,2025-01-28,2025-02-07,2025-02-07,500,500,0,,6.98,6.83,1
PO-004842,63,24,5,2025-02-04,2025-02-14,2025-02-11,500,500,0,,6.98,6.61,1
PO-004843,63,24,6,2025-02-11,2025-02-21,2025-02-22,500,500,0,,6.98,6.85,1
PO-004844,63,24,1,2025-02-18,2025-02-28,2025-02-27,500,500,0,,6.98,6.78,1
PO-004845,63,24,2,2025-02-25,2025-03-07,2025-03-05,500,500,0,,6.98,6.78,1
PO-004846,63,24,7,2025-03-04,2025-03-14,2025-03-14,500,483,0,,6.98,6.82,1
PO-004847,63,24,1,2025-03-11,2025-03-21,2025-03-19,500,500,0,,6.98,6.86,1
PO-004848,63,24,2,2025-03-18,2025-03-28,2025-03-28,500,500,0,,6.98,6.83,1
PO-004849,63,24,7,2025-03-25,2025-04-04,2025-04-03,500,500,0,,6.98,6.83,1
PO-004850,63,24,8,2025-04-01,2025-04-11,2025-04-09,500,500,0,,6.98,6.77,1
PO-004851,63,24,10,2025-04-08,2025-04-18,2025-04-17,500,500,0,,6.98,6.8,1
PO-004852,63,24,10,2025-04-15,2025-04-25,2025-04-24,500,500,0,,6.98,6.84,1
PO-004853,63,24,6,2025-04-22,2025-05-02,2025-04-30,500,500,0,,6.98,6.74,1
PO-004854,63,24,1,2025-04-29,2025-05-09,2025-05-08,500,500,0,,6.98,6.85,1
PO-004855,63,24,1,2025-05-06,2025-05-16,2025-05-16,500,500,0,,6.98,6.86,1
PO-004856,63,24,2,2025-05-13,2025-05-23,2025-05-26,500,475,0,,6.98,6.75,1
PO-004857,63,24,5,2025-05-20,2025-05-30,2025-05-29,500,500,0,,6.98,6.85,1
PO-004858,63,24,7,2025-05-27,2025-06-06,2025-06-05,500,500,0,,6.98,6.94,1
PO-004859,63,24,1,2025-06-03,2025-06-13,2025-06-12,500,500,0,,6.98,6.72,1
PO-004860,63,24,4,2025-06-10,2025-06-20,2025-06-19,500,500,0,,6.98,6.79,1
PO-004861,63,24,7,2025-06-17,2025-06-27,2025-06-25,500,500,0,,6.98,6.69,1
PO-004862,63,24,1,2025-06-24,2025-07-04,2025-07-03,500,500,0,,6.98,6.76,1
PO-004863,63,24,2,2025-07-01,2025-07-11,2025-07-11,500,500,0,,6.98,6.74,1
PO-004864,63,24,1,2025-07-08,2025-07-18,2025-07-29,500,500,0,,6.98,6.81,1
PO-004865,63,24,2,2025-07-15,2025-07-25,2025-07-24,500,500,0,,6.98,6.83,1
PO-004866,63,24,1,2025-07-22,2025-08-01,2025-07-30,500,500,0,,6.98,6.85,1
PO-004867,63,24,5,2025-07-29,2025-08-08,2025-08-07,500,500,0,,6.98,6.79,1
PO-004868,63,24,10,2025-08-05,2025-08-15,2025-08-12,500,500,0,,6.98,6.77,1
PO-004869,63,24,7,2025-08-12,2025-08-22,2025-08-21,500,500,0,,6.98,6.74,1
PO-004870,63,24,5,2025-08-19,2025-08-29,2025-08-25,500,500,0,,6.98,7.01,1
PO-004871,63,24,6,2025-08-26,2025-09-05,2025-09-05,500,500,0,,6.98,6.79,1
PO-004872,63,24,7,2025-09-02,2025-09-12,2025-09-11,500,500,0,,6.98,6.77,1
PO-004873,63,24,7,2025-09-09,2025-09-19,2025-09-18,500,500,0,,6.98,6.8,1
PO-004874,63,24,7,2025-09-16,2025-09-26,2025-09-26,500,500,0,,6.98,6.79,1
PO-004875,63,24,5,2025-09-23,2025-10-03,2025-10-02,500,500,0,,6.98,6.89,1
PO-004876,63,24,5,2025-09-30,2025-10-10,2025-10-10,500,500,0,,6.98,6.77,1
PO-004877,63,24,4,2025-10-07,2025-10-17,2025-10-19,500,500,0,,6.98,6.79,1
PO-004878,63,24,6,2025-10-14,2025-10-24,2025-10-23,500,500,0,,6.98,6.83,1
PO-004879,63,24,6,2025-10-21,2025-10-31,2025-10-29,500,500,0,,6.98,6.86,1
PO-004880,63,24,10,2025-10-28,2025-11-07,2025-11-05,500,500,0,,6.98,6.81,1
PO-004881,63,24,1,2025-11-04,2025-11-14,2025-11-13,500,500,0,,6.98,6.94,1
PO-004882,63,24,1,2025-11-11,2025-11-21,2025-11-20,500,480,0,,6.98,6.92,1
PO-004883,63,24,6,2025-11-18,2025-11-28,2025-11-27,500,500,0,,6.98,6.75,1
PO-004884,63,24,6,2025-11-25,2025-12-05,2025-12-02,500,500,0,,6.98,6.81,1
PO-004885,63,24,8,2025-12-02,2025-12-12,2025-12-09,500,500,0,,6.98,6.91,1
PO-004886,63,24,8,2025-12-09,2025-12-19,2025-12-18,500,500,0,,6.98,6.79,1
PO-004887,63,24,8,2025-12-16,2025-12-26,2025-12-25,500,474,0,,6.98,6.87,1
PO-004888,63,24,4,2025-12-23,2026-01-02,2026-01-01,500,500,0,,6.98,6.81,1
PO-004889,63,24,5,2025-12-30,2026-01-09,2026-01-09,500,480,0,,6.98,6.82,1
PO-004890,63,24,1,2026-01-06,2026-01-16,2026-01-15,500,488,0,,6.98,6.89,1
PO-004891,63,24,5,2026-01-13,2026-01-23,2026-01-26,500,500,0,,6.98,6.79,1
PO-004892,63,24,10,2026-01-20,2026-01-30,2026-01-28,500,500,0,,6.98,6.83,1
PO-004893,63,24,4,2026-01-27,2026-02-06,2026-02-03,500,500,0,,6.98,6.83,1
PO-004894,63,24,5,2026-02-03,2026-02-13,2026-02-12,500,500,0,,6.98,6.89,1
PO-004895,63,24,4,2026-02-10,2026-02-20,2026-02-17,500,500,0,,6.98,6.76,1
PO-004896,63,24,8,2026-02-17,2026-02-27,2026-02-26,500,500,0,,6.98,6.75,1
PO-004897,63,24,10,2026-02-24,2026-03-06,2026-03-05,500,500,71,Short shelf life on arrival,6.98,6.91,1
PO-004898,63,24,8,2026-03-03,2026-03-13,2026-03-12,500,500,0,,6.98,6.73,1
PO-004899,63,24,2,2026-03-10,2026-03-20,2026-03-18,500,500,0,,6.98,6.81,1
PO-004900,63,24,2,2026-03-17,2026-03-27,2026-03-26,500,500,0,,6.98,6.79,1
PO-004901,63,24,1,2026-03-24,2026-04-03,2026-04-01,500,500,0,,6.98,6.78,1
PO-004902,63,24,1,2026-03-31,2026-04-10,2026-04-09,500,500,0,,6.98,6.76,1
PO-004903,63,24,1,2026-04-07,2026-04-17,2026-04-16,500,500,0,,6.98,6.77,1
PO-004904,63,24,6,2026-04-14,2026-04-24,2026-04-24,500,488,0,,6.98,6.87,1
PO-004905,63,24,10,2026-04-21,2026-05-01,2026-05-04,500,500,93,Damaged packaging,6.98,6.84,1
PO-004906,63,24,5,2026-04-28,2026-05-08,2026-05-07,500,500,15,Failed spec check,6.98,6.83,1
PO-004907,63,24,5,2026-05-05,2026-05-15,2026-05-15,500,500,0,,6.98,6.78,1
PO-004908,63,24,6,2026-05-12,2026-05-22,2026-05-22,500,500,0,,6.98,6.73,1
PO-004909,63,24,7,2026-05-19,2026-05-29,2026-05-27,500,482,0,,6.98,6.8,1
PO-004910,63,24,6,2026-05-26,2026-06-05,2026-06-03,500,500,0,,6.98,6.91,1
PO-004911,63,24,4,2026-06-02,2026-06-12,2026-06-11,500,500,0,,6.98,6.8,1
PO-004912,63,24,10,2026-06-09,2026-06-19,2026-06-19,500,500,0,,6.98,6.89,1
PO-004913,63,24,1,2026-06-16,2026-06-26,2026-06-25,500,500,0,,6.98,6.87,1
PO-004914,63,24,7,2026-06-23,2026-07-03,2026-07-03,500,500,0,,6.98,6.71,1
PO-004915,63,24,10,2026-06-30,2026-07-10,2026-07-08,500,500,0,,6.98,6.61,1
PO-004916,64,17,1,2025-07-29,2025-08-14,2025-08-10,132,128,0,,3.77,3.8,0
PO-004917,64,17,4,2025-08-12,2025-08-28,2025-08-28,105,101,0,,3.77,3.76,0
PO-004918,64,17,1,2025-11-11,2025-11-27,2025-11-27,112,112,0,,3.77,3.76,0
PO-004919,64,17,10,2026-06-16,2026-07-02,2026-06-30,103,103,0,,3.77,3.83,0
PO-004920,64,24,3,2025-01-07,2025-01-19,2025-01-19,250,250,0,,4.15,4.03,1
PO-004921,64,24,3,2025-01-14,2025-01-26,2025-01-25,250,250,0,,4.15,4.07,1
PO-004922,64,24,9,2025-01-21,2025-02-02,2025-02-03,250,250,0,,4.15,4.04,1
PO-004923,64,24,5,2025-01-28,2025-02-09,2025-02-09,250,239,0,,4.15,4.07,1
PO-004924,64,24,5,2025-02-04,2025-02-16,2025-02-15,250,250,0,,4.15,4.04,1
PO-004925,64,24,4,2025-02-11,2025-02-23,2025-02-23,250,250,0,,4.15,4.05,1
PO-004926,64,24,4,2025-02-18,2025-03-02,2025-04-04,250,243,0,,4.15,4.07,1
PO-004927,64,24,1,2025-02-25,2025-03-09,2025-03-09,250,250,0,,4.15,4.11,1
PO-004928,64,24,5,2025-03-04,2025-03-16,2025-03-15,250,250,0,,4.15,4.03,1
PO-004929,64,24,9,2025-03-11,2025-03-23,2025-03-22,250,250,0,,4.15,3.98,1
PO-004930,64,24,5,2025-03-18,2025-03-30,2025-03-29,250,250,0,,4.15,4.05,1
PO-004931,64,24,1,2025-03-25,2025-04-06,2025-04-07,250,250,0,,4.15,3.97,1
PO-004932,64,24,4,2025-04-01,2025-04-13,2025-04-11,250,250,0,,4.15,4.09,1
PO-004933,64,24,9,2025-04-08,2025-04-20,2025-04-18,250,250,0,,4.15,4.06,1
PO-004934,64,24,9,2025-04-15,2025-04-27,2025-04-26,250,250,0,,4.15,4.06,1
PO-004935,64,24,9,2025-04-22,2025-05-04,2025-05-04,250,250,0,,4.15,4.05,1
PO-004936,64,24,5,2025-04-29,2025-05-11,2025-06-12,250,250,0,,4.15,4.01,1
PO-004937,64,24,9,2025-05-06,2025-05-18,2025-05-18,250,250,0,,4.15,4.02,1
PO-004938,64,24,10,2025-05-13,2025-05-25,2025-05-25,250,250,0,,4.15,4.07,1
PO-004939,64,24,9,2025-05-20,2025-06-01,2025-05-31,250,250,0,,4.15,4.04,1
PO-004940,64,24,10,2025-05-27,2025-06-08,2025-06-06,250,250,41,Documentation incomplete,4.15,4.0,1
PO-004941,64,24,5,2025-06-10,2025-06-22,2025-06-21,250,250,0,,4.15,4.02,1
PO-004942,64,24,7,2025-06-17,2025-06-29,2025-06-28,250,250,0,,4.15,4.02,1
PO-004943,64,24,3,2025-06-24,2025-07-06,2025-07-04,250,250,0,,4.15,4.06,1
PO-004944,64,24,10,2025-07-01,2025-07-13,2025-07-10,250,250,0,,4.15,3.99,1
PO-004945,64,24,10,2025-07-15,2025-07-27,2025-07-25,250,250,0,,4.15,4.06,1
PO-004946,64,24,3,2025-07-22,2025-08-03,2025-08-02,250,250,0,,4.15,4.02,1
PO-004947,64,24,1,2025-07-29,2025-08-10,2025-08-09,250,250,41,Documentation incomplete,4.15,4.07,1
PO-004948,64,24,10,2025-08-05,2025-08-17,2025-08-16,250,250,0,,4.15,4.07,1
PO-004949,64,24,7,2025-08-12,2025-08-24,2025-08-23,250,250,0,,4.15,4.06,1
PO-004950,64,24,5,2025-08-19,2025-08-31,2025-08-31,250,250,0,,4.15,4.06,1
PO-004951,64,24,9,2025-08-26,2025-09-07,2025-09-06,250,250,0,,4.15,4.0,1
PO-004952,64,24,3,2025-09-02,2025-09-14,2025-09-13,250,250,27,Temperature excursion in transit,4.15,4.07,1
PO-004953,64,24,10,2025-09-09,2025-09-21,2025-09-19,250,250,0,,4.15,4.07,1
PO-004954,64,24,7,2025-09-16,2025-09-28,2025-09-28,250,250,0,,4.15,4.05,1
PO-004955,64,24,4,2025-09-23,2025-10-05,2025-10-27,250,250,0,,4.15,4.12,1
PO-004956,64,24,9,2025-09-30,2025-10-12,2025-10-12,250,250,0,,4.15,4.03,1
PO-004957,64,24,9,2025-10-07,2025-10-19,2025-10-19,250,250,0,,4.15,4.07,1
PO-004958,64,24,7,2025-10-14,2025-10-26,2025-10-24,250,250,0,,4.15,4.14,1
PO-004959,64,24,4,2025-10-21,2025-11-02,2025-11-01,250,250,0,,4.15,4.09,1
PO-004960,64,24,5,2025-10-28,2025-11-09,2025-11-07,250,250,0,,4.15,4.05,1
PO-004961,64,24,1,2025-11-11,2025-11-23,2025-11-22,250,250,0,,4.15,4.08,1
PO-004962,64,24,9,2025-11-18,2025-11-30,2025-11-27,250,250,0,,4.15,4.03,1
PO-004963,64,24,9,2025-12-02,2025-12-14,2025-12-13,250,250,0,,4.15,4.06,1
PO-004964,64,24,3,2025-12-09,2025-12-21,2025-12-19,250,250,0,,4.15,4.05,1
PO-004965,64,24,1,2025-12-23,2026-01-04,2026-01-04,250,250,0,,4.15,4.09,1
PO-004966,64,24,1,2025-12-30,2026-01-11,2026-01-11,250,250,0,,4.15,4.08,1
PO-004967,64,24,9,2026-01-06,2026-01-18,2026-01-18,250,250,0,,4.15,4.02,1
PO-004968,64,24,1,2026-01-13,2026-01-25,2026-02-08,250,250,0,,4.15,4.07,1
PO-004969,64,24,1,2026-01-20,2026-02-01,2026-01-31,250,250,0,,4.15,4.12,1
PO-004970,64,24,3,2026-01-27,2026-02-08,2026-02-06,250,250,0,,4.15,4.04,1
PO-004971,64,24,10,2026-02-10,2026-02-22,2026-02-21,250,250,0,,4.15,3.96,1
PO-004972,64,24,3,2026-03-03,2026-03-15,2026-03-14,250,250,0,,4.15,4.04,1
PO-004973,64,24,1,2026-03-10,2026-03-22,2026-03-19,250,250,32,Temperature excursion in transit,4.15,4.07,1
PO-004974,64,24,3,2026-03-17,2026-03-29,2026-03-27,250,250,0,,4.15,4.06,1
PO-004975,64,24,9,2026-03-24,2026-04-05,2026-04-03,250,250,0,,4.15,4.08,1
PO-004976,64,24,9,2026-04-07,2026-04-19,2026-04-17,250,250,0,,4.15,4.06,1
PO-004977,64,24,10,2026-04-14,2026-04-26,2026-04-25,250,250,0,,4.15,4.04,1
PO-004978,64,24,10,2026-05-05,2026-05-17,2026-05-16,250,250,0,,4.15,4.11,1
PO-004979,64,24,3,2026-05-19,2026-05-31,2026-05-31,250,250,0,,4.15,4.1,1
PO-004980,64,24,1,2026-05-26,2026-06-07,2026-06-14,250,250,0,,4.15,4.07,1
PO-004981,64,24,4,2026-06-02,2026-06-14,2026-06-12,250,250,0,,4.15,4.09,1
PO-004982,64,24,9,2026-06-09,2026-06-21,2026-06-20,250,250,0,,4.15,4.01,1
PO-004983,64,24,5,2026-06-16,2026-06-28,2026-06-27,250,250,0,,4.15,4.06,1
PO-004984,64,24,3,2026-06-23,2026-07-05,2026-07-03,250,250,0,,4.15,4.06,1
PO-004985,64,24,7,2026-06-30,2026-07-12,2026-07-11,250,250,0,,4.15,4.1,1
PO-004986,65,13,9,2025-08-12,2025-08-27,2025-08-25,605,605,0,,12.23,12.95,0
PO-004987,65,13,4,2026-03-31,2026-04-15,2026-04-11,777,751,0,,12.23,12.71,0
PO-004988,65,1,10,2025-01-07,2025-01-26,2025-01-25,421,421,0,,13.16,13.2,1
PO-004989,65,1,3,2025-01-14,2025-02-02,2025-01-31,331,331,0,,13.16,13.31,1
PO-004990,65,1,9,2025-01-21,2025-02-09,2025-02-06,492,492,0,,13.16,13.25,1
PO-004991,65,1,9,2025-01-28,2025-02-16,2025-02-21,572,572,0,,13.16,13.08,1
PO-004992,65,1,4,2025-02-04,2025-02-23,2025-02-22,499,481,0,,13.16,13.31,1
PO-004993,65,1,10,2025-02-11,2025-03-02,2025-02-27,745,745,0,,13.16,13.15,1
PO-004994,65,1,5,2025-02-18,2025-03-09,2025-03-05,645,645,27,Temperature excursion in transit,13.16,13.19,1
PO-004995,65,1,1,2025-03-04,2025-03-23,2025-03-26,532,532,0,,13.16,13.3,1
PO-004996,65,1,7,2025-03-11,2025-03-30,2025-04-14,638,638,0,,13.16,13.3,1
PO-004997,65,1,5,2025-03-18,2025-04-06,2025-04-16,280,280,0,,13.16,13.37,1
PO-004998,65,1,10,2025-03-25,2025-04-13,2025-04-12,395,395,0,,13.16,13.16,1
PO-004999,65,1,3,2025-04-01,2025-04-20,2025-04-23,677,677,0,,13.16,13.05,1
PO-005000,65,1,1,2025-04-08,2025-04-27,2025-04-25,457,457,0,,13.16,13.4,1
PO-005001,65,1,4,2025-04-15,2025-05-04,2025-05-02,467,467,0,,13.16,13.54,1
PO-005002,65,1,7,2025-04-22,2025-05-11,2025-05-09,495,495,0,,13.16,13.21,1
PO-005003,65,1,3,2025-04-29,2025-05-18,2025-05-15,462,462,0,,13.16,13.2,1
PO-005004,65,1,3,2025-05-06,2025-05-25,2025-05-24,519,519,0,,13.16,13.42,1
PO-005005,65,1,3,2025-05-13,2025-06-01,2025-05-30,598,598,0,,13.16,12.98,1
PO-005006,65,1,10,2025-05-20,2025-06-08,2025-06-14,429,429,0,,13.16,13.16,1
PO-005007,65,1,7,2025-06-03,2025-06-22,2025-06-19,594,594,0,,13.16,13.18,1
PO-005008,65,1,10,2025-06-10,2025-06-29,2025-06-28,423,410,0,,13.16,13.21,1
PO-005009,65,1,4,2025-06-17,2025-07-06,2025-07-07,411,411,0,,13.16,13.34,1
PO-005010,65,1,3,2025-06-24,2025-07-13,2025-07-20,654,654,0,,13.16,13.2,1
PO-005011,65,1,5,2025-07-01,2025-07-20,2025-07-24,510,510,0,,13.16,13.46,1
PO-005012,65,1,9,2025-07-08,2025-07-27,2025-08-03,775,775,0,,13.16,13.45,1
PO-005013,65,1,3,2025-07-15,2025-08-03,2025-08-01,689,689,0,,13.16,13.35,1
PO-005014,65,1,3,2025-07-22,2025-08-10,2025-08-06,439,439,0,,13.16,13.25,1
PO-005015,65,1,5,2025-08-12,2025-08-31,2025-08-29,478,478,0,,13.16,13.49,1
PO-005016,65,1,3,2025-08-19,2025-09-07,2025-09-21,299,299,0,,13.16,13.19,1
PO-005017,65,1,7,2025-08-26,2025-09-14,2025-09-25,498,498,0,,13.16,13.26,1
PO-005018,65,1,9,2025-09-02,2025-09-21,2025-09-19,445,445,0,,13.16,13.17,1
PO-005019,65,1,1,2025-09-09,2025-09-28,2025-09-28,416,416,0,,13.16,13.16,1
PO-005020,65,1,10,2025-09-16,2025-10-05,2025-09-30,416,416,0,,13.16,13.32,1
PO-005021,65,1,7,2025-09-23,2025-10-12,2025-10-11,529,529,0,,13.16,13.22,1
PO-005022,65,1,3,2025-09-30,2025-10-19,2025-10-17,589,562,0,,13.16,12.99,1
PO-005023,65,1,9,2025-10-07,2025-10-26,2025-10-23,466,466,17,Damaged packaging,13.16,13.56,1
PO-005024,65,1,5,2025-10-14,2025-11-02,2025-11-01,441,441,0,,13.16,13.12,1
PO-005025,65,1,3,2025-10-21,2025-11-09,2025-11-08,285,285,0,,13.16,13.32,1
PO-005026,65,1,5,2025-10-28,2025-11-16,2025-11-27,388,388,0,,13.16,13.34,1
PO-005027,65,1,1,2025-11-04,2025-11-23,2025-11-22,309,309,0,,13.16,13.1,1
PO-005028,65,1,5,2025-11-11,2025-11-30,2025-11-28,649,649,0,,13.16,13.26,1
PO-005029,65,1,10,2025-11-18,2025-12-07,2025-12-03,485,485,0,,13.16,13.4,1
PO-005030,65,1,3,2025-11-25,2025-12-14,2025-12-14,516,516,0,,13.16,13.23,1
PO-005031,65,1,4,2025-12-02,2025-12-21,2025-12-19,437,437,0,,13.16,13.29,1
PO-005032,65,1,1,2025-12-09,2025-12-28,2026-01-06,469,469,0,,13.16,13.04,1
PO-005033,65,1,3,2025-12-16,2026-01-04,2026-01-03,539,539,0,,13.16,13.31,1
PO-005034,65,1,7,2025-12-23,2026-01-11,2026-01-09,709,709,52,Short shelf life on arrival,13.16,13.38,1
PO-005035,65,1,4,2025-12-30,2026-01-18,2026-01-20,624,624,0,,13.16,13.0,1
PO-005036,65,1,7,2026-01-06,2026-01-25,2026-02-05,585,585,0,,13.16,13.12,1
PO-005037,65,1,3,2026-01-13,2026-02-01,2026-01-30,537,537,0,,13.16,13.19,1
PO-005038,65,1,1,2026-01-20,2026-02-08,2026-02-16,441,441,0,,13.16,13.1,1
PO-005039,65,1,1,2026-01-27,2026-02-15,2026-02-22,617,617,0,,13.16,13.15,1
PO-005040,65,1,4,2026-02-03,2026-02-22,2026-02-22,698,698,0,,13.16,13.4,1
PO-005041,65,1,5,2026-02-10,2026-03-01,2026-03-05,342,342,0,,13.16,13.32,1
PO-005042,65,1,4,2026-02-17,2026-03-08,2026-03-08,754,754,0,,13.16,13.49,1
PO-005043,65,1,4,2026-02-24,2026-03-15,2026-03-13,420,420,0,,13.16,13.06,1
PO-005044,65,1,4,2026-03-03,2026-03-22,2026-03-19,678,678,0,,13.16,13.02,1
PO-005045,65,1,1,2026-03-10,2026-03-29,2026-04-05,590,590,0,,13.16,13.43,1
PO-005046,65,1,3,2026-03-17,2026-04-05,2026-04-02,636,636,0,,13.16,13.24,1
PO-005047,65,1,9,2026-03-24,2026-04-12,2026-04-18,598,598,0,,13.16,13.0,1
PO-005048,65,1,3,2026-03-31,2026-04-19,2026-04-19,482,466,0,,13.16,13.19,1
PO-005049,65,1,4,2026-04-07,2026-04-26,2026-05-21,501,501,0,,13.16,13.23,1
PO-005050,65,1,4,2026-04-14,2026-05-03,2026-05-01,462,462,0,,13.16,13.13,1
PO-005051,65,1,3,2026-04-21,2026-05-10,2026-05-09,553,539,0,,13.16,12.93,1
PO-005052,65,1,4,2026-05-05,2026-05-24,2026-06-10,620,620,0,,13.16,13.27,1
PO-005053,65,1,7,2026-05-12,2026-05-31,2026-05-30,407,407,0,,13.16,13.35,1
PO-005054,65,1,3,2026-05-19,2026-06-07,2026-06-10,494,494,0,,13.16,13.19,1
PO-005055,65,1,10,2026-05-26,2026-06-14,2026-07-02,544,544,0,,13.16,13.08,1
PO-005056,65,1,5,2026-06-02,2026-06-21,2026-06-19,529,529,0,,13.16,13.27,1
PO-005057,65,1,4,2026-06-16,2026-07-05,2026-07-05,415,415,0,,13.16,13.02,1
PO-005058,65,1,4,2026-06-23,2026-07-12,2026-07-13,661,661,0,,13.16,13.3,1
PO-005059,65,1,1,2026-06-30,2026-07-19,2026-07-30,549,549,0,,13.16,13.22,1
PO-005060,66,12,10,2025-05-13,2025-05-25,2025-05-20,447,447,0,,32.32,31.78,0
PO-005061,66,12,5,2025-05-20,2025-06-01,2025-06-01,493,493,0,,32.32,31.48,0
PO-005062,66,12,8,2026-05-26,2026-06-07,2026-06-04,489,489,0,,32.32,30.84,0
PO-005063,66,3,8,2025-01-07,2025-01-19,2025-01-19,500,487,0,,33.33,33.46,1
PO-005064,66,3,8,2025-01-14,2025-01-26,2025-01-26,500,500,0,,33.33,34.47,1
PO-005065,66,3,4,2025-01-21,2025-02-02,2025-02-01,500,500,0,,33.33,34.23,1
PO-005066,66,3,5,2025-01-28,2025-02-09,2025-02-09,500,500,0,,33.33,34.0,1
PO-005067,66,3,2,2025-02-04,2025-02-16,2025-02-16,500,500,0,,33.33,34.35,1
PO-005068,66,3,2,2025-02-11,2025-02-23,2025-02-22,500,500,0,,33.33,33.84,1
PO-005069,66,3,4,2025-02-18,2025-03-02,2025-03-01,500,500,0,,33.33,33.54,1
PO-005070,66,3,2,2025-02-25,2025-03-09,2025-03-09,500,500,0,,33.33,34.54,1
PO-005071,66,3,7,2025-03-04,2025-03-16,2025-03-16,500,500,0,,33.33,33.44,1
PO-005072,66,3,1,2025-03-11,2025-03-23,2025-03-22,500,500,0,,33.33,34.64,1
PO-005073,66,3,5,2025-03-18,2025-03-30,2025-03-30,500,500,0,,33.33,34.61,1
PO-005074,66,3,8,2025-03-25,2025-04-06,2025-04-06,500,500,0,,33.33,34.47,1
PO-005075,66,3,6,2025-04-01,2025-04-13,2025-04-12,500,500,0,,33.33,33.9,1
PO-005076,66,3,8,2025-04-08,2025-04-20,2025-04-19,500,500,0,,33.33,34.14,1
PO-005077,66,3,8,2025-04-15,2025-04-27,2025-04-25,500,500,0,,33.33,34.24,1
PO-005078,66,3,10,2025-04-22,2025-05-04,2025-05-03,500,500,0,,33.33,34.35,1
PO-005079,66,3,6,2025-04-29,2025-05-11,2025-05-10,500,500,0,,33.33,33.84,1
PO-005080,66,3,2,2025-05-06,2025-05-18,2025-05-16,500,500,0,,33.33,34.05,1
PO-005081,66,3,5,2025-05-13,2025-05-25,2025-05-24,500,500,0,,33.33,34.18,1
PO-005082,66,3,5,2025-05-20,2025-06-01,2025-05-31,500,500,0,,33.33,34.57,1
PO-005083,66,3,5,2025-06-03,2025-06-15,2025-06-14,500,500,0,,33.33,34.56,1
PO-005084,66,3,4,2025-06-10,2025-06-22,2025-06-22,500,500,0,,33.33,34.21,1
PO-005085,66,3,8,2025-06-17,2025-06-29,2025-06-28,500,500,0,,33.33,34.68,1
PO-005086,66,3,10,2025-06-24,2025-07-06,2025-07-05,500,500,0,,33.33,34.74,1
PO-005087,66,3,8,2025-07-01,2025-07-13,2025-07-11,500,500,0,,33.33,34.53,1
PO-005088,66,3,1,2025-07-08,2025-07-20,2025-07-19,500,500,0,,33.33,33.78,1
PO-005089,66,3,2,2025-07-15,2025-07-27,2025-07-27,500,500,0,,33.33,34.1,1
PO-005090,66,3,4,2025-07-22,2025-08-03,2025-08-02,500,500,0,,33.33,34.3,1
PO-005091,66,3,4,2025-07-29,2025-08-10,2025-08-09,500,500,0,,33.33,34.02,1
PO-005092,66,3,10,2025-08-05,2025-08-17,2025-08-15,500,500,0,,33.33,33.98,1
PO-005093,66,3,6,2025-08-12,2025-08-24,2025-08-24,500,500,0,,33.33,34.58,1
PO-005094,66,3,2,2025-08-26,2025-09-07,2025-09-06,500,500,0,,33.33,33.93,1
PO-005095,66,3,10,2025-09-02,2025-09-14,2025-09-13,500,500,0,,33.33,33.7,1
PO-005096,66,3,5,2025-09-09,2025-09-21,2025-09-21,500,500,0,,33.33,33.88,1
PO-005097,66,3,2,2025-09-16,2025-09-28,2025-09-27,500,461,0,,33.33,34.39,1
PO-005098,66,3,2,2025-09-23,2025-10-05,2025-10-04,500,500,0,,33.33,33.85,1
PO-005099,66,3,6,2025-09-30,2025-10-12,2025-10-11,500,500,0,,33.33,33.92,1
PO-005100,66,3,7,2025-10-07,2025-10-19,2025-10-18,500,500,0,,33.33,34.33,1
PO-005101,66,3,6,2025-10-14,2025-10-26,2025-10-26,500,500,0,,33.33,34.34,1
PO-005102,66,3,8,2025-10-21,2025-11-02,2025-11-02,500,500,0,,33.33,33.98,1
PO-005103,66,3,10,2025-10-28,2025-11-09,2025-11-07,500,500,0,,33.33,34.35,1
PO-005104,66,3,7,2025-11-04,2025-11-16,2025-11-14,500,483,38,Failed spec check,33.33,33.99,1
PO-005105,66,3,2,2025-11-11,2025-11-23,2025-11-23,500,500,0,,33.33,34.13,1
PO-005106,66,3,6,2025-11-18,2025-11-30,2025-11-30,500,500,0,,33.33,33.66,1
PO-005107,66,3,6,2025-11-25,2025-12-07,2025-12-06,500,500,0,,33.33,33.93,1
PO-005108,66,3,6,2025-12-02,2025-12-14,2025-12-14,500,500,0,,33.33,33.81,1
PO-005109,66,3,8,2025-12-09,2025-12-21,2025-12-21,500,500,0,,33.33,34.11,1
PO-005110,66,3,1,2025-12-16,2025-12-28,2025-12-27,500,500,0,,33.33,34.09,1
PO-005111,66,3,8,2025-12-23,2026-01-04,2026-01-04,500,500,55,Damaged packaging,33.33,34.15,1
PO-005112,66,3,2,2025-12-30,2026-01-11,2026-01-08,500,500,0,,33.33,33.93,1
PO-005113,66,3,7,2026-01-06,2026-01-18,2026-01-18,500,500,0,,33.33,33.91,1
PO-005114,66,3,5,2026-01-13,2026-01-25,2026-01-25,500,500,0,,33.33,33.92,1
PO-005115,66,3,4,2026-01-20,2026-02-01,2026-02-01,500,434,0,,33.33,34.19,1
PO-005116,66,3,7,2026-01-27,2026-02-08,2026-02-08,500,500,0,,33.33,34.25,1
PO-005117,66,3,7,2026-02-03,2026-02-15,2026-02-15,500,500,0,,33.33,34.51,1
PO-005118,66,3,1,2026-02-10,2026-02-22,2026-02-22,500,487,0,,33.33,34.4,1
PO-005119,66,3,2,2026-02-17,2026-03-01,2026-03-01,500,500,0,,33.33,34.42,1
PO-005120,66,3,7,2026-02-24,2026-03-08,2026-03-08,500,458,0,,33.33,34.22,1
PO-005121,66,3,8,2026-03-03,2026-03-15,2026-03-14,500,500,0,,33.33,34.15,1
PO-005122,66,3,7,2026-03-10,2026-03-22,2026-03-21,500,500,0,,33.33,34.17,1
PO-005123,66,3,8,2026-03-17,2026-03-29,2026-03-28,500,500,0,,33.33,33.58,1
PO-005124,66,3,10,2026-03-24,2026-04-05,2026-04-05,500,500,0,,33.33,33.94,1
PO-005125,66,3,2,2026-03-31,2026-04-12,2026-04-12,500,500,0,,33.33,34.38,1
PO-005126,66,3,4,2026-04-14,2026-04-26,2026-04-26,500,500,0,,33.33,34.39,1
PO-005127,66,3,10,2026-04-21,2026-05-03,2026-05-02,500,500,0,,33.33,34.37,1
PO-005128,66,3,5,2026-04-28,2026-05-10,2026-05-09,500,500,0,,33.33,33.78,1
PO-005129,66,3,2,2026-05-05,2026-05-17,2026-05-16,500,500,0,,33.33,34.09,1
PO-005130,66,3,10,2026-05-12,2026-05-24,2026-05-23,500,500,0,,33.33,33.82,1
PO-005131,66,3,1,2026-05-19,2026-05-31,2026-05-31,500,500,0,,33.33,33.14,1
PO-005132,66,3,4,2026-06-02,2026-06-14,2026-06-13,500,500,0,,33.33,33.77,1
PO-005133,66,3,6,2026-06-09,2026-06-21,2026-06-21,500,500,0,,33.33,33.86,1
PO-005134,66,3,5,2026-06-16,2026-06-28,2026-06-27,500,500,0,,33.33,33.85,1
PO-005135,66,3,2,2026-06-23,2026-07-05,2026-07-04,500,500,0,,33.33,33.45,1
PO-005136,66,3,2,2026-06-30,2026-07-12,2026-07-11,500,500,0,,33.33,33.8,1
PO-005137,67,1,8,2025-07-08,2025-07-21,2025-07-19,500,500,0,,1.26,1.28,0
PO-005138,67,1,7,2025-07-22,2025-08-04,2025-08-07,525,525,0,,1.26,1.29,0
PO-005139,67,1,6,2025-09-09,2025-09-22,2025-09-30,500,500,0,,1.26,1.26,0
PO-005140,67,1,2,2026-02-17,2026-03-02,2026-02-28,508,508,0,,1.26,1.27,0
PO-005141,67,1,8,2026-03-31,2026-04-13,2026-04-11,533,533,0,,1.26,1.27,0
PO-005142,67,14,7,2025-02-25,2025-03-29,2025-03-14,704,704,0,,1.35,1.43,0
PO-005143,67,14,7,2025-06-03,2025-07-05,2025-07-21,511,511,0,,1.35,1.43,0
PO-005144,67,14,6,2025-06-17,2025-07-19,2025-07-22,568,568,0,,1.35,1.43,0
PO-005145,67,14,8,2025-07-29,2025-08-30,2025-08-19,396,383,15,Damaged packaging,1.35,1.42,0
PO-005146,67,14,6,2025-08-26,2025-09-27,2025-09-24,466,466,0,,1.35,1.42,0
PO-005147,67,14,10,2025-10-14,2025-11-15,2025-11-15,664,664,0,,1.35,1.42,0
PO-005148,67,14,4,2025-12-09,2026-01-10,2026-01-07,642,642,0,,1.35,1.42,0
PO-005149,67,14,6,2026-05-05,2026-06-06,2026-06-07,587,587,0,,1.35,1.42,0
PO-005150,67,14,1,2026-06-30,2026-08-01,2026-07-31,566,566,0,,1.35,1.43,0
PO-005151,67,24,1,2025-01-14,2025-01-23,2025-01-22,495,495,0,,1.55,1.51,1
PO-005152,67,24,8,2025-01-21,2025-01-30,2025-01-28,586,586,0,,1.55,1.53,1
PO-005153,67,24,1,2025-02-11,2025-02-20,2025-02-18,621,621,0,,1.55,1.55,1
PO-005154,67,24,5,2025-02-18,2025-02-27,2025-02-27,474,474,0,,1.55,1.51,1
PO-005155,67,24,5,2025-02-25,2025-03-06,2025-03-04,616,616,0,,1.55,1.55,1
PO-005156,67,24,7,2025-03-04,2025-03-13,2025-03-12,508,508,0,,1.55,1.51,1
PO-005157,67,24,10,2025-03-11,2025-03-20,2025-03-18,569,569,0,,1.55,1.5,1
PO-005158,67,24,5,2025-03-18,2025-03-27,2025-03-25,556,556,0,,1.55,1.52,1
PO-005159,67,24,5,2025-04-01,2025-04-10,2025-04-08,578,578,0,,1.55,1.54,1
PO-005160,67,24,2,2025-04-08,2025-04-17,2025-04-17,395,380,0,,1.55,1.53,1
PO-005161,67,24,1,2025-04-15,2025-04-24,2025-04-22,484,484,0,,1.55,1.5,1
PO-005162,67,24,2,2025-04-22,2025-05-01,2025-05-01,488,488,0,,1.55,1.54,1
PO-005163,67,24,6,2025-04-29,2025-05-08,2025-05-08,569,569,0,,1.55,1.5,1
PO-005164,67,24,5,2025-05-06,2025-05-15,2025-05-18,413,413,0,,1.55,1.53,1
PO-005165,67,24,4,2025-05-13,2025-05-22,2025-05-20,543,543,0,,1.55,1.49,1
PO-005166,67,24,5,2025-05-27,2025-06-05,2025-06-04,322,322,0,,1.55,1.48,1
PO-005167,67,24,5,2025-06-03,2025-06-12,2025-06-11,388,388,0,,1.55,1.52,1
PO-005168,67,24,8,2025-06-10,2025-06-19,2025-07-02,544,544,0,,1.55,1.51,1
PO-005169,67,24,2,2025-06-17,2025-06-26,2025-06-24,281,281,0,,1.55,1.53,1
PO-005170,67,24,10,2025-06-24,2025-07-03,2025-06-30,451,451,0,,1.55,1.5,1
PO-005171,67,24,7,2025-07-01,2025-07-10,2025-07-09,480,480,0,,1.55,1.53,1
PO-005172,67,24,2,2025-07-08,2025-07-17,2025-07-14,375,375,0,,1.55,1.51,1
PO-005173,67,24,6,2025-07-15,2025-07-24,2025-07-22,502,485,0,,1.55,1.5,1
PO-005174,67,24,6,2025-07-22,2025-07-31,2025-07-29,481,481,22,Temperature excursion in transit,1.55,1.56,1
PO-005175,67,24,2,2025-07-29,2025-08-07,2025-08-05,557,557,0,,1.55,1.51,1
PO-005176,67,24,8,2025-08-12,2025-08-21,2025-08-20,545,545,0,,1.55,1.5,1
PO-005177,67,24,6,2025-08-26,2025-09-04,2025-09-02,682,682,0,,1.55,1.5,1
PO-005178,67,24,1,2025-09-02,2025-09-11,2025-09-09,506,506,0,,1.55,1.5,1
PO-005179,67,24,10,2025-09-09,2025-09-18,2025-09-18,551,551,0,,1.55,1.5,1
PO-005180,67,24,7,2025-09-23,2025-10-02,2025-10-04,689,689,0,,1.55,1.53,1
PO-005181,67,24,4,2025-09-30,2025-10-09,2025-10-09,438,424,0,,1.55,1.54,1
PO-005182,67,24,5,2025-10-07,2025-10-16,2025-10-15,535,535,0,,1.55,1.5,1
PO-005183,67,24,8,2025-10-21,2025-10-30,2025-10-29,556,556,0,,1.55,1.51,1
PO-005184,67,24,10,2025-10-28,2025-11-06,2025-11-06,692,692,0,,1.55,1.52,1
PO-005185,67,24,4,2025-11-04,2025-11-13,2025-11-12,471,471,0,,1.55,1.5,1
PO-005186,67,24,10,2025-11-11,2025-11-20,2025-11-20,553,553,0,,1.55,1.51,1
PO-005187,67,24,6,2025-11-18,2025-11-27,2025-11-27,468,468,0,,1.55,1.52,1
PO-005188,67,24,2,2025-11-25,2025-12-04,2025-12-04,489,489,0,,1.55,1.51,1
PO-005189,67,24,10,2025-12-02,2025-12-11,2025-12-08,528,528,0,,1.55,1.49,1
PO-005190,67,24,8,2025-12-09,2025-12-18,2025-12-17,681,681,0,,1.55,1.52,1
PO-005191,67,24,1,2025-12-16,2025-12-25,2026-01-05,423,423,0,,1.55,1.5,1
PO-005192,67,24,10,2025-12-23,2026-01-01,2026-01-01,452,452,0,,1.55,1.52,1
PO-005193,67,24,7,2025-12-30,2026-01-08,2026-01-08,530,530,0,,1.55,1.52,1
PO-005194,67,24,8,2026-01-13,2026-01-22,2026-01-22,498,498,0,,1.55,1.52,1
PO-005195,67,24,1,2026-01-27,2026-02-05,2026-02-05,679,679,0,,1.55,1.54,1
PO-005196,67,24,8,2026-02-10,2026-02-19,2026-02-18,611,611,0,,1.55,1.5,1
PO-005197,67,24,8,2026-02-17,2026-02-26,2026-02-24,653,653,0,,1.55,1.49,1
PO-005198,67,24,7,2026-02-24,2026-03-05,2026-03-04,531,531,0,,1.55,1.49,1
PO-005199,67,24,7,2026-03-03,2026-03-12,2026-03-11,425,425,0,,1.55,1.5,1
PO-005200,67,24,10,2026-03-10,2026-03-19,2026-03-17,433,433,0,,1.55,1.54,1
PO-005201,67,24,10,2026-03-17,2026-03-26,2026-03-25,500,500,0,,1.55,1.53,1
PO-005202,67,24,6,2026-03-24,2026-04-02,2026-03-31,473,473,0,,1.55,1.52,1
PO-005203,67,24,10,2026-03-31,2026-04-09,2026-04-08,478,478,0,,1.55,1.5,1
PO-005204,67,24,10,2026-04-07,2026-04-16,2026-04-14,436,436,0,,1.55,1.5,1
PO-005205,67,24,8,2026-04-14,2026-04-23,2026-04-23,542,542,0,,1.55,1.52,1
PO-005206,67,24,7,2026-04-21,2026-04-30,2026-04-30,656,656,0,,1.55,1.5,1
PO-005207,67,24,2,2026-04-28,2026-05-07,2026-05-05,368,368,0,,1.55,1.49,1
PO-005208,67,24,8,2026-05-05,2026-05-14,2026-05-12,515,515,0,,1.55,1.5,1
PO-005209,67,24,8,2026-05-12,2026-05-21,2026-05-20,562,562,71,Failed spec check,1.55,1.51,1
PO-005210,67,24,6,2026-05-19,2026-05-28,2026-05-28,492,479,0,,1.55,1.53,1
PO-005211,67,24,8,2026-05-26,2026-06-04,2026-06-03,484,484,0,,1.55,1.49,1
PO-005212,67,24,1,2026-06-02,2026-06-11,2026-06-09,422,422,0,,1.55,1.51,1
PO-005213,67,24,10,2026-06-09,2026-06-18,2026-06-15,519,519,0,,1.55,1.53,1
PO-005214,67,24,5,2026-06-16,2026-06-25,2026-06-25,453,453,0,,1.55,1.52,1
PO-005215,67,24,6,2026-06-23,2026-07-02,2026-07-09,251,251,0,,1.55,1.5,1
PO-005216,67,24,10,2026-06-30,2026-07-09,2026-07-09,550,550,0,,1.55,1.51,1
PO-005217,68,24,2,2025-01-14,2025-01-25,2025-01-23,189,189,0,,6.89,6.73,1
PO-005218,68,24,7,2025-01-21,2025-02-01,2025-02-01,276,276,0,,6.89,6.7,1
PO-005219,68,24,7,2025-01-28,2025-02-08,2025-02-07,247,247,0,,6.89,6.7,1
PO-005220,68,24,5,2025-02-04,2025-02-15,2025-02-15,164,164,0,,6.89,6.81,1
PO-005221,68,24,5,2025-02-11,2025-02-22,2025-02-23,193,182,0,,6.89,6.78,1
PO-005222,68,24,2,2025-02-18,2025-03-01,2025-02-26,249,249,0,,6.89,6.73,1
PO-005223,68,24,1,2025-03-11,2025-03-22,2025-03-21,131,131,0,,6.89,6.69,1
PO-005224,68,24,4,2025-03-18,2025-03-29,2025-03-28,248,248,0,,6.89,6.73,1
PO-005225,68,24,8,2025-03-25,2025-04-05,2025-04-04,204,204,0,,6.89,6.74,1
PO-005226,68,24,10,2025-04-08,2025-04-19,2025-04-17,244,244,0,,6.89,6.71,1
PO-005227,68,24,4,2025-04-15,2025-04-26,2025-04-26,211,211,0,,6.89,6.85,1
PO-005228,68,24,2,2025-04-22,2025-05-03,2025-05-02,189,189,0,,6.89,6.74,1
PO-005229,68,24,10,2025-04-29,2025-05-10,2025-05-10,243,243,0,,6.89,6.82,1
PO-005230,68,24,6,2025-05-06,2025-05-17,2025-05-15,161,161,0,,6.89,6.7,1
PO-005231,68,24,4,2025-05-13,2025-05-24,2025-05-22,209,204,0,,6.89,6.71,1
PO-005232,68,24,5,2025-05-20,2025-05-31,2025-05-29,208,201,0,,6.89,6.71,1
PO-005233,68,24,10,2025-05-27,2025-06-07,2025-06-06,223,223,0,,6.89,6.84,1
PO-005234,68,24,4,2025-06-03,2025-06-14,2025-06-12,253,253,0,,6.89,6.59,1
PO-005235,68,24,7,2025-06-10,2025-06-21,2025-06-20,208,208,0,,6.89,6.67,1
PO-005236,68,24,8,2025-06-17,2025-06-28,2025-06-28,260,260,0,,6.89,6.68,1
PO-005237,68,24,6,2025-07-01,2025-07-12,2025-07-08,262,262,0,,6.89,6.75,1
PO-005238,68,24,6,2025-07-08,2025-07-19,2025-07-18,304,294,0,,6.89,6.55,1
PO-005239,68,24,1,2025-07-22,2025-08-02,2025-08-02,233,227,0,,6.89,6.83,1
PO-005240,68,24,4,2025-07-29,2025-08-09,2025-08-07,144,144,0,,6.89,6.79,1
PO-005241,68,24,5,2025-08-05,2025-08-16,2025-09-06,331,331,0,,6.89,6.6,1
PO-005242,68,24,8,2025-08-12,2025-08-23,2025-08-22,185,185,0,,6.89,6.87,1
PO-005243,68,24,6,2025-08-19,2025-08-30,2025-08-29,294,294,0,,6.89,6.75,1
PO-005244,68,24,10,2025-08-26,2025-09-06,2025-09-04,193,193,0,,6.89,6.64,1
PO-005245,68,24,1,2025-09-02,2025-09-13,2025-09-12,227,214,0,,6.89,6.79,1
PO-005246,68,24,2,2025-09-16,2025-09-27,2025-09-27,250,250,0,,6.89,6.82,1
PO-005247,68,24,8,2025-09-23,2025-10-04,2025-10-03,263,263,0,,6.89,6.74,1
PO-005248,68,24,6,2025-09-30,2025-10-11,2025-10-07,258,258,0,,6.89,6.69,1
PO-005249,68,24,8,2025-10-07,2025-10-18,2025-10-17,235,235,0,,6.89,6.64,1
PO-005250,68,24,4,2025-10-14,2025-10-25,2025-10-25,251,251,0,,6.89,6.8,1
PO-005251,68,24,5,2025-10-21,2025-11-01,2025-10-30,187,187,0,,6.89,6.81,1
PO-005252,68,24,2,2025-10-28,2025-11-08,2025-11-07,173,173,0,,6.89,6.7,1
PO-005253,68,24,8,2025-11-04,2025-11-15,2025-11-14,146,146,22,Damaged packaging,6.89,6.79,1
PO-005254,68,24,1,2025-11-11,2025-11-22,2025-11-22,247,247,0,,6.89,6.66,1
PO-005255,68,24,6,2025-11-18,2025-11-29,2025-12-05,273,273,0,,6.89,6.71,1
PO-005256,68,24,10,2025-11-25,2025-12-06,2025-12-06,150,150,0,,6.89,6.79,1
PO-005257,68,24,2,2025-12-02,2025-12-13,2025-12-13,258,250,0,,6.89,6.72,1
PO-005258,68,24,7,2025-12-09,2025-12-20,2025-12-18,147,147,0,,6.89,6.64,1
PO-005259,68,24,8,2025-12-16,2025-12-27,2025-12-26,131,131,0,,6.89,6.64,1
PO-005260,68,24,10,2025-12-23,2026-01-03,2026-01-01,257,242,0,,6.89,6.71,1
PO-005261,68,24,5,2025-12-30,2026-01-10,2026-01-09,201,201,0,,6.89,6.68,1
PO-005262,68,24,4,2026-01-13,2026-01-24,2026-01-22,204,204,0,,6.89,6.66,1
PO-005263,68,24,6,2026-01-20,2026-01-31,2026-01-30,249,249,0,,6.89,6.66,1
PO-005264,68,24,2,2026-01-27,2026-02-07,2026-02-06,214,214,0,,6.89,6.59,1
PO-005265,68,24,5,2026-02-10,2026-02-21,2026-02-21,233,233,0,,6.89,6.76,1
PO-005266,68,24,5,2026-02-17,2026-02-28,2026-02-27,160,160,0,,6.89,6.68,1
PO-005267,68,24,10,2026-02-24,2026-03-07,2026-03-05,204,204,0,,6.89,6.62,1
PO-005268,68,24,10,2026-03-10,2026-03-21,2026-03-20,241,241,0,,6.89,6.75,1
PO-005269,68,24,4,2026-03-31,2026-04-11,2026-05-08,271,271,0,,6.89,6.66,1
PO-005270,68,24,10,2026-04-14,2026-04-25,2026-04-24,264,255,0,,6.89,6.72,1
PO-005271,68,24,1,2026-04-21,2026-05-02,2026-05-02,240,240,0,,6.89,6.66,1
PO-005272,68,24,1,2026-05-05,2026-05-16,2026-05-16,132,132,0,,6.89,6.75,1
PO-005273,68,24,5,2026-05-12,2026-05-23,2026-05-22,289,289,0,,6.89,6.82,1
PO-005274,68,24,6,2026-05-19,2026-05-30,2026-05-28,214,214,0,,6.89,6.72,1
PO-005275,68,24,5,2026-06-02,2026-06-13,2026-06-10,186,186,0,,6.89,6.74,1
PO-005276,68,24,4,2026-06-09,2026-06-20,2026-06-19,230,230,0,,6.89,6.78,1
PO-005277,68,24,4,2026-06-23,2026-07-04,2026-07-09,224,224,0,,6.89,6.75,1
PO-005278,68,24,4,2026-06-30,2026-07-11,2026-07-11,321,321,0,,6.89,6.68,1
PO-005279,68,5,6,2025-01-28,2025-02-27,2025-02-20,250,240,16,Damaged packaging,6.53,6.46,0
PO-005280,68,5,10,2025-02-11,2025-03-13,2025-03-03,250,250,0,,6.53,6.69,0
PO-005281,68,5,1,2025-03-25,2025-04-24,2025-04-13,253,238,0,,6.53,6.58,0
PO-005282,68,5,1,2025-04-08,2025-05-08,2025-05-01,292,292,15,Failed spec check,6.53,6.44,0
PO-005283,68,5,7,2025-04-22,2025-05-22,2025-05-14,250,250,0,,6.53,6.51,0
PO-005284,68,5,1,2025-07-22,2025-08-21,2025-08-17,255,255,0,,6.53,6.57,0
PO-005285,68,5,10,2025-07-29,2025-08-28,2025-08-25,250,250,0,,6.53,6.64,0
PO-005286,68,5,8,2025-08-05,2025-09-04,2025-08-29,250,250,10,Temperature excursion in transit,6.53,6.67,0
PO-005287,68,5,2,2025-08-19,2025-09-18,2025-08-28,250,250,12,Temperature excursion in transit,6.53,6.54,0
PO-005288,68,5,1,2025-12-09,2026-01-08,2026-01-05,250,250,17,Failed spec check,6.53,6.67,0
PO-005289,68,5,6,2026-03-03,2026-04-02,2026-03-29,257,257,10,Temperature excursion in transit,6.53,6.48,0
PO-005290,68,5,8,2026-03-10,2026-04-09,2026-04-01,250,250,0,,6.53,6.58,0
PO-005291,68,5,5,2026-04-21,2026-05-21,2026-05-20,250,250,0,,6.53,6.56,0
PO-005292,68,5,6,2026-06-09,2026-07-09,2026-06-28,278,278,0,,6.53,6.63,0
PO-005293,68,5,6,2026-06-16,2026-07-16,2026-07-13,250,250,10,Damaged packaging,6.53,6.66,0
PO-005294,68,5,8,2026-06-23,2026-07-23,2026-07-09,250,250,0,,6.53,6.49,0
PO-005295,69,20,10,2025-01-14,2025-02-16,2025-02-15,149,149,0,,18.53,19.09,1
PO-005296,69,20,8,2025-01-21,2025-02-23,2025-02-21,297,297,0,,18.53,19.45,1
PO-005297,69,20,7,2025-01-28,2025-03-02,2025-02-26,360,360,0,,18.53,18.97,1
PO-005298,69,20,6,2025-02-04,2025-03-09,2025-03-09,341,341,0,,18.53,18.82,1
PO-005299,69,20,2,2025-03-04,2025-04-06,2025-04-05,363,363,0,,18.53,19.05,1
PO-005300,69,20,6,2025-03-11,2025-04-13,2025-04-12,436,436,0,,18.53,18.94,1
PO-005301,69,20,7,2025-03-25,2025-04-27,2025-04-23,333,333,0,,18.53,18.93,1
PO-005302,69,20,10,2025-04-22,2025-05-25,2025-05-19,357,357,0,,18.53,19.3,1
PO-005303,69,20,1,2025-05-06,2025-06-08,2025-06-07,298,298,0,,18.53,18.94,1
PO-005304,69,20,10,2025-05-27,2025-06-29,2025-06-25,363,363,0,,18.53,19.15,1
PO-005305,69,20,2,2025-06-03,2025-07-06,2025-07-04,365,365,0,,18.53,19.3,1
PO-005306,69,20,4,2025-06-24,2025-07-27,2025-07-27,357,357,0,,18.53,18.99,1
PO-005307,69,20,10,2025-07-08,2025-08-10,2025-08-08,363,363,0,,18.53,19.09,1
PO-005308,69,20,5,2025-07-15,2025-08-17,2025-08-15,250,250,0,,18.53,18.79,1
PO-005309,69,20,1,2025-07-29,2025-08-31,2025-09-01,428,428,0,,18.53,19.02,1
PO-005310,69,20,2,2025-08-12,2025-09-14,2025-09-12,300,300,15,Failed spec check,18.53,18.97,1
PO-005311,69,20,4,2025-09-02,2025-10-05,2025-10-05,430,430,0,,18.53,18.6,1
PO-005312,69,20,6,2025-09-16,2025-10-19,2025-10-16,510,510,0,,18.53,19.01,1
PO-005313,69,20,10,2025-09-23,2025-10-26,2025-10-24,357,357,0,,18.53,18.87,1
PO-005314,69,20,6,2025-10-07,2025-11-09,2025-11-05,395,395,0,,18.53,19.03,1
PO-005315,69,20,1,2025-10-28,2025-11-30,2025-11-29,469,469,0,,18.53,18.88,1
PO-005316,69,20,1,2025-11-11,2025-12-14,2025-12-13,514,514,0,,18.53,19.12,1
PO-005317,69,20,10,2025-11-18,2025-12-21,2025-12-17,320,320,0,,18.53,19.14,1
PO-005318,69,20,6,2025-12-02,2026-01-04,2025-12-31,278,278,0,,18.53,19.25,1
PO-005319,69,20,7,2025-12-16,2026-01-18,2026-01-11,259,259,0,,18.53,19.15,1
PO-005320,69,20,4,2025-12-23,2026-01-25,2026-01-21,270,270,0,,18.53,18.92,1
PO-005321,69,20,1,2025-12-30,2026-02-01,2026-01-30,211,211,0,,18.53,19.16,1
PO-005322,69,20,4,2026-01-13,2026-02-15,2026-02-13,226,226,0,,18.53,19.19,1
PO-005323,69,20,4,2026-01-20,2026-02-22,2026-02-22,363,363,0,,18.53,19.23,1
PO-005324,69,20,7,2026-02-10,2026-03-15,2026-03-13,413,413,0,,18.53,18.92,1
PO-005325,69,20,1,2026-02-17,2026-03-22,2026-04-01,364,364,0,,18.53,19.04,1
PO-005326,69,20,8,2026-02-24,2026-03-29,2026-03-27,324,324,0,,18.53,18.99,1
PO-005327,69,20,8,2026-03-03,2026-04-05,2026-03-29,306,306,0,,18.53,18.96,1
PO-005328,69,20,1,2026-03-10,2026-04-12,2026-04-04,347,332,0,,18.53,19.2,1
PO-005329,69,20,2,2026-04-28,2026-05-31,2026-05-26,438,421,0,,18.53,19.14,1
PO-005330,69,20,7,2026-05-05,2026-06-07,2026-06-03,100,100,0,,18.53,19.35,1
PO-005331,69,20,6,2026-05-12,2026-06-14,2026-06-13,364,364,0,,18.53,19.43,1
PO-005332,69,20,1,2026-05-19,2026-06-21,2026-06-16,503,503,0,,18.53,18.98,1
PO-005333,69,20,8,2026-06-09,2026-07-12,2026-07-12,216,216,0,,18.53,18.89,1
PO-005334,69,20,5,2026-06-16,2026-07-19,2026-07-12,400,400,0,,18.53,18.91,1
PO-005335,69,20,10,2026-06-30,2026-08-02,2026-07-30,372,372,0,,18.53,19.01,1
PO-005336,69,17,10,2025-01-28,2025-02-14,2025-02-13,414,414,0,,19.84,20.3,0
PO-005337,69,17,6,2025-02-04,2025-02-21,2025-02-16,346,346,0,,19.84,19.74,0
PO-005338,69,17,8,2025-02-18,2025-03-07,2025-03-09,348,348,23,Documentation incomplete,19.84,19.94,0
PO-005339,69,17,2,2025-02-25,2025-03-14,2025-03-10,406,406,0,,19.84,19.86,0
PO-005340,69,17,6,2025-03-04,2025-03-21,2025-03-25,224,224,0,,19.84,19.7,0
PO-005341,69,17,8,2025-04-01,2025-04-18,2025-04-19,318,318,0,,19.84,19.89,0
PO-005342,69,17,5,2025-04-08,2025-04-25,2025-05-05,468,468,0,,19.84,20.09,0
PO-005343,69,17,6,2025-04-22,2025-05-09,2025-05-10,386,386,15,Temperature excursion in transit,19.84,19.92,0
PO-005344,69,17,10,2025-05-13,2025-05-30,2025-05-28,311,311,0,,19.84,20.18,0
PO-005345,69,17,4,2025-05-20,2025-06-06,2025-05-31,313,313,0,,19.84,20.05,0
PO-005346,69,17,4,2025-05-27,2025-06-13,2025-06-09,301,301,0,,19.84,19.79,0
PO-005347,69,17,8,2025-06-17,2025-07-04,2025-07-10,327,327,0,,19.84,19.93,0
PO-005348,69,17,2,2025-07-29,2025-08-15,2025-08-23,250,250,0,,19.84,19.92,0
PO-005349,69,17,7,2025-08-26,2025-09-12,2025-09-09,321,321,0,,19.84,19.81,0
PO-005350,69,17,7,2025-09-23,2025-10-10,2025-10-09,376,376,0,,19.84,20.11,0
PO-005351,69,17,10,2025-09-30,2025-10-17,2025-10-17,495,495,18,Damaged packaging,19.84,19.71,0
PO-005352,69,17,7,2025-10-14,2025-10-31,2025-10-30,497,497,0,,19.84,19.88,0
PO-005353,69,17,2,2025-10-28,2025-11-14,2025-11-14,429,429,0,,19.84,20.1,0
PO-005354,69,17,2,2025-11-11,2025-11-28,2025-11-23,399,399,0,,19.84,19.99,0
PO-005355,69,17,10,2025-12-23,2026-01-09,2025-12-31,409,409,0,,19.84,19.94,0
PO-005356,69,17,4,2026-01-06,2026-01-23,2026-01-18,434,434,0,,19.84,19.91,0
PO-005357,69,17,10,2026-01-13,2026-01-30,2026-01-28,349,326,0,,19.84,20.21,0
PO-005358,69,17,1,2026-01-27,2026-02-13,2026-02-14,155,155,0,,19.84,19.85,0
PO-005359,69,17,5,2026-02-03,2026-02-20,2026-02-20,358,358,19,Short shelf life on arrival,19.84,19.86,0
PO-005360,69,17,5,2026-02-10,2026-02-27,2026-02-23,191,191,0,,19.84,20.29,0
PO-005361,69,17,1,2026-02-24,2026-03-13,2026-03-12,417,376,0,,19.84,19.89,0
PO-005362,69,17,7,2026-03-31,2026-04-17,2026-04-20,459,417,0,,19.84,19.95,0
PO-005363,69,17,4,2026-04-14,2026-05-01,2026-04-26,350,350,0,,19.84,19.79,0
PO-005364,69,17,1,2026-05-05,2026-05-22,2026-05-19,260,260,0,,19.84,19.88,0
PO-005365,70,9,10,2025-01-14,2025-01-25,2025-01-22,250,250,0,,8.02,7.92,0
PO-005366,70,9,5,2025-01-28,2025-02-08,2025-02-08,250,250,0,,8.02,7.86,0
PO-005367,70,9,10,2025-06-17,2025-06-28,2025-06-25,250,250,0,,8.02,7.81,0
PO-005368,70,9,3,2025-07-01,2025-07-12,2025-07-11,250,250,0,,8.02,7.79,0
PO-005369,70,9,3,2025-10-14,2025-10-25,2025-10-25,250,250,0,,8.02,8.08,0
PO-005370,70,9,10,2025-12-23,2026-01-03,2026-01-02,250,224,0,,8.02,7.97,0
PO-005371,70,9,9,2026-02-10,2026-02-21,2026-02-19,250,250,0,,8.02,7.95,0
PO-005372,70,9,9,2026-04-28,2026-05-09,2026-05-08,250,250,0,,8.02,7.96,0
PO-005373,70,9,7,2026-05-12,2026-05-23,2026-05-22,250,250,0,,8.02,7.86,0
PO-005374,70,24,1,2025-02-11,2025-02-19,2025-02-20,500,500,0,,8.36,8.13,0
PO-005375,70,24,7,2025-03-25,2025-04-02,2025-03-31,500,500,0,,8.36,8.26,0
PO-005376,70,24,5,2025-04-22,2025-04-30,2025-04-29,500,500,0,,8.36,8.38,0
PO-005377,70,24,5,2025-04-29,2025-05-07,2025-05-05,500,500,0,,8.36,8.1,0
PO-005378,70,24,7,2025-05-13,2025-05-21,2025-05-21,500,500,0,,8.36,8.11,0
PO-005379,70,24,5,2025-07-15,2025-07-23,2025-07-21,500,500,0,,8.36,8.21,0
PO-005380,70,24,7,2025-09-09,2025-09-17,2025-09-17,500,500,0,,8.36,8.31,0
PO-005381,70,24,5,2025-10-21,2025-10-29,2025-10-28,500,478,0,,8.36,8.18,0
PO-005382,70,24,9,2026-01-06,2026-01-14,2026-01-13,500,500,0,,8.36,8.07,0
PO-005383,70,24,9,2026-02-10,2026-02-18,2026-02-16,500,482,0,,8.36,8.34,0
PO-005384,70,24,4,2026-02-17,2026-02-25,2026-02-23,500,500,0,,8.36,8.11,0
PO-005385,70,24,4,2026-04-07,2026-04-15,2026-04-13,500,500,0,,8.36,8.24,0
PO-005386,70,24,1,2026-06-02,2026-06-10,2026-06-09,500,500,0,,8.36,8.16,0
PO-005387,70,13,9,2025-01-14,2025-02-02,2025-01-29,100,100,5,Short shelf life on arrival,7.2,7.52,1
PO-005388,70,13,1,2025-01-21,2025-02-09,2025-02-08,100,100,0,,7.2,7.46,1
PO-005389,70,13,10,2025-02-04,2025-02-23,2025-02-20,100,100,0,,7.2,7.46,1
PO-005390,70,13,4,2025-02-11,2025-03-02,2025-03-05,100,100,4,Temperature excursion in transit,7.2,7.63,1
PO-005391,70,13,4,2025-02-25,2025-03-16,2025-03-21,100,100,0,,7.2,7.45,1
PO-005392,70,13,1,2025-03-11,2025-03-30,2025-03-29,100,100,0,,7.2,7.49,1
PO-005393,70,13,9,2025-03-18,2025-04-06,2025-04-04,100,100,0,,7.2,7.43,1
PO-005394,70,13,3,2025-04-01,2025-04-20,2025-04-24,100,100,0,,7.2,7.45,1
PO-005395,70,13,7,2025-04-08,2025-04-27,2025-04-24,100,100,0,,7.2,7.42,1
PO-005396,70,13,7,2025-04-15,2025-05-04,2025-04-27,100,100,7,Temperature excursion in transit,7.2,7.54,1
PO-005397,70,13,5,2025-04-22,2025-05-11,2025-05-26,100,100,0,,7.2,7.43,1
PO-005398,70,13,1,2025-04-29,2025-05-18,2025-05-17,100,100,0,,7.2,7.42,1
PO-005399,70,13,3,2025-05-13,2025-06-01,2025-06-01,100,100,0,,7.2,7.58,1
PO-005400,70,13,9,2025-05-20,2025-06-08,2025-06-03,100,100,0,,7.2,7.52,1
PO-005401,70,13,9,2025-06-03,2025-06-22,2025-06-19,100,86,0,,7.2,7.49,1
PO-005402,70,13,7,2025-06-10,2025-06-29,2025-06-29,100,100,0,,7.2,7.49,1
PO-005403,70,13,7,2025-06-17,2025-07-06,2025-07-04,100,100,0,,7.2,7.5,1
PO-005404,70,13,3,2025-06-24,2025-07-13,2025-07-12,100,100,0,,7.2,7.42,1
PO-005405,70,13,7,2025-07-01,2025-07-20,2025-07-20,100,100,0,,7.2,7.54,1
PO-005406,70,13,9,2025-07-08,2025-07-27,2025-07-24,100,100,0,,7.2,7.49,1
PO-005407,70,13,9,2025-07-15,2025-08-03,2025-07-29,100,100,0,,7.2,7.63,1
PO-005408,70,13,1,2025-08-26,2025-09-14,2025-09-11,100,100,0,,7.2,7.59,1
PO-005409,70,13,5,2025-09-02,2025-09-21,2025-09-20,100,100,0,,7.2,7.55,1
PO-005410,70,13,5,2025-09-09,2025-09-28,2025-09-23,100,100,0,,7.2,7.49,1
PO-005411,70,13,9,2025-09-16,2025-10-05,2025-10-02,100,96,0,,7.2,7.56,1
PO-005412,70,13,7,2025-09-23,2025-10-12,2025-10-11,100,100,0,,7.2,7.54,1
PO-005413,70,13,1,2025-10-07,2025-10-26,2025-10-23,100,94,0,,7.2,7.42,1
PO-005414,70,13,9,2025-10-14,2025-11-02,2025-10-31,100,100,0,,7.2,7.54,1
PO-005415,70,13,4,2025-10-21,2025-11-09,2025-11-13,100,100,0,,7.2,7.51,1
PO-005416,70,13,7,2025-11-04,2025-11-23,2025-11-17,100,100,0,,7.2,7.56,1
PO-005417,70,13,4,2025-11-11,2025-11-30,2025-11-26,100,100,0,,7.2,7.59,1
PO-005418,70,13,5,2025-11-18,2025-12-07,2025-12-04,100,100,0,,7.2,7.53,1
PO-005419,70,13,5,2025-11-25,2025-12-14,2025-12-04,100,100,0,,7.2,7.4,1
PO-005420,70,13,5,2025-12-02,2025-12-21,2025-12-14,100,100,0,,7.2,7.53,1
PO-005421,70,13,3,2025-12-16,2026-01-04,2025-12-29,100,100,21,Short shelf life on arrival,7.2,7.56,1
PO-005422,70,13,4,2025-12-23,2026-01-11,2026-01-11,100,100,0,,7.2,7.37,1
PO-005423,70,13,3,2026-01-20,2026-02-08,2026-02-06,100,92,0,,7.2,7.36,1
PO-005424,70,13,4,2026-01-27,2026-02-15,2026-02-11,100,100,0,,7.2,7.58,1
PO-005425,70,13,9,2026-02-03,2026-02-22,2026-02-21,100,100,0,,7.2,7.62,1
PO-005426,70,13,7,2026-02-10,2026-03-01,2026-02-26,100,100,0,,7.2,7.51,1
PO-005427,70,13,10,2026-02-17,2026-03-08,2026-03-05,100,100,0,,7.2,7.49,1
PO-005428,70,13,9,2026-02-24,2026-03-15,2026-03-15,100,100,0,,7.2,7.44,1
PO-005429,70,13,5,2026-03-03,2026-03-22,2026-03-20,100,100,0,,7.2,7.5,1
PO-005430,70,13,3,2026-03-24,2026-04-12,2026-04-08,100,100,0,,7.2,7.43,1
PO-005431,70,13,9,2026-03-31,2026-04-19,2026-04-13,100,100,0,,7.2,7.53,1
PO-005432,70,13,7,2026-04-07,2026-04-26,2026-04-19,100,100,0,,7.2,7.46,1
PO-005433,70,13,5,2026-04-21,2026-05-10,2026-05-06,100,97,0,,7.2,7.39,1
PO-005434,70,13,3,2026-04-28,2026-05-17,2026-05-13,100,100,19,Damaged packaging,7.2,7.55,1
PO-005435,70,13,3,2026-05-05,2026-05-24,2026-05-18,100,100,0,,7.2,7.41,1
PO-005436,70,13,7,2026-05-19,2026-06-07,2026-06-12,100,100,0,,7.2,7.48,1
PO-005437,70,13,5,2026-05-26,2026-06-14,2026-06-09,100,85,0,,7.2,7.49,1
PO-005438,70,13,4,2026-06-02,2026-06-21,2026-06-15,100,100,0,,7.2,7.51,1
PO-005439,70,13,10,2026-06-16,2026-07-05,2026-07-01,100,100,0,,7.2,7.45,1
PO-005440,70,13,5,2026-06-23,2026-07-12,2026-07-08,100,100,0,,7.2,7.48,1
PO-005441,70,13,4,2026-06-30,2026-07-19,2026-07-18,100,100,0,,7.2,7.48,1
PO-005442,71,18,2,2025-01-07,2025-02-11,2025-02-09,500,500,0,,29.99,29.41,1
PO-005443,71,18,7,2025-01-14,2025-02-18,2025-02-20,500,500,0,,29.99,29.46,1
PO-005444,71,18,10,2025-01-21,2025-02-25,2025-02-25,500,500,0,,29.99,29.45,1
PO-005445,71,18,2,2025-01-28,2025-03-04,2025-03-03,500,500,0,,29.99,29.57,1
PO-005446,71,18,1,2025-02-04,2025-03-11,2025-03-08,500,500,0,,29.99,29.72,1
PO-005447,71,18,7,2025-02-11,2025-03-18,2025-02-28,500,500,0,,29.99,29.92,1
PO-005448,71,18,2,2025-02-18,2025-03-25,2025-03-13,500,500,0,,29.99,29.62,1
PO-005449,71,18,1,2025-02-25,2025-04-01,2025-03-23,500,500,39,Temperature excursion in transit,29.99,29.46,1
PO-005450,71,18,10,2025-03-04,2025-04-08,2025-03-19,500,500,0,,29.99,29.88,1
PO-005451,71,18,4,2025-03-11,2025-04-15,2025-04-07,500,482,0,,29.99,29.42,1
PO-005452,71,18,8,2025-03-18,2025-04-22,2025-04-10,500,500,0,,29.99,29.61,1
PO-005453,71,18,4,2025-03-25,2025-04-29,2025-04-14,500,500,0,,29.99,29.75,1
PO-005454,71,18,5,2025-04-01,2025-05-06,2025-05-03,500,500,0,,29.99,30.28,1
PO-005455,71,18,10,2025-04-08,2025-05-13,2025-05-04,500,500,0,,29.99,29.27,1
PO-005456,71,18,4,2025-04-15,2025-05-20,2025-05-09,500,500,0,,29.99,29.42,1
PO-005457,71,18,2,2025-04-22,2025-05-27,2025-05-24,500,500,0,,29.99,29.11,1
PO-005458,71,18,1,2025-04-29,2025-06-03,2025-05-30,500,500,0,,29.99,29.16,1
PO-005459,71,18,4,2025-05-06,2025-06-10,2025-06-04,500,500,0,,29.99,29.56,1
PO-005460,71,18,1,2025-05-13,2025-06-17,2025-06-16,500,500,71,Short shelf life on arrival,29.99,29.17,1
PO-005461,71,18,7,2025-05-20,2025-06-24,2025-06-17,500,500,0,,29.99,29.62,1
PO-005462,71,18,2,2025-05-27,2025-07-01,2025-06-27,500,500,0,,29.99,29.56,1
PO-005463,71,18,5,2025-06-03,2025-07-08,2025-07-06,500,500,0,,29.99,29.37,1
PO-005464,71,18,5,2025-06-10,2025-07-15,2025-07-09,500,500,0,,29.99,29.69,1
PO-005465,71,18,6,2025-06-17,2025-07-22,2025-07-15,500,500,0,,29.99,29.7,1
PO-005466,71,18,4,2025-06-24,2025-07-29,2025-07-21,500,500,0,,29.99,29.82,1
PO-005467,71,18,7,2025-07-01,2025-08-05,2025-07-31,500,500,0,,29.99,29.46,1
PO-005468,71,18,5,2025-07-08,2025-08-12,2025-08-05,500,500,0,,29.99,29.51,1
PO-005469,71,18,2,2025-07-15,2025-08-19,2025-08-14,500,500,0,,29.99,30.13,1
PO-005470,71,18,10,2025-07-22,2025-08-26,2025-08-17,500,500,0,,29.99,29.85,1
PO-005471,71,18,6,2025-07-29,2025-09-02,2025-09-01,500,500,0,,29.99,29.93,1
PO-005472,71,18,1,2025-08-05,2025-09-09,2025-08-28,500,500,0,,29.99,29.71,1
PO-005473,71,18,10,2025-08-12,2025-09-16,2025-09-07,500,500,0,,29.99,29.82,1
PO-005474,71,18,4,2025-08-19,2025-09-23,2025-09-20,500,500,0,,29.99,29.58,1
PO-005475,71,18,6,2025-08-26,2025-09-30,2025-09-23,500,500,0,,29.99,29.39,1
PO-005476,71,18,1,2025-09-02,2025-10-07,2025-10-04,500,500,0,,29.99,29.48,1
PO-005477,71,18,8,2025-09-09,2025-10-14,2025-10-01,500,500,0,,29.99,29.56,1
PO-005478,71,18,1,2025-09-16,2025-10-21,2025-10-12,500,500,0,,29.99,30.18,1
PO-005479,71,18,10,2025-09-23,2025-10-28,2025-10-27,500,500,0,,29.99,29.71,1
PO-005480,71,18,7,2025-09-30,2025-11-04,2025-11-01,500,500,0,,29.99,30.04,1
PO-005481,71,18,8,2025-10-07,2025-11-11,2025-11-07,500,500,0,,29.99,29.65,1
PO-005482,71,18,7,2025-10-14,2025-11-18,2025-11-17,500,500,0,,29.99,29.87,1
PO-005483,71,18,8,2025-10-21,2025-11-25,2025-11-21,500,500,0,,29.99,29.36,1
PO-005484,71,18,8,2025-10-28,2025-12-02,2025-12-26,500,500,0,,29.99,29.73,1
PO-005485,71,18,5,2025-11-04,2025-12-09,2025-12-03,500,484,0,,29.99,29.96,1
PO-005486,71,18,4,2025-11-11,2025-12-16,2025-12-14,500,500,0,,29.99,29.55,1
PO-005487,71,18,7,2025-11-18,2025-12-23,2025-12-09,500,500,0,,29.99,29.86,1
PO-005488,71,18,1,2025-11-25,2025-12-30,2025-12-19,500,500,0,,29.99,28.78,1
PO-005489,71,18,10,2025-12-02,2026-01-06,2026-01-02,500,500,0,,29.99,29.44,1
PO-005490,71,18,8,2025-12-09,2026-01-13,2025-12-29,500,500,0,,29.99,29.71,1
PO-005491,71,18,2,2025-12-16,2026-01-20,2026-01-15,500,500,0,,29.99,30.27,1
PO-005492,71,18,5,2025-12-23,2026-01-27,2026-01-24,500,500,0,,29.99,30.17,1
PO-005493,71,18,7,2025-12-30,2026-02-03,2026-01-18,500,500,0,,29.99,29.15,1
PO-005494,71,18,6,2026-01-06,2026-02-10,2026-02-05,500,500,0,,29.99,30.44,1
PO-005495,71,18,8,2026-01-13,2026-02-17,2026-02-04,500,479,0,,29.99,29.58,1
PO-005496,71,18,1,2026-01-20,2026-02-24,2026-02-14,500,500,0,,29.99,29.07,1
PO-005497,71,18,6,2026-01-27,2026-03-03,2026-02-28,500,500,0,,29.99,30.02,1
PO-005498,71,18,4,2026-02-03,2026-03-10,2026-02-14,500,500,0,,29.99,30.23,1
PO-005499,71,18,8,2026-02-10,2026-03-17,2026-03-16,500,500,0,,29.99,30.31,1
PO-005500,71,18,8,2026-02-17,2026-03-24,2026-03-12,500,500,0,,29.99,29.48,1
PO-005501,71,18,7,2026-02-24,2026-03-31,2026-03-26,500,500,0,,29.99,29.57,1
PO-005502,71,18,2,2026-03-03,2026-04-07,2026-04-02,500,500,0,,29.99,29.34,1
PO-005503,71,18,7,2026-03-10,2026-04-14,2026-03-31,500,500,34,Documentation incomplete,29.99,30.24,1
PO-005504,71,18,10,2026-03-17,2026-04-21,2026-04-19,500,500,0,,29.99,29.97,1
PO-005505,71,18,8,2026-03-24,2026-04-28,2026-04-03,500,500,0,,29.99,29.93,1
PO-005506,71,18,7,2026-03-31,2026-05-05,2026-05-05,500,482,0,,29.99,29.47,1
PO-005507,71,18,5,2026-04-07,2026-05-12,2026-05-05,500,500,0,,29.99,29.2,1
PO-005508,71,18,10,2026-04-14,2026-05-19,2026-05-18,500,500,0,,29.99,29.51,1
PO-005509,71,18,8,2026-04-21,2026-05-26,2026-05-26,500,500,0,,29.99,30.03,1
PO-005510,71,18,10,2026-04-28,2026-06-02,2026-05-28,500,500,0,,29.99,30.34,1
PO-005511,71,18,4,2026-05-05,2026-06-09,2026-05-31,500,486,0,,29.99,29.96,1
PO-005512,71,18,1,2026-05-12,2026-06-16,2026-06-06,500,500,0,,29.99,29.68,1
PO-005513,71,18,5,2026-05-19,2026-06-23,2026-06-09,500,500,0,,29.99,29.34,1
PO-005514,71,18,10,2026-05-26,2026-06-30,2026-06-10,500,500,0,,29.99,29.83,1
PO-005515,71,18,7,2026-06-02,2026-07-07,2026-07-04,500,500,0,,29.99,29.97,1
PO-005516,71,18,1,2026-06-09,2026-07-14,2026-07-01,500,500,0,,29.99,29.67,1
PO-005517,71,18,5,2026-06-16,2026-07-21,2026-07-11,500,500,0,,29.99,29.4,1
PO-005518,71,18,10,2026-06-23,2026-07-28,2026-07-24,500,500,28,Failed spec check,29.99,29.74,1
PO-005519,71,18,1,2026-06-30,2026-08-04,2026-07-21,500,500,0,,29.99,29.01,1
PO-005520,72,11,10,2025-01-14,2025-01-21,2025-01-20,220,220,0,,6.16,6.14,0
PO-005521,72,11,10,2025-01-28,2025-02-04,2025-02-03,174,174,0,,6.16,6.09,0
PO-005522,72,11,9,2025-02-04,2025-02-11,2025-02-08,167,167,0,,6.16,6.37,0
PO-005523,72,11,1,2025-02-25,2025-03-04,2025-03-02,272,272,8,Damaged packaging,6.16,6.17,0
PO-005524,72,11,9,2025-03-18,2025-03-25,2025-03-25,168,168,0,,6.16,6.27,0
PO-005525,72,11,4,2025-03-25,2025-04-01,2025-03-31,173,173,0,,6.16,6.2,0
PO-005526,72,11,3,2025-04-15,2025-04-22,2025-04-21,104,104,0,,6.16,6.18,0
PO-005527,72,11,5,2025-05-13,2025-05-20,2025-05-20,120,120,0,,6.16,6.37,0
PO-005528,72,11,4,2025-05-27,2025-06-03,2025-06-03,140,140,0,,6.16,6.16,0
PO-005529,72,11,10,2025-07-01,2025-07-08,2025-07-08,220,220,0,,6.16,6.24,0
PO-005530,72,11,1,2025-07-08,2025-07-15,2025-07-14,140,140,0,,6.16,6.15,0
PO-005531,72,11,1,2025-07-22,2025-07-29,2025-07-27,231,231,0,,6.16,6.17,0
PO-005532,72,11,1,2025-07-29,2025-08-05,2025-08-04,248,248,0,,6.16,6.22,0
PO-005533,72,11,1,2025-08-05,2025-08-12,2025-08-10,190,190,5,Temperature excursion in transit,6.16,6.27,0
PO-005534,72,11,3,2025-08-19,2025-08-26,2025-08-24,205,205,0,,6.16,6.15,0
PO-005535,72,11,3,2025-08-26,2025-09-02,2025-09-02,178,178,0,,6.16,6.19,0
PO-005536,72,11,5,2025-09-02,2025-09-09,2025-09-08,130,130,0,,6.16,6.25,0
PO-005537,72,11,10,2025-09-09,2025-09-16,2025-09-16,268,268,0,,6.16,6.34,0
PO-005538,72,11,4,2025-10-14,2025-10-21,2025-10-19,219,219,0,,6.16,6.18,0
PO-005539,72,11,3,2025-10-21,2025-10-28,2025-10-26,314,314,0,,6.16,6.11,0
PO-005540,72,11,10,2025-10-28,2025-11-04,2025-11-04,184,184,0,,6.16,6.12,0
PO-005541,72,11,3,2025-11-04,2025-11-11,2025-11-10,205,205,0,,6.16,6.2,0
PO-005542,72,11,5,2025-11-18,2025-11-25,2025-11-24,202,202,0,,6.16,6.19,0
PO-005543,72,11,1,2025-11-25,2025-12-02,2025-12-02,131,131,0,,6.16,6.14,0
PO-005544,72,11,5,2025-12-02,2025-12-09,2025-12-08,175,175,0,,6.16,6.14,0
PO-005545,72,11,10,2025-12-23,2025-12-30,2025-12-30,243,243,0,,6.16,6.16,0
PO-005546,72,11,4,2026-01-06,2026-01-13,2026-01-12,244,244,0,,6.16,6.12,0
PO-005547,72,11,4,2026-01-27,2026-02-03,2026-02-02,238,238,0,,6.16,6.17,0
PO-005548,72,11,1,2026-02-24,2026-03-03,2026-03-02,140,140,0,,6.16,6.14,0
PO-005549,72,11,3,2026-03-31,2026-04-07,2026-04-06,190,190,0,,6.16,6.19,0
PO-005550,72,11,5,2026-04-07,2026-04-14,2026-04-13,227,227,0,,6.16,6.24,0
PO-005551,72,11,7,2026-04-21,2026-04-28,2026-04-27,149,149,0,,6.16,6.2,0
PO-005552,72,11,5,2026-05-12,2026-05-19,2026-05-18,125,125,0,,6.16,6.28,0
PO-005553,72,11,9,2026-05-26,2026-06-02,2026-06-01,117,117,0,,6.16,6.2,0
PO-005554,72,11,5,2026-06-09,2026-06-16,2026-06-14,242,242,0,,6.16,6.17,0
PO-005555,72,13,9,2025-01-28,2025-02-15,2025-02-10,236,221,0,,5.55,5.82,1
PO-005556,72,13,4,2025-02-04,2025-02-22,2025-02-25,236,236,0,,5.55,5.78,1
PO-005557,72,13,5,2025-03-04,2025-03-22,2025-03-20,303,303,0,,5.55,5.87,1
PO-005558,72,13,10,2025-03-11,2025-03-29,2025-03-18,297,297,0,,5.55,5.79,1
PO-005559,72,13,4,2025-03-18,2025-04-05,2025-04-02,232,232,0,,5.55,5.71,1
PO-005560,72,13,5,2025-03-25,2025-04-12,2025-04-14,167,167,0,,5.55,5.74,1
PO-005561,72,13,9,2025-04-15,2025-05-03,2025-05-02,223,223,0,,5.55,5.74,1
PO-005562,72,13,7,2025-04-22,2025-05-10,2025-05-09,234,234,0,,5.55,5.77,1
PO-005563,72,13,1,2025-04-29,2025-05-17,2025-05-16,224,224,0,,5.55,5.82,1
PO-005564,72,13,5,2025-05-06,2025-05-24,2025-05-19,244,244,0,,5.55,5.75,1
PO-005565,72,13,7,2025-05-13,2025-05-31,2025-05-25,261,261,0,,5.55,5.75,1
PO-005566,72,13,10,2025-05-20,2025-06-07,2025-06-03,292,292,0,,5.55,5.83,1
PO-005567,72,13,3,2025-06-17,2025-07-05,2025-06-28,194,194,0,,5.55,5.7,1
PO-005568,72,13,4,2025-06-24,2025-07-12,2025-07-06,181,181,0,,5.55,5.83,1
PO-005569,72,13,5,2025-07-01,2025-07-19,2025-07-15,255,226,0,,5.55,5.76,1
PO-005570,72,13,9,2025-07-15,2025-08-02,2025-08-10,162,162,0,,5.55,5.69,1
PO-005571,72,13,4,2025-07-29,2025-08-16,2025-08-05,278,232,41,Short shelf life on arrival,5.55,5.91,1
PO-005572,72,13,7,2025-08-05,2025-08-23,2025-08-20,234,234,0,,5.55,5.84,1
PO-005573,72,13,9,2025-08-12,2025-08-30,2025-08-29,217,217,0,,5.55,5.72,1
PO-005574,72,13,7,2025-08-26,2025-09-13,2025-09-07,250,250,22,Damaged packaging,5.55,5.75,1
PO-005575,72,13,3,2025-09-02,2025-09-20,2025-09-18,71,71,0,,5.55,5.8,1
PO-005576,72,13,5,2025-09-30,2025-10-18,2025-10-17,219,219,0,,5.55,5.77,1
PO-005577,72,13,5,2025-10-07,2025-10-25,2025-10-22,304,304,0,,5.55,5.81,1
PO-005578,72,13,3,2025-10-14,2025-11-01,2025-10-29,194,194,0,,5.55,5.88,1
PO-005579,72,13,10,2025-11-04,2025-11-22,2025-11-19,213,213,0,,5.55,5.82,1
PO-005580,72,13,7,2025-11-11,2025-11-29,2025-12-03,229,229,0,,5.55,5.74,1
PO-005581,72,13,7,2025-11-18,2025-12-06,2025-12-11,235,235,0,,5.55,5.75,1
PO-005582,72,13,1,2025-11-25,2025-12-13,2025-12-11,124,124,0,,5.55,5.84,1
PO-005583,72,13,4,2025-12-09,2025-12-27,2025-12-25,243,243,0,,5.55,5.85,1
PO-005584,72,13,5,2025-12-16,2026-01-03,2026-01-05,214,214,0,,5.55,5.76,1
PO-005585,72,13,9,2025-12-30,2026-01-17,2026-01-12,281,281,10,Temperature excursion in transit,5.55,5.8,1
PO-005586,72,13,10,2026-01-06,2026-01-24,2026-01-22,185,185,0,,5.55,5.7,1
PO-005587,72,13,1,2026-01-13,2026-01-31,2026-01-25,244,244,0,,5.55,5.79,1
PO-005588,72,13,5,2026-01-20,2026-02-07,2026-01-31,234,234,0,,5.55,5.88,1
PO-005589,72,13,9,2026-03-03,2026-03-21,2026-03-19,245,210,0,,5.55,5.75,1
PO-005590,72,13,7,2026-03-10,2026-03-28,2026-03-27,316,316,0,,5.55,5.72,1
PO-005591,72,13,7,2026-03-24,2026-04-11,2026-04-14,244,244,0,,5.55,5.8,1
PO-005592,72,13,5,2026-04-07,2026-04-25,2026-04-23,327,327,0,,5.55,5.77,1
PO-005593,72,13,10,2026-04-14,2026-05-02,2026-04-29,194,194,6,Short shelf life on arrival,5.55,5.8,1
PO-005594,72,13,7,2026-05-12,2026-05-30,2026-05-31,330,330,21,Short shelf life on arrival,5.55,5.78,1
PO-005595,72,13,4,2026-05-19,2026-06-06,2026-06-04,285,285,0,,5.55,5.79,1
PO-005596,72,13,5,2026-06-02,2026-06-20,2026-06-13,219,219,0,,5.55,5.85,1
PO-005597,72,13,4,2026-06-09,2026-06-27,2026-07-02,318,318,0,,5.55,5.82,1
PO-005598,72,13,4,2026-06-23,2026-07-11,2026-07-03,218,218,0,,5.55,5.69,1
PO-005599,72,13,5,2026-06-30,2026-07-18,2026-07-18,296,296,0,,5.55,5.88,1
PO-005600,73,3,4,2025-07-29,2025-08-09,2025-08-07,500,500,0,,7.18,7.42,0
PO-005601,73,3,1,2026-04-07,2026-04-18,2026-04-17,500,500,0,,7.18,7.45,0
PO-005602,73,11,1,2025-01-07,2025-01-17,2025-01-16,202,202,0,,7.03,7.05,0
PO-005603,73,11,10,2025-01-14,2025-01-24,2025-01-23,182,182,0,,7.03,7.17,0
PO-005604,73,11,9,2025-01-21,2025-01-31,2025-01-31,208,208,0,,7.03,7.03,0
PO-005605,73,11,5,2025-03-04,2025-03-14,2025-03-12,133,133,0,,7.03,7.11,0
PO-005606,73,11,9,2025-04-01,2025-04-11,2025-04-10,190,190,0,,7.03,7.15,0
PO-005607,73,11,9,2025-06-24,2025-07-04,2025-07-03,143,143,0,,7.03,7.1,0
PO-005608,73,11,1,2025-07-22,2025-08-01,2025-07-31,100,100,3,Documentation incomplete,7.03,7.05,0
PO-005609,73,11,7,2025-08-12,2025-08-22,2025-08-21,154,154,0,,7.03,6.99,0
PO-005610,73,11,4,2025-08-26,2025-09-05,2025-09-04,154,154,0,,7.03,7.02,0
PO-005611,73,11,5,2025-09-09,2025-09-19,2025-09-17,100,100,0,,7.03,7.0,0
PO-005612,73,11,5,2025-09-23,2025-10-03,2025-10-02,222,222,0,,7.03,7.11,0
PO-005613,73,11,4,2025-10-07,2025-10-17,2025-10-15,205,205,0,,7.03,7.08,0
PO-005614,73,11,10,2025-10-14,2025-10-24,2025-10-22,183,183,0,,7.03,6.97,0
PO-005615,73,11,1,2025-11-11,2025-11-21,2025-11-19,209,209,0,,7.03,7.13,0
PO-005616,73,11,3,2025-11-18,2025-11-28,2025-11-27,105,105,0,,7.03,7.15,0
PO-005617,73,11,3,2025-12-02,2025-12-12,2025-12-12,127,127,0,,7.03,7.06,0
PO-005618,73,11,1,2025-12-23,2026-01-02,2026-01-01,125,125,0,,7.03,7.06,0
PO-005619,73,11,5,2025-12-30,2026-01-09,2026-01-08,197,197,0,,7.03,7.12,0
PO-005620,73,11,9,2026-01-06,2026-01-16,2026-01-15,135,135,0,,7.03,6.99,0
PO-005621,73,11,1,2026-05-26,2026-06-05,2026-06-05,155,155,0,,7.03,7.12,0
PO-005622,73,4,10,2025-01-07,2025-01-17,2025-01-27,250,250,0,,6.64,6.79,1
PO-005623,73,4,5,2025-01-14,2025-01-24,2025-01-22,250,250,0,,6.64,6.76,1
PO-005624,73,4,4,2025-01-28,2025-02-07,2025-02-04,250,237,0,,6.64,6.85,1
PO-005625,73,4,9,2025-02-04,2025-02-14,2025-03-01,250,250,0,,6.64,6.89,1
PO-005626,73,4,1,2025-02-18,2025-02-28,2025-02-28,250,239,0,,6.64,6.82,1
PO-005627,73,4,3,2025-02-25,2025-03-07,2025-03-14,250,250,0,,6.64,6.87,1
PO-005628,73,4,1,2025-03-04,2025-03-14,2025-03-18,250,250,10,Temperature excursion in transit,6.64,6.86,1
PO-005629,73,4,10,2025-03-11,2025-03-21,2025-03-17,250,250,0,,6.64,6.83,1
PO-005630,73,4,1,2025-03-18,2025-03-28,2025-03-23,250,250,0,,6.64,6.83,1
PO-005631,73,4,9,2025-03-25,2025-04-04,2025-04-07,250,250,0,,6.64,6.79,1
PO-005632,73,4,5,2025-04-01,2025-04-11,2025-04-09,250,250,0,,6.64,6.84,1
PO-005633,73,4,10,2025-04-15,2025-04-25,2025-04-19,250,250,0,,6.64,6.87,1
PO-005634,73,4,10,2025-04-22,2025-05-02,2025-05-20,250,250,0,,6.64,6.79,1
PO-005635,73,4,9,2025-05-13,2025-05-23,2025-05-22,250,242,0,,6.64,6.81,1
PO-005636,73,4,1,2025-05-20,2025-05-30,2025-06-04,250,250,0,,6.64,6.7,1
PO-005637,73,4,3,2025-06-03,2025-06-13,2025-06-11,250,250,0,,6.64,6.82,1
PO-005638,73,4,1,2025-06-10,2025-06-20,2025-06-26,250,250,0,,6.64,6.81,1
PO-005639,73,4,3,2025-06-24,2025-07-04,2025-07-08,250,250,0,,6.64,6.75,1
PO-005640,73,4,7,2025-07-15,2025-07-25,2025-07-22,250,250,0,,6.64,6.81,1
PO-005641,73,4,4,2025-07-29,2025-08-08,2025-08-06,250,250,0,,6.64,6.96,1
PO-005642,73,4,3,2025-08-05,2025-08-15,2025-08-10,250,250,0,,6.64,6.72,1
PO-005643,73,4,5,2025-08-26,2025-09-05,2025-09-18,250,250,10,Short shelf life on arrival,6.64,6.83,1
PO-005644,73,4,1,2025-09-09,2025-09-19,2025-09-18,250,250,8,Damaged packaging,6.64,7.02,1
PO-005645,73,4,4,2025-09-16,2025-09-26,2025-09-27,250,250,0,,6.64,6.74,1
PO-005646,73,4,3,2025-09-23,2025-10-03,2025-10-12,250,250,8,Damaged packaging,6.64,6.96,1
PO-005647,73,4,1,2025-09-30,2025-10-10,2025-10-07,250,250,0,,6.64,6.88,1
PO-005648,73,4,5,2025-10-07,2025-10-17,2025-10-16,250,250,0,,6.64,6.82,1
PO-005649,73,4,3,2025-10-14,2025-10-24,2025-10-21,250,244,0,,6.64,6.8,1
PO-005650,73,4,5,2025-10-21,2025-10-31,2025-10-29,250,250,0,,6.64,6.77,1
PO-005651,73,4,1,2025-11-11,2025-11-21,2025-11-22,250,250,0,,6.64,6.87,1
PO-005652,73,4,10,2025-11-25,2025-12-05,2025-12-04,250,250,0,,6.64,6.77,1
PO-005653,73,4,4,2025-12-02,2025-12-12,2025-12-11,250,250,0,,6.64,6.89,1
PO-005654,73,4,9,2025-12-09,2025-12-19,2025-12-17,250,250,0,,6.64,6.8,1
PO-005655,73,4,10,2025-12-16,2025-12-26,2025-12-29,250,250,0,,6.64,6.77,1
PO-005656,73,4,4,2025-12-23,2026-01-02,2025-12-30,250,250,14,Temperature excursion in transit,6.64,6.79,1
PO-005657,73,4,7,2026-01-13,2026-01-23,2026-01-20,250,250,0,,6.64,6.88,1
PO-005658,73,4,3,2026-01-27,2026-02-06,2026-02-07,250,250,10,Documentation incomplete,6.64,6.86,1
PO-005659,73,4,9,2026-02-03,2026-02-13,2026-02-12,250,250,0,,6.64,6.85,1
PO-005660,73,4,5,2026-02-17,2026-02-27,2026-02-25,250,250,0,,6.64,6.87,1
PO-005661,73,4,4,2026-02-24,2026-03-06,2026-03-04,250,250,0,,6.64,6.81,1
PO-005662,73,4,7,2026-03-10,2026-03-20,2026-03-19,250,250,0,,6.64,6.77,1
PO-005663,73,4,1,2026-03-17,2026-03-27,2026-04-03,250,250,0,,6.64,6.81,1
PO-005664,73,4,3,2026-03-31,2026-04-10,2026-04-08,250,235,0,,6.64,6.78,1
PO-005665,73,4,4,2026-04-28,2026-05-08,2026-05-11,250,250,0,,6.64,6.82,1
PO-005666,73,4,5,2026-05-12,2026-05-22,2026-06-03,250,250,0,,6.64,6.79,1
PO-005667,73,4,9,2026-05-19,2026-05-29,2026-06-05,250,250,11,Damaged packaging,6.64,6.78,1
PO-005668,73,4,5,2026-06-23,2026-07-03,2026-07-04,250,250,0,,6.64,6.82,1
PO-005669,74,13,10,2025-02-04,2025-02-20,2025-02-10,250,250,0,,5.34,5.59,0
PO-005670,74,13,10,2025-03-11,2025-03-27,2025-03-24,250,250,29,Failed spec check,5.34,5.56,0
PO-005671,74,13,4,2025-04-15,2025-05-01,2025-04-22,250,250,0,,5.34,5.62,0
PO-005672,74,13,9,2025-06-17,2025-07-03,2025-06-30,250,215,0,,5.34,5.54,0
PO-005673,74,13,7,2025-07-22,2025-08-07,2025-08-08,250,250,0,,5.34,5.65,0
PO-005674,74,13,1,2025-08-05,2025-08-21,2025-08-25,250,220,0,,5.34,5.55,0
PO-005675,74,13,3,2025-08-19,2025-09-04,2025-08-30,250,250,0,,5.34,5.58,0
PO-005676,74,13,4,2025-08-26,2025-09-11,2025-09-06,250,228,0,,5.34,5.6,0
PO-005677,74,13,1,2025-09-09,2025-09-25,2025-09-19,250,250,0,,5.34,5.53,0
PO-005678,74,13,5,2025-09-16,2025-10-02,2025-09-28,250,250,0,,5.34,5.58,0
PO-005679,74,13,7,2025-09-23,2025-10-09,2025-10-10,250,250,0,,5.34,5.51,0
PO-005680,74,13,3,2025-09-30,2025-10-16,2025-10-15,250,250,0,,5.34,5.55,0
PO-005681,74,13,4,2025-10-14,2025-10-30,2025-10-24,250,250,0,,5.34,5.63,0
PO-005682,74,13,4,2025-11-11,2025-11-27,2025-11-22,250,250,0,,5.34,5.53,0
PO-005683,74,13,10,2025-11-25,2025-12-11,2025-12-10,250,250,0,,5.34,5.58,0
PO-005684,74,13,3,2025-12-02,2025-12-18,2025-12-17,250,250,0,,5.34,5.64,0
PO-005685,74,13,7,2025-12-23,2026-01-08,2026-01-06,250,250,0,,5.34,5.55,0
PO-005686,74,13,10,2026-01-06,2026-01-22,2026-01-14,250,250,0,,5.34,5.53,0
PO-005687,74,13,3,2026-02-10,2026-02-26,2026-02-22,250,250,0,,5.34,5.57,0
PO-005688,74,13,10,2026-03-24,2026-04-09,2026-04-08,250,250,47,Temperature excursion in transit,5.34,5.67,0
PO-005689,74,13,9,2026-04-21,2026-05-07,2026-04-30,250,250,0,,5.34,5.49,0
PO-005690,74,13,9,2026-04-28,2026-05-14,2026-05-11,250,250,0,,5.34,5.52,0
PO-005691,74,13,3,2026-05-19,2026-06-04,2026-06-09,250,250,0,,5.34,5.61,0
PO-005692,74,13,3,2026-05-26,2026-06-11,2026-06-07,250,250,0,,5.34,5.68,0
PO-005693,74,13,9,2026-06-02,2026-06-18,2026-06-12,250,250,0,,5.34,5.59,0
PO-005694,74,11,10,2025-01-28,2025-02-09,2025-02-09,250,250,0,,5.25,5.28,0
PO-005695,74,11,1,2025-03-11,2025-03-23,2025-03-23,250,250,0,,5.25,5.24,0
PO-005696,74,11,9,2025-04-29,2025-05-11,2025-05-09,250,250,0,,5.25,5.19,0
PO-005697,74,11,7,2025-05-27,2025-06-08,2025-06-07,250,250,0,,5.25,5.24,0
PO-005698,74,11,4,2025-06-24,2025-07-06,2025-07-04,250,250,0,,5.25,5.28,0
PO-005699,74,11,10,2025-09-30,2025-10-12,2025-10-10,256,256,0,,5.25,5.32,0
PO-005700,74,11,3,2025-10-07,2025-10-19,2025-10-19,250,250,0,,5.25,5.27,0
PO-005701,74,11,5,2025-10-28,2025-11-09,2025-11-08,250,250,0,,5.25,5.28,0
PO-005702,74,11,5,2025-11-04,2025-11-16,2025-11-15,250,250,0,,5.25,5.35,0
PO-005703,74,11,7,2025-12-30,2026-01-11,2026-01-10,250,250,0,,5.25,5.25,0
PO-005704,74,11,3,2026-02-10,2026-02-22,2026-02-21,250,250,0,,5.25,5.19,0
PO-005705,74,11,10,2026-03-10,2026-03-22,2026-03-21,279,279,0,,5.25,5.24,0
PO-005706,74,11,7,2026-04-07,2026-04-19,2026-04-19,250,250,0,,5.25,5.26,0
PO-005707,74,11,10,2026-05-12,2026-05-24,2026-05-23,266,266,0,,5.25,5.24,0
PO-005708,74,11,1,2026-06-02,2026-06-14,2026-06-11,250,250,0,,5.25,5.23,0
PO-005709,74,11,7,2026-06-09,2026-06-21,2026-06-21,250,250,0,,5.25,5.24,0
PO-005710,74,11,5,2026-06-30,2026-07-12,2026-07-11,278,278,0,,5.25,5.32,0
PO-005711,74,1,7,2025-01-07,2025-01-24,2025-01-22,132,132,0,,5.19,5.16,1
PO-005712,74,1,4,2025-01-21,2025-02-07,2025-02-06,125,125,0,,5.19,5.18,1
PO-005713,74,1,7,2025-02-04,2025-02-21,2025-02-20,132,132,0,,5.19,5.26,1
PO-005714,74,1,4,2025-02-18,2025-03-07,2025-03-06,201,201,0,,5.19,5.12,1
PO-005715,74,1,4,2025-02-25,2025-03-14,2025-03-15,162,162,0,,5.19,5.23,1
PO-005716,74,1,1,2025-03-18,2025-04-04,2025-04-03,110,110,0,,5.19,5.31,1
PO-005717,74,1,4,2025-04-15,2025-05-02,2025-05-08,142,142,0,,5.19,5.28,1
PO-005718,74,1,5,2025-05-20,2025-06-06,2025-06-06,110,110,0,,5.19,5.24,1
PO-005719,74,1,7,2025-06-03,2025-06-20,2025-06-30,135,135,0,,5.19,5.19,1
PO-005720,74,1,4,2025-07-08,2025-07-25,2025-07-20,85,85,0,,5.19,5.2,1
PO-005721,74,1,9,2025-07-15,2025-08-01,2025-08-03,113,109,17,Short shelf life on arrival,5.19,5.19,1
PO-005722,74,1,3,2025-08-12,2025-08-29,2025-08-29,124,124,0,,5.19,5.23,1
PO-005723,74,1,5,2025-08-26,2025-09-12,2025-09-13,111,111,0,,5.19,5.25,1
PO-005724,74,1,1,2025-09-02,2025-09-19,2025-09-16,142,142,0,,5.19,5.18,1
PO-005725,74,1,5,2025-09-09,2025-09-26,2025-09-30,122,122,21,Failed spec check,5.19,5.19,1
PO-005726,74,1,9,2025-09-30,2025-10-17,2025-10-16,121,117,0,,5.19,5.19,1
PO-005727,74,1,5,2025-10-07,2025-10-24,2025-10-18,195,195,31,Damaged packaging,5.19,5.2,1
PO-005728,74,1,7,2025-10-21,2025-11-07,2025-11-12,160,160,0,,5.19,5.21,1
PO-005729,74,1,4,2026-01-06,2026-01-23,2026-01-30,151,151,0,,5.19,5.28,1
PO-005730,74,1,9,2026-01-20,2026-02-06,2026-02-04,166,166,0,,5.19,5.24,1
PO-005731,74,1,3,2026-02-03,2026-02-20,2026-02-17,153,153,0,,5.19,5.2,1
PO-005732,74,1,7,2026-03-17,2026-04-03,2026-04-03,176,176,0,,5.19,5.19,1
PO-005733,74,1,9,2026-03-24,2026-04-10,2026-04-09,119,119,0,,5.19,5.2,1
PO-005734,74,1,10,2026-04-21,2026-05-08,2026-05-07,91,91,0,,5.19,5.2,1
PO-005735,74,1,5,2026-05-05,2026-05-22,2026-05-17,142,142,0,,5.19,5.19,1
PO-005736,74,1,7,2026-05-19,2026-06-05,2026-06-15,115,115,0,,5.19,5.24,1
PO-005737,74,1,1,2026-06-02,2026-06-19,2026-06-18,155,155,0,,5.19,5.28,1
PO-005738,74,1,10,2026-06-16,2026-07-03,2026-07-08,123,123,0,,5.19,5.2,1
PO-005739,74,1,4,2026-06-23,2026-07-10,2026-07-14,131,131,0,,5.19,5.16,1
PO-005740,75,6,7,2025-01-21,2025-01-31,2025-01-29,250,250,0,,9.36,9.28,0
PO-005741,75,6,7,2025-03-18,2025-03-28,2025-03-27,250,250,0,,9.36,9.05,0
PO-005742,75,6,4,2025-08-26,2025-09-05,2025-09-04,250,237,0,,9.36,9.09,0
PO-005743,75,6,1,2025-09-23,2025-10-03,2025-10-03,250,250,0,,9.36,9.14,0
PO-005744,75,6,9,2025-10-07,2025-10-17,2025-10-16,250,250,0,,9.36,9.08,0
PO-005745,75,6,5,2025-11-11,2025-11-21,2025-11-21,250,250,0,,9.36,9.24,0
PO-005746,75,6,9,2025-11-25,2025-12-05,2025-12-02,250,250,0,,9.36,9.17,0
PO-005747,75,6,3,2025-12-02,2025-12-12,2025-12-11,250,250,0,,9.36,8.97,0
PO-005748,75,6,7,2026-01-27,2026-02-06,2026-02-05,250,250,0,,9.36,9.05,0
PO-005749,75,6,3,2026-02-17,2026-02-27,2026-02-27,250,250,0,,9.36,9.28,0
PO-005750,75,6,3,2026-03-10,2026-03-20,2026-03-17,250,250,0,,9.36,9.07,0
PO-005751,75,6,4,2026-03-31,2026-04-10,2026-04-10,250,250,19,Damaged packaging,9.36,9.38,0
PO-005752,75,24,7,2025-03-25,2025-04-04,2025-04-02,138,138,0,,8.91,8.73,0
PO-005753,75,24,10,2025-04-29,2025-05-09,2025-05-08,157,157,0,,8.91,8.66,0
PO-005754,75,24,7,2025-05-06,2025-05-16,2025-05-16,130,130,0,,8.91,8.79,0
PO-005755,75,24,10,2025-06-24,2025-07-04,2025-07-04,186,186,0,,8.91,8.65,0
PO-005756,75,24,5,2025-07-08,2025-07-18,2025-07-17,229,229,0,,8.91,8.7,0
PO-005757,75,24,4,2025-07-22,2025-08-01,2025-07-31,173,173,0,,8.91,8.65,0
PO-005758,75,24,1,2025-07-29,2025-08-08,2025-08-07,125,125,0,,8.91,8.78,0
PO-005759,75,24,3,2025-08-05,2025-08-15,2025-08-15,116,116,0,,8.91,8.76,0
PO-005760,75,24,5,2025-10-07,2025-10-17,2025-10-16,191,191,0,,8.91,8.64,0
PO-005761,75,24,9,2025-11-11,2025-11-21,2025-11-20,138,138,0,,8.91,8.74,0
PO-005762,75,24,4,2025-12-02,2025-12-12,2025-12-12,223,223,0,,8.91,8.67,0
PO-005763,75,24,4,2025-12-09,2025-12-19,2025-12-16,177,177,0,,8.91,8.62,0
PO-005764,75,24,10,2026-02-24,2026-03-06,2026-03-05,185,185,0,,8.91,8.8,0
PO-005765,75,24,1,2026-04-07,2026-04-17,2026-04-15,165,165,0,,8.91,8.66,0
PO-005766,75,24,10,2026-04-21,2026-05-01,2026-05-15,210,210,0,,8.91,8.76,0
PO-005767,75,24,1,2026-05-12,2026-05-22,2026-05-30,186,186,0,,8.91,8.62,0
PO-005768,75,24,9,2026-05-19,2026-05-29,2026-06-02,182,182,0,,8.91,8.86,0
PO-005769,75,23,3,2025-01-07,2025-01-16,2025-01-15,212,206,0,,8.87,9.49,1
PO-005770,75,23,7,2025-01-14,2025-01-23,2025-01-23,187,187,0,,8.87,9.59,1
PO-005771,75,23,9,2025-01-28,2025-02-06,2025-02-05,146,146,0,,8.87,9.45,1
PO-005772,75,23,7,2025-02-04,2025-02-13,2025-02-12,224,212,0,,8.87,9.48,1
PO-005773,75,23,7,2025-02-11,2025-02-20,2025-02-20,189,189,0,,8.87,9.48,1
PO-005774,75,23,5,2025-02-18,2025-02-27,2025-02-27,134,134,0,,8.87,9.44,1
PO-005775,75,23,7,2025-03-11,2025-03-20,2025-03-19,207,207,0,,8.87,9.33,1
PO-005776,75,23,3,2025-03-18,2025-03-27,2025-03-26,175,175,0,,8.87,9.4,1
PO-005777,75,23,9,2025-03-25,2025-04-03,2025-04-02,151,151,0,,8.87,9.41,1
PO-005778,75,23,9,2025-04-01,2025-04-10,2025-04-14,113,113,0,,8.87,9.42,1
PO-005779,75,23,3,2025-04-22,2025-05-01,2025-04-30,100,100,0,,8.87,9.36,1
PO-005780,75,23,10,2025-04-29,2025-05-08,2025-05-06,176,176,0,,8.87,9.45,1
PO-005781,75,23,1,2025-05-06,2025-05-15,2025-05-14,211,211,0,,8.87,9.46,1
PO-005782,75,23,1,2025-05-13,2025-05-22,2025-05-21,166,166,0,,8.87,9.38,1
PO-005783,75,23,3,2025-05-20,2025-05-29,2025-05-29,196,196,0,,8.87,9.43,1
PO-005784,75,23,5,2025-05-27,2025-06-05,2025-06-05,231,231,0,,8.87,9.42,1
PO-005785,75,23,4,2025-06-03,2025-06-12,2025-06-11,142,142,0,,8.87,9.45,1
PO-005786,75,23,1,2025-06-10,2025-06-19,2025-06-19,100,100,0,,8.87,9.38,1
PO-005787,75,23,3,2025-06-17,2025-06-26,2025-06-25,192,192,0,,8.87,9.48,1
PO-005788,75,23,5,2025-07-01,2025-07-10,2025-07-09,137,137,0,,8.87,9.28,1
PO-005789,75,23,5,2025-07-29,2025-08-07,2025-08-06,176,176,0,,8.87,9.51,1
PO-005790,75,23,10,2025-08-05,2025-08-14,2025-08-13,157,157,0,,8.87,9.38,1
PO-005791,75,23,3,2025-08-12,2025-08-21,2025-08-20,196,196,0,,8.87,9.48,1
PO-005792,75,23,9,2025-09-02,2025-09-11,2025-09-12,144,144,0,,8.87,9.47,1
PO-005793,75,23,5,2025-09-09,2025-09-18,2025-09-17,145,145,0,,8.87,9.46,1
PO-005794,75,23,5,2025-09-16,2025-09-25,2025-09-26,230,230,0,,8.87,9.49,1
PO-005795,75,23,4,2025-09-30,2025-10-09,2025-10-10,107,107,0,,8.87,9.38,1
PO-005796,75,23,10,2025-10-07,2025-10-16,2025-10-15,180,180,0,,8.87,9.49,1
PO-005797,75,23,9,2025-10-14,2025-10-23,2025-10-21,200,200,0,,8.87,9.47,1
PO-005798,75,23,3,2025-10-21,2025-10-30,2025-10-30,152,152,0,,8.87,9.41,1
PO-005799,75,23,7,2025-10-28,2025-11-06,2025-11-06,186,181,0,,8.87,9.53,1
PO-005800,75,23,3,2025-11-04,2025-11-13,2025-11-13,199,199,0,,8.87,9.34,1
PO-005801,75,23,4,2025-11-11,2025-11-20,2025-11-18,126,126,0,,8.87,9.4,1
PO-005802,75,23,5,2025-11-18,2025-11-27,2025-11-27,222,222,0,,8.87,9.53,1
PO-005803,75,23,4,2025-11-25,2025-12-04,2025-12-03,133,133,0,,8.87,9.41,1
PO-005804,75,23,10,2025-12-02,2025-12-11,2025-12-09,261,261,0,,8.87,9.54,1
PO-005805,75,23,5,2025-12-09,2025-12-18,2025-12-19,144,144,0,,8.87,9.43,1
PO-005806,75,23,1,2025-12-16,2025-12-25,2025-12-24,167,167,0,,8.87,9.5,1
PO-005807,75,23,9,2025-12-23,2026-01-01,2025-12-31,148,148,0,,8.87,9.47,1
PO-005808,75,23,5,2025-12-30,2026-01-08,2026-01-07,206,206,0,,8.87,9.71,1
PO-005809,75,23,5,2026-01-06,2026-01-15,2026-01-15,178,178,0,,8.87,9.29,1
PO-005810,75,23,5,2026-01-13,2026-01-22,2026-01-22,177,177,0,,8.87,9.42,1
PO-005811,75,23,4,2026-01-20,2026-01-29,2026-01-28,113,113,0,,8.87,9.32,1
PO-005812,75,23,4,2026-02-03,2026-02-12,2026-02-13,209,209,0,,8.87,9.56,1
PO-005813,75,23,10,2026-02-10,2026-02-19,2026-02-18,156,156,0,,8.87,9.49,1
PO-005814,75,23,7,2026-02-17,2026-02-26,2026-02-25,210,210,0,,8.87,9.4,1
PO-005815,75,23,9,2026-03-03,2026-03-12,2026-03-11,220,220,0,,8.87,9.46,1
PO-005816,75,23,10,2026-03-10,2026-03-19,2026-03-18,161,161,0,,8.87,9.42,1
PO-005817,75,23,3,2026-03-31,2026-04-09,2026-04-12,239,239,0,,8.87,9.43,1
PO-005818,75,23,10,2026-04-07,2026-04-16,2026-04-14,121,121,0,,8.87,9.48,1
PO-005819,75,23,7,2026-04-28,2026-05-07,2026-05-05,188,188,0,,8.87,9.42,1
PO-005820,75,23,1,2026-05-05,2026-05-14,2026-05-13,141,141,0,,8.87,9.53,1
PO-005821,75,23,10,2026-05-26,2026-06-04,2026-06-04,100,100,0,,8.87,9.33,1
PO-005822,75,23,7,2026-06-09,2026-06-18,2026-06-18,173,173,0,,8.87,9.49,1
PO-005823,75,23,3,2026-06-16,2026-06-25,2026-06-23,100,100,0,,8.87,9.36,1
PO-005824,75,23,10,2026-06-23,2026-07-02,2026-07-01,190,190,0,,8.87,9.59,1
PO-005825,75,23,10,2026-06-30,2026-07-09,2026-07-09,153,153,0,,8.87,9.55,1
PO-005826,76,3,2,2025-01-07,2025-01-17,2025-01-17,250,250,0,,30.7,31.54,1
PO-005827,76,3,4,2025-01-14,2025-01-24,2025-01-24,250,250,0,,30.7,30.89,1
PO-005828,76,3,8,2025-01-21,2025-01-31,2025-01-31,250,250,0,,30.7,31.35,1
PO-005829,76,3,8,2025-02-04,2025-02-14,2025-02-13,250,250,0,,30.7,30.91,1
PO-005830,76,3,8,2025-02-11,2025-02-21,2025-02-20,250,250,0,,30.7,31.6,1
PO-005831,76,3,4,2025-02-18,2025-02-28,2025-02-28,250,250,0,,30.7,31.9,1
PO-005832,76,3,5,2025-02-25,2025-03-07,2025-03-07,250,250,0,,30.7,31.09,1
PO-005833,76,3,4,2025-03-11,2025-03-21,2025-03-21,250,250,0,,30.7,31.45,1
PO-005834,76,3,4,2025-03-18,2025-03-28,2025-03-28,250,250,0,,30.7,31.48,1
PO-005835,76,3,1,2025-03-25,2025-04-04,2025-04-04,250,250,0,,30.7,31.58,1
PO-005836,76,3,5,2025-04-01,2025-04-11,2025-04-11,250,250,0,,30.7,31.25,1
PO-005837,76,3,8,2025-04-08,2025-04-18,2025-04-17,250,250,0,,30.7,31.78,1
PO-005838,76,3,2,2025-04-15,2025-04-25,2025-04-24,250,250,0,,30.7,31.68,1
PO-005839,76,3,8,2025-04-22,2025-05-02,2025-05-01,250,250,0,,30.7,31.35,1
PO-005840,76,3,8,2025-04-29,2025-05-09,2025-05-08,250,229,0,,30.7,31.23,1
PO-005841,76,3,7,2025-05-06,2025-05-16,2025-05-16,250,250,0,,30.7,30.98,1
PO-005842,76,3,6,2025-05-20,2025-05-30,2025-05-30,250,250,0,,30.7,31.73,1
PO-005843,76,3,8,2025-05-27,2025-06-06,2025-06-05,250,250,0,,30.7,32.01,1
PO-005844,76,3,4,2025-06-03,2025-06-13,2025-06-12,250,250,0,,30.7,31.54,1
PO-005845,76,3,8,2025-06-10,2025-06-20,2025-06-18,250,250,0,,30.7,31.52,1
PO-005846,76,3,5,2025-06-17,2025-06-27,2025-06-26,250,250,0,,30.7,31.19,1
PO-005847,76,3,8,2025-06-24,2025-07-04,2025-07-03,250,250,0,,30.7,31.2,1
PO-005848,76,3,5,2025-07-01,2025-07-11,2025-07-11,250,250,0,,30.7,31.39,1
PO-005849,76,3,6,2025-07-29,2025-08-08,2025-08-07,250,250,0,,30.7,31.86,1
PO-005850,76,3,6,2025-08-05,2025-08-15,2025-08-14,250,250,0,,30.7,31.53,1
PO-005851,76,3,1,2025-08-12,2025-08-22,2025-08-20,250,250,46,Failed spec check,30.7,31.18,1
PO-005852,76,3,1,2025-08-19,2025-08-29,2025-08-28,250,250,0,,30.7,31.43,1
PO-005853,76,3,8,2025-08-26,2025-09-05,2025-09-04,250,250,0,,30.7,31.32,1
PO-005854,76,3,5,2025-09-02,2025-09-12,2025-09-11,250,250,0,,30.7,31.12,1
PO-005855,76,3,2,2025-09-30,2025-10-10,2025-10-09,250,250,0,,30.7,31.29,1
PO-005856,76,3,7,2025-10-07,2025-10-17,2025-10-17,250,250,0,,30.7,31.8,1
PO-005857,76,3,4,2025-10-21,2025-10-31,2025-10-30,250,250,0,,30.7,30.84,1
PO-005858,76,3,5,2025-10-28,2025-11-07,2025-11-06,250,250,0,,30.7,31.5,1
PO-005859,76,3,6,2025-11-04,2025-11-14,2025-11-14,250,250,0,,30.7,31.28,1
PO-005860,76,3,2,2025-12-09,2025-12-19,2025-12-19,250,250,0,,30.7,31.37,1
PO-005861,76,3,1,2026-01-06,2026-01-16,2026-01-16,250,250,0,,30.7,31.49,1
PO-005862,76,3,8,2026-01-13,2026-01-23,2026-01-22,250,250,0,,30.7,31.46,1
PO-005863,76,3,1,2026-01-20,2026-01-30,2026-01-28,250,250,0,,30.7,30.73,1
PO-005864,76,3,7,2026-01-27,2026-02-06,2026-02-06,250,250,0,,30.7,31.37,1
PO-005865,76,3,4,2026-02-03,2026-02-13,2026-02-13,250,250,0,,30.7,31.09,1
PO-005866,76,3,10,2026-02-17,2026-02-27,2026-02-27,250,250,0,,30.7,30.83,1
PO-005867,76,3,4,2026-03-17,2026-03-27,2026-03-26,250,250,0,,30.7,31.19,1
PO-005868,76,3,8,2026-03-24,2026-04-03,2026-04-03,250,250,0,,30.7,31.64,1
PO-005869,76,3,8,2026-03-31,2026-04-10,2026-04-10,250,250,0,,30.7,31.62,1
PO-005870,76,3,4,2026-04-07,2026-04-17,2026-04-17,250,250,0,,30.7,31.57,1
PO-005871,76,3,4,2026-04-21,2026-05-01,2026-05-01,250,250,0,,30.7,31.18,1
PO-005872,76,3,2,2026-05-05,2026-05-15,2026-05-15,250,250,0,,30.7,31.4,1
PO-005873,76,3,8,2026-05-12,2026-05-22,2026-05-22,250,250,0,,30.7,31.5,1
PO-005874,76,3,8,2026-05-19,2026-05-29,2026-05-28,250,250,0,,30.7,31.44,1
PO-005875,76,3,1,2026-05-26,2026-06-05,2026-06-05,250,250,0,,30.7,31.35,1
PO-005876,76,3,7,2026-06-02,2026-06-12,2026-06-11,250,250,0,,30.7,31.25,1
PO-005877,76,3,5,2026-06-09,2026-06-19,2026-06-18,250,250,0,,30.7,31.22,1
PO-005878,76,3,4,2026-06-16,2026-06-26,2026-06-25,250,250,0,,30.7,31.67,1
PO-005879,76,17,8,2025-01-07,2025-01-24,2025-01-31,78,78,0,,29.87,30.15,0
PO-005880,76,17,5,2025-02-25,2025-03-14,2025-03-07,127,127,0,,29.87,30.5,0
PO-005881,76,17,10,2025-03-04,2025-03-21,2025-03-21,117,107,0,,29.87,29.89,0
PO-005882,76,17,5,2025-04-15,2025-05-02,2025-04-27,88,88,0,,29.87,30.04,0
PO-005883,76,17,10,2025-05-20,2025-06-06,2025-06-06,114,114,9,Failed spec check,29.87,30.46,0
PO-005884,76,17,8,2025-07-22,2025-08-08,2025-08-06,134,134,0,,29.87,30.22,0
PO-005885,76,17,8,2025-10-07,2025-10-24,2025-11-03,112,112,7,Failed spec check,29.87,30.2,0
PO-005886,76,17,10,2025-10-14,2025-10-31,2025-10-28,98,98,0,,29.87,30.38,0
PO-005887,76,17,6,2025-11-04,2025-11-21,2025-11-25,143,143,0,,29.87,29.74,0
PO-005888,76,17,7,2025-12-09,2025-12-26,2025-12-24,103,103,0,,29.87,29.56,0
PO-005889,76,17,8,2026-01-06,2026-01-23,2026-01-22,108,108,7,Short shelf life on arrival,29.87,30.22,0
PO-005890,76,17,6,2026-02-03,2026-02-20,2026-02-15,133,133,0,,29.87,30.28,0
PO-005891,76,17,1,2026-02-10,2026-02-27,2026-02-25,146,146,0,,29.87,29.71,0
PO-005892,76,17,5,2026-03-03,2026-03-20,2026-03-19,91,91,0,,29.87,30.02,0
PO-005893,76,17,10,2026-04-14,2026-05-01,2026-04-21,182,182,0,,29.87,29.92,0
PO-005894,76,17,7,2026-04-21,2026-05-08,2026-05-03,146,146,0,,29.87,29.94,0
PO-005895,76,17,7,2026-04-28,2026-05-15,2026-05-10,84,78,0,,29.87,29.57,0
PO-005896,76,17,7,2026-05-05,2026-05-22,2026-05-22,122,122,4,Damaged packaging,29.87,29.98,0
PO-005897,76,17,7,2026-05-12,2026-05-29,2026-05-26,179,179,0,,29.87,29.85,0
PO-005898,76,17,4,2026-06-16,2026-07-03,2026-06-25,100,100,0,,29.87,30.41,0
PO-005899,76,17,5,2026-06-23,2026-07-10,2026-07-10,136,136,0,,29.87,30.5,0
PO-005900,76,17,7,2026-06-30,2026-07-17,2026-08-05,123,117,0,,29.87,30.37,0
PO-005901,77,10,7,2025-02-04,2025-03-10,2025-03-01,534,534,0,,8.72,8.64,0
PO-005902,77,10,1,2025-03-04,2025-04-07,2025-03-26,206,206,0,,8.72,8.47,0
PO-005903,77,10,10,2025-05-06,2025-06-09,2025-06-04,480,407,0,,8.72,8.68,0
PO-005904,77,10,6,2025-06-10,2025-07-14,2025-07-12,484,484,0,,8.72,8.54,0
PO-005905,77,10,10,2025-07-29,2025-09-01,2025-08-15,442,442,0,,8.72,8.59,0
PO-005906,77,10,4,2025-11-18,2025-12-22,2025-12-08,423,356,0,,8.72,8.81,0
PO-005907,77,14,2,2025-01-07,2025-02-09,2025-01-27,456,456,0,,8.73,9.21,1
PO-005908,77,14,8,2025-01-14,2025-02-16,2025-02-10,531,531,0,,8.73,9.17,1
PO-005909,77,14,8,2025-01-21,2025-02-23,2025-02-16,730,730,0,,8.73,9.27,1
PO-005910,77,14,4,2025-01-28,2025-03-02,2025-02-28,466,466,0,,8.73,9.14,1
PO-005911,77,14,4,2025-02-04,2025-03-09,2025-03-20,403,403,0,,8.73,9.06,1
PO-005912,77,14,8,2025-02-11,2025-03-16,2025-03-17,314,314,0,,8.73,9.21,1
PO-005913,77,14,8,2025-02-18,2025-03-23,2025-03-16,316,316,10,Temperature excursion in transit,8.73,9.08,1
PO-005914,77,14,4,2025-02-25,2025-03-30,2025-03-18,634,634,0,,8.73,9.1,1
PO-005915,77,14,5,2025-03-04,2025-04-06,2025-04-05,619,619,0,,8.73,9.05,1
PO-005916,77,14,8,2025-03-11,2025-04-13,2025-04-07,323,323,12,Short shelf life on arrival,8.73,9.07,1
PO-005917,77,14,2,2025-03-18,2025-04-20,2025-04-18,275,275,0,,8.73,9.24,1
PO-005918,77,14,5,2025-03-25,2025-04-27,2025-04-13,309,309,0,,8.73,9.26,1
PO-005919,77,14,7,2025-04-01,2025-05-04,2025-04-30,369,369,0,,8.73,9.16,1
PO-005920,77,14,1,2025-04-08,2025-05-11,2025-05-09,416,416,0,,8.73,9.15,1
PO-005921,77,14,2,2025-04-15,2025-05-18,2025-05-11,507,507,0,,8.73,9.09,1
PO-005922,77,14,10,2025-04-22,2025-05-25,2025-05-22,577,577,0,,8.73,9.04,1
PO-005923,77,14,8,2025-04-29,2025-06-01,2025-05-24,634,634,0,,8.73,9.19,1
PO-005924,77,14,8,2025-05-06,2025-06-08,2025-05-25,685,685,0,,8.73,9.01,1
PO-005925,77,14,5,2025-05-13,2025-06-15,2025-06-13,492,492,0,,8.73,9.28,1
PO-005926,77,14,2,2025-05-20,2025-06-22,2025-06-07,635,635,0,,8.73,9.16,1
PO-005927,77,14,1,2025-05-27,2025-06-29,2025-07-03,534,534,0,,8.73,9.31,1
PO-005928,77,14,10,2025-06-03,2025-07-06,2025-07-04,655,655,0,,8.73,9.23,1
PO-005929,77,14,7,2025-06-17,2025-07-20,2025-07-29,263,263,0,,8.73,9.28,1
PO-005930,77,14,6,2025-07-01,2025-08-03,2025-07-23,417,417,0,,8.73,9.09,1
PO-005931,77,14,1,2025-07-08,2025-08-10,2025-08-08,539,527,0,,8.73,9.15,1
PO-005932,77,14,10,2025-07-15,2025-08-17,2025-08-11,520,520,0,,8.73,9.23,1
PO-005933,77,14,4,2025-07-22,2025-08-24,2025-08-16,457,457,17,Documentation incomplete,8.73,9.24,1
PO-005934,77,14,6,2025-07-29,2025-08-31,2025-08-30,714,714,0,,8.73,9.22,1
PO-005935,77,14,10,2025-08-05,2025-09-07,2025-08-23,820,820,0,,8.73,9.32,1
PO-005936,77,14,2,2025-08-12,2025-09-14,2025-09-13,385,385,0,,8.73,8.97,1
PO-005937,77,14,1,2025-08-19,2025-09-21,2025-09-05,446,446,0,,8.73,9.29,1
PO-005938,77,14,5,2025-08-26,2025-09-28,2025-09-20,482,482,0,,8.73,9.09,1
PO-005939,77,14,8,2025-09-02,2025-10-05,2025-10-11,526,526,0,,8.73,9.08,1
PO-005940,77,14,8,2025-09-09,2025-10-12,2025-10-12,516,516,0,,8.73,9.24,1
PO-005941,77,14,6,2025-09-23,2025-10-26,2025-10-22,494,494,0,,8.73,9.13,1
PO-005942,77,14,8,2025-09-30,2025-11-02,2025-11-02,480,480,17,Failed spec check,8.73,9.17,1
PO-005943,77,14,4,2025-10-07,2025-11-09,2025-10-26,658,658,0,,8.73,9.17,1
PO-005944,77,14,5,2025-10-14,2025-11-16,2025-11-12,274,274,0,,8.73,9.11,1
PO-005945,77,14,7,2025-10-21,2025-11-23,2025-11-20,496,496,0,,8.73,8.96,1
PO-005946,77,14,4,2025-10-28,2025-11-30,2025-12-07,660,660,27,Short shelf life on arrival,8.73,9.23,1
PO-005947,77,14,6,2025-11-11,2025-12-14,2025-12-08,657,657,0,,8.73,9.23,1
PO-005948,77,14,8,2025-11-18,2025-12-21,2025-12-11,399,399,0,,8.73,9.18,1
PO-005949,77,14,1,2025-11-25,2025-12-28,2025-12-28,411,411,0,,8.73,9.14,1
PO-005950,77,14,10,2025-12-02,2026-01-04,2025-12-26,502,502,18,Damaged packaging,8.73,9.06,1
PO-005951,77,14,1,2025-12-09,2026-01-11,2026-01-02,531,531,0,,8.73,9.17,1
PO-005952,77,14,2,2025-12-16,2026-01-18,2026-01-18,681,681,0,,8.73,9.14,1
PO-005953,77,14,1,2025-12-23,2026-01-25,2026-01-16,420,420,0,,8.73,9.04,1
PO-005954,77,14,2,2025-12-30,2026-02-01,2026-01-26,492,492,0,,8.73,9.32,1
PO-005955,77,14,7,2026-01-06,2026-02-08,2026-02-04,499,499,0,,8.73,9.11,1
PO-005956,77,14,6,2026-01-13,2026-02-15,2026-02-04,418,418,0,,8.73,9.07,1
PO-005957,77,14,6,2026-01-20,2026-02-22,2026-03-01,476,476,0,,8.73,9.05,1
PO-005958,77,14,10,2026-01-27,2026-03-01,2026-02-25,496,496,0,,8.73,9.08,1
PO-005959,77,14,10,2026-02-03,2026-03-08,2026-03-05,488,488,0,,8.73,9.23,1
PO-005960,77,14,4,2026-02-10,2026-03-15,2026-03-04,633,633,0,,8.73,9.14,1
PO-005961,77,14,10,2026-02-17,2026-03-22,2026-03-17,477,477,0,,8.73,9.06,1
PO-005962,77,14,5,2026-02-24,2026-03-29,2026-03-23,406,406,0,,8.73,9.29,1
PO-005963,77,14,1,2026-03-17,2026-04-19,2026-04-16,588,588,0,,8.73,9.19,1
PO-005964,77,14,10,2026-03-24,2026-04-26,2026-04-25,609,609,0,,8.73,9.16,1
PO-005965,77,14,1,2026-03-31,2026-05-03,2026-05-02,573,573,0,,8.73,9.03,1
PO-005966,77,14,1,2026-04-07,2026-05-10,2026-05-08,345,345,0,,8.73,9.32,1
PO-005967,77,14,1,2026-04-14,2026-05-17,2026-05-11,441,441,0,,8.73,9.26,1
PO-005968,77,14,8,2026-04-28,2026-05-31,2026-06-05,646,646,0,,8.73,9.2,1
PO-005969,77,14,1,2026-05-05,2026-06-07,2026-05-30,355,355,0,,8.73,9.18,1
PO-005970,77,14,8,2026-05-12,2026-06-14,2026-05-30,197,197,0,,8.73,9.06,1
PO-005971,77,14,7,2026-05-19,2026-06-21,2026-06-18,676,676,0,,8.73,9.28,1
PO-005972,77,14,4,2026-05-26,2026-06-28,2026-06-14,642,642,0,,8.73,9.19,1
PO-005973,77,14,2,2026-06-02,2026-07-05,2026-06-27,354,354,0,,8.73,9.16,1
PO-005974,77,14,6,2026-06-09,2026-07-12,2026-07-02,507,507,0,,8.73,9.14,1
PO-005975,77,14,8,2026-06-16,2026-07-19,2026-07-03,539,539,22,Damaged packaging,8.73,9.23,1
PO-005976,77,14,4,2026-06-23,2026-07-26,2026-07-28,389,389,0,,8.73,9.11,1
PO-005977,77,14,7,2026-06-30,2026-08-02,2026-07-24,291,291,0,,8.73,9.2,1
PO-005978,78,23,4,2025-01-07,2025-01-21,2025-01-21,500,500,0,,8.99,9.66,1
PO-005979,78,23,10,2025-01-14,2025-01-28,2025-01-28,500,500,0,,8.99,9.69,1
PO-005980,78,23,7,2025-01-21,2025-02-04,2025-02-04,500,500,0,,8.99,9.55,1
PO-005981,78,23,7,2025-01-28,2025-02-11,2025-02-11,500,500,0,,8.99,9.54,1
PO-005982,78,23,3,2025-02-04,2025-02-18,2025-02-17,500,500,0,,8.99,9.38,1
PO-005983,78,23,7,2025-02-11,2025-02-25,2025-02-25,500,500,0,,8.99,9.72,1
PO-005984,78,23,9,2025-02-18,2025-03-04,2025-03-04,500,500,0,,8.99,9.59,1
PO-005985,78,23,9,2025-02-25,2025-03-11,2025-03-11,500,500,0,,8.99,9.64,1
PO-005986,78,23,9,2025-03-04,2025-03-18,2025-03-17,500,500,0,,8.99,9.53,1
PO-005987,78,23,10,2025-03-18,2025-04-01,2025-04-01,500,500,0,,8.99,9.64,1
PO-005988,78,23,10,2025-03-25,2025-04-08,2025-04-07,500,500,0,,8.99,9.56,1
PO-005989,78,23,10,2025-04-01,2025-04-15,2025-04-13,500,500,0,,8.99,9.56,1
PO-005990,78,23,10,2025-04-08,2025-04-22,2025-04-22,500,500,0,,8.99,9.63,1
PO-005991,78,23,10,2025-04-15,2025-04-29,2025-04-28,500,500,0,,8.99,9.76,1
PO-005992,78,23,4,2025-04-22,2025-05-06,2025-05-05,500,500,0,,8.99,9.47,1
PO-005993,78,23,10,2025-04-29,2025-05-13,2025-05-13,500,471,0,,8.99,9.7,1
PO-005994,78,23,1,2025-05-06,2025-05-20,2025-05-19,500,500,0,,8.99,9.56,1
PO-005995,78,23,1,2025-05-13,2025-05-27,2025-05-26,500,500,0,,8.99,9.39,1
PO-005996,78,23,5,2025-05-20,2025-06-03,2025-06-03,500,500,0,,8.99,9.54,1
PO-005997,78,23,7,2025-05-27,2025-06-10,2025-06-09,500,500,0,,8.99,9.58,1
PO-005998,78,23,9,2025-06-03,2025-06-17,2025-06-17,500,500,0,,8.99,9.51,1
PO-005999,78,23,7,2025-06-10,2025-06-24,2025-06-22,500,500,0,,8.99,9.68,1
PO-006000,78,23,9,2025-06-17,2025-07-01,2025-06-28,500,500,0,,8.99,9.61,1
PO-006001,78,23,10,2025-06-24,2025-07-08,2025-07-06,500,500,0,,8.99,9.55,1
PO-006002,78,23,3,2025-07-01,2025-07-15,2025-07-14,500,500,0,,8.99,9.37,1
PO-006003,78,23,1,2025-07-08,2025-07-22,2025-07-20,500,500,0,,8.99,9.55,1
PO-006004,78,23,4,2025-07-15,2025-07-29,2025-07-29,500,500,0,,8.99,9.6,1
PO-006005,78,23,5,2025-07-22,2025-08-05,2025-08-05,500,500,0,,8.99,9.58,1
PO-006006,78,23,9,2025-07-29,2025-08-12,2025-08-11,500,500,0,,8.99,9.58,1
PO-006007,78,23,5,2025-08-05,2025-08-19,2025-08-18,500,500,0,,8.99,9.42,1
PO-006008,78,23,1,2025-08-12,2025-08-26,2025-08-26,500,500,0,,8.99,9.44,1
PO-006009,78,23,10,2025-08-19,2025-09-02,2025-09-01,500,500,0,,8.99,9.44,1
PO-006010,78,23,4,2025-08-26,2025-09-09,2025-09-09,500,500,0,,8.99,9.63,1
PO-006011,78,23,9,2025-09-02,2025-09-16,2025-09-15,500,500,0,,8.99,9.75,1
PO-006012,78,23,5,2025-09-09,2025-09-23,2025-09-22,500,500,0,,8.99,9.65,1
PO-006013,78,23,7,2025-09-23,2025-10-07,2025-10-09,500,500,0,,8.99,9.67,1
PO-006014,78,23,5,2025-09-30,2025-10-14,2025-10-17,500,500,0,,8.99,9.37,1
PO-006015,78,23,9,2025-10-07,2025-10-21,2025-10-20,500,500,0,,8.99,9.64,1
PO-006016,78,23,9,2025-10-14,2025-10-28,2025-10-28,500,500,0,,8.99,9.59,1
PO-006017,78,23,4,2025-10-21,2025-11-04,2025-11-04,500,500,0,,8.99,9.64,1
PO-006018,78,23,3,2025-10-28,2025-11-11,2025-11-11,500,500,0,,8.99,9.55,1
PO-006019,78,23,1,2025-11-11,2025-11-25,2025-11-25,500,500,0,,8.99,9.7,1
PO-006020,78,23,7,2025-11-18,2025-12-02,2025-12-02,500,500,0,,8.99,9.73,1
PO-006021,78,23,3,2025-11-25,2025-12-09,2025-12-10,500,500,0,,8.99,9.69,1
PO-006022,78,23,1,2025-12-02,2025-12-16,2025-12-16,500,500,0,,8.99,9.6,1
PO-006023,78,23,3,2025-12-09,2025-12-23,2025-12-22,500,500,0,,8.99,9.55,1
PO-006024,78,23,5,2025-12-16,2025-12-30,2025-12-30,500,500,0,,8.99,9.47,1
PO-006025,78,23,1,2025-12-23,2026-01-06,2026-01-05,500,500,0,,8.99,9.55,1
PO-006026,78,23,7,2025-12-30,2026-01-13,2026-01-13,500,500,0,,8.99,9.65,1
PO-006027,78,23,9,2026-01-06,2026-01-20,2026-01-20,500,500,0,,8.99,9.6,1
PO-006028,78,23,7,2026-01-13,2026-01-27,2026-01-26,500,500,0,,8.99,9.59,1
PO-006029,78,23,1,2026-01-20,2026-02-03,2026-02-02,500,500,0,,8.99,9.67,1
PO-006030,78,23,3,2026-02-03,2026-02-17,2026-02-15,500,500,0,,8.99,9.6,1
PO-006031,78,23,5,2026-02-10,2026-02-24,2026-02-23,500,500,0,,8.99,9.86,1
PO-006032,78,23,9,2026-02-17,2026-03-03,2026-03-01,500,500,0,,8.99,9.7,1
PO-006033,78,23,7,2026-02-24,2026-03-10,2026-03-10,500,500,0,,8.99,9.69,1
PO-006034,78,23,10,2026-03-03,2026-03-17,2026-03-16,500,500,0,,8.99,9.59,1
PO-006035,78,23,7,2026-03-10,2026-03-24,2026-03-24,500,500,0,,8.99,9.71,1
PO-006036,78,23,4,2026-03-17,2026-03-31,2026-04-02,500,500,0,,8.99,9.58,1
PO-006037,78,23,1,2026-03-24,2026-04-07,2026-04-06,500,500,0,,8.99,9.67,1
PO-006038,78,23,9,2026-03-31,2026-04-14,2026-04-13,500,500,0,,8.99,9.65,1
PO-006039,78,23,7,2026-04-07,2026-04-21,2026-04-20,500,500,0,,8.99,9.57,1
PO-006040,78,23,3,2026-04-14,2026-04-28,2026-04-26,500,500,0,,8.99,9.66,1
PO-006041,78,23,7,2026-04-21,2026-05-05,2026-05-03,500,500,0,,8.99,9.49,1
PO-006042,78,23,3,2026-04-28,2026-05-12,2026-05-09,500,500,0,,8.99,9.54,1
PO-006043,78,23,10,2026-05-05,2026-05-19,2026-05-19,500,500,0,,8.99,9.41,1
PO-006044,78,23,4,2026-05-12,2026-05-26,2026-05-26,500,500,0,,8.99,9.68,1
PO-006045,78,23,4,2026-05-19,2026-06-02,2026-06-02,500,500,0,,8.99,9.69,1
PO-006046,78,23,7,2026-05-26,2026-06-09,2026-06-08,500,500,0,,8.99,9.54,1
PO-006047,78,23,3,2026-06-02,2026-06-16,2026-06-14,500,500,0,,8.99,9.51,1
PO-006048,78,23,5,2026-06-09,2026-06-23,2026-06-22,500,500,0,,8.99,9.49,1
PO-006049,78,23,3,2026-06-16,2026-06-30,2026-06-28,500,500,0,,8.99,9.46,1
PO-006050,78,23,1,2026-06-23,2026-07-07,2026-07-06,500,500,0,,8.99,9.35,1
PO-006051,78,23,4,2026-06-30,2026-07-14,2026-07-13,500,500,0,,8.99,9.5,1
PO-006052,78,24,5,2025-01-21,2025-01-28,2025-01-28,100,100,0,,9.58,9.39,0
PO-006053,78,24,3,2025-03-04,2025-03-11,2025-03-09,133,133,0,,9.58,9.16,0
PO-006054,78,24,3,2025-04-08,2025-04-15,2025-04-14,133,133,0,,9.58,9.55,0
PO-006055,78,24,5,2026-02-10,2026-02-17,2026-02-16,100,100,0,,9.58,9.24,0
PO-006056,79,22,1,2025-07-08,2025-08-22,2025-08-18,500,500,74,Damaged packaging,2.26,2.27,0
PO-006057,79,22,6,2025-07-22,2025-09-05,2025-09-10,500,500,0,,2.26,2.26,0
PO-006058,79,22,6,2025-11-11,2025-12-26,2025-11-30,500,500,0,,2.26,2.29,0
PO-006059,79,22,1,2026-01-20,2026-03-06,2026-03-05,500,500,0,,2.26,2.21,0
PO-006060,79,22,1,2026-03-24,2026-05-08,2026-04-23,500,500,0,,2.26,2.27,0
PO-006061,79,22,2,2026-04-07,2026-05-22,2026-05-12,500,500,56,Failed spec check,2.26,2.26,0
PO-006062,79,18,2,2025-01-07,2025-02-12,2025-02-10,250,250,0,,2.36,2.36,1
PO-006063,79,18,8,2025-01-14,2025-02-19,2025-02-02,250,250,39,Failed spec check,2.36,2.34,1
PO-006064,79,18,5,2025-01-21,2025-02-26,2025-02-19,250,250,0,,2.36,2.35,1
PO-006065,79,18,4,2025-01-28,2025-03-05,2025-02-24,250,250,0,,2.36,2.31,1
PO-006066,79,18,2,2025-02-04,2025-03-12,2025-03-11,250,250,0,,2.36,2.32,1
PO-006067,79,18,7,2025-02-11,2025-03-19,2025-03-13,250,250,0,,2.36,2.31,1
PO-006068,79,18,5,2025-02-18,2025-03-26,2025-04-02,250,250,0,,2.36,2.38,1
PO-006069,79,18,8,2025-02-25,2025-04-02,2025-03-20,250,250,0,,2.36,2.31,1
PO-006070,79,18,5,2025-03-04,2025-04-09,2025-04-02,250,250,0,,2.36,2.38,1
PO-006071,79,18,8,2025-03-11,2025-04-16,2025-04-07,250,250,0,,2.36,2.32,1
PO-006072,79,18,7,2025-03-18,2025-04-23,2025-04-13,250,250,0,,2.36,2.34,1
PO-006073,79,18,6,2025-03-25,2025-04-30,2025-04-29,250,250,0,,2.36,2.37,1
PO-006074,79,18,2,2025-04-01,2025-05-07,2025-05-04,250,250,0,,2.36,2.28,1
PO-006075,79,18,1,2025-04-08,2025-05-14,2025-05-11,250,250,0,,2.36,2.32,1
PO-006076,79,18,1,2025-04-15,2025-05-21,2025-05-03,250,250,7,Damaged packaging,2.36,2.34,1
PO-006077,79,18,6,2025-04-22,2025-05-28,2025-05-23,250,250,0,,2.36,2.32,1
PO-006078,79,18,4,2025-05-13,2025-06-18,2025-06-09,250,250,0,,2.36,2.35,1
PO-006079,79,18,4,2025-05-20,2025-06-25,2025-06-18,250,250,0,,2.36,2.35,1
PO-006080,79,18,2,2025-05-27,2025-07-02,2025-06-27,250,250,0,,2.36,2.31,1
PO-006081,79,18,8,2025-06-03,2025-07-09,2025-07-03,250,250,0,,2.36,2.33,1
PO-006082,79,18,7,2025-06-10,2025-07-16,2025-07-05,250,250,0,,2.36,2.35,1
PO-006083,79,18,8,2025-06-17,2025-07-23,2025-07-20,250,250,0,,2.36,2.31,1
PO-006084,79,18,5,2025-07-01,2025-08-06,2025-07-24,250,250,0,,2.36,2.33,1
PO-006085,79,18,4,2025-07-08,2025-08-13,2025-08-17,250,250,0,,2.36,2.35,1
PO-006086,79,18,7,2025-07-15,2025-08-20,2025-08-19,250,250,0,,2.36,2.35,1
PO-006087,79,18,7,2025-07-22,2025-08-27,2025-08-25,250,250,0,,2.36,2.37,1
PO-006088,79,18,5,2025-07-29,2025-09-03,2025-08-30,250,250,0,,2.36,2.35,1
PO-006089,79,18,2,2025-08-05,2025-09-10,2025-09-08,250,250,0,,2.36,2.34,1
PO-006090,79,18,5,2025-08-12,2025-09-17,2025-09-02,250,236,0,,2.36,2.32,1
PO-006091,79,18,10,2025-08-19,2025-09-24,2025-09-19,250,250,0,,2.36,2.35,1
PO-006092,79,18,4,2025-08-26,2025-10-01,2025-09-23,250,238,0,,2.36,2.31,1
PO-006093,79,18,10,2025-09-02,2025-10-08,2025-09-17,250,250,0,,2.36,2.32,1
PO-006094,79,18,1,2025-09-09,2025-10-15,2025-10-12,250,250,0,,2.36,2.32,1
PO-006095,79,18,5,2025-09-16,2025-10-22,2025-10-13,250,250,0,,2.36,2.32,1
PO-006096,79,18,5,2025-09-23,2025-10-29,2025-10-20,250,250,0,,2.36,2.37,1
PO-006097,79,18,6,2025-09-30,2025-11-05,2025-10-21,250,250,0,,2.36,2.37,1
PO-006098,79,18,5,2025-10-07,2025-11-12,2025-11-10,250,243,0,,2.36,2.31,1
PO-006099,79,18,1,2025-10-14,2025-11-19,2025-11-19,250,250,0,,2.36,2.36,1
PO-006100,79,18,5,2025-10-21,2025-11-26,2025-11-24,250,250,0,,2.36,2.33,1
PO-006101,79,18,7,2025-11-04,2025-12-10,2025-12-07,250,250,0,,2.36,2.39,1
PO-006102,79,18,6,2025-11-11,2025-12-17,2025-12-12,250,250,0,,2.36,2.28,1
PO-006103,79,18,1,2025-11-18,2025-12-24,2025-12-06,250,250,0,,2.36,2.34,1
PO-006104,79,18,7,2025-11-25,2025-12-31,2025-12-28,250,250,0,,2.36,2.34,1
PO-006105,79,18,7,2025-12-02,2026-01-07,2026-01-07,250,250,0,,2.36,2.37,1
PO-006106,79,18,2,2025-12-09,2026-01-14,2026-01-11,250,250,0,,2.36,2.34,1
PO-006107,79,18,2,2025-12-16,2026-01-21,2026-01-15,250,250,0,,2.36,2.33,1
PO-006108,79,18,4,2025-12-23,2026-01-28,2026-01-26,250,250,0,,2.36,2.32,1
PO-006109,79,18,8,2025-12-30,2026-02-04,2026-02-14,250,250,0,,2.36,2.35,1
PO-006110,79,18,2,2026-01-06,2026-02-11,2026-02-09,250,240,0,,2.36,2.32,1
PO-006111,79,18,5,2026-01-13,2026-02-18,2026-02-17,250,250,0,,2.36,2.38,1
PO-006112,79,18,7,2026-01-20,2026-02-25,2026-02-21,250,250,0,,2.36,2.33,1
PO-006113,79,18,8,2026-01-27,2026-03-04,2026-02-25,250,250,0,,2.36,2.35,1
PO-006114,79,18,4,2026-02-03,2026-03-11,2026-03-05,250,250,0,,2.36,2.32,1
PO-006115,79,18,7,2026-02-10,2026-03-18,2026-03-07,250,250,0,,2.36,2.38,1
PO-006116,79,18,7,2026-02-17,2026-03-25,2026-03-15,250,250,0,,2.36,2.33,1
PO-006117,79,18,7,2026-02-24,2026-04-01,2026-03-27,250,238,0,,2.36,2.37,1
PO-006118,79,18,2,2026-03-03,2026-04-08,2026-04-04,250,250,0,,2.36,2.32,1
PO-006119,79,18,2,2026-03-17,2026-04-22,2026-04-12,250,250,0,,2.36,2.33,1
PO-006120,79,18,1,2026-03-24,2026-04-29,2026-04-14,250,250,0,,2.36,2.38,1
PO-006121,79,18,4,2026-03-31,2026-05-06,2026-04-29,250,250,0,,2.36,2.31,1
PO-006122,79,18,10,2026-04-07,2026-05-13,2026-05-19,250,250,0,,2.36,2.33,1
PO-006123,79,18,5,2026-04-14,2026-05-20,2026-05-19,250,250,0,,2.36,2.35,1
PO-006124,79,18,2,2026-04-21,2026-05-27,2026-05-25,250,250,19,Damaged packaging,2.36,2.32,1
PO-006125,79,18,4,2026-05-05,2026-06-10,2026-05-30,250,250,0,,2.36,2.35,1
PO-006126,79,18,2,2026-05-12,2026-06-17,2026-06-14,250,250,0,,2.36,2.3,1
PO-006127,79,18,7,2026-05-19,2026-06-24,2026-06-18,250,250,0,,2.36,2.35,1
PO-006128,79,18,2,2026-05-26,2026-07-01,2026-07-14,250,250,0,,2.36,2.32,1
PO-006129,79,18,8,2026-06-02,2026-07-08,2026-06-17,250,250,0,,2.36,2.32,1
PO-006130,79,18,1,2026-06-09,2026-07-15,2026-07-08,250,250,0,,2.36,2.34,1
PO-006131,79,18,4,2026-06-16,2026-07-22,2026-07-04,250,250,0,,2.36,2.33,1
PO-006132,79,18,4,2026-06-23,2026-07-29,2026-07-17,250,250,0,,2.36,2.3,1
PO-006133,79,18,6,2026-06-30,2026-08-05,2026-08-01,250,240,0,,2.36,2.32,1
PO-006134,79,20,7,2025-03-04,2025-04-10,2025-04-10,142,142,0,,2.61,2.68,0
PO-006135,79,20,1,2025-12-16,2026-01-22,2026-01-22,122,122,0,,2.61,2.72,0
PO-006136,80,4,3,2025-01-28,2025-02-09,2025-02-16,250,250,0,,14.48,15.12,0
PO-006137,80,4,10,2025-02-11,2025-02-23,2025-02-20,250,250,0,,14.48,14.6,0
PO-006138,80,4,7,2025-03-04,2025-03-16,2025-03-31,250,250,0,,14.48,14.78,0
PO-006139,80,4,1,2025-07-15,2025-07-27,2025-07-26,250,250,0,,14.48,14.99,0
PO-006140,80,4,3,2025-07-29,2025-08-10,2025-08-08,250,243,0,,14.48,14.53,0
PO-006141,80,4,4,2025-08-19,2025-08-31,2025-08-30,275,275,0,,14.48,14.77,0
PO-006142,80,4,1,2026-01-13,2026-01-25,2026-01-25,250,250,0,,14.48,15.14,0
PO-006143,80,4,4,2026-02-10,2026-02-22,2026-02-20,250,250,0,,14.48,14.59,0
PO-006144,80,4,4,2026-03-03,2026-03-15,2026-03-14,250,250,0,,14.48,14.65,0
PO-006145,80,4,7,2026-05-26,2026-06-07,2026-06-04,250,243,0,,14.48,14.97,0
PO-006146,80,4,7,2026-06-09,2026-06-21,2026-06-20,250,250,0,,14.48,14.93,0
PO-006147,80,9,10,2025-01-07,2025-01-17,2025-01-16,160,160,0,,14.56,14.37,1
PO-006148,80,9,5,2025-01-14,2025-01-24,2025-01-22,173,173,0,,14.56,14.45,1
PO-006149,80,9,5,2025-01-21,2025-01-31,2025-01-30,122,122,0,,14.56,14.49,1
PO-006150,80,9,3,2025-01-28,2025-02-07,2025-02-05,215,201,0,,14.56,14.56,1
PO-006151,80,9,7,2025-02-04,2025-02-14,2025-02-13,169,169,0,,14.56,14.4,1
PO-006152,80,9,9,2025-02-18,2025-02-28,2025-02-26,237,237,0,,14.56,14.34,1
PO-006153,80,9,1,2025-02-25,2025-03-07,2025-03-05,247,247,0,,14.56,14.45,1
PO-006154,80,9,10,2025-03-04,2025-03-14,2025-03-12,237,237,0,,14.56,14.31,1
PO-006155,80,9,9,2025-03-11,2025-03-21,2025-03-21,171,164,0,,14.56,14.36,1
PO-006156,80,9,1,2025-03-18,2025-03-28,2025-03-27,169,169,0,,14.56,14.34,1
PO-006157,80,9,10,2025-03-25,2025-04-04,2025-04-03,214,214,0,,14.56,14.4,1
PO-006158,80,9,9,2025-04-01,2025-04-11,2025-04-10,246,246,0,,14.56,14.53,1
PO-006159,80,9,3,2025-04-08,2025-04-18,2025-04-16,222,222,0,,14.56,14.68,1
PO-006160,80,9,7,2025-04-22,2025-05-02,2025-05-01,198,198,0,,14.56,14.79,1
PO-006161,80,9,7,2025-04-29,2025-05-09,2025-05-07,255,255,0,,14.56,14.69,1
PO-006162,80,9,10,2025-05-13,2025-05-23,2025-05-23,172,172,0,,14.56,14.77,1
PO-006163,80,9,3,2025-05-20,2025-05-30,2025-05-27,238,238,0,,14.56,14.54,1
PO-006164,80,9,4,2025-05-27,2025-06-06,2025-06-02,164,164,0,,14.56,14.43,1
PO-006165,80,9,3,2025-06-03,2025-06-13,2025-06-14,213,213,0,,14.56,14.55,1
PO-006166,80,9,7,2025-06-10,2025-06-20,2025-06-19,185,185,0,,14.56,14.32,1
PO-006167,80,9,9,2025-06-17,2025-06-27,2025-06-26,197,197,0,,14.56,14.46,1
PO-006168,80,9,1,2025-06-24,2025-07-04,2025-07-04,208,208,0,,14.56,14.59,1
PO-006169,80,9,9,2025-07-01,2025-07-11,2025-07-11,117,117,0,,14.56,14.47,1
PO-006170,80,9,4,2025-07-08,2025-07-18,2025-07-18,233,233,0,,14.56,14.48,1
PO-006171,80,9,1,2025-07-15,2025-07-25,2025-07-25,203,203,0,,14.56,14.61,1
PO-006172,80,9,5,2025-07-22,2025-08-01,2025-07-31,192,192,0,,14.56,14.4,1
PO-006173,80,9,4,2025-07-29,2025-08-08,2025-08-05,177,177,0,,14.56,14.41,1
PO-006174,80,9,7,2025-08-05,2025-08-15,2025-08-14,136,136,0,,14.56,14.45,1
PO-006175,80,9,3,2025-08-19,2025-08-29,2025-08-27,210,210,0,,14.56,14.74,1
PO-006176,80,9,1,2025-08-26,2025-09-05,2025-09-03,194,194,0,,14.56,14.24,1
PO-006177,80,9,1,2025-09-02,2025-09-12,2025-09-10,239,239,0,,14.56,14.56,1
PO-006178,80,9,5,2025-09-09,2025-09-19,2025-09-18,206,206,0,,14.56,14.71,1
PO-006179,80,9,10,2025-09-16,2025-09-26,2025-09-25,274,274,0,,14.56,14.22,1
PO-006180,80,9,4,2025-09-23,2025-10-03,2025-10-01,228,228,0,,14.56,14.62,1
PO-006181,80,9,4,2025-09-30,2025-10-10,2025-10-09,193,193,6,Documentation incomplete,14.56,14.55,1
PO-006182,80,9,4,2025-10-14,2025-10-24,2025-10-23,186,186,0,,14.56,14.79,1
PO-006183,80,9,4,2025-10-21,2025-10-31,2025-11-05,269,269,0,,14.56,14.43,1
PO-006184,80,9,10,2025-10-28,2025-11-07,2025-11-05,200,200,0,,14.56,14.18,1
PO-006185,80,9,9,2025-11-11,2025-11-21,2025-11-19,180,180,0,,14.56,14.46,1
PO-006186,80,9,5,2025-11-18,2025-11-28,2025-11-27,181,181,0,,14.56,14.44,1
PO-006187,80,9,9,2025-11-25,2025-12-05,2025-12-04,197,190,0,,14.56,14.41,1
PO-006188,80,9,9,2025-12-16,2025-12-26,2025-12-25,143,143,6,Short shelf life on arrival,14.56,14.6,1
PO-006189,80,9,7,2025-12-23,2026-01-02,2026-01-01,186,186,0,,14.56,14.5,1
PO-006190,80,9,5,2025-12-30,2026-01-09,2026-01-09,195,195,0,,14.56,14.35,1
PO-006191,80,9,3,2026-01-06,2026-01-16,2026-01-15,248,221,0,,14.56,14.36,1
PO-006192,80,9,7,2026-01-13,2026-01-23,2026-01-22,253,253,0,,14.56,14.46,1
PO-006193,80,9,5,2026-01-20,2026-01-30,2026-01-26,215,215,0,,14.56,14.38,1
PO-006194,80,9,5,2026-01-27,2026-02-06,2026-02-05,244,244,11,Temperature excursion in transit,14.56,14.3,1
PO-006195,80,9,9,2026-02-03,2026-02-13,2026-02-14,211,211,0,,14.56,14.44,1
PO-006196,80,9,7,2026-02-17,2026-02-27,2026-02-27,204,204,0,,14.56,14.58,1
PO-006197,80,9,10,2026-02-24,2026-03-06,2026-03-06,212,212,8,Damaged packaging,14.56,14.15,1
PO-006198,80,9,3,2026-03-03,2026-03-13,2026-03-14,215,215,0,,14.56,14.42,1
PO-006199,80,9,9,2026-03-10,2026-03-20,2026-03-19,205,205,0,,14.56,14.66,1
PO-006200,80,9,3,2026-03-17,2026-03-27,2026-03-26,118,118,0,,14.56,14.51,1
PO-006201,80,9,4,2026-03-24,2026-04-03,2026-03-31,245,245,0,,14.56,14.38,1
PO-006202,80,9,1,2026-03-31,2026-04-10,2026-04-09,161,161,0,,14.56,14.37,1
PO-006203,80,9,10,2026-04-07,2026-04-17,2026-04-15,179,179,0,,14.56,14.43,1
PO-006204,80,9,9,2026-04-14,2026-04-24,2026-04-23,169,162,0,,14.56,14.6,1
PO-006205,80,9,3,2026-04-21,2026-05-01,2026-05-02,190,190,0,,14.56,14.12,1
PO-006206,80,9,9,2026-04-28,2026-05-08,2026-05-08,125,125,0,,14.56,14.53,1
PO-006207,80,9,4,2026-05-05,2026-05-15,2026-05-15,223,223,11,Damaged packaging,14.56,14.57,1
PO-006208,80,9,9,2026-05-12,2026-05-22,2026-05-19,116,116,0,,14.56,14.51,1
PO-006209,80,9,4,2026-05-19,2026-05-29,2026-05-29,103,103,0,,14.56,14.44,1
PO-006210,80,9,4,2026-05-26,2026-06-05,2026-06-04,172,172,0,,14.56,14.59,1
PO-006211,80,9,3,2026-06-02,2026-06-12,2026-06-11,260,260,0,,14.56,14.5,1
PO-006212,80,9,1,2026-06-09,2026-06-19,2026-06-17,186,186,0,,14.56,14.24,1
PO-006213,80,9,9,2026-06-23,2026-07-03,2026-07-01,123,123,0,,14.56,14.55,1
PO-006214,81,16,2,2025-01-14,2025-02-14,2025-02-12,500,500,0,,9.31,9.0,1
PO-006215,81,16,2,2025-01-21,2025-02-21,2025-02-19,500,500,0,,9.31,9.1,1
PO-006216,81,16,2,2025-01-28,2025-02-28,2025-02-27,500,500,0,,9.31,9.12,1
PO-006217,81,16,5,2025-02-04,2025-03-07,2025-03-04,500,500,0,,9.31,9.15,1
PO-006218,81,16,2,2025-02-11,2025-03-14,2025-03-06,500,500,0,,9.31,9.13,1
PO-006219,81,16,6,2025-02-18,2025-03-21,2025-03-19,500,500,0,,9.31,9.04,1
PO-006220,81,16,7,2025-02-25,2025-03-28,2025-03-26,500,500,0,,9.31,9.05,1
PO-006221,81,16,6,2025-03-04,2025-04-04,2025-04-02,500,500,0,,9.31,9.07,1
PO-006222,81,16,2,2025-03-18,2025-04-18,2025-04-09,500,500,0,,9.31,8.91,1
PO-006223,81,16,6,2025-03-25,2025-04-25,2025-04-24,500,500,0,,9.31,9.11,1
PO-006224,81,16,5,2025-04-08,2025-05-09,2025-05-06,500,500,0,,9.31,9.03,1
PO-006225,81,16,4,2025-04-15,2025-05-16,2025-05-11,500,500,0,,9.31,8.97,1
PO-006226,81,16,10,2025-04-22,2025-05-23,2025-05-12,500,500,0,,9.31,9.09,1
PO-006227,81,16,5,2025-04-29,2025-05-30,2025-05-28,500,500,0,,9.31,9.13,1
PO-006228,81,16,6,2025-05-06,2025-06-06,2025-05-22,500,500,0,,9.31,9.12,1
PO-006229,81,16,7,2025-05-13,2025-06-13,2025-06-13,500,500,0,,9.31,9.08,1
PO-006230,81,16,1,2025-05-20,2025-06-20,2025-06-16,500,500,0,,9.31,9.15,1
PO-006231,81,16,1,2025-06-24,2025-07-25,2025-07-22,500,500,0,,9.31,9.01,1
PO-006232,81,16,4,2025-07-01,2025-08-01,2025-07-27,500,500,0,,9.31,8.98,1
PO-006233,81,16,10,2025-07-08,2025-08-08,2025-08-03,500,500,0,,9.31,9.27,1
PO-006234,81,16,1,2025-07-15,2025-08-15,2025-08-10,500,500,0,,9.31,9.12,1
PO-006235,81,16,6,2025-07-29,2025-08-29,2025-08-25,500,500,0,,9.31,9.1,1
PO-006236,81,16,6,2025-08-12,2025-09-12,2025-09-11,500,500,0,,9.31,9.16,1
PO-006237,81,16,8,2025-08-26,2025-09-26,2025-09-25,500,500,0,,9.31,9.08,1
PO-006238,81,16,8,2025-09-02,2025-10-03,2025-10-01,500,500,0,,9.31,9.13,1
PO-006239,81,16,5,2025-09-16,2025-10-17,2025-10-06,500,500,0,,9.31,8.99,1
PO-006240,81,16,1,2025-09-23,2025-10-24,2025-11-10,500,500,0,,9.31,9.04,1
PO-006241,81,16,7,2025-10-07,2025-11-07,2025-11-05,500,500,0,,9.31,8.95,1
PO-006242,81,16,6,2025-10-14,2025-11-14,2025-11-06,500,500,0,,9.31,8.92,1
PO-006243,81,16,5,2025-11-04,2025-12-05,2025-11-28,500,500,31,Damaged packaging,9.31,9.17,1
PO-006244,81,16,5,2025-11-11,2025-12-12,2025-12-10,500,500,0,,9.31,9.21,1
PO-006245,81,16,8,2025-11-18,2025-12-19,2025-12-30,500,500,0,,9.31,9.06,1
PO-006246,81,16,10,2025-11-25,2025-12-26,2025-12-16,500,500,0,,9.31,9.11,1
PO-006247,81,16,7,2025-12-02,2026-01-02,2025-12-25,500,500,0,,9.31,9.23,1
PO-006248,81,16,10,2025-12-09,2026-01-09,2025-12-29,500,500,0,,9.31,8.92,1
PO-006249,81,16,6,2025-12-16,2026-01-16,2026-01-09,500,500,0,,9.31,9.14,1
PO-006250,81,16,6,2025-12-23,2026-01-23,2026-01-23,500,500,0,,9.31,9.0,1
PO-006251,81,16,10,2025-12-30,2026-01-30,2026-01-28,500,500,0,,9.31,9.11,1
PO-006252,81,16,5,2026-01-13,2026-02-13,2026-02-05,500,500,0,,9.31,9.0,1
PO-006253,81,16,1,2026-01-20,2026-02-20,2026-02-19,500,500,0,,9.31,8.98,1
PO-006254,81,16,5,2026-01-27,2026-02-27,2026-02-22,500,500,16,Temperature excursion in transit,9.31,8.97,1
PO-006255,81,16,4,2026-02-10,2026-03-13,2026-03-12,500,500,0,,9.31,9.03,1
PO-006256,81,16,5,2026-03-03,2026-04-03,2026-03-26,500,500,0,,9.31,9.23,1
PO-006257,81,16,8,2026-03-10,2026-04-10,2026-03-31,500,500,0,,9.31,9.19,1
PO-006258,81,16,1,2026-03-24,2026-04-24,2026-04-19,500,500,0,,9.31,9.19,1
PO-006259,81,16,4,2026-03-31,2026-05-01,2026-04-19,500,500,0,,9.31,9.13,1
PO-006260,81,16,2,2026-04-07,2026-05-08,2026-05-03,500,500,0,,9.31,9.19,1
PO-006261,81,16,1,2026-04-14,2026-05-15,2026-05-03,500,500,0,,9.31,8.9,1
PO-006262,81,16,7,2026-04-28,2026-05-29,2026-05-24,500,500,0,,9.31,9.2,1
PO-006263,81,16,2,2026-05-05,2026-06-05,2026-05-28,500,500,0,,9.31,9.08,1
PO-006264,81,16,2,2026-05-19,2026-06-19,2026-06-13,500,480,0,,9.31,9.33,1
PO-006265,81,16,10,2026-05-26,2026-06-26,2026-06-19,500,500,0,,9.31,9.08,1
PO-006266,81,16,4,2026-06-09,2026-07-10,2026-07-04,500,500,0,,9.31,8.97,1
PO-006267,81,16,4,2026-06-16,2026-07-17,2026-07-14,500,500,0,,9.31,8.99,1
PO-006268,81,16,2,2026-06-23,2026-07-24,2026-07-23,500,500,0,,9.31,9.07,1
PO-006269,81,3,6,2025-01-28,2025-02-07,2025-02-06,250,250,0,,11.34,11.68,0
PO-006270,81,3,4,2025-02-11,2025-02-21,2025-02-21,250,250,0,,11.34,11.49,0
PO-006271,81,3,7,2025-04-15,2025-04-25,2025-04-22,250,250,0,,11.34,11.87,0
PO-006272,81,3,8,2025-04-22,2025-05-02,2025-05-02,250,250,0,,11.34,11.64,0
PO-006273,81,3,7,2025-06-24,2025-07-04,2025-07-04,250,250,0,,11.34,11.62,0
PO-006274,81,3,1,2025-07-01,2025-07-11,2025-07-11,250,250,0,,11.34,11.68,0
PO-006275,81,3,2,2025-07-15,2025-07-25,2025-07-24,250,250,0,,11.34,11.56,0
PO-006276,81,3,6,2025-07-29,2025-08-08,2025-08-06,250,250,0,,11.34,11.63,0
PO-006277,81,3,4,2025-10-07,2025-10-17,2025-10-17,250,250,0,,11.34,11.37,0
PO-006278,81,3,1,2025-12-16,2025-12-26,2025-12-25,250,250,0,,11.34,11.68,0
PO-006279,81,3,8,2026-01-20,2026-01-30,2026-01-28,250,250,0,,11.34,11.39,0
PO-006280,81,3,4,2026-02-10,2026-02-20,2026-02-19,250,250,0,,11.34,11.54,0
PO-006281,81,3,6,2026-03-31,2026-04-10,2026-04-10,250,250,0,,11.34,11.64,0
PO-006282,81,3,1,2026-04-28,2026-05-08,2026-05-08,250,250,0,,11.34,11.69,0
PO-006283,81,3,4,2026-06-09,2026-06-19,2026-06-19,250,250,0,,11.34,11.75,0
PO-006284,81,3,7,2026-06-30,2026-07-10,2026-07-08,250,250,0,,11.34,11.57,0
PO-006285,81,24,1,2025-02-25,2025-03-07,2025-03-06,500,500,0,,11.67,11.45,0
PO-006286,81,24,4,2025-06-03,2025-06-13,2025-06-12,500,500,0,,11.67,11.47,0
PO-006287,81,24,1,2025-06-24,2025-07-04,2025-07-03,500,500,0,,11.67,11.57,0
PO-006288,81,24,1,2025-07-22,2025-08-01,2025-07-31,500,500,0,,11.67,11.4,0
PO-006289,81,24,6,2025-09-16,2025-09-26,2025-09-24,500,500,0,,11.67,11.6,0
PO-006290,81,24,4,2025-10-28,2025-11-07,2025-11-06,500,500,0,,11.67,11.37,0
PO-006291,81,24,2,2025-11-11,2025-11-21,2025-11-20,500,500,0,,11.67,11.45,0
PO-006292,81,24,2,2025-11-25,2025-12-05,2025-12-02,500,500,0,,11.67,11.46,0
PO-006293,81,24,2,2025-12-23,2026-01-02,2026-01-02,500,500,0,,11.67,11.54,0
PO-006294,81,24,6,2026-01-27,2026-02-06,2026-02-04,500,500,0,,11.67,11.52,0
PO-006295,81,24,8,2026-02-03,2026-02-13,2026-02-13,500,500,0,,11.67,11.45,0
PO-006296,81,24,8,2026-02-17,2026-02-27,2026-02-25,500,500,0,,11.67,11.42,0
PO-006297,81,24,1,2026-04-07,2026-04-17,2026-04-17,500,500,0,,11.67,11.27,0
PO-006298,81,24,10,2026-04-14,2026-04-24,2026-04-22,500,500,0,,11.67,11.42,0
PO-006299,81,24,7,2026-05-12,2026-05-22,2026-05-19,500,500,0,,11.67,11.24,0
PO-006300,81,24,8,2026-06-16,2026-06-26,2026-06-24,500,500,0,,11.67,11.38,0
PO-006301,82,3,3,2025-01-07,2025-01-15,2025-01-15,237,196,0,,18.83,19.19,1
PO-006302,82,3,10,2025-01-21,2025-01-29,2025-01-28,254,254,0,,18.83,19.47,1
PO-006303,82,3,1,2025-02-04,2025-02-12,2025-02-11,222,222,0,,18.83,19.29,1
PO-006304,82,3,5,2025-02-11,2025-02-19,2025-02-18,269,269,0,,18.83,19.18,1
PO-006305,82,3,5,2025-02-18,2025-02-26,2025-02-26,299,299,0,,18.83,19.02,1
PO-006306,82,3,5,2025-03-04,2025-03-12,2025-03-11,349,349,0,,18.83,19.05,1
PO-006307,82,3,10,2025-03-11,2025-03-19,2025-03-19,296,296,0,,18.83,19.21,1
PO-006308,82,3,4,2025-03-18,2025-03-26,2025-03-26,301,301,0,,18.83,19.04,1
PO-006309,82,3,9,2025-03-25,2025-04-02,2025-04-02,180,180,0,,18.83,19.27,1
PO-006310,82,3,3,2025-04-01,2025-04-09,2025-04-08,276,260,0,,18.83,19.31,1
PO-006311,82,3,10,2025-04-22,2025-04-30,2025-04-29,273,258,0,,18.83,19.16,1
PO-006312,82,3,1,2025-05-27,2025-06-04,2025-06-04,217,184,0,,18.83,19.01,1
PO-006313,82,3,10,2025-06-03,2025-06-11,2025-06-10,356,356,0,,18.83,19.27,1
PO-006314,82,3,1,2025-06-10,2025-06-18,2025-06-18,285,285,0,,18.83,19.14,1
PO-006315,82,3,1,2025-07-01,2025-07-09,2025-07-08,312,312,0,,18.83,19.42,1
PO-006316,82,3,3,2025-07-15,2025-07-23,2025-07-21,217,217,0,,18.83,19.33,1
PO-006317,82,3,10,2025-07-22,2025-07-30,2025-07-30,351,351,0,,18.83,18.99,1
PO-006318,82,3,4,2025-07-29,2025-08-06,2025-08-05,217,217,0,,18.83,18.91,1
PO-006319,82,3,10,2025-08-05,2025-08-13,2025-08-13,242,200,0,,18.83,19.08,1
PO-006320,82,3,10,2025-08-19,2025-08-27,2025-08-26,181,181,0,,18.83,19.28,1
PO-006321,82,3,5,2025-08-26,2025-09-03,2025-09-03,379,316,0,,18.83,19.33,1
PO-006322,82,3,10,2025-09-02,2025-09-10,2025-09-09,280,280,0,,18.83,19.12,1
PO-006323,82,3,10,2025-09-16,2025-09-24,2025-09-23,288,288,0,,18.83,19.28,1
PO-006324,82,3,7,2025-10-07,2025-10-15,2025-10-15,387,387,0,,18.83,19.32,1
PO-006325,82,3,10,2025-10-21,2025-10-29,2025-10-29,282,282,0,,18.83,19.47,1
PO-006326,82,3,3,2025-11-18,2025-11-26,2025-11-24,282,282,0,,18.83,19.42,1
PO-006327,82,3,1,2025-11-25,2025-12-03,2025-12-02,359,359,0,,18.83,19.07,1
PO-006328,82,3,3,2025-12-02,2025-12-10,2025-12-09,313,313,0,,18.83,19.23,1
PO-006329,82,3,3,2025-12-16,2025-12-24,2025-12-23,300,300,0,,18.83,19.42,1
PO-006330,82,3,3,2025-12-23,2025-12-31,2025-12-31,261,261,0,,18.83,19.26,1
PO-006331,82,3,4,2025-12-30,2026-01-07,2026-01-07,225,225,0,,18.83,19.31,1
PO-006332,82,3,7,2026-01-13,2026-01-21,2026-01-20,311,311,0,,18.83,19.24,1
PO-006333,82,3,1,2026-01-20,2026-01-28,2026-01-27,275,275,0,,18.83,19.48,1
PO-006334,82,3,5,2026-01-27,2026-02-04,2026-02-03,236,236,0,,18.83,19.69,1
PO-006335,82,3,4,2026-02-10,2026-02-18,2026-02-17,346,346,0,,18.83,19.04,1
PO-006336,82,3,10,2026-02-17,2026-02-25,2026-02-25,187,187,0,,18.83,19.26,1
PO-006337,82,3,1,2026-02-24,2026-03-04,2026-03-04,343,343,0,,18.83,19.26,1
PO-006338,82,3,10,2026-03-17,2026-03-25,2026-03-25,220,220,0,,18.83,19.37,1
PO-006339,82,3,3,2026-03-31,2026-04-08,2026-04-08,318,318,0,,18.83,19.1,1
PO-006340,82,3,3,2026-04-14,2026-04-22,2026-04-21,265,265,0,,18.83,19.32,1
PO-006341,82,3,1,2026-05-05,2026-05-13,2026-05-13,370,370,0,,18.83,19.11,1
PO-006342,82,3,5,2026-05-19,2026-05-27,2026-05-27,252,252,0,,18.83,19.07,1
PO-006343,82,3,5,2026-05-26,2026-06-03,2026-06-02,254,254,0,,18.83,19.18,1
PO-006344,82,3,4,2026-06-02,2026-06-10,2026-06-09,243,243,0,,18.83,19.29,1
PO-006345,82,3,10,2026-06-16,2026-06-24,2026-06-24,334,334,0,,18.83,18.94,1
PO-006346,82,3,1,2026-06-23,2026-07-01,2026-07-01,191,191,0,,18.83,19.55,1
PO-006347,82,17,5,2025-01-14,2025-01-30,2025-01-28,500,500,0,,15.44,15.3,0
PO-006348,82,17,10,2025-02-25,2025-03-13,2025-03-10,500,500,0,,15.44,15.22,0
PO-006349,82,17,5,2025-03-04,2025-03-20,2025-03-18,500,500,0,,15.44,15.73,0
PO-006350,82,17,10,2025-04-01,2025-04-17,2025-04-07,500,500,0,,15.44,15.58,0
PO-006351,82,17,4,2025-04-22,2025-05-08,2025-05-06,500,500,0,,15.44,15.3,0
PO-006352,82,17,4,2025-05-06,2025-05-22,2025-05-27,500,500,18,Temperature excursion in transit,15.44,15.51,0
PO-006353,82,17,10,2025-05-20,2025-06-05,2025-06-03,500,500,0,,15.44,15.47,0
PO-006354,82,17,3,2025-07-15,2025-07-31,2025-08-01,500,500,0,,15.44,15.65,0
PO-006355,82,17,9,2025-07-29,2025-08-14,2025-08-12,500,500,0,,15.44,15.65,0
PO-006356,82,17,4,2025-08-05,2025-08-21,2025-08-19,500,500,0,,15.44,15.68,0
PO-006357,82,17,10,2025-08-26,2025-09-11,2025-09-04,500,500,0,,15.44,15.64,0
PO-006358,82,17,10,2025-09-16,2025-10-02,2025-09-23,500,500,0,,15.44,15.37,0
PO-006359,82,17,9,2025-09-23,2025-10-09,2025-10-16,500,478,0,,15.44,15.23,0
PO-006360,82,17,3,2025-10-07,2025-10-23,2025-10-17,500,500,0,,15.44,15.71,0
PO-006361,82,17,10,2025-10-28,2025-11-13,2025-11-07,500,500,0,,15.44,15.66,0
PO-006362,82,17,10,2025-11-25,2025-12-11,2025-12-11,500,500,0,,15.44,15.71,0
PO-006363,82,17,10,2026-01-13,2026-01-29,2026-01-26,500,500,0,,15.44,15.56,0
PO-006364,82,17,5,2026-01-20,2026-02-05,2026-02-01,500,500,0,,15.44,15.66,0
PO-006365,82,17,10,2026-02-03,2026-02-19,2026-02-17,500,500,0,,15.44,15.32,0
PO-006366,82,17,3,2026-03-03,2026-03-19,2026-03-16,500,500,0,,15.44,15.49,0
PO-006367,82,17,7,2026-04-07,2026-04-23,2026-04-16,500,500,0,,15.44,15.4,0
PO-006368,82,17,7,2026-04-28,2026-05-14,2026-05-30,500,500,0,,15.44,15.66,0
PO-006369,82,17,10,2026-05-19,2026-06-04,2026-06-03,500,500,0,,15.44,15.54,0
PO-006370,82,17,7,2026-06-02,2026-06-18,2026-06-15,500,500,0,,15.44,15.54,0
PO-006371,82,17,1,2026-06-16,2026-07-02,2026-06-30,500,500,0,,15.44,15.57,0
PO-006372,82,17,7,2026-06-30,2026-07-16,2026-07-16,500,500,0,,15.44,15.38,0
PO-006373,83,2,1,2025-01-07,2025-02-16,2025-02-03,285,285,0,,9.2,9.34,1
PO-006374,83,2,10,2025-01-14,2025-02-23,2025-02-21,550,550,0,,9.2,9.5,1
PO-006375,83,2,6,2025-02-11,2025-03-23,2025-03-23,452,452,0,,9.2,9.4,1
PO-006376,83,2,1,2025-02-18,2025-03-30,2025-03-16,208,208,0,,9.2,9.44,1
PO-006377,83,2,8,2025-02-25,2025-04-06,2025-03-22,532,490,0,,9.2,9.38,1
PO-006378,83,2,6,2025-03-25,2025-05-04,2025-04-14,332,332,0,,9.2,9.23,1
PO-006379,83,2,2,2025-04-08,2025-05-18,2025-05-09,596,596,0,,9.2,9.61,1
PO-006380,83,2,6,2025-04-22,2025-06-01,2025-05-30,296,296,0,,9.2,9.31,1
PO-006381,83,2,1,2025-05-13,2025-06-22,2025-06-07,270,270,0,,9.2,9.51,1
PO-006382,83,2,8,2025-05-20,2025-06-29,2025-06-15,337,337,0,,9.2,9.42,1
PO-006383,83,2,8,2025-05-27,2025-07-06,2025-07-06,436,436,0,,9.2,9.38,1
PO-006384,83,2,5,2025-06-03,2025-07-13,2025-06-27,442,396,0,,9.2,9.49,1
PO-006385,83,2,2,2025-06-10,2025-07-20,2025-07-07,403,403,0,,9.2,9.25,1
PO-006386,83,2,5,2025-07-01,2025-08-10,2025-08-02,387,387,0,,9.2,9.45,1
PO-006387,83,2,5,2025-07-15,2025-08-24,2025-08-01,327,327,0,,9.2,9.43,1
PO-006388,83,2,4,2025-07-22,2025-08-31,2025-08-21,439,439,0,,9.2,9.38,1
PO-006389,83,2,4,2025-08-05,2025-09-14,2025-09-08,412,412,0,,9.2,9.39,1
PO-006390,83,2,8,2025-08-19,2025-09-28,2025-09-27,383,383,0,,9.2,9.35,1
PO-006391,83,2,2,2025-08-26,2025-10-05,2025-09-19,513,473,0,,9.2,9.56,1
PO-006392,83,2,1,2025-09-23,2025-11-02,2025-10-19,438,438,0,,9.2,9.35,1
PO-006393,83,2,5,2025-10-21,2025-11-30,2025-11-07,509,509,0,,9.2,9.43,1
PO-006394,83,2,4,2025-11-04,2025-12-14,2025-12-07,483,431,0,,9.2,9.51,1
PO-006395,83,2,5,2025-11-11,2025-12-21,2025-12-15,424,424,0,,9.2,9.52,1
PO-006396,83,2,4,2025-11-18,2025-12-28,2025-12-14,532,532,0,,9.2,9.32,1
PO-006397,83,2,7,2025-12-09,2026-01-18,2026-02-14,427,394,0,,9.2,9.38,1
PO-006398,83,2,7,2025-12-23,2026-02-01,2026-01-11,361,323,0,,9.2,9.38,1
PO-006399,83,2,6,2025-12-30,2026-02-08,2026-01-31,513,513,0,,9.2,9.36,1
PO-006400,83,2,4,2026-01-20,2026-03-01,2026-02-12,378,358,0,,9.2,9.39,1
PO-006401,83,2,10,2026-01-27,2026-03-08,2026-03-03,480,480,0,,9.2,9.53,1
PO-006402,83,2,7,2026-02-24,2026-04-05,2026-03-19,614,614,0,,9.2,9.48,1
PO-006403,83,2,7,2026-03-10,2026-04-19,2026-03-27,391,391,0,,9.2,9.47,1
PO-006404,83,2,5,2026-03-24,2026-05-03,2026-05-01,509,509,72,Documentation incomplete,9.2,9.42,1
PO-006405,83,2,1,2026-04-21,2026-05-31,2026-05-29,446,446,0,,9.2,9.61,1
PO-006406,83,2,7,2026-04-28,2026-06-07,2026-06-02,380,366,0,,9.2,9.48,1
PO-006407,83,2,8,2026-05-12,2026-06-21,2026-06-10,380,380,0,,9.2,9.44,1
PO-006408,83,2,10,2026-06-02,2026-07-12,2026-07-01,330,330,0,,9.2,9.4,1
PO-006409,83,2,5,2026-06-30,2026-08-09,2026-07-26,200,200,0,,9.2,9.37,1
PO-006410,83,24,10,2025-07-22,2025-07-31,2025-07-31,100,100,13,Documentation incomplete,13.03,12.79,0
PO-006411,83,4,6,2025-01-14,2025-01-26,2025-01-26,410,410,0,,13.01,13.26,0
PO-006412,83,4,6,2025-01-21,2025-02-02,2025-01-31,423,423,14,Short shelf life on arrival,13.01,13.58,0
PO-006413,83,4,10,2025-01-28,2025-02-09,2025-02-08,196,196,0,,13.01,13.47,0
PO-006414,83,4,8,2025-02-11,2025-02-23,2025-02-21,390,390,0,,13.01,13.47,0
PO-006415,83,4,10,2025-02-18,2025-03-02,2025-02-28,329,329,0,,13.01,13.44,0
PO-006416,83,4,5,2025-02-25,2025-03-09,2025-03-08,351,351,0,,13.01,13.38,0
PO-006417,83,4,6,2025-03-04,2025-03-16,2025-03-24,209,209,0,,13.01,13.37,0
PO-006418,83,4,7,2025-03-11,2025-03-23,2025-03-23,358,358,0,,13.01,13.36,0
PO-006419,83,4,10,2025-04-08,2025-04-20,2025-04-15,428,428,0,,13.01,13.28,0
PO-006420,83,4,5,2025-05-06,2025-05-18,2025-06-06,582,582,0,,13.01,13.5,0
PO-006421,83,4,7,2025-06-03,2025-06-15,2025-06-15,491,491,0,,13.01,13.52,0
PO-006422,83,4,1,2025-07-08,2025-07-20,2025-08-03,299,299,0,,13.01,13.43,0
PO-006423,83,4,4,2025-07-15,2025-07-27,2025-07-24,310,310,15,Documentation incomplete,13.01,13.21,0
PO-006424,83,4,5,2025-07-29,2025-08-10,2025-08-09,364,364,0,,13.01,13.39,0
PO-006425,83,4,7,2025-08-05,2025-08-17,2025-08-14,282,282,0,,13.01,13.46,0
PO-006426,83,4,8,2025-08-12,2025-08-24,2025-09-03,409,409,0,,13.01,13.37,0
PO-006427,83,4,4,2025-08-19,2025-08-31,2025-09-02,243,231,10,Temperature excursion in transit,13.01,13.34,0
PO-006428,83,4,5,2025-09-02,2025-09-14,2025-09-15,366,366,0,,13.01,13.38,0
PO-006429,83,4,5,2025-09-09,2025-09-21,2025-09-25,403,403,0,,13.01,13.49,0
PO-006430,83,4,7,2025-10-21,2025-11-02,2025-10-26,457,457,28,Failed spec check,13.01,13.62,0
PO-006431,83,4,10,2025-11-04,2025-11-16,2025-11-21,461,461,0,,13.01,13.42,0
PO-006432,83,4,2,2025-11-11,2025-11-23,2025-12-05,445,445,0,,13.01,13.33,0
PO-006433,83,4,10,2025-11-18,2025-11-30,2025-11-28,399,399,0,,13.01,13.55,0
PO-006434,83,4,8,2025-12-02,2025-12-14,2025-12-11,348,348,0,,13.01,13.38,0
PO-006435,83,4,1,2025-12-30,2026-01-11,2026-01-10,296,296,0,,13.01,13.47,0
PO-006436,83,4,7,2026-01-06,2026-01-18,2026-01-15,303,303,0,,13.01,13.37,0
PO-006437,83,4,5,2026-01-13,2026-01-25,2026-02-06,359,359,0,,13.01,13.26,0
PO-006438,83,4,10,2026-01-20,2026-02-01,2026-02-01,345,345,0,,13.01,13.45,0
PO-006439,83,4,6,2026-03-03,2026-03-15,2026-03-20,371,371,17,Temperature excursion in transit,13.01,13.37,0
PO-006440,83,4,5,2026-03-10,2026-03-22,2026-03-19,328,328,0,,13.01,13.49,0
PO-006441,83,4,4,2026-03-17,2026-03-29,2026-03-27,357,357,0,,13.01,13.42,0
PO-006442,83,4,2,2026-03-24,2026-04-05,2026-04-02,427,427,0,,13.01,13.56,0
PO-006443,83,4,1,2026-03-31,2026-04-12,2026-05-10,410,410,0,,13.01,13.27,0
PO-006444,83,4,10,2026-04-07,2026-04-19,2026-04-16,290,290,0,,13.01,13.46,0
PO-006445,83,4,6,2026-04-14,2026-04-26,2026-05-07,401,386,0,,13.01,13.34,0
PO-006446,83,4,8,2026-04-28,2026-05-10,2026-05-11,271,271,8,Documentation incomplete,13.01,13.25,0
PO-006447,83,4,5,2026-05-05,2026-05-17,2026-05-12,306,306,0,,13.01,13.52,0
PO-006448,83,4,1,2026-05-19,2026-05-31,2026-06-01,496,496,0,,13.01,13.51,0
PO-006449,83,4,5,2026-06-02,2026-06-14,2026-06-13,240,240,0,,13.01,13.41,0
PO-006450,83,4,5,2026-06-09,2026-06-21,2026-06-26,367,367,0,,13.01,13.47,0
PO-006451,83,4,5,2026-06-23,2026-07-05,2026-07-05,395,395,0,,13.01,13.2,0
PO-006452,83,4,6,2026-06-30,2026-07-12,2026-07-12,385,366,0,,13.01,13.48,0
PO-006453,84,9,4,2025-01-07,2025-01-17,2025-01-15,57,50,0,,17.97,17.9,1
PO-006454,84,9,5,2025-01-14,2025-01-24,2025-01-23,75,75,0,,17.97,17.67,1
PO-006455,84,9,7,2025-01-21,2025-01-31,2025-01-29,50,50,0,,17.97,18.01,1
PO-006456,84,9,8,2025-01-28,2025-02-07,2025-02-06,50,50,0,,17.97,17.96,1
PO-006457,84,9,1,2025-02-04,2025-02-14,2025-02-12,95,92,0,,17.97,18.05,1
PO-006458,84,9,6,2025-02-11,2025-02-21,2025-02-27,59,59,0,,17.97,17.85,1
PO-006459,84,9,5,2025-02-18,2025-02-28,2025-02-27,76,76,0,,17.97,18.2,1
PO-006460,84,9,2,2025-02-25,2025-03-07,2025-03-08,50,50,0,,17.97,17.95,1
PO-006461,84,9,2,2025-03-04,2025-03-14,2025-03-13,52,52,0,,17.97,18.05,1
PO-006462,84,9,1,2025-03-11,2025-03-21,2025-03-21,80,80,0,,17.97,18.19,1
PO-006463,84,9,8,2025-03-18,2025-03-28,2025-03-27,50,50,0,,17.97,17.8,1
PO-006464,84,9,6,2025-03-25,2025-04-04,2025-04-03,75,75,0,,17.97,18.14,1
PO-006465,84,9,7,2025-04-01,2025-04-11,2025-04-11,50,50,0,,17.97,17.37,1
PO-006466,84,9,6,2025-04-08,2025-04-18,2025-04-17,80,80,0,,17.97,18.17,1
PO-006467,84,9,4,2025-04-15,2025-04-25,2025-04-24,62,62,0,,17.97,18.19,1
PO-006468,84,9,4,2025-04-22,2025-05-02,2025-05-01,54,54,0,,17.97,17.9,1
PO-006469,84,9,6,2025-04-29,2025-05-09,2025-05-05,74,74,0,,17.97,17.79,1
PO-006470,84,9,4,2025-05-06,2025-05-16,2025-05-13,50,50,0,,17.97,18.02,1
PO-006471,84,9,6,2025-05-13,2025-05-23,2025-05-23,74,74,0,,17.97,18.05,1
PO-006472,84,9,7,2025-05-20,2025-05-30,2025-05-29,62,62,0,,17.97,17.86,1
PO-006473,84,9,2,2025-05-27,2025-06-06,2025-06-06,72,72,0,,17.97,17.8,1
PO-006474,84,9,6,2025-06-03,2025-06-13,2025-06-11,71,63,0,,17.97,17.85,1
PO-006475,84,9,7,2025-06-10,2025-06-20,2025-06-17,66,66,0,,17.97,17.72,1
PO-006476,84,9,5,2025-06-17,2025-06-27,2025-06-27,56,56,0,,17.97,17.42,1
PO-006477,84,9,5,2025-06-24,2025-07-04,2025-07-04,67,67,0,,17.97,17.92,1
PO-006478,84,9,1,2025-07-01,2025-07-11,2025-07-10,57,57,0,,17.97,18.1,1
PO-006479,84,9,6,2025-07-08,2025-07-18,2025-07-15,64,64,0,,17.97,17.91,1
PO-006480,84,9,8,2025-07-15,2025-07-25,2025-07-23,61,61,0,,17.97,17.87,1
PO-006481,84,9,5,2025-07-22,2025-08-01,2025-07-31,63,63,0,,17.97,17.7,1
PO-006482,84,9,6,2025-07-29,2025-08-08,2025-08-07,61,61,0,,17.97,17.86,1
PO-006483,84,9,10,2025-08-05,2025-08-15,2025-08-15,54,54,0,,17.97,18.06,1
PO-006484,84,9,5,2025-08-12,2025-08-22,2025-08-20,61,61,0,,17.97,18.07,1
PO-006485,84,9,5,2025-08-19,2025-08-29,2025-08-29,73,73,0,,17.97,17.75,1
PO-006486,84,9,5,2025-08-26,2025-09-05,2025-09-06,91,91,0,,17.97,17.95,1
PO-006487,84,9,1,2025-09-02,2025-09-12,2025-09-11,53,51,0,,17.97,17.95,1
PO-006488,84,9,7,2025-09-09,2025-09-19,2025-09-19,50,50,0,,17.97,18.2,1
PO-006489,84,9,2,2025-09-16,2025-09-26,2025-09-26,51,51,0,,17.97,17.73,1
PO-006490,84,9,7,2025-09-23,2025-10-03,2025-09-30,62,62,0,,17.97,18.11,1
PO-006491,84,9,2,2025-09-30,2025-10-10,2025-10-09,60,60,0,,17.97,18.02,1
PO-006492,84,9,8,2025-10-07,2025-10-17,2025-10-15,50,50,0,,17.97,18.05,1
PO-006493,84,9,5,2025-10-14,2025-10-24,2025-10-22,71,71,0,,17.97,18.11,1
PO-006494,84,9,10,2025-10-21,2025-10-31,2025-10-29,53,53,0,,17.97,17.81,1
PO-006495,84,9,5,2025-10-28,2025-11-07,2025-11-05,50,50,0,,17.97,18.13,1
PO-006496,84,9,7,2025-11-04,2025-11-14,2025-11-13,59,59,0,,17.97,17.62,1
PO-006497,84,9,4,2025-11-11,2025-11-21,2025-11-21,72,72,0,,17.97,17.86,1
PO-006498,84,9,8,2025-11-18,2025-11-28,2025-11-27,53,53,0,,17.97,17.87,1
PO-006499,84,9,7,2025-11-25,2025-12-05,2025-12-05,61,61,0,,17.97,17.81,1
PO-006500,84,9,10,2025-12-02,2025-12-12,2025-12-16,50,50,0,,17.97,17.98,1
PO-006501,84,9,8,2025-12-09,2025-12-19,2025-12-16,50,50,0,,17.97,17.83,1
PO-006502,84,9,5,2025-12-16,2025-12-26,2025-12-26,68,68,0,,17.97,17.71,1
PO-006503,84,9,1,2025-12-23,2026-01-02,2025-12-31,56,56,0,,17.97,17.77,1
PO-006504,84,9,6,2025-12-30,2026-01-09,2026-01-07,72,72,0,,17.97,17.97,1
PO-006505,84,9,8,2026-01-06,2026-01-16,2026-01-15,56,56,1,Short shelf life on arrival,17.97,17.89,1
PO-006506,84,9,8,2026-01-13,2026-01-23,2026-01-20,55,55,0,,17.97,17.53,1
PO-006507,84,9,1,2026-01-20,2026-01-30,2026-01-29,62,57,2,Short shelf life on arrival,17.97,17.58,1
PO-006508,84,9,8,2026-01-27,2026-02-06,2026-02-05,63,63,0,,17.97,17.81,1
PO-006509,84,9,5,2026-02-03,2026-02-13,2026-02-12,70,70,2,Damaged packaging,17.97,18.36,1
PO-006510,84,9,10,2026-02-10,2026-02-20,2026-02-18,63,63,0,,17.97,17.71,1
PO-006511,84,9,2,2026-02-17,2026-02-27,2026-02-27,50,50,0,,17.97,18.13,1
PO-006512,84,9,5,2026-02-24,2026-03-06,2026-03-04,56,56,0,,17.97,18.22,1
PO-006513,84,9,1,2026-03-03,2026-03-13,2026-03-12,55,52,0,,17.97,17.88,1
PO-006514,84,9,10,2026-03-10,2026-03-20,2026-03-17,64,64,0,,17.97,17.69,1
PO-006515,84,9,2,2026-03-17,2026-03-27,2026-04-05,50,50,0,,17.97,17.82,1
PO-006516,84,9,4,2026-03-24,2026-04-03,2026-04-03,62,62,2,Damaged packaging,17.97,17.73,1
PO-006517,84,9,6,2026-03-31,2026-04-10,2026-04-10,57,57,3,Documentation incomplete,17.97,17.97,1
PO-006518,84,9,5,2026-04-07,2026-04-17,2026-04-16,53,53,0,,17.97,18.09,1
PO-006519,84,9,8,2026-04-14,2026-04-24,2026-04-23,88,88,0,,17.97,17.92,1
PO-006520,84,9,10,2026-04-21,2026-05-01,2026-04-30,50,50,0,,17.97,18.0,1
PO-006521,84,9,4,2026-04-28,2026-05-08,2026-05-08,50,50,0,,17.97,17.6,1
PO-006522,84,9,10,2026-05-05,2026-05-15,2026-05-14,50,50,0,,17.97,18.15,1
PO-006523,84,9,7,2026-05-12,2026-05-22,2026-05-22,50,50,0,,17.97,17.7,1
PO-006524,84,9,6,2026-05-19,2026-05-29,2026-05-27,67,67,0,,17.97,17.86,1
PO-006525,84,9,8,2026-05-26,2026-06-05,2026-06-03,50,50,0,,17.97,17.89,1
PO-006526,84,9,7,2026-06-02,2026-06-12,2026-06-10,74,74,0,,17.97,17.9,1
PO-006527,84,9,10,2026-06-09,2026-06-19,2026-06-16,50,50,2,Documentation incomplete,17.97,17.94,1
PO-006528,84,9,5,2026-06-16,2026-06-26,2026-06-26,67,67,0,,17.97,17.81,1
PO-006529,84,9,2,2026-06-23,2026-07-03,2026-07-03,72,72,0,,17.97,17.95,1
PO-006530,84,9,5,2026-06-30,2026-07-10,2026-07-09,57,57,0,,17.97,17.67,1
PO-006531,85,20,8,2025-01-07,2025-02-12,2025-02-09,135,135,0,,187.15,191.66,1
PO-006532,85,20,10,2025-01-14,2025-02-19,2025-02-14,174,174,13,Temperature excursion in transit,187.15,193.45,1
PO-006533,85,20,8,2025-01-21,2025-02-26,2025-02-21,218,218,0,,187.15,191.91,1
PO-006534,85,20,8,2025-01-28,2025-03-05,2025-02-28,109,109,0,,187.15,194.48,1
PO-006535,85,20,2,2025-02-18,2025-03-26,2025-03-22,100,100,0,,187.15,193.14,1
PO-006536,85,20,2,2025-02-25,2025-04-02,2025-03-30,145,145,0,,187.15,193.9,1
PO-006537,85,20,8,2025-03-04,2025-04-09,2025-04-07,202,202,0,,187.15,190.53,1
PO-006538,85,20,2,2025-03-11,2025-04-16,2025-04-16,146,146,0,,187.15,190.16,1
PO-006539,85,20,4,2025-03-18,2025-04-23,2025-04-19,130,130,0,,187.15,191.41,1
PO-006540,85,20,6,2025-03-25,2025-04-30,2025-04-24,114,114,0,,187.15,190.07,1
PO-006541,85,20,7,2025-04-01,2025-05-07,2025-05-02,156,156,0,,187.15,189.35,1
PO-006542,85,20,4,2025-04-08,2025-05-14,2025-05-07,223,223,0,,187.15,192.39,1
PO-006543,85,20,10,2025-04-22,2025-05-28,2025-05-27,137,137,0,,187.15,192.45,1
PO-006544,85,20,10,2025-05-06,2025-06-11,2025-06-08,173,173,0,,187.15,189.97,1
PO-006545,85,20,5,2025-05-13,2025-06-18,2025-06-16,188,188,12,Documentation incomplete,187.15,190.63,1
PO-006546,85,20,7,2025-05-20,2025-06-25,2025-06-21,105,105,0,,187.15,192.45,1
PO-006547,85,20,1,2025-05-27,2025-07-02,2025-06-30,160,160,0,,187.15,192.04,1
PO-006548,85,20,1,2025-06-03,2025-07-09,2025-07-02,156,156,0,,187.15,190.89,1
PO-006549,85,20,5,2025-06-10,2025-07-16,2025-07-11,185,185,0,,187.15,196.27,1
PO-006550,85,20,2,2025-06-17,2025-07-23,2025-07-13,132,132,0,,187.15,193.37,1
PO-006551,85,20,10,2025-06-24,2025-07-30,2025-07-27,205,205,0,,187.15,194.69,1
PO-006552,85,20,5,2025-07-01,2025-08-06,2025-08-02,183,183,0,,187.15,190.71,1
PO-006553,85,20,4,2025-07-08,2025-08-13,2025-08-13,156,156,0,,187.15,189.38,1
PO-006554,85,20,10,2025-07-15,2025-08-20,2025-08-19,186,186,0,,187.15,191.87,1
PO-006555,85,20,8,2025-07-22,2025-08-27,2025-08-25,162,162,0,,187.15,192.59,1
PO-006556,85,20,2,2025-07-29,2025-09-03,2025-08-30,114,114,0,,187.15,192.48,1
PO-006557,85,20,7,2025-08-05,2025-09-10,2025-09-08,136,136,0,,187.15,189.49,1
PO-006558,85,20,4,2025-08-12,2025-09-17,2025-09-16,161,161,0,,187.15,196.32,1
PO-006559,85,20,1,2025-08-19,2025-09-24,2025-09-23,97,97,0,,187.15,192.02,1
PO-006560,85,20,4,2025-08-26,2025-10-01,2025-09-30,130,130,0,,187.15,191.37,1
PO-006561,85,20,6,2025-09-02,2025-10-08,2025-09-28,92,92,0,,187.15,192.79,1
PO-006562,85,20,2,2025-09-09,2025-10-15,2025-10-10,177,177,0,,187.15,195.64,1
PO-006563,85,20,1,2025-09-23,2025-10-29,2025-10-28,209,188,0,,187.15,195.07,1
PO-006564,85,20,5,2025-09-30,2025-11-05,2025-11-05,213,213,0,,187.15,193.15,1
PO-006565,85,20,7,2025-10-07,2025-11-12,2025-11-10,171,171,0,,187.15,193.03,1
PO-006566,85,20,4,2025-10-14,2025-11-19,2025-11-16,181,181,0,,187.15,191.26,1
PO-006567,85,20,8,2025-10-21,2025-11-26,2025-11-23,104,104,0,,187.15,191.94,1
PO-006568,85,20,2,2025-10-28,2025-12-03,2025-12-03,207,207,0,,187.15,191.97,1
PO-006569,85,20,4,2025-11-04,2025-12-10,2025-12-03,196,196,0,,187.15,193.34,1
PO-006570,85,20,7,2025-11-11,2025-12-17,2025-12-17,144,144,0,,187.15,191.15,1
PO-006571,85,20,7,2025-11-18,2025-12-24,2026-01-05,91,91,0,,187.15,193.98,1
PO-006572,85,20,2,2025-12-09,2026-01-14,2026-01-12,248,248,0,,187.15,191.25,1
PO-006573,85,20,10,2025-12-16,2026-01-21,2026-01-19,208,208,0,,187.15,190.25,1
PO-006574,85,20,10,2025-12-23,2026-01-28,2026-01-27,146,146,0,,187.15,193.39,1
PO-006575,85,20,6,2025-12-30,2026-02-04,2026-01-29,150,150,0,,187.15,192.47,1
PO-006576,85,20,10,2026-01-06,2026-02-11,2026-02-08,180,180,0,,187.15,189.2,1
PO-006577,85,20,2,2026-01-13,2026-02-18,2026-02-17,173,173,0,,187.15,193.16,1
PO-006578,85,20,7,2026-01-20,2026-02-25,2026-02-25,167,167,0,,187.15,192.44,1
PO-006579,85,20,4,2026-01-27,2026-03-04,2026-03-03,204,204,0,,187.15,193.38,1
PO-006580,85,20,1,2026-02-03,2026-03-11,2026-03-27,75,75,0,,187.15,191.52,1
PO-006581,85,20,4,2026-02-10,2026-03-18,2026-03-18,96,96,0,,187.15,192.31,1
PO-006582,85,20,2,2026-02-17,2026-03-25,2026-03-21,132,132,0,,187.15,192.5,1
PO-006583,85,20,8,2026-02-24,2026-04-01,2026-04-08,150,150,0,,187.15,193.14,1
PO-006584,85,20,8,2026-03-03,2026-04-08,2026-04-07,126,126,0,,187.15,191.95,1
PO-006585,85,20,6,2026-03-10,2026-04-15,2026-04-13,187,187,0,,187.15,193.32,1
PO-006586,85,20,10,2026-03-17,2026-04-22,2026-04-22,159,159,0,,187.15,192.82,1
PO-006587,85,20,7,2026-03-24,2026-04-29,2026-04-27,124,124,0,,187.15,192.04,1
PO-006588,85,20,10,2026-03-31,2026-05-06,2026-05-05,130,130,0,,187.15,192.43,1
PO-006589,85,20,6,2026-04-07,2026-05-13,2026-05-13,178,178,0,,187.15,189.93,1
PO-006590,85,20,2,2026-04-14,2026-05-20,2026-05-15,170,170,0,,187.15,190.58,1
PO-006591,85,20,4,2026-04-21,2026-05-27,2026-05-26,215,215,0,,187.15,195.3,1
PO-006592,85,20,5,2026-04-28,2026-06-03,2026-05-29,148,148,0,,187.15,191.4,1
PO-006593,85,20,6,2026-05-05,2026-06-10,2026-06-06,166,166,0,,187.15,191.62,1
PO-006594,85,20,4,2026-06-02,2026-07-08,2026-07-05,174,174,0,,187.15,191.03,1
PO-006595,85,20,10,2026-06-09,2026-07-15,2026-07-13,224,224,0,,187.15,193.11,1
PO-006596,85,20,4,2026-06-16,2026-07-22,2026-07-22,175,175,0,,187.15,192.68,1
PO-006597,85,20,5,2026-06-23,2026-07-29,2026-07-28,123,123,0,,187.15,193.4,1
PO-006598,85,20,7,2026-06-30,2026-08-05,2026-08-05,152,152,0,,187.15,189.76,1
PO-006599,85,12,4,2025-01-21,2025-02-03,2025-01-29,156,156,0,,239.43,230.4,0
PO-006600,85,12,10,2025-02-04,2025-02-17,2025-02-17,143,143,0,,239.43,231.65,0
PO-006601,85,12,10,2025-02-25,2025-03-10,2025-03-08,157,157,14,Documentation incomplete,239.43,232.04,0
PO-006602,85,12,1,2025-03-04,2025-03-17,2025-03-17,128,128,0,,239.43,233.68,0
PO-006603,85,12,2,2025-03-18,2025-03-31,2025-04-04,101,101,0,,239.43,229.42,0
PO-006604,85,12,5,2025-04-01,2025-04-14,2025-04-13,140,140,0,,239.43,234.76,0
PO-006605,85,12,2,2025-06-03,2025-06-16,2025-06-22,144,144,0,,239.43,232.14,0
PO-006606,85,12,4,2025-06-10,2025-06-23,2025-06-16,129,129,0,,239.43,231.83,0
PO-006607,85,12,2,2025-07-08,2025-07-21,2025-07-16,152,152,0,,239.43,230.7,0
PO-006608,85,12,8,2025-07-29,2025-08-11,2025-08-10,127,127,0,,239.43,233.74,0
PO-006609,85,12,10,2025-10-21,2025-11-03,2025-11-02,175,175,0,,239.43,232.26,0
PO-006610,85,12,2,2025-11-11,2025-11-24,2025-11-20,119,119,0,,239.43,231.65,0
PO-006611,85,12,8,2025-12-23,2026-01-05,2025-12-31,190,190,0,,239.43,233.66,0
PO-006612,85,12,6,2026-02-10,2026-02-23,2026-02-19,153,153,0,,239.43,233.48,0
PO-006613,85,12,1,2026-03-03,2026-03-16,2026-03-11,136,136,0,,239.43,232.13,0
PO-006614,85,12,1,2026-06-23,2026-07-06,2026-07-05,154,154,0,,239.43,232.72,0
PO-006615,86,15,7,2025-01-07,2025-02-18,2025-02-12,559,559,0,,35.31,35.39,1
PO-006616,86,15,5,2025-01-14,2025-02-25,2025-02-19,491,491,0,,35.31,35.4,1
PO-006617,86,15,2,2025-01-21,2025-03-04,2025-03-02,439,439,0,,35.31,35.4,1
PO-006618,86,15,8,2025-01-28,2025-03-11,2025-03-10,422,422,0,,35.31,35.3,1
PO-006619,86,15,1,2025-02-04,2025-03-18,2025-03-03,250,250,0,,35.31,35.57,1
PO-006620,86,15,2,2025-02-11,2025-03-25,2025-03-19,448,448,0,,35.31,35.72,1
PO-006621,86,15,1,2025-02-18,2025-04-01,2025-03-31,418,418,0,,35.31,35.48,1
PO-006622,86,15,7,2025-02-25,2025-04-08,2025-04-05,517,517,0,,35.31,35.02,1
PO-006623,86,15,5,2025-03-04,2025-04-15,2025-04-13,420,420,0,,35.31,35.16,1
PO-006624,86,15,5,2025-03-11,2025-04-22,2025-04-16,367,350,0,,35.31,34.98,1
PO-006625,86,15,6,2025-03-18,2025-04-29,2025-04-22,430,430,0,,35.31,34.94,1
PO-006626,86,15,1,2025-03-25,2025-05-06,2025-04-22,366,331,0,,35.31,35.52,1
PO-006627,86,15,6,2025-04-01,2025-05-13,2025-05-03,487,487,0,,35.31,35.01,1
PO-006628,86,15,8,2025-04-08,2025-05-20,2025-05-17,321,321,0,,35.31,34.94,1
PO-006629,86,15,10,2025-04-15,2025-05-27,2025-05-27,453,453,0,,35.31,35.01,1
PO-006630,86,15,8,2025-04-29,2025-06-10,2025-06-05,399,399,0,,35.31,35.27,1
PO-006631,86,15,2,2025-05-06,2025-06-17,2025-06-07,445,445,0,,35.31,35.1,1
PO-006632,86,15,10,2025-05-13,2025-06-24,2025-06-19,548,548,0,,35.31,35.81,1
PO-006633,86,15,5,2025-05-27,2025-07-08,2025-07-07,290,290,0,,35.31,35.71,1
PO-006634,86,15,1,2025-06-03,2025-07-15,2025-07-10,503,503,0,,35.31,34.77,1
PO-006635,86,15,1,2025-06-10,2025-07-22,2025-07-19,313,313,0,,35.31,35.29,1
PO-006636,86,15,1,2025-06-17,2025-07-29,2025-07-23,562,562,0,,35.31,35.07,1
PO-006637,86,15,10,2025-06-24,2025-08-05,2025-07-24,487,487,0,,35.31,35.47,1
PO-006638,86,15,5,2025-07-01,2025-08-12,2025-08-08,458,458,0,,35.31,35.59,1
PO-006639,86,15,8,2025-07-08,2025-08-19,2025-08-05,488,488,0,,35.31,34.73,1
PO-006640,86,15,5,2025-07-22,2025-09-02,2025-09-01,484,484,0,,35.31,35.48,1
PO-006641,86,15,5,2025-08-05,2025-09-16,2025-09-03,444,396,0,,35.31,35.41,1
PO-006642,86,15,8,2025-08-12,2025-09-23,2025-09-13,430,430,0,,35.31,34.3,1
PO-006643,86,15,2,2025-09-02,2025-10-14,2025-10-10,415,415,0,,35.31,34.99,1
PO-006644,86,15,8,2025-09-09,2025-10-21,2025-10-20,497,497,0,,35.31,34.69,1
PO-006645,86,15,10,2025-09-16,2025-10-28,2025-11-08,362,362,0,,35.31,34.91,1
PO-006646,86,15,2,2025-09-23,2025-11-04,2025-10-22,250,250,0,,35.31,35.71,1
PO-006647,86,15,4,2025-10-07,2025-11-18,2025-11-12,337,337,35,Damaged packaging,35.31,35.52,1
PO-006648,86,15,10,2025-10-14,2025-11-25,2025-11-11,329,329,0,,35.31,35.68,1
PO-006649,86,15,8,2025-10-21,2025-12-02,2025-11-28,414,414,0,,35.31,34.94,1
PO-006650,86,15,8,2025-10-28,2025-12-09,2025-12-07,353,353,0,,35.31,35.31,1
PO-006651,86,15,6,2025-11-04,2025-12-16,2025-11-29,503,503,0,,35.31,35.4,1
PO-006652,86,15,10,2025-11-18,2025-12-30,2025-12-26,389,389,0,,35.31,35.28,1
PO-006653,86,15,2,2025-11-25,2026-01-06,2025-12-28,358,358,0,,35.31,35.51,1
PO-006654,86,15,6,2025-12-02,2026-01-13,2026-01-11,250,250,0,,35.31,35.93,1
PO-006655,86,15,7,2025-12-09,2026-01-20,2026-01-15,565,565,0,,35.31,35.96,1
PO-006656,86,15,7,2025-12-16,2026-01-27,2026-01-20,250,250,0,,35.31,34.93,1
PO-006657,86,15,6,2025-12-23,2026-02-03,2026-02-01,412,412,0,,35.31,34.91,1
PO-006658,86,15,4,2026-01-06,2026-02-17,2026-02-16,257,257,0,,35.31,35.68,1
PO-006659,86,15,5,2026-01-13,2026-02-24,2026-02-19,299,299,0,,35.31,35.5,1
PO-006660,86,15,4,2026-01-20,2026-03-03,2026-02-27,437,437,0,,35.31,35.16,1
PO-006661,86,15,4,2026-01-27,2026-03-10,2026-03-09,433,433,0,,35.31,34.96,1
PO-006662,86,15,8,2026-02-03,2026-03-17,2026-03-07,524,524,0,,35.31,35.42,1
PO-006663,86,15,1,2026-02-10,2026-03-24,2026-03-19,425,425,0,,35.31,35.28,1
PO-006664,86,15,4,2026-02-24,2026-04-07,2026-03-28,444,444,0,,35.31,34.92,1
PO-006665,86,15,7,2026-03-03,2026-04-14,2026-04-05,425,425,0,,35.31,35.35,1
PO-006666,86,15,1,2026-03-10,2026-04-21,2026-04-13,359,359,0,,35.31,34.79,1
PO-006667,86,15,2,2026-03-17,2026-04-28,2026-04-28,489,489,0,,35.31,34.83,1
PO-006668,86,15,6,2026-03-24,2026-05-05,2026-05-02,352,352,0,,35.31,34.82,1
PO-006669,86,15,1,2026-04-07,2026-05-19,2026-05-09,343,343,0,,35.31,34.88,1
PO-006670,86,15,1,2026-04-14,2026-05-26,2026-05-22,405,405,0,,35.31,35.54,1
PO-006671,86,15,8,2026-04-21,2026-06-02,2026-05-22,421,421,0,,35.31,35.36,1
PO-006672,86,15,10,2026-04-28,2026-06-09,2026-06-04,510,510,0,,35.31,35.94,1
PO-006673,86,15,6,2026-05-12,2026-06-23,2026-06-20,336,336,0,,35.31,35.52,1
PO-006674,86,15,6,2026-05-19,2026-06-30,2026-06-27,406,406,0,,35.31,35.88,1
PO-006675,86,15,2,2026-05-26,2026-07-07,2026-07-05,452,452,16,Documentation incomplete,35.31,35.66,1
PO-006676,86,15,7,2026-06-02,2026-07-14,2026-07-13,416,416,0,,35.31,35.37,1
PO-006677,86,15,8,2026-06-09,2026-07-21,2026-07-11,250,250,0,,35.31,35.26,1
PO-006678,86,15,8,2026-06-16,2026-07-28,2026-07-27,312,312,11,Documentation incomplete,35.31,35.43,1
PO-006679,86,6,2,2025-01-21,2025-01-31,2025-01-29,500,500,0,,44.34,42.9,0
PO-006680,86,6,8,2025-03-25,2025-04-04,2025-04-04,500,500,0,,44.34,43.01,0
PO-006681,86,6,5,2025-05-06,2025-05-16,2025-05-16,500,500,0,,44.34,42.63,0
PO-006682,86,6,4,2025-05-27,2025-06-06,2025-06-04,500,500,0,,44.34,42.98,0
PO-006683,86,6,1,2025-06-24,2025-07-04,2025-07-05,500,484,0,,44.34,42.83,0
PO-006684,86,6,2,2025-07-22,2025-08-01,2025-07-31,500,500,0,,44.34,43.86,0
PO-006685,86,6,8,2025-09-16,2025-09-26,2025-09-26,500,500,0,,44.34,42.81,0
PO-006686,86,6,2,2025-11-25,2025-12-05,2025-12-04,500,500,0,,44.34,43.54,0
PO-006687,86,6,2,2026-05-05,2026-05-15,2026-05-14,500,500,0,,44.34,43.47,0
PO-006688,86,6,4,2026-05-12,2026-05-22,2026-05-22,500,500,0,,44.34,43.31,0
PO-006689,86,6,2,2026-06-30,2026-07-10,2026-07-09,500,500,0,,44.34,42.38,0
PO-006690,87,5,7,2025-01-21,2025-02-18,2025-02-12,250,250,0,,5.56,5.63,1
PO-006691,87,5,4,2025-01-28,2025-02-25,2025-02-18,265,265,11,Damaged packaging,5.56,5.56,1
PO-006692,87,5,1,2025-02-04,2025-03-04,2025-03-02,291,291,0,,5.56,5.6,1
PO-006693,87,5,5,2025-02-11,2025-03-11,2025-03-11,366,366,0,,5.56,5.62,1
PO-006694,87,5,6,2025-02-25,2025-03-25,2025-03-20,313,313,0,,5.56,5.59,1
PO-006695,87,5,10,2025-03-04,2025-04-01,2025-03-31,392,392,0,,5.56,5.59,1
PO-006696,87,5,5,2025-03-11,2025-04-08,2025-03-21,278,278,0,,5.56,5.54,1
PO-006697,87,5,1,2025-03-18,2025-04-15,2025-04-07,315,299,0,,5.56,5.59,1
PO-006698,87,5,2,2025-03-25,2025-04-22,2025-04-18,396,384,0,,5.56,5.56,1
PO-006699,87,5,6,2025-04-01,2025-04-29,2025-04-28,286,286,0,,5.56,5.63,1
PO-006700,87,5,5,2025-04-22,2025-05-20,2025-05-19,429,429,16,Damaged packaging,5.56,5.52,1
PO-006701,87,5,4,2025-05-06,2025-06-03,2025-05-26,378,378,0,,5.56,5.55,1
PO-006702,87,5,4,2025-05-13,2025-06-10,2025-06-08,343,343,15,Short shelf life on arrival,5.56,5.62,1
PO-006703,87,5,5,2025-05-20,2025-06-17,2025-06-05,250,250,0,,5.56,5.58,1
PO-006704,87,5,5,2025-05-27,2025-06-24,2025-06-17,301,301,0,,5.56,5.61,1
PO-006705,87,5,7,2025-06-10,2025-07-08,2025-07-01,421,421,26,Failed spec check,5.56,5.54,1
PO-006706,87,5,5,2025-06-24,2025-07-22,2025-07-14,388,388,0,,5.56,5.6,1
PO-006707,87,5,5,2025-07-15,2025-08-12,2025-07-29,303,303,0,,5.56,5.63,1
PO-006708,87,5,4,2025-08-19,2025-09-16,2025-09-12,250,250,8,Documentation incomplete,5.56,5.64,1
PO-006709,87,5,8,2025-08-26,2025-09-23,2025-09-19,365,353,0,,5.56,5.48,1
PO-006710,87,5,8,2025-09-09,2025-10-07,2025-10-03,418,418,0,,5.56,5.56,1
PO-006711,87,5,8,2025-09-16,2025-10-14,2025-09-29,260,260,8,Documentation incomplete,5.56,5.58,1
PO-006712,87,5,7,2025-09-23,2025-10-21,2025-10-12,314,314,0,,5.56,5.68,1
PO-006713,87,5,10,2025-10-07,2025-11-04,2025-10-29,383,383,0,,5.56,5.58,1
PO-006714,87,5,1,2025-10-21,2025-11-18,2025-11-14,401,401,0,,5.56,5.56,1
PO-006715,87,5,7,2025-10-28,2025-11-25,2025-11-22,380,380,0,,5.56,5.5,1
PO-006716,87,5,1,2025-11-04,2025-12-02,2025-11-27,272,259,0,,5.56,5.62,1
PO-006717,87,5,8,2025-11-11,2025-12-09,2025-11-30,250,250,0,,5.56,5.53,1
PO-006718,87,5,7,2025-11-18,2025-12-16,2025-12-09,414,414,0,,5.56,5.56,1
PO-006719,87,5,8,2025-12-02,2025-12-30,2025-12-24,306,297,0,,5.56,5.6,1
PO-006720,87,5,5,2025-12-23,2026-01-20,2026-01-20,330,330,0,,5.56,5.62,1
PO-006721,87,5,4,2026-01-06,2026-02-03,2026-02-05,250,250,0,,5.56,5.57,1
PO-006722,87,5,5,2026-02-03,2026-03-03,2026-02-27,296,296,0,,5.56,5.52,1
PO-006723,87,5,6,2026-02-17,2026-03-17,2026-03-09,284,284,10,Damaged packaging,5.56,5.62,1
PO-006724,87,5,4,2026-02-24,2026-03-24,2026-03-21,292,292,18,Temperature excursion in transit,5.56,5.58,1
PO-006725,87,5,10,2026-03-10,2026-04-07,2026-04-01,250,250,0,,5.56,5.58,1
PO-006726,87,5,5,2026-03-24,2026-04-21,2026-03-31,314,314,0,,5.56,5.49,1
PO-006727,87,5,10,2026-03-31,2026-04-28,2026-04-19,324,324,0,,5.56,5.51,1
PO-006728,87,5,2,2026-04-07,2026-05-05,2026-04-30,309,309,12,Damaged packaging,5.56,5.53,1
PO-006729,87,5,2,2026-05-05,2026-06-02,2026-05-19,266,252,0,,5.56,5.6,1
PO-006730,87,5,5,2026-05-12,2026-06-09,2026-06-01,330,330,0,,5.56,5.55,1
PO-006731,87,5,2,2026-06-02,2026-06-30,2026-06-24,289,289,0,,5.56,5.58,1
PO-006732,87,5,7,2026-06-30,2026-07-28,2026-07-20,353,353,0,,5.56,5.69,1
PO-006733,87,17,1,2025-01-21,2025-02-05,2025-02-04,422,422,38,Failed spec check,5.57,5.65,0
PO-006734,87,17,6,2025-04-01,2025-04-16,2025-04-10,389,389,0,,5.57,5.61,0
PO-006735,87,17,7,2025-04-22,2025-05-07,2025-05-05,287,273,0,,5.57,5.56,0
PO-006736,87,17,4,2025-04-29,2025-05-14,2025-05-22,496,496,0,,5.57,5.69,0
PO-006737,87,17,1,2025-05-06,2025-05-21,2025-05-19,474,474,0,,5.57,5.58,0
PO-006738,87,17,6,2025-05-20,2025-06-04,2025-05-31,259,259,0,,5.57,5.58,0
PO-006739,87,17,2,2025-08-12,2025-08-27,2025-09-01,404,404,0,,5.57,5.66,0
PO-006740,87,17,10,2025-08-19,2025-09-03,2025-08-29,450,450,0,,5.57,5.67,0
PO-006741,87,17,5,2025-09-09,2025-09-24,2025-09-22,383,354,0,,5.57,5.63,0
PO-006742,87,17,4,2025-10-07,2025-10-22,2025-10-22,391,391,0,,5.57,5.58,0
PO-006743,87,17,7,2025-10-28,2025-11-12,2025-11-04,280,280,0,,5.57,5.52,0
PO-006744,87,17,2,2025-12-16,2025-12-31,2025-12-25,290,290,0,,5.57,5.55,0
PO-006745,87,17,10,2026-01-27,2026-02-11,2026-02-09,424,424,0,,5.57,5.49,0
PO-006746,87,17,6,2026-02-24,2026-03-11,2026-03-11,416,416,0,,5.57,5.62,0
PO-006747,87,17,4,2026-04-14,2026-04-29,2026-04-27,395,395,0,,5.57,5.57,0
PO-006748,87,17,8,2026-06-02,2026-06-17,2026-06-13,410,371,0,,5.57,5.53,0
PO-006749,87,15,1,2025-02-04,2025-03-20,2025-03-20,189,189,0,,4.49,4.52,0
PO-006750,87,15,10,2025-02-11,2025-03-27,2025-03-21,273,273,0,,4.49,4.43,0
PO-006751,87,15,4,2025-02-25,2025-04-10,2025-04-07,305,305,0,,4.49,4.49,0
PO-006752,87,15,6,2025-05-13,2025-06-26,2025-06-24,311,311,0,,4.49,4.45,0
PO-006753,87,15,7,2025-07-29,2025-09-11,2025-08-26,421,421,0,,4.49,4.55,0
PO-006754,87,15,7,2026-01-06,2026-02-19,2026-02-12,335,335,0,,4.49,4.52,0
PO-006755,87,15,7,2026-03-24,2026-05-07,2026-04-27,307,307,0,,4.49,4.53,0
PO-006756,87,15,5,2026-04-07,2026-05-21,2026-05-24,227,227,0,,4.49,4.45,0
PO-006757,87,15,5,2026-05-19,2026-07-02,2026-06-27,167,167,0,,4.49,4.54,0
PO-006758,87,15,8,2026-06-02,2026-07-16,2026-07-12,368,368,0,,4.49,4.52,0
PO-006759,88,13,4,2025-01-21,2025-02-08,2025-01-26,208,208,10,Documentation incomplete,208.87,216.42,0
PO-006760,88,13,5,2025-03-04,2025-03-22,2025-03-16,141,141,0,,208.87,216.91,0
PO-006761,88,13,7,2025-05-27,2025-06-14,2025-06-12,262,262,0,,208.87,220.08,0
PO-006762,88,13,1,2025-06-17,2025-07-05,2025-06-28,121,121,0,,208.87,218.3,0
PO-006763,88,13,5,2026-06-30,2026-07-18,2026-07-16,224,224,0,,208.87,219.82,0
PO-006764,88,24,4,2025-01-07,2025-01-16,2025-01-13,141,141,0,,232.66,231.01,0
PO-006765,88,24,8,2025-01-21,2025-01-30,2025-02-11,216,216,0,,232.66,228.39,0
PO-006766,88,24,2,2025-02-04,2025-02-13,2025-03-01,187,187,0,,232.66,226.35,0
PO-006767,88,24,5,2025-02-25,2025-03-06,2025-03-06,149,149,0,,232.66,230.01,0
PO-006768,88,24,2,2025-03-04,2025-03-13,2025-03-09,157,157,0,,232.66,227.21,0
PO-006769,88,24,7,2025-03-11,2025-03-20,2025-03-20,172,172,0,,232.66,227.83,0
PO-006770,88,24,4,2025-03-18,2025-03-27,2025-05-13,225,225,0,,232.66,227.73,0
PO-006771,88,24,7,2025-04-15,2025-04-24,2025-04-23,177,177,0,,232.66,228.36,0
PO-006772,88,24,4,2025-05-20,2025-05-29,2025-05-27,172,168,0,,232.66,226.59,0
PO-006773,88,24,4,2025-05-27,2025-06-05,2025-06-04,188,188,0,,232.66,225.52,0
PO-006774,88,24,2,2025-06-10,2025-06-19,2025-06-19,222,222,0,,232.66,224.02,0
PO-006775,88,24,7,2025-06-17,2025-06-26,2025-06-25,219,219,0,,232.66,227.14,0
PO-006776,88,24,4,2025-07-08,2025-07-17,2025-07-16,257,257,0,,232.66,226.5,0
PO-006777,88,24,10,2025-09-02,2025-09-11,2025-09-11,249,249,0,,232.66,227.57,0
PO-006778,88,24,1,2025-09-30,2025-10-09,2025-10-07,186,186,0,,232.66,225.73,0
PO-006779,88,24,10,2025-10-07,2025-10-16,2025-10-13,118,118,0,,232.66,228.44,0
PO-006780,88,24,2,2025-10-14,2025-10-23,2025-10-23,144,144,0,,232.66,228.18,0
PO-006781,88,24,4,2025-11-04,2025-11-13,2025-11-12,205,205,0,,232.66,229.72,0
PO-006782,88,24,8,2025-11-11,2025-11-20,2025-11-19,189,189,0,,232.66,228.92,0
PO-006783,88,24,8,2025-11-25,2025-12-04,2025-12-01,200,200,0,,232.66,223.7,0
PO-006784,88,24,6,2025-12-09,2025-12-18,2025-12-18,247,240,0,,232.66,227.47,0
PO-006785,88,24,1,2026-01-13,2026-01-22,2026-01-20,155,155,0,,232.66,226.15,0
PO-006786,88,24,4,2026-01-27,2026-02-05,2026-02-10,135,135,0,,232.66,227.38,0
PO-006787,88,24,1,2026-02-03,2026-02-12,2026-02-10,212,212,0,,232.66,223.35,0
PO-006788,88,24,10,2026-02-10,2026-02-19,2026-02-17,207,207,0,,232.66,225.63,0
PO-006789,88,24,6,2026-02-17,2026-02-26,2026-02-25,207,207,0,,232.66,228.13,0
PO-006790,88,24,5,2026-03-10,2026-03-19,2026-03-17,184,184,0,,232.66,232.04,0
PO-006791,88,24,10,2026-04-14,2026-04-23,2026-04-21,269,269,0,,232.66,227.79,0
PO-006792,88,24,10,2026-04-21,2026-04-30,2026-04-29,191,191,0,,232.66,223.41,0
PO-006793,88,24,1,2026-04-28,2026-05-07,2026-05-04,140,140,0,,232.66,227.97,0
PO-006794,88,24,10,2026-05-19,2026-05-28,2026-05-27,143,143,0,,232.66,227.11,0
PO-006795,88,24,4,2026-05-26,2026-06-04,2026-06-16,219,219,0,,232.66,228.04,0
PO-006796,88,24,10,2026-06-09,2026-06-18,2026-06-17,205,205,0,,232.66,227.15,0
PO-006797,88,24,10,2026-06-23,2026-07-02,2026-07-01,169,169,0,,232.66,231.18,0
PO-006798,88,24,5,2026-06-30,2026-07-09,2026-07-08,154,154,0,,232.66,226.16,0
PO-006799,88,15,1,2025-01-21,2025-03-06,2025-03-03,379,379,0,,174.78,174.64,1
PO-006800,88,15,4,2025-03-04,2025-04-17,2025-04-14,232,232,0,,174.78,173.35,1
PO-006801,88,15,10,2025-03-11,2025-04-24,2025-04-16,292,292,0,,174.78,174.77,1
PO-006802,88,15,5,2025-03-18,2025-05-01,2025-04-24,152,152,0,,174.78,173.72,1
PO-006803,88,15,8,2025-03-25,2025-05-08,2025-05-09,257,257,0,,174.78,176.16,1
PO-006804,88,15,5,2025-04-01,2025-05-15,2025-05-12,300,300,0,,174.78,174.55,1
PO-006805,88,15,8,2025-04-08,2025-05-22,2025-05-17,149,149,0,,174.78,175.64,1
PO-006806,88,15,8,2025-04-29,2025-06-12,2025-06-06,193,193,0,,174.78,178.86,1
PO-006807,88,15,6,2025-05-20,2025-07-03,2025-06-28,274,259,0,,174.78,173.71,1
PO-006808,88,15,8,2025-06-03,2025-07-17,2025-07-06,296,296,27,Short shelf life on arrival,174.78,172.55,1
PO-006809,88,15,2,2025-07-01,2025-08-14,2025-08-14,298,298,25,Failed spec check,174.78,174.05,1
PO-006810,88,15,7,2025-07-08,2025-08-21,2025-08-16,281,281,0,,174.78,175.48,1
PO-006811,88,15,5,2025-07-29,2025-09-11,2025-09-10,211,185,0,,174.78,176.5,1
PO-006812,88,15,4,2025-08-05,2025-09-18,2025-09-06,302,302,0,,174.78,177.69,1
PO-006813,88,15,10,2025-09-02,2025-10-16,2025-10-06,293,293,0,,174.78,174.15,1
PO-006814,88,15,7,2025-09-09,2025-10-23,2025-10-20,210,210,0,,174.78,176.84,1
PO-006815,88,15,10,2025-09-30,2025-11-13,2025-11-10,299,299,0,,174.78,175.45,1
PO-006816,88,15,6,2025-10-07,2025-11-20,2025-11-15,391,391,0,,174.78,172.84,1
PO-006817,88,15,8,2025-10-14,2025-11-27,2025-11-17,284,284,0,,174.78,174.99,1
PO-006818,88,15,7,2025-10-21,2025-12-04,2025-11-27,255,255,0,,174.78,175.54,1
PO-006819,88,15,5,2025-10-28,2025-12-11,2025-12-02,255,255,10,Failed spec check,174.78,173.91,1
PO-006820,88,15,4,2025-11-04,2025-12-18,2025-12-08,281,281,0,,174.78,177.04,1
PO-006821,88,15,7,2025-11-25,2026-01-08,2026-01-01,295,295,0,,174.78,176.88,1
PO-006822,88,15,1,2025-12-16,2026-01-29,2026-01-20,157,157,0,,174.78,173.23,1
PO-006823,88,15,4,2025-12-23,2026-02-05,2026-01-25,249,249,0,,174.78,175.03,1
PO-006824,88,15,6,2026-01-13,2026-02-26,2026-02-17,184,184,0,,174.78,172.8,1
PO-006825,88,15,7,2026-01-20,2026-03-05,2026-03-02,350,350,0,,174.78,173.6,1
PO-006826,88,15,8,2026-02-03,2026-03-19,2026-03-13,197,197,0,,174.78,178.94,1
PO-006827,88,15,8,2026-02-10,2026-03-26,2026-03-24,236,236,0,,174.78,176.37,1
PO-006828,88,15,6,2026-02-24,2026-04-09,2026-04-06,189,189,0,,174.78,180.28,1
PO-006829,88,15,1,2026-03-03,2026-04-16,2026-04-05,341,341,0,,174.78,174.23,1
PO-006830,88,15,6,2026-03-10,2026-04-23,2026-04-18,208,208,0,,174.78,174.18,1
PO-006831,88,15,1,2026-03-31,2026-05-14,2026-05-06,234,234,0,,174.78,177.31,1
PO-006832,88,15,10,2026-04-07,2026-05-21,2026-05-15,212,212,0,,174.78,176.24,1
PO-006833,88,15,10,2026-04-21,2026-06-04,2026-06-04,255,255,0,,174.78,175.32,1
PO-006834,88,15,7,2026-04-28,2026-06-11,2026-06-04,270,250,0,,174.78,175.66,1
PO-006835,88,15,7,2026-05-05,2026-06-18,2026-06-11,201,201,0,,174.78,170.52,1
PO-006836,88,15,6,2026-05-19,2026-07-02,2026-06-26,242,242,0,,174.78,174.28,1
PO-006837,88,15,6,2026-06-16,2026-07-30,2026-07-29,249,249,0,,174.78,173.36,1
PO-006838,88,15,6,2026-06-30,2026-08-13,2026-08-05,167,161,0,,174.78,175.36,1
PO-006839,89,23,9,2025-01-28,2025-02-10,2025-02-09,252,252,0,,20.34,22.03,0
PO-006840,89,23,10,2025-04-29,2025-05-12,2025-05-10,273,273,0,,20.34,21.61,0
PO-006841,89,23,5,2025-05-06,2025-05-19,2025-05-19,286,286,0,,20.34,21.85,0
PO-006842,89,23,5,2025-05-13,2025-05-26,2025-05-26,208,208,0,,20.34,21.51,0
PO-006843,89,23,9,2025-05-27,2025-06-09,2025-06-09,206,178,0,,20.34,21.43,0
PO-006844,89,23,9,2025-06-10,2025-06-23,2025-06-23,162,162,0,,20.34,21.37,0
PO-006845,89,23,5,2025-07-01,2025-07-14,2025-07-13,299,299,0,,20.34,21.43,0
PO-006846,89,23,1,2025-09-30,2025-10-13,2025-10-12,224,224,0,,20.34,21.58,0
PO-006847,89,23,10,2025-11-04,2025-11-17,2025-11-20,286,286,0,,20.34,21.48,0
PO-006848,89,23,4,2026-01-20,2026-02-02,2026-02-01,336,336,0,,20.34,21.75,0
PO-006849,89,23,7,2026-03-10,2026-03-23,2026-03-22,231,231,0,,20.34,21.51,0
PO-006850,89,23,4,2026-06-02,2026-06-15,2026-06-14,181,181,0,,20.34,21.82,0
PO-006851,89,23,7,2026-06-09,2026-06-22,2026-06-22,354,354,0,,20.34,21.65,0
PO-006852,89,23,10,2026-06-30,2026-07-13,2026-07-12,274,274,0,,20.34,22.2,0
PO-006853,89,6,10,2025-01-07,2025-01-16,2025-01-15,250,250,0,,19.02,18.19,1
PO-006854,89,6,5,2025-01-14,2025-01-23,2025-01-22,250,250,0,,19.02,18.62,1
PO-006855,89,6,10,2025-01-21,2025-01-30,2025-01-30,298,298,0,,19.02,18.33,1
PO-006856,89,6,10,2025-01-28,2025-02-06,2025-02-04,316,316,0,,19.02,18.55,1
PO-006857,89,6,1,2025-02-04,2025-02-13,2025-02-12,250,250,0,,19.02,18.52,1
PO-006858,89,6,9,2025-02-11,2025-02-20,2025-02-18,399,399,0,,19.02,18.84,1
PO-006859,89,6,1,2025-02-18,2025-02-27,2025-02-25,250,250,0,,19.02,18.51,1
PO-006860,89,6,4,2025-02-25,2025-03-06,2025-03-03,335,335,0,,19.02,18.36,1
PO-006861,89,6,7,2025-03-11,2025-03-20,2025-03-19,299,299,0,,19.02,18.27,1
PO-006862,89,6,5,2025-03-18,2025-03-27,2025-03-27,350,350,0,,19.02,18.52,1
PO-006863,89,6,10,2025-03-25,2025-04-03,2025-04-01,345,345,0,,19.02,18.39,1
PO-006864,89,6,10,2025-04-01,2025-04-10,2025-04-07,255,255,0,,19.02,18.76,1
PO-006865,89,6,1,2025-04-08,2025-04-17,2025-04-16,421,421,0,,19.02,18.49,1
PO-006866,89,6,4,2025-04-15,2025-04-24,2025-04-24,310,310,0,,19.02,18.46,1
PO-006867,89,6,3,2025-04-29,2025-05-08,2025-05-07,306,306,0,,19.02,18.41,1
PO-006868,89,6,7,2025-05-06,2025-05-15,2025-05-14,385,385,0,,19.02,18.8,1
PO-006869,89,6,1,2025-05-13,2025-05-22,2025-05-20,303,303,0,,19.02,18.44,1
PO-006870,89,6,10,2025-05-20,2025-05-29,2025-06-04,368,368,0,,19.02,18.1,1
PO-006871,89,6,10,2025-05-27,2025-06-05,2025-06-05,261,243,0,,19.02,18.78,1
PO-006872,89,6,7,2025-06-03,2025-06-12,2025-06-12,321,321,0,,19.02,19.0,1
PO-006873,89,6,10,2025-06-10,2025-06-19,2025-06-18,321,321,0,,19.02,18.46,1
PO-006874,89,6,7,2025-06-17,2025-06-26,2025-06-24,261,261,0,,19.02,18.65,1
PO-006875,89,6,3,2025-06-24,2025-07-03,2025-07-02,368,368,0,,19.02,18.53,1
PO-006876,89,6,10,2025-07-01,2025-07-10,2025-07-09,437,437,0,,19.02,18.48,1
PO-006877,89,6,9,2025-07-08,2025-07-17,2025-07-16,345,330,31,Failed spec check,19.02,18.16,1
PO-006878,89,6,5,2025-07-15,2025-07-24,2025-07-23,277,277,0,,19.02,18.55,1
PO-006879,89,6,9,2025-07-22,2025-07-31,2025-07-30,448,448,0,,19.02,18.51,1
PO-006880,89,6,9,2025-07-29,2025-08-07,2025-08-07,265,265,0,,19.02,18.34,1
PO-006881,89,6,1,2025-08-05,2025-08-14,2025-08-13,307,307,0,,19.02,18.3,1
PO-006882,89,6,10,2025-08-12,2025-08-21,2025-08-21,381,381,0,,19.02,18.62,1
PO-006883,89,6,9,2025-08-19,2025-08-28,2025-08-26,367,367,0,,19.02,18.21,1
PO-006884,89,6,10,2025-08-26,2025-09-04,2025-09-02,312,312,0,,19.02,18.56,1
PO-006885,89,6,9,2025-09-02,2025-09-11,2025-09-09,467,467,0,,19.02,18.36,1
PO-006886,89,6,10,2025-09-09,2025-09-18,2025-09-17,337,337,0,,19.02,18.26,1
PO-006887,89,6,5,2025-09-16,2025-09-25,2025-09-25,393,375,0,,19.02,18.5,1
PO-006888,89,6,5,2025-09-23,2025-10-02,2025-10-01,314,314,0,,19.02,18.66,1
PO-006889,89,6,7,2025-09-30,2025-10-09,2025-10-09,368,368,0,,19.02,18.5,1
PO-006890,89,6,9,2025-10-07,2025-10-16,2025-10-15,383,383,0,,19.02,18.92,1
PO-006891,89,6,4,2025-10-14,2025-10-23,2025-10-21,256,256,0,,19.02,18.25,1
PO-006892,89,6,7,2025-10-21,2025-10-30,2025-10-30,319,307,0,,19.02,18.74,1
PO-006893,89,6,7,2025-10-28,2025-11-06,2025-11-03,409,409,0,,19.02,18.46,1
PO-006894,89,6,3,2025-11-04,2025-11-13,2025-11-13,250,250,0,,19.02,18.31,1
PO-006895,89,6,7,2025-11-11,2025-11-20,2025-11-30,349,349,0,,19.02,18.19,1
PO-006896,89,6,10,2025-11-18,2025-11-27,2025-11-26,356,356,29,Short shelf life on arrival,19.02,18.43,1
PO-006897,89,6,3,2025-11-25,2025-12-04,2025-12-04,378,378,0,,19.02,18.58,1
PO-006898,89,6,4,2025-12-02,2025-12-11,2025-12-09,277,277,0,,19.02,18.67,1
PO-006899,89,6,5,2025-12-23,2026-01-01,2025-12-31,285,285,0,,19.02,18.63,1
PO-006900,89,6,5,2025-12-30,2026-01-08,2026-01-06,250,250,0,,19.02,18.6,1
PO-006901,89,6,10,2026-01-06,2026-01-15,2026-01-15,342,342,0,,19.02,18.9,1
PO-006902,89,6,3,2026-01-13,2026-01-22,2026-01-22,313,313,0,,19.02,18.49,1
PO-006903,89,6,5,2026-01-27,2026-02-05,2026-02-04,342,342,0,,19.02,18.41,1
PO-006904,89,6,3,2026-02-03,2026-02-12,2026-02-13,366,366,0,,19.02,18.65,1
PO-006905,89,6,4,2026-02-10,2026-02-19,2026-02-17,494,494,0,,19.02,18.77,1
PO-006906,89,6,1,2026-02-17,2026-02-26,2026-03-26,284,284,0,,19.02,18.83,1
PO-006907,89,6,9,2026-02-24,2026-03-05,2026-03-03,283,283,0,,19.02,18.2,1
PO-006908,89,6,7,2026-03-10,2026-03-19,2026-03-18,250,250,0,,19.02,18.46,1
PO-006909,89,6,10,2026-03-17,2026-03-26,2026-03-25,250,250,0,,19.02,18.58,1
PO-006910,89,6,7,2026-03-24,2026-04-02,2026-04-01,336,336,0,,19.02,18.63,1
PO-006911,89,6,5,2026-03-31,2026-04-09,2026-04-08,328,328,0,,19.02,18.25,1
PO-006912,89,6,9,2026-04-21,2026-04-30,2026-04-28,483,483,0,,19.02,18.21,1
PO-006913,89,6,9,2026-04-28,2026-05-07,2026-05-06,309,309,0,,19.02,18.63,1
PO-006914,89,6,10,2026-05-05,2026-05-14,2026-05-14,250,250,0,,19.02,18.49,1
PO-006915,89,6,1,2026-05-12,2026-05-21,2026-05-18,404,404,0,,19.02,18.45,1
PO-006916,89,6,4,2026-05-26,2026-06-04,2026-06-02,383,383,0,,19.02,18.67,1
PO-006917,89,6,9,2026-06-02,2026-06-11,2026-06-09,362,333,12,Damaged packaging,19.02,18.15,1
PO-006918,89,6,7,2026-06-09,2026-06-18,2026-06-29,328,328,0,,19.02,18.72,1
PO-006919,89,6,7,2026-06-16,2026-06-25,2026-06-24,312,312,0,,19.02,18.11,1
PO-006920,89,6,3,2026-06-30,2026-07-09,2026-07-08,311,311,0,,19.02,18.45,1
PO-006921,90,24,10,2025-01-07,2025-01-16,2025-01-15,187,187,0,,87.43,83.82,1
PO-006922,90,24,10,2025-01-14,2025-01-23,2025-01-22,185,185,0,,87.43,85.14,1
PO-006923,90,24,6,2025-01-21,2025-01-30,2025-01-30,152,152,0,,87.43,84.73,1
PO-006924,90,24,1,2025-01-28,2025-02-06,2025-02-05,133,133,0,,87.43,86.91,1
PO-006925,90,24,2,2025-02-04,2025-02-13,2025-02-17,189,189,0,,87.43,85.33,1
PO-006926,90,24,2,2025-02-11,2025-02-20,2025-03-05,195,195,0,,87.43,85.03,1
PO-006927,90,24,10,2025-02-18,2025-02-27,2025-02-25,117,117,0,,87.43,87.18,1
PO-006928,90,24,7,2025-02-25,2025-03-06,2025-03-05,139,139,0,,87.43,87.21,1
PO-006929,90,24,7,2025-03-04,2025-03-13,2025-03-12,146,146,0,,87.43,86.84,1
PO-006930,90,24,8,2025-03-11,2025-03-20,2025-03-19,135,135,0,,87.43,84.41,1
PO-006931,90,24,4,2025-03-18,2025-03-27,2025-03-26,152,152,0,,87.43,84.44,1
PO-006932,90,24,2,2025-03-25,2025-04-03,2025-04-01,109,109,0,,87.43,85.87,1
PO-006933,90,24,10,2025-04-01,2025-04-10,2025-04-10,96,96,0,,87.43,86.08,1
PO-006934,90,24,1,2025-04-15,2025-04-24,2025-04-24,184,184,0,,87.43,84.52,1
PO-006935,90,24,5,2025-04-22,2025-05-01,2025-04-30,142,142,0,,87.43,85.98,1
PO-006936,90,24,6,2025-04-29,2025-05-08,2025-05-07,179,179,0,,87.43,83.94,1
PO-006937,90,24,5,2025-05-06,2025-05-15,2025-05-15,141,141,0,,87.43,84.83,1
PO-006938,90,24,5,2025-05-13,2025-05-22,2025-05-22,147,147,0,,87.43,85.99,1
PO-006939,90,24,5,2025-05-20,2025-05-29,2025-05-26,123,123,0,,87.43,84.86,1
PO-006940,90,24,6,2025-05-27,2025-06-05,2025-06-04,154,154,0,,87.43,85.59,1
PO-006941,90,24,7,2025-06-03,2025-06-12,2025-06-12,149,149,0,,87.43,83.94,1
PO-006942,90,24,8,2025-06-10,2025-06-19,2025-06-19,169,169,0,,87.43,84.86,1
PO-006943,90,24,6,2025-06-17,2025-06-26,2025-07-04,120,120,0,,87.43,87.6,1
PO-006944,90,24,5,2025-06-24,2025-07-03,2025-07-03,153,153,0,,87.43,85.29,1
PO-006945,90,24,6,2025-07-01,2025-07-10,2025-07-09,134,134,14,Failed spec check,87.43,85.62,1
PO-006946,90,24,8,2025-07-08,2025-07-17,2025-07-16,97,97,0,,87.43,86.79,1
PO-006947,90,24,4,2025-07-22,2025-07-31,2025-08-01,170,170,0,,87.43,85.88,1
PO-006948,90,24,6,2025-07-29,2025-08-07,2025-08-05,165,165,0,,87.43,86.03,1
PO-006949,90,24,1,2025-08-05,2025-08-14,2025-08-12,96,92,0,,87.43,85.99,1
PO-006950,90,24,4,2025-08-12,2025-08-21,2025-08-18,209,209,0,,87.43,86.27,1
PO-006951,90,24,10,2025-08-26,2025-09-04,2025-09-03,131,131,0,,87.43,86.01,1
PO-006952,90,24,5,2025-09-02,2025-09-11,2025-09-10,198,198,0,,87.43,86.52,1
PO-006953,90,24,1,2025-09-09,2025-09-18,2025-09-17,189,189,25,Short shelf life on arrival,87.43,83.84,1
PO-006954,90,24,2,2025-09-16,2025-09-25,2025-09-25,175,170,0,,87.43,85.62,1
PO-006955,90,24,8,2025-09-23,2025-10-02,2025-10-02,111,111,0,,87.43,85.18,1
PO-006956,90,24,7,2025-10-21,2025-10-30,2025-11-14,120,120,0,,87.43,85.78,1
PO-006957,90,24,7,2025-10-28,2025-11-06,2025-11-05,179,179,0,,87.43,86.38,1
PO-006958,90,24,1,2025-11-04,2025-11-13,2025-11-12,166,166,0,,87.43,85.75,1
PO-006959,90,24,6,2025-11-11,2025-11-20,2025-11-18,175,175,0,,87.43,84.0,1
PO-006960,90,24,4,2025-11-25,2025-12-04,2025-12-04,142,142,0,,87.43,86.83,1
PO-006961,90,24,5,2025-12-02,2025-12-11,2025-12-10,109,109,0,,87.43,85.42,1
PO-006962,90,24,10,2025-12-09,2025-12-18,2025-12-17,165,165,0,,87.43,87.13,1
PO-006963,90,24,4,2025-12-23,2026-01-01,2026-01-01,157,157,0,,87.43,84.95,1
PO-006964,90,24,5,2025-12-30,2026-01-08,2026-01-07,124,124,0,,87.43,84.41,1
PO-006965,90,24,7,2026-01-06,2026-01-15,2026-01-14,120,120,0,,87.43,86.88,1
PO-006966,90,24,10,2026-01-13,2026-01-22,2026-01-21,225,225,0,,87.43,86.41,1
PO-006967,90,24,1,2026-01-20,2026-01-29,2026-02-13,165,155,0,,87.43,83.39,1
PO-006968,90,24,5,2026-02-03,2026-02-12,2026-02-21,148,148,0,,87.43,85.04,1
PO-006969,90,24,8,2026-02-17,2026-02-26,2026-02-23,206,206,0,,87.43,86.48,1
PO-006970,90,24,1,2026-02-24,2026-03-05,2026-03-05,125,125,0,,87.43,84.13,1
PO-006971,90,24,1,2026-03-03,2026-03-12,2026-03-12,138,138,0,,87.43,84.28,1
PO-006972,90,24,6,2026-03-10,2026-03-19,2026-03-18,130,130,0,,87.43,85.45,1
PO-006973,90,24,8,2026-03-17,2026-03-26,2026-03-23,138,138,0,,87.43,86.27,1
PO-006974,90,24,4,2026-03-24,2026-04-02,2026-04-01,180,180,0,,87.43,84.67,1
PO-006975,90,24,6,2026-03-31,2026-04-09,2026-04-05,184,184,0,,87.43,85.69,1
PO-006976,90,24,2,2026-04-07,2026-04-16,2026-04-15,147,147,0,,87.43,86.19,1
PO-006977,90,24,2,2026-04-14,2026-04-23,2026-04-22,175,175,0,,87.43,85.33,1
PO-006978,90,24,7,2026-04-21,2026-04-30,2026-04-28,164,164,0,,87.43,85.37,1
PO-006979,90,24,2,2026-05-12,2026-05-21,2026-05-21,162,162,0,,87.43,84.8,1
PO-006980,90,24,5,2026-05-19,2026-05-28,2026-05-26,137,137,0,,87.43,85.22,1
PO-006981,90,24,8,2026-06-02,2026-06-11,2026-06-10,142,142,0,,87.43,84.33,1
PO-006982,90,24,6,2026-06-09,2026-06-18,2026-06-16,179,179,0,,87.43,83.96,1
PO-006983,90,24,8,2026-06-16,2026-06-25,2026-06-26,194,194,0,,87.43,84.74,1
PO-006984,90,24,6,2026-06-30,2026-07-09,2026-07-08,185,185,0,,87.43,84.39,1
PO-006985,90,18,1,2025-01-14,2025-02-20,2025-02-17,181,181,0,,75.24,74.85,0
PO-006986,90,18,7,2025-01-21,2025-02-27,2025-03-06,136,136,0,,75.24,74.8,0
PO-006987,90,18,8,2025-02-25,2025-04-03,2025-03-23,153,153,0,,75.24,74.09,0
PO-006988,90,18,2,2025-07-08,2025-08-14,2025-07-28,144,144,0,,75.24,74.27,0
PO-006989,90,18,5,2025-09-23,2025-10-30,2025-10-27,118,118,0,,75.24,74.89,0
PO-006990,90,18,2,2025-12-09,2026-01-15,2026-01-09,153,153,0,,75.24,74.78,0
PO-006991,90,18,8,2025-12-16,2026-01-22,2026-01-21,137,137,0,,75.24,75.25,0
PO-006992,90,18,5,2025-12-23,2026-01-29,2026-01-17,89,89,0,,75.24,73.36,0
PO-006993,90,18,8,2025-12-30,2026-02-05,2026-02-03,185,185,0,,75.24,75.92,0
PO-006994,90,18,1,2026-01-13,2026-02-19,2026-02-13,148,148,0,,75.24,74.17,0
PO-006995,90,18,8,2026-03-03,2026-04-09,2026-04-07,92,92,0,,75.24,74.61,0
PO-006996,90,18,1,2026-06-02,2026-07-09,2026-07-22,85,85,0,,75.24,75.07,0
PO-006997,90,18,6,2026-06-16,2026-07-23,2026-07-08,110,110,0,,75.24,74.12,0
PO-006998,91,17,5,2025-02-04,2025-02-20,2025-02-16,727,727,0,,12.72,12.99,0
PO-006999,91,17,2,2025-02-18,2025-03-06,2025-03-14,547,547,0,,12.72,12.7,0
PO-007000,91,17,8,2025-03-18,2025-04-03,2025-04-03,766,766,0,,12.72,12.71,0
PO-007001,91,17,8,2025-04-15,2025-05-01,2025-04-25,644,644,0,,12.72,12.79,0
PO-007002,91,17,10,2025-04-22,2025-05-08,2025-05-07,938,938,0,,12.72,12.75,0
PO-007003,91,17,2,2025-06-03,2025-06-19,2025-06-29,628,628,0,,12.72,12.61,0
PO-007004,91,17,5,2025-06-24,2025-07-10,2025-07-05,616,616,0,,12.72,12.8,0
PO-007005,91,17,8,2025-08-05,2025-08-21,2025-08-18,820,791,39,Failed spec check,12.72,12.78,0
PO-007006,91,17,5,2025-10-28,2025-11-13,2025-11-12,880,880,0,,12.72,12.67,0
PO-007007,91,17,5,2025-11-25,2025-12-11,2025-12-10,874,874,50,Damaged packaging,12.72,12.51,0
PO-007008,91,17,5,2025-12-02,2025-12-18,2025-12-15,702,702,0,,12.72,12.92,0
PO-007009,91,17,10,2026-02-10,2026-02-26,2026-02-22,1022,1022,0,,12.72,12.69,0
PO-007010,91,17,2,2026-02-24,2026-03-12,2026-03-10,819,819,0,,12.72,12.84,0
PO-007011,91,17,7,2026-03-24,2026-04-09,2026-04-06,438,438,0,,12.72,12.71,0
PO-007012,91,17,7,2026-05-12,2026-05-28,2026-05-27,806,806,0,,12.72,12.46,0
PO-007013,91,17,8,2026-06-02,2026-06-18,2026-06-26,622,622,37,Damaged packaging,12.72,12.93,0
PO-007014,91,10,4,2025-02-04,2025-03-11,2025-03-07,561,561,0,,12.1,11.92,0
PO-007015,91,10,10,2025-03-25,2025-04-29,2025-04-11,835,801,0,,12.1,11.91,0
PO-007016,91,10,2,2025-04-08,2025-05-13,2025-05-02,1147,1147,0,,12.1,12.0,0
PO-007017,91,10,6,2025-04-15,2025-05-20,2025-05-14,1097,1097,0,,12.1,11.92,0
PO-007018,91,10,7,2025-05-13,2025-06-17,2025-06-15,1347,1347,0,,12.1,11.84,0
PO-007019,91,10,6,2025-05-27,2025-07-01,2025-06-26,803,777,0,,12.1,11.98,0
PO-007020,91,10,4,2025-06-10,2025-07-15,2025-07-07,1146,1146,0,,12.1,11.91,0
PO-007021,91,10,7,2025-06-17,2025-07-22,2025-07-15,1142,1142,0,,12.1,11.86,0
PO-007022,91,10,4,2025-08-05,2025-09-09,2025-08-31,1235,1235,0,,12.1,11.71,0
PO-007023,91,10,5,2025-08-12,2025-09-16,2025-09-08,1008,1008,0,,12.1,11.86,0
PO-007024,91,10,7,2025-09-09,2025-10-14,2025-10-08,588,588,0,,12.1,11.97,0
PO-007025,91,10,8,2025-09-30,2025-11-04,2025-11-01,1143,1143,0,,12.1,11.88,0
PO-007026,91,10,2,2025-10-14,2025-11-18,2025-11-23,904,904,0,,12.1,12.0,0
PO-007027,91,10,1,2025-10-21,2025-11-25,2025-12-04,1078,1078,0,,12.1,11.97,0
PO-007028,91,10,10,2025-11-11,2025-12-16,2025-12-12,712,712,0,,12.1,11.94,0
PO-007029,91,10,8,2025-12-02,2026-01-06,2026-01-04,806,806,0,,12.1,12.14,0
PO-007030,91,10,4,2026-03-03,2026-04-07,2026-04-24,1456,1456,0,,12.1,11.76,0
PO-007031,91,10,10,2026-03-31,2026-05-05,2026-04-28,1096,1096,0,,12.1,12.04,0
PO-007032,91,10,7,2026-04-07,2026-05-12,2026-05-13,1110,1110,0,,12.1,12.0,0
PO-007033,91,10,7,2026-04-21,2026-05-26,2026-05-20,1316,1316,0,,12.1,11.94,0
PO-007034,91,10,4,2026-05-26,2026-06-30,2026-06-17,643,544,0,,12.1,11.81,0
PO-007035,91,5,1,2025-01-28,2025-03-01,2025-02-23,1279,1279,0,,13.51,13.58,1
PO-007036,91,5,7,2025-03-25,2025-04-26,2025-04-25,777,777,0,,13.51,13.71,1
PO-007037,91,5,4,2025-04-08,2025-05-10,2025-04-25,873,873,0,,13.51,13.56,1
PO-007038,91,5,7,2025-05-27,2025-06-28,2025-06-26,993,993,0,,13.51,13.31,1
PO-007039,91,5,10,2025-06-03,2025-07-05,2025-07-14,920,920,63,Short shelf life on arrival,13.51,13.9,1
PO-007040,91,5,1,2025-06-17,2025-07-19,2025-07-09,1225,1225,0,,13.51,13.66,1
PO-007041,91,5,1,2025-07-08,2025-08-09,2025-08-01,934,934,44,Documentation incomplete,13.51,13.74,1
PO-007042,91,5,6,2025-07-22,2025-08-23,2025-08-17,1180,1180,0,,13.51,13.6,1
PO-007043,91,5,5,2025-07-29,2025-08-30,2025-08-30,781,781,0,,13.51,13.34,1
PO-007044,91,5,8,2025-08-12,2025-09-13,2025-09-14,686,686,0,,13.51,13.79,1
PO-007045,91,5,4,2025-08-19,2025-09-20,2025-09-03,1043,1043,0,,13.51,13.74,1
PO-007046,91,5,8,2025-08-26,2025-09-27,2025-09-24,840,840,0,,13.51,13.68,1
PO-007047,91,5,4,2025-09-02,2025-10-04,2025-09-28,852,821,0,,13.51,13.63,1
PO-007048,91,5,2,2025-09-16,2025-10-18,2025-10-08,500,500,0,,13.51,13.55,1
PO-007049,91,5,2,2025-09-30,2025-11-01,2025-10-28,748,748,0,,13.51,13.46,1
PO-007050,91,5,1,2025-10-07,2025-11-08,2025-10-26,999,999,0,,13.51,13.67,1
PO-007051,91,5,7,2025-11-11,2025-12-13,2025-12-12,830,830,0,,13.51,13.55,1
PO-007052,91,5,10,2025-11-18,2025-12-20,2025-12-07,1140,1140,0,,13.51,13.5,1
PO-007053,91,5,6,2025-12-16,2026-01-17,2026-01-06,906,906,0,,13.51,13.71,1
PO-007054,91,5,2,2025-12-30,2026-01-31,2026-01-20,1005,1005,0,,13.51,13.65,1
PO-007055,91,5,7,2026-01-06,2026-02-07,2026-02-01,877,877,0,,13.51,13.55,1
PO-007056,91,5,5,2026-01-13,2026-02-14,2026-02-07,883,883,31,Short shelf life on arrival,13.51,13.68,1
PO-007057,91,5,8,2026-01-27,2026-02-28,2026-02-22,1198,1198,0,,13.51,13.62,1
PO-007058,91,5,8,2026-02-03,2026-03-07,2026-03-07,500,500,0,,13.51,13.71,1
PO-007059,91,5,10,2026-02-17,2026-03-21,2026-03-15,1183,1183,42,Temperature excursion in transit,13.51,13.53,1
PO-007060,91,5,5,2026-02-24,2026-03-28,2026-03-13,797,797,0,,13.51,13.52,1
PO-007061,91,5,7,2026-03-03,2026-04-04,2026-04-01,716,716,0,,13.51,13.79,1
PO-007062,91,5,8,2026-04-07,2026-05-09,2026-04-24,708,708,0,,13.51,13.57,1
PO-007063,91,5,4,2026-05-26,2026-06-27,2026-06-26,1070,1070,0,,13.51,13.54,1
PO-007064,91,5,4,2026-06-02,2026-07-04,2026-06-18,763,763,0,,13.51,13.59,1
PO-007065,92,13,4,2025-01-07,2025-01-24,2025-01-19,500,500,0,,5.09,5.23,1
PO-007066,92,13,10,2025-01-14,2025-01-31,2025-01-25,500,500,0,,5.09,5.29,1
PO-007067,92,13,9,2025-01-21,2025-02-07,2025-01-31,500,500,0,,5.09,5.26,1
PO-007068,92,13,10,2025-01-28,2025-02-14,2025-02-10,500,500,0,,5.09,5.34,1
PO-007069,92,13,3,2025-02-04,2025-02-21,2025-02-12,500,500,85,Short shelf life on arrival,5.09,5.3,1
PO-007070,92,13,3,2025-02-11,2025-02-28,2025-02-26,500,500,99,Documentation incomplete,5.09,5.28,1
PO-007071,92,13,1,2025-02-18,2025-03-07,2025-03-01,500,480,0,,5.09,5.33,1
PO-007072,92,13,3,2025-02-25,2025-03-14,2025-03-11,500,500,0,,5.09,5.29,1
PO-007073,92,13,9,2025-03-04,2025-03-21,2025-03-15,500,500,0,,5.09,5.28,1
PO-007074,92,13,5,2025-03-11,2025-03-28,2025-03-24,500,500,0,,5.09,5.24,1
PO-007075,92,13,4,2025-03-18,2025-04-04,2025-03-31,500,500,0,,5.09,5.19,1
PO-007076,92,13,10,2025-03-25,2025-04-11,2025-04-03,500,500,0,,5.09,5.28,1
PO-007077,92,13,5,2025-04-01,2025-04-18,2025-04-18,500,500,0,,5.09,5.3,1
PO-007078,92,13,4,2025-04-08,2025-04-25,2025-04-22,500,500,99,Damaged packaging,5.09,5.31,1
PO-007079,92,13,7,2025-04-15,2025-05-02,2025-05-04,500,500,0,,5.09,5.36,1
PO-007080,92,13,10,2025-04-22,2025-05-09,2025-05-09,500,500,0,,5.09,5.3,1
PO-007081,92,13,9,2025-04-29,2025-05-16,2025-05-13,500,500,0,,5.09,5.33,1
PO-007082,92,13,4,2025-05-06,2025-05-23,2025-05-09,500,500,0,,5.09,5.22,1
PO-007083,92,13,5,2025-05-13,2025-05-30,2025-05-29,500,500,0,,5.09,5.32,1
PO-007084,92,13,3,2025-05-20,2025-06-06,2025-06-04,500,500,0,,5.09,5.4,1
PO-007085,92,13,5,2025-05-27,2025-06-13,2025-06-14,500,500,0,,5.09,5.25,1
PO-007086,92,13,7,2025-06-03,2025-06-20,2025-06-14,500,500,0,,5.09,5.26,1
PO-007087,92,13,7,2025-06-10,2025-06-27,2025-06-30,500,500,30,Temperature excursion in transit,5.09,5.31,1
PO-007088,92,13,7,2025-06-17,2025-07-04,2025-07-06,500,500,0,,5.09,5.27,1
PO-007089,92,13,4,2025-06-24,2025-07-11,2025-07-10,500,500,0,,5.09,5.38,1
PO-007090,92,13,3,2025-07-01,2025-07-18,2025-07-17,500,500,72,Short shelf life on arrival,5.09,5.21,1
PO-007091,92,13,4,2025-07-08,2025-07-25,2025-07-20,500,500,41,Short shelf life on arrival,5.09,5.34,1
PO-007092,92,13,5,2025-07-15,2025-08-01,2025-07-31,500,500,0,,5.09,5.26,1
PO-007093,92,13,10,2025-07-22,2025-08-08,2025-08-08,500,500,0,,5.09,5.31,1
PO-007094,92,13,9,2025-07-29,2025-08-15,2025-08-10,500,476,0,,5.09,5.3,1
PO-007095,92,13,3,2025-08-05,2025-08-22,2025-08-21,500,425,51,Damaged packaging,5.09,5.35,1
PO-007096,92,13,4,2025-08-12,2025-08-29,2025-09-03,500,500,0,,5.09,5.3,1
PO-007097,92,13,4,2025-08-19,2025-09-05,2025-09-04,500,500,0,,5.09,5.27,1
PO-007098,92,13,3,2025-08-26,2025-09-12,2025-09-10,500,500,0,,5.09,5.32,1
PO-007099,92,13,3,2025-09-02,2025-09-19,2025-09-18,500,500,0,,5.09,5.28,1
PO-007100,92,13,1,2025-09-09,2025-09-26,2025-09-26,500,500,0,,5.09,5.36,1
PO-007101,92,13,1,2025-09-16,2025-10-03,2025-09-30,500,500,0,,5.09,5.26,1
PO-007102,92,13,7,2025-09-23,2025-10-10,2025-10-07,500,500,0,,5.09,5.24,1
PO-007103,92,13,5,2025-09-30,2025-10-17,2025-10-16,500,500,0,,5.09,5.22,1
PO-007104,92,13,7,2025-10-07,2025-10-24,2025-10-23,500,500,0,,5.09,5.27,1
PO-007105,92,13,4,2025-10-14,2025-10-31,2025-10-26,500,500,0,,5.09,5.35,1
PO-007106,92,13,4,2025-10-21,2025-11-07,2025-11-02,500,463,0,,5.09,5.26,1
PO-007107,92,13,3,2025-10-28,2025-11-14,2025-11-10,500,436,0,,5.09,5.4,1
PO-007108,92,13,7,2025-11-04,2025-11-21,2025-11-17,500,500,0,,5.09,5.26,1
PO-007109,92,13,7,2025-11-11,2025-11-28,2025-11-28,500,500,0,,5.09,5.28,1
PO-007110,92,13,10,2025-11-18,2025-12-05,2025-12-05,500,500,0,,5.09,5.36,1
PO-007111,92,13,7,2025-11-25,2025-12-12,2025-12-09,500,500,0,,5.09,5.29,1
PO-007112,92,13,9,2025-12-02,2025-12-19,2025-12-15,500,500,0,,5.09,5.32,1
PO-007113,92,13,4,2025-12-09,2025-12-26,2025-12-27,500,500,0,,5.09,5.33,1
PO-007114,92,13,5,2025-12-16,2026-01-02,2025-12-31,500,500,0,,5.09,5.32,1
PO-007115,92,13,1,2025-12-23,2026-01-09,2026-01-10,500,500,0,,5.09,5.27,1
PO-007116,92,13,10,2025-12-30,2026-01-16,2026-01-12,500,500,0,,5.09,5.24,1
PO-007117,92,13,5,2026-01-06,2026-01-23,2026-01-20,500,500,0,,5.09,5.3,1
PO-007118,92,13,4,2026-01-13,2026-01-30,2026-01-30,500,500,0,,5.09,5.31,1
PO-007119,92,13,7,2026-01-20,2026-02-06,2026-02-03,500,500,0,,5.09,5.35,1
PO-007120,92,13,10,2026-01-27,2026-02-13,2026-02-13,500,500,0,,5.09,5.36,1
PO-007121,92,13,9,2026-02-03,2026-02-20,2026-03-01,500,500,0,,5.09,5.22,1
PO-007122,92,13,3,2026-02-10,2026-02-27,2026-02-24,500,500,0,,5.09,5.18,1
PO-007123,92,13,1,2026-02-17,2026-03-06,2026-02-28,500,500,0,,5.09,5.3,1
PO-007124,92,13,7,2026-02-24,2026-03-13,2026-03-12,500,500,0,,5.09,5.33,1
PO-007125,92,13,9,2026-03-03,2026-03-20,2026-03-18,500,500,0,,5.09,5.29,1
PO-007126,92,13,3,2026-03-10,2026-03-27,2026-03-25,500,500,0,,5.09,5.21,1
PO-007127,92,13,5,2026-03-17,2026-04-03,2026-03-23,500,500,0,,5.09,5.25,1
PO-007128,92,13,7,2026-03-24,2026-04-10,2026-04-09,500,500,0,,5.09,5.24,1
PO-007129,92,13,1,2026-03-31,2026-04-17,2026-04-18,500,500,0,,5.09,5.3,1
PO-007130,92,13,1,2026-04-07,2026-04-24,2026-04-22,500,500,0,,5.09,5.35,1
PO-007131,92,13,7,2026-04-14,2026-05-01,2026-04-29,500,500,0,,5.09,5.31,1
PO-007132,92,13,3,2026-04-21,2026-05-08,2026-05-03,500,500,0,,5.09,5.33,1
PO-007133,92,13,7,2026-04-28,2026-05-15,2026-05-11,500,500,0,,5.09,5.36,1
PO-007134,92,13,10,2026-05-05,2026-05-22,2026-05-19,500,500,0,,5.09,5.21,1
PO-007135,92,13,4,2026-05-12,2026-05-29,2026-05-29,500,415,0,,5.09,5.23,1
PO-007136,92,13,3,2026-05-19,2026-06-05,2026-06-02,500,500,0,,5.09,5.37,1
PO-007137,92,13,3,2026-05-26,2026-06-12,2026-06-11,500,500,0,,5.09,5.34,1
PO-007138,92,13,5,2026-06-02,2026-06-19,2026-06-26,500,500,0,,5.09,5.32,1
PO-007139,92,13,9,2026-06-09,2026-06-26,2026-06-29,500,500,0,,5.09,5.42,1
PO-007140,92,13,3,2026-06-16,2026-07-03,2026-07-03,500,500,0,,5.09,5.35,1
PO-007141,92,13,3,2026-06-23,2026-07-10,2026-07-09,500,500,0,,5.09,5.23,1
PO-007142,92,13,10,2026-06-30,2026-07-17,2026-07-19,500,500,0,,5.09,5.25,1
PO-007143,93,3,1,2025-10-07,2025-10-16,2025-10-15,65,65,0,,7.93,8.0,0
PO-007144,93,3,5,2025-12-09,2025-12-18,2025-12-18,89,89,0,,7.93,8.13,0
PO-007145,93,17,10,2025-01-07,2025-01-23,2025-01-24,143,143,0,,6.7,6.72,1
PO-007146,93,17,7,2025-01-14,2025-01-30,2025-01-28,166,158,0,,6.7,6.78,1
PO-007147,93,17,1,2025-01-21,2025-02-06,2025-02-06,90,90,0,,6.7,6.72,1
PO-007148,93,17,10,2025-01-28,2025-02-13,2025-02-10,94,90,0,,6.7,6.72,1
PO-007149,93,17,1,2025-02-04,2025-02-20,2025-02-17,135,135,6,Temperature excursion in transit,6.7,6.72,1
PO-007150,93,17,5,2025-02-11,2025-02-27,2025-02-23,164,164,0,,6.7,6.61,1
PO-007151,93,17,10,2025-02-18,2025-03-06,2025-03-05,107,107,0,,6.7,6.68,1
PO-007152,93,17,1,2025-02-25,2025-03-13,2025-03-11,119,119,0,,6.7,6.86,1
PO-007153,93,17,1,2025-03-04,2025-03-20,2025-03-14,53,49,3,Damaged packaging,6.7,6.65,1
PO-007154,93,17,3,2025-03-11,2025-03-27,2025-03-21,95,87,0,,6.7,6.73,1
PO-007155,93,17,10,2025-03-18,2025-04-03,2025-04-10,110,110,0,,6.7,6.68,1
PO-007156,93,17,1,2025-03-25,2025-04-10,2025-04-06,119,119,0,,6.7,6.63,1
PO-007157,93,17,9,2025-04-01,2025-04-17,2025-04-15,90,90,0,,6.7,6.6,1
PO-007158,93,17,3,2025-04-08,2025-04-24,2025-04-21,174,157,0,,6.7,6.93,1
PO-007159,93,17,1,2025-04-15,2025-05-01,2025-05-19,86,86,0,,6.7,6.64,1
PO-007160,93,17,7,2025-04-22,2025-05-08,2025-05-15,107,107,0,,6.7,6.84,1
PO-007161,93,17,10,2025-04-29,2025-05-15,2025-05-16,130,130,0,,6.7,6.77,1
PO-007162,93,17,9,2025-05-06,2025-05-22,2025-05-17,129,129,0,,6.7,6.73,1
PO-007163,93,17,10,2025-05-13,2025-05-29,2025-06-09,87,87,0,,6.7,6.87,1
PO-007164,93,17,4,2025-05-20,2025-06-05,2025-06-01,121,121,0,,6.7,6.72,1
PO-007165,93,17,3,2025-05-27,2025-06-12,2025-06-12,142,142,0,,6.7,6.78,1
PO-007166,93,17,10,2025-06-03,2025-06-19,2025-06-17,142,142,0,,6.7,6.78,1
PO-007167,93,17,1,2025-06-10,2025-06-26,2025-06-21,141,141,0,,6.7,6.69,1
PO-007168,93,17,4,2025-06-17,2025-07-03,2025-07-10,141,141,0,,6.7,6.72,1
PO-007169,93,17,1,2025-06-24,2025-07-10,2025-07-05,126,126,0,,6.7,6.77,1
PO-007170,93,17,4,2025-07-01,2025-07-17,2025-07-13,114,114,0,,6.7,6.71,1
PO-007171,93,17,1,2025-07-08,2025-07-24,2025-08-24,145,145,0,,6.7,6.87,1
PO-007172,93,17,5,2025-07-15,2025-07-31,2025-07-31,125,113,0,,6.7,6.8,1
PO-007173,93,17,10,2025-07-22,2025-08-07,2025-08-01,134,134,0,,6.7,6.73,1
PO-007174,93,17,7,2025-07-29,2025-08-14,2025-08-13,153,153,0,,6.7,6.72,1
PO-007175,93,17,7,2025-08-05,2025-08-21,2025-08-19,94,94,0,,6.7,6.73,1
PO-007176,93,17,10,2025-08-12,2025-08-28,2025-08-24,157,157,0,,6.7,6.78,1
PO-007177,93,17,5,2025-08-19,2025-09-04,2025-09-01,152,152,0,,6.7,6.62,1
PO-007178,93,17,10,2025-08-26,2025-09-11,2025-09-06,158,158,0,,6.7,6.77,1
PO-007179,93,17,9,2025-09-02,2025-09-18,2025-09-17,122,122,0,,6.7,6.72,1
PO-007180,93,17,4,2025-09-09,2025-09-25,2025-09-17,113,113,0,,6.7,6.77,1
PO-007181,93,17,4,2025-09-16,2025-10-02,2025-09-30,118,118,0,,6.7,6.71,1
PO-007182,93,17,3,2025-09-23,2025-10-09,2025-10-09,106,96,0,,6.7,6.76,1
PO-007183,93,17,9,2025-09-30,2025-10-16,2025-10-09,109,109,0,,6.7,6.7,1
PO-007184,93,17,5,2025-10-07,2025-10-23,2025-10-19,143,143,0,,6.7,6.65,1
PO-007185,93,17,4,2025-10-14,2025-10-30,2025-10-29,147,147,0,,6.7,6.52,1
PO-007186,93,17,4,2025-10-21,2025-11-06,2025-11-06,150,150,0,,6.7,6.72,1
PO-007187,93,17,1,2025-10-28,2025-11-13,2025-11-11,120,120,0,,6.7,6.71,1
PO-007188,93,17,1,2025-11-04,2025-11-20,2025-11-29,141,141,0,,6.7,6.75,1
PO-007189,93,17,7,2025-11-11,2025-11-27,2025-11-24,93,93,4,Failed spec check,6.7,6.75,1
PO-007190,93,17,4,2025-11-18,2025-12-04,2025-12-03,104,104,8,Temperature excursion in transit,6.7,6.62,1
PO-007191,93,17,7,2025-12-02,2025-12-18,2025-12-25,143,143,0,,6.7,6.76,1
PO-007192,93,17,9,2025-12-09,2025-12-25,2025-12-22,79,79,0,,6.7,6.65,1
PO-007193,93,17,3,2025-12-16,2026-01-01,2026-01-01,94,94,0,,6.7,6.75,1
PO-007194,93,17,10,2025-12-23,2026-01-08,2026-01-08,138,131,8,Short shelf life on arrival,6.7,6.82,1
PO-007195,93,17,1,2025-12-30,2026-01-15,2026-01-12,101,101,0,,6.7,6.75,1
PO-007196,93,17,5,2026-01-06,2026-01-22,2026-01-17,151,151,0,,6.7,6.79,1
PO-007197,93,17,7,2026-01-13,2026-01-29,2026-01-26,99,99,0,,6.7,6.69,1
PO-007198,93,17,10,2026-01-20,2026-02-05,2026-02-04,67,67,0,,6.7,6.73,1
PO-007199,93,17,1,2026-02-03,2026-02-19,2026-03-01,136,126,0,,6.7,6.76,1
PO-007200,93,17,7,2026-02-10,2026-02-26,2026-02-23,160,160,0,,6.7,6.71,1
PO-007201,93,17,4,2026-02-17,2026-03-05,2026-03-14,92,92,0,,6.7,6.69,1
PO-007202,93,17,4,2026-02-24,2026-03-12,2026-03-08,172,172,0,,6.7,6.8,1
PO-007203,93,17,5,2026-03-03,2026-03-19,2026-03-12,205,205,0,,6.7,6.69,1
PO-007204,93,17,3,2026-03-10,2026-03-26,2026-03-26,145,145,0,,6.7,6.81,1
PO-007205,93,17,5,2026-03-17,2026-04-02,2026-04-03,177,177,0,,6.7,6.67,1
PO-007206,93,17,9,2026-03-24,2026-04-09,2026-03-30,100,100,0,,6.7,6.75,1
PO-007207,93,17,10,2026-03-31,2026-04-16,2026-04-14,125,125,0,,6.7,6.6,1
PO-007208,93,17,5,2026-04-07,2026-04-23,2026-04-23,101,101,0,,6.7,6.69,1
PO-007209,93,17,1,2026-04-14,2026-04-30,2026-04-27,156,156,0,,6.7,6.65,1
PO-007210,93,17,3,2026-04-21,2026-05-07,2026-05-03,157,157,13,Temperature excursion in transit,6.7,6.64,1
PO-007211,93,17,4,2026-04-28,2026-05-14,2026-05-12,162,162,0,,6.7,6.71,1
PO-007212,93,17,3,2026-05-05,2026-05-21,2026-05-18,157,153,0,,6.7,6.87,1
PO-007213,93,17,10,2026-05-12,2026-05-28,2026-05-23,133,133,0,,6.7,6.69,1
PO-007214,93,17,4,2026-05-19,2026-06-04,2026-05-29,76,76,0,,6.7,6.74,1
PO-007215,93,17,5,2026-05-26,2026-06-11,2026-06-04,130,130,0,,6.7,6.77,1
PO-007216,93,17,5,2026-06-02,2026-06-18,2026-06-12,79,79,0,,6.7,6.74,1
PO-007217,93,17,5,2026-06-09,2026-06-25,2026-06-22,89,89,0,,6.7,6.78,1
PO-007218,93,17,9,2026-06-16,2026-07-02,2026-06-30,200,200,0,,6.7,6.65,1
PO-007219,93,17,3,2026-06-23,2026-07-09,2026-07-08,105,105,0,,6.7,6.77,1
PO-007220,93,17,7,2026-06-30,2026-07-16,2026-07-13,154,154,0,,6.7,6.78,1
PO-007221,94,9,7,2025-01-14,2025-01-24,2025-01-20,500,500,0,,3.5,3.49,0
PO-007222,94,9,1,2025-01-21,2025-01-31,2025-01-30,500,500,0,,3.5,3.49,0
PO-007223,94,9,4,2025-01-28,2025-02-07,2025-02-05,500,500,0,,3.5,3.48,0
PO-007224,94,9,4,2025-02-18,2025-02-28,2025-02-26,500,477,0,,3.5,3.45,0
PO-007225,94,9,9,2025-03-04,2025-03-14,2025-03-14,500,451,0,,3.5,3.48,0
PO-007226,94,9,1,2025-03-11,2025-03-21,2025-03-20,500,500,0,,3.5,3.46,0
PO-007227,94,9,1,2025-04-01,2025-04-11,2025-04-10,500,500,0,,3.5,3.54,0
PO-007228,94,9,10,2025-05-13,2025-05-23,2025-05-24,500,456,0,,3.5,3.49,0
PO-007229,94,9,7,2025-05-20,2025-05-30,2025-05-29,500,500,0,,3.5,3.45,0
PO-007230,94,9,1,2025-06-10,2025-06-20,2025-06-19,500,500,0,,3.5,3.52,0
PO-007231,94,9,9,2025-07-01,2025-07-11,2025-07-10,500,500,0,,3.5,3.49,0
PO-007232,94,9,5,2025-07-15,2025-07-25,2025-07-22,500,500,0,,3.5,3.51,0
PO-007233,94,9,10,2025-08-19,2025-08-29,2025-08-28,500,500,28,Temperature excursion in transit,3.5,3.43,0
PO-007234,94,9,5,2025-09-09,2025-09-19,2025-09-23,500,500,0,,3.5,3.5,0
PO-007235,94,9,9,2025-09-23,2025-10-03,2025-10-01,500,500,0,,3.5,3.45,0
PO-007236,94,9,5,2025-09-30,2025-10-10,2025-10-09,500,500,0,,3.5,3.56,0
PO-007237,94,9,10,2025-11-11,2025-11-21,2025-11-18,500,500,0,,3.5,3.47,0
PO-007238,94,9,3,2025-11-25,2025-12-05,2025-12-04,500,500,0,,3.5,3.47,0
PO-007239,94,9,9,2025-12-09,2025-12-19,2025-12-19,500,500,0,,3.5,3.51,0
PO-007240,94,9,9,2026-01-27,2026-02-06,2026-02-03,500,500,30,Short shelf life on arrival,3.5,3.49,0
PO-007241,94,9,9,2026-03-17,2026-03-27,2026-03-25,500,448,0,,3.5,3.5,0
PO-007242,94,9,10,2026-04-14,2026-04-24,2026-04-23,500,500,0,,3.5,3.52,0
PO-007243,94,9,9,2026-04-21,2026-05-01,2026-04-28,500,500,0,,3.5,3.46,0
PO-007244,94,9,7,2026-04-28,2026-05-08,2026-05-06,500,500,0,,3.5,3.47,0
PO-007245,94,9,7,2026-06-16,2026-06-26,2026-06-25,500,500,0,,3.5,3.46,0
PO-007246,94,9,10,2026-06-30,2026-07-10,2026-07-06,500,500,0,,3.5,3.47,0
PO-007247,94,6,5,2025-01-07,2025-01-15,2025-01-12,500,500,0,,3.7,3.61,1
PO-007248,94,6,1,2025-01-14,2025-01-22,2025-01-22,500,500,0,,3.7,3.54,1
PO-007249,94,6,10,2025-01-21,2025-01-29,2025-01-27,500,500,0,,3.7,3.6,1
PO-007250,94,6,3,2025-01-28,2025-02-05,2025-02-03,500,451,0,,3.7,3.59,1
PO-007251,94,6,10,2025-02-04,2025-02-12,2025-02-11,500,500,0,,3.7,3.61,1
PO-007252,94,6,4,2025-02-18,2025-02-26,2025-02-25,500,500,0,,3.7,3.7,1
PO-007253,94,6,7,2025-02-25,2025-03-05,2025-03-04,500,500,0,,3.7,3.6,1
PO-007254,94,6,4,2025-03-04,2025-03-12,2025-03-12,500,500,0,,3.7,3.61,1
PO-007255,94,6,4,2025-03-18,2025-03-26,2025-03-25,500,500,0,,3.7,3.61,1
PO-007256,94,6,3,2025-03-25,2025-04-02,2025-04-02,500,500,0,,3.7,3.63,1
PO-007257,94,6,1,2025-04-01,2025-04-09,2025-04-07,500,500,0,,3.7,3.57,1
PO-007258,94,6,1,2025-04-08,2025-04-16,2025-04-15,500,500,0,,3.7,3.65,1
PO-007259,94,6,7,2025-04-29,2025-05-07,2025-05-05,500,500,0,,3.7,3.63,1
PO-007260,94,6,5,2025-05-06,2025-05-14,2025-05-14,500,500,0,,3.7,3.61,1
PO-007261,94,6,3,2025-05-13,2025-05-21,2025-05-21,500,500,0,,3.7,3.67,1
PO-007262,94,6,9,2025-05-20,2025-05-28,2025-05-28,500,500,0,,3.7,3.54,1
PO-007263,94,6,9,2025-06-10,2025-06-18,2025-06-17,500,500,0,,3.7,3.57,1
PO-007264,94,6,3,2025-06-24,2025-07-02,2025-07-02,500,500,0,,3.7,3.6,1
PO-007265,94,6,9,2025-07-01,2025-07-09,2025-07-09,500,500,0,,3.7,3.61,1
PO-007266,94,6,7,2025-07-08,2025-07-16,2025-07-15,500,500,0,,3.7,3.61,1
PO-007267,94,6,4,2025-07-15,2025-07-23,2025-07-20,500,500,0,,3.7,3.61,1
PO-007268,94,6,5,2025-07-22,2025-07-30,2025-07-28,500,500,0,,3.7,3.63,1
PO-007269,94,6,7,2025-07-29,2025-08-06,2025-08-06,500,500,33,Short shelf life on arrival,3.7,3.66,1
PO-007270,94,6,9,2025-08-05,2025-08-13,2025-08-11,500,500,0,,3.7,3.58,1
PO-007271,94,6,5,2025-08-12,2025-08-20,2025-08-20,500,500,0,,3.7,3.64,1
PO-007272,94,6,9,2025-08-19,2025-08-27,2025-09-13,500,463,0,,3.7,3.55,1
PO-007273,94,6,7,2025-08-26,2025-09-03,2025-09-03,500,500,0,,3.7,3.58,1
PO-007274,94,6,9,2025-09-09,2025-09-17,2025-09-15,500,500,0,,3.7,3.57,1
PO-007275,94,6,5,2025-09-23,2025-10-01,2025-09-30,500,500,0,,3.7,3.57,1
PO-007276,94,6,4,2025-09-30,2025-10-08,2025-10-06,500,500,0,,3.7,3.61,1
PO-007277,94,6,10,2025-10-14,2025-10-22,2025-10-20,500,500,0,,3.7,3.57,1
PO-007278,94,6,4,2025-10-21,2025-10-29,2025-10-28,500,500,46,Damaged packaging,3.7,3.64,1
PO-007279,94,6,9,2025-10-28,2025-11-05,2025-11-04,500,464,0,,3.7,3.59,1
PO-007280,94,6,10,2025-11-04,2025-11-12,2025-11-11,500,500,45,Short shelf life on arrival,3.7,3.67,1
PO-007281,94,6,7,2025-11-18,2025-11-26,2025-11-25,500,500,0,,3.7,3.56,1
PO-007282,94,6,9,2025-11-25,2025-12-03,2025-12-01,500,500,0,,3.7,3.57,1
PO-007283,94,6,4,2025-12-02,2025-12-10,2025-12-09,500,500,49,Temperature excursion in transit,3.7,3.6,1
PO-007284,94,6,5,2025-12-09,2025-12-17,2025-12-15,500,500,0,,3.7,3.57,1
PO-007285,94,6,1,2025-12-16,2025-12-24,2025-12-22,500,500,0,,3.7,3.67,1
PO-007286,94,6,3,2025-12-23,2025-12-31,2025-12-29,500,500,0,,3.7,3.54,1
PO-007287,94,6,10,2025-12-30,2026-01-07,2026-01-07,500,500,40,Failed spec check,3.7,3.6,1
PO-007288,94,6,3,2026-01-13,2026-01-21,2026-01-20,500,500,0,,3.7,3.59,1
PO-007289,94,6,7,2026-01-20,2026-01-28,2026-01-27,500,500,0,,3.7,3.57,1
PO-007290,94,6,4,2026-01-27,2026-02-04,2026-02-03,500,500,0,,3.7,3.59,1
PO-007291,94,6,3,2026-02-03,2026-02-11,2026-02-09,500,500,0,,3.7,3.64,1
PO-007292,94,6,10,2026-02-10,2026-02-18,2026-02-17,500,500,0,,3.7,3.61,1
PO-007293,94,6,1,2026-02-17,2026-02-25,2026-02-25,500,500,0,,3.7,3.59,1
PO-007294,94,6,3,2026-02-24,2026-03-04,2026-03-02,500,500,0,,3.7,3.62,1
PO-007295,94,6,4,2026-03-03,2026-03-11,2026-03-10,500,500,0,,3.7,3.61,1
PO-007296,94,6,3,2026-03-17,2026-03-25,2026-03-23,500,500,42,Damaged packaging,3.7,3.66,1
PO-007297,94,6,3,2026-03-24,2026-04-01,2026-04-01,500,500,0,,3.7,3.6,1
PO-007298,94,6,9,2026-04-07,2026-04-15,2026-04-14,500,477,0,,3.7,3.62,1
PO-007299,94,6,4,2026-04-14,2026-04-22,2026-04-23,500,500,0,,3.7,3.57,1
PO-007300,94,6,4,2026-04-21,2026-04-29,2026-04-27,500,500,0,,3.7,3.61,1
PO-007301,94,6,5,2026-05-05,2026-05-13,2026-05-12,500,500,0,,3.7,3.6,1
PO-007302,94,6,7,2026-05-12,2026-05-20,2026-05-27,500,500,0,,3.7,3.61,1
PO-007303,94,6,10,2026-05-19,2026-05-27,2026-05-25,500,500,0,,3.7,3.57,1
PO-007304,94,6,4,2026-05-26,2026-06-03,2026-06-02,500,500,0,,3.7,3.68,1
PO-007305,94,6,5,2026-06-09,2026-06-17,2026-06-16,500,500,0,,3.7,3.61,1
PO-007306,94,6,9,2026-06-16,2026-06-24,2026-07-01,500,500,46,Failed spec check,3.7,3.6,1
PO-007307,94,6,10,2026-06-23,2026-07-01,2026-06-29,500,500,0,,3.7,3.55,1
PO-007308,95,14,8,2025-01-14,2025-02-17,2025-01-13,186,186,0,,34.36,35.82,1
PO-007309,95,14,7,2025-01-28,2025-03-03,2025-03-16,159,159,0,,34.36,35.94,1
PO-007310,95,14,6,2025-02-04,2025-03-10,2025-03-07,181,181,7,Documentation incomplete,34.36,36.18,1
PO-007311,95,14,4,2025-02-18,2025-03-24,2025-03-17,168,163,0,,34.36,35.66,1
PO-007312,95,14,8,2025-02-25,2025-03-31,2025-03-23,172,172,0,,34.36,36.22,1
PO-007313,95,14,1,2025-03-18,2025-04-21,2025-04-06,146,146,0,,34.36,35.83,1
PO-007314,95,14,5,2025-03-25,2025-04-28,2025-04-20,151,151,0,,34.36,36.09,1
PO-007315,95,14,7,2025-04-01,2025-05-05,2025-05-02,135,135,0,,34.36,36.32,1
PO-007316,95,14,4,2025-04-08,2025-05-12,2025-05-09,191,191,0,,34.36,36.24,1
PO-007317,95,14,10,2025-04-15,2025-05-19,2025-05-13,109,109,0,,34.36,35.73,1
PO-007318,95,14,7,2025-04-22,2025-05-26,2025-05-15,172,172,0,,34.36,36.33,1
PO-007319,95,14,4,2025-04-29,2025-06-02,2025-05-22,240,240,0,,34.36,35.86,1
PO-007320,95,14,1,2025-05-06,2025-06-09,2025-05-26,151,151,0,,34.36,36.05,1
PO-007321,95,14,8,2025-05-13,2025-06-16,2025-06-12,157,157,0,,34.36,36.08,1
PO-007322,95,14,10,2025-05-20,2025-06-23,2025-06-14,140,140,0,,34.36,36.07,1
PO-007323,95,14,5,2025-05-27,2025-06-30,2025-06-27,252,252,0,,34.36,36.49,1
PO-007324,95,14,5,2025-07-01,2025-08-04,2025-07-20,123,123,0,,34.36,35.96,1
PO-007325,95,14,6,2025-07-08,2025-08-11,2025-07-22,125,125,0,,34.36,36.02,1
PO-007326,95,14,10,2025-07-15,2025-08-18,2025-08-05,201,201,0,,34.36,35.94,1
PO-007327,95,14,5,2025-08-05,2025-09-08,2025-09-04,122,122,0,,34.36,36.14,1
PO-007328,95,14,7,2025-08-12,2025-09-15,2025-09-16,182,182,0,,34.36,35.94,1
PO-007329,95,14,5,2025-08-26,2025-09-29,2025-09-30,195,195,6,Short shelf life on arrival,34.36,36.41,1
PO-007330,95,14,1,2025-09-02,2025-10-06,2025-09-27,173,173,0,,34.36,36.87,1
PO-007331,95,14,6,2025-09-09,2025-10-13,2025-09-22,164,164,0,,34.36,35.75,1
PO-007332,95,14,8,2025-09-30,2025-11-03,2025-10-28,161,161,0,,34.36,35.68,1
PO-007333,95,14,1,2025-10-14,2025-11-17,2025-11-12,170,170,0,,34.36,35.57,1
PO-007334,95,14,2,2025-10-21,2025-11-24,2025-11-20,150,150,0,,34.36,35.78,1
PO-007335,95,14,6,2025-10-28,2025-12-01,2025-11-26,182,182,0,,34.36,35.87,1
PO-007336,95,14,2,2025-11-04,2025-12-08,2025-12-04,169,169,0,,34.36,36.3,1
PO-007337,95,14,5,2025-11-11,2025-12-15,2025-11-23,198,198,0,,34.36,35.82,1
PO-007338,95,14,8,2025-11-18,2025-12-22,2025-12-24,195,195,0,,34.36,36.19,1
PO-007339,95,14,4,2025-11-25,2025-12-29,2025-12-27,134,134,0,,34.36,36.47,1
PO-007340,95,14,1,2025-12-02,2026-01-05,2025-12-31,233,233,0,,34.36,36.61,1
PO-007341,95,14,6,2025-12-09,2026-01-12,2025-12-27,185,185,0,,34.36,35.8,1
PO-007342,95,14,6,2025-12-16,2026-01-19,2026-01-20,155,155,0,,34.36,36.19,1
PO-007343,95,14,4,2025-12-23,2026-01-26,2026-01-18,217,217,0,,34.36,35.76,1
PO-007344,95,14,10,2026-01-06,2026-02-09,2026-02-12,138,138,0,,34.36,36.4,1
PO-007345,95,14,4,2026-01-13,2026-02-16,2026-02-09,178,178,0,,34.36,36.92,1
PO-007346,95,14,4,2026-01-27,2026-03-02,2026-03-02,218,218,0,,34.36,36.12,1
PO-007347,95,14,10,2026-03-03,2026-04-06,2026-03-28,162,162,0,,34.36,36.42,1
PO-007348,95,14,8,2026-03-10,2026-04-13,2026-04-12,186,186,0,,34.36,36.17,1
PO-007349,95,14,1,2026-04-28,2026-06-01,2026-05-27,166,166,0,,34.36,35.56,1
PO-007350,95,14,7,2026-05-12,2026-06-15,2026-06-17,191,191,0,,34.36,35.55,1
PO-007351,95,14,5,2026-05-19,2026-06-22,2026-06-12,202,202,0,,34.36,35.86,1
PO-007352,95,14,7,2026-05-26,2026-06-29,2026-06-23,157,157,0,,34.36,36.09,1
PO-007353,95,14,2,2026-06-02,2026-07-06,2026-07-02,178,178,0,,34.36,35.41,1
PO-007354,95,14,2,2026-06-16,2026-07-20,2026-07-19,137,137,0,,34.36,35.3,1
PO-007355,95,14,4,2026-06-30,2026-08-03,2026-07-16,205,205,0,,34.36,35.65,1
PO-007356,95,8,6,2025-02-04,2025-03-14,2025-03-08,118,118,0,,30.65,32.23,0
PO-007357,95,8,2,2025-02-18,2025-03-28,2025-03-22,242,242,0,,30.65,32.48,0
PO-007358,95,8,7,2025-03-04,2025-04-11,2025-04-11,176,176,0,,30.65,32.75,0
PO-007359,95,8,8,2025-03-11,2025-04-18,2025-04-16,214,214,0,,30.65,32.62,0
PO-007360,95,8,2,2025-04-29,2025-06-06,2025-05-31,179,179,0,,30.65,32.34,0
PO-007361,95,8,4,2025-05-27,2025-07-04,2025-07-20,164,164,0,,30.65,32.38,0
PO-007362,95,8,2,2025-06-17,2025-07-25,2025-07-06,205,205,0,,30.65,32.7,0
PO-007363,95,8,10,2025-06-24,2025-08-01,2025-07-31,127,127,0,,30.65,32.94,0
PO-007364,95,8,4,2025-07-08,2025-08-15,2025-08-14,226,226,0,,30.65,32.63,0
PO-007365,95,8,10,2025-08-05,2025-09-12,2025-09-15,170,170,0,,30.65,32.6,0
PO-007366,95,8,7,2025-09-23,2025-10-31,2025-10-25,112,112,0,,30.65,32.91,0
PO-007367,95,8,5,2025-09-30,2025-11-07,2025-10-28,189,189,0,,30.65,32.36,0
PO-007368,95,8,1,2025-10-07,2025-11-14,2025-11-11,220,220,0,,30.65,32.39,0
PO-007369,95,8,10,2025-10-28,2025-12-05,2025-11-14,185,185,0,,30.65,32.1,0
PO-007370,95,8,1,2025-11-04,2025-12-12,2025-12-04,171,171,0,,30.65,32.24,0
PO-007371,95,8,7,2025-12-09,2026-01-16,2026-01-31,142,142,0,,30.65,32.08,0
PO-007372,95,8,8,2025-12-30,2026-02-06,2026-02-05,208,208,0,,30.65,32.15,0
PO-007373,95,8,7,2026-01-13,2026-02-20,2026-01-24,178,178,0,,30.65,32.6,0
PO-007374,95,8,7,2026-02-10,2026-03-20,2026-03-11,214,214,0,,30.65,32.19,0
PO-007375,95,8,10,2026-03-03,2026-04-10,2026-04-03,174,174,0,,30.65,32.12,0
PO-007376,95,8,7,2026-03-10,2026-04-17,2026-05-14,207,207,0,,30.65,32.47,0
PO-007377,95,8,4,2026-04-07,2026-05-15,2026-05-30,187,173,0,,30.65,32.21,0
PO-007378,95,8,10,2026-05-26,2026-07-03,2026-06-29,94,94,0,,30.65,32.47,0
PO-007379,95,8,1,2026-06-02,2026-07-10,2026-06-27,264,264,0,,30.65,32.68,0
PO-007380,95,8,10,2026-06-30,2026-08-07,2026-08-03,249,249,0,,30.65,32.52,0
PO-007381,96,18,2,2025-01-14,2025-02-17,2025-02-16,476,461,0,,222.31,223.89,1
PO-007382,96,18,8,2025-01-21,2025-02-24,2025-02-20,633,633,0,,222.31,220.86,1
PO-007383,96,18,4,2025-01-28,2025-03-03,2025-02-28,413,413,0,,222.31,220.42,1
PO-007384,96,18,10,2025-02-18,2025-03-24,2025-03-11,580,564,0,,222.31,220.1,1
PO-007385,96,18,5,2025-02-25,2025-03-31,2025-03-15,270,270,0,,222.31,220.21,1
PO-007386,96,18,10,2025-04-01,2025-05-05,2025-04-30,366,353,0,,222.31,217.58,1
PO-007387,96,18,5,2025-04-08,2025-05-12,2025-05-09,468,468,0,,222.31,223.68,1
PO-007388,96,18,1,2025-04-15,2025-05-19,2025-05-08,620,620,0,,222.31,220.94,1
PO-007389,96,18,7,2025-04-22,2025-05-26,2025-05-15,490,490,0,,222.31,219.44,1
PO-007390,96,18,10,2025-05-06,2025-06-09,2025-06-09,369,369,0,,222.31,223.14,1
PO-007391,96,18,7,2025-05-13,2025-06-16,2025-06-22,486,456,0,,222.31,224.15,1
PO-007392,96,18,4,2025-05-20,2025-06-23,2025-06-16,360,342,0,,222.31,218.03,1
PO-007393,96,18,2,2025-05-27,2025-06-30,2025-06-14,438,438,0,,222.31,220.5,1
PO-007394,96,18,2,2025-06-10,2025-07-14,2025-06-29,361,361,0,,222.31,219.45,1
PO-007395,96,18,6,2025-06-17,2025-07-21,2025-08-01,502,502,0,,222.31,221.43,1
PO-007396,96,18,2,2025-06-24,2025-07-28,2025-07-27,406,406,0,,222.31,219.49,1
PO-007397,96,18,2,2025-07-01,2025-08-04,2025-08-03,530,530,0,,222.31,216.76,1
PO-007398,96,18,6,2025-07-15,2025-08-18,2025-08-12,504,504,0,,222.31,221.01,1
PO-007399,96,18,10,2025-07-29,2025-09-01,2025-08-26,327,327,0,,222.31,221.3,1
PO-007400,96,18,5,2025-08-19,2025-09-22,2025-09-21,575,575,0,,222.31,218.74,1
PO-007401,96,18,6,2025-08-26,2025-09-29,2025-09-15,602,602,0,,222.31,220.89,1
PO-007402,96,18,8,2025-09-02,2025-10-06,2025-09-19,439,439,0,,222.31,227.47,1
PO-007403,96,18,1,2025-09-09,2025-10-13,2025-10-04,456,456,0,,222.31,217.27,1
PO-007404,96,18,5,2025-10-07,2025-11-10,2025-11-09,570,540,0,,222.31,220.74,1
PO-007405,96,18,5,2025-10-28,2025-12-01,2025-11-28,752,752,0,,222.31,219.85,1
PO-007406,96,18,7,2025-11-04,2025-12-08,2025-11-23,477,477,0,,222.31,220.78,1
PO-007407,96,18,7,2025-11-11,2025-12-15,2025-12-04,457,457,0,,222.31,221.9,1
PO-007408,96,18,7,2025-11-18,2025-12-22,2025-12-17,418,418,0,,222.31,214.86,1
PO-007409,96,18,1,2025-11-25,2025-12-29,2025-12-20,607,607,0,,222.31,220.08,1
PO-007410,96,18,5,2025-12-02,2026-01-05,2026-01-03,587,587,0,,222.31,219.56,1
PO-007411,96,18,4,2025-12-09,2026-01-12,2025-12-29,525,510,0,,222.31,220.32,1
PO-007412,96,18,6,2025-12-16,2026-01-19,2026-01-18,405,405,0,,222.31,222.83,1
PO-007413,96,18,2,2025-12-23,2026-01-26,2026-01-22,531,531,0,,222.31,218.5,1
PO-007414,96,18,6,2025-12-30,2026-02-02,2026-01-23,452,426,0,,222.31,218.38,1
PO-007415,96,18,8,2026-01-06,2026-02-09,2026-02-06,607,607,0,,222.31,220.51,1
PO-007416,96,18,7,2026-01-27,2026-03-02,2026-03-05,494,494,0,,222.31,222.01,1
PO-007417,96,18,7,2026-02-03,2026-03-09,2026-03-09,516,516,0,,222.31,220.88,1
PO-007418,96,18,10,2026-02-10,2026-03-16,2026-03-16,488,488,0,,222.31,222.05,1
PO-007419,96,18,6,2026-03-03,2026-04-06,2026-04-02,513,513,0,,222.31,218.23,1
PO-007420,96,18,7,2026-03-17,2026-04-20,2026-04-16,509,509,0,,222.31,219.79,1
PO-007421,96,18,1,2026-03-24,2026-04-27,2026-04-25,303,303,0,,222.31,219.66,1
PO-007422,96,18,4,2026-04-07,2026-05-11,2026-05-06,475,475,0,,222.31,219.2,1
PO-007423,96,18,7,2026-04-21,2026-05-25,2026-05-06,370,370,0,,222.31,220.69,1
PO-007424,96,18,8,2026-04-28,2026-06-01,2026-05-21,437,411,0,,222.31,222.11,1
PO-007425,96,18,4,2026-05-12,2026-06-15,2026-06-11,506,487,0,,222.31,221.69,1
PO-007426,96,18,7,2026-05-19,2026-06-22,2026-06-11,638,638,0,,222.31,222.32,1
PO-007427,96,18,8,2026-06-02,2026-07-06,2026-07-19,667,667,0,,222.31,219.87,1
PO-007428,96,18,4,2026-06-09,2026-07-13,2026-07-07,382,382,0,,222.31,218.08,1
PO-007429,96,18,2,2026-06-16,2026-07-20,2026-07-18,629,629,0,,222.31,219.07,1
PO-007430,96,18,7,2026-06-30,2026-08-03,2026-08-02,424,424,0,,222.31,219.88,1
PO-007431,96,13,7,2025-01-21,2025-02-09,2025-02-06,739,739,0,,215.58,224.81,0
PO-007432,96,13,7,2025-02-18,2025-03-09,2025-03-02,461,461,35,Temperature excursion in transit,215.58,223.92,0
PO-007433,96,13,5,2025-03-11,2025-03-30,2025-03-24,666,666,0,,215.58,223.35,0
PO-007434,96,13,6,2025-06-24,2025-07-13,2025-07-08,804,804,0,,215.58,226.17,0
PO-007435,96,13,2,2025-08-19,2025-09-07,2025-09-07,654,654,0,,215.58,222.13,0
PO-007436,96,13,8,2025-08-26,2025-09-14,2025-09-14,623,559,0,,215.58,220.66,0
PO-007437,96,13,4,2025-09-02,2025-09-21,2025-09-18,622,622,0,,215.58,224.37,0
PO-007438,96,13,4,2025-10-14,2025-11-02,2025-10-30,647,647,0,,215.58,223.74,0
PO-007439,96,13,7,2026-03-24,2026-04-12,2026-04-08,335,335,0,,215.58,225.77,0
PO-007440,96,13,2,2026-04-28,2026-05-17,2026-05-18,584,584,0,,215.58,226.95,0
PO-007441,96,13,10,2026-06-16,2026-07-05,2026-06-28,796,796,0,,215.58,225.86,0
PO-007442,96,2,4,2025-03-18,2025-04-29,2025-04-24,748,705,0,,179.69,183.3,0
PO-007443,96,2,10,2025-04-01,2025-05-13,2025-05-08,443,443,0,,179.69,186.15,0
PO-007444,96,2,5,2025-04-15,2025-05-27,2025-05-21,745,745,0,,179.69,181.75,0
PO-007445,96,2,2,2025-05-20,2025-07-01,2025-06-27,792,792,0,,179.69,183.31,0
PO-007446,96,2,8,2025-07-01,2025-08-12,2025-07-17,737,737,0,,179.69,184.0,0
PO-007447,96,2,10,2025-07-22,2025-09-02,2025-09-15,656,604,0,,179.69,185.26,0
PO-007448,96,2,7,2025-08-05,2025-09-16,2025-09-12,528,528,0,,179.69,183.38,0
PO-007449,96,2,10,2025-10-28,2025-12-09,2025-11-21,643,643,0,,179.69,181.55,0
PO-007450,96,2,2,2025-11-25,2026-01-06,2026-01-05,786,786,0,,179.69,185.41,0
PO-007451,96,2,5,2026-02-10,2026-03-24,2026-03-15,847,847,0,,179.69,183.45,0
PO-007452,96,2,5,2026-05-12,2026-06-23,2026-06-19,669,669,0,,179.69,185.08,0
PO-007453,96,3,4,2025-02-11,2025-02-20,2025-02-20,613,613,0,,241.5,247.77,0
PO-007454,96,3,2,2025-06-10,2025-06-19,2025-06-19,558,558,0,,241.5,247.96,0
PO-007455,96,3,4,2025-09-02,2025-09-11,2025-09-10,894,894,0,,241.5,245.29,0
PO-007456,96,3,7,2025-09-30,2025-10-09,2025-10-07,631,631,0,,241.5,247.94,0
PO-007457,96,3,4,2025-12-09,2025-12-18,2025-12-17,590,590,0,,241.5,246.81,0
PO-007458,96,3,8,2026-03-17,2026-03-26,2026-03-25,647,562,37,Short shelf life on arrival,241.5,249.42,0
PO-007459,96,3,2,2026-03-24,2026-04-02,2026-04-02,943,943,0,,241.5,244.19,0
PO-007460,96,3,4,2026-04-14,2026-04-23,2026-04-22,514,514,0,,241.5,248.69,0
PO-007461,96,3,6,2026-06-02,2026-06-11,2026-06-11,519,519,0,,241.5,247.21,0
PO-007462,96,3,6,2026-06-30,2026-07-09,2026-07-08,731,731,0,,241.5,249.83,0
PO-007463,97,21,2,2025-01-07,2025-02-09,2025-02-02,453,453,0,,11.61,11.56,1
PO-007464,97,21,4,2025-01-21,2025-02-23,2025-02-26,412,412,0,,11.61,11.9,1
PO-007465,97,21,8,2025-01-28,2025-03-02,2025-02-24,533,533,0,,11.61,11.76,1
PO-007466,97,21,4,2025-02-04,2025-03-09,2025-03-25,327,327,0,,11.61,11.8,1
PO-007467,97,21,10,2025-02-11,2025-03-16,2025-03-06,331,331,0,,11.61,11.94,1
PO-007468,97,21,1,2025-02-25,2025-03-30,2025-03-29,485,485,0,,11.61,11.84,1
PO-007469,97,21,10,2025-03-04,2025-04-06,2025-04-03,434,434,0,,11.61,11.95,1
PO-007470,97,21,1,2025-03-11,2025-04-13,2025-05-04,343,343,0,,11.61,11.84,1
PO-007471,97,21,4,2025-03-25,2025-04-27,2025-04-13,347,347,0,,11.61,11.65,1
PO-007472,97,21,5,2025-04-15,2025-05-18,2025-05-05,271,259,8,Temperature excursion in transit,11.61,11.73,1
PO-007473,97,21,1,2025-04-29,2025-06-01,2025-05-21,543,543,0,,11.61,11.88,1
PO-007474,97,21,7,2025-05-06,2025-06-08,2025-05-19,562,562,0,,11.61,11.93,1
PO-007475,97,21,1,2025-05-27,2025-06-29,2025-06-20,433,433,0,,11.61,11.91,1
PO-007476,97,21,1,2025-06-03,2025-07-06,2025-06-30,491,491,0,,11.61,11.77,1
PO-007477,97,21,2,2025-06-10,2025-07-13,2025-07-15,210,210,0,,11.61,11.84,1
PO-007478,97,21,10,2025-06-17,2025-07-20,2025-07-09,408,408,0,,11.61,11.79,1
PO-007479,97,21,4,2025-06-24,2025-07-27,2025-07-25,413,413,16,Temperature excursion in transit,11.61,11.58,1
PO-007480,97,21,6,2025-07-01,2025-08-03,2025-07-14,518,518,0,,11.61,11.89,1
PO-007481,97,21,8,2025-07-08,2025-08-10,2025-07-24,512,512,0,,11.61,11.96,1
PO-007482,97,21,8,2025-07-29,2025-08-31,2025-08-13,465,465,0,,11.61,11.79,1
PO-007483,97,21,8,2025-08-05,2025-09-07,2025-08-31,445,445,0,,11.61,11.75,1
PO-007484,97,21,7,2025-08-12,2025-09-14,2025-09-09,285,285,0,,11.61,11.78,1
PO-007485,97,21,10,2025-08-19,2025-09-21,2025-09-12,539,539,0,,11.61,11.45,1
PO-007486,97,21,5,2025-09-02,2025-10-05,2025-09-18,413,413,0,,11.61,11.91,1
PO-007487,97,21,7,2025-09-16,2025-10-19,2025-10-18,311,311,0,,11.61,11.74,1
PO-007488,97,21,1,2025-09-23,2025-10-26,2025-10-24,328,328,0,,11.61,11.75,1
PO-007489,97,21,2,2025-10-14,2025-11-16,2025-11-06,142,142,0,,11.61,11.73,1
PO-007490,97,21,2,2025-10-21,2025-11-23,2025-11-27,400,400,0,,11.61,11.68,1
PO-007491,97,21,8,2025-10-28,2025-11-30,2025-12-01,378,378,0,,11.61,11.75,1
PO-007492,97,21,6,2025-11-11,2025-12-14,2025-12-02,393,370,0,,11.61,11.81,1
PO-007493,97,21,10,2025-11-18,2025-12-21,2025-12-08,378,378,0,,11.61,11.61,1
PO-007494,97,21,7,2025-11-25,2025-12-28,2025-12-27,487,487,0,,11.61,11.8,1
PO-007495,97,21,1,2025-12-02,2026-01-04,2025-12-23,553,553,0,,11.61,11.8,1
PO-007496,97,21,1,2025-12-09,2026-01-11,2026-01-28,373,373,0,,11.61,11.74,1
PO-007497,97,21,8,2025-12-16,2026-01-18,2026-01-06,682,682,0,,11.61,11.6,1
PO-007498,97,21,6,2025-12-23,2026-01-25,2026-01-27,428,428,0,,11.61,11.78,1
PO-007499,97,21,6,2026-02-10,2026-03-15,2026-04-02,316,316,9,Failed spec check,11.61,11.69,1
PO-007500,97,21,4,2026-02-17,2026-03-22,2026-02-28,452,452,0,,11.61,11.87,1
PO-007501,97,21,4,2026-02-24,2026-03-29,2026-03-19,547,547,0,,11.61,12.0,1
PO-007502,97,21,1,2026-03-03,2026-04-05,2026-04-04,306,306,0,,11.61,11.78,1
PO-007503,97,21,8,2026-03-17,2026-04-19,2026-04-14,442,442,0,,11.61,11.88,1
PO-007504,97,21,4,2026-03-24,2026-04-26,2026-04-05,474,474,0,,11.61,11.93,1
PO-007505,97,21,7,2026-03-31,2026-05-03,2026-04-24,406,406,0,,11.61,11.67,1
PO-007506,97,21,7,2026-04-07,2026-05-10,2026-05-08,406,406,0,,11.61,11.65,1
PO-007507,97,21,7,2026-04-14,2026-05-17,2026-05-12,546,546,0,,11.61,11.73,1
PO-007508,97,21,2,2026-04-21,2026-05-24,2026-06-18,564,564,0,,11.61,11.76,1
PO-007509,97,21,10,2026-05-05,2026-06-07,2026-06-25,464,464,0,,11.61,11.73,1
PO-007510,97,21,8,2026-05-19,2026-06-21,2026-06-20,463,463,0,,11.61,11.58,1
PO-007511,97,21,5,2026-05-26,2026-06-28,2026-06-21,405,389,0,,11.61,12.03,1
PO-007512,97,21,10,2026-06-02,2026-07-05,2026-07-27,558,558,0,,11.61,11.81,1
PO-007513,97,21,6,2026-06-30,2026-08-02,2026-07-01,604,604,0,,11.61,11.9,1
PO-007514,97,9,7,2025-01-21,2025-02-03,2025-01-31,713,713,0,,14.14,13.92,0
PO-007515,97,9,7,2025-02-25,2025-03-10,2025-03-10,671,671,0,,14.14,14.02,0
PO-007516,97,9,5,2025-04-08,2025-04-21,2025-04-20,836,836,0,,14.14,14.23,0
PO-007517,97,9,10,2025-04-22,2025-05-05,2025-05-04,745,745,0,,14.14,14.08,0
PO-007518,97,9,8,2025-05-06,2025-05-19,2025-05-19,483,483,0,,14.14,13.9,0
PO-007519,97,9,8,2025-05-20,2025-06-02,2025-06-01,659,659,0,,14.14,14.04,0
PO-007520,97,9,10,2025-06-10,2025-06-23,2025-06-24,621,621,0,,14.14,13.91,0
PO-007521,97,9,1,2025-07-29,2025-08-11,2025-08-11,559,559,0,,14.14,14.17,0
PO-007522,97,9,8,2025-09-30,2025-10-13,2025-10-11,467,467,29,Failed spec check,14.14,13.89,0
PO-007523,97,9,8,2025-10-21,2025-11-03,2025-11-01,629,614,0,,14.14,14.09,0
PO-007524,97,9,6,2026-03-31,2026-04-13,2026-04-09,280,280,0,,14.14,14.16,0
PO-007525,97,9,6,2026-04-21,2026-05-04,2026-04-30,724,724,0,,14.14,14.1,0
PO-007526,97,11,4,2025-02-25,2025-03-03,2025-03-02,500,500,0,,14.94,14.91,0
PO-007527,97,11,1,2025-08-26,2025-09-01,2025-08-31,500,500,0,,14.94,15.09,0
PO-007528,97,11,5,2025-09-09,2025-09-15,2025-09-15,500,500,0,,14.94,15.31,0
PO-007529,97,11,5,2026-01-27,2026-02-02,2026-02-01,500,500,0,,14.94,14.99,0
PO-007530,97,11,4,2026-02-10,2026-02-16,2026-02-15,500,500,0,,14.94,15.24,0
PO-007531,97,11,1,2026-05-12,2026-05-18,2026-05-18,526,526,0,,14.94,15.1,0
PO-007532,98,9,10,2025-01-07,2025-01-19,2025-01-17,50,50,0,,8.8,8.69,1
PO-007533,98,9,5,2025-01-21,2025-02-02,2025-01-31,50,50,0,,8.8,8.86,1
PO-007534,98,9,4,2025-02-11,2025-02-23,2025-02-23,50,50,0,,8.8,8.66,1
PO-007535,98,9,8,2025-02-18,2025-03-02,2025-03-01,50,50,0,,8.8,8.7,1
PO-007536,98,9,8,2025-02-25,2025-03-09,2025-03-08,55,55,0,,8.8,8.79,1
PO-007537,98,9,7,2025-03-25,2025-04-06,2025-04-05,50,50,0,,8.8,8.82,1
PO-007538,98,9,5,2025-04-01,2025-04-13,2025-04-14,50,50,0,,8.8,8.78,1
PO-007539,98,9,6,2025-04-08,2025-04-20,2025-04-19,59,59,0,,8.8,8.8,1
PO-007540,98,9,10,2025-04-22,2025-05-04,2025-05-03,50,50,0,,8.8,8.88,1
PO-007541,98,9,4,2025-05-13,2025-05-25,2025-05-25,50,50,0,,8.8,8.56,1
PO-007542,98,9,8,2025-06-17,2025-06-29,2025-06-27,50,50,0,,8.8,8.93,1
PO-007543,98,9,6,2025-07-01,2025-07-13,2025-07-11,50,50,0,,8.8,8.67,1
PO-007544,98,9,6,2025-07-15,2025-07-27,2025-07-25,56,56,2,Temperature excursion in transit,8.8,8.63,1
PO-007545,98,9,6,2025-07-29,2025-08-10,2025-08-09,50,50,0,,8.8,8.51,1
PO-007546,98,9,8,2025-08-05,2025-08-17,2025-08-15,58,58,0,,8.8,8.82,1
PO-007547,98,9,4,2025-09-02,2025-09-14,2025-09-13,50,50,1,Temperature excursion in transit,8.8,8.86,1
PO-007548,98,9,7,2025-09-23,2025-10-05,2025-10-06,51,51,0,,8.8,8.63,1
PO-007549,98,9,7,2025-10-07,2025-10-19,2025-10-19,50,50,0,,8.8,8.98,1
PO-007550,98,9,6,2025-10-21,2025-11-02,2025-10-31,50,50,0,,8.8,8.79,1
PO-007551,98,9,7,2025-10-28,2025-11-09,2025-11-08,50,50,0,,8.8,8.61,1
PO-007552,98,9,7,2025-11-04,2025-11-16,2025-11-14,50,50,0,,8.8,8.77,1
PO-007553,98,9,1,2025-11-11,2025-11-23,2025-11-23,50,50,0,,8.8,8.72,1
PO-007554,98,9,1,2025-11-25,2025-12-07,2025-12-04,50,50,0,,8.8,8.72,1
PO-007555,98,9,6,2025-12-02,2025-12-14,2025-12-14,50,50,0,,8.8,8.98,1
PO-007556,98,9,10,2025-12-16,2025-12-28,2025-12-28,58,58,0,,8.8,8.78,1
PO-007557,98,9,7,2025-12-23,2026-01-04,2025-12-31,52,52,0,,8.8,8.91,1
PO-007558,98,9,5,2025-12-30,2026-01-11,2026-01-09,50,48,0,,8.8,8.62,1
PO-007559,98,9,7,2026-02-03,2026-02-15,2026-02-14,50,50,0,,8.8,8.72,1
PO-007560,98,9,6,2026-02-10,2026-02-22,2026-02-20,55,55,0,,8.8,8.65,1
PO-007561,98,9,5,2026-02-17,2026-03-01,2026-02-28,50,50,0,,8.8,8.73,1
PO-007562,98,9,1,2026-04-21,2026-05-03,2026-05-03,50,50,0,,8.8,8.63,1
PO-007563,98,9,6,2026-05-12,2026-05-24,2026-05-23,50,50,0,,8.8,8.73,1
PO-007564,98,9,4,2026-05-19,2026-05-31,2026-05-30,50,48,0,,8.8,8.66,1
PO-007565,98,9,5,2026-05-26,2026-06-07,2026-06-07,50,50,0,,8.8,8.69,1
PO-007566,98,9,8,2026-06-09,2026-06-21,2026-06-20,50,50,0,,8.8,8.86,1
PO-007567,98,17,4,2025-03-11,2025-03-28,2025-03-21,100,100,0,,8.24,8.35,0
PO-007568,98,17,4,2025-05-27,2025-06-13,2025-06-12,100,100,0,,8.24,8.37,0
PO-007569,98,17,2,2025-07-08,2025-07-25,2025-07-23,100,100,0,,8.24,8.29,0
PO-007570,98,17,4,2025-07-15,2025-08-01,2025-07-29,100,100,0,,8.24,8.29,0
PO-007571,98,17,2,2025-07-22,2025-08-08,2025-08-06,100,100,0,,8.24,8.29,0
PO-007572,98,17,8,2025-07-29,2025-08-15,2025-08-10,100,100,0,,8.24,8.11,0
PO-007573,98,17,1,2025-08-26,2025-09-12,2025-09-09,100,90,0,,8.24,8.34,0
PO-007574,98,17,5,2025-09-02,2025-09-19,2025-09-18,100,100,0,,8.24,8.31,0
PO-007575,98,17,2,2026-01-06,2026-01-23,2026-01-20,100,91,0,,8.24,8.29,0
PO-007576,98,17,8,2026-02-10,2026-02-27,2026-02-27,100,100,0,,8.24,8.21,0
PO-007577,98,17,10,2026-03-31,2026-04-17,2026-04-20,100,100,0,,8.24,8.24,0
PO-007578,98,17,6,2026-04-07,2026-04-24,2026-04-22,100,94,0,,8.24,8.15,0
PO-007579,98,17,4,2026-05-12,2026-05-29,2026-05-28,100,100,0,,8.24,8.33,0
PO-007580,98,17,5,2026-05-26,2026-06-12,2026-06-10,100,100,0,,8.24,8.31,0
PO-007581,98,17,7,2026-06-16,2026-07-03,2026-07-11,100,100,0,,8.24,8.22,0
PO-007582,98,7,5,2025-01-07,2025-02-07,2025-02-03,58,58,0,,8.48,8.62,0
PO-007583,98,7,4,2025-01-14,2025-02-14,2025-02-07,57,57,0,,8.48,8.83,0
PO-007584,98,7,7,2025-02-11,2025-03-14,2025-03-11,69,69,0,,8.48,8.69,0
PO-007585,98,7,2,2025-02-18,2025-03-21,2025-03-06,52,52,0,,8.48,8.68,0
PO-007586,98,7,1,2025-06-03,2025-07-04,2025-06-29,65,65,0,,8.48,8.8,0
PO-007587,98,7,4,2025-06-17,2025-07-18,2025-07-16,35,35,0,,8.48,8.71,0
PO-007588,98,7,2,2025-07-01,2025-08-01,2025-07-18,61,61,0,,8.48,8.68,0
PO-007589,98,7,8,2025-09-09,2025-10-10,2025-09-24,66,66,0,,8.48,8.64,0
PO-007590,98,7,4,2025-09-23,2025-10-24,2025-10-16,47,47,0,,8.48,8.76,0
PO-007591,98,7,10,2025-10-07,2025-11-07,2025-11-05,54,54,0,,8.48,8.83,0
PO-007592,98,7,5,2025-10-14,2025-11-14,2025-10-25,57,57,0,,8.48,8.86,0
PO-007593,98,7,6,2025-10-21,2025-11-21,2025-11-07,48,48,0,,8.48,8.66,0
PO-007594,98,7,5,2025-10-28,2025-11-28,2025-11-26,46,46,0,,8.48,8.86,0
PO-007595,98,7,4,2025-12-30,2026-01-30,2026-01-19,48,48,0,,8.48,8.7,0
PO-007596,98,7,2,2026-01-13,2026-02-13,2026-02-07,45,45,0,,8.48,8.83,0
PO-007597,98,7,7,2026-02-10,2026-03-13,2026-03-05,71,71,0,,8.48,8.68,0
PO-007598,98,7,5,2026-02-24,2026-03-27,2026-03-16,55,55,0,,8.48,8.77,0
PO-007599,98,7,2,2026-03-10,2026-04-10,2026-04-10,46,46,0,,8.48,8.69,0
PO-007600,98,7,5,2026-04-07,2026-05-08,2026-05-04,66,66,4,Documentation incomplete,8.48,8.66,0
PO-007601,98,7,2,2026-04-14,2026-05-15,2026-04-24,57,57,0,,8.48,8.82,0
PO-007602,98,7,10,2026-04-28,2026-05-29,2026-05-26,52,52,3,Documentation incomplete,8.48,8.73,0
PO-007603,98,7,1,2026-05-05,2026-06-05,2026-06-11,46,46,3,Damaged packaging,8.48,8.74,0
PO-007604,98,7,1,2026-05-26,2026-06-26,2026-06-14,40,40,0,,8.48,8.71,0
PO-007605,99,17,5,2025-02-04,2025-02-22,2025-02-20,250,240,0,,4.76,4.7,0
PO-007606,99,17,4,2025-04-08,2025-04-26,2025-04-24,250,250,0,,4.76,4.72,0
PO-007607,99,17,4,2025-04-22,2025-05-10,2025-05-18,250,250,0,,4.76,4.81,0
PO-007608,99,17,5,2025-04-29,2025-05-17,2025-05-15,250,250,0,,4.76,4.66,0
PO-007609,99,17,2,2025-06-17,2025-07-05,2025-06-29,250,250,0,,4.76,4.82,0
PO-007610,99,17,5,2025-08-05,2025-08-23,2025-08-20,250,250,0,,4.76,4.82,0
PO-007611,99,17,1,2025-09-16,2025-10-04,2025-09-28,250,250,0,,4.76,4.81,0
PO-007612,99,17,10,2025-10-28,2025-11-15,2025-11-10,250,250,0,,4.76,4.66,0
PO-007613,99,17,1,2025-11-25,2025-12-13,2025-12-12,250,250,0,,4.76,4.79,0
PO-007614,99,17,8,2025-12-09,2025-12-27,2025-12-31,250,250,0,,4.76,4.74,0
PO-007615,99,17,1,2025-12-30,2026-01-17,2026-01-20,250,250,0,,4.76,4.75,0
PO-007616,99,17,8,2026-02-03,2026-02-21,2026-02-22,250,250,0,,4.76,4.73,0
PO-007617,99,17,8,2026-05-05,2026-05-23,2026-05-17,250,250,0,,4.76,4.8,0
PO-007618,99,10,10,2025-01-07,2025-02-10,2025-01-31,73,73,0,,5.11,5.06,1
PO-007619,99,10,4,2025-01-14,2025-02-17,2025-02-14,58,58,0,,5.11,4.98,1
PO-007620,99,10,1,2025-02-25,2025-03-31,2025-04-12,93,93,0,,5.11,5.08,1
PO-007621,99,10,4,2025-03-04,2025-04-07,2025-04-24,50,50,0,,5.11,5.06,1
PO-007622,99,10,7,2025-03-11,2025-04-14,2025-04-04,77,77,0,,5.11,4.87,1
PO-007623,99,10,5,2025-03-18,2025-04-21,2025-04-13,91,86,0,,5.11,5.02,1
PO-007624,99,10,10,2025-03-25,2025-04-28,2025-05-12,48,40,0,,5.11,5.02,1
PO-007625,99,10,1,2025-04-01,2025-05-05,2025-05-02,72,72,0,,5.11,5.1,1
PO-007626,99,10,5,2025-04-15,2025-05-19,2025-05-30,64,64,0,,5.11,5.03,1
PO-007627,99,10,8,2025-04-29,2025-06-02,2025-05-25,66,64,0,,5.11,5.05,1
PO-007628,99,10,5,2025-05-06,2025-06-09,2025-06-07,78,78,0,,5.11,5.02,1
PO-007629,99,10,4,2025-05-13,2025-06-16,2025-06-28,45,45,0,,5.11,4.97,1
PO-007630,99,10,1,2025-05-20,2025-06-23,2025-06-13,101,101,0,,5.11,4.96,1
PO-007631,99,10,5,2025-05-27,2025-06-30,2025-06-17,61,61,0,,5.11,5.06,1
PO-007632,99,10,7,2025-06-03,2025-07-07,2025-07-02,58,58,0,,5.11,4.96,1
PO-007633,99,10,2,2025-06-17,2025-07-21,2025-07-17,64,64,0,,5.11,5.04,1
PO-007634,99,10,4,2025-06-24,2025-07-28,2025-07-17,74,74,0,,5.11,5.04,1
PO-007635,99,10,10,2025-07-22,2025-08-25,2025-08-03,58,58,0,,5.11,5.07,1
PO-007636,99,10,10,2025-08-05,2025-09-08,2025-08-30,47,47,0,,5.11,5.07,1
PO-007637,99,10,1,2025-08-12,2025-09-15,2025-09-13,86,78,0,,5.11,5.03,1
PO-007638,99,10,10,2025-08-19,2025-09-22,2025-09-09,67,57,0,,5.11,5.08,1
PO-007639,99,10,5,2025-08-26,2025-09-29,2025-09-19,66,66,0,,5.11,5.09,1
PO-007640,99,10,5,2025-09-09,2025-10-13,2025-10-14,68,68,0,,5.11,5.14,1
PO-007641,99,10,2,2025-09-16,2025-10-20,2025-10-05,63,58,0,,5.11,5.13,1
PO-007642,99,10,8,2025-09-23,2025-10-27,2025-10-25,58,58,0,,5.11,4.96,1
PO-007643,99,10,4,2025-10-07,2025-11-10,2025-10-28,42,42,1,Documentation incomplete,5.11,4.98,1
PO-007644,99,10,8,2025-10-14,2025-11-17,2025-12-03,61,61,0,,5.11,5.1,1
PO-007645,99,10,2,2025-10-28,2025-12-01,2025-11-20,56,46,0,,5.11,5.08,1
PO-007646,99,10,4,2025-11-11,2025-12-15,2025-12-06,42,42,0,,5.11,5.03,1
PO-007647,99,10,4,2025-11-18,2025-12-22,2025-12-20,52,52,0,,5.11,5.07,1
PO-007648,99,10,10,2025-11-25,2025-12-29,2025-12-24,79,79,0,,5.11,5.01,1
PO-007649,99,10,10,2025-12-02,2026-01-05,2025-12-30,75,75,0,,5.11,5.05,1
PO-007650,99,10,8,2025-12-09,2026-01-12,2026-01-07,66,66,0,,5.11,5.06,1
PO-007651,99,10,10,2025-12-16,2026-01-19,2026-01-15,60,60,0,,5.11,5.11,1
PO-007652,99,10,6,2025-12-30,2026-02-02,2026-01-31,48,48,0,,5.11,5.03,1
PO-007653,99,10,10,2026-01-13,2026-02-16,2026-02-15,75,75,0,,5.11,5.04,1
PO-007654,99,10,6,2026-01-20,2026-02-23,2026-02-19,51,51,0,,5.11,5.09,1
PO-007655,99,10,5,2026-01-27,2026-03-02,2026-02-24,80,65,0,,5.11,5.11,1
PO-007656,99,10,6,2026-02-24,2026-03-30,2026-03-14,54,54,0,,5.11,5.14,1
PO-007657,99,10,2,2026-03-03,2026-04-06,2026-03-28,97,97,0,,5.11,5.03,1
PO-007658,99,10,2,2026-03-17,2026-04-20,2026-04-24,67,67,0,,5.11,5.07,1
PO-007659,99,10,7,2026-03-24,2026-04-27,2026-05-22,40,37,0,,5.11,5.04,1
PO-007660,99,10,8,2026-03-31,2026-05-04,2026-04-29,73,73,0,,5.11,5.1,1
PO-007661,99,10,8,2026-04-07,2026-05-11,2026-04-24,78,78,0,,5.11,5.12,1
PO-007662,99,10,10,2026-04-21,2026-05-25,2026-05-25,80,80,0,,5.11,5.09,1
PO-007663,99,10,7,2026-05-19,2026-06-22,2026-06-13,78,78,0,,5.11,5.02,1
PO-007664,99,10,10,2026-05-26,2026-06-29,2026-06-01,92,92,0,,5.11,4.99,1
PO-007665,99,10,7,2026-06-02,2026-07-06,2026-06-29,55,55,0,,5.11,5.1,1
PO-007666,99,10,5,2026-06-09,2026-07-13,2026-06-21,68,68,0,,5.11,5.08,1
PO-007667,99,10,2,2026-06-23,2026-07-27,2026-07-17,63,63,0,,5.11,4.99,1
PO-007668,99,10,1,2026-06-30,2026-08-03,2026-07-26,64,64,0,,5.11,5.03,1
PO-007669,99,5,5,2025-01-07,2025-02-04,2025-01-28,50,50,0,,5.08,5.01,0
PO-007670,99,5,4,2025-03-25,2025-04-22,2025-04-19,70,70,0,,5.08,5.11,0
PO-007671,99,5,1,2025-04-15,2025-05-13,2025-05-09,50,50,0,,5.08,5.03,0
PO-007672,99,5,4,2025-04-29,2025-05-27,2025-05-19,70,66,0,,5.08,5.07,0
PO-007673,99,5,10,2025-07-01,2025-07-29,2025-07-22,60,60,0,,5.08,5.13,0
PO-007674,99,5,10,2025-10-14,2025-11-11,2025-11-07,52,52,0,,5.08,5.18,0
PO-007675,99,5,10,2025-12-30,2026-01-27,2026-01-19,61,61,0,,5.08,5.03,0
PO-007676,99,5,5,2026-01-27,2026-02-24,2026-02-23,79,79,5,Failed spec check,5.08,5.18,0
PO-007677,99,5,1,2026-02-10,2026-03-10,2026-03-14,65,65,0,,5.08,5.16,0
PO-007678,99,5,6,2026-05-05,2026-06-02,2026-05-30,71,71,2,Documentation incomplete,5.08,5.09,0
PO-007679,99,5,5,2026-05-12,2026-06-09,2026-06-02,50,50,0,,5.08,5.08,0
PO-007680,100,9,4,2025-01-07,2025-01-19,2025-01-18,456,456,0,,6.26,6.22,1
PO-007681,100,9,4,2025-01-14,2025-01-26,2025-01-25,267,267,13,Failed spec check,6.26,6.31,1
PO-007682,100,9,2,2025-01-21,2025-02-02,2025-02-02,233,233,0,,6.26,6.23,1
PO-007683,100,9,7,2025-01-28,2025-02-09,2025-02-08,254,254,0,,6.26,6.25,1
PO-007684,100,9,4,2025-02-04,2025-02-16,2025-02-15,318,318,0,,6.26,6.24,1
PO-007685,100,9,10,2025-02-18,2025-03-02,2025-03-01,346,346,0,,6.26,6.21,1
PO-007686,100,9,6,2025-02-25,2025-03-09,2025-03-06,244,244,0,,6.26,6.26,1
PO-007687,100,9,8,2025-03-04,2025-03-16,2025-03-15,262,250,0,,6.26,6.21,1
PO-007688,100,9,1,2025-03-11,2025-03-23,2025-03-21,294,294,0,,6.26,6.21,1
PO-007689,100,9,10,2025-03-18,2025-03-30,2025-03-27,168,168,0,,6.26,6.19,1
PO-007690,100,9,1,2025-04-01,2025-04-13,2025-04-13,232,232,7,Temperature excursion in transit,6.26,6.22,1
PO-007691,100,9,2,2025-04-08,2025-04-20,2025-04-18,240,240,0,,6.26,6.23,1
PO-007692,100,9,10,2025-04-15,2025-04-27,2025-04-28,260,260,0,,6.26,6.33,1
PO-007693,100,9,2,2025-04-22,2025-05-04,2025-05-03,201,201,0,,6.26,6.29,1
PO-007694,100,9,7,2025-04-29,2025-05-11,2025-05-11,238,238,0,,6.26,6.17,1
PO-007695,100,9,1,2025-05-06,2025-05-18,2025-05-17,110,110,0,,6.26,6.22,1
PO-007696,100,9,5,2025-05-13,2025-05-25,2025-05-24,297,297,10,Damaged packaging,6.26,6.26,1
PO-007697,100,9,6,2025-05-27,2025-06-08,2025-06-08,256,256,0,,6.26,6.2,1
PO-007698,100,9,2,2025-06-03,2025-06-15,2025-06-13,337,337,0,,6.26,6.25,1
PO-007699,100,9,1,2025-06-10,2025-06-22,2025-06-19,260,260,0,,6.26,6.21,1
PO-007700,100,9,5,2025-06-24,2025-07-06,2025-07-03,254,254,0,,6.26,6.15,1
PO-007701,100,9,6,2025-07-01,2025-07-13,2025-07-12,397,397,0,,6.26,6.28,1
PO-007702,100,9,5,2025-07-08,2025-07-20,2025-07-19,300,300,0,,6.26,6.16,1
PO-007703,100,9,5,2025-07-15,2025-07-27,2025-07-26,321,321,0,,6.26,6.28,1
PO-007704,100,9,2,2025-07-29,2025-08-10,2025-08-08,262,262,0,,6.26,6.21,1
PO-007705,100,9,10,2025-08-05,2025-08-17,2025-08-16,230,230,7,Failed spec check,6.26,6.16,1
PO-007706,100,9,2,2025-08-12,2025-08-24,2025-08-23,194,184,0,,6.26,6.23,1
PO-007707,100,9,7,2025-08-19,2025-08-31,2025-08-28,284,284,0,,6.26,6.22,1
PO-007708,100,9,5,2025-08-26,2025-09-07,2025-09-07,272,272,0,,6.26,6.26,1
PO-007709,100,9,6,2025-09-02,2025-09-14,2025-09-13,358,358,0,,6.26,6.24,1
PO-007710,100,9,2,2025-09-09,2025-09-21,2025-09-19,300,300,0,,6.26,6.22,1
PO-007711,100,9,5,2025-09-16,2025-09-28,2025-09-27,255,255,0,,6.26,6.23,1
PO-007712,100,9,4,2025-09-23,2025-10-05,2025-10-04,327,327,0,,6.26,6.27,1
PO-007713,100,9,6,2025-09-30,2025-10-12,2025-10-10,247,247,0,,6.26,6.15,1
PO-007714,100,9,10,2025-10-07,2025-10-19,2025-10-19,102,102,0,,6.26,6.19,1
PO-007715,100,9,5,2025-10-14,2025-10-26,2025-10-25,351,351,21,Temperature excursion in transit,6.26,6.25,1
PO-007716,100,9,5,2025-10-21,2025-11-02,2025-10-31,260,260,0,,6.26,6.22,1
PO-007717,100,9,10,2025-11-04,2025-11-16,2025-11-28,239,239,0,,6.26,6.32,1
PO-007718,100,9,2,2025-11-11,2025-11-23,2025-11-20,256,256,0,,6.26,6.25,1
PO-007719,100,9,2,2025-11-18,2025-11-30,2025-11-28,365,365,0,,6.26,6.27,1
PO-007720,100,9,2,2025-11-25,2025-12-07,2025-12-06,369,369,0,,6.26,6.21,1
PO-007721,100,9,1,2025-12-09,2025-12-21,2025-12-20,207,207,9,Temperature excursion in transit,6.26,6.24,1
PO-007722,100,9,8,2025-12-16,2025-12-28,2025-12-28,284,269,0,,6.26,6.29,1
PO-007723,100,9,4,2025-12-23,2026-01-04,2026-01-03,298,298,12,Temperature excursion in transit,6.26,6.16,1
PO-007724,100,9,7,2025-12-30,2026-01-11,2026-01-08,328,328,0,,6.26,6.27,1
PO-007725,100,9,5,2026-01-06,2026-01-18,2026-01-16,288,288,0,,6.26,6.35,1
PO-007726,100,9,5,2026-01-13,2026-01-25,2026-01-25,321,291,0,,6.26,6.26,1
PO-007727,100,9,6,2026-01-20,2026-02-01,2026-02-01,315,315,0,,6.26,6.26,1
PO-007728,100,9,7,2026-01-27,2026-02-08,2026-02-06,292,264,0,,6.26,6.16,1
PO-007729,100,9,1,2026-02-03,2026-02-15,2026-02-13,327,327,0,,6.26,6.3,1
PO-007730,100,9,1,2026-02-10,2026-02-22,2026-02-21,277,277,0,,6.26,6.27,1
PO-007731,100,9,2,2026-02-17,2026-03-01,2026-03-01,358,358,0,,6.26,6.27,1
PO-007732,100,9,2,2026-02-24,2026-03-08,2026-03-04,282,282,0,,6.26,6.22,1
PO-007733,100,9,8,2026-03-03,2026-03-15,2026-03-14,326,326,0,,6.26,6.26,1
PO-007734,100,9,1,2026-03-10,2026-03-22,2026-03-22,280,280,0,,6.26,6.26,1
PO-007735,100,9,7,2026-03-17,2026-03-29,2026-03-28,261,261,0,,6.26,6.17,1
PO-007736,100,9,1,2026-03-24,2026-04-05,2026-04-05,294,294,0,,6.26,6.11,1
PO-007737,100,9,10,2026-03-31,2026-04-12,2026-04-11,94,94,0,,6.26,6.36,1
PO-007738,100,9,5,2026-04-07,2026-04-19,2026-04-19,278,263,0,,6.26,6.12,1
PO-007739,100,9,5,2026-04-21,2026-05-03,2026-05-02,368,368,0,,6.26,6.25,1
PO-007740,100,9,7,2026-04-28,2026-05-10,2026-05-09,308,308,15,Damaged packaging,6.26,6.1,1
PO-007741,100,9,10,2026-05-12,2026-05-24,2026-05-21,369,347,0,,6.26,6.18,1
PO-007742,100,9,10,2026-05-19,2026-05-31,2026-05-30,340,340,0,,6.26,6.17,1
PO-007743,100,9,4,2026-05-26,2026-06-07,2026-06-05,154,154,0,,6.26,6.18,1
PO-007744,100,9,7,2026-06-02,2026-06-14,2026-06-12,328,328,0,,6.26,6.29,1
PO-007745,100,9,2,2026-06-09,2026-06-21,2026-06-21,212,204,0,,6.26,6.3,1
PO-007746,100,9,6,2026-06-16,2026-06-28,2026-06-26,294,294,0,,6.26,6.29,1
PO-007747,100,9,2,2026-06-23,2026-07-05,2026-07-03,353,353,0,,6.26,6.27,1
PO-007748,100,9,1,2026-06-30,2026-07-12,2026-07-11,232,232,0,,6.26,6.25,1
PO-007749,100,10,5,2025-03-11,2025-04-18,2025-04-11,500,500,0,,4.83,4.78,0
PO-007750,100,10,5,2025-04-29,2025-06-06,2025-06-05,500,500,0,,4.83,4.66,0
PO-007751,100,10,5,2025-07-22,2025-08-29,2025-08-19,500,500,0,,4.83,4.7,0
PO-007752,100,10,4,2025-10-14,2025-11-21,2025-11-27,500,500,0,,4.83,4.67,0
PO-007753,100,10,10,2025-11-18,2025-12-26,2025-12-24,500,500,0,,4.83,4.72,0
PO-007754,100,10,6,2025-12-09,2026-01-16,2026-01-25,500,500,0,,4.83,4.72,0
PO-007755,100,10,8,2025-12-16,2026-01-23,2026-01-19,500,485,0,,4.83,4.87,0
PO-007756,100,10,7,2026-02-10,2026-03-20,2026-03-07,500,500,0,,4.83,4.77,0
PO-007757,100,10,1,2026-03-10,2026-04-17,2026-04-30,500,500,0,,4.83,4.79,0
PO-007758,100,10,7,2026-05-19,2026-06-26,2026-06-18,500,500,0,,4.83,4.88,0
PO-007759,101,9,10,2025-01-07,2025-01-15,2025-01-14,229,229,0,,12.52,12.53,1
PO-007760,101,9,1,2025-01-14,2025-01-22,2025-01-22,228,228,0,,12.52,12.39,1
PO-007761,101,9,2,2025-01-21,2025-01-29,2025-01-28,225,211,0,,12.52,12.38,1
PO-007762,101,9,4,2025-01-28,2025-02-05,2025-02-03,330,330,0,,12.52,12.57,1
PO-007763,101,9,2,2025-02-18,2025-02-26,2025-02-25,214,214,0,,12.52,12.47,1
PO-007764,101,9,10,2025-03-11,2025-03-19,2025-03-17,266,266,0,,12.52,12.4,1
PO-007765,101,9,2,2025-05-13,2025-05-21,2025-05-19,237,237,0,,12.52,12.44,1
PO-007766,101,9,10,2025-05-20,2025-05-28,2025-05-26,215,215,0,,12.52,12.59,1
PO-007767,101,9,5,2025-05-27,2025-06-04,2025-06-03,272,272,0,,12.52,12.56,1
PO-007768,101,9,1,2025-06-24,2025-07-02,2025-07-02,232,232,0,,12.52,12.45,1
PO-007769,101,9,1,2025-09-02,2025-09-10,2025-09-09,162,162,0,,12.52,12.45,1
PO-007770,101,9,2,2025-09-09,2025-09-17,2025-09-16,234,234,0,,12.52,12.39,1
PO-007771,101,9,4,2025-09-16,2025-09-24,2025-09-24,237,237,0,,12.52,12.49,1
PO-007772,101,9,7,2025-10-14,2025-10-22,2025-10-20,171,171,0,,12.52,12.66,1
PO-007773,101,9,10,2025-10-21,2025-10-29,2025-10-28,262,262,0,,12.52,12.4,1
PO-007774,101,9,2,2025-11-04,2025-11-12,2025-11-10,166,166,0,,12.52,12.6,1
PO-007775,101,9,1,2025-12-16,2025-12-24,2025-12-24,182,182,0,,12.52,12.51,1
PO-007776,101,9,8,2025-12-30,2026-01-07,2026-01-06,194,183,0,,12.52,12.42,1
PO-007777,101,9,2,2026-01-20,2026-01-28,2026-01-26,220,220,0,,12.52,12.59,1
PO-007778,101,9,2,2026-01-27,2026-02-04,2026-02-02,198,198,0,,12.52,12.44,1
PO-007779,101,9,10,2026-02-10,2026-02-18,2026-02-16,122,122,0,,12.52,12.54,1
PO-007780,101,9,8,2026-03-03,2026-03-11,2026-03-10,226,226,0,,12.52,12.52,1
PO-007781,101,9,6,2026-05-05,2026-05-13,2026-05-11,208,208,0,,12.52,12.56,1
PO-007782,101,9,5,2026-05-26,2026-06-03,2026-06-02,187,187,0,,12.52,12.57,1
PO-007783,101,9,4,2026-06-09,2026-06-17,2026-06-17,211,211,0,,12.52,12.14,1
PO-007784,101,9,6,2026-06-16,2026-06-24,2026-06-24,228,228,0,,12.52,12.3,1
PO-007785,101,24,10,2025-01-21,2025-01-31,2025-02-08,152,152,0,,13.99,13.61,0
PO-007786,101,24,8,2025-03-11,2025-03-21,2025-03-19,338,338,0,,13.99,13.53,0
PO-007787,101,24,6,2025-03-25,2025-04-04,2025-04-02,250,250,27,Short shelf life on arrival,13.99,13.7,0
PO-007788,101,24,7,2025-04-22,2025-05-02,2025-05-02,263,263,0,,13.99,13.85,0
PO-007789,101,24,4,2025-06-17,2025-06-27,2025-06-26,349,349,0,,13.99,13.75,0
PO-007790,101,24,6,2025-07-22,2025-08-01,2025-08-01,167,167,0,,13.99,13.79,0
PO-007791,101,24,8,2025-08-26,2025-09-05,2025-09-02,273,273,0,,13.99,13.83,0
PO-007792,101,24,5,2025-09-02,2025-09-12,2025-09-11,179,179,0,,13.99,13.88,0
PO-007793,101,24,8,2025-10-14,2025-10-24,2025-10-23,168,168,0,,13.99,13.58,0
PO-007794,101,24,2,2025-10-21,2025-10-31,2025-10-30,189,189,0,,13.99,13.7,0
PO-007795,101,24,5,2025-11-11,2025-11-21,2025-11-21,195,195,0,,13.99,13.66,0
PO-007796,101,24,8,2025-12-30,2026-01-09,2026-01-07,246,246,0,,13.99,13.74,0
PO-007797,101,24,10,2026-01-27,2026-02-06,2026-02-05,184,184,0,,13.99,13.55,0
PO-007798,101,24,7,2026-02-17,2026-02-27,2026-02-26,245,245,0,,13.99,13.79,0
PO-007799,101,24,10,2026-02-24,2026-03-06,2026-03-06,218,218,0,,13.99,13.69,0
PO-007800,101,24,8,2026-03-03,2026-03-13,2026-03-12,239,239,0,,13.99,13.44,0
PO-007801,101,24,7,2026-03-24,2026-04-03,2026-04-02,311,311,0,,13.99,13.75,0
PO-007802,101,24,4,2026-04-14,2026-04-24,2026-04-23,234,234,0,,13.99,13.64,0
PO-007803,101,24,8,2026-04-21,2026-05-01,2026-05-01,224,224,0,,13.99,13.51,0
PO-007804,101,24,2,2026-05-12,2026-05-22,2026-05-20,161,161,13,Damaged packaging,13.99,13.48,0
PO-007805,101,24,5,2026-06-09,2026-06-19,2026-06-18,129,129,0,,13.99,13.83,0
PO-007806,101,24,5,2026-06-16,2026-06-26,2026-06-24,261,261,0,,13.99,13.84,0
PO-007807,101,24,2,2026-06-30,2026-07-10,2026-07-18,254,254,0,,13.99,13.49,0
PO-007808,101,8,4,2025-03-11,2025-04-18,2025-04-09,222,222,12,Failed spec check,13.09,14.05,0
PO-007809,101,8,6,2025-03-25,2025-05-02,2025-04-24,365,365,0,,13.09,14.04,0
PO-007810,101,8,1,2025-04-01,2025-05-09,2025-05-05,283,283,0,,13.09,13.93,0
PO-007811,101,8,2,2025-04-29,2025-06-06,2025-06-05,181,181,9,Temperature excursion in transit,13.09,13.8,0
PO-007812,101,8,10,2025-05-13,2025-06-20,2025-06-21,247,247,0,,13.09,14.02,0
PO-007813,101,8,10,2025-05-20,2025-06-27,2025-06-14,318,305,0,,13.09,13.93,0
PO-007814,101,8,5,2025-07-29,2025-09-05,2025-09-01,371,371,0,,13.09,13.95,0
PO-007815,101,8,1,2025-08-26,2025-10-03,2025-10-04,285,285,0,,13.09,14.11,0
PO-007816,101,8,1,2025-10-07,2025-11-14,2025-11-08,282,282,0,,13.09,13.92,0
PO-007817,101,8,8,2025-10-21,2025-11-28,2025-12-10,334,334,0,,13.09,14.18,0
PO-007818,101,8,8,2025-12-23,2026-01-30,2026-01-21,281,281,0,,13.09,13.65,0
PO-007819,101,8,5,2026-01-20,2026-02-27,2026-02-18,178,178,0,,13.09,13.82,0
PO-007820,101,8,7,2026-03-31,2026-05-08,2026-05-01,218,218,0,,13.09,13.82,0
PO-007821,101,8,7,2026-05-26,2026-07-03,2026-06-14,250,250,0,,13.09,13.88,0
PO-007822,101,8,8,2026-06-16,2026-07-24,2026-07-23,335,335,0,,13.09,14.04,0
PO-007823,101,8,4,2026-06-30,2026-08-07,2026-08-03,269,269,0,,13.09,13.91,0
PO-007824,101,3,6,2025-04-01,2025-04-14,2025-04-12,250,250,0,,13.1,13.56,0
PO-007825,101,3,4,2025-06-17,2025-06-30,2025-06-29,250,250,0,,13.1,13.32,0
PO-007826,101,3,2,2025-10-07,2025-10-20,2025-10-20,250,250,0,,13.1,13.48,0
PO-007827,101,3,7,2026-02-24,2026-03-09,2026-03-08,250,250,0,,13.1,13.29,0
PO-007828,101,3,4,2026-04-28,2026-05-11,2026-05-11,254,254,0,,13.1,13.25,0
PO-007829,101,3,4,2026-05-26,2026-06-08,2026-06-08,250,250,0,,13.1,13.47,0
PO-007830,101,3,10,2026-06-09,2026-06-22,2026-06-22,250,250,0,,13.1,13.48,0
PO-007831,102,22,8,2025-01-07,2025-02-22,2025-02-20,168,168,0,,8.52,8.66,1
PO-007832,102,22,8,2025-01-14,2025-03-01,2025-02-16,168,168,5,Short shelf life on arrival,8.52,8.61,1
PO-007833,102,22,2,2025-01-21,2025-03-08,2025-02-26,144,144,0,,8.52,8.67,1
PO-007834,102,22,5,2025-01-28,2025-03-15,2025-03-14,125,125,0,,8.52,8.61,1
PO-007835,102,22,10,2025-02-04,2025-03-22,2025-03-16,162,162,21,Damaged packaging,8.52,8.72,1
PO-007836,102,22,1,2025-02-11,2025-03-29,2025-03-16,100,100,11,Short shelf life on arrival,8.52,8.58,1
PO-007837,102,22,6,2025-02-18,2025-04-05,2025-03-26,197,197,0,,8.52,8.61,1
PO-007838,102,22,1,2025-02-25,2025-04-12,2025-04-19,103,103,0,,8.52,8.58,1
PO-007839,102,22,2,2025-03-04,2025-04-19,2025-04-06,129,129,0,,8.52,8.64,1
PO-007840,102,22,7,2025-03-11,2025-04-26,2025-04-10,105,105,0,,8.52,8.77,1
PO-007841,102,22,7,2025-03-18,2025-05-03,2025-04-29,200,200,0,,8.52,8.73,1
PO-007842,102,22,7,2025-03-25,2025-05-10,2025-05-04,118,118,5,Failed spec check,8.52,8.61,1
PO-007843,102,22,5,2025-04-01,2025-05-17,2025-06-03,120,120,0,,8.52,8.59,1
PO-007844,102,22,5,2025-04-08,2025-05-24,2025-05-18,180,180,0,,8.52,8.75,1
PO-007845,102,22,7,2025-04-15,2025-05-31,2025-05-27,170,170,21,Failed spec check,8.52,8.57,1
PO-007846,102,22,10,2025-04-22,2025-06-07,2025-05-21,141,141,0,,8.52,8.53,1
PO-007847,102,22,7,2025-04-29,2025-06-14,2025-06-07,100,100,0,,8.52,8.46,1
PO-007848,102,22,10,2025-05-06,2025-06-21,2025-06-07,135,135,21,Failed spec check,8.52,8.83,1
PO-007849,102,22,7,2025-05-13,2025-06-28,2025-06-20,100,100,0,,8.52,8.69,1
PO-007850,102,22,1,2025-05-20,2025-07-05,2025-07-29,162,162,0,,8.52,8.58,1
PO-007851,102,22,1,2025-05-27,2025-07-12,2025-06-30,162,162,0,,8.52,8.65,1
PO-007852,102,22,8,2025-06-10,2025-07-26,2025-07-13,174,174,0,,8.52,8.72,1
PO-007853,102,22,7,2025-06-17,2025-08-02,2025-07-22,129,129,0,,8.52,8.52,1
PO-007854,102,22,5,2025-06-24,2025-08-09,2025-07-22,100,100,0,,8.52,8.7,1
PO-007855,102,22,8,2025-07-01,2025-08-16,2025-08-07,169,169,0,,8.52,8.52,1
PO-007856,102,22,8,2025-07-08,2025-08-23,2025-08-19,120,120,0,,8.52,8.6,1
PO-007857,102,22,6,2025-07-15,2025-08-30,2025-08-26,105,105,0,,8.52,8.84,1
PO-007858,102,22,7,2025-07-22,2025-09-06,2025-09-09,204,204,0,,8.52,8.67,1
PO-007859,102,22,2,2025-07-29,2025-09-13,2025-09-22,161,161,4,Damaged packaging,8.52,8.7,1
PO-007860,102,22,1,2025-08-05,2025-09-20,2025-09-18,159,159,0,,8.52,8.74,1
PO-007861,102,22,2,2025-08-12,2025-09-27,2025-10-17,131,131,0,,8.52,8.54,1
PO-007862,102,22,8,2025-08-19,2025-10-04,2025-09-23,161,161,0,,8.52,8.63,1
PO-007863,102,22,8,2025-08-26,2025-10-11,2025-10-06,179,179,0,,8.52,8.54,1
PO-007864,102,22,4,2025-09-02,2025-10-18,2025-10-02,129,129,8,Temperature excursion in transit,8.52,8.48,1
PO-007865,102,22,6,2025-09-09,2025-10-25,2025-10-19,132,132,10,Short shelf life on arrival,8.52,8.64,1
PO-007866,102,22,2,2025-09-16,2025-11-01,2025-10-24,191,191,0,,8.52,8.62,1
PO-007867,102,22,1,2025-09-23,2025-11-08,2025-11-25,173,173,0,,8.52,8.59,1
PO-007868,102,22,10,2025-09-30,2025-11-15,2025-11-06,188,188,20,Documentation incomplete,8.52,8.66,1
PO-007869,102,22,6,2025-10-07,2025-11-22,2025-10-28,191,191,0,,8.52,8.61,1
PO-007870,102,22,10,2025-10-14,2025-11-29,2025-11-02,166,166,15,Damaged packaging,8.52,8.66,1
PO-007871,102,22,7,2025-10-21,2025-12-06,2025-11-23,137,137,0,,8.52,8.65,1
PO-007872,102,22,1,2025-10-28,2025-12-13,2025-12-04,100,100,0,,8.52,8.62,1
PO-007873,102,22,5,2025-11-04,2025-12-20,2025-12-16,180,180,0,,8.52,8.75,1
PO-007874,102,22,2,2025-11-11,2025-12-27,2025-12-10,100,100,0,,8.52,8.6,1
PO-007875,102,22,5,2025-11-18,2026-01-03,2026-01-19,145,145,0,,8.52,8.66,1
PO-007876,102,22,2,2025-11-25,2026-01-10,2025-12-18,124,124,0,,8.52,8.7,1
PO-007877,102,22,6,2025-12-02,2026-01-17,2026-02-20,138,138,0,,8.52,8.66,1
PO-007878,102,22,1,2025-12-09,2026-01-24,2026-01-16,214,214,23,Temperature excursion in transit,8.52,8.59,1
PO-007879,102,22,4,2025-12-16,2026-01-31,2026-01-13,128,128,0,,8.52,8.82,1
PO-007880,102,22,2,2025-12-23,2026-02-07,2026-02-18,186,186,9,Short shelf life on arrival,8.52,8.48,1
PO-007881,102,22,4,2026-01-06,2026-02-21,2026-02-20,106,106,0,,8.52,8.66,1
PO-007882,102,22,5,2026-01-13,2026-02-28,2026-02-24,164,164,0,,8.52,8.6,1
PO-007883,102,22,2,2026-01-20,2026-03-07,2026-02-26,150,150,0,,8.52,8.74,1
PO-007884,102,22,10,2026-01-27,2026-03-14,2026-03-11,132,132,6,Failed spec check,8.52,8.73,1
PO-007885,102,22,5,2026-02-03,2026-03-21,2026-02-25,181,181,0,,8.52,8.78,1
PO-007886,102,22,10,2026-02-10,2026-03-28,2026-03-26,179,179,0,,8.52,8.62,1
PO-007887,102,22,6,2026-02-17,2026-04-04,2026-03-30,129,129,0,,8.52,8.48,1
PO-007888,102,22,4,2026-02-24,2026-04-11,2026-03-29,175,175,12,Failed spec check,8.52,8.62,1
PO-007889,102,22,2,2026-03-03,2026-04-18,2026-03-19,191,191,0,,8.52,8.66,1
PO-007890,102,22,1,2026-03-10,2026-04-25,2026-04-11,228,228,0,,8.52,8.51,1
PO-007891,102,22,8,2026-03-17,2026-05-02,2026-04-17,135,135,0,,8.52,8.59,1
PO-007892,102,22,4,2026-03-24,2026-05-09,2026-04-30,139,139,0,,8.52,8.56,1
PO-007893,102,22,6,2026-03-31,2026-05-16,2026-05-10,166,166,0,,8.52,8.64,1
PO-007894,102,22,7,2026-04-07,2026-05-23,2026-05-17,174,174,0,,8.52,8.75,1
PO-007895,102,22,7,2026-04-21,2026-06-06,2026-06-05,170,170,0,,8.52,8.52,1
PO-007896,102,22,4,2026-04-28,2026-06-13,2026-06-02,132,132,0,,8.52,8.66,1
PO-007897,102,22,1,2026-05-05,2026-06-20,2026-05-29,140,140,0,,8.52,8.57,1
PO-007898,102,22,8,2026-05-12,2026-06-27,2026-06-22,186,186,0,,8.52,8.74,1
PO-007899,102,22,8,2026-05-26,2026-07-11,2026-07-07,109,109,5,Failed spec check,8.52,8.63,1
PO-007900,102,22,8,2026-06-02,2026-07-18,2026-08-17,155,155,0,,8.52,8.65,1
PO-007901,102,22,7,2026-06-09,2026-07-25,2026-07-08,154,154,0,,8.52,8.62,1
PO-007902,102,22,5,2026-06-16,2026-08-01,2026-07-20,100,100,0,,8.52,8.62,1
PO-007903,102,22,8,2026-06-23,2026-08-08,2026-07-27,213,213,0,,8.52,8.55,1
PO-007904,102,22,8,2026-06-30,2026-08-15,2026-08-23,173,173,0,,8.52,8.54,1
PO-007905,102,6,7,2025-10-07,2025-10-18,2025-10-18,192,192,0,,12.0,11.8,0
PO-007906,102,6,6,2026-02-24,2026-03-07,2026-03-07,168,160,0,,12.0,11.6,0
PO-007907,103,23,7,2025-01-28,2025-02-08,2025-02-08,192,192,0,,10.77,11.55,0
PO-007908,103,23,4,2025-02-04,2025-02-15,2025-02-15,187,187,0,,10.77,11.62,0
PO-007909,103,23,6,2025-02-11,2025-02-22,2025-02-22,210,210,0,,10.77,11.26,0
PO-007910,103,23,8,2025-02-25,2025-03-08,2025-03-07,233,233,0,,10.77,11.65,0
PO-007911,103,23,10,2025-03-11,2025-03-22,2025-03-21,140,140,0,,10.77,11.5,0
PO-007912,103,23,4,2025-03-18,2025-03-29,2025-03-29,165,165,0,,10.77,11.53,0
PO-007913,103,23,10,2025-05-06,2025-05-17,2025-05-18,176,176,0,,10.77,11.44,0
PO-007914,103,23,4,2025-05-20,2025-05-31,2025-05-30,169,169,0,,10.77,11.53,0
PO-007915,103,23,8,2025-05-27,2025-06-07,2025-06-07,262,262,0,,10.77,11.53,0
PO-007916,103,23,2,2025-06-03,2025-06-14,2025-06-13,190,180,0,,10.77,11.57,0
PO-007917,103,23,1,2025-06-10,2025-06-21,2025-06-21,166,166,0,,10.77,11.46,0
PO-007918,103,23,6,2025-07-22,2025-08-02,2025-08-02,173,173,0,,10.77,11.32,0
PO-007919,103,23,10,2025-08-12,2025-08-23,2025-08-22,183,183,0,,10.77,11.62,0
PO-007920,103,23,6,2025-09-02,2025-09-13,2025-09-11,109,109,0,,10.77,11.54,0
PO-007921,103,23,2,2025-09-16,2025-09-27,2025-09-27,215,215,0,,10.77,11.39,0
PO-007922,103,23,8,2025-09-30,2025-10-11,2025-10-10,174,174,0,,10.77,11.6,0
PO-007923,103,23,10,2025-11-11,2025-11-22,2025-11-21,102,102,0,,10.77,11.44,0
PO-007924,103,23,5,2025-11-18,2025-11-29,2025-11-29,178,178,0,,10.77,11.5,0
PO-007925,103,23,7,2025-12-16,2025-12-27,2025-12-26,225,225,0,,10.77,11.39,0
PO-007926,103,23,5,2026-01-20,2026-01-31,2026-01-31,152,152,0,,10.77,11.57,0
PO-007927,103,23,5,2026-01-27,2026-02-07,2026-02-08,143,143,0,,10.77,11.47,0
PO-007928,103,23,5,2026-02-03,2026-02-14,2026-02-13,152,152,0,,10.77,11.25,0
PO-007929,103,23,8,2026-02-17,2026-02-28,2026-02-28,105,105,0,,10.77,11.42,0
PO-007930,103,23,6,2026-03-17,2026-03-28,2026-03-25,193,193,0,,10.77,11.36,0
PO-007931,103,23,4,2026-03-24,2026-04-04,2026-04-03,228,228,0,,10.77,11.48,0
PO-007932,103,23,5,2026-04-14,2026-04-25,2026-04-23,149,149,0,,10.77,11.5,0
PO-007933,103,23,8,2026-04-28,2026-05-09,2026-05-09,186,186,0,,10.77,11.59,0
PO-007934,103,23,2,2026-05-05,2026-05-16,2026-05-15,151,151,0,,10.77,11.43,0
PO-007935,103,23,10,2026-05-19,2026-05-30,2026-05-29,174,174,0,,10.77,11.51,0
PO-007936,103,23,4,2026-06-09,2026-06-20,2026-06-19,165,165,5,Failed spec check,10.77,11.46,0
PO-007937,103,23,7,2026-06-16,2026-06-27,2026-06-26,245,245,0,,10.77,11.32,0
PO-007938,103,14,4,2025-01-07,2025-02-07,2025-02-03,244,244,8,Short shelf life on arrival,9.89,10.39,0
PO-007939,103,14,1,2025-03-04,2025-04-04,2025-04-05,284,284,0,,9.89,10.47,0
PO-007940,103,14,7,2025-05-27,2025-06-27,2025-06-12,262,262,0,,9.89,10.51,0
PO-007941,103,14,4,2025-07-15,2025-08-15,2025-08-11,237,237,0,,9.89,10.54,0
PO-007942,103,14,7,2025-11-25,2025-12-26,2025-12-16,212,212,0,,9.89,10.47,0
PO-007943,103,14,4,2026-02-03,2026-03-06,2026-03-22,152,152,0,,9.89,10.35,0
PO-007944,103,14,10,2026-05-26,2026-06-26,2026-06-25,184,184,6,Failed spec check,9.89,10.48,0
PO-007945,103,14,8,2026-06-30,2026-07-31,2026-08-05,212,201,0,,9.89,10.31,0
PO-007946,103,8,1,2025-01-14,2025-02-20,2025-02-16,500,500,0,,10.79,11.22,1
PO-007947,103,8,6,2025-01-21,2025-02-27,2025-03-19,500,500,0,,10.79,11.48,1
PO-007948,103,8,1,2025-01-28,2025-03-06,2025-02-14,500,500,16,Failed spec check,10.79,11.38,1
PO-007949,103,8,5,2025-02-25,2025-04-03,2025-03-23,500,500,0,,10.79,11.48,1
PO-007950,103,8,10,2025-03-04,2025-04-10,2025-03-17,500,500,0,,10.79,11.69,1
PO-007951,103,8,6,2025-03-11,2025-04-17,2025-04-14,500,500,0,,10.79,11.61,1
PO-007952,103,8,1,2025-03-18,2025-04-24,2025-04-22,500,500,0,,10.79,11.31,1
PO-007953,103,8,1,2025-03-25,2025-05-01,2025-04-29,500,500,19,Temperature excursion in transit,10.79,11.31,1
PO-007954,103,8,5,2025-04-08,2025-05-15,2025-05-11,500,500,0,,10.79,11.59,1
PO-007955,103,8,4,2025-04-15,2025-05-22,2025-05-10,500,500,0,,10.79,11.76,1
PO-007956,103,8,8,2025-04-29,2025-06-05,2025-05-26,500,500,0,,10.79,11.18,1
PO-007957,103,8,5,2025-05-06,2025-06-12,2025-06-01,500,500,0,,10.79,11.5,1
PO-007958,103,8,6,2025-05-27,2025-07-03,2025-07-08,500,500,0,,10.79,11.16,1
PO-007959,103,8,8,2025-06-17,2025-07-24,2025-07-22,500,500,0,,10.79,11.47,1
PO-007960,103,8,1,2025-06-24,2025-07-31,2025-07-24,500,500,0,,10.79,11.51,1
PO-007961,103,8,4,2025-07-01,2025-08-07,2025-08-01,500,500,0,,10.79,11.46,1
PO-007962,103,8,6,2025-07-22,2025-08-28,2025-08-19,500,500,18,Damaged packaging,10.79,11.51,1
PO-007963,103,8,5,2025-07-29,2025-09-04,2025-08-25,500,500,0,,10.79,11.62,1
PO-007964,103,8,2,2025-08-12,2025-09-18,2025-09-05,500,500,0,,10.79,11.4,1
PO-007965,103,8,7,2025-08-19,2025-09-25,2025-09-16,500,500,0,,10.79,11.35,1
PO-007966,103,8,10,2025-08-26,2025-10-02,2025-09-29,500,500,0,,10.79,11.4,1
PO-007967,103,8,1,2025-09-16,2025-10-23,2025-10-08,500,500,0,,10.79,11.4,1
PO-007968,103,8,8,2025-09-23,2025-10-30,2025-10-29,500,500,15,Failed spec check,10.79,11.63,1
PO-007969,103,8,1,2025-09-30,2025-11-06,2025-10-27,500,500,0,,10.79,11.29,1
PO-007970,103,8,6,2025-10-14,2025-11-20,2025-11-03,500,500,0,,10.79,11.47,1
PO-007971,103,8,8,2025-10-21,2025-11-27,2025-11-13,500,500,0,,10.79,11.67,1
PO-007972,103,8,1,2025-10-28,2025-12-04,2025-12-07,500,500,0,,10.79,11.59,1
PO-007973,103,8,10,2025-12-02,2026-01-08,2026-01-06,500,500,0,,10.79,11.31,1
PO-007974,103,8,4,2025-12-30,2026-02-05,2026-01-27,500,500,0,,10.79,11.43,1
PO-007975,103,8,10,2026-01-20,2026-02-26,2026-03-13,500,454,0,,10.79,11.39,1
PO-007976,103,8,2,2026-01-27,2026-03-05,2026-03-01,500,500,0,,10.79,11.31,1
PO-007977,103,8,5,2026-02-03,2026-03-12,2026-03-05,500,451,0,,10.79,11.4,1
PO-007978,103,8,2,2026-02-17,2026-03-26,2026-03-09,500,500,0,,10.79,11.79,1
PO-007979,103,8,2,2026-02-24,2026-04-02,2026-03-28,500,500,0,,10.79,11.68,1
PO-007980,103,8,5,2026-04-14,2026-05-21,2026-05-14,500,500,0,,10.79,11.31,1
PO-007981,103,8,1,2026-04-21,2026-05-28,2026-05-02,500,500,0,,10.79,11.43,1
PO-007982,103,8,2,2026-04-28,2026-06-04,2026-05-30,500,500,0,,10.79,11.44,1
PO-007983,103,8,5,2026-05-05,2026-06-11,2026-06-08,500,500,28,Temperature excursion in transit,10.79,11.27,1
PO-007984,103,8,5,2026-05-12,2026-06-18,2026-06-09,500,500,0,,10.79,11.57,1
PO-007985,103,8,7,2026-05-19,2026-06-25,2026-06-19,500,500,0,,10.79,11.28,1
PO-007986,103,8,10,2026-06-30,2026-08-06,2026-07-25,500,500,25,Temperature excursion in transit,10.79,11.51,1
PO-007987,104,11,1,2025-01-07,2025-01-19,2025-01-18,500,500,0,,7.72,7.8,0
PO-007988,104,11,6,2025-01-21,2025-02-02,2025-02-08,500,500,0,,7.72,7.83,0
PO-007989,104,11,10,2025-02-04,2025-02-16,2025-02-15,500,500,0,,7.72,7.71,0
PO-007990,104,11,2,2025-03-04,2025-03-16,2025-03-15,500,500,0,,7.72,7.83,0
PO-007991,104,11,10,2025-03-11,2025-03-23,2025-03-23,500,500,0,,7.72,7.83,0
PO-007992,104,11,2,2025-04-15,2025-04-27,2025-04-26,500,500,0,,7.72,7.83,0
PO-007993,104,11,10,2025-04-22,2025-05-04,2025-05-03,500,500,0,,7.72,7.68,0
PO-007994,104,11,5,2025-05-13,2025-05-25,2025-05-24,500,500,15,Failed spec check,7.72,7.67,0
PO-007995,104,11,5,2025-06-24,2025-07-06,2025-07-05,500,500,0,,7.72,7.94,0
PO-007996,104,11,5,2025-07-22,2025-08-03,2025-07-31,500,500,0,,7.72,7.71,0
PO-007997,104,11,2,2025-08-12,2025-08-24,2025-08-23,500,500,16,Damaged packaging,7.72,7.83,0
PO-007998,104,11,7,2025-12-02,2025-12-14,2025-12-13,500,500,0,,7.72,7.79,0
PO-007999,104,11,2,2025-12-16,2025-12-28,2025-12-28,500,500,0,,7.72,7.79,0
PO-008000,104,11,2,2026-01-06,2026-01-18,2026-01-17,500,500,0,,7.72,7.77,0
PO-008001,104,11,5,2026-01-20,2026-02-01,2026-01-31,500,500,0,,7.72,7.78,0
PO-008002,104,11,5,2026-04-14,2026-04-26,2026-04-25,500,500,0,,7.72,7.83,0
PO-008003,104,11,5,2026-05-05,2026-05-17,2026-05-16,500,500,0,,7.72,7.7,0
PO-008004,104,11,1,2026-05-19,2026-05-31,2026-05-30,500,500,0,,7.72,7.74,0
PO-008005,104,11,8,2026-06-23,2026-07-05,2026-07-04,500,500,0,,7.72,7.74,0
PO-008006,104,19,6,2025-05-06,2025-06-10,2025-05-31,73,73,0,,6.36,6.35,0
PO-008007,104,19,8,2026-03-31,2026-05-05,2026-04-10,108,108,0,,6.36,6.41,0
PO-008008,104,19,8,2026-05-05,2026-06-09,2026-06-01,79,79,6,Damaged packaging,6.36,6.39,0
PO-008009,104,9,8,2025-02-11,2025-02-21,2025-02-20,100,100,4,Damaged packaging,7.76,7.8,1
PO-008010,104,9,7,2025-02-25,2025-03-07,2025-03-06,101,101,0,,7.76,7.79,1
PO-008011,104,9,10,2025-03-04,2025-03-14,2025-03-12,100,100,0,,7.76,7.62,1
PO-008012,104,9,5,2025-03-11,2025-03-21,2025-03-19,100,100,0,,7.76,7.91,1
PO-008013,104,9,8,2025-03-18,2025-03-28,2025-03-28,100,100,0,,7.76,7.73,1
PO-008014,104,9,2,2025-04-08,2025-04-18,2025-04-17,103,103,0,,7.76,7.63,1
PO-008015,104,9,8,2025-04-15,2025-04-25,2025-04-23,100,100,0,,7.76,7.76,1
PO-008016,104,9,8,2025-05-13,2025-05-23,2025-05-21,106,106,0,,7.76,7.69,1
PO-008017,104,9,8,2025-05-20,2025-05-30,2025-05-27,100,100,0,,7.76,7.67,1
PO-008018,104,9,4,2025-06-24,2025-07-04,2025-07-04,100,100,0,,7.76,7.7,1
PO-008019,104,9,2,2025-09-02,2025-09-12,2025-09-10,100,100,0,,7.76,7.78,1
PO-008020,104,9,4,2025-09-16,2025-09-26,2025-09-26,100,100,0,,7.76,7.66,1
PO-008021,104,9,8,2025-09-30,2025-10-10,2025-10-09,100,100,0,,7.76,7.75,1
PO-008022,104,9,10,2025-10-07,2025-10-17,2025-10-17,104,104,0,,7.76,7.65,1
PO-008023,104,9,6,2025-10-14,2025-10-24,2025-10-22,100,100,0,,7.76,7.63,1
PO-008024,104,9,4,2025-11-11,2025-11-21,2025-11-20,100,100,0,,7.76,7.7,1
PO-008025,104,9,7,2025-12-16,2025-12-26,2025-12-24,100,100,0,,7.76,7.67,1
PO-008026,104,9,2,2025-12-30,2026-01-09,2026-01-08,100,100,0,,7.76,7.63,1
PO-008027,104,9,7,2026-03-10,2026-03-20,2026-03-19,100,100,0,,7.76,7.8,1
PO-008028,104,9,7,2026-03-17,2026-03-27,2026-03-26,100,100,0,,7.76,7.64,1
PO-008029,104,9,6,2026-04-14,2026-04-24,2026-04-21,100,100,0,,7.76,7.72,1
PO-008030,104,9,5,2026-05-19,2026-05-29,2026-05-27,100,100,0,,7.76,7.69,1
PO-008031,104,9,4,2026-06-16,2026-06-26,2026-06-25,100,100,0,,7.76,7.6,1
PO-008032,104,7,10,2025-01-14,2025-02-16,2025-02-11,100,100,0,,6.85,7.25,0
PO-008033,104,7,4,2025-01-21,2025-02-23,2025-02-22,100,100,0,,6.85,7.08,0
PO-008034,104,7,7,2025-02-11,2025-03-16,2025-03-10,100,100,0,,6.85,7.11,0
PO-008035,104,7,8,2025-02-18,2025-03-23,2025-03-21,100,100,0,,6.85,7.18,0
PO-008036,104,7,7,2025-03-18,2025-04-20,2025-04-26,100,100,0,,6.85,7.1,0
PO-008037,104,7,4,2025-04-22,2025-05-25,2025-05-19,100,100,0,,6.85,7.06,0
PO-008038,104,7,8,2025-06-24,2025-07-27,2025-07-22,100,100,0,,6.85,7.01,0
PO-008039,104,7,2,2025-07-22,2025-08-24,2025-08-21,100,100,0,,6.85,6.93,0
PO-008040,104,7,10,2025-08-26,2025-09-28,2025-09-23,100,100,0,,6.85,6.95,0
PO-008041,104,7,2,2025-10-21,2025-11-23,2025-11-16,100,100,0,,6.85,7.12,0
PO-008042,104,7,10,2025-10-28,2025-11-30,2025-11-22,100,100,0,,6.85,7.09,0
PO-008043,104,7,6,2025-11-11,2025-12-14,2025-12-07,100,100,0,,6.85,7.09,0
PO-008044,104,7,5,2025-11-25,2025-12-28,2025-12-17,100,100,0,,6.85,6.99,0
PO-008045,104,7,5,2025-12-09,2026-01-11,2025-12-27,100,100,0,,6.85,7.11,0
PO-008046,104,7,1,2025-12-16,2026-01-18,2026-01-14,100,100,0,,6.85,7.07,0
PO-008047,104,7,7,2025-12-30,2026-02-01,2026-01-24,100,100,0,,6.85,7.0,0
PO-008048,104,7,5,2026-01-27,2026-03-01,2026-02-18,100,100,0,,6.85,7.11,0
PO-008049,104,7,5,2026-03-24,2026-04-26,2026-04-14,100,100,0,,6.85,7.07,0
PO-008050,104,7,8,2026-04-14,2026-05-17,2026-05-08,100,100,0,,6.85,7.19,0
PO-008051,104,7,1,2026-04-28,2026-05-31,2026-05-30,100,100,0,,6.85,6.99,0
PO-008052,104,7,7,2026-06-23,2026-07-26,2026-07-23,100,97,0,,6.85,7.16,0
PO-008053,105,3,1,2025-02-18,2025-02-27,2025-02-27,211,180,0,,5.98,6.07,1
PO-008054,105,3,7,2025-02-25,2025-03-06,2025-03-05,236,236,0,,5.98,6.22,1
PO-008055,105,3,10,2025-03-25,2025-04-03,2025-04-02,155,155,0,,5.98,6.21,1
PO-008056,105,3,9,2025-04-01,2025-04-10,2025-04-08,217,217,0,,5.98,6.06,1
PO-008057,105,3,5,2025-04-29,2025-05-08,2025-05-07,176,176,0,,5.98,6.1,1
PO-008058,105,3,7,2025-05-06,2025-05-15,2025-05-15,211,211,0,,5.98,6.13,1
PO-008059,105,3,9,2025-05-13,2025-05-22,2025-05-22,138,138,0,,5.98,6.07,1
PO-008060,105,3,9,2025-05-20,2025-05-29,2025-05-28,193,193,0,,5.98,6.02,1
PO-008061,105,3,4,2025-06-03,2025-06-12,2025-06-12,130,130,0,,5.98,6.12,1
PO-008062,105,3,5,2025-06-10,2025-06-19,2025-06-19,196,196,0,,5.98,6.19,1
PO-008063,105,3,10,2025-07-01,2025-07-10,2025-07-09,163,163,0,,5.98,6.1,1
PO-008064,105,3,7,2025-07-29,2025-08-07,2025-08-07,120,120,0,,5.98,6.19,1
PO-008065,105,3,1,2025-08-12,2025-08-21,2025-08-21,138,138,0,,5.98,6.18,1
PO-008066,105,3,9,2025-08-26,2025-09-04,2025-09-04,156,156,0,,5.98,6.09,1
PO-008067,105,3,3,2025-09-02,2025-09-11,2025-09-10,173,173,0,,5.98,6.16,1
PO-008068,105,3,10,2025-09-16,2025-09-25,2025-09-25,163,163,0,,5.98,6.07,1
PO-008069,105,3,3,2025-09-23,2025-10-02,2025-10-02,176,176,0,,5.98,6.15,1
PO-008070,105,3,10,2025-09-30,2025-10-09,2025-10-08,139,139,0,,5.98,6.01,1
PO-008071,105,3,4,2025-10-14,2025-10-23,2025-10-23,208,208,0,,5.98,6.18,1
PO-008072,105,3,10,2025-10-21,2025-10-30,2025-10-29,208,208,0,,5.98,6.21,1
PO-008073,105,3,1,2025-12-09,2025-12-18,2025-12-17,155,155,0,,5.98,6.04,1
PO-008074,105,3,5,2025-12-16,2025-12-25,2025-12-24,79,79,0,,5.98,6.24,1
PO-008075,105,3,5,2025-12-30,2026-01-08,2026-01-07,117,117,0,,5.98,6.08,1
PO-008076,105,3,5,2026-02-10,2026-02-19,2026-02-17,139,129,0,,5.98,6.09,1
PO-008077,105,3,3,2026-02-17,2026-02-26,2026-02-25,111,111,19,Short shelf life on arrival,5.98,6.17,1
PO-008078,105,3,3,2026-02-24,2026-03-05,2026-03-04,177,177,0,,5.98,6.27,1
PO-008079,105,3,5,2026-03-10,2026-03-19,2026-03-19,117,117,0,,5.98,6.18,1
PO-008080,105,3,10,2026-03-17,2026-03-26,2026-03-25,112,112,0,,5.98,6.06,1
PO-008081,105,3,7,2026-04-07,2026-04-16,2026-04-16,142,142,0,,5.98,6.0,1
PO-008082,105,3,10,2026-04-14,2026-04-23,2026-04-22,187,187,0,,5.98,6.1,1
PO-008083,105,3,5,2026-04-21,2026-04-30,2026-04-29,129,129,0,,5.98,6.0,1
PO-008084,105,3,4,2026-04-28,2026-05-07,2026-05-06,174,174,0,,5.98,6.18,1
PO-008085,105,3,4,2026-05-05,2026-05-14,2026-05-14,127,127,0,,5.98,6.12,1
PO-008086,105,3,5,2026-05-12,2026-05-21,2026-05-20,174,174,0,,5.98,6.15,1
PO-008087,105,3,10,2026-05-19,2026-05-28,2026-05-26,152,152,0,,5.98,6.09,1
PO-008088,105,3,10,2026-06-23,2026-07-02,2026-07-02,173,157,0,,5.98,6.18,1
PO-008089,105,3,5,2026-06-30,2026-07-09,2026-07-08,73,73,0,,5.98,6.05,1
PO-008090,105,9,4,2025-01-07,2025-01-17,2025-01-17,250,250,0,,6.2,6.19,0
PO-008091,105,9,3,2025-01-21,2025-01-31,2025-01-30,250,250,0,,6.2,6.08,0
PO-008092,105,9,10,2025-01-28,2025-02-07,2025-02-06,250,250,0,,6.2,6.06,0
PO-008093,105,9,10,2025-02-11,2025-02-21,2025-02-20,250,250,0,,6.2,6.21,0
PO-008094,105,9,9,2025-02-25,2025-03-07,2025-03-05,250,250,0,,6.2,6.2,0
PO-008095,105,9,10,2025-03-04,2025-03-14,2025-03-14,250,226,0,,6.2,6.18,0
PO-008096,105,9,9,2025-03-11,2025-03-21,2025-03-20,250,230,0,,6.2,6.19,0
PO-008097,105,9,7,2025-04-08,2025-04-18,2025-04-15,250,250,0,,6.2,6.27,0
PO-008098,105,9,4,2025-04-15,2025-04-25,2025-04-25,250,250,0,,6.2,6.16,0
PO-008099,105,9,9,2025-04-22,2025-05-02,2025-05-02,250,250,0,,6.2,6.2,0
PO-008100,105,9,9,2025-04-29,2025-05-09,2025-05-08,250,250,0,,6.2,6.2,0
PO-008101,105,9,7,2025-05-20,2025-05-30,2025-05-28,250,250,0,,6.2,6.17,0
PO-008102,105,9,5,2025-05-27,2025-06-06,2025-06-04,250,250,0,,6.2,6.22,0
PO-008103,105,9,3,2025-06-03,2025-06-13,2025-06-12,250,250,0,,6.2,6.26,0
PO-008104,105,9,1,2025-06-10,2025-06-20,2025-06-19,250,234,0,,6.2,6.17,0
PO-008105,105,9,4,2025-06-17,2025-06-27,2025-06-25,250,250,0,,6.2,6.18,0
PO-008106,105,9,1,2025-06-24,2025-07-04,2025-07-04,250,250,0,,6.2,6.05,0
PO-008107,105,9,9,2025-07-15,2025-07-25,2025-07-24,250,250,0,,6.2,6.12,0
PO-008108,105,9,3,2025-07-22,2025-08-01,2025-07-29,250,250,0,,6.2,6.23,0
PO-008109,105,9,4,2025-08-05,2025-08-15,2025-08-14,250,250,10,Short shelf life on arrival,6.2,6.21,0
PO-008110,105,9,1,2025-09-09,2025-09-19,2025-09-19,250,250,0,,6.2,6.12,0
PO-008111,105,9,10,2025-10-07,2025-10-17,2025-10-17,250,250,10,Short shelf life on arrival,6.2,6.14,0
PO-008112,105,9,10,2025-10-14,2025-10-24,2025-10-23,250,250,0,,6.2,6.11,0
PO-008113,105,9,3,2025-10-21,2025-10-31,2025-10-31,250,250,0,,6.2,6.16,0
PO-008114,105,9,7,2025-10-28,2025-11-07,2025-11-06,250,250,0,,6.2,6.21,0
PO-008115,105,9,5,2025-11-11,2025-11-21,2025-11-20,250,250,0,,6.2,6.19,0
PO-008116,105,9,4,2025-11-25,2025-12-05,2025-12-03,250,250,0,,6.2,6.17,0
PO-008117,105,9,7,2025-12-23,2026-01-02,2026-01-01,250,250,0,,6.2,6.26,0
PO-008118,105,9,9,2026-01-27,2026-02-06,2026-02-05,250,250,0,,6.2,6.24,0
PO-008119,105,9,7,2026-02-17,2026-02-27,2026-02-26,250,250,0,,6.2,6.08,0
PO-008120,105,9,10,2026-02-24,2026-03-06,2026-03-04,250,250,0,,6.2,6.17,0
PO-008121,105,9,1,2026-03-24,2026-04-03,2026-03-30,250,236,0,,6.2,6.19,0
PO-008122,105,9,1,2026-04-07,2026-04-17,2026-04-17,250,250,0,,6.2,6.21,0
PO-008123,105,9,4,2026-04-14,2026-04-24,2026-04-22,250,250,0,,6.2,6.04,0
PO-008124,105,9,10,2026-06-23,2026-07-03,2026-07-07,250,230,0,,6.2,6.22,0
PO-008125,105,9,5,2026-06-30,2026-07-10,2026-07-16,250,250,0,,6.2,6.21,0
PO-008126,105,17,10,2025-05-06,2025-05-23,2025-05-23,223,217,0,,6.09,6.07,0
PO-008127,105,17,4,2025-07-29,2025-08-15,2025-08-07,276,276,0,,6.09,6.1,0
PO-008128,105,17,3,2026-01-13,2026-01-30,2026-01-29,165,165,0,,6.09,6.1,0
PO-008129,105,17,10,2026-06-23,2026-07-10,2026-07-04,196,196,0,,6.09,6.05,0
PO-008130,106,24,9,2025-01-14,2025-01-21,2025-01-19,177,177,0,,6.42,6.35,0
PO-008131,106,24,5,2025-01-21,2025-01-28,2025-01-27,148,148,0,,6.42,6.27,0
PO-008132,106,24,9,2025-01-28,2025-02-04,2025-02-02,288,288,0,,6.42,6.31,0
PO-008133,106,24,3,2025-02-18,2025-02-25,2025-02-23,141,141,0,,6.42,6.26,0
PO-008134,106,24,7,2025-02-25,2025-03-04,2025-03-03,196,196,0,,6.42,6.27,0
PO-008135,106,24,3,2025-03-18,2025-03-25,2025-03-23,225,225,0,,6.42,6.31,0
PO-008136,106,24,1,2025-03-25,2025-04-01,2025-03-28,72,72,0,,6.42,6.21,0
PO-008137,106,24,4,2025-04-01,2025-04-08,2025-04-07,171,171,0,,6.42,6.19,0
PO-008138,106,24,9,2025-04-08,2025-04-15,2025-04-15,221,221,0,,6.42,6.17,0
PO-008139,106,24,4,2025-05-27,2025-06-03,2025-06-02,140,140,0,,6.42,6.25,0
PO-008140,106,24,5,2025-06-24,2025-07-01,2025-07-01,191,191,0,,6.42,6.22,0
PO-008141,106,24,5,2025-07-01,2025-07-08,2025-07-24,192,192,11,Damaged packaging,6.42,6.25,0
PO-008142,106,24,3,2025-07-29,2025-08-05,2025-08-04,159,159,0,,6.42,6.37,0
PO-008143,106,24,7,2025-08-12,2025-08-19,2025-08-19,188,188,0,,6.42,6.23,0
PO-008144,106,24,3,2025-08-26,2025-09-02,2025-09-01,221,221,0,,6.42,6.33,0
PO-008145,106,24,3,2025-09-16,2025-09-23,2025-09-21,217,217,0,,6.42,6.27,0
PO-008146,106,24,10,2025-10-21,2025-10-28,2025-10-27,168,168,0,,6.42,6.33,0
PO-008147,106,24,3,2025-10-28,2025-11-04,2025-11-01,253,253,0,,6.42,6.35,0
PO-008148,106,24,7,2025-11-04,2025-11-11,2025-11-10,135,135,0,,6.42,6.3,0
PO-008149,106,24,10,2025-11-18,2025-11-25,2025-11-24,218,218,33,Short shelf life on arrival,6.42,6.32,0
PO-008150,106,24,10,2025-12-16,2025-12-23,2026-01-10,208,208,0,,6.42,6.26,0
PO-008151,106,24,7,2025-12-23,2025-12-30,2025-12-29,198,198,0,,6.42,6.3,0
PO-008152,106,24,1,2025-12-30,2026-01-06,2026-01-06,145,145,0,,6.42,6.33,0
PO-008153,106,24,9,2026-01-13,2026-01-20,2026-01-19,182,182,0,,6.42,6.34,0
PO-008154,106,24,3,2026-01-27,2026-02-03,2026-02-01,210,210,0,,6.42,6.39,0
PO-008155,106,24,9,2026-02-03,2026-02-10,2026-02-10,125,125,0,,6.42,6.22,0
PO-008156,106,24,10,2026-02-10,2026-02-17,2026-02-14,178,178,0,,6.42,6.28,0
PO-008157,106,24,1,2026-02-24,2026-03-03,2026-03-02,108,108,0,,6.42,6.34,0
PO-008158,106,24,5,2026-03-03,2026-03-10,2026-03-10,157,157,0,,6.42,6.27,0
PO-008159,106,24,7,2026-03-17,2026-03-24,2026-03-24,187,187,0,,6.42,6.22,0
PO-008160,106,24,7,2026-03-31,2026-04-07,2026-04-06,149,149,0,,6.42,6.35,0
PO-008161,106,24,1,2026-04-14,2026-04-21,2026-04-23,156,156,0,,6.42,6.3,0
PO-008162,106,24,10,2026-04-28,2026-05-05,2026-05-04,226,226,0,,6.42,6.32,0
PO-008163,106,24,1,2026-05-05,2026-05-12,2026-05-14,144,144,0,,6.42,6.23,0
PO-008164,106,24,10,2026-05-12,2026-05-19,2026-05-18,200,200,0,,6.42,6.29,0
PO-008165,106,24,3,2026-05-19,2026-05-26,2026-05-24,155,155,4,Damaged packaging,6.42,6.31,0
PO-008166,106,24,1,2026-05-26,2026-06-02,2026-06-01,194,194,0,,6.42,6.34,0
PO-008167,106,24,3,2026-06-23,2026-06-30,2026-06-28,192,192,0,,6.42,6.33,0
PO-008168,106,24,9,2026-06-30,2026-07-07,2026-07-05,178,178,0,,6.42,6.21,0
PO-008169,106,17,9,2025-01-14,2025-02-01,2025-01-30,171,163,0,,5.58,5.63,1
PO-008170,106,17,9,2025-01-21,2025-02-08,2025-02-07,210,210,0,,5.58,5.68,1
PO-008171,106,17,7,2025-02-04,2025-02-22,2025-02-20,204,204,0,,5.58,5.69,1
PO-008172,106,17,7,2025-02-11,2025-03-01,2025-03-02,262,262,0,,5.58,5.64,1
PO-008173,106,17,9,2025-02-18,2025-03-08,2025-03-09,274,274,0,,5.58,5.58,1
PO-008174,106,17,4,2025-03-04,2025-03-22,2025-03-21,204,204,0,,5.58,5.7,1
PO-008175,106,17,5,2025-03-11,2025-03-29,2025-03-29,204,192,0,,5.58,5.67,1
PO-008176,106,17,10,2025-03-25,2025-04-12,2025-05-01,165,165,0,,5.58,5.68,1
PO-008177,106,17,4,2025-04-08,2025-04-26,2025-05-14,242,242,11,Temperature excursion in transit,5.58,5.59,1
PO-008178,106,17,1,2025-04-15,2025-05-03,2025-05-02,204,204,0,,5.58,5.63,1
PO-008179,106,17,5,2025-04-29,2025-05-17,2025-05-10,179,179,0,,5.58,5.74,1
PO-008180,106,17,4,2025-05-13,2025-05-31,2025-05-28,232,232,7,Damaged packaging,5.58,5.56,1
PO-008181,106,17,9,2025-05-27,2025-06-14,2025-06-10,192,192,0,,5.58,5.59,1
PO-008182,106,17,7,2025-06-17,2025-07-05,2025-07-07,155,155,0,,5.58,5.63,1
PO-008183,106,17,1,2025-07-01,2025-07-19,2025-07-19,142,142,0,,5.58,5.68,1
PO-008184,106,17,10,2025-07-08,2025-07-26,2025-07-22,146,140,7,Documentation incomplete,5.58,5.66,1
PO-008185,106,17,1,2025-07-15,2025-08-02,2025-07-31,152,152,0,,5.58,5.64,1
PO-008186,106,17,1,2025-07-22,2025-08-09,2025-08-08,175,175,0,,5.58,5.58,1
PO-008187,106,17,3,2025-08-05,2025-08-23,2025-08-18,261,261,0,,5.58,5.61,1
PO-008188,106,17,7,2025-09-09,2025-09-27,2025-09-26,169,169,0,,5.58,5.69,1
PO-008189,106,17,10,2025-09-23,2025-10-11,2025-10-06,163,163,0,,5.58,5.51,1
PO-008190,106,17,9,2025-10-21,2025-11-08,2025-11-04,165,165,0,,5.58,5.51,1
PO-008191,106,17,3,2025-11-11,2025-11-29,2025-12-17,226,226,0,,5.58,5.62,1
PO-008192,106,17,4,2025-11-18,2025-12-06,2025-12-05,145,145,0,,5.58,5.62,1
PO-008193,106,17,5,2025-12-02,2025-12-20,2025-12-14,221,221,0,,5.58,5.52,1
PO-008194,106,17,9,2025-12-09,2025-12-27,2025-12-26,209,209,10,Failed spec check,5.58,5.54,1
PO-008195,106,17,7,2025-12-23,2026-01-10,2026-01-08,170,170,0,,5.58,5.62,1
PO-008196,106,17,3,2026-01-20,2026-02-07,2026-02-04,230,230,0,,5.58,5.6,1
PO-008197,106,17,3,2026-02-24,2026-03-14,2026-03-13,176,176,0,,5.58,5.69,1
PO-008198,106,17,5,2026-03-24,2026-04-11,2026-04-12,179,179,0,,5.58,5.52,1
PO-008199,106,17,7,2026-04-14,2026-05-02,2026-05-01,221,221,0,,5.58,5.57,1
PO-008200,106,17,9,2026-04-21,2026-05-09,2026-05-08,217,217,0,,5.58,5.67,1
PO-008201,106,17,10,2026-05-12,2026-05-30,2026-05-22,200,200,0,,5.58,5.63,1
PO-008202,106,17,3,2026-05-26,2026-06-13,2026-06-10,100,100,0,,5.58,5.49,1
PO-008203,106,17,10,2026-06-09,2026-06-27,2026-06-29,197,197,0,,5.58,5.62,1
PO-008204,106,17,1,2026-06-23,2026-07-11,2026-07-09,182,182,0,,5.58,5.58,1
PO-008205,106,9,3,2025-01-21,2025-02-02,2025-01-29,186,186,0,,5.79,5.79,0
PO-008206,106,9,4,2025-01-28,2025-02-09,2025-02-09,139,139,0,,5.79,5.71,0
PO-008207,106,9,10,2025-03-18,2025-03-30,2025-03-30,227,227,0,,5.79,5.78,0
PO-008208,106,9,10,2025-09-23,2025-10-05,2025-10-03,145,145,0,,5.79,5.92,0
PO-008209,106,9,4,2025-12-09,2025-12-21,2025-12-20,189,189,0,,5.79,5.74,0
PO-008210,106,9,7,2025-12-30,2026-01-11,2026-01-11,139,139,0,,5.79,5.83,0
PO-008211,106,9,4,2026-02-10,2026-02-22,2026-02-20,162,162,0,,5.79,5.75,0
PO-008212,106,9,3,2026-02-24,2026-03-08,2026-03-05,140,140,0,,5.79,5.75,0
PO-008213,106,9,5,2026-03-17,2026-03-29,2026-03-29,158,158,0,,5.79,5.7,0
PO-008214,106,9,7,2026-04-14,2026-04-26,2026-04-24,130,130,0,,5.79,5.78,0
PO-008215,106,9,9,2026-06-02,2026-06-14,2026-06-11,175,175,0,,5.79,5.79,0
PO-008216,107,12,1,2025-01-07,2025-01-15,2025-01-12,413,413,0,,10.22,9.96,1
PO-008217,107,12,2,2025-01-14,2025-01-22,2025-01-21,403,403,0,,10.22,9.84,1
PO-008218,107,12,7,2025-01-21,2025-01-29,2025-01-28,473,473,0,,10.22,9.75,1
PO-008219,107,12,6,2025-01-28,2025-02-05,2025-02-03,376,376,0,,10.22,9.91,1
PO-008220,107,12,7,2025-02-04,2025-02-12,2025-02-10,465,465,0,,10.22,10.02,1
PO-008221,107,12,8,2025-02-18,2025-02-26,2025-02-23,305,305,0,,10.22,10.03,1
PO-008222,107,12,7,2025-02-25,2025-03-05,2025-03-05,199,199,0,,10.22,9.79,1
PO-008223,107,12,7,2025-03-11,2025-03-19,2025-03-17,311,311,0,,10.22,9.91,1
PO-008224,107,12,8,2025-03-18,2025-03-26,2025-03-25,322,322,0,,10.22,10.06,1
PO-008225,107,12,1,2025-04-08,2025-04-16,2025-04-16,373,373,0,,10.22,10.0,1
PO-008226,107,12,4,2025-04-15,2025-04-23,2025-04-22,553,553,0,,10.22,9.83,1
PO-008227,107,12,1,2025-04-22,2025-04-30,2025-04-28,397,397,0,,10.22,9.9,1
PO-008228,107,12,4,2025-04-29,2025-05-07,2025-05-05,598,598,0,,10.22,9.84,1
PO-008229,107,12,8,2025-05-06,2025-05-14,2025-05-12,550,550,55,Short shelf life on arrival,10.22,9.66,1
PO-008230,107,12,7,2025-05-13,2025-05-21,2025-05-20,351,351,0,,10.22,9.85,1
PO-008231,107,12,4,2025-05-27,2025-06-04,2025-06-03,277,277,0,,10.22,9.92,1
PO-008232,107,12,2,2025-06-03,2025-06-11,2025-06-10,374,374,0,,10.22,9.84,1
PO-008233,107,12,10,2025-06-17,2025-06-25,2025-07-02,436,436,0,,10.22,9.9,1
PO-008234,107,12,1,2025-07-01,2025-07-09,2025-07-09,453,453,0,,10.22,10.06,1
PO-008235,107,12,10,2025-07-08,2025-07-16,2025-07-15,464,464,0,,10.22,10.03,1
PO-008236,107,12,10,2025-07-22,2025-07-30,2025-07-26,462,462,0,,10.22,9.81,1
PO-008237,107,12,8,2025-07-29,2025-08-06,2025-08-02,455,455,0,,10.22,9.98,1
PO-008238,107,12,6,2025-08-05,2025-08-13,2025-08-12,440,440,0,,10.22,9.92,1
PO-008239,107,12,1,2025-08-19,2025-08-27,2025-08-25,361,361,0,,10.22,9.95,1
PO-008240,107,12,7,2025-08-26,2025-09-03,2025-09-01,343,343,0,,10.22,9.82,1
PO-008241,107,12,1,2025-09-02,2025-09-10,2025-09-09,362,362,0,,10.22,9.97,1
PO-008242,107,12,4,2025-09-09,2025-09-17,2025-09-17,411,411,0,,10.22,9.97,1
PO-008243,107,12,10,2025-09-16,2025-09-24,2025-09-23,363,363,0,,10.22,9.95,1
PO-008244,107,12,8,2025-09-30,2025-10-08,2025-10-06,357,357,0,,10.22,9.91,1
PO-008245,107,12,2,2025-10-07,2025-10-15,2025-10-14,425,425,0,,10.22,9.84,1
PO-008246,107,12,5,2025-10-14,2025-10-22,2025-10-20,308,308,0,,10.22,9.88,1
PO-008247,107,12,4,2025-10-21,2025-10-29,2025-10-28,591,591,0,,10.22,9.91,1
PO-008248,107,12,7,2025-11-11,2025-11-19,2025-11-16,425,425,0,,10.22,9.91,1
PO-008249,107,12,6,2025-11-18,2025-11-26,2025-11-23,497,497,0,,10.22,9.93,1
PO-008250,107,12,5,2025-11-25,2025-12-03,2025-12-02,385,385,0,,10.22,9.73,1
PO-008251,107,12,2,2025-12-02,2025-12-10,2025-12-08,330,330,0,,10.22,9.93,1
PO-008252,107,12,7,2025-12-16,2025-12-24,2025-12-21,495,495,0,,10.22,9.94,1
PO-008253,107,12,1,2025-12-23,2025-12-31,2025-12-29,432,432,0,,10.22,9.95,1
PO-008254,107,12,1,2025-12-30,2026-01-07,2026-01-04,307,307,0,,10.22,10.09,1
PO-008255,107,12,5,2026-01-27,2026-02-04,2026-02-03,421,421,0,,10.22,9.98,1
PO-008256,107,12,5,2026-02-10,2026-02-18,2026-02-14,520,520,0,,10.22,9.66,1
PO-008257,107,12,10,2026-02-17,2026-02-25,2026-02-24,464,464,0,,10.22,9.79,1
PO-008258,107,12,5,2026-03-17,2026-03-25,2026-03-23,412,412,0,,10.22,9.71,1
PO-008259,107,12,10,2026-03-24,2026-04-01,2026-03-31,485,485,0,,10.22,9.89,1
PO-008260,107,12,2,2026-03-31,2026-04-08,2026-04-07,471,471,0,,10.22,9.93,1
PO-008261,107,12,7,2026-04-07,2026-04-15,2026-04-14,378,378,0,,10.22,9.93,1
PO-008262,107,12,6,2026-04-14,2026-04-22,2026-04-20,455,455,0,,10.22,10.03,1
PO-008263,107,12,1,2026-04-21,2026-04-29,2026-04-27,260,260,0,,10.22,9.79,1
PO-008264,107,12,5,2026-04-28,2026-05-06,2026-05-05,345,345,0,,10.22,9.91,1
PO-008265,107,12,5,2026-05-05,2026-05-13,2026-05-12,378,378,0,,10.22,9.79,1
PO-008266,107,12,2,2026-05-12,2026-05-20,2026-05-17,355,355,0,,10.22,9.9,1
PO-008267,107,12,7,2026-05-19,2026-05-27,2026-05-25,386,386,0,,10.22,9.81,1
PO-008268,107,12,4,2026-06-02,2026-06-10,2026-06-07,424,424,0,,10.22,9.88,1
PO-008269,107,12,5,2026-06-09,2026-06-17,2026-06-15,280,280,0,,10.22,9.94,1
PO-008270,107,12,4,2026-06-23,2026-07-01,2026-06-30,642,642,20,Temperature excursion in transit,10.22,9.9,1
PO-008271,107,12,8,2026-06-30,2026-07-08,2026-07-08,491,491,0,,10.22,9.88,1
PO-008272,107,14,4,2025-02-11,2025-03-14,2025-02-26,714,714,0,,9.08,9.62,0
PO-008273,107,14,1,2025-03-04,2025-04-04,2025-04-03,577,577,0,,9.08,9.37,0
PO-008274,107,14,1,2025-03-11,2025-04-11,2025-04-05,767,767,0,,9.08,9.58,0
PO-008275,107,14,2,2025-06-17,2025-07-18,2025-07-14,598,574,0,,9.08,9.44,0
PO-008276,107,14,7,2025-08-19,2025-09-19,2025-09-10,500,500,0,,9.08,9.53,0
PO-008277,107,14,1,2025-12-23,2026-01-23,2026-01-14,520,520,19,Short shelf life on arrival,9.08,9.4,0
PO-008278,107,14,8,2026-01-20,2026-02-20,2026-02-12,500,500,0,,9.08,9.5,0
PO-008279,107,14,5,2026-02-17,2026-03-20,2026-03-18,651,651,0,,9.08,9.64,0
PO-008280,107,14,6,2026-03-31,2026-05-01,2026-04-22,500,500,0,,9.08,9.56,0
PO-008281,107,14,7,2026-05-05,2026-06-05,2026-06-02,500,500,0,,9.08,9.46,0
PO-008282,107,14,8,2026-06-23,2026-07-24,2026-07-23,668,668,0,,9.08,9.32,0
PO-008283,107,24,2,2025-05-20,2025-05-29,2025-05-28,402,393,0,,9.96,9.83,0
PO-008284,107,24,10,2025-07-29,2025-08-07,2025-08-06,349,349,0,,9.96,9.66,0
PO-008285,107,24,6,2026-03-17,2026-03-26,2026-03-26,411,411,0,,9.96,9.94,0
PO-008286,107,24,5,2026-04-21,2026-04-30,2026-04-28,276,276,0,,9.96,9.67,0
PO-008287,108,24,4,2025-01-07,2025-01-18,2025-01-18,500,500,0,,9.14,8.96,1
PO-008288,108,24,5,2025-01-14,2025-01-25,2025-01-24,500,500,0,,9.14,9.0,1
PO-008289,108,24,8,2025-01-21,2025-02-01,2025-01-31,500,500,0,,9.14,8.85,1
PO-008290,108,24,7,2025-01-28,2025-02-08,2025-02-07,500,500,0,,9.14,9.18,1
PO-008291,108,24,10,2025-02-04,2025-02-15,2025-02-15,500,500,0,,9.14,9.06,1
PO-008292,108,24,1,2025-02-11,2025-02-22,2025-02-22,500,500,0,,9.14,9.03,1
PO-008293,108,24,7,2025-02-18,2025-03-01,2025-03-01,500,500,0,,9.14,9.03,1
PO-008294,108,24,1,2025-03-04,2025-03-15,2025-03-14,500,500,0,,9.14,8.85,1
PO-008295,108,24,5,2025-03-11,2025-03-22,2025-03-19,500,500,0,,9.14,9.01,1
PO-008296,108,24,2,2025-03-18,2025-03-29,2025-03-28,500,500,0,,9.14,8.95,1
PO-008297,108,24,1,2025-03-25,2025-04-05,2025-04-06,500,500,0,,9.14,8.96,1
PO-008298,108,24,6,2025-04-01,2025-04-12,2025-04-12,500,500,0,,9.14,8.98,1
PO-008299,108,24,5,2025-04-08,2025-04-19,2025-04-17,500,500,0,,9.14,9.0,1
PO-008300,108,24,8,2025-04-15,2025-04-26,2025-04-25,500,500,0,,9.14,8.85,1
PO-008301,108,24,1,2025-04-22,2025-05-03,2025-05-02,500,500,0,,9.14,8.9,1
PO-008302,108,24,4,2025-04-29,2025-05-10,2025-05-09,500,489,0,,9.14,9.05,1
PO-008303,108,24,5,2025-05-06,2025-05-17,2025-05-16,500,500,0,,9.14,8.91,1
PO-008304,108,24,2,2025-05-13,2025-05-24,2025-05-23,500,500,0,,9.14,9.04,1
PO-008305,108,24,10,2025-05-20,2025-05-31,2025-05-31,500,500,0,,9.14,8.97,1
PO-008306,108,24,1,2025-05-27,2025-06-07,2025-06-04,500,500,0,,9.14,9.0,1
PO-008307,108,24,10,2025-06-10,2025-06-21,2025-06-21,500,500,0,,9.14,9.06,1
PO-008308,108,24,5,2025-07-01,2025-07-12,2025-07-10,500,500,15,Temperature excursion in transit,9.14,8.94,1
PO-008309,108,24,6,2025-07-08,2025-07-19,2025-07-18,500,500,0,,9.14,8.98,1
PO-008310,108,24,5,2025-07-22,2025-08-02,2025-07-31,500,500,0,,9.14,8.88,1
PO-008311,108,24,8,2025-07-29,2025-08-09,2025-08-09,500,500,0,,9.14,8.99,1
PO-008312,108,24,10,2025-08-05,2025-08-16,2025-08-16,500,500,0,,9.14,8.76,1
PO-008313,108,24,6,2025-08-19,2025-08-30,2025-08-29,500,500,0,,9.14,8.99,1
PO-008314,108,24,1,2025-08-26,2025-09-06,2025-09-06,500,500,0,,9.14,8.9,1
PO-008315,108,24,1,2025-09-02,2025-09-13,2025-09-12,500,500,0,,9.14,9.02,1
PO-008316,108,24,8,2025-09-09,2025-09-20,2025-09-20,500,500,0,,9.14,8.94,1
PO-008317,108,24,8,2025-09-16,2025-09-27,2025-09-27,500,500,0,,9.14,8.99,1
PO-008318,108,24,1,2025-09-30,2025-10-11,2025-10-07,500,500,0,,9.14,8.95,1
PO-008319,108,24,8,2025-10-07,2025-10-18,2025-10-17,500,500,0,,9.14,8.92,1
PO-008320,108,24,2,2025-10-14,2025-10-25,2025-10-24,500,500,0,,9.14,8.93,1
PO-008321,108,24,1,2025-10-28,2025-11-08,2025-11-05,500,500,0,,9.14,8.98,1
PO-008322,108,24,2,2025-11-04,2025-11-15,2025-11-14,500,500,0,,9.14,9.04,1
PO-008323,108,24,6,2025-12-09,2025-12-20,2025-12-20,500,500,0,,9.14,8.78,1
PO-008324,108,24,4,2025-12-23,2026-01-03,2026-01-02,500,500,0,,9.14,8.96,1
PO-008325,108,24,8,2025-12-30,2026-01-10,2026-01-09,500,500,0,,9.14,8.93,1
PO-008326,108,24,5,2026-01-06,2026-01-17,2026-01-17,500,500,0,,9.14,8.97,1
PO-008327,108,24,1,2026-01-13,2026-01-24,2026-01-24,500,473,0,,9.14,9.05,1
PO-008328,108,24,10,2026-01-27,2026-02-07,2026-02-07,500,500,0,,9.14,8.91,1
PO-008329,108,24,5,2026-02-03,2026-02-14,2026-02-12,500,486,0,,9.14,8.94,1
PO-008330,108,24,8,2026-02-10,2026-02-21,2026-02-21,500,500,0,,9.14,8.92,1
PO-008331,108,24,5,2026-02-17,2026-02-28,2026-02-26,500,500,0,,9.14,8.94,1
PO-008332,108,24,1,2026-02-24,2026-03-07,2026-03-07,500,500,0,,9.14,8.75,1
PO-008333,108,24,7,2026-03-10,2026-03-21,2026-03-20,500,500,0,,9.14,8.86,1
PO-008334,108,24,4,2026-03-17,2026-03-28,2026-03-28,500,500,0,,9.14,8.96,1
PO-008335,108,24,6,2026-03-24,2026-04-04,2026-04-02,500,500,0,,9.14,8.76,1
PO-008336,108,24,4,2026-03-31,2026-04-11,2026-04-11,500,500,0,,9.14,8.83,1
PO-008337,108,24,6,2026-04-07,2026-04-18,2026-04-16,500,500,0,,9.14,8.9,1
PO-008338,108,24,4,2026-04-14,2026-04-25,2026-04-22,500,500,0,,9.14,8.94,1
PO-008339,108,24,6,2026-04-21,2026-05-02,2026-05-01,500,500,0,,9.14,8.93,1
PO-008340,108,24,10,2026-04-28,2026-05-09,2026-05-07,500,500,0,,9.14,8.87,1
PO-008341,108,24,2,2026-05-05,2026-05-16,2026-05-15,500,500,0,,9.14,8.8,1
PO-008342,108,24,10,2026-05-12,2026-05-23,2026-06-18,500,500,0,,9.14,8.84,1
PO-008343,108,24,1,2026-06-02,2026-06-13,2026-06-11,500,500,0,,9.14,9.04,1
PO-008344,108,24,8,2026-06-23,2026-07-04,2026-07-03,500,500,0,,9.14,9.0,1
PO-008345,108,19,1,2025-01-14,2025-02-19,2025-02-23,345,345,0,,7.99,8.06,0
PO-008346,108,19,8,2025-01-28,2025-03-05,2025-03-02,256,256,0,,7.99,8.02,0
PO-008347,108,19,2,2025-02-11,2025-03-19,2025-03-14,264,264,0,,7.99,8.06,0
PO-008348,108,19,10,2025-03-18,2025-04-23,2025-04-17,256,256,0,,7.99,8.08,0
PO-008349,108,19,6,2025-03-25,2025-04-30,2025-04-22,248,248,0,,7.99,7.89,0
PO-008350,108,19,7,2025-04-01,2025-05-07,2025-05-02,256,256,0,,7.99,8.12,0
PO-008351,108,19,4,2025-04-15,2025-05-21,2025-05-13,241,241,0,,7.99,7.88,0
PO-008352,108,19,1,2025-04-29,2025-06-04,2025-05-15,279,279,0,,7.99,8.05,0
PO-008353,108,19,10,2025-05-06,2025-06-11,2025-06-04,350,350,0,,7.99,8.1,0
PO-008354,108,19,5,2025-07-15,2025-08-20,2025-08-17,206,206,0,,7.99,7.98,0
PO-008355,108,19,2,2025-08-05,2025-09-10,2025-09-07,262,262,0,,7.99,8.02,0
PO-008356,108,19,7,2025-09-02,2025-10-08,2025-10-03,212,212,0,,7.99,7.95,0
PO-008357,108,19,8,2025-09-23,2025-10-29,2025-10-10,259,259,0,,7.99,8.03,0
PO-008358,108,19,4,2025-09-30,2025-11-05,2025-10-27,196,196,0,,7.99,7.98,0
PO-008359,108,19,5,2025-11-25,2025-12-31,2025-12-24,225,225,0,,7.99,8.04,0
PO-008360,108,19,2,2026-01-06,2026-02-11,2026-02-07,348,348,34,Damaged packaging,7.99,8.01,0
PO-008361,108,19,4,2026-01-13,2026-02-18,2026-01-31,309,309,0,,7.99,7.94,0
PO-008362,108,19,2,2026-02-03,2026-03-11,2026-03-08,331,331,0,,7.99,7.98,0
PO-008363,108,19,10,2026-02-10,2026-03-18,2026-03-14,179,179,0,,7.99,7.88,0
PO-008364,108,19,6,2026-02-17,2026-03-25,2026-03-17,228,228,9,Temperature excursion in transit,7.99,7.9,0
PO-008365,108,19,6,2026-02-24,2026-04-01,2026-03-30,235,235,0,,7.99,7.97,0
PO-008366,108,19,6,2026-03-10,2026-04-15,2026-04-06,292,292,0,,7.99,7.98,0
PO-008367,108,19,10,2026-03-17,2026-04-22,2026-03-26,154,154,0,,7.99,8.09,0
PO-008368,108,19,8,2026-04-28,2026-06-03,2026-05-27,239,239,0,,7.99,8.06,0
PO-008369,108,19,4,2026-05-26,2026-07-01,2026-06-22,213,213,0,,7.99,8.05,0
PO-008370,108,19,8,2026-06-02,2026-07-08,2026-07-03,142,142,0,,7.99,8.05,0
PO-008371,108,19,5,2026-06-09,2026-07-15,2026-07-11,239,239,0,,7.99,7.95,0
PO-008372,109,6,7,2025-01-28,2025-02-07,2025-02-06,1531,1531,0,,2.07,2.02,0
PO-008373,109,6,1,2025-02-25,2025-03-07,2025-03-05,1486,1486,0,,2.07,1.98,0
PO-008374,109,6,5,2025-03-18,2025-03-28,2025-03-28,1023,941,0,,2.07,2.01,0
PO-008375,109,6,4,2025-03-25,2025-04-04,2025-04-04,1398,1398,0,,2.07,2.03,0
PO-008376,109,6,3,2025-04-15,2025-04-25,2025-04-25,1406,1406,0,,2.07,2.02,0
PO-008377,109,6,9,2025-04-29,2025-05-09,2025-05-09,927,927,58,Damaged packaging,2.07,1.99,0
PO-008378,109,6,4,2025-05-06,2025-05-16,2025-05-16,1669,1669,0,,2.07,2.0,0
PO-008379,109,6,9,2025-05-20,2025-05-30,2025-05-29,1395,1395,0,,2.07,2.02,0
PO-008380,109,6,9,2025-06-03,2025-06-13,2025-06-10,854,854,0,,2.07,2.02,0
PO-008381,109,6,10,2025-06-17,2025-06-27,2025-06-27,1924,1924,0,,2.07,2.01,0
PO-008382,109,6,10,2025-07-22,2025-08-01,2025-07-31,1342,1342,0,,2.07,2.02,0
PO-008383,109,6,10,2025-09-02,2025-09-12,2025-09-11,1629,1629,0,,2.07,2.04,0
PO-008384,109,6,7,2025-09-16,2025-09-26,2025-09-25,1042,1042,0,,2.07,2.0,0
PO-008385,109,6,3,2025-09-30,2025-10-10,2025-10-07,1979,1979,0,,2.07,2.04,0
PO-008386,109,6,3,2025-10-14,2025-10-24,2025-10-23,1762,1762,0,,2.07,2.0,0
PO-008387,109,6,3,2025-11-25,2025-12-05,2025-12-04,1530,1530,0,,2.07,2.02,0
PO-008388,109,6,10,2025-12-23,2026-01-02,2026-01-01,1111,1111,50,Failed spec check,2.07,1.97,0
PO-008389,109,6,5,2025-12-30,2026-01-09,2026-01-07,924,924,0,,2.07,1.99,0
PO-008390,109,6,10,2026-02-10,2026-02-20,2026-02-19,1416,1416,0,,2.07,1.98,0
PO-008391,109,6,3,2026-02-24,2026-03-06,2026-03-12,1245,1245,0,,2.07,1.98,0
PO-008392,109,6,10,2026-03-10,2026-03-20,2026-03-19,1029,1029,0,,2.07,1.98,0
PO-008393,109,6,1,2026-04-28,2026-05-08,2026-05-19,1267,1267,0,,2.07,2.03,0
PO-008394,109,6,10,2026-05-05,2026-05-15,2026-05-15,748,748,0,,2.07,2.03,0
PO-008395,109,6,4,2026-05-12,2026-05-22,2026-05-21,1195,1195,0,,2.07,2.01,0
PO-008396,109,6,3,2026-06-02,2026-06-12,2026-06-09,1364,1364,0,,2.07,2.0,0
PO-008397,109,6,5,2026-06-09,2026-06-19,2026-06-16,1484,1484,0,,2.07,1.98,0
PO-008398,109,6,1,2026-06-23,2026-07-03,2026-07-02,1285,1285,0,,2.07,2.04,0
PO-008399,109,1,5,2025-01-07,2025-01-25,2025-02-01,1119,1119,0,,1.94,1.96,1
PO-008400,109,1,1,2025-02-04,2025-02-22,2025-02-21,847,847,0,,1.94,1.93,1
PO-008401,109,1,7,2025-02-25,2025-03-15,2025-03-14,925,925,0,,1.94,1.93,1
PO-008402,109,1,10,2025-03-04,2025-03-22,2025-03-18,1050,1009,0,,1.94,1.94,1
PO-008403,109,1,4,2025-03-18,2025-04-05,2025-04-03,909,909,0,,1.94,1.93,1
PO-008404,109,1,3,2025-04-01,2025-04-19,2025-04-16,1433,1433,0,,1.94,1.93,1
PO-008405,109,1,9,2025-04-08,2025-04-26,2025-04-26,1126,1126,0,,1.94,1.94,1
PO-008406,109,1,1,2025-04-15,2025-05-03,2025-04-29,1194,1194,0,,1.94,1.96,1
PO-008407,109,1,1,2025-05-27,2025-06-14,2025-06-19,1149,1149,0,,1.94,1.98,1
PO-008408,109,1,1,2025-06-10,2025-06-28,2025-06-25,1076,1076,0,,1.94,1.92,1
PO-008409,109,1,3,2025-06-24,2025-07-12,2025-07-10,705,681,0,,1.94,1.94,1
PO-008410,109,1,10,2025-07-01,2025-07-19,2025-07-16,913,892,0,,1.94,1.94,1
PO-008411,109,1,5,2025-07-15,2025-08-02,2025-07-30,1177,1177,0,,1.94,1.98,1
PO-008412,109,1,7,2025-07-22,2025-08-09,2025-08-14,1068,1068,0,,1.94,1.97,1
PO-008413,109,1,4,2025-07-29,2025-08-16,2025-08-12,1547,1547,0,,1.94,1.97,1
PO-008414,109,1,1,2025-08-05,2025-08-23,2025-08-21,1113,1084,0,,1.94,1.98,1
PO-008415,109,1,4,2025-08-26,2025-09-13,2025-09-13,1398,1398,0,,1.94,1.98,1
PO-008416,109,1,10,2025-09-09,2025-09-27,2025-09-22,1315,1315,0,,1.94,1.93,1
PO-008417,109,1,5,2025-10-14,2025-11-01,2025-10-31,1067,1067,0,,1.94,1.99,1
PO-008418,109,1,5,2025-11-04,2025-11-22,2025-11-27,1199,1199,0,,1.94,1.93,1
PO-008419,109,1,1,2025-11-25,2025-12-13,2025-12-14,1262,1262,0,,1.94,1.96,1
PO-008420,109,1,9,2025-12-09,2025-12-27,2025-12-23,1151,1151,0,,1.94,1.93,1
PO-008421,109,1,7,2025-12-16,2026-01-03,2026-01-04,1275,1275,0,,1.94,1.95,1
PO-008422,109,1,4,2026-01-13,2026-01-31,2026-01-28,1460,1460,0,,1.94,1.93,1
PO-008423,109,1,3,2026-01-27,2026-02-14,2026-02-13,1063,1032,0,,1.94,1.94,1
PO-008424,109,1,1,2026-02-03,2026-02-21,2026-02-18,1305,1305,0,,1.94,1.95,1
PO-008425,109,1,9,2026-02-10,2026-02-28,2026-03-05,1555,1555,0,,1.94,1.97,1
PO-008426,109,1,3,2026-02-17,2026-03-07,2026-03-05,1134,1134,0,,1.94,1.95,1
PO-008427,109,1,1,2026-03-17,2026-04-04,2026-04-26,1008,1008,0,,1.94,2.01,1
PO-008428,109,1,7,2026-04-21,2026-05-09,2026-05-20,500,500,94,Short shelf life on arrival,1.94,1.98,1
PO-008429,109,1,10,2026-05-05,2026-05-23,2026-05-21,1244,1244,0,,1.94,1.93,1
PO-008430,109,1,3,2026-05-19,2026-06-06,2026-05-31,1439,1439,0,,1.94,1.94,1
PO-008431,109,1,10,2026-05-26,2026-06-13,2026-06-10,1148,1148,0,,1.94,1.96,1
PO-008432,109,1,1,2026-06-02,2026-06-20,2026-06-18,1342,1342,145,Failed spec check,1.94,1.93,1
PO-008433,109,1,10,2026-06-16,2026-07-04,2026-07-23,1606,1606,0,,1.94,1.96,1
PO-008434,109,1,5,2026-06-23,2026-07-11,2026-07-05,1526,1526,0,,1.94,1.97,1
PO-008435,109,1,7,2026-06-30,2026-07-18,2026-07-21,1019,1019,0,,1.94,1.95,1
PO-008436,110,4,10,2025-02-04,2025-02-16,2025-02-21,167,167,0,,70.79,74.21,0
PO-008437,110,4,6,2025-03-18,2025-03-30,2025-03-29,243,230,0,,70.79,71.6,0
PO-008438,110,4,5,2025-04-01,2025-04-13,2025-04-11,176,176,0,,70.79,72.26,0
PO-008439,110,4,1,2025-04-15,2025-04-27,2025-04-23,218,218,0,,70.79,73.04,0
PO-008440,110,4,7,2025-04-22,2025-05-04,2025-05-02,205,205,0,,70.79,72.99,0
PO-008441,110,4,6,2025-07-29,2025-08-10,2025-08-21,303,303,0,,70.79,71.7,0
PO-008442,110,4,1,2025-08-26,2025-09-07,2025-09-07,189,189,0,,70.79,72.95,0
PO-008443,110,4,7,2025-09-02,2025-09-14,2025-09-10,133,133,0,,70.79,72.05,0
PO-008444,110,4,4,2025-10-14,2025-10-26,2025-10-24,227,227,0,,70.79,72.99,0
PO-008445,110,4,8,2025-10-28,2025-11-09,2025-11-28,234,234,0,,70.79,73.67,0
PO-008446,110,4,1,2026-01-13,2026-01-25,2026-01-23,211,211,0,,70.79,72.89,0
PO-008447,110,4,8,2026-01-27,2026-02-08,2026-02-13,253,253,0,,70.79,73.79,0
PO-008448,110,4,8,2026-02-17,2026-03-01,2026-02-27,214,214,0,,70.79,73.0,0
PO-008449,110,4,1,2026-03-17,2026-03-29,2026-03-28,188,188,0,,70.79,73.16,0
PO-008450,110,4,8,2026-03-31,2026-04-12,2026-04-11,221,221,7,Short shelf life on arrival,70.79,71.82,0
PO-008451,110,7,7,2025-01-21,2025-02-21,2025-02-19,208,208,0,,64.56,66.97,0
PO-008452,110,7,5,2025-01-28,2025-02-28,2025-02-16,199,199,0,,64.56,65.4,0
PO-008453,110,7,8,2025-02-04,2025-03-07,2025-02-27,207,207,0,,64.56,67.29,0
PO-008454,110,7,5,2025-02-11,2025-03-14,2025-03-06,192,192,0,,64.56,65.43,0
PO-008455,110,7,7,2025-02-18,2025-03-21,2025-03-11,182,182,0,,64.56,66.8,0
PO-008456,110,7,4,2025-03-18,2025-04-18,2025-04-14,199,199,0,,64.56,67.5,0
PO-008457,110,7,10,2025-03-25,2025-04-25,2025-04-23,131,131,0,,64.56,65.12,0
PO-008458,110,7,7,2025-04-08,2025-05-09,2025-04-25,116,116,0,,64.56,66.09,0
PO-008459,110,7,1,2025-04-15,2025-05-16,2025-04-21,180,180,0,,64.56,67.7,0
PO-008460,110,7,10,2025-05-06,2025-06-06,2025-06-05,107,107,0,,64.56,65.67,0
PO-008461,110,7,8,2025-05-13,2025-06-13,2025-05-29,244,244,0,,64.56,66.07,0
PO-008462,110,7,10,2025-05-27,2025-06-27,2025-06-25,171,171,0,,64.56,66.44,0
PO-008463,110,7,6,2025-06-17,2025-07-18,2025-07-09,131,131,0,,64.56,67.96,0
PO-008464,110,7,2,2025-06-24,2025-07-25,2025-07-22,239,239,0,,64.56,66.83,0
PO-008465,110,7,5,2025-07-29,2025-08-29,2025-08-23,113,113,0,,64.56,66.3,0
PO-008466,110,7,10,2025-08-05,2025-09-05,2025-09-05,193,193,0,,64.56,66.2,0
PO-008467,110,7,10,2025-08-12,2025-09-12,2025-09-01,100,100,0,,64.56,66.75,0
PO-008468,110,7,4,2025-08-19,2025-09-19,2025-09-14,158,158,0,,64.56,66.98,0
PO-008469,110,7,7,2025-09-02,2025-10-03,2025-09-23,122,122,0,,64.56,65.81,0
PO-008470,110,7,10,2025-09-09,2025-10-10,2025-09-20,217,217,28,Damaged packaging,64.56,66.67,0
PO-008471,110,7,2,2025-09-16,2025-10-17,2025-10-07,158,158,0,,64.56,66.49,0
PO-008472,110,7,10,2025-10-14,2025-11-14,2025-11-09,221,221,0,,64.56,66.45,0
PO-008473,110,7,5,2025-11-18,2025-12-19,2025-12-11,171,171,0,,64.56,66.64,0
PO-008474,110,7,10,2025-12-16,2026-01-16,2026-01-15,185,185,0,,64.56,66.19,0
PO-008475,110,7,1,2025-12-23,2026-01-23,2026-01-20,186,186,0,,64.56,65.83,0
PO-008476,110,7,6,2025-12-30,2026-01-30,2026-01-28,137,137,15,Temperature excursion in transit,64.56,66.71,0
PO-008477,110,7,5,2026-01-06,2026-02-06,2026-02-03,120,120,0,,64.56,66.34,0
PO-008478,110,7,2,2026-01-20,2026-02-20,2026-02-21,172,172,0,,64.56,65.47,0
PO-008479,110,7,8,2026-01-27,2026-02-27,2026-02-24,175,175,0,,64.56,66.63,0
PO-008480,110,7,10,2026-02-03,2026-03-06,2026-02-21,246,246,0,,64.56,67.33,0
PO-008481,110,7,2,2026-03-03,2026-04-03,2026-03-24,198,198,0,,64.56,65.9,0
PO-008482,110,7,6,2026-03-10,2026-04-10,2026-04-04,187,187,0,,64.56,65.72,0
PO-008483,110,7,5,2026-04-07,2026-05-08,2026-04-22,135,135,0,,64.56,66.09,0
PO-008484,110,7,8,2026-04-14,2026-05-15,2026-05-12,142,142,0,,64.56,66.83,0
PO-008485,110,7,10,2026-05-05,2026-06-05,2026-06-02,201,201,22,Temperature excursion in transit,64.56,66.25,0
PO-008486,110,7,10,2026-05-26,2026-06-26,2026-06-17,116,116,0,,64.56,66.32,0
PO-008487,110,7,6,2026-06-23,2026-07-24,2026-07-16,191,191,22,Short shelf life on arrival,64.56,66.43,0
PO-008488,110,7,10,2026-06-30,2026-07-31,2026-07-30,206,206,0,,64.56,67.63,0
PO-008489,110,13,2,2025-02-04,2025-02-21,2025-02-28,250,250,0,,74.55,78.65,1
PO-008490,110,13,10,2025-02-11,2025-02-28,2025-02-26,250,250,31,Damaged packaging,74.55,77.78,1
PO-008491,110,13,1,2025-02-18,2025-03-07,2025-03-08,250,250,0,,74.55,79.59,1
PO-008492,110,13,2,2025-03-04,2025-03-21,2025-03-20,250,250,0,,74.55,77.4,1
PO-008493,110,13,6,2025-03-11,2025-03-28,2025-03-26,250,250,0,,74.55,78.82,1
PO-008494,110,13,7,2025-03-18,2025-04-04,2025-03-27,250,250,0,,74.55,77.47,1
PO-008495,110,13,2,2025-03-25,2025-04-11,2025-04-07,250,250,16,Temperature excursion in transit,74.55,76.98,1
PO-008496,110,13,5,2025-04-08,2025-04-25,2025-04-21,250,250,0,,74.55,77.68,1
PO-008497,110,13,2,2025-04-29,2025-05-16,2025-05-16,250,231,36,Documentation incomplete,74.55,76.43,1
PO-008498,110,13,1,2025-05-20,2025-06-06,2025-05-29,250,250,0,,74.55,78.03,1
PO-008499,110,13,1,2025-05-27,2025-06-13,2025-06-09,250,250,0,,74.55,77.95,1
PO-008500,110,13,5,2025-06-24,2025-07-11,2025-07-11,250,250,0,,74.55,79.96,1
PO-008501,110,13,2,2025-07-01,2025-07-18,2025-07-11,250,250,0,,74.55,77.35,1
PO-008502,110,13,8,2025-07-22,2025-08-08,2025-08-07,250,250,0,,74.55,77.07,1
PO-008503,110,13,2,2025-08-05,2025-08-22,2025-08-20,250,250,0,,74.55,78.24,1
PO-008504,110,13,8,2025-08-12,2025-08-29,2025-08-29,250,250,0,,74.55,77.02,1
PO-008505,110,13,2,2025-08-19,2025-09-05,2025-08-31,250,250,0,,74.55,78.42,1
PO-008506,110,13,7,2025-09-16,2025-10-03,2025-09-30,250,250,0,,74.55,78.12,1
PO-008507,110,13,5,2025-09-30,2025-10-17,2025-10-15,250,250,0,,74.55,78.61,1
PO-008508,110,13,6,2025-10-14,2025-10-31,2025-10-26,250,250,0,,74.55,76.69,1
PO-008509,110,13,8,2025-10-28,2025-11-14,2025-11-26,250,250,0,,74.55,77.55,1
PO-008510,110,13,4,2025-11-04,2025-11-21,2025-11-20,250,250,0,,74.55,76.75,1
PO-008511,110,13,8,2025-12-09,2025-12-26,2025-12-25,250,250,0,,74.55,77.45,1
PO-008512,110,13,2,2025-12-16,2026-01-02,2025-12-28,250,250,0,,74.55,77.08,1
PO-008513,110,13,4,2025-12-23,2026-01-09,2026-01-07,250,250,0,,74.55,77.84,1
PO-008514,110,13,4,2025-12-30,2026-01-16,2026-01-13,250,250,0,,74.55,77.29,1
PO-008515,110,13,7,2026-01-13,2026-01-30,2026-01-25,250,250,0,,74.55,76.47,1
PO-008516,110,13,5,2026-01-20,2026-02-06,2026-02-05,250,250,0,,74.55,76.83,1
PO-008517,110,13,1,2026-01-27,2026-02-13,2026-02-11,250,250,0,,74.55,77.73,1
PO-008518,110,13,8,2026-02-17,2026-03-06,2026-03-06,250,250,0,,74.55,76.87,1
PO-008519,110,13,7,2026-02-24,2026-03-13,2026-03-04,250,250,0,,74.55,79.22,1
PO-008520,110,13,1,2026-03-10,2026-03-27,2026-03-25,250,241,0,,74.55,77.42,1
PO-008521,110,13,1,2026-03-31,2026-04-17,2026-04-17,250,250,0,,74.55,77.4,1
PO-008522,110,13,6,2026-04-28,2026-05-15,2026-05-09,250,250,12,Short shelf life on arrival,74.55,77.74,1
PO-008523,110,13,8,2026-05-05,2026-05-22,2026-05-23,250,250,0,,74.55,76.15,1
PO-008524,110,13,8,2026-05-12,2026-05-29,2026-05-23,250,250,0,,74.55,78.43,1
PO-008525,110,13,7,2026-05-19,2026-06-05,2026-06-15,250,250,0,,74.55,75.93,1
PO-008526,110,13,5,2026-06-02,2026-06-19,2026-06-12,250,235,0,,74.55,78.0,1
PO-008527,110,13,1,2026-06-09,2026-06-26,2026-06-17,250,250,0,,74.55,78.39,1
PO-008528,110,13,10,2026-06-16,2026-07-03,2026-06-25,250,250,0,,74.55,77.81,1
PO-008529,111,22,2,2025-02-18,2025-04-04,2025-03-24,170,170,18,Damaged packaging,5.28,5.36,0
PO-008530,111,22,10,2025-02-25,2025-04-11,2025-03-21,271,271,0,,5.28,5.37,0
PO-008531,111,22,1,2025-03-11,2025-04-25,2025-04-20,209,209,0,,5.28,5.31,0
PO-008532,111,22,2,2025-04-29,2025-06-13,2025-06-08,255,255,0,,5.28,5.33,0
PO-008533,111,22,10,2025-07-15,2025-08-29,2025-08-20,171,171,0,,5.28,5.39,0
PO-008534,111,22,7,2025-08-26,2025-10-10,2025-10-03,256,256,0,,5.28,5.35,0
PO-008535,111,22,6,2025-10-07,2025-11-21,2025-10-26,265,265,0,,5.28,5.34,0
PO-008536,111,22,7,2026-02-17,2026-04-03,2026-03-13,210,210,0,,5.28,5.3,0
PO-008537,111,7,1,2025-01-21,2025-02-22,2025-02-16,234,234,0,,6.75,6.91,1
PO-008538,111,7,1,2025-02-04,2025-03-08,2025-02-22,135,135,0,,6.75,7.03,1
PO-008539,111,7,7,2025-02-11,2025-03-15,2025-03-14,142,142,0,,6.75,6.83,1
PO-008540,111,7,7,2025-02-18,2025-03-22,2025-03-15,227,227,0,,6.75,7.03,1
PO-008541,111,7,8,2025-02-25,2025-03-29,2025-03-16,163,163,0,,6.75,6.88,1
PO-008542,111,7,7,2025-03-04,2025-04-05,2025-04-07,160,160,7,Temperature excursion in transit,6.75,6.97,1
PO-008543,111,7,2,2025-03-11,2025-04-12,2025-04-10,150,150,10,Temperature excursion in transit,6.75,6.99,1
PO-008544,111,7,8,2025-03-18,2025-04-19,2025-04-12,149,149,0,,6.75,6.91,1
PO-008545,111,7,4,2025-03-25,2025-04-26,2025-04-25,231,231,0,,6.75,6.86,1
PO-008546,111,7,8,2025-04-01,2025-05-03,2025-05-02,142,142,0,,6.75,6.97,1
PO-008547,111,7,1,2025-04-08,2025-05-10,2025-05-04,227,227,0,,6.75,7.07,1
PO-008548,111,7,10,2025-04-15,2025-05-17,2025-05-14,165,165,0,,6.75,7.01,1
PO-008549,111,7,7,2025-04-29,2025-05-31,2025-05-30,151,151,0,,6.75,7.05,1
PO-008550,111,7,5,2025-05-06,2025-06-07,2025-05-28,131,131,0,,6.75,6.96,1
PO-008551,111,7,7,2025-05-13,2025-06-14,2025-06-14,232,232,0,,6.75,6.91,1
PO-008552,111,7,8,2025-05-27,2025-06-28,2025-06-17,263,263,0,,6.75,7.01,1
PO-008553,111,7,5,2025-06-03,2025-07-05,2025-07-02,177,177,0,,6.75,6.82,1
PO-008554,111,7,5,2025-06-10,2025-07-12,2025-07-11,212,212,0,,6.75,7.0,1
PO-008555,111,7,6,2025-06-17,2025-07-19,2025-07-15,161,161,18,Short shelf life on arrival,6.75,6.82,1
PO-008556,111,7,7,2025-06-24,2025-07-26,2025-07-20,116,116,16,Short shelf life on arrival,6.75,6.9,1
PO-008557,111,7,10,2025-07-01,2025-08-02,2025-07-23,122,122,0,,6.75,6.94,1
PO-008558,111,7,2,2025-07-08,2025-08-09,2025-08-09,155,155,18,Temperature excursion in transit,6.75,6.92,1
PO-008559,111,7,5,2025-07-22,2025-08-23,2025-08-11,180,180,0,,6.75,6.99,1
PO-008560,111,7,5,2025-07-29,2025-08-30,2025-09-06,172,172,30,Temperature excursion in transit,6.75,6.84,1
PO-008561,111,7,7,2025-08-05,2025-09-06,2025-09-24,213,213,0,,6.75,6.9,1
PO-008562,111,7,8,2025-08-12,2025-09-13,2025-09-01,200,200,0,,6.75,7.11,1
PO-008563,111,7,10,2025-08-19,2025-09-20,2025-09-14,207,207,13,Documentation incomplete,6.75,6.9,1
PO-008564,111,7,2,2025-08-26,2025-09-27,2025-09-19,155,155,0,,6.75,6.94,1
PO-008565,111,7,6,2025-09-02,2025-10-04,2025-10-20,199,199,12,Failed spec check,6.75,7.01,1
PO-008566,111,7,5,2025-09-09,2025-10-11,2025-10-05,161,161,0,,6.75,7.08,1
PO-008567,111,7,6,2025-09-16,2025-10-18,2025-10-17,136,136,0,,6.75,6.98,1
PO-008568,111,7,1,2025-09-23,2025-10-25,2025-10-23,195,195,0,,6.75,7.02,1
PO-008569,111,7,5,2025-09-30,2025-11-01,2025-11-02,217,217,29,Failed spec check,6.75,7.01,1
PO-008570,111,7,5,2025-10-07,2025-11-08,2025-11-04,199,199,0,,6.75,7.05,1
PO-008571,111,7,5,2025-10-14,2025-11-15,2025-11-09,207,207,33,Failed spec check,6.75,7.01,1
PO-008572,111,7,2,2025-10-21,2025-11-22,2025-11-15,184,184,0,,6.75,7.01,1
PO-008573,111,7,5,2025-10-28,2025-11-29,2025-11-22,171,171,0,,6.75,6.96,1
PO-008574,111,7,4,2025-11-11,2025-12-13,2025-12-03,153,153,0,,6.75,7.01,1
PO-008575,111,7,7,2025-11-18,2025-12-20,2025-12-05,181,181,0,,6.75,6.88,1
PO-008576,111,7,7,2025-11-25,2025-12-27,2025-12-22,234,234,39,Short shelf life on arrival,6.75,6.8,1
PO-008577,111,7,8,2025-12-02,2026-01-03,2026-01-03,149,149,0,,6.75,6.93,1
PO-008578,111,7,6,2025-12-09,2026-01-10,2026-01-08,124,124,0,,6.75,6.94,1
PO-008579,111,7,8,2025-12-16,2026-01-17,2026-01-11,149,149,0,,6.75,6.81,1
PO-008580,111,7,2,2025-12-23,2026-01-24,2026-01-21,117,117,0,,6.75,6.95,1
PO-008581,111,7,8,2025-12-30,2026-01-31,2026-01-26,173,173,0,,6.75,6.94,1
PO-008582,111,7,2,2026-01-06,2026-02-07,2026-02-02,228,228,0,,6.75,6.92,1
PO-008583,111,7,4,2026-01-13,2026-02-14,2026-02-01,140,140,0,,6.75,7.03,1
PO-008584,111,7,1,2026-01-20,2026-02-21,2026-02-18,151,151,0,,6.75,7.11,1
PO-008585,111,7,4,2026-02-03,2026-03-07,2026-02-28,204,204,0,,6.75,6.89,1
PO-008586,111,7,10,2026-02-10,2026-03-14,2026-03-11,131,131,0,,6.75,7.01,1
PO-008587,111,7,5,2026-02-24,2026-03-28,2026-03-26,175,175,0,,6.75,6.97,1
PO-008588,111,7,10,2026-03-03,2026-04-04,2026-04-01,139,139,0,,6.75,6.88,1
PO-008589,111,7,4,2026-03-17,2026-04-18,2026-04-15,224,224,0,,6.75,7.06,1
PO-008590,111,7,1,2026-03-24,2026-04-25,2026-04-17,218,218,16,Damaged packaging,6.75,6.83,1
PO-008591,111,7,2,2026-03-31,2026-05-02,2026-04-18,208,208,0,,6.75,6.91,1
PO-008592,111,7,7,2026-04-07,2026-05-09,2026-04-27,105,105,0,,6.75,6.91,1
PO-008593,111,7,4,2026-04-14,2026-05-16,2026-05-12,205,205,0,,6.75,6.94,1
PO-008594,111,7,6,2026-04-21,2026-05-23,2026-05-16,176,176,0,,6.75,6.96,1
PO-008595,111,7,4,2026-04-28,2026-05-30,2026-05-28,207,207,0,,6.75,6.85,1
PO-008596,111,7,8,2026-05-05,2026-06-06,2026-05-26,152,152,0,,6.75,7.03,1
PO-008597,111,7,1,2026-05-12,2026-06-13,2026-06-21,259,259,0,,6.75,7.0,1
PO-008598,111,7,4,2026-05-19,2026-06-20,2026-06-13,212,212,0,,6.75,6.93,1
PO-008599,111,7,10,2026-05-26,2026-06-27,2026-06-19,121,121,0,,6.75,7.04,1
PO-008600,111,7,8,2026-06-02,2026-07-04,2026-07-04,181,181,19,Temperature excursion in transit,6.75,7.06,1
PO-008601,111,7,8,2026-06-09,2026-07-11,2026-07-03,160,160,0,,6.75,7.02,1
PO-008602,111,7,2,2026-06-23,2026-07-25,2026-07-15,229,229,38,Short shelf life on arrival,6.75,6.99,1
PO-008603,111,7,4,2026-06-30,2026-08-01,2026-07-23,128,125,0,,6.75,7.05,1
PO-008604,112,7,10,2025-01-07,2025-02-07,2025-02-19,100,100,0,,42.97,43.77,1
PO-008605,112,7,6,2025-01-14,2025-02-14,2025-02-14,100,100,14,Short shelf life on arrival,42.97,43.91,1
PO-008606,112,7,7,2025-01-21,2025-02-21,2025-02-09,100,100,0,,42.97,44.85,1
PO-008607,112,7,5,2025-01-28,2025-02-28,2025-02-24,100,100,0,,42.97,44.35,1
PO-008608,112,7,5,2025-03-11,2025-04-11,2025-04-02,100,100,3,Damaged packaging,42.97,44.59,1
PO-008609,112,7,10,2025-03-18,2025-04-18,2025-04-14,100,100,0,,42.97,44.46,1
PO-008610,112,7,10,2025-04-08,2025-05-09,2025-04-30,100,100,0,,42.97,43.51,1
PO-008611,112,7,2,2025-04-22,2025-05-23,2025-05-23,100,97,0,,42.97,44.37,1
PO-008612,112,7,1,2025-05-13,2025-06-13,2025-06-01,100,100,0,,42.97,43.96,1
PO-008613,112,7,1,2025-05-27,2025-06-27,2025-06-26,100,100,0,,42.97,44.17,1
PO-008614,112,7,5,2025-06-24,2025-07-25,2025-07-22,100,100,0,,42.97,44.42,1
PO-008615,112,7,1,2025-07-08,2025-08-08,2025-08-06,100,100,0,,42.97,44.72,1
PO-008616,112,7,7,2025-07-15,2025-08-15,2025-08-07,100,100,0,,42.97,44.08,1
PO-008617,112,7,7,2025-08-12,2025-09-12,2025-09-10,100,100,0,,42.97,44.71,1
PO-008618,112,7,1,2025-08-19,2025-09-19,2025-09-15,100,100,0,,42.97,43.86,1
PO-008619,112,7,8,2025-08-26,2025-09-26,2025-09-05,100,100,0,,42.97,44.21,1
PO-008620,112,7,4,2025-09-09,2025-10-10,2025-10-09,100,100,0,,42.97,44.21,1
PO-008621,112,7,6,2025-09-23,2025-10-24,2025-10-14,100,100,0,,42.97,44.29,1
PO-008622,112,7,2,2025-09-30,2025-10-31,2025-10-30,100,100,0,,42.97,43.51,1
PO-008623,112,7,2,2025-10-07,2025-11-07,2025-10-29,100,100,0,,42.97,44.46,1
PO-008624,112,7,2,2025-10-14,2025-11-14,2025-11-14,100,100,0,,42.97,44.03,1
PO-008625,112,7,7,2025-10-21,2025-11-21,2025-11-19,100,100,0,,42.97,44.4,1
PO-008626,112,7,7,2025-10-28,2025-11-28,2025-11-22,100,100,0,,42.97,45.6,1
PO-008627,112,7,5,2025-11-04,2025-12-05,2025-12-04,100,100,0,,42.97,44.05,1
PO-008628,112,7,7,2025-11-25,2025-12-26,2025-12-21,100,100,0,,42.97,43.87,1
PO-008629,112,7,4,2025-12-02,2026-01-02,2025-12-14,100,100,0,,42.97,44.23,1
PO-008630,112,7,10,2025-12-09,2026-01-09,2026-01-01,100,100,6,Temperature excursion in transit,42.97,44.18,1
PO-008631,112,7,10,2025-12-30,2026-01-30,2026-01-21,100,100,0,,42.97,44.16,1
PO-008632,112,7,8,2026-01-06,2026-02-06,2026-02-05,100,100,0,,42.97,44.54,1
PO-008633,112,7,6,2026-01-13,2026-02-13,2026-02-05,100,97,3,Temperature excursion in transit,42.97,43.8,1
PO-008634,112,7,10,2026-01-20,2026-02-20,2026-02-11,100,100,0,,42.97,42.97,1
PO-008635,112,7,4,2026-01-27,2026-02-27,2026-02-22,100,100,0,,42.97,44.24,1
PO-008636,112,7,6,2026-02-10,2026-03-13,2026-03-12,100,100,0,,42.97,44.49,1
PO-008637,112,7,6,2026-02-24,2026-03-27,2026-03-12,100,100,0,,42.97,45.22,1
PO-008638,112,7,2,2026-03-03,2026-04-03,2026-03-08,100,100,0,,42.97,44.22,1
PO-008639,112,7,6,2026-03-10,2026-04-10,2026-03-26,100,96,0,,42.97,44.59,1
PO-008640,112,7,1,2026-03-17,2026-04-17,2026-04-11,100,100,0,,42.97,43.95,1
PO-008641,112,7,5,2026-03-31,2026-05-01,2026-04-29,100,100,0,,42.97,43.59,1
PO-008642,112,7,2,2026-04-07,2026-05-08,2026-04-19,100,100,0,,42.97,44.09,1
PO-008643,112,7,5,2026-04-21,2026-05-22,2026-05-20,100,100,0,,42.97,44.51,1
PO-008644,112,7,2,2026-04-28,2026-05-29,2026-05-28,100,100,0,,42.97,44.35,1
PO-008645,112,7,8,2026-05-05,2026-06-05,2026-07-25,100,100,0,,42.97,43.88,1
PO-008646,112,7,1,2026-05-12,2026-06-12,2026-06-09,100,100,0,,42.97,44.44,1
PO-008647,112,7,5,2026-05-26,2026-06-26,2026-06-22,100,100,0,,42.97,44.26,1
PO-008648,112,7,5,2026-06-16,2026-07-17,2026-07-11,100,100,0,,42.97,44.41,1
PO-008649,112,7,8,2026-06-30,2026-07-31,2026-07-29,100,100,0,,42.97,45.34,1
PO-008650,112,17,6,2025-01-14,2025-01-30,2025-01-30,109,109,0,,41.55,41.76,0
PO-008651,112,17,10,2025-05-13,2025-05-29,2025-05-26,106,106,0,,41.55,41.74,0
PO-008652,112,17,5,2025-05-20,2025-06-05,2025-06-10,100,100,0,,41.55,41.54,0
PO-008653,112,17,7,2025-07-22,2025-08-07,2025-08-05,108,108,0,,41.55,41.41,0
PO-008654,112,17,1,2025-09-30,2025-10-16,2025-10-12,152,152,0,,41.55,41.66,0
PO-008655,112,17,4,2025-10-14,2025-10-30,2025-10-21,100,100,0,,41.55,42.35,0
PO-008656,112,17,7,2025-11-25,2025-12-11,2025-12-19,100,100,0,,41.55,41.86,0
PO-008657,112,17,10,2025-12-02,2025-12-18,2025-12-11,100,100,0,,41.55,42.06,0
PO-008658,112,17,1,2025-12-16,2026-01-01,2026-01-01,100,100,0,,41.55,41.03,0
PO-008659,112,17,8,2026-01-27,2026-02-12,2026-02-12,108,108,0,,41.55,41.64,0
PO-008660,112,17,7,2026-04-28,2026-05-14,2026-05-10,116,116,0,,41.55,41.5,0
PO-008661,112,17,4,2026-05-05,2026-05-21,2026-05-13,162,162,0,,41.55,42.18,0
PO-008662,112,17,7,2026-06-02,2026-06-18,2026-06-22,100,100,0,,41.55,41.79,0
PO-008663,113,4,5,2025-01-07,2025-01-17,2025-02-11,250,250,0,,285.95,297.18,1
PO-008664,113,4,2,2025-01-14,2025-01-24,2025-01-22,250,250,0,,285.95,293.81,1
PO-008665,113,4,2,2025-01-21,2025-01-31,2025-01-31,250,250,0,,285.95,292.77,1
PO-008666,113,4,8,2025-01-28,2025-02-07,2025-02-07,250,250,0,,285.95,297.27,1
PO-008667,113,4,6,2025-02-04,2025-02-14,2025-02-12,250,250,10,Damaged packaging,285.95,297.7,1
PO-008668,113,4,8,2025-02-11,2025-02-21,2025-02-19,250,250,0,,285.95,291.27,1
PO-008669,113,4,6,2025-02-18,2025-02-28,2025-02-26,250,250,0,,285.95,294.22,1
PO-008670,113,4,5,2025-02-25,2025-03-07,2025-03-06,250,250,0,,285.95,296.46,1
PO-008671,113,4,2,2025-03-04,2025-03-14,2025-03-13,250,250,0,,285.95,296.5,1
PO-008672,113,4,1,2025-03-11,2025-03-21,2025-03-21,250,250,0,,285.95,291.6,1
PO-008673,113,4,2,2025-03-18,2025-03-28,2025-03-26,250,250,0,,285.95,298.28,1
PO-008674,113,4,4,2025-03-25,2025-04-04,2025-04-02,250,250,0,,285.95,293.31,1
PO-008675,113,4,10,2025-04-01,2025-04-11,2025-04-10,250,250,0,,285.95,289.7,1
PO-008676,113,4,6,2025-04-08,2025-04-18,2025-04-15,250,234,0,,285.95,294.18,1
PO-008677,113,4,5,2025-04-15,2025-04-25,2025-04-25,250,250,0,,285.95,290.59,1
PO-008678,113,4,10,2025-04-22,2025-05-02,2025-04-28,250,250,0,,285.95,292.88,1
PO-008679,113,4,10,2025-04-29,2025-05-09,2025-05-05,250,250,0,,285.95,299.55,1
PO-008680,113,4,6,2025-05-06,2025-05-16,2025-05-15,250,250,0,,285.95,294.06,1
PO-008681,113,4,7,2025-05-13,2025-05-23,2025-05-22,250,250,0,,285.95,292.92,1
PO-008682,113,4,1,2025-05-20,2025-05-30,2025-05-27,250,250,0,,285.95,292.18,1
PO-008683,113,4,8,2025-05-27,2025-06-06,2025-06-11,250,250,0,,285.95,296.51,1
PO-008684,113,4,8,2025-06-03,2025-06-13,2025-06-24,250,250,0,,285.95,291.58,1
PO-008685,113,4,7,2025-06-10,2025-06-20,2025-06-17,250,250,0,,285.95,288.49,1
PO-008686,113,4,10,2025-06-17,2025-06-27,2025-06-26,250,250,0,,285.95,295.02,1
PO-008687,113,4,4,2025-06-24,2025-07-04,2025-07-01,250,250,0,,285.95,287.16,1
PO-008688,113,4,8,2025-07-01,2025-07-11,2025-07-09,250,250,0,,285.95,288.96,1
PO-008689,113,4,10,2025-07-08,2025-07-18,2025-07-17,250,235,0,,285.95,294.26,1
PO-008690,113,4,1,2025-07-15,2025-07-25,2025-07-30,250,250,0,,285.95,291.39,1
PO-008691,113,4,10,2025-07-22,2025-08-01,2025-07-31,250,250,0,,285.95,299.09,1
PO-008692,113,4,8,2025-07-29,2025-08-08,2025-08-22,250,250,0,,285.95,296.86,1
PO-008693,113,4,10,2025-08-05,2025-08-15,2025-08-15,250,243,0,,285.95,292.87,1
PO-008694,113,4,7,2025-08-12,2025-08-22,2025-08-22,250,250,12,Temperature excursion in transit,285.95,296.59,1
PO-008695,113,4,4,2025-08-19,2025-08-29,2025-08-27,250,250,0,,285.95,296.11,1
PO-008696,113,4,2,2025-08-26,2025-09-05,2025-09-02,250,250,0,,285.95,297.62,1
PO-008697,113,4,4,2025-09-02,2025-09-12,2025-09-12,250,242,0,,285.95,294.31,1
PO-008698,113,4,8,2025-09-09,2025-09-19,2025-09-18,250,250,0,,285.95,293.77,1
PO-008699,113,4,7,2025-09-16,2025-09-26,2025-09-22,250,239,0,,285.95,299.74,1
PO-008700,113,4,2,2025-09-23,2025-10-03,2025-10-02,250,235,0,,285.95,292.07,1
PO-008701,113,4,6,2025-09-30,2025-10-10,2025-10-09,250,250,0,,285.95,293.56,1
PO-008702,113,4,6,2025-10-07,2025-10-17,2025-11-06,250,250,0,,285.95,292.6,1
PO-008703,113,4,5,2025-10-14,2025-10-24,2025-10-23,250,250,0,,285.95,295.26,1
PO-008704,113,4,4,2025-10-21,2025-10-31,2025-10-29,250,250,0,,285.95,291.93,1
PO-008705,113,4,2,2025-10-28,2025-11-07,2025-11-04,250,238,0,,285.95,299.99,1
PO-008706,113,4,10,2025-11-04,2025-11-14,2025-11-14,250,250,15,Short shelf life on arrival,285.95,289.62,1
PO-008707,113,4,6,2025-11-11,2025-11-21,2025-12-12,250,250,13,Failed spec check,285.95,291.85,1
PO-008708,113,4,10,2025-11-18,2025-11-28,2025-11-26,250,250,13,Failed spec check,285.95,293.74,1
PO-008709,113,4,5,2025-11-25,2025-12-05,2025-12-03,250,250,11,Damaged packaging,285.95,297.53,1
PO-008710,113,4,8,2025-12-02,2025-12-12,2025-12-12,250,236,0,,285.95,294.16,1
PO-008711,113,4,5,2025-12-09,2025-12-19,2025-12-17,250,250,0,,285.95,291.93,1
PO-008712,113,4,5,2025-12-16,2025-12-26,2025-12-25,250,250,0,,285.95,290.61,1
PO-008713,113,4,4,2025-12-23,2026-01-02,2025-12-29,250,250,0,,285.95,293.92,1
PO-008714,113,4,2,2025-12-30,2026-01-09,2026-01-08,250,250,0,,285.95,293.74,1
PO-008715,113,4,5,2026-01-06,2026-01-16,2026-01-23,250,236,0,,285.95,297.21,1
PO-008716,113,4,1,2026-01-13,2026-01-23,2026-01-22,250,244,0,,285.95,288.97,1
PO-008717,113,4,4,2026-01-20,2026-01-30,2026-01-27,250,250,0,,285.95,298.5,1
PO-008718,113,4,2,2026-01-27,2026-02-06,2026-02-24,250,250,0,,285.95,293.17,1
PO-008719,113,4,5,2026-02-03,2026-02-13,2026-02-13,250,250,0,,285.95,293.89,1
PO-008720,113,4,6,2026-02-10,2026-02-20,2026-02-19,250,250,0,,285.95,290.98,1
PO-008721,113,4,10,2026-02-17,2026-02-27,2026-02-27,250,250,0,,285.95,297.67,1
PO-008722,113,4,10,2026-02-24,2026-03-06,2026-03-03,250,250,0,,285.95,296.45,1
PO-008723,113,4,7,2026-03-03,2026-03-13,2026-03-12,250,250,0,,285.95,293.5,1
PO-008724,113,4,8,2026-03-10,2026-03-20,2026-03-19,250,250,0,,285.95,287.12,1
PO-008725,113,4,8,2026-03-17,2026-03-27,2026-03-24,250,250,0,,285.95,296.51,1
PO-008726,113,4,8,2026-03-24,2026-04-03,2026-04-21,250,250,0,,285.95,292.09,1
PO-008727,113,4,4,2026-03-31,2026-04-10,2026-04-08,250,250,15,Temperature excursion in transit,285.95,292.22,1
PO-008728,113,4,4,2026-04-07,2026-04-17,2026-04-23,250,250,0,,285.95,293.89,1
PO-008729,113,4,1,2026-04-14,2026-04-24,2026-04-19,250,250,0,,285.95,295.38,1
PO-008730,113,4,8,2026-04-21,2026-05-01,2026-05-01,250,250,0,,285.95,296.37,1
PO-008731,113,4,8,2026-04-28,2026-05-08,2026-05-13,250,243,0,,285.95,296.19,1
PO-008732,113,4,10,2026-05-05,2026-05-15,2026-05-15,250,250,0,,285.95,296.85,1
PO-008733,113,4,2,2026-05-12,2026-05-22,2026-05-22,250,250,0,,285.95,295.05,1
PO-008734,113,4,6,2026-05-19,2026-05-29,2026-05-26,250,250,12,Short shelf life on arrival,285.95,294.89,1
PO-008735,113,4,1,2026-05-26,2026-06-05,2026-06-03,250,250,0,,285.95,291.74,1
PO-008736,113,4,5,2026-06-02,2026-06-12,2026-06-13,250,250,0,,285.95,293.58,1
PO-008737,113,4,7,2026-06-09,2026-06-19,2026-06-18,250,241,0,,285.95,293.32,1
PO-008738,113,4,6,2026-06-16,2026-06-26,2026-06-25,250,250,0,,285.95,293.02,1
PO-008739,113,4,2,2026-06-23,2026-07-03,2026-07-01,250,250,0,,285.95,296.37,1
PO-008740,113,4,5,2026-06-30,2026-07-10,2026-07-09,250,250,0,,285.95,292.65,1
PO-008741,114,10,8,2025-01-07,2025-02-11,2025-03-03,113,113,0,,125.64,125.12,1
PO-008742,114,10,8,2025-01-14,2025-02-18,2025-02-17,113,113,0,,125.64,123.53,1
PO-008743,114,10,8,2025-02-25,2025-04-01,2025-03-29,154,154,0,,125.64,123.94,1
PO-008744,114,10,1,2025-03-11,2025-04-15,2025-04-11,139,139,0,,125.64,124.56,1
PO-008745,114,10,5,2025-03-25,2025-04-29,2025-04-15,136,136,0,,125.64,125.09,1
PO-008746,114,10,1,2025-04-08,2025-05-13,2025-05-11,116,109,0,,125.64,125.5,1
PO-008747,114,10,5,2025-04-15,2025-05-20,2025-05-16,87,76,0,,125.64,122.84,1
PO-008748,114,10,2,2025-04-29,2025-06-03,2025-05-30,127,127,0,,125.64,123.09,1
PO-008749,114,10,10,2025-05-06,2025-06-10,2025-06-06,91,91,0,,125.64,123.93,1
PO-008750,114,10,4,2025-05-13,2025-06-17,2025-06-11,106,106,0,,125.64,124.26,1
PO-008751,114,10,1,2025-05-20,2025-06-24,2025-07-09,104,104,0,,125.64,124.56,1
PO-008752,114,10,1,2025-06-03,2025-07-08,2025-07-02,129,129,0,,125.64,123.34,1
PO-008753,114,10,1,2025-06-17,2025-07-22,2025-07-25,93,84,0,,125.64,122.45,1
PO-008754,114,10,7,2025-06-24,2025-07-29,2025-07-28,68,62,0,,125.64,124.41,1
PO-008755,114,10,8,2025-07-01,2025-08-05,2025-07-18,123,123,0,,125.64,123.57,1
PO-008756,114,10,4,2025-07-15,2025-08-19,2025-08-15,82,82,0,,125.64,124.29,1
PO-008757,114,10,7,2025-08-05,2025-09-09,2025-09-03,148,134,0,,125.64,124.56,1
PO-008758,114,10,1,2025-08-12,2025-09-16,2025-09-18,143,143,0,,125.64,123.39,1
PO-008759,114,10,6,2025-08-26,2025-09-30,2025-09-18,88,88,0,,125.64,124.98,1
PO-008760,114,10,2,2025-09-02,2025-10-07,2025-10-20,123,123,0,,125.64,124.38,1
PO-008761,114,10,6,2025-09-16,2025-10-21,2025-10-17,71,71,2,Temperature excursion in transit,125.64,125.2,1
PO-008762,114,10,2,2025-10-07,2025-11-11,2025-10-25,123,123,0,,125.64,124.71,1
PO-008763,114,10,7,2025-10-21,2025-11-25,2025-11-19,114,114,0,,125.64,123.69,1
PO-008764,114,10,10,2025-11-04,2025-12-09,2025-12-02,112,112,0,,125.64,124.86,1
PO-008765,114,10,5,2025-11-11,2025-12-16,2025-12-10,109,109,0,,125.64,125.87,1
PO-008766,114,10,1,2025-12-16,2026-01-20,2026-01-17,143,143,0,,125.64,126.44,1
PO-008767,114,10,2,2025-12-23,2026-01-27,2026-01-13,102,102,0,,125.64,124.33,1
PO-008768,114,10,2,2026-01-06,2026-02-10,2026-02-09,111,111,0,,125.64,125.65,1
PO-008769,114,10,1,2026-02-03,2026-03-10,2026-03-05,98,98,0,,125.64,124.56,1
PO-008770,114,10,8,2026-02-10,2026-03-17,2026-03-09,116,116,0,,125.64,121.19,1
PO-008771,114,10,4,2026-02-17,2026-03-24,2026-03-26,66,66,0,,125.64,124.39,1
PO-008772,114,10,4,2026-02-24,2026-03-31,2026-03-20,127,127,0,,125.64,124.48,1
PO-008773,114,10,7,2026-03-24,2026-04-28,2026-04-21,114,114,0,,125.64,124.85,1
PO-008774,114,10,1,2026-05-19,2026-06-23,2026-06-20,94,94,0,,125.64,124.11,1
PO-008775,114,10,1,2026-05-26,2026-06-30,2026-06-23,77,77,0,,125.64,124.93,1
PO-008776,114,10,1,2026-06-09,2026-07-14,2026-07-21,98,98,2,Temperature excursion in transit,125.64,122.76,1
PO-008777,114,10,2,2026-06-16,2026-07-21,2026-07-21,112,112,0,,125.64,125.72,1
PO-008778,114,19,5,2025-01-28,2025-03-07,2025-03-02,100,100,0,,120.58,122.41,0
PO-008779,114,19,8,2025-03-04,2025-04-11,2025-04-06,100,100,0,,120.58,121.8,0
PO-008780,114,19,1,2025-04-08,2025-05-16,2025-05-13,100,100,0,,120.58,120.91,0
PO-008781,114,19,5,2025-07-08,2025-08-15,2025-08-11,100,100,0,,120.58,120.85,0
PO-008782,114,19,6,2025-07-22,2025-08-29,2025-08-27,100,100,0,,120.58,123.61,0
PO-008783,114,19,1,2025-07-29,2025-09-05,2025-09-02,111,111,0,,120.58,119.39,0
PO-008784,114,19,2,2025-08-26,2025-10-03,2025-09-30,100,100,0,,120.58,121.54,0
PO-008785,114,19,5,2025-09-16,2025-10-24,2025-10-21,100,100,0,,120.58,118.66,0
PO-008786,114,19,8,2025-09-30,2025-11-07,2025-11-06,106,106,0,,120.58,120.44,0
PO-008787,114,19,6,2026-02-24,2026-04-03,2026-03-23,110,110,0,,120.58,122.43,0
PO-008788,114,19,8,2026-03-03,2026-04-10,2026-03-31,100,100,0,,120.58,121.19,0
PO-008789,114,19,7,2026-03-17,2026-04-24,2026-04-15,100,100,0,,120.58,118.83,0
PO-008790,114,19,8,2026-05-19,2026-06-26,2026-06-24,100,100,0,,120.58,121.56,0
PO-008791,114,19,2,2026-06-09,2026-07-17,2026-07-03,118,118,0,,120.58,119.83,0
PO-008792,114,19,5,2026-06-23,2026-07-31,2026-07-30,119,119,0,,120.58,120.04,0
PO-008793,114,20,2,2025-02-25,2025-04-02,2025-03-29,105,105,0,,126.87,128.6,0
PO-008794,114,20,6,2025-03-11,2025-04-16,2025-04-08,100,100,0,,126.87,127.81,0
PO-008795,114,20,7,2025-04-01,2025-05-07,2025-05-06,100,100,0,,126.87,130.59,0
PO-008796,114,20,4,2025-07-29,2025-09-03,2025-09-01,113,113,0,,126.87,130.02,0
PO-008797,114,20,1,2025-08-05,2025-09-10,2025-09-08,101,101,0,,126.87,130.66,0
PO-008798,114,20,2,2025-09-02,2025-10-08,2025-10-02,100,100,0,,126.87,130.97,0
PO-008799,114,20,4,2025-10-14,2025-11-19,2025-11-13,100,100,0,,126.87,131.72,0
PO-008800,114,20,2,2025-11-11,2025-12-17,2025-12-17,110,110,0,,126.87,130.58,0
PO-008801,114,20,2,2026-06-30,2026-08-05,2026-07-30,100,100,0,,126.87,129.97,0
PO-008802,114,17,4,2025-04-01,2025-04-17,2025-04-17,123,123,0,,136.98,139.98,0
PO-008803,114,17,5,2025-04-22,2025-05-08,2025-05-08,78,78,0,,136.98,134.89,0
PO-008804,114,17,7,2025-05-20,2025-06-05,2025-06-04,80,80,0,,136.98,135.95,0
PO-008805,114,17,7,2025-06-17,2025-07-03,2025-07-01,62,62,0,,136.98,137.44,0
PO-008806,114,17,5,2025-07-01,2025-07-17,2025-07-16,99,99,0,,136.98,140.21,0
PO-008807,114,17,1,2025-07-29,2025-08-14,2025-08-13,125,125,0,,136.98,136.31,0
PO-008808,114,17,10,2025-08-05,2025-08-21,2025-08-19,89,89,0,,136.98,136.24,0
PO-008809,114,17,8,2025-08-12,2025-08-28,2025-08-28,50,50,0,,136.98,138.05,0
PO-008810,114,17,8,2025-10-07,2025-10-23,2025-10-20,112,112,0,,136.98,137.98,0
PO-008811,114,17,2,2025-12-23,2026-01-08,2026-01-07,42,42,0,,136.98,134.24,0
PO-008812,114,17,6,2025-12-30,2026-01-15,2026-01-14,69,69,0,,136.98,138.76,0
PO-008813,114,17,1,2026-01-20,2026-02-05,2026-02-02,57,57,0,,136.98,137.88,0
PO-008814,114,17,2,2026-03-03,2026-03-19,2026-03-18,110,110,0,,136.98,137.86,0
PO-008815,114,17,1,2026-03-17,2026-04-02,2026-03-30,73,73,3,Failed spec check,136.98,137.64,0
PO-008816,114,17,6,2026-03-31,2026-04-16,2026-04-11,85,85,0,,136.98,137.99,0
PO-008817,114,17,7,2026-04-14,2026-04-30,2026-04-25,90,90,0,,136.98,135.28,0
PO-008818,114,17,8,2026-05-26,2026-06-11,2026-06-08,62,59,0,,136.98,136.68,0
PO-008819,114,17,8,2026-06-02,2026-06-18,2026-06-16,62,62,0,,136.98,136.39,0
PO-008820,114,17,10,2026-06-09,2026-06-25,2026-07-11,59,59,0,,136.98,138.29,0
PO-008821,114,17,4,2026-06-16,2026-07-02,2026-06-23,48,48,0,,136.98,134.52,0
PO-008822,115,23,7,2025-01-07,2025-01-18,2025-01-16,534,534,0,,16.37,17.44,1
PO-008823,115,23,1,2025-01-14,2025-01-25,2025-01-24,662,662,0,,16.37,17.59,1
PO-008824,115,23,7,2025-01-21,2025-02-01,2025-01-31,617,617,0,,16.37,17.44,1
PO-008825,115,23,3,2025-01-28,2025-02-08,2025-02-07,580,580,0,,16.37,17.62,1
PO-008826,115,23,3,2025-02-04,2025-02-15,2025-02-14,500,500,0,,16.37,17.34,1
PO-008827,115,23,7,2025-02-11,2025-02-22,2025-02-21,533,533,0,,16.37,17.32,1
PO-008828,115,23,10,2025-02-18,2025-03-01,2025-02-28,500,500,0,,16.37,17.57,1
PO-008829,115,23,4,2025-02-25,2025-03-08,2025-03-22,500,500,15,Short shelf life on arrival,16.37,17.37,1
PO-008830,115,23,3,2025-03-04,2025-03-15,2025-03-12,566,566,0,,16.37,17.61,1
PO-008831,115,23,5,2025-03-11,2025-03-22,2025-03-20,500,500,0,,16.37,17.84,1
PO-008832,115,23,5,2025-03-18,2025-03-29,2025-03-28,547,547,0,,16.37,17.55,1
PO-008833,115,23,5,2025-03-25,2025-04-05,2025-04-06,519,519,0,,16.37,17.51,1
PO-008834,115,23,9,2025-04-01,2025-04-12,2025-04-11,500,500,0,,16.37,17.19,1
PO-008835,115,23,5,2025-04-08,2025-04-19,2025-04-19,567,567,0,,16.37,17.44,1
PO-008836,115,23,7,2025-04-15,2025-04-26,2025-04-25,500,500,0,,16.37,17.48,1
PO-008837,115,23,5,2025-04-22,2025-05-03,2025-05-02,500,500,0,,16.37,17.45,1
PO-008838,115,23,9,2025-04-29,2025-05-10,2025-05-09,632,632,0,,16.37,17.35,1
PO-008839,115,23,9,2025-05-06,2025-05-17,2025-05-16,500,500,0,,16.37,17.31,1
PO-008840,115,23,3,2025-05-13,2025-05-24,2025-05-24,654,654,0,,16.37,17.52,1
PO-008841,115,23,9,2025-05-20,2025-05-31,2025-05-31,534,534,0,,16.37,17.4,1
PO-008842,115,23,1,2025-05-27,2025-06-07,2025-06-07,528,528,0,,16.37,17.29,1
PO-008843,115,23,7,2025-06-03,2025-06-14,2025-06-14,500,500,0,,16.37,17.28,1
PO-008844,115,23,5,2025-06-10,2025-06-21,2025-06-20,561,561,0,,16.37,17.46,1
PO-008845,115,23,3,2025-06-17,2025-06-28,2025-06-27,546,546,0,,16.37,17.41,1
PO-008846,115,23,10,2025-06-24,2025-07-05,2025-07-04,500,500,0,,16.37,17.62,1
PO-008847,115,23,4,2025-07-01,2025-07-12,2025-07-11,500,500,0,,16.37,17.43,1
PO-008848,115,23,5,2025-07-08,2025-07-19,2025-07-19,500,500,0,,16.37,17.14,1
PO-008849,115,23,7,2025-07-15,2025-07-26,2025-07-26,500,500,0,,16.37,17.42,1
PO-008850,115,23,1,2025-07-22,2025-08-02,2025-07-31,524,524,0,,16.37,17.07,1
PO-008851,115,23,3,2025-07-29,2025-08-09,2025-08-09,554,495,0,,16.37,17.33,1
PO-008852,115,23,7,2025-08-05,2025-08-16,2025-08-14,521,521,0,,16.37,17.58,1
PO-008853,115,23,7,2025-08-12,2025-08-23,2025-08-22,500,500,0,,16.37,17.61,1
PO-008854,115,23,5,2025-08-19,2025-08-30,2025-08-28,500,500,0,,16.37,17.29,1
PO-008855,115,23,5,2025-08-26,2025-09-06,2025-09-05,500,500,0,,16.37,17.54,1
PO-008856,115,23,9,2025-09-02,2025-09-13,2025-09-13,534,534,0,,16.37,17.48,1
PO-008857,115,23,9,2025-09-09,2025-09-20,2025-09-20,553,553,0,,16.37,17.48,1
PO-008858,115,23,1,2025-09-16,2025-09-27,2025-09-27,579,579,0,,16.37,17.42,1
PO-008859,115,23,4,2025-09-23,2025-10-04,2025-10-06,500,500,0,,16.37,17.52,1
PO-008860,115,23,9,2025-09-30,2025-10-11,2025-10-09,712,655,0,,16.37,17.17,1
PO-008861,115,23,7,2025-10-07,2025-10-18,2025-10-17,500,500,0,,16.37,17.47,1
PO-008862,115,23,3,2025-10-14,2025-10-25,2025-10-25,706,706,0,,16.37,17.45,1
PO-008863,115,23,7,2025-10-21,2025-11-01,2025-10-31,528,528,0,,16.37,17.02,1
PO-008864,115,23,9,2025-10-28,2025-11-08,2025-11-07,500,500,0,,16.37,17.73,1
PO-008865,115,23,5,2025-11-04,2025-11-15,2025-11-14,520,520,0,,16.37,17.3,1
PO-008866,115,23,10,2025-11-11,2025-11-22,2025-11-22,609,609,0,,16.37,17.4,1
PO-008867,115,23,1,2025-11-18,2025-11-29,2025-11-28,500,500,0,,16.37,17.26,1
PO-008868,115,23,3,2025-11-25,2025-12-06,2025-12-05,500,500,0,,16.37,17.51,1
PO-008869,115,23,9,2025-12-02,2025-12-13,2025-12-13,799,799,0,,16.37,17.41,1
PO-008870,115,23,9,2025-12-09,2025-12-20,2025-12-19,500,500,0,,16.37,17.59,1
PO-008871,115,23,1,2025-12-16,2025-12-27,2025-12-26,500,500,0,,16.37,17.48,1
PO-008872,115,23,4,2025-12-23,2026-01-03,2026-01-03,500,500,0,,16.37,17.41,1
PO-008873,115,23,5,2025-12-30,2026-01-10,2026-01-08,609,609,0,,16.37,17.2,1
PO-008874,115,23,1,2026-01-06,2026-01-17,2026-01-15,500,500,0,,16.37,17.62,1
PO-008875,115,23,10,2026-01-13,2026-01-24,2026-01-24,500,500,0,,16.37,17.25,1
PO-008876,115,23,1,2026-01-20,2026-01-31,2026-01-29,656,656,0,,16.37,17.4,1
PO-008877,115,23,7,2026-01-27,2026-02-07,2026-02-06,532,532,0,,16.37,17.34,1
PO-008878,115,23,7,2026-02-03,2026-02-14,2026-02-12,508,508,0,,16.37,17.24,1
PO-008879,115,23,4,2026-02-10,2026-02-21,2026-02-20,558,558,0,,16.37,17.34,1
PO-008880,115,23,4,2026-02-17,2026-02-28,2026-02-28,500,500,0,,16.37,17.34,1
PO-008881,115,23,9,2026-02-24,2026-03-07,2026-03-07,572,572,0,,16.37,17.71,1
PO-008882,115,23,9,2026-03-03,2026-03-14,2026-03-13,500,500,0,,16.37,17.43,1
PO-008883,115,23,3,2026-03-10,2026-03-21,2026-03-21,500,500,0,,16.37,17.48,1
PO-008884,115,23,5,2026-03-17,2026-03-28,2026-03-27,643,643,0,,16.37,17.53,1
PO-008885,115,23,1,2026-03-24,2026-04-04,2026-04-02,500,500,0,,16.37,17.53,1
PO-008886,115,23,4,2026-03-31,2026-04-11,2026-04-10,500,500,0,,16.37,17.33,1
PO-008887,115,23,4,2026-04-07,2026-04-18,2026-04-18,680,680,0,,16.37,17.69,1
PO-008888,115,23,5,2026-04-14,2026-04-25,2026-04-25,500,500,0,,16.37,17.6,1
PO-008889,115,23,4,2026-04-21,2026-05-02,2026-04-29,644,644,0,,16.37,17.6,1
PO-008890,115,23,7,2026-04-28,2026-05-09,2026-05-08,593,593,0,,16.37,17.32,1
PO-008891,115,23,7,2026-05-05,2026-05-16,2026-05-15,500,500,0,,16.37,17.29,1
PO-008892,115,23,7,2026-05-12,2026-05-23,2026-05-23,739,739,0,,16.37,17.46,1
PO-008893,115,23,10,2026-05-19,2026-05-30,2026-05-30,712,712,0,,16.37,17.48,1
PO-008894,115,23,1,2026-05-26,2026-06-06,2026-06-05,798,798,0,,16.37,17.39,1
PO-008895,115,23,9,2026-06-02,2026-06-13,2026-06-12,500,500,0,,16.37,17.51,1
PO-008896,115,23,10,2026-06-09,2026-06-20,2026-06-20,553,553,0,,16.37,17.62,1
PO-008897,115,23,7,2026-06-16,2026-06-27,2026-06-26,500,500,0,,16.37,17.49,1
PO-008898,115,23,10,2026-06-23,2026-07-04,2026-07-04,609,609,0,,16.37,17.45,1
PO-008899,115,23,3,2026-06-30,2026-07-11,2026-07-10,500,500,0,,16.37,17.27,1
PO-008900,116,14,8,2025-01-07,2025-02-07,2025-01-25,500,500,0,,6.01,6.32,0
PO-008901,116,14,8,2025-01-21,2025-02-21,2025-02-14,500,500,19,Temperature excursion in transit,6.01,6.18,0
PO-008902,116,14,7,2025-02-04,2025-03-07,2025-02-26,500,500,0,,6.01,6.29,0
PO-008903,116,14,4,2025-03-04,2025-04-04,2025-04-15,500,500,0,,6.01,6.33,0
PO-008904,116,14,5,2025-04-29,2025-05-30,2025-05-16,500,500,0,,6.01,6.3,0
PO-008905,116,14,8,2025-05-06,2025-06-06,2025-06-05,500,500,0,,6.01,6.25,0
PO-008906,116,14,2,2025-06-10,2025-07-11,2025-07-11,500,500,0,,6.01,6.34,0
PO-008907,116,14,5,2025-08-26,2025-09-26,2025-09-09,500,500,0,,6.01,6.42,0
PO-008908,116,14,4,2025-09-30,2025-10-31,2025-10-25,500,500,0,,6.01,6.33,0
PO-008909,116,14,5,2025-10-21,2025-11-21,2025-11-21,500,500,0,,6.01,6.3,0
PO-008910,116,14,6,2025-11-25,2025-12-26,2025-12-24,500,500,0,,6.01,6.32,0
PO-008911,116,14,1,2025-12-02,2026-01-02,2026-01-01,500,500,0,,6.01,6.37,0
PO-008912,116,14,4,2025-12-09,2026-01-09,2025-12-31,500,500,0,,6.01,6.25,0
PO-008913,116,14,4,2026-01-20,2026-02-20,2026-02-27,500,500,0,,6.01,6.42,0
PO-008914,116,14,7,2026-02-03,2026-03-06,2026-02-14,500,500,0,,6.01,6.28,0
PO-008915,116,14,8,2026-02-17,2026-03-20,2026-03-22,500,500,0,,6.01,6.36,0
PO-008916,116,14,5,2026-02-24,2026-03-27,2026-03-26,500,500,0,,6.01,6.28,0
PO-008917,116,14,7,2026-03-03,2026-04-03,2026-03-17,500,500,0,,6.01,6.33,0
PO-008918,116,14,7,2026-03-10,2026-04-10,2026-04-02,500,500,15,Failed spec check,6.01,6.21,0
PO-008919,116,14,8,2026-04-21,2026-05-22,2026-05-19,500,500,0,,6.01,6.39,0
PO-008920,116,14,6,2026-05-12,2026-06-12,2026-06-03,500,500,0,,6.01,6.41,0
PO-008921,116,14,6,2026-06-23,2026-07-24,2026-07-24,500,500,0,,6.01,6.34,0
PO-008922,116,14,7,2026-06-30,2026-07-31,2026-07-28,500,500,19,Failed spec check,6.01,6.29,0
PO-008923,116,1,7,2025-01-14,2025-02-01,2025-02-06,318,318,0,,5.85,5.9,1
PO-008924,116,1,1,2025-01-21,2025-02-08,2025-02-10,283,283,0,,5.85,5.93,1
PO-008925,116,1,1,2025-01-28,2025-02-15,2025-02-22,127,127,0,,5.85,5.84,1
PO-008926,116,1,5,2025-02-11,2025-03-01,2025-02-25,357,357,0,,5.85,5.86,1
PO-008927,116,1,4,2025-02-18,2025-03-08,2025-03-02,297,297,0,,5.85,5.93,1
PO-008928,116,1,5,2025-02-25,2025-03-15,2025-03-11,224,224,0,,5.85,5.9,1
PO-008929,116,1,6,2025-03-11,2025-03-29,2025-04-03,197,197,0,,5.85,5.95,1
PO-008930,116,1,8,2025-05-13,2025-05-31,2025-06-04,282,282,0,,5.85,5.98,1
PO-008931,116,1,1,2025-05-20,2025-06-07,2025-06-26,318,318,0,,5.85,5.95,1
PO-008932,116,1,1,2025-05-27,2025-06-14,2025-06-19,167,167,8,Failed spec check,5.85,5.86,1
PO-008933,116,1,1,2025-06-10,2025-06-28,2025-06-21,186,186,0,,5.85,5.85,1
PO-008934,116,1,7,2025-06-24,2025-07-12,2025-07-13,236,236,0,,5.85,6.0,1
PO-008935,116,1,7,2025-07-01,2025-07-19,2025-07-18,200,200,0,,5.85,5.92,1
PO-008936,116,1,6,2025-07-08,2025-07-26,2025-07-26,220,220,0,,5.85,5.86,1
PO-008937,116,1,8,2025-07-15,2025-08-02,2025-08-17,349,335,0,,5.85,5.92,1
PO-008938,116,1,6,2025-07-22,2025-08-09,2025-08-08,297,297,0,,5.85,5.92,1
PO-008939,116,1,1,2025-07-29,2025-08-16,2025-08-14,247,247,0,,5.85,5.89,1
PO-008940,116,1,2,2025-08-12,2025-08-30,2025-09-02,241,241,0,,5.85,5.8,1
PO-008941,116,1,5,2025-08-19,2025-09-06,2025-09-03,292,292,0,,5.85,5.86,1
PO-008942,116,1,10,2025-08-26,2025-09-13,2025-09-11,267,267,0,,5.85,5.83,1
PO-008943,116,1,7,2025-09-02,2025-09-20,2025-09-24,288,288,12,Documentation incomplete,5.85,5.95,1
PO-008944,116,1,2,2025-09-09,2025-09-27,2025-10-02,240,240,0,,5.85,5.93,1
PO-008945,116,1,1,2025-09-30,2025-10-18,2025-10-18,291,291,0,,5.85,5.86,1
PO-008946,116,1,10,2025-10-07,2025-10-25,2025-10-20,330,330,24,Damaged packaging,5.85,5.9,1
PO-008947,116,1,4,2025-10-14,2025-11-01,2025-11-02,285,285,0,,5.85,5.91,1
PO-008948,116,1,4,2025-11-04,2025-11-22,2025-11-20,279,279,0,,5.85,5.88,1
PO-008949,116,1,5,2025-11-11,2025-11-29,2025-11-28,279,270,0,,5.85,5.86,1
PO-008950,116,1,4,2025-11-18,2025-12-06,2025-12-07,149,149,0,,5.85,5.79,1
PO-008951,116,1,5,2025-11-25,2025-12-13,2025-12-11,293,293,0,,5.85,5.83,1
PO-008952,116,1,7,2025-12-09,2025-12-27,2025-12-28,355,355,0,,5.85,5.83,1
PO-008953,116,1,8,2025-12-16,2026-01-03,2025-12-31,320,320,0,,5.85,5.8,1
PO-008954,116,1,2,2025-12-23,2026-01-10,2026-01-10,129,129,0,,5.85,5.83,1
PO-008955,116,1,8,2026-01-06,2026-01-24,2026-01-23,225,225,0,,5.85,5.9,1
PO-008956,116,1,10,2026-01-13,2026-01-31,2026-01-30,291,291,0,,5.85,5.83,1
PO-008957,116,1,7,2026-01-20,2026-02-07,2026-02-06,311,311,0,,5.85,5.93,1
PO-008958,116,1,6,2026-01-27,2026-02-14,2026-03-03,309,309,0,,5.85,5.8,1
PO-008959,116,1,10,2026-02-03,2026-02-21,2026-02-16,288,288,56,Damaged packaging,5.85,5.81,1
PO-008960,116,1,7,2026-02-10,2026-02-28,2026-02-27,292,292,0,,5.85,5.92,1
PO-008961,116,1,4,2026-02-17,2026-03-07,2026-03-06,351,351,0,,5.85,5.91,1
PO-008962,116,1,4,2026-02-24,2026-03-14,2026-03-14,320,320,0,,5.85,5.83,1
PO-008963,116,1,10,2026-03-03,2026-03-21,2026-03-31,339,339,0,,5.85,5.92,1
PO-008964,116,1,4,2026-03-17,2026-04-04,2026-04-04,249,249,0,,5.85,5.94,1
PO-008965,116,1,2,2026-03-24,2026-04-11,2026-04-30,337,337,0,,5.85,5.95,1
PO-008966,116,1,8,2026-03-31,2026-04-18,2026-04-16,356,356,55,Documentation incomplete,5.85,5.95,1
PO-008967,116,1,6,2026-04-28,2026-05-16,2026-05-19,298,298,0,,5.85,5.88,1
PO-008968,116,1,4,2026-05-12,2026-05-30,2026-05-30,324,324,0,,5.85,5.92,1
PO-008969,116,1,2,2026-05-19,2026-06-06,2026-06-06,320,320,0,,5.85,5.88,1
PO-008970,116,1,1,2026-06-16,2026-07-04,2026-07-09,318,318,0,,5.85,5.86,1
PO-008971,116,1,2,2026-06-23,2026-07-11,2026-07-10,255,255,0,,5.85,5.82,1
PO-008972,117,12,5,2025-01-21,2025-01-31,2025-02-01,302,302,0,,14.33,13.99,0
PO-008973,117,12,7,2025-03-04,2025-03-14,2025-03-10,402,402,0,,14.33,13.76,0
PO-008974,117,12,6,2025-03-18,2025-03-28,2025-03-25,425,425,0,,14.33,13.88,0
PO-008975,117,12,6,2025-06-10,2025-06-20,2025-06-19,462,462,0,,14.33,14.08,0
PO-008976,117,12,10,2025-07-29,2025-08-08,2025-08-05,503,503,0,,14.33,13.83,0
PO-008977,117,12,10,2025-08-19,2025-08-29,2025-08-28,387,387,0,,14.33,13.83,0
PO-008978,117,12,5,2025-08-26,2025-09-05,2025-09-05,440,440,0,,14.33,14.18,0
PO-008979,117,12,10,2025-09-30,2025-10-10,2025-10-07,474,474,0,,14.33,13.99,0
PO-008980,117,12,10,2025-11-11,2025-11-21,2025-11-21,585,585,0,,14.33,13.94,0
PO-008981,117,12,8,2026-01-13,2026-01-23,2026-01-21,439,439,0,,14.33,13.88,0
PO-008982,117,12,10,2026-02-17,2026-02-27,2026-02-23,508,508,28,Temperature excursion in transit,14.33,13.7,0
PO-008983,117,12,2,2026-02-24,2026-03-06,2026-03-06,337,337,0,,14.33,13.92,0
PO-008984,117,12,8,2026-03-03,2026-03-13,2026-03-21,424,424,0,,14.33,13.91,0
PO-008985,117,12,2,2026-04-28,2026-05-08,2026-05-07,514,514,0,,14.33,13.95,0
PO-008986,117,12,4,2026-05-05,2026-05-15,2026-05-16,274,274,0,,14.33,14.15,0
PO-008987,117,12,8,2026-06-02,2026-06-12,2026-06-08,425,425,0,,14.33,13.7,0
PO-008988,117,14,8,2025-01-07,2025-02-06,2025-02-04,500,500,19,Temperature excursion in transit,11.48,12.03,1
PO-008989,117,14,1,2025-01-14,2025-02-13,2025-01-31,500,500,0,,11.48,12.01,1
PO-008990,117,14,10,2025-01-21,2025-02-20,2025-02-22,500,500,0,,11.48,12.14,1
PO-008991,117,14,4,2025-02-04,2025-03-06,2025-03-07,500,500,0,,11.48,12.08,1
PO-008992,117,14,5,2025-02-11,2025-03-13,2025-02-26,500,500,0,,11.48,12.08,1
PO-008993,117,14,2,2025-02-25,2025-03-27,2025-03-15,500,500,0,,11.48,12.13,1
PO-008994,117,14,4,2025-03-04,2025-04-03,2025-04-21,500,500,0,,11.48,12.17,1
PO-008995,117,14,4,2025-04-15,2025-05-15,2025-04-27,500,500,0,,11.48,12.11,1
PO-008996,117,14,8,2025-04-22,2025-05-22,2025-05-23,500,500,0,,11.48,12.17,1
PO-008997,117,14,7,2025-05-06,2025-06-05,2025-05-30,500,500,0,,11.48,11.97,1
PO-008998,117,14,1,2025-05-20,2025-06-19,2025-06-17,500,500,0,,11.48,12.18,1
PO-008999,117,14,8,2025-06-10,2025-07-10,2025-07-25,500,500,0,,11.48,12.33,1
PO-009000,117,14,4,2025-06-17,2025-07-17,2025-07-08,500,500,0,,11.48,12.07,1
PO-009001,117,14,4,2025-06-24,2025-07-24,2025-07-12,500,500,0,,11.48,11.89,1
PO-009002,117,14,10,2025-07-01,2025-07-31,2025-07-31,500,500,15,Short shelf life on arrival,11.48,12.25,1
PO-009003,117,14,7,2025-07-08,2025-08-07,2025-07-28,500,500,0,,11.48,12.07,1
PO-009004,117,14,10,2025-07-29,2025-08-28,2025-08-29,500,500,0,,11.48,11.97,1
PO-009005,117,14,1,2025-08-12,2025-09-11,2025-09-07,500,500,0,,11.48,12.27,1
PO-009006,117,14,1,2025-08-26,2025-09-25,2025-09-19,500,500,0,,11.48,12.03,1
PO-009007,117,14,5,2025-09-02,2025-10-02,2025-09-27,500,500,0,,11.48,12.04,1
PO-009008,117,14,10,2025-09-09,2025-10-09,2025-09-26,500,500,0,,11.48,12.27,1
PO-009009,117,14,8,2025-09-16,2025-10-16,2025-10-13,500,500,0,,11.48,12.12,1
PO-009010,117,14,5,2025-09-23,2025-10-23,2025-10-24,500,500,0,,11.48,12.16,1
PO-009011,117,14,2,2025-09-30,2025-10-30,2025-10-21,500,500,0,,11.48,11.95,1
PO-009012,117,14,2,2025-10-07,2025-11-06,2025-10-28,500,500,0,,11.48,12.12,1
PO-009013,117,14,4,2025-10-21,2025-11-20,2025-11-19,500,500,0,,11.48,12.01,1
PO-009014,117,14,7,2025-10-28,2025-11-27,2025-11-03,500,500,0,,11.48,12.0,1
PO-009015,117,14,5,2025-11-04,2025-12-04,2025-11-27,500,500,0,,11.48,12.19,1
PO-009016,117,14,7,2025-11-11,2025-12-11,2025-12-02,500,500,0,,11.48,12.12,1
PO-009017,117,14,1,2025-11-18,2025-12-18,2025-12-01,500,500,0,,11.48,12.04,1
PO-009018,117,14,4,2025-11-25,2025-12-25,2025-12-13,500,500,0,,11.48,12.18,1
PO-009019,117,14,2,2025-12-02,2026-01-01,2026-01-06,500,500,0,,11.48,11.86,1
PO-009020,117,14,8,2025-12-09,2026-01-08,2025-12-27,500,500,0,,11.48,12.2,1
PO-009021,117,14,4,2025-12-16,2026-01-15,2026-01-07,500,500,0,,11.48,12.14,1
PO-009022,117,14,5,2025-12-30,2026-01-29,2026-01-11,500,500,0,,11.48,12.17,1
PO-009023,117,14,10,2026-01-20,2026-02-19,2026-02-10,500,476,0,,11.48,12.09,1
PO-009024,117,14,7,2026-01-27,2026-02-26,2026-02-15,500,500,0,,11.48,12.13,1
PO-009025,117,14,7,2026-02-03,2026-03-05,2026-02-24,500,500,0,,11.48,12.05,1
PO-009026,117,14,7,2026-02-10,2026-03-12,2026-03-02,500,500,0,,11.48,11.93,1
PO-009027,117,14,4,2026-02-17,2026-03-19,2026-03-12,500,500,0,,11.48,12.07,1
PO-009028,117,14,2,2026-02-24,2026-03-26,2026-03-20,500,500,0,,11.48,11.87,1
PO-009029,117,14,2,2026-03-03,2026-04-02,2026-04-02,500,500,18,Short shelf life on arrival,11.48,12.13,1
PO-009030,117,14,7,2026-03-31,2026-04-30,2026-04-28,500,500,17,Short shelf life on arrival,11.48,11.99,1
PO-009031,117,14,8,2026-04-07,2026-05-07,2026-05-06,500,500,0,,11.48,12.12,1
PO-009032,117,14,7,2026-04-14,2026-05-14,2026-05-07,500,500,15,Temperature excursion in transit,11.48,12.03,1
PO-009033,117,14,7,2026-04-21,2026-05-21,2026-05-28,500,500,0,,11.48,12.1,1
PO-009034,117,14,8,2026-04-28,2026-05-28,2026-05-20,500,500,16,Failed spec check,11.48,12.02,1
PO-009035,117,14,4,2026-05-05,2026-06-04,2026-05-19,500,500,0,,11.48,12.01,1
PO-009036,117,14,5,2026-05-12,2026-06-11,2026-06-08,500,500,0,,11.48,12.23,1
PO-009037,117,14,10,2026-05-19,2026-06-18,2026-06-25,500,500,0,,11.48,11.98,1
PO-009038,117,14,5,2026-05-26,2026-06-25,2026-06-21,500,500,0,,11.48,12.18,1
PO-009039,117,14,2,2026-06-09,2026-07-09,2026-06-15,500,500,17,Damaged packaging,11.48,12.14,1
PO-009040,117,14,4,2026-06-16,2026-07-16,2026-07-15,500,500,0,,11.48,12.06,1
PO-009041,117,14,4,2026-06-30,2026-07-30,2026-07-22,500,500,0,,11.48,12.09,1
PO-009042,118,17,3,2025-01-07,2025-01-24,2025-01-23,1472,1472,0,,1.86,1.88,1
PO-009043,118,17,9,2025-01-14,2025-01-31,2025-01-24,1602,1602,0,,1.86,1.88,1
PO-009044,118,17,4,2025-01-21,2025-02-07,2025-02-04,1376,1376,0,,1.86,1.92,1
PO-009045,118,17,5,2025-01-28,2025-02-14,2025-02-13,1563,1563,0,,1.86,1.86,1
PO-009046,118,17,10,2025-02-04,2025-02-21,2025-02-18,1188,1188,0,,1.86,1.89,1
PO-009047,118,17,1,2025-02-11,2025-02-28,2025-02-21,1694,1555,0,,1.86,1.85,1
PO-009048,118,17,9,2025-02-18,2025-03-07,2025-03-01,1445,1445,0,,1.86,1.84,1
PO-009049,118,17,5,2025-02-25,2025-03-14,2025-03-12,1587,1587,0,,1.86,1.86,1
PO-009050,118,17,3,2025-03-04,2025-03-21,2025-03-18,1213,1213,93,Temperature excursion in transit,1.86,1.86,1
PO-009051,118,17,7,2025-03-11,2025-03-28,2025-03-28,857,857,0,,1.86,1.88,1
PO-009052,118,17,4,2025-03-18,2025-04-04,2025-04-03,1357,1357,0,,1.86,1.85,1
PO-009053,118,17,4,2025-03-25,2025-04-11,2025-04-07,1755,1599,0,,1.86,1.85,1
PO-009054,118,17,7,2025-04-01,2025-04-18,2025-04-18,1552,1552,0,,1.86,1.85,1
PO-009055,118,17,7,2025-04-08,2025-04-25,2025-04-19,948,876,0,,1.86,1.86,1
PO-009056,118,17,4,2025-04-15,2025-05-02,2025-05-01,1069,1069,0,,1.86,1.88,1
PO-009057,118,17,5,2025-04-22,2025-05-09,2025-05-08,1389,1389,0,,1.86,1.84,1
PO-009058,118,17,1,2025-04-29,2025-05-16,2025-05-12,1295,1221,0,,1.86,1.86,1
PO-009059,118,17,4,2025-05-06,2025-05-23,2025-05-21,1440,1440,0,,1.86,1.84,1
PO-009060,118,17,9,2025-05-13,2025-05-30,2025-05-29,1207,1207,0,,1.86,1.89,1
PO-009061,118,17,3,2025-05-20,2025-06-06,2025-06-01,1026,1026,0,,1.86,1.86,1
PO-009062,118,17,1,2025-05-27,2025-06-13,2025-06-12,862,862,0,,1.86,1.89,1
PO-009063,118,17,5,2025-06-03,2025-06-20,2025-06-14,1352,1352,42,Temperature excursion in transit,1.86,1.88,1
PO-009064,118,17,9,2025-06-10,2025-06-27,2025-06-25,1006,1006,0,,1.86,1.9,1
PO-009065,118,17,10,2025-06-17,2025-07-04,2025-06-28,1258,1258,52,Damaged packaging,1.86,1.86,1
PO-009066,118,17,9,2025-06-24,2025-07-11,2025-07-11,1776,1776,0,,1.86,1.88,1
PO-009067,118,17,9,2025-07-01,2025-07-18,2025-07-15,1072,1072,0,,1.86,1.85,1
PO-009068,118,17,5,2025-07-08,2025-07-25,2025-07-21,1371,1371,0,,1.86,1.85,1
PO-009069,118,17,5,2025-07-15,2025-08-01,2025-07-30,1315,1315,0,,1.86,1.86,1
PO-009070,118,17,5,2025-07-22,2025-08-08,2025-07-31,1106,1106,0,,1.86,1.88,1
PO-009071,118,17,4,2025-07-29,2025-08-15,2025-08-12,1102,1102,0,,1.86,1.86,1
PO-009072,118,17,9,2025-08-05,2025-08-22,2025-08-20,1417,1417,0,,1.86,1.86,1
PO-009073,118,17,7,2025-08-12,2025-08-29,2025-08-26,1337,1337,0,,1.86,1.86,1
PO-009074,118,17,7,2025-08-19,2025-09-05,2025-09-07,1219,1219,0,,1.86,1.86,1
PO-009075,118,17,9,2025-08-26,2025-09-12,2025-09-17,1159,1159,0,,1.86,1.88,1
PO-009076,118,17,3,2025-09-02,2025-09-19,2025-09-17,1220,1220,0,,1.86,1.88,1
PO-009077,118,17,4,2025-09-09,2025-09-26,2025-10-16,1585,1585,0,,1.86,1.92,1
PO-009078,118,17,3,2025-09-16,2025-10-03,2025-10-29,1045,1045,0,,1.86,1.81,1
PO-009079,118,17,4,2025-09-23,2025-10-10,2025-10-12,1712,1712,0,,1.86,1.88,1
PO-009080,118,17,10,2025-09-30,2025-10-17,2025-10-17,1463,1463,0,,1.86,1.9,1
PO-009081,118,17,5,2025-10-07,2025-10-24,2025-10-22,1366,1366,0,,1.86,1.87,1
PO-009082,118,17,10,2025-10-14,2025-10-31,2025-11-10,1397,1397,0,,1.86,1.85,1
PO-009083,118,17,3,2025-10-21,2025-11-07,2025-11-01,1544,1544,62,Short shelf life on arrival,1.86,1.89,1
PO-009084,118,17,5,2025-10-28,2025-11-14,2025-11-11,1774,1774,0,,1.86,1.85,1
PO-009085,118,17,10,2025-11-04,2025-11-21,2025-11-13,1525,1525,0,,1.86,1.84,1
PO-009086,118,17,9,2025-11-11,2025-11-28,2025-11-27,1290,1290,0,,1.86,1.88,1
PO-009087,118,17,3,2025-11-18,2025-12-05,2025-11-30,1800,1800,0,,1.86,1.86,1
PO-009088,118,17,10,2025-11-25,2025-12-12,2025-12-08,1309,1309,0,,1.86,1.88,1
PO-009089,118,17,5,2025-12-02,2025-12-19,2025-12-19,1358,1358,0,,1.86,1.86,1
PO-009090,118,17,5,2025-12-09,2025-12-26,2025-12-26,1410,1410,0,,1.86,1.87,1
PO-009091,118,17,9,2025-12-16,2026-01-02,2025-12-29,1508,1508,0,,1.86,1.9,1
PO-009092,118,17,3,2025-12-23,2026-01-09,2026-01-08,948,948,0,,1.86,1.85,1
PO-009093,118,17,10,2025-12-30,2026-01-16,2026-01-12,1201,1201,0,,1.86,1.88,1
PO-009094,118,17,5,2026-01-06,2026-01-23,2026-01-23,1326,1326,0,,1.86,1.89,1
PO-009095,118,17,1,2026-01-13,2026-01-30,2026-01-25,1113,1113,0,,1.86,1.85,1
PO-009096,118,17,1,2026-01-20,2026-02-06,2026-02-03,1425,1425,0,,1.86,1.89,1
PO-009097,118,17,3,2026-01-27,2026-02-13,2026-02-11,1478,1478,0,,1.86,1.85,1
PO-009098,118,17,10,2026-02-03,2026-02-20,2026-02-15,1537,1537,0,,1.86,1.87,1
PO-009099,118,17,10,2026-02-10,2026-02-27,2026-02-28,1240,1240,0,,1.86,1.89,1
PO-009100,118,17,9,2026-02-17,2026-03-06,2026-03-08,1404,1404,0,,1.86,1.84,1
PO-009101,118,17,5,2026-02-24,2026-03-13,2026-03-21,1065,1065,0,,1.86,1.88,1
PO-009102,118,17,10,2026-03-03,2026-03-20,2026-03-21,1170,1170,0,,1.86,1.89,1
PO-009103,118,17,1,2026-03-10,2026-03-27,2026-03-22,1528,1528,0,,1.86,1.87,1
PO-009104,118,17,10,2026-03-17,2026-04-03,2026-04-02,1451,1451,0,,1.86,1.88,1
PO-009105,118,17,5,2026-03-24,2026-04-10,2026-04-24,900,900,0,,1.86,1.88,1
PO-009106,118,17,10,2026-03-31,2026-04-17,2026-04-12,1389,1389,0,,1.86,1.89,1
PO-009107,118,17,3,2026-04-07,2026-04-24,2026-04-22,1318,1318,0,,1.86,1.85,1
PO-009108,118,17,7,2026-04-14,2026-05-01,2026-05-02,892,892,0,,1.86,1.87,1
PO-009109,118,17,7,2026-04-21,2026-05-08,2026-05-01,1340,1340,0,,1.86,1.83,1
PO-009110,118,17,1,2026-04-28,2026-05-15,2026-05-15,1143,1143,0,,1.86,1.85,1
PO-009111,118,17,9,2026-05-05,2026-05-22,2026-05-21,1165,1086,0,,1.86,1.89,1
PO-009112,118,17,7,2026-05-12,2026-05-29,2026-05-29,1067,1067,0,,1.86,1.84,1
PO-009113,118,17,9,2026-05-19,2026-06-05,2026-06-09,1320,1320,100,Short shelf life on arrival,1.86,1.9,1
PO-009114,118,17,1,2026-05-26,2026-06-12,2026-06-17,1684,1684,0,,1.86,1.85,1
PO-009115,118,17,1,2026-06-02,2026-06-19,2026-06-23,1544,1544,0,,1.86,1.91,1
PO-009116,118,17,10,2026-06-09,2026-06-26,2026-06-19,1162,1162,0,,1.86,1.92,1
PO-009117,118,17,3,2026-06-16,2026-07-03,2026-06-30,1709,1709,0,,1.86,1.87,1
PO-009118,118,17,1,2026-06-23,2026-07-10,2026-07-09,1414,1414,0,,1.86,1.86,1
PO-009119,118,17,3,2026-06-30,2026-07-17,2026-07-14,1717,1562,0,,1.86,1.88,1
PO-009120,119,15,1,2025-01-07,2025-02-17,2025-02-14,659,659,0,,1.78,1.77,0
PO-009121,119,15,2,2025-06-24,2025-08-04,2025-07-30,301,301,0,,1.78,1.77,0
PO-009122,119,15,1,2025-07-15,2025-08-25,2025-08-18,479,479,0,,1.78,1.76,0
PO-009123,119,15,4,2025-09-02,2025-10-13,2025-10-04,405,405,0,,1.78,1.77,0
PO-009124,119,15,2,2025-09-30,2025-11-10,2025-11-04,566,566,0,,1.78,1.77,0
PO-009125,119,15,6,2025-11-18,2025-12-29,2025-12-23,403,403,0,,1.78,1.78,0
PO-009126,119,16,2,2025-01-07,2025-02-07,2025-02-07,422,422,0,,2.11,2.03,1
PO-009127,119,16,10,2025-01-14,2025-02-14,2025-02-08,553,553,0,,2.11,2.05,1
PO-009128,119,16,8,2025-01-21,2025-02-21,2025-02-16,483,483,0,,2.11,2.04,1
PO-009129,119,16,1,2025-01-28,2025-02-28,2025-02-27,479,479,0,,2.11,2.04,1
PO-009130,119,16,2,2025-02-11,2025-03-14,2025-03-11,526,526,0,,2.11,2.05,1
PO-009131,119,16,7,2025-02-18,2025-03-21,2025-03-20,579,579,0,,2.11,2.05,1
PO-009132,119,16,6,2025-02-25,2025-03-28,2025-03-18,452,452,0,,2.11,2.07,1
PO-009133,119,16,1,2025-03-04,2025-04-04,2025-04-02,510,510,0,,2.11,2.1,1
PO-009134,119,16,4,2025-03-11,2025-04-11,2025-04-07,633,633,0,,2.11,2.03,1
PO-009135,119,16,4,2025-03-25,2025-04-25,2025-04-17,279,279,0,,2.11,2.08,1
PO-009136,119,16,2,2025-04-01,2025-05-02,2025-05-01,351,351,0,,2.11,2.07,1
PO-009137,119,16,4,2025-04-08,2025-05-09,2025-05-06,532,532,0,,2.11,2.1,1
PO-009138,119,16,7,2025-04-22,2025-05-23,2025-05-21,774,774,0,,2.11,2.02,1
PO-009139,119,16,7,2025-04-29,2025-05-30,2025-05-23,447,447,0,,2.11,2.08,1
PO-009140,119,16,8,2025-05-06,2025-06-06,2025-05-30,459,459,0,,2.11,2.06,1
PO-009141,119,16,8,2025-05-13,2025-06-13,2025-06-05,393,393,0,,2.11,2.08,1
PO-009142,119,16,7,2025-05-20,2025-06-20,2025-06-17,629,629,0,,2.11,2.08,1
PO-009143,119,16,2,2025-05-27,2025-06-27,2025-06-26,523,523,0,,2.11,2.08,1
PO-009144,119,16,2,2025-06-03,2025-07-04,2025-06-26,476,476,0,,2.11,2.06,1
PO-009145,119,16,1,2025-06-10,2025-07-11,2025-07-04,209,209,0,,2.11,2.02,1
PO-009146,119,16,2,2025-06-24,2025-07-25,2025-07-19,664,664,0,,2.11,2.03,1
PO-009147,119,16,8,2025-07-01,2025-08-01,2025-07-28,320,320,0,,2.11,2.04,1
PO-009148,119,16,1,2025-07-08,2025-08-08,2025-08-04,510,510,0,,2.11,2.1,1
PO-009149,119,16,8,2025-07-15,2025-08-15,2025-08-15,451,451,0,,2.11,2.03,1
PO-009150,119,16,6,2025-07-22,2025-08-22,2025-08-14,453,453,0,,2.11,2.02,1
PO-009151,119,16,1,2025-07-29,2025-08-29,2025-08-19,429,429,0,,2.11,2.03,1
PO-009152,119,16,8,2025-08-05,2025-09-05,2025-09-03,303,303,0,,2.11,2.05,1
PO-009153,119,16,5,2025-08-12,2025-09-12,2025-09-06,424,424,0,,2.11,2.08,1
PO-009154,119,16,8,2025-08-19,2025-09-19,2025-09-14,475,475,0,,2.11,2.03,1
PO-009155,119,16,1,2025-08-26,2025-09-26,2025-09-23,510,510,0,,2.11,2.06,1
PO-009156,119,16,5,2025-09-02,2025-10-03,2025-09-27,431,431,0,,2.11,2.03,1
PO-009157,119,16,4,2025-09-09,2025-10-10,2025-09-27,506,506,0,,2.11,2.06,1
PO-009158,119,16,7,2025-09-16,2025-10-17,2025-10-13,402,402,0,,2.11,2.07,1
PO-009159,119,16,4,2025-09-30,2025-10-31,2025-10-23,542,542,0,,2.11,2.05,1
PO-009160,119,16,5,2025-10-07,2025-11-07,2025-11-06,411,411,0,,2.11,2.07,1
PO-009161,119,16,10,2025-10-14,2025-11-14,2025-11-13,540,540,0,,2.11,2.07,1
PO-009162,119,16,2,2025-10-21,2025-11-21,2025-11-20,222,222,0,,2.11,2.09,1
PO-009163,119,16,1,2025-10-28,2025-11-28,2025-11-20,508,508,0,,2.11,2.06,1
PO-009164,119,16,10,2025-11-04,2025-12-05,2025-11-28,317,317,0,,2.11,2.1,1
PO-009165,119,16,4,2025-11-11,2025-12-12,2025-12-12,717,717,0,,2.11,2.06,1
PO-009166,119,16,5,2025-11-18,2025-12-19,2025-12-08,680,680,0,,2.11,2.04,1
PO-009167,119,16,10,2025-11-25,2025-12-26,2025-12-26,417,417,0,,2.11,2.06,1
PO-009168,119,16,5,2025-12-02,2026-01-02,2026-01-02,425,425,0,,2.11,2.06,1
PO-009169,119,16,7,2025-12-09,2026-01-09,2026-01-08,523,523,40,Short shelf life on arrival,2.11,2.05,1
PO-009170,119,16,6,2025-12-16,2026-01-16,2026-01-06,385,385,0,,2.11,2.05,1
PO-009171,119,16,6,2025-12-23,2026-01-23,2026-01-14,286,286,0,,2.11,2.03,1
PO-009172,119,16,6,2025-12-30,2026-01-30,2026-01-23,451,451,0,,2.11,2.05,1
PO-009173,119,16,7,2026-01-06,2026-02-06,2026-02-02,630,630,0,,2.11,2.03,1
PO-009174,119,16,5,2026-01-13,2026-02-13,2026-02-12,636,636,0,,2.11,2.05,1
PO-009175,119,16,7,2026-01-20,2026-02-20,2026-03-06,420,420,0,,2.11,2.04,1
PO-009176,119,16,5,2026-01-27,2026-02-27,2026-02-12,516,516,0,,2.11,2.05,1
PO-009177,119,16,2,2026-02-03,2026-03-06,2026-02-20,446,446,0,,2.11,2.05,1
PO-009178,119,16,7,2026-02-10,2026-03-13,2026-03-09,570,570,0,,2.11,2.1,1
PO-009179,119,16,6,2026-02-17,2026-03-20,2026-03-16,542,542,0,,2.11,2.08,1
PO-009180,119,16,5,2026-02-24,2026-03-27,2026-03-17,468,468,0,,2.11,2.07,1
PO-009181,119,16,2,2026-03-03,2026-04-03,2026-04-02,686,686,0,,2.11,2.06,1
PO-009182,119,16,8,2026-03-10,2026-04-10,2026-04-09,509,509,0,,2.11,2.07,1
PO-009183,119,16,6,2026-03-17,2026-04-17,2026-04-14,386,386,0,,2.11,2.04,1
PO-009184,119,16,7,2026-03-24,2026-04-24,2026-04-21,577,577,0,,2.11,2.07,1
PO-009185,119,16,1,2026-03-31,2026-05-01,2026-04-30,542,542,0,,2.11,2.08,1
PO-009186,119,16,6,2026-04-07,2026-05-08,2026-05-06,485,485,0,,2.11,2.07,1
PO-009187,119,16,7,2026-04-14,2026-05-15,2026-05-08,484,484,0,,2.11,2.07,1
PO-009188,119,16,4,2026-04-21,2026-05-22,2026-05-15,435,435,0,,2.11,2.07,1
PO-009189,119,16,8,2026-04-28,2026-05-29,2026-05-28,467,467,0,,2.11,2.06,1
PO-009190,119,16,10,2026-05-05,2026-06-05,2026-05-31,365,365,0,,2.11,2.09,1
PO-009191,119,16,10,2026-05-12,2026-06-12,2026-06-12,485,485,0,,2.11,2.05,1
PO-009192,119,16,7,2026-05-19,2026-06-19,2026-06-17,603,603,0,,2.11,2.02,1
PO-009193,119,16,8,2026-05-26,2026-06-26,2026-06-25,459,459,0,,2.11,2.09,1
PO-009194,119,16,7,2026-06-02,2026-07-03,2026-06-29,356,356,0,,2.11,2.07,1
PO-009195,119,16,7,2026-06-09,2026-07-10,2026-07-03,505,505,0,,2.11,2.1,1
PO-009196,119,16,2,2026-06-16,2026-07-17,2026-07-15,475,475,0,,2.11,2.08,1
PO-009197,119,16,10,2026-06-23,2026-07-24,2026-07-17,446,446,0,,2.11,2.02,1
PO-009198,119,16,6,2026-06-30,2026-07-31,2026-07-28,521,521,0,,2.11,2.07,1
PO-009199,120,10,8,2025-01-07,2025-02-10,2025-02-11,500,500,0,,6.78,6.8,0
PO-009200,120,10,1,2025-01-14,2025-02-17,2025-02-09,500,500,0,,6.78,6.77,0
PO-009201,120,10,2,2025-01-21,2025-02-24,2025-02-22,500,500,0,,6.78,6.73,0
PO-009202,120,10,10,2025-02-04,2025-03-10,2025-03-02,500,500,0,,6.78,6.74,0
PO-009203,120,10,8,2025-03-18,2025-04-21,2025-04-01,500,500,0,,6.78,6.69,0
PO-009204,120,10,10,2025-04-01,2025-05-05,2025-05-04,500,500,0,,6.78,6.75,0
PO-009205,120,10,7,2025-04-15,2025-05-19,2025-05-19,500,431,0,,6.78,6.79,0
PO-009206,120,10,2,2025-04-22,2025-05-26,2025-05-14,500,500,0,,6.78,6.73,0
PO-009207,120,10,8,2025-04-29,2025-06-02,2025-05-25,500,500,0,,6.78,6.74,0
PO-009208,120,10,6,2025-05-06,2025-06-09,2025-06-04,500,477,0,,6.78,6.74,0
PO-009209,120,10,2,2025-05-20,2025-06-23,2025-06-12,500,500,0,,6.78,6.66,0
PO-009210,120,10,2,2025-06-03,2025-07-07,2025-06-25,500,500,0,,6.78,6.68,0
PO-009211,120,10,6,2025-06-24,2025-07-28,2025-08-06,500,500,0,,6.78,6.77,0
PO-009212,120,10,10,2025-07-01,2025-08-04,2025-07-21,500,500,0,,6.78,6.64,0
PO-009213,120,10,1,2025-07-22,2025-08-25,2025-08-22,500,459,0,,6.78,6.8,0
PO-009214,120,10,6,2025-07-29,2025-09-01,2025-08-29,500,500,0,,6.78,6.75,0
PO-009215,120,10,6,2025-08-19,2025-09-22,2025-09-15,500,500,0,,6.78,6.63,0
PO-009216,120,10,8,2025-09-16,2025-10-20,2025-10-18,500,500,0,,6.78,6.77,0
PO-009217,120,10,5,2025-10-14,2025-11-17,2025-11-07,500,500,0,,6.78,6.78,0
PO-009218,120,10,2,2025-10-28,2025-12-01,2025-12-04,500,500,0,,6.78,6.8,0
PO-009219,120,10,4,2025-11-11,2025-12-15,2025-12-09,500,483,0,,6.78,6.74,0
PO-009220,120,10,4,2025-11-18,2025-12-22,2025-12-22,500,500,0,,6.78,6.58,0
PO-009221,120,10,8,2025-11-25,2025-12-29,2025-12-30,500,474,0,,6.78,6.7,0
PO-009222,120,10,2,2026-01-06,2026-02-09,2026-02-03,500,500,0,,6.78,6.7,0
PO-009223,120,10,6,2026-02-10,2026-03-16,2026-03-12,500,500,0,,6.78,6.7,0
PO-009224,120,10,10,2026-02-17,2026-03-23,2026-03-21,500,500,0,,6.78,6.63,0
PO-009225,120,10,10,2026-03-17,2026-04-20,2026-04-16,500,500,0,,6.78,6.65,0
PO-009226,120,10,7,2026-03-31,2026-05-04,2026-05-03,500,500,17,Temperature excursion in transit,6.78,6.78,0
PO-009227,120,10,4,2026-04-28,2026-06-01,2026-05-30,500,500,0,,6.78,6.62,0
PO-009228,120,10,8,2026-06-09,2026-07-13,2026-07-07,500,500,0,,6.78,6.67,0
PO-009229,120,10,1,2026-06-23,2026-07-27,2026-07-25,500,500,16,Short shelf life on arrival,6.78,6.65,0
PO-009230,120,13,4,2025-01-07,2025-01-23,2025-01-17,58,58,0,,7.38,7.68,1
PO-009231,120,13,7,2025-01-21,2025-02-06,2025-01-30,68,68,0,,7.38,7.58,1
PO-009232,120,13,10,2025-01-28,2025-02-13,2025-02-12,60,60,0,,7.38,7.66,1
PO-009233,120,13,2,2025-02-04,2025-02-20,2025-02-17,40,37,0,,7.38,7.75,1
PO-009234,120,13,8,2025-02-18,2025-03-06,2025-03-04,56,56,0,,7.38,7.73,1
PO-009235,120,13,8,2025-02-25,2025-03-13,2025-03-09,37,37,0,,7.38,7.59,1
PO-009236,120,13,2,2025-03-04,2025-03-20,2025-03-18,59,59,0,,7.38,7.8,1
PO-009237,120,13,1,2025-03-11,2025-03-27,2025-03-20,77,77,0,,7.38,7.55,1
PO-009238,120,13,6,2025-04-22,2025-05-08,2025-05-07,67,67,0,,7.38,7.79,1
PO-009239,120,13,2,2025-05-06,2025-05-22,2025-05-18,68,68,0,,7.38,7.68,1
PO-009240,120,13,10,2025-05-13,2025-05-29,2025-06-01,53,53,10,Damaged packaging,7.38,7.72,1
PO-009241,120,13,6,2025-05-20,2025-06-05,2025-06-05,54,54,0,,7.38,7.67,1
PO-009242,120,13,1,2025-05-27,2025-06-12,2025-06-09,75,75,0,,7.38,7.81,1
PO-009243,120,13,7,2025-06-03,2025-06-19,2025-06-14,55,55,0,,7.38,7.7,1
PO-009244,120,13,7,2025-06-10,2025-06-26,2025-06-23,52,52,0,,7.38,7.72,1
PO-009245,120,13,8,2025-06-24,2025-07-10,2025-07-08,55,55,0,,7.38,7.73,1
PO-009246,120,13,10,2025-07-15,2025-07-31,2025-08-01,48,48,0,,7.38,7.73,1
PO-009247,120,13,1,2025-07-22,2025-08-07,2025-08-08,53,53,0,,7.38,7.64,1
PO-009248,120,13,1,2025-07-29,2025-08-14,2025-08-06,68,63,0,,7.38,7.65,1
PO-009249,120,13,6,2025-08-05,2025-08-21,2025-08-25,72,72,0,,7.38,7.72,1
PO-009250,120,13,10,2025-08-12,2025-08-28,2025-08-29,46,46,0,,7.38,7.69,1
PO-009251,120,13,4,2025-08-26,2025-09-11,2025-09-06,55,55,0,,7.38,7.64,1
PO-009252,120,13,7,2025-09-02,2025-09-18,2025-09-17,42,42,0,,7.38,7.7,1
PO-009253,120,13,6,2025-09-09,2025-09-25,2025-09-21,54,54,0,,7.38,7.8,1
PO-009254,120,13,6,2025-09-16,2025-10-02,2025-09-30,59,59,0,,7.38,7.75,1
PO-009255,120,13,10,2025-09-23,2025-10-09,2025-10-17,48,48,0,,7.38,7.63,1
PO-009256,120,13,7,2025-09-30,2025-10-16,2025-10-09,75,75,0,,7.38,7.62,1
PO-009257,120,13,1,2025-10-21,2025-11-06,2025-11-02,62,62,0,,7.38,7.6,1
PO-009258,120,13,4,2025-10-28,2025-11-13,2025-11-08,59,59,0,,7.38,7.69,1
PO-009259,120,13,8,2025-11-04,2025-11-20,2025-11-26,50,50,0,,7.38,7.7,1
PO-009260,120,13,4,2025-11-11,2025-11-27,2025-11-25,79,69,0,,7.38,7.64,1
PO-009261,120,13,7,2025-11-25,2025-12-11,2025-12-13,25,25,0,,7.38,7.69,1
PO-009262,120,13,8,2025-12-09,2025-12-25,2025-12-29,33,33,0,,7.38,7.74,1
PO-009263,120,13,8,2025-12-16,2026-01-01,2025-12-28,52,52,0,,7.38,7.53,1
PO-009264,120,13,4,2025-12-23,2026-01-08,2026-01-09,53,53,0,,7.38,7.69,1
PO-009265,120,13,2,2025-12-30,2026-01-15,2026-01-20,68,68,0,,7.38,7.78,1
PO-009266,120,13,1,2026-01-20,2026-02-05,2026-01-28,59,59,0,,7.38,7.62,1
PO-009267,120,13,5,2026-01-27,2026-02-12,2026-02-12,77,77,0,,7.38,7.73,1
PO-009268,120,13,5,2026-02-03,2026-02-19,2026-02-22,63,63,0,,7.38,7.58,1
PO-009269,120,13,8,2026-02-10,2026-02-26,2026-02-24,49,49,0,,7.38,7.67,1
PO-009270,120,13,1,2026-02-17,2026-03-05,2026-02-27,77,77,0,,7.38,7.65,1
PO-009271,120,13,1,2026-02-24,2026-03-12,2026-03-10,45,45,0,,7.38,7.72,1
PO-009272,120,13,1,2026-03-03,2026-03-19,2026-03-19,51,51,0,,7.38,7.69,1
PO-009273,120,13,8,2026-03-10,2026-03-26,2026-03-21,54,54,0,,7.38,7.63,1
PO-009274,120,13,5,2026-03-17,2026-04-02,2026-03-30,57,57,0,,7.38,7.8,1
PO-009275,120,13,1,2026-03-31,2026-04-16,2026-04-15,55,55,0,,7.38,7.62,1
PO-009276,120,13,6,2026-04-07,2026-04-23,2026-04-23,52,52,0,,7.38,7.62,1
PO-009277,120,13,4,2026-04-21,2026-05-07,2026-05-03,53,53,0,,7.38,7.72,1
PO-009278,120,13,7,2026-04-28,2026-05-14,2026-05-10,51,51,0,,7.38,7.68,1
PO-009279,120,13,6,2026-05-12,2026-05-28,2026-05-26,38,38,0,,7.38,7.57,1
PO-009280,120,13,1,2026-05-19,2026-06-04,2026-05-30,51,51,0,,7.38,7.68,1
PO-009281,120,13,8,2026-06-09,2026-06-25,2026-06-27,61,61,2,Temperature excursion in transit,7.38,7.67,1
PO-009282,120,13,6,2026-06-16,2026-07-02,2026-06-29,42,42,0,,7.38,7.71,1
PO-009283,120,13,10,2026-06-30,2026-07-16,2026-07-13,33,33,0,,7.38,7.67,1
PO-009284,121,2,4,2025-01-07,2025-02-16,2025-01-30,253,253,0,,32.73,33.36,1
PO-009285,121,2,6,2025-01-14,2025-02-23,2025-02-17,250,250,0,,32.73,33.11,1
PO-009286,121,2,10,2025-01-21,2025-03-02,2025-02-12,250,250,0,,32.73,33.46,1
PO-009287,121,2,6,2025-02-04,2025-03-16,2025-03-13,250,250,0,,32.73,33.24,1
PO-009288,121,2,1,2025-02-11,2025-03-23,2025-03-22,250,250,0,,32.73,33.31,1
PO-009289,121,2,7,2025-02-18,2025-03-30,2025-03-27,263,263,0,,32.73,33.28,1
PO-009290,121,2,2,2025-03-04,2025-04-13,2025-04-10,250,229,0,,32.73,33.75,1
PO-009291,121,2,7,2025-03-11,2025-04-20,2025-04-19,257,257,0,,32.73,33.76,1
PO-009292,121,2,7,2025-03-18,2025-04-27,2025-04-20,250,250,0,,32.73,33.49,1
PO-009293,121,2,2,2025-03-25,2025-05-04,2025-05-02,250,250,0,,32.73,33.94,1
PO-009294,121,2,10,2025-04-08,2025-05-18,2025-05-10,250,225,0,,32.73,33.6,1
PO-009295,121,2,6,2025-04-15,2025-05-25,2025-05-30,250,229,0,,32.73,33.72,1
PO-009296,121,2,5,2025-04-22,2025-06-01,2025-05-19,250,250,0,,32.73,34.03,1
PO-009297,121,2,7,2025-05-13,2025-06-22,2025-06-07,250,250,0,,32.73,33.92,1
PO-009298,121,2,6,2025-05-27,2025-07-06,2025-06-29,250,250,0,,32.73,33.63,1
PO-009299,121,2,10,2025-06-03,2025-07-13,2025-07-19,250,250,0,,32.73,33.33,1
PO-009300,121,2,1,2025-06-10,2025-07-20,2025-07-19,250,250,0,,32.73,33.88,1
PO-009301,121,2,4,2025-06-17,2025-07-27,2025-07-09,250,250,0,,32.73,33.25,1
PO-009302,121,2,5,2025-07-01,2025-08-10,2025-08-08,250,250,0,,32.73,33.27,1
PO-009303,121,2,7,2025-07-08,2025-08-17,2025-08-08,250,227,40,Documentation incomplete,32.73,33.65,1
PO-009304,121,2,1,2025-07-22,2025-08-31,2025-08-29,250,250,0,,32.73,33.25,1
PO-009305,121,2,1,2025-08-12,2025-09-21,2025-09-16,250,250,0,,32.73,33.85,1
PO-009306,121,2,4,2025-08-19,2025-09-28,2025-09-21,250,250,0,,32.73,33.82,1
PO-009307,121,2,10,2025-08-26,2025-10-05,2025-10-04,250,250,0,,32.73,32.94,1
PO-009308,121,2,4,2025-09-02,2025-10-12,2025-10-06,250,250,0,,32.73,33.82,1
PO-009309,121,2,8,2025-09-16,2025-10-26,2025-10-15,257,257,0,,32.73,33.35,1
PO-009310,121,2,8,2025-09-23,2025-11-02,2025-11-01,250,250,0,,32.73,33.55,1
PO-009311,121,2,1,2025-09-30,2025-11-09,2025-11-03,250,250,0,,32.73,33.72,1
PO-009312,121,2,5,2025-10-07,2025-11-16,2025-11-03,259,259,0,,32.73,33.12,1
PO-009313,121,2,6,2025-10-14,2025-11-23,2025-11-12,250,250,0,,32.73,33.66,1
PO-009314,121,2,2,2025-11-04,2025-12-14,2025-12-02,250,250,0,,32.73,33.56,1
PO-009315,121,2,10,2025-11-11,2025-12-21,2025-12-06,250,250,0,,32.73,33.72,1
PO-009316,121,2,1,2025-11-18,2025-12-28,2025-12-17,250,250,0,,32.73,34.2,1
PO-009317,121,2,6,2025-11-25,2026-01-04,2026-01-03,250,250,0,,32.73,33.09,1
PO-009318,121,2,6,2025-12-09,2026-01-18,2026-01-18,250,250,0,,32.73,34.23,1
PO-009319,121,2,6,2025-12-16,2026-01-25,2026-01-21,250,250,0,,32.73,33.4,1
PO-009320,121,2,4,2025-12-23,2026-02-01,2026-01-27,250,250,0,,32.73,33.77,1
PO-009321,121,2,4,2025-12-30,2026-02-08,2026-01-26,250,250,0,,32.73,34.07,1
PO-009322,121,2,10,2026-01-06,2026-02-15,2026-02-05,251,251,0,,32.73,33.53,1
PO-009323,121,2,4,2026-01-13,2026-02-22,2026-02-25,286,286,0,,32.73,34.13,1
PO-009324,121,2,8,2026-02-03,2026-03-15,2026-03-01,250,250,0,,32.73,33.46,1
PO-009325,121,2,8,2026-02-10,2026-03-22,2026-04-01,260,260,0,,32.73,33.46,1
PO-009326,121,2,1,2026-02-17,2026-03-29,2026-03-24,250,250,0,,32.73,33.8,1
PO-009327,121,2,5,2026-02-24,2026-04-05,2026-03-19,255,255,0,,32.73,33.14,1
PO-009328,121,2,10,2026-03-03,2026-04-12,2026-04-10,250,250,0,,32.73,33.47,1
PO-009329,121,2,10,2026-03-17,2026-04-26,2026-05-01,250,250,0,,32.73,33.51,1
PO-009330,121,2,10,2026-03-31,2026-05-10,2026-04-06,250,250,0,,32.73,34.08,1
PO-009331,121,2,1,2026-04-21,2026-05-31,2026-05-25,250,238,0,,32.73,33.68,1
PO-009332,121,2,6,2026-04-28,2026-06-07,2026-06-07,250,238,0,,32.73,33.49,1
PO-009333,121,2,6,2026-05-19,2026-06-28,2026-06-13,250,250,0,,32.73,34.02,1
PO-009334,121,2,7,2026-05-26,2026-07-05,2026-07-04,250,250,0,,32.73,33.76,1
PO-009335,121,2,2,2026-06-02,2026-07-12,2026-07-10,250,250,0,,32.73,33.91,1
PO-009336,121,2,10,2026-06-16,2026-07-26,2026-07-19,277,277,0,,32.73,33.44,1
PO-009337,121,2,7,2026-06-23,2026-08-02,2026-07-26,250,250,0,,32.73,33.49,1
PO-009338,121,2,4,2026-06-30,2026-08-09,2026-07-11,284,284,0,,32.73,33.68,1
PO-009339,121,4,7,2025-01-14,2025-01-25,2025-01-24,500,500,0,,47.71,49.32,0
PO-009340,121,4,1,2025-01-21,2025-02-01,2025-01-31,500,500,0,,47.71,47.95,0
PO-009341,121,4,5,2025-02-04,2025-02-15,2025-02-15,500,500,0,,47.71,49.55,0
PO-009342,121,4,7,2025-02-25,2025-03-08,2025-03-05,500,500,0,,47.71,49.7,0
PO-009343,121,4,5,2025-04-29,2025-05-10,2025-05-09,500,500,0,,47.71,49.37,0
PO-009344,121,4,5,2025-06-03,2025-06-14,2025-06-13,500,474,0,,47.71,49.74,0
PO-009345,121,4,10,2025-06-17,2025-06-28,2025-07-18,500,500,0,,47.71,48.74,0
PO-009346,121,4,2,2025-09-02,2025-09-13,2025-09-11,500,500,0,,47.71,49.23,0
PO-009347,121,4,2,2025-09-30,2025-10-11,2025-10-10,500,500,0,,47.71,48.3,0
PO-009348,121,4,4,2025-11-04,2025-11-15,2025-11-13,500,500,0,,47.71,48.28,0
PO-009349,121,4,6,2025-11-25,2025-12-06,2025-12-04,500,475,0,,47.71,48.31,0
PO-009350,121,4,8,2025-12-09,2025-12-20,2025-12-19,500,500,0,,47.71,50.06,0
PO-009351,121,4,7,2025-12-16,2025-12-27,2025-12-26,500,500,0,,47.71,48.91,0
PO-009352,121,4,1,2026-02-03,2026-02-14,2026-02-13,500,500,0,,47.71,49.3,0
PO-009353,121,4,7,2026-02-10,2026-02-21,2026-02-21,500,500,0,,47.71,49.22,0
PO-009354,121,4,5,2026-04-14,2026-04-25,2026-05-07,500,500,0,,47.71,48.39,0
PO-009355,121,4,1,2026-04-28,2026-05-09,2026-05-08,500,500,0,,47.71,48.91,0
PO-009356,121,4,6,2026-05-05,2026-05-16,2026-05-18,500,500,0,,47.71,49.02,0
PO-009357,121,4,4,2026-05-19,2026-05-30,2026-05-30,500,500,0,,47.71,49.49,0
PO-009358,121,4,5,2026-06-16,2026-06-27,2026-06-26,500,500,0,,47.71,49.43,0
PO-009359,122,4,8,2025-01-21,2025-01-30,2025-02-06,826,826,0,,11.07,11.64,0
PO-009360,122,4,8,2025-01-28,2025-02-06,2025-02-03,840,840,0,,11.07,11.46,0
PO-009361,122,4,7,2025-02-18,2025-02-27,2025-02-25,1090,1090,0,,11.07,11.47,0
PO-009362,122,4,7,2025-03-18,2025-03-27,2025-03-26,913,913,0,,11.07,11.45,0
PO-009363,122,4,7,2025-03-25,2025-04-03,2025-04-03,560,538,0,,11.07,11.4,0
PO-009364,122,4,7,2025-05-13,2025-05-22,2025-05-23,1255,1255,0,,11.07,11.55,0
PO-009365,122,4,2,2025-05-20,2025-05-29,2025-06-04,1131,1131,0,,11.07,11.46,0
PO-009366,122,4,5,2025-06-17,2025-06-26,2025-06-25,957,957,49,Temperature excursion in transit,11.07,11.28,0
PO-009367,122,4,10,2025-06-24,2025-07-03,2025-06-30,932,932,0,,11.07,11.45,0
PO-009368,122,4,10,2025-07-08,2025-07-17,2025-07-14,928,928,39,Failed spec check,11.07,11.46,0
PO-009369,122,4,1,2025-07-22,2025-07-31,2025-08-11,892,855,0,,11.07,11.24,0
PO-009370,122,4,10,2025-07-29,2025-08-07,2025-08-07,722,702,0,,11.07,11.53,0
PO-009371,122,4,7,2025-09-16,2025-09-25,2025-09-25,1034,1034,0,,11.07,11.49,0
PO-009372,122,4,1,2025-10-28,2025-11-06,2025-11-03,958,958,0,,11.07,11.36,0
PO-009373,122,4,2,2025-12-02,2025-12-11,2025-12-08,715,715,0,,11.07,11.4,0
PO-009374,122,4,6,2026-01-20,2026-01-29,2026-01-28,522,522,0,,11.07,11.29,0
PO-009375,122,4,4,2026-02-24,2026-03-05,2026-03-04,898,898,0,,11.07,11.49,0
PO-009376,122,4,2,2026-03-03,2026-03-12,2026-03-14,833,833,0,,11.07,11.39,0
PO-009377,122,4,5,2026-03-24,2026-04-02,2026-04-01,478,462,0,,11.07,11.49,0
PO-009378,122,4,2,2026-04-07,2026-04-16,2026-04-16,996,996,0,,11.07,11.05,0
PO-009379,122,4,4,2026-04-21,2026-04-30,2026-04-29,938,938,0,,11.07,11.41,0
PO-009380,122,4,2,2026-06-02,2026-06-11,2026-06-07,948,948,0,,11.07,11.27,0
PO-009381,122,4,7,2026-06-09,2026-06-18,2026-07-01,763,763,47,Documentation incomplete,11.07,11.49,0
PO-009382,122,4,2,2026-06-16,2026-06-25,2026-06-24,930,930,0,,11.07,11.34,0
PO-009383,122,4,5,2026-06-23,2026-07-02,2026-06-30,1101,1101,0,,11.07,11.51,0
PO-009384,122,24,2,2025-01-07,2025-01-15,2025-01-18,878,878,0,,12.11,11.7,1
PO-009385,122,24,7,2025-01-21,2025-01-29,2025-01-28,1205,1205,0,,12.11,11.66,1
PO-009386,122,24,7,2025-02-25,2025-03-05,2025-03-04,980,980,0,,12.11,11.73,1
PO-009387,122,24,7,2025-04-15,2025-04-23,2025-04-22,959,959,0,,12.11,11.77,1
PO-009388,122,24,10,2025-04-22,2025-04-30,2025-04-29,888,888,0,,12.11,11.71,1
PO-009389,122,24,10,2025-05-06,2025-05-14,2025-05-13,1161,1161,0,,12.11,11.83,1
PO-009390,122,24,6,2025-06-03,2025-06-11,2025-06-09,1247,1247,0,,12.11,11.85,1
PO-009391,122,24,1,2025-06-10,2025-06-18,2025-06-15,996,996,0,,12.11,11.65,1
PO-009392,122,24,8,2025-07-08,2025-07-16,2025-07-15,797,797,26,Temperature excursion in transit,12.11,11.96,1
PO-009393,122,24,1,2025-07-22,2025-07-30,2025-08-04,905,905,0,,12.11,11.72,1
PO-009394,122,24,8,2025-08-26,2025-09-03,2025-09-02,448,448,0,,12.11,11.92,1
PO-009395,122,24,6,2025-09-16,2025-09-24,2025-09-23,846,846,0,,12.11,11.82,1
PO-009396,122,24,6,2025-09-30,2025-10-08,2025-10-07,869,869,0,,12.11,12.02,1
PO-009397,122,24,4,2025-10-07,2025-10-15,2025-10-14,1185,1185,0,,12.11,11.89,1
PO-009398,122,24,10,2025-10-14,2025-10-22,2025-10-21,752,752,103,Documentation incomplete,12.11,11.87,1
PO-009399,122,24,10,2025-10-28,2025-11-05,2025-11-04,514,514,0,,12.11,11.87,1
PO-009400,122,24,5,2025-11-04,2025-11-12,2025-11-09,766,766,0,,12.11,11.84,1
PO-009401,122,24,8,2025-11-18,2025-11-26,2025-11-25,780,780,0,,12.11,12.14,1
PO-009402,122,24,6,2025-11-25,2025-12-03,2025-12-02,1103,1103,0,,12.11,11.9,1
PO-009403,122,24,6,2025-12-30,2026-01-07,2026-01-05,892,854,0,,12.11,11.69,1
PO-009404,122,24,4,2026-01-13,2026-01-21,2026-01-19,1056,1056,46,Temperature excursion in transit,12.11,11.83,1
PO-009405,122,24,4,2026-01-27,2026-02-04,2026-02-04,877,851,0,,12.11,11.87,1
PO-009406,122,24,5,2026-02-03,2026-02-11,2026-02-20,772,772,0,,12.11,11.68,1
PO-009407,122,24,8,2026-02-10,2026-02-18,2026-02-18,1053,1053,0,,12.11,11.98,1
PO-009408,122,24,5,2026-02-17,2026-02-25,2026-02-23,1002,1002,0,,12.11,11.8,1
PO-009409,122,24,1,2026-03-31,2026-04-08,2026-04-11,900,900,0,,12.11,11.99,1
PO-009410,122,24,5,2026-04-07,2026-04-15,2026-04-14,821,821,0,,12.11,11.9,1
PO-009411,122,24,4,2026-04-14,2026-04-22,2026-04-20,954,954,0,,12.11,11.9,1
PO-009412,122,24,4,2026-04-21,2026-04-29,2026-04-28,1015,1015,0,,12.11,11.65,1
PO-009413,122,24,1,2026-04-28,2026-05-06,2026-05-31,883,883,0,,12.11,12.01,1
PO-009414,122,24,8,2026-05-12,2026-05-20,2026-05-20,1054,1054,0,,12.11,11.71,1
PO-009415,122,24,10,2026-05-19,2026-05-27,2026-05-25,744,744,0,,12.11,11.71,1
PO-009416,122,24,7,2026-06-16,2026-06-24,2026-06-23,754,754,0,,12.11,11.85,1
PO-009417,122,24,2,2026-06-30,2026-07-08,2026-07-19,946,922,0,,12.11,11.8,1
PO-009418,122,8,2,2025-01-07,2025-02-15,2025-02-04,646,646,0,,11.05,11.71,0
PO-009419,122,8,6,2025-03-25,2025-05-03,2025-04-30,582,582,0,,11.05,11.8,0
PO-009420,122,8,10,2025-05-27,2025-07-05,2025-06-24,673,673,0,,11.05,11.63,0
PO-009421,122,8,5,2025-09-02,2025-10-11,2025-09-30,528,528,28,Damaged packaging,11.05,11.8,0
PO-009422,122,8,2,2025-10-21,2025-11-29,2025-11-13,580,580,0,,11.05,11.69,0
PO-009423,122,8,2,2025-12-09,2026-01-17,2026-01-14,664,664,20,Damaged packaging,11.05,11.71,0
PO-009424,122,8,5,2026-01-06,2026-02-14,2026-02-12,941,907,0,,11.05,11.81,0
PO-009425,122,8,10,2026-03-17,2026-04-25,2026-04-02,783,783,0,,11.05,11.81,0
PO-009426,122,8,10,2026-04-28,2026-06-06,2026-06-06,899,899,0,,11.05,11.81,0
PO-009427,122,8,2,2026-06-09,2026-07-18,2026-07-07,529,529,0,,11.05,11.64,0
PO-009428,123,2,5,2025-01-07,2025-02-17,2025-02-10,500,500,0,,92.93,96.07,1
PO-009429,123,2,2,2025-01-14,2025-02-24,2025-02-17,500,478,0,,92.93,94.5,1
PO-009430,123,2,7,2025-01-21,2025-03-03,2025-02-13,500,471,0,,92.93,95.99,1
PO-009431,123,2,7,2025-01-28,2025-03-10,2025-03-08,500,500,0,,92.93,94.54,1
PO-009432,123,2,8,2025-02-04,2025-03-17,2025-03-15,500,500,0,,92.93,94.75,1
PO-009433,123,2,5,2025-02-11,2025-03-24,2025-03-12,500,454,0,,92.93,94.92,1
PO-009434,123,2,2,2025-02-18,2025-03-31,2025-03-17,500,500,0,,92.93,95.81,1
PO-009435,123,2,4,2025-02-25,2025-04-07,2025-04-06,500,500,0,,92.93,93.33,1
PO-009436,123,2,6,2025-03-04,2025-04-14,2025-04-05,500,500,0,,92.93,93.61,1
PO-009437,123,2,1,2025-03-11,2025-04-21,2025-04-07,500,500,0,,92.93,94.48,1
PO-009438,123,2,8,2025-03-18,2025-04-28,2025-04-09,500,500,0,,92.93,95.63,1
PO-009439,123,2,2,2025-03-25,2025-05-05,2025-04-24,500,500,26,Short shelf life on arrival,92.93,95.93,1
PO-009440,123,2,5,2025-04-01,2025-05-12,2025-04-28,500,500,0,,92.93,97.63,1
PO-009441,123,2,2,2025-04-08,2025-05-19,2025-04-26,500,500,0,,92.93,94.84,1
PO-009442,123,2,6,2025-04-15,2025-05-26,2025-05-17,500,500,0,,92.93,95.65,1
PO-009443,123,2,1,2025-04-22,2025-06-02,2025-05-28,500,477,0,,92.93,96.78,1
PO-009444,123,2,7,2025-04-29,2025-06-09,2025-06-07,500,500,0,,92.93,95.04,1
PO-009445,123,2,7,2025-05-06,2025-06-16,2025-06-10,500,500,0,,92.93,94.79,1
PO-009446,123,2,1,2025-05-13,2025-06-23,2025-06-14,500,489,0,,92.93,96.43,1
PO-009447,123,2,7,2025-05-20,2025-06-30,2025-06-30,500,500,0,,92.93,94.4,1
PO-009448,123,2,8,2025-05-27,2025-07-07,2025-07-12,500,500,0,,92.93,94.5,1
PO-009449,123,2,4,2025-06-03,2025-07-14,2025-07-13,500,500,0,,92.93,94.34,1
PO-009450,123,2,4,2025-06-10,2025-07-21,2025-07-19,500,500,0,,92.93,95.46,1
PO-009451,123,2,6,2025-06-17,2025-07-28,2025-07-15,500,486,0,,92.93,94.25,1
PO-009452,123,2,8,2025-06-24,2025-08-04,2025-07-13,500,480,0,,92.93,95.11,1
PO-009453,123,2,4,2025-07-01,2025-08-11,2025-07-31,500,500,0,,92.93,95.78,1
PO-009454,123,2,4,2025-07-08,2025-08-18,2025-08-08,500,500,0,,92.93,94.36,1
PO-009455,123,2,10,2025-07-15,2025-08-25,2025-07-31,500,500,0,,92.93,95.13,1
PO-009456,123,2,6,2025-07-22,2025-09-01,2025-08-28,500,500,0,,92.93,93.68,1
PO-009457,123,2,1,2025-07-29,2025-09-08,2025-09-03,500,500,0,,92.93,96.31,1
PO-009458,123,2,4,2025-08-05,2025-09-15,2025-09-13,500,500,0,,92.93,94.77,1
PO-009459,123,2,5,2025-08-12,2025-09-22,2025-10-04,500,500,0,,92.93,94.41,1
PO-009460,123,2,10,2025-08-19,2025-09-29,2025-09-16,500,453,0,,92.93,95.4,1
PO-009461,123,2,2,2025-08-26,2025-10-06,2025-09-26,500,500,0,,92.93,95.06,1
PO-009462,123,2,2,2025-09-02,2025-10-13,2025-10-12,500,500,0,,92.93,95.42,1
PO-009463,123,2,4,2025-09-09,2025-10-20,2025-10-09,500,500,0,,92.93,95.66,1
PO-009464,123,2,7,2025-09-16,2025-10-27,2025-10-14,500,500,0,,92.93,94.66,1
PO-009465,123,2,2,2025-09-23,2025-11-03,2025-10-31,500,500,0,,92.93,95.0,1
PO-009466,123,2,2,2025-09-30,2025-11-10,2025-11-08,500,475,0,,92.93,95.18,1
PO-009467,123,2,6,2025-10-07,2025-11-17,2025-11-13,500,500,0,,92.93,96.26,1
PO-009468,123,2,5,2025-10-14,2025-11-24,2025-11-20,500,500,0,,92.93,95.81,1
PO-009469,123,2,10,2025-10-21,2025-12-01,2025-12-01,500,472,0,,92.93,96.05,1
PO-009470,123,2,2,2025-10-28,2025-12-08,2025-11-17,500,500,0,,92.93,95.13,1
PO-009471,123,2,8,2025-11-04,2025-12-15,2025-11-20,500,500,0,,92.93,96.03,1
PO-009472,123,2,8,2025-11-11,2025-12-22,2025-11-23,500,500,0,,92.93,96.55,1
PO-009473,123,2,6,2025-11-18,2025-12-29,2025-12-26,500,500,0,,92.93,94.18,1
PO-009474,123,2,5,2025-11-25,2026-01-05,2025-12-11,500,500,0,,92.93,95.53,1
PO-009475,123,2,5,2025-12-02,2026-01-12,2026-01-08,500,500,0,,92.93,95.13,1
PO-009476,123,2,6,2025-12-09,2026-01-19,2026-01-07,500,478,0,,92.93,95.93,1
PO-009477,123,2,10,2025-12-16,2026-01-26,2026-01-23,500,500,0,,92.93,93.95,1
PO-009478,123,2,5,2025-12-23,2026-02-02,2026-02-08,500,500,0,,92.93,94.65,1
PO-009479,123,2,6,2025-12-30,2026-02-09,2026-01-29,500,500,0,,92.93,95.49,1
PO-009480,123,2,8,2026-01-06,2026-02-16,2026-02-06,500,449,0,,92.93,94.06,1
PO-009481,123,2,1,2026-01-13,2026-02-23,2026-02-22,500,488,0,,92.93,96.15,1
PO-009482,123,2,2,2026-01-20,2026-03-02,2026-02-27,500,500,0,,92.93,93.83,1
PO-009483,123,2,2,2026-01-27,2026-03-09,2026-02-27,500,500,0,,92.93,96.41,1
PO-009484,123,2,1,2026-02-03,2026-03-16,2026-03-12,500,500,0,,92.93,94.77,1
PO-009485,123,2,2,2026-02-10,2026-03-23,2026-03-18,500,500,0,,92.93,94.01,1
PO-009486,123,2,7,2026-02-17,2026-03-30,2026-03-19,500,500,0,,92.93,94.99,1
PO-009487,123,2,10,2026-02-24,2026-04-06,2026-03-30,500,500,0,,92.93,95.14,1
PO-009488,123,2,6,2026-03-03,2026-04-13,2026-04-02,500,500,0,,92.93,94.23,1
PO-009489,123,2,4,2026-03-10,2026-04-20,2026-04-11,500,500,0,,92.93,95.13,1
PO-009490,123,2,10,2026-03-17,2026-04-27,2026-04-21,500,500,85,Failed spec check,92.93,94.97,1
PO-009491,123,2,7,2026-03-24,2026-05-04,2026-04-26,500,465,0,,92.93,93.9,1
PO-009492,123,2,10,2026-03-31,2026-05-11,2026-05-05,500,500,0,,92.93,94.95,1
PO-009493,123,2,10,2026-04-07,2026-05-18,2026-05-11,500,500,0,,92.93,94.79,1
PO-009494,123,2,4,2026-04-14,2026-05-25,2026-05-24,500,500,0,,92.93,95.17,1
PO-009495,123,2,5,2026-04-21,2026-06-01,2026-05-09,500,500,82,Short shelf life on arrival,92.93,94.96,1
PO-009496,123,2,7,2026-04-28,2026-06-08,2026-06-01,500,500,15,Temperature excursion in transit,92.93,95.3,1
PO-009497,123,2,8,2026-05-05,2026-06-15,2026-06-12,500,500,0,,92.93,94.03,1
PO-009498,123,2,4,2026-05-12,2026-06-22,2026-06-15,500,500,0,,92.93,96.73,1
PO-009499,123,2,2,2026-05-19,2026-06-29,2026-06-23,500,500,0,,92.93,96.21,1
PO-009500,123,2,1,2026-05-26,2026-07-06,2026-06-12,500,500,0,,92.93,95.21,1
PO-009501,123,2,7,2026-06-02,2026-07-13,2026-07-11,500,500,0,,92.93,94.1,1
PO-009502,123,2,2,2026-06-09,2026-07-20,2026-06-21,500,500,0,,92.93,96.59,1
PO-009503,123,2,7,2026-06-16,2026-07-27,2026-07-24,500,500,0,,92.93,93.91,1
PO-009504,123,2,10,2026-06-23,2026-08-03,2026-07-10,500,500,0,,92.93,96.11,1
PO-009505,123,2,1,2026-06-30,2026-08-10,2026-07-26,500,465,0,,92.93,94.22,1
PO-009506,124,4,2,2025-01-28,2025-02-10,2025-02-13,636,617,19,Short shelf life on arrival,19.28,19.76,0
PO-009507,124,4,6,2025-02-11,2025-02-24,2025-02-23,491,491,0,,19.28,19.35,0
PO-009508,124,4,4,2025-04-08,2025-04-21,2025-04-20,612,612,0,,19.28,19.93,0
PO-009509,124,4,7,2025-05-13,2025-05-26,2025-05-22,436,436,0,,19.28,19.94,0
PO-009510,124,4,8,2025-05-27,2025-06-09,2025-06-09,551,551,0,,19.28,19.88,0
PO-009511,124,4,8,2025-06-10,2025-06-23,2025-06-22,606,606,36,Failed spec check,19.28,19.8,0
PO-009512,124,4,10,2025-06-17,2025-06-30,2025-06-27,516,516,0,,19.28,19.82,0
PO-009513,124,4,1,2025-06-24,2025-07-07,2025-07-05,601,601,0,,19.28,20.08,0
PO-009514,124,4,1,2025-09-09,2025-09-22,2025-09-23,444,424,0,,19.28,19.39,0
PO-009515,124,4,4,2025-09-23,2025-10-06,2025-10-05,603,603,0,,19.28,20.12,0
PO-009516,124,4,8,2025-10-07,2025-10-20,2025-10-17,543,543,0,,19.28,19.89,0
PO-009517,124,4,5,2025-10-14,2025-10-27,2025-11-03,452,452,0,,19.28,19.78,0
PO-009518,124,4,4,2025-10-21,2025-11-03,2025-11-01,463,463,0,,19.28,19.71,0
PO-009519,124,4,5,2025-10-28,2025-11-10,2025-11-04,621,598,0,,19.28,19.56,0
PO-009520,124,4,2,2025-11-04,2025-11-17,2025-12-03,336,336,0,,19.28,20.04,0
PO-009521,124,4,6,2025-12-09,2025-12-22,2025-12-20,585,585,0,,19.28,19.76,0
PO-009522,124,4,5,2025-12-23,2026-01-05,2026-01-17,522,522,0,,19.28,19.83,0
PO-009523,124,4,5,2026-01-13,2026-01-26,2026-01-25,484,484,0,,19.28,19.9,0
PO-009524,124,4,6,2026-02-17,2026-03-02,2026-03-01,446,446,0,,19.28,19.61,0
PO-009525,124,4,6,2026-03-03,2026-03-16,2026-03-16,311,297,0,,19.28,19.62,0
PO-009526,124,4,6,2026-05-26,2026-06-08,2026-06-06,452,429,0,,19.28,19.54,0
PO-009527,124,4,7,2026-06-02,2026-06-15,2026-06-22,891,891,0,,19.28,19.76,0
PO-009528,124,4,8,2026-06-23,2026-07-06,2026-07-28,456,456,0,,19.28,19.97,0
PO-009529,124,8,7,2025-02-18,2025-03-26,2025-03-27,724,724,27,Short shelf life on arrival,18.01,19.18,0
PO-009530,124,8,4,2025-02-25,2025-04-02,2025-03-21,787,787,0,,18.01,18.99,0
PO-009531,124,8,7,2025-03-04,2025-04-09,2025-03-30,632,632,22,Documentation incomplete,18.01,19.38,0
PO-009532,124,8,7,2025-04-01,2025-05-07,2025-04-16,1055,1032,0,,18.01,18.93,0
PO-009533,124,8,8,2025-04-15,2025-05-21,2025-06-03,1055,1055,0,,18.01,19.16,0
PO-009534,124,8,2,2025-04-22,2025-05-28,2025-05-19,825,825,0,,18.01,19.11,0
PO-009535,124,8,6,2025-05-06,2025-06-11,2025-06-06,863,863,0,,18.01,18.93,0
PO-009536,124,8,8,2025-05-13,2025-06-18,2025-06-16,644,644,0,,18.01,19.42,0
PO-009537,124,8,5,2025-06-24,2025-07-30,2025-07-23,824,824,25,Temperature excursion in transit,18.01,19.18,0
PO-009538,124,8,10,2025-07-15,2025-08-20,2025-08-19,761,714,0,,18.01,18.64,0
PO-009539,124,8,1,2025-08-05,2025-09-10,2025-08-29,940,940,0,,18.01,18.95,0
PO-009540,124,8,2,2025-08-26,2025-10-01,2025-09-26,878,794,0,,18.01,19.45,0
PO-009541,124,8,8,2025-10-28,2025-12-03,2025-11-25,851,851,0,,18.01,18.84,0
PO-009542,124,8,10,2025-11-04,2025-12-10,2025-12-04,758,758,0,,18.01,19.32,0
PO-009543,124,8,2,2025-12-09,2026-01-14,2026-01-10,813,813,0,,18.01,19.36,0
PO-009544,124,8,1,2026-02-03,2026-03-11,2026-03-08,959,959,0,,18.01,19.05,0
PO-009545,124,8,8,2026-03-10,2026-04-15,2026-05-03,1143,1143,0,,18.01,19.5,0
PO-009546,124,8,5,2026-04-07,2026-05-13,2026-05-16,715,715,0,,18.01,19.04,0
PO-009547,124,8,7,2026-04-21,2026-05-27,2026-05-19,831,831,0,,18.01,19.2,0
PO-009548,124,21,4,2025-02-04,2025-03-09,2025-03-08,770,770,0,,14.78,15.31,1
PO-009549,124,21,6,2025-03-18,2025-04-20,2025-04-10,615,615,0,,14.78,15.02,1
PO-009550,124,21,2,2025-03-25,2025-04-27,2025-05-23,468,468,0,,14.78,15.12,1
PO-009551,124,21,7,2025-05-06,2025-06-08,2025-06-03,685,685,0,,14.78,15.3,1
PO-009552,124,21,10,2025-05-27,2025-06-29,2025-07-04,733,733,0,,14.78,15.28,1
PO-009553,124,21,5,2025-06-03,2025-07-06,2025-06-13,788,788,38,Failed spec check,14.78,14.98,1
PO-009554,124,21,4,2025-07-15,2025-08-17,2025-08-11,817,817,0,,14.78,14.91,1
PO-009555,124,21,1,2025-07-29,2025-08-31,2025-08-27,757,757,0,,14.78,15.0,1
PO-009556,124,21,5,2025-08-05,2025-09-07,2025-08-12,873,873,0,,14.78,15.11,1
PO-009557,124,21,4,2025-08-19,2025-09-21,2025-09-09,453,453,0,,14.78,15.18,1
PO-009558,124,21,6,2025-09-23,2025-10-26,2025-10-16,824,824,0,,14.78,14.92,1
PO-009559,124,21,4,2025-11-04,2025-12-07,2025-11-25,791,791,25,Short shelf life on arrival,14.78,15.03,1
PO-009560,124,21,2,2025-11-11,2025-12-14,2025-12-08,524,524,0,,14.78,15.04,1
PO-009561,124,21,6,2025-11-25,2025-12-28,2026-01-10,455,455,15,Short shelf life on arrival,14.78,15.21,1
PO-009562,124,21,6,2025-12-02,2026-01-04,2025-12-21,498,498,0,,14.78,14.96,1
PO-009563,124,21,10,2025-12-30,2026-02-01,2026-01-19,568,568,0,,14.78,14.98,1
PO-009564,124,21,5,2026-01-06,2026-02-08,2026-02-02,563,563,0,,14.78,15.04,1
PO-009565,124,21,5,2026-02-03,2026-03-08,2026-03-17,605,605,0,,14.78,14.94,1
PO-009566,124,21,10,2026-02-10,2026-03-15,2026-03-12,779,779,0,,14.78,14.73,1
PO-009567,124,21,7,2026-03-03,2026-04-05,2026-03-24,836,836,0,,14.78,15.2,1
PO-009568,124,21,1,2026-03-10,2026-04-12,2026-04-11,810,810,0,,14.78,15.14,1
PO-009569,124,21,1,2026-03-17,2026-04-19,2026-04-16,680,680,28,Temperature excursion in transit,14.78,15.07,1
PO-009570,124,21,1,2026-03-24,2026-04-26,2026-04-22,753,753,0,,14.78,15.35,1
PO-009571,124,21,6,2026-04-14,2026-05-17,2026-05-22,611,611,0,,14.78,15.33,1
PO-009572,124,21,8,2026-04-21,2026-05-24,2026-05-17,377,377,0,,14.78,15.19,1
PO-009573,124,21,7,2026-05-19,2026-06-21,2026-05-17,939,939,0,,14.78,14.93,1
PO-009574,124,21,5,2026-06-02,2026-07-05,2026-06-19,855,855,0,,14.78,14.97,1
PO-009575,124,21,1,2026-06-09,2026-07-12,2026-06-30,805,805,0,,14.78,15.07,1
PO-009576,124,21,1,2026-06-30,2026-08-02,2026-08-01,689,689,0,,14.78,15.13,1
PO-009577,124,12,2,2025-04-01,2025-04-14,2025-04-12,1330,1330,0,,18.05,17.55,0
PO-009578,124,12,1,2025-06-03,2025-06-16,2025-06-13,1105,1105,0,,18.05,17.49,0
PO-009579,124,12,2,2025-12-23,2026-01-05,2026-01-04,1095,1095,0,,18.05,17.91,0
PO-009580,124,12,6,2026-01-13,2026-01-26,2026-02-03,1625,1625,0,,18.05,17.67,0
PO-009581,125,4,1,2025-01-07,2025-01-18,2025-02-10,500,500,0,,30.65,31.82,1
PO-009582,125,4,6,2025-01-14,2025-01-25,2025-01-19,500,500,0,,30.65,31.48,1
PO-009583,125,4,1,2025-01-21,2025-02-01,2025-02-09,500,500,0,,30.65,31.79,1
PO-009584,125,4,2,2025-01-28,2025-02-08,2025-02-05,500,500,0,,30.65,31.6,1
PO-009585,125,4,5,2025-02-04,2025-02-15,2025-02-14,500,500,25,Failed spec check,30.65,31.88,1
PO-009586,125,4,8,2025-02-11,2025-02-22,2025-02-26,500,500,0,,30.65,31.76,1
PO-009587,125,4,10,2025-02-18,2025-03-01,2025-03-07,500,479,0,,30.65,31.54,1
PO-009588,125,4,1,2025-02-25,2025-03-08,2025-03-07,500,500,31,Damaged packaging,30.65,32.46,1
PO-009589,125,4,1,2025-03-04,2025-03-15,2025-03-14,500,500,0,,30.65,31.88,1
PO-009590,125,4,7,2025-03-11,2025-03-22,2025-03-18,500,500,0,,30.65,31.95,1
PO-009591,125,4,5,2025-03-18,2025-03-29,2025-04-03,500,500,0,,30.65,31.85,1
PO-009592,125,4,6,2025-03-25,2025-04-05,2025-04-01,500,500,0,,30.65,32.08,1
PO-009593,125,4,1,2025-04-01,2025-04-12,2025-04-09,500,500,0,,30.65,32.19,1
PO-009594,125,4,6,2025-04-08,2025-04-19,2025-04-14,500,500,0,,30.65,31.44,1
PO-009595,125,4,6,2025-04-15,2025-04-26,2025-04-27,500,500,0,,30.65,31.57,1
PO-009596,125,4,5,2025-04-22,2025-05-03,2025-05-13,500,500,0,,30.65,31.84,1
PO-009597,125,4,1,2025-04-29,2025-05-10,2025-05-24,500,500,0,,30.65,31.72,1
PO-009598,125,4,2,2025-05-06,2025-05-17,2025-05-17,500,500,0,,30.65,31.46,1
PO-009599,125,4,6,2025-05-13,2025-05-24,2025-05-22,500,500,0,,30.65,31.66,1
PO-009600,125,4,5,2025-05-20,2025-05-31,2025-07-25,500,500,0,,30.65,31.41,1
PO-009601,125,4,6,2025-05-27,2025-06-07,2025-06-05,500,500,0,,30.65,31.12,1
PO-009602,125,4,5,2025-06-03,2025-06-14,2025-06-25,500,500,0,,30.65,32.2,1
PO-009603,125,4,2,2025-06-10,2025-06-21,2025-06-19,500,500,0,,30.65,31.27,1
PO-009604,125,4,8,2025-06-17,2025-06-28,2025-06-23,500,500,0,,30.65,31.45,1
PO-009605,125,4,8,2025-06-24,2025-07-05,2025-07-03,500,500,0,,30.65,31.74,1
PO-009606,125,4,7,2025-07-01,2025-07-12,2025-07-11,500,500,0,,30.65,30.99,1
PO-009607,125,4,6,2025-07-08,2025-07-19,2025-07-18,500,500,0,,30.65,31.62,1
PO-009608,125,4,5,2025-07-15,2025-07-26,2025-08-03,500,500,0,,30.65,31.69,1
PO-009609,125,4,10,2025-07-22,2025-08-02,2025-08-02,500,500,0,,30.65,31.73,1
PO-009610,125,4,8,2025-07-29,2025-08-09,2025-09-03,500,500,0,,30.65,31.89,1
PO-009611,125,4,5,2025-08-05,2025-08-16,2025-08-30,500,500,0,,30.65,31.58,1
PO-009612,125,4,6,2025-08-12,2025-08-23,2025-08-22,500,478,0,,30.65,31.39,1
PO-009613,125,4,1,2025-08-19,2025-08-30,2025-08-27,500,500,0,,30.65,31.62,1
PO-009614,125,4,1,2025-08-26,2025-09-06,2025-09-06,500,500,0,,30.65,31.51,1
PO-009615,125,4,8,2025-09-02,2025-09-13,2025-09-10,500,500,0,,30.65,31.73,1
PO-009616,125,4,7,2025-09-09,2025-09-20,2025-09-16,500,483,0,,30.65,31.43,1
PO-009617,125,4,6,2025-09-16,2025-09-27,2025-09-23,500,500,0,,30.65,31.6,1
PO-009618,125,4,2,2025-09-23,2025-10-04,2025-10-03,500,500,0,,30.65,31.51,1
PO-009619,125,4,2,2025-09-30,2025-10-11,2025-10-11,500,500,0,,30.65,31.54,1
PO-009620,125,4,2,2025-10-07,2025-10-18,2025-10-17,500,500,16,Failed spec check,30.65,31.32,1
PO-009621,125,4,8,2025-10-14,2025-10-25,2025-10-25,500,500,0,,30.65,31.8,1
PO-009622,125,4,7,2025-10-21,2025-11-01,2025-10-31,500,500,0,,30.65,31.76,1
PO-009623,125,4,7,2025-10-28,2025-11-08,2025-11-06,500,500,0,,30.65,31.49,1
PO-009624,125,4,4,2025-11-04,2025-11-15,2025-11-13,500,500,0,,30.65,31.2,1
PO-009625,125,4,6,2025-11-11,2025-11-22,2025-11-22,500,500,0,,30.65,31.76,1
PO-009626,125,4,4,2025-11-18,2025-11-29,2025-11-28,500,500,0,,30.65,30.95,1
PO-009627,125,4,2,2025-11-25,2025-12-06,2025-12-08,500,500,0,,30.65,31.54,1
PO-009628,125,4,7,2025-12-02,2025-12-13,2025-12-20,500,500,0,,30.65,31.76,1
PO-009629,125,4,5,2025-12-09,2025-12-20,2025-12-25,500,500,0,,30.65,31.37,1
PO-009630,125,4,10,2025-12-16,2025-12-27,2025-12-22,500,500,0,,30.65,31.81,1
PO-009631,125,4,6,2025-12-23,2026-01-03,2026-01-02,500,500,0,,30.65,31.68,1
PO-009632,125,4,10,2025-12-30,2026-01-10,2026-01-31,500,500,0,,30.65,31.34,1
PO-009633,125,4,10,2026-01-06,2026-01-17,2026-01-18,500,485,0,,30.65,31.87,1
PO-009634,125,4,6,2026-01-13,2026-01-24,2026-01-23,500,500,0,,30.65,30.83,1
PO-009635,125,4,4,2026-01-20,2026-01-31,2026-01-28,500,500,0,,30.65,32.2,1
PO-009636,125,4,6,2026-01-27,2026-02-07,2026-02-02,500,500,0,,30.65,31.3,1
PO-009637,125,4,6,2026-02-03,2026-02-14,2026-02-11,500,500,0,,30.65,31.2,1
PO-009638,125,4,6,2026-02-10,2026-02-21,2026-02-18,500,500,0,,30.65,31.33,1
PO-009639,125,4,6,2026-02-17,2026-02-28,2026-03-12,500,500,0,,30.65,31.79,1
PO-009640,125,4,8,2026-02-24,2026-03-07,2026-03-16,500,500,0,,30.65,31.53,1
PO-009641,125,4,10,2026-03-03,2026-03-14,2026-03-16,500,500,0,,30.65,30.93,1
PO-009642,125,4,2,2026-03-10,2026-03-21,2026-03-21,500,500,0,,30.65,31.91,1
PO-009643,125,4,6,2026-03-17,2026-03-28,2026-03-25,500,500,0,,30.65,31.66,1
PO-009644,125,4,6,2026-03-24,2026-04-04,2026-05-23,500,500,0,,30.65,31.3,1
PO-009645,125,4,6,2026-03-31,2026-04-11,2026-04-13,500,500,0,,30.65,31.56,1
PO-009646,125,4,6,2026-04-07,2026-04-18,2026-04-15,500,478,0,,30.65,31.42,1
PO-009647,125,4,6,2026-04-14,2026-04-25,2026-04-25,500,500,0,,30.65,31.99,1
PO-009648,125,4,8,2026-04-21,2026-05-02,2026-04-30,500,500,0,,30.65,31.21,1
PO-009649,125,4,6,2026-04-28,2026-05-09,2026-05-07,500,486,0,,30.65,31.62,1
PO-009650,125,4,1,2026-05-05,2026-05-16,2026-05-12,500,500,0,,30.65,31.6,1
PO-009651,125,4,1,2026-05-12,2026-05-23,2026-05-24,500,471,0,,30.65,31.37,1
PO-009652,125,4,2,2026-05-19,2026-05-30,2026-05-28,500,500,0,,30.65,31.37,1
PO-009653,125,4,7,2026-05-26,2026-06-06,2026-06-06,500,500,0,,30.65,31.24,1
PO-009654,125,4,7,2026-06-02,2026-06-13,2026-06-12,500,500,31,Damaged packaging,30.65,31.63,1
PO-009655,125,4,4,2026-06-09,2026-06-20,2026-07-31,500,500,0,,30.65,31.11,1
PO-009656,125,4,7,2026-06-16,2026-06-27,2026-06-25,500,500,0,,30.65,31.97,1
PO-009657,125,4,6,2026-06-23,2026-07-04,2026-07-01,500,500,0,,30.65,31.21,1
PO-009658,125,4,6,2026-06-30,2026-07-11,2026-07-11,500,500,0,,30.65,31.68,1
PO-009659,126,24,9,2025-01-07,2025-01-15,2025-01-14,185,185,0,,3.4,3.34,1
PO-009660,126,24,4,2025-01-14,2025-01-22,2025-01-22,149,149,0,,3.4,3.38,1
PO-009661,126,24,10,2025-01-28,2025-02-05,2025-02-03,147,147,0,,3.4,3.36,1
PO-009662,126,24,1,2025-02-04,2025-02-12,2025-02-12,199,199,0,,3.4,3.28,1
PO-009663,126,24,5,2025-02-11,2025-02-19,2025-02-19,202,202,0,,3.4,3.33,1
PO-009664,126,24,5,2025-02-18,2025-02-26,2025-02-26,166,166,0,,3.4,3.37,1
PO-009665,126,24,7,2025-02-25,2025-03-05,2025-03-05,184,184,0,,3.4,3.3,1
PO-009666,126,24,4,2025-03-04,2025-03-12,2025-03-12,237,237,0,,3.4,3.35,1
PO-009667,126,24,7,2025-03-11,2025-03-19,2025-03-17,182,182,0,,3.4,3.33,1
PO-009668,126,24,3,2025-03-18,2025-03-26,2025-04-14,161,161,0,,3.4,3.3,1
PO-009669,126,24,10,2025-03-25,2025-04-02,2025-04-01,207,207,0,,3.4,3.31,1
PO-009670,126,24,5,2025-04-01,2025-04-09,2025-04-08,205,205,0,,3.4,3.35,1
PO-009671,126,24,9,2025-04-08,2025-04-16,2025-04-14,184,184,6,Documentation incomplete,3.4,3.38,1
PO-009672,126,24,5,2025-04-15,2025-04-23,2025-04-22,141,141,0,,3.4,3.29,1
PO-009673,126,24,9,2025-04-22,2025-04-30,2025-04-30,239,239,0,,3.4,3.4,1
PO-009674,126,24,4,2025-04-29,2025-05-07,2025-05-04,169,169,0,,3.4,3.33,1
PO-009675,126,24,5,2025-05-06,2025-05-14,2025-05-14,208,208,0,,3.4,3.31,1
PO-009676,126,24,7,2025-05-13,2025-05-21,2025-05-19,137,137,0,,3.4,3.28,1
PO-009677,126,24,7,2025-05-20,2025-05-28,2025-05-28,207,207,16,Temperature excursion in transit,3.4,3.34,1
PO-009678,126,24,3,2025-05-27,2025-06-04,2025-06-03,230,230,0,,3.4,3.32,1
PO-009679,126,24,7,2025-06-03,2025-06-11,2025-06-12,201,201,30,Temperature excursion in transit,3.4,3.32,1
PO-009680,126,24,7,2025-06-10,2025-06-18,2025-06-18,151,151,0,,3.4,3.3,1
PO-009681,126,24,1,2025-06-17,2025-06-25,2025-07-09,184,184,0,,3.4,3.33,1
PO-009682,126,24,5,2025-06-24,2025-07-02,2025-07-01,126,122,0,,3.4,3.36,1
PO-009683,126,24,4,2025-07-01,2025-07-09,2025-07-14,240,240,0,,3.4,3.3,1
PO-009684,126,24,10,2025-07-08,2025-07-16,2025-07-14,207,207,0,,3.4,3.3,1
PO-009685,126,24,5,2025-07-15,2025-07-23,2025-08-03,111,111,0,,3.4,3.33,1
PO-009686,126,24,7,2025-07-22,2025-07-30,2025-07-30,188,188,0,,3.4,3.32,1
PO-009687,126,24,1,2025-07-29,2025-08-06,2025-08-06,194,194,0,,3.4,3.4,1
PO-009688,126,24,7,2025-08-05,2025-08-13,2025-08-13,115,115,0,,3.4,3.35,1
PO-009689,126,24,3,2025-08-12,2025-08-20,2025-08-20,182,182,0,,3.4,3.29,1
PO-009690,126,24,10,2025-08-19,2025-08-27,2025-08-26,293,293,0,,3.4,3.3,1
PO-009691,126,24,4,2025-08-26,2025-09-03,2025-09-02,233,233,0,,3.4,3.32,1
PO-009692,126,24,5,2025-09-02,2025-09-10,2025-09-09,213,213,0,,3.4,3.33,1
PO-009693,126,24,1,2025-09-09,2025-09-17,2025-09-17,186,186,0,,3.4,3.35,1
PO-009694,126,24,3,2025-09-16,2025-09-24,2025-09-22,101,101,0,,3.4,3.35,1
PO-009695,126,24,4,2025-09-23,2025-10-01,2025-09-30,244,244,0,,3.4,3.32,1
PO-009696,126,24,1,2025-09-30,2025-10-08,2025-10-08,204,204,0,,3.4,3.29,1
PO-009697,126,24,4,2025-10-07,2025-10-15,2025-10-13,143,143,0,,3.4,3.29,1
PO-009698,126,24,10,2025-10-14,2025-10-22,2025-10-21,200,200,0,,3.4,3.29,1
PO-009699,126,24,1,2025-10-21,2025-10-29,2025-10-27,174,174,0,,3.4,3.23,1
PO-009700,126,24,4,2025-10-28,2025-11-05,2025-11-05,205,205,0,,3.4,3.29,1
PO-009701,126,24,7,2025-11-04,2025-11-12,2025-11-12,250,250,0,,3.4,3.29,1
PO-009702,126,24,4,2025-11-11,2025-11-19,2025-11-19,196,196,0,,3.4,3.31,1
PO-009703,126,24,9,2025-11-18,2025-11-26,2025-11-26,134,134,0,,3.4,3.32,1
PO-009704,126,24,9,2025-12-02,2025-12-10,2025-12-08,167,167,0,,3.4,3.33,1
PO-009705,126,24,7,2025-12-09,2025-12-17,2025-12-15,227,227,0,,3.4,3.32,1
PO-009706,126,24,3,2025-12-16,2025-12-24,2025-12-21,155,155,0,,3.4,3.3,1
PO-009707,126,24,10,2025-12-23,2025-12-31,2025-12-31,183,183,0,,3.4,3.32,1
PO-009708,126,24,1,2025-12-30,2026-01-07,2026-01-06,239,239,0,,3.4,3.26,1
PO-009709,126,24,1,2026-01-06,2026-01-14,2026-01-13,206,206,0,,3.4,3.32,1
PO-009710,126,24,4,2026-01-13,2026-01-21,2026-01-21,119,119,0,,3.4,3.35,1
PO-009711,126,24,3,2026-01-20,2026-01-28,2026-01-28,147,147,0,,3.4,3.39,1
PO-009712,126,24,5,2026-01-27,2026-02-04,2026-02-04,204,204,0,,3.4,3.36,1
PO-009713,126,24,1,2026-02-03,2026-02-11,2026-02-09,148,148,0,,3.4,3.28,1
PO-009714,126,24,4,2026-02-10,2026-02-18,2026-02-25,160,160,0,,3.4,3.32,1
PO-009715,126,24,3,2026-02-17,2026-02-25,2026-02-22,200,200,0,,3.4,3.36,1
PO-009716,126,24,4,2026-02-24,2026-03-04,2026-03-02,144,144,26,Short shelf life on arrival,3.4,3.3,1
PO-009717,126,24,5,2026-03-03,2026-03-11,2026-03-11,188,188,0,,3.4,3.32,1
PO-009718,126,24,1,2026-03-10,2026-03-18,2026-03-16,105,99,0,,3.4,3.31,1
PO-009719,126,24,10,2026-03-24,2026-04-01,2026-03-30,191,183,0,,3.4,3.32,1
PO-009720,126,24,1,2026-03-31,2026-04-08,2026-04-06,263,249,0,,3.4,3.31,1
PO-009721,126,24,3,2026-04-07,2026-04-15,2026-04-14,219,219,0,,3.4,3.34,1
PO-009722,126,24,4,2026-04-14,2026-04-22,2026-04-22,158,158,0,,3.4,3.33,1
PO-009723,126,24,9,2026-04-21,2026-04-29,2026-04-26,253,253,0,,3.4,3.33,1
PO-009724,126,24,9,2026-04-28,2026-05-06,2026-05-05,161,153,0,,3.4,3.33,1
PO-009725,126,24,5,2026-05-05,2026-05-13,2026-05-10,286,286,0,,3.4,3.34,1
PO-009726,126,24,7,2026-05-12,2026-05-20,2026-05-20,272,272,0,,3.4,3.34,1
PO-009727,126,24,4,2026-05-19,2026-05-27,2026-05-25,233,222,0,,3.4,3.35,1
PO-009728,126,24,1,2026-05-26,2026-06-03,2026-06-02,191,191,0,,3.4,3.32,1
PO-009729,126,24,1,2026-06-02,2026-06-10,2026-06-11,317,317,0,,3.4,3.27,1
PO-009730,126,24,10,2026-06-09,2026-06-17,2026-06-30,159,155,0,,3.4,3.35,1
PO-009731,126,24,1,2026-06-16,2026-06-24,2026-06-21,274,274,0,,3.4,3.39,1
PO-009732,126,24,4,2026-06-23,2026-07-01,2026-06-30,161,161,0,,3.4,3.34,1
PO-009733,126,24,4,2026-06-30,2026-07-08,2026-07-07,214,205,0,,3.4,3.28,1
PO-009734,126,13,7,2025-09-09,2025-09-26,2025-09-24,234,234,0,,2.88,3.02,0
PO-009735,126,13,1,2026-01-06,2026-01-23,2026-01-15,130,130,17,Temperature excursion in transit,2.88,3.0,0
PO-009736,127,1,4,2025-08-05,2025-08-21,2025-08-23,500,500,0,,9.93,10.15,0
PO-009737,127,1,7,2025-11-25,2025-12-11,2025-12-20,500,500,0,,9.93,10.07,0
PO-009738,127,1,9,2026-05-05,2026-05-21,2026-05-18,500,500,0,,9.93,9.91,0
PO-009739,127,4,5,2025-01-07,2025-01-20,2025-01-17,500,500,0,,10.65,11.13,1
PO-009740,127,4,3,2025-01-14,2025-01-27,2025-01-27,500,500,0,,10.65,11.06,1
PO-009741,127,4,7,2025-01-28,2025-02-10,2025-02-09,500,500,0,,10.65,10.83,1
PO-009742,127,4,4,2025-02-04,2025-02-17,2025-02-20,500,500,0,,10.65,10.97,1
PO-009743,127,4,7,2025-02-11,2025-02-24,2025-02-22,500,487,0,,10.65,11.21,1
PO-009744,127,4,1,2025-02-18,2025-03-03,2025-03-02,500,500,0,,10.65,11.0,1
PO-009745,127,4,7,2025-02-25,2025-03-10,2025-03-15,500,500,0,,10.65,11.07,1
PO-009746,127,4,7,2025-03-04,2025-03-17,2025-03-15,500,500,0,,10.65,11.04,1
PO-009747,127,4,10,2025-03-11,2025-03-24,2025-03-26,500,500,0,,10.65,10.84,1
PO-009748,127,4,4,2025-03-18,2025-03-31,2025-04-01,500,488,0,,10.65,11.12,1
PO-009749,127,4,4,2025-03-25,2025-04-07,2025-04-04,500,500,0,,10.65,10.78,1
PO-009750,127,4,5,2025-04-01,2025-04-14,2025-04-11,500,500,16,Short shelf life on arrival,10.65,11.14,1
PO-009751,127,4,3,2025-04-08,2025-04-21,2025-05-07,500,483,0,,10.65,10.97,1
PO-009752,127,4,9,2025-04-15,2025-04-28,2025-04-22,500,500,0,,10.65,11.05,1
PO-009753,127,4,9,2025-04-22,2025-05-05,2025-05-19,500,500,0,,10.65,10.81,1
PO-009754,127,4,7,2025-04-29,2025-05-12,2025-05-27,500,500,0,,10.65,10.94,1
PO-009755,127,4,7,2025-05-06,2025-05-19,2025-05-18,500,500,22,Temperature excursion in transit,10.65,10.88,1
PO-009756,127,4,4,2025-05-13,2025-05-26,2025-05-25,500,500,0,,10.65,11.0,1
PO-009757,127,4,9,2025-05-20,2025-06-02,2025-06-11,500,500,0,,10.65,11.14,1
PO-009758,127,4,4,2025-05-27,2025-06-09,2025-06-08,500,500,25,Documentation incomplete,10.65,11.05,1
PO-009759,127,4,5,2025-06-03,2025-06-16,2025-06-15,500,500,0,,10.65,10.99,1
PO-009760,127,4,3,2025-06-10,2025-06-23,2025-07-19,500,500,17,Documentation incomplete,10.65,11.09,1
PO-009761,127,4,7,2025-06-17,2025-06-30,2025-06-26,500,500,23,Failed spec check,10.65,11.06,1
PO-009762,127,4,4,2025-06-24,2025-07-07,2025-07-08,500,500,29,Documentation incomplete,10.65,10.83,1
PO-009763,127,4,1,2025-07-01,2025-07-14,2025-07-14,500,469,0,,10.65,10.85,1
PO-009764,127,4,7,2025-07-08,2025-07-21,2025-07-20,500,472,0,,10.65,10.86,1
PO-009765,127,4,9,2025-07-15,2025-07-28,2025-07-25,500,487,0,,10.65,11.14,1
PO-009766,127,4,10,2025-07-22,2025-08-04,2025-08-03,500,500,0,,10.65,10.81,1
PO-009767,127,4,7,2025-07-29,2025-08-11,2025-08-25,500,500,0,,10.65,11.0,1
PO-009768,127,4,5,2025-08-05,2025-08-18,2025-08-27,500,500,0,,10.65,10.89,1
PO-009769,127,4,1,2025-08-12,2025-08-25,2025-08-23,500,500,0,,10.65,10.86,1
PO-009770,127,4,9,2025-08-19,2025-09-01,2025-09-11,500,500,0,,10.65,11.19,1
PO-009771,127,4,4,2025-08-26,2025-09-08,2025-09-11,500,500,0,,10.65,11.0,1
PO-009772,127,4,4,2025-09-02,2025-09-15,2025-09-14,500,500,0,,10.65,11.0,1
PO-009773,127,4,3,2025-09-09,2025-09-22,2025-09-22,500,500,31,Documentation incomplete,10.65,11.15,1
PO-009774,127,4,7,2025-09-16,2025-09-29,2025-09-28,500,500,0,,10.65,10.88,1
PO-009775,127,4,9,2025-09-23,2025-10-06,2025-10-10,500,476,25,Short shelf life on arrival,10.65,10.95,1
PO-009776,127,4,7,2025-09-30,2025-10-13,2025-10-21,500,500,0,,10.65,11.03,1
PO-009777,127,4,5,2025-10-07,2025-10-20,2025-10-23,500,500,0,,10.65,10.96,1
PO-009778,127,4,9,2025-10-14,2025-10-27,2025-10-25,500,500,0,,10.65,10.99,1
PO-009779,127,4,4,2025-10-21,2025-11-03,2025-11-01,500,500,0,,10.65,10.9,1
PO-009780,127,4,4,2025-10-28,2025-11-10,2025-11-08,500,500,0,,10.65,11.02,1
PO-009781,127,4,9,2025-11-04,2025-11-17,2025-11-17,500,500,0,,10.65,11.06,1
PO-009782,127,4,3,2025-11-18,2025-12-01,2025-12-09,500,500,0,,10.65,10.95,1
PO-009783,127,4,5,2025-11-25,2025-12-08,2025-12-09,500,500,0,,10.65,10.97,1
PO-009784,127,4,4,2025-12-09,2025-12-22,2025-12-18,500,500,0,,10.65,11.04,1
PO-009785,127,4,7,2025-12-16,2025-12-29,2025-12-28,500,500,0,,10.65,10.84,1
PO-009786,127,4,3,2025-12-23,2026-01-05,2026-01-05,500,500,0,,10.65,10.9,1
PO-009787,127,4,3,2025-12-30,2026-01-12,2026-01-12,500,500,0,,10.65,10.95,1
PO-009788,127,4,9,2026-01-06,2026-01-19,2026-01-15,500,500,0,,10.65,11.02,1
PO-009789,127,4,10,2026-01-13,2026-01-26,2026-01-24,500,500,0,,10.65,10.92,1
PO-009790,127,4,5,2026-01-20,2026-02-02,2026-01-31,500,500,0,,10.65,11.27,1
PO-009791,127,4,1,2026-01-27,2026-02-09,2026-02-19,500,500,0,,10.65,10.79,1
PO-009792,127,4,7,2026-02-03,2026-02-16,2026-03-15,500,500,0,,10.65,10.9,1
PO-009793,127,4,7,2026-02-10,2026-02-23,2026-02-22,500,500,0,,10.65,11.08,1
PO-009794,127,4,5,2026-02-17,2026-03-02,2026-03-06,500,500,0,,10.65,10.87,1
PO-009795,127,4,1,2026-02-24,2026-03-09,2026-03-07,500,500,0,,10.65,11.0,1
PO-009796,127,4,9,2026-03-03,2026-03-16,2026-03-21,500,500,0,,10.65,10.8,1
PO-009797,127,4,3,2026-03-10,2026-03-23,2026-03-23,500,500,0,,10.65,11.03,1
PO-009798,127,4,4,2026-03-17,2026-03-30,2026-03-28,500,500,0,,10.65,10.94,1
PO-009799,127,4,9,2026-03-24,2026-04-06,2026-04-06,500,500,0,,10.65,10.96,1
PO-009800,127,4,3,2026-03-31,2026-04-13,2026-04-09,500,500,0,,10.65,10.79,1
PO-009801,127,4,4,2026-04-07,2026-04-20,2026-04-22,500,500,0,,10.65,10.92,1
PO-009802,127,4,1,2026-04-14,2026-04-27,2026-04-26,500,500,16,Damaged packaging,10.65,10.96,1
PO-009803,127,4,4,2026-04-21,2026-05-04,2026-04-26,500,500,0,,10.65,10.93,1
PO-009804,127,4,3,2026-04-28,2026-05-11,2026-05-05,500,500,0,,10.65,10.79,1
PO-009805,127,4,3,2026-05-05,2026-05-18,2026-06-14,500,500,0,,10.65,11.02,1
PO-009806,127,4,10,2026-05-12,2026-05-25,2026-06-06,500,481,0,,10.65,11.2,1
PO-009807,127,4,5,2026-05-19,2026-06-01,2026-06-25,500,500,0,,10.65,10.94,1
PO-009808,127,4,7,2026-05-26,2026-06-08,2026-06-02,500,500,0,,10.65,10.93,1
PO-009809,127,4,7,2026-06-02,2026-06-15,2026-06-16,500,500,0,,10.65,10.94,1
PO-009810,127,4,9,2026-06-09,2026-06-22,2026-06-30,500,500,0,,10.65,10.9,1
PO-009811,127,4,5,2026-06-16,2026-06-29,2026-06-26,500,500,0,,10.65,10.83,1
PO-009812,127,4,7,2026-06-23,2026-07-06,2026-07-04,500,476,0,,10.65,11.09,1
PO-009813,127,4,4,2026-06-30,2026-07-13,2026-07-09,500,500,0,,10.65,11.01,1
PO-009814,128,20,10,2025-01-07,2025-02-09,2025-01-31,500,500,0,,6.18,6.26,1
PO-009815,128,20,2,2025-01-14,2025-02-16,2025-02-12,500,426,39,Short shelf life on arrival,6.18,6.47,1
PO-009816,128,20,8,2025-01-21,2025-02-23,2025-02-21,500,500,0,,6.18,6.47,1
PO-009817,128,20,4,2025-01-28,2025-03-02,2025-02-28,500,500,43,Failed spec check,6.18,6.32,1
PO-009818,128,20,10,2025-02-04,2025-03-09,2025-03-04,500,500,0,,6.18,6.32,1
PO-009819,128,20,2,2025-02-11,2025-03-16,2025-03-13,500,500,0,,6.18,6.26,1
PO-009820,128,20,4,2025-02-18,2025-03-23,2025-03-19,500,500,0,,6.18,6.4,1
PO-009821,128,20,4,2025-02-25,2025-03-30,2025-03-29,500,500,0,,6.18,6.33,1
PO-009822,128,20,6,2025-03-04,2025-04-06,2025-04-03,500,500,0,,6.18,6.4,1
PO-009823,128,20,4,2025-03-11,2025-04-13,2025-04-13,500,500,0,,6.18,6.33,1
PO-009824,128,20,8,2025-03-18,2025-04-20,2025-04-18,500,500,0,,6.18,6.38,1
PO-009825,128,20,4,2025-03-25,2025-04-27,2025-04-27,500,500,0,,6.18,6.44,1
PO-009826,128,20,10,2025-04-01,2025-05-04,2025-05-03,500,500,0,,6.18,6.38,1
PO-009827,128,20,10,2025-04-08,2025-05-11,2025-05-13,500,500,0,,6.18,6.34,1
PO-009828,128,20,1,2025-04-15,2025-05-18,2025-05-18,500,500,0,,6.18,6.44,1
PO-009829,128,20,1,2025-04-29,2025-06-01,2025-05-31,500,500,0,,6.18,6.37,1
PO-009830,128,20,7,2025-05-13,2025-06-15,2025-06-23,500,500,0,,6.18,6.35,1
PO-009831,128,20,1,2025-05-20,2025-06-22,2025-06-19,500,500,0,,6.18,6.38,1
PO-009832,128,20,4,2025-05-27,2025-06-29,2025-06-28,500,500,0,,6.18,6.46,1
PO-009833,128,20,1,2025-06-03,2025-07-06,2025-07-05,500,500,0,,6.18,6.34,1
PO-009834,128,20,5,2025-06-10,2025-07-13,2025-07-12,500,500,0,,6.18,6.4,1
PO-009835,128,20,4,2025-06-24,2025-07-27,2025-07-22,500,500,0,,6.18,6.26,1
PO-009836,128,20,2,2025-07-01,2025-08-03,2025-07-30,500,500,0,,6.18,6.31,1
PO-009837,128,20,8,2025-07-08,2025-08-10,2025-08-05,500,500,0,,6.18,6.3,1
PO-009838,128,20,5,2025-07-29,2025-08-31,2025-08-28,500,500,0,,6.18,6.4,1
PO-009839,128,20,5,2025-08-05,2025-09-07,2025-09-02,500,500,0,,6.18,6.37,1
PO-009840,128,20,8,2025-08-12,2025-09-14,2025-09-11,500,500,32,Short shelf life on arrival,6.18,6.33,1
PO-009841,128,20,4,2025-08-19,2025-09-21,2025-09-19,500,500,0,,6.18,6.29,1
PO-009842,128,20,4,2025-08-26,2025-09-28,2025-10-08,500,500,0,,6.18,6.39,1
PO-009843,128,20,10,2025-09-02,2025-10-05,2025-09-30,500,500,0,,6.18,6.42,1
PO-009844,128,20,6,2025-09-09,2025-10-12,2025-10-08,500,500,0,,6.18,6.42,1
PO-009845,128,20,5,2025-09-16,2025-10-19,2025-10-17,500,500,0,,6.18,6.45,1
PO-009846,128,20,10,2025-09-23,2025-10-26,2025-11-12,500,500,0,,6.18,6.44,1
PO-009847,128,20,7,2025-09-30,2025-11-02,2025-11-01,500,500,0,,6.18,6.37,1
PO-009848,128,20,2,2025-10-07,2025-11-09,2025-11-07,500,500,0,,6.18,6.36,1
PO-009849,128,20,1,2025-10-14,2025-11-16,2025-11-08,500,500,0,,6.18,6.35,1
PO-009850,128,20,6,2025-10-21,2025-11-23,2025-11-22,500,500,0,,6.18,6.36,1
PO-009851,128,20,8,2025-10-28,2025-11-30,2025-11-28,500,500,0,,6.18,6.38,1
PO-009852,128,20,10,2025-11-04,2025-12-07,2025-12-03,500,500,0,,6.18,6.42,1
PO-009853,128,20,6,2025-11-11,2025-12-14,2025-12-11,500,500,20,Temperature excursion in transit,6.18,6.29,1
PO-009854,128,20,10,2025-12-02,2026-01-04,2026-01-03,500,500,47,Temperature excursion in transit,6.18,6.33,1
PO-009855,128,20,6,2025-12-09,2026-01-11,2026-01-10,500,500,0,,6.18,6.42,1
PO-009856,128,20,8,2025-12-16,2026-01-18,2026-01-15,500,500,0,,6.18,6.39,1
PO-009857,128,20,7,2025-12-23,2026-01-25,2026-01-19,500,500,0,,6.18,6.4,1
PO-009858,128,20,10,2025-12-30,2026-02-01,2026-01-27,500,500,0,,6.18,6.21,1
PO-009859,128,20,10,2026-01-06,2026-02-08,2026-02-08,500,500,0,,6.18,6.33,1
PO-009860,128,20,1,2026-01-27,2026-03-01,2026-02-26,500,500,0,,6.18,6.25,1
PO-009861,128,20,6,2026-02-03,2026-03-08,2026-03-07,500,500,0,,6.18,6.27,1
PO-009862,128,20,8,2026-02-10,2026-03-15,2026-03-12,500,500,0,,6.18,6.43,1
PO-009863,128,20,10,2026-02-24,2026-03-29,2026-03-27,500,500,0,,6.18,6.39,1
PO-009864,128,20,10,2026-03-03,2026-04-05,2026-03-30,500,472,0,,6.18,6.54,1
PO-009865,128,20,7,2026-03-10,2026-04-12,2026-04-11,500,500,36,Failed spec check,6.18,6.36,1
PO-009866,128,20,6,2026-03-17,2026-04-19,2026-04-18,500,500,0,,6.18,6.28,1
PO-009867,128,20,7,2026-03-24,2026-04-26,2026-04-24,500,500,0,,6.18,6.35,1
PO-009868,128,20,8,2026-03-31,2026-05-03,2026-04-30,500,500,0,,6.18,6.34,1
PO-009869,128,20,7,2026-04-07,2026-05-10,2026-05-03,500,500,0,,6.18,6.37,1
PO-009870,128,20,4,2026-04-14,2026-05-17,2026-05-17,500,500,0,,6.18,6.35,1
PO-009871,128,20,5,2026-04-21,2026-05-24,2026-05-23,500,439,0,,6.18,6.27,1
PO-009872,128,20,5,2026-04-28,2026-05-31,2026-05-29,500,500,0,,6.18,6.28,1
PO-009873,128,20,10,2026-05-05,2026-06-07,2026-06-05,500,500,0,,6.18,6.31,1
PO-009874,128,20,10,2026-05-12,2026-06-14,2026-06-13,500,500,0,,6.18,6.42,1
PO-009875,128,20,10,2026-05-19,2026-06-21,2026-06-17,500,500,0,,6.18,6.37,1
PO-009876,128,20,10,2026-05-26,2026-06-28,2026-06-22,500,500,0,,6.18,6.38,1
PO-009877,128,20,1,2026-06-02,2026-07-05,2026-07-03,500,500,0,,6.18,6.31,1
PO-009878,128,20,1,2026-06-09,2026-07-12,2026-07-09,500,500,22,Damaged packaging,6.18,6.28,1
PO-009879,128,20,4,2026-06-23,2026-07-26,2026-07-24,500,500,0,,6.18,6.35,1
PO-009880,128,20,2,2026-06-30,2026-08-02,2026-07-29,500,500,0,,6.18,6.42,1
PO-009881,128,4,6,2025-04-15,2025-04-26,2025-04-25,254,254,0,,6.74,7.02,0
PO-009882,128,4,5,2025-04-22,2025-05-03,2025-04-30,207,207,0,,6.74,6.94,0
PO-009883,128,4,5,2025-06-03,2025-06-14,2025-06-13,173,173,0,,6.74,7.13,0
PO-009884,128,4,8,2025-06-24,2025-07-05,2025-07-11,169,169,0,,6.74,7.06,0
PO-009885,128,4,4,2025-07-22,2025-08-02,2025-08-02,267,267,0,,6.74,6.89,0
PO-009886,128,4,6,2025-09-23,2025-10-04,2025-10-01,154,154,0,,6.74,7.02,0
PO-009887,128,4,6,2025-10-07,2025-10-18,2025-10-16,268,268,0,,6.74,6.96,0
PO-009888,128,4,4,2025-10-14,2025-10-25,2025-10-21,110,110,0,,6.74,6.91,0
PO-009889,128,4,10,2025-11-11,2025-11-22,2025-11-30,220,220,0,,6.74,6.87,0
PO-009890,128,4,4,2025-11-18,2025-11-29,2025-12-07,203,203,0,,6.74,6.92,0
PO-009891,128,4,7,2025-12-02,2025-12-13,2025-12-10,127,121,0,,6.74,6.99,0
PO-009892,128,4,4,2026-01-20,2026-01-31,2026-01-27,194,184,0,,6.74,6.82,0
PO-009893,128,4,8,2026-01-27,2026-02-07,2026-02-05,310,310,0,,6.74,7.03,0
PO-009894,128,4,2,2026-02-03,2026-02-14,2026-02-11,164,164,0,,6.74,6.85,0
PO-009895,128,4,6,2026-02-24,2026-03-07,2026-03-10,243,243,0,,6.74,7.0,0
PO-009896,128,4,5,2026-03-17,2026-03-28,2026-04-09,210,210,0,,6.74,6.98,0
PO-009897,128,4,7,2026-03-24,2026-04-04,2026-04-03,152,143,6,Failed spec check,6.74,6.94,0
PO-009898,128,4,2,2026-04-14,2026-04-25,2026-04-26,148,148,0,,6.74,6.78,0
PO-009899,128,4,2,2026-06-09,2026-06-20,2026-06-27,246,246,0,,6.74,7.01,0
PO-009900,128,4,4,2026-06-16,2026-06-27,2026-07-08,306,306,12,Temperature excursion in transit,6.74,6.99,0
PO-009901,128,4,10,2026-06-30,2026-07-11,2026-07-10,143,143,0,,6.74,6.79,0
PO-009902,129,11,5,2025-01-21,2025-02-01,2025-01-31,1134,1134,0,,1.19,1.19,1
PO-009903,129,11,10,2025-01-28,2025-02-08,2025-02-06,1266,1266,0,,1.19,1.21,1
PO-009904,129,11,5,2025-02-04,2025-02-15,2025-02-14,931,931,0,,1.19,1.19,1
PO-009905,129,11,10,2025-02-18,2025-03-01,2025-02-28,913,913,0,,1.19,1.18,1
PO-009906,129,11,4,2025-02-25,2025-03-08,2025-03-08,1191,1191,37,Short shelf life on arrival,1.19,1.21,1
PO-009907,129,11,7,2025-03-04,2025-03-15,2025-03-15,1245,1245,0,,1.19,1.21,1
PO-009908,129,11,4,2025-03-11,2025-03-22,2025-03-22,1091,1091,0,,1.19,1.2,1
PO-009909,129,11,4,2025-03-18,2025-03-29,2025-03-29,963,963,0,,1.19,1.21,1
PO-009910,129,11,3,2025-04-01,2025-04-12,2025-04-11,901,901,0,,1.19,1.2,1
PO-009911,129,11,9,2025-04-08,2025-04-19,2025-04-19,1049,1049,0,,1.19,1.2,1
PO-009912,129,11,1,2025-04-22,2025-05-03,2025-05-02,1019,1019,0,,1.19,1.2,1
PO-009913,129,11,1,2025-04-29,2025-05-10,2025-05-10,922,922,0,,1.19,1.2,1
PO-009914,129,11,4,2025-05-27,2025-06-07,2025-06-07,724,724,0,,1.19,1.18,1
PO-009915,129,11,4,2025-06-10,2025-06-21,2025-06-21,1066,1066,0,,1.19,1.17,1
PO-009916,129,11,3,2025-06-17,2025-06-28,2025-06-28,1156,1156,0,,1.19,1.18,1
PO-009917,129,11,10,2025-07-01,2025-07-12,2025-07-10,1093,1093,34,Temperature excursion in transit,1.19,1.21,1
PO-009918,129,11,3,2025-07-22,2025-08-02,2025-08-01,483,483,0,,1.19,1.18,1
PO-009919,129,11,10,2025-07-29,2025-08-09,2025-08-08,1091,1091,0,,1.19,1.21,1
PO-009920,129,11,9,2025-08-12,2025-08-23,2025-08-23,1152,1152,34,Damaged packaging,1.19,1.19,1
PO-009921,129,11,9,2025-09-02,2025-09-13,2025-09-12,1118,1118,0,,1.19,1.19,1
PO-009922,129,11,1,2025-09-09,2025-09-20,2025-09-20,850,850,0,,1.19,1.18,1
PO-009923,129,11,5,2025-09-16,2025-09-27,2025-09-27,974,974,0,,1.19,1.2,1
PO-009924,129,11,10,2025-10-14,2025-10-25,2025-10-25,1090,1090,0,,1.19,1.17,1
PO-009925,129,11,1,2025-10-21,2025-11-01,2025-11-01,1167,1167,0,,1.19,1.2,1
PO-009926,129,11,5,2025-11-11,2025-11-22,2025-11-20,1091,1091,33,Damaged packaging,1.19,1.19,1
PO-009927,129,11,3,2025-11-18,2025-11-29,2025-11-28,599,599,0,,1.19,1.18,1
PO-009928,129,11,3,2025-12-02,2025-12-13,2025-12-12,740,740,0,,1.19,1.21,1
PO-009929,129,11,3,2025-12-16,2025-12-27,2025-12-26,677,677,0,,1.19,1.2,1
PO-009930,129,11,1,2025-12-23,2026-01-03,2026-01-01,1007,1007,0,,1.19,1.21,1
PO-009931,129,11,5,2025-12-30,2026-01-10,2026-01-09,852,852,0,,1.19,1.22,1
PO-009932,129,11,4,2026-01-13,2026-01-24,2026-01-23,808,808,0,,1.19,1.19,1
PO-009933,129,11,3,2026-01-20,2026-01-31,2026-01-31,698,698,0,,1.19,1.2,1
PO-009934,129,11,5,2026-01-27,2026-02-07,2026-02-05,869,869,0,,1.19,1.21,1
PO-009935,129,11,1,2026-02-10,2026-02-21,2026-02-21,1126,1126,0,,1.19,1.2,1
PO-009936,129,11,9,2026-03-03,2026-03-14,2026-03-27,1133,1133,0,,1.19,1.2,1
PO-009937,129,11,4,2026-03-10,2026-03-21,2026-03-20,1288,1288,0,,1.19,1.19,1
PO-009938,129,11,4,2026-03-24,2026-04-04,2026-04-04,1194,1194,37,Short shelf life on arrival,1.19,1.19,1
PO-009939,129,11,9,2026-03-31,2026-04-11,2026-04-11,953,953,0,,1.19,1.18,1
PO-009940,129,11,9,2026-04-07,2026-04-18,2026-04-16,1057,1057,0,,1.19,1.19,1
PO-009941,129,11,7,2026-04-14,2026-04-25,2026-04-25,972,972,0,,1.19,1.18,1
PO-009942,129,11,4,2026-04-21,2026-05-02,2026-05-01,845,845,0,,1.19,1.21,1
PO-009943,129,11,4,2026-04-28,2026-05-09,2026-05-08,1049,1049,0,,1.19,1.17,1
PO-009944,129,11,3,2026-06-02,2026-06-13,2026-06-12,1239,1239,0,,1.19,1.18,1
PO-009945,129,11,5,2026-06-23,2026-07-04,2026-07-04,1059,1059,0,,1.19,1.18,1
PO-009946,129,11,7,2026-06-30,2026-07-11,2026-07-09,1363,1363,0,,1.19,1.18,1
PO-009947,129,13,3,2025-01-07,2025-01-23,2025-01-28,1262,1262,250,Temperature excursion in transit,1.09,1.14,0
PO-009948,129,13,4,2025-01-21,2025-02-06,2025-02-03,720,720,0,,1.09,1.13,0
PO-009949,129,13,3,2025-02-25,2025-03-13,2025-03-09,901,901,0,,1.09,1.12,0
PO-009950,129,13,3,2025-03-04,2025-03-20,2025-03-18,879,879,0,,1.09,1.15,0
PO-009951,129,13,9,2025-03-25,2025-04-10,2025-04-09,853,853,0,,1.09,1.13,0
PO-009952,129,13,1,2025-04-01,2025-04-17,2025-04-15,937,937,0,,1.09,1.14,0
PO-009953,129,13,1,2025-04-15,2025-05-01,2025-04-27,1193,1193,0,,1.09,1.15,0
PO-009954,129,13,3,2025-05-06,2025-05-22,2025-05-15,927,813,0,,1.09,1.12,0
PO-009955,129,13,4,2025-06-03,2025-06-19,2025-06-19,855,855,0,,1.09,1.14,0
PO-009956,129,13,7,2025-06-17,2025-07-03,2025-06-19,749,749,41,Failed spec check,1.09,1.14,0
PO-009957,129,13,5,2025-07-29,2025-08-14,2025-08-12,1203,1203,0,,1.09,1.14,0
PO-009958,129,13,4,2025-08-19,2025-09-04,2025-09-18,1017,1017,0,,1.09,1.14,0
PO-009959,129,13,3,2025-09-02,2025-09-18,2025-09-22,592,592,0,,1.09,1.15,0
PO-009960,129,13,9,2025-10-07,2025-10-23,2025-10-20,994,994,0,,1.09,1.13,0
PO-009961,129,13,3,2025-11-04,2025-11-20,2025-11-25,887,887,0,,1.09,1.11,0
PO-009962,129,13,10,2025-11-18,2025-12-04,2025-11-30,724,724,0,,1.09,1.15,0
PO-009963,129,13,4,2026-02-17,2026-03-05,2026-03-03,607,607,0,,1.09,1.13,0
PO-009964,129,13,9,2026-03-17,2026-04-02,2026-04-01,973,973,0,,1.09,1.14,0
PO-009965,129,13,1,2026-03-24,2026-04-09,2026-04-07,957,957,0,,1.09,1.12,0
PO-009966,129,13,7,2026-04-07,2026-04-23,2026-04-19,1003,1003,0,,1.09,1.13,0
PO-009967,129,13,4,2026-05-26,2026-06-11,2026-06-06,776,776,0,,1.09,1.12,0
PO-009968,129,13,1,2026-06-30,2026-07-16,2026-07-11,1093,975,0,,1.09,1.14,0
PO-009969,129,1,10,2025-08-19,2025-09-07,2025-09-08,271,271,0,,1.05,1.07,0
PO-009970,129,1,5,2026-01-06,2026-01-25,2026-01-24,250,238,0,,1.05,1.05,0
PO-009971,129,1,5,2026-06-02,2026-06-21,2026-06-27,287,287,0,,1.05,1.05,0
PO-009972,129,1,5,2026-06-16,2026-07-05,2026-07-04,299,299,0,,1.05,1.06,0
PO-009973,130,1,1,2025-01-07,2025-01-23,2025-01-23,500,500,0,,6.1,6.28,0
PO-009974,130,1,9,2025-02-25,2025-03-13,2025-03-19,500,500,0,,6.1,6.15,0
PO-009975,130,1,3,2025-03-04,2025-03-20,2025-03-20,500,500,94,Damaged packaging,6.1,6.1,0
PO-009976,130,1,3,2025-04-08,2025-04-24,2025-04-20,500,500,0,,6.1,6.12,0
PO-009977,130,1,5,2025-04-22,2025-05-08,2025-05-06,500,500,0,,6.1,6.02,0
PO-009978,130,1,4,2025-05-20,2025-06-05,2025-06-24,500,500,0,,6.1,6.12,0
PO-009979,130,1,3,2025-06-10,2025-06-26,2025-06-25,500,475,0,,6.1,6.13,0
PO-009980,130,1,10,2025-06-24,2025-07-10,2025-07-06,500,500,0,,6.1,6.2,0
PO-009981,130,1,7,2025-07-01,2025-07-17,2025-07-19,500,475,0,,6.1,6.17,0
PO-009982,130,1,7,2025-07-08,2025-07-24,2025-07-26,500,500,58,Short shelf life on arrival,6.1,6.03,0
PO-009983,130,1,1,2025-07-29,2025-08-14,2025-08-13,500,500,43,Documentation incomplete,6.1,6.08,0
PO-009984,130,1,4,2025-08-19,2025-09-04,2025-09-01,500,500,0,,6.1,6.25,0
PO-009985,130,1,3,2025-09-02,2025-09-18,2025-09-15,500,500,34,Documentation incomplete,6.1,6.09,0
PO-009986,130,1,7,2025-09-16,2025-10-02,2025-10-15,500,500,0,,6.1,6.16,0
PO-009987,130,1,1,2025-10-14,2025-10-30,2025-10-31,500,500,0,,6.1,6.08,0
PO-009988,130,1,4,2025-10-21,2025-11-06,2025-11-04,500,500,0,,6.1,6.12,0
PO-009989,130,1,10,2025-10-28,2025-11-13,2025-11-14,500,500,0,,6.1,6.11,0
PO-009990,130,1,9,2025-12-09,2025-12-25,2026-01-05,500,482,0,,6.1,6.09,0
PO-009991,130,1,4,2025-12-16,2026-01-01,2025-12-27,500,481,0,,6.1,6.15,0
PO-009992,130,1,9,2026-01-27,2026-02-12,2026-02-23,500,500,0,,6.1,6.16,0
PO-009993,130,1,10,2026-02-03,2026-02-19,2026-02-24,500,500,0,,6.1,6.19,0
PO-009994,130,1,7,2026-02-17,2026-03-05,2026-03-04,500,500,0,,6.1,6.15,0
PO-009995,130,1,5,2026-03-10,2026-03-26,2026-03-31,500,500,0,,6.1,6.17,0
PO-009996,130,1,3,2026-04-07,2026-04-23,2026-04-25,500,500,0,,6.1,6.15,0
PO-009997,130,1,1,2026-05-05,2026-05-21,2026-05-20,500,485,0,,6.1,6.14,0
PO-009998,130,1,3,2026-06-09,2026-06-25,2026-06-25,500,500,0,,6.1,6.23,0
PO-009999,130,1,1,2026-06-16,2026-07-02,2026-07-13,500,500,0,,6.1,6.19,0
PO-010000,130,23,9,2025-01-07,2025-01-19,2025-01-18,107,107,0,,6.52,7.05,1
PO-010001,130,23,7,2025-01-14,2025-01-26,2025-01-26,100,100,0,,6.52,6.92,1
PO-010002,130,23,9,2025-01-21,2025-02-02,2025-02-02,100,100,0,,6.52,6.93,1
PO-010003,130,23,9,2025-02-04,2025-02-16,2025-02-14,100,100,0,,6.52,6.97,1
PO-010004,130,23,4,2025-02-11,2025-02-23,2025-02-22,100,100,0,,6.52,6.9,1
PO-010005,130,23,4,2025-03-11,2025-03-23,2025-03-22,100,100,0,,6.52,7.03,1
PO-010006,130,23,5,2025-04-01,2025-04-13,2025-04-13,100,100,0,,6.52,6.99,1
PO-010007,130,23,10,2025-04-08,2025-04-20,2025-04-19,100,100,0,,6.52,7.01,1
PO-010008,130,23,10,2025-04-22,2025-05-04,2025-05-03,100,100,0,,6.52,6.82,1
PO-010009,130,23,7,2025-05-13,2025-05-25,2025-05-23,100,100,0,,6.52,6.94,1
PO-010010,130,23,10,2025-05-20,2025-06-01,2025-06-01,125,125,0,,6.52,6.97,1
PO-010011,130,23,10,2025-05-27,2025-06-08,2025-06-07,100,100,0,,6.52,7.06,1
PO-010012,130,23,9,2025-06-03,2025-06-15,2025-06-14,103,103,0,,6.52,6.98,1
PO-010013,130,23,5,2025-06-10,2025-06-22,2025-06-22,100,100,0,,6.52,6.86,1
PO-010014,130,23,4,2025-06-24,2025-07-06,2025-07-04,104,104,0,,6.52,6.87,1
PO-010015,130,23,4,2025-07-01,2025-07-13,2025-07-11,100,100,0,,6.52,6.89,1
PO-010016,130,23,10,2025-07-22,2025-08-03,2025-08-02,100,100,0,,6.52,6.86,1
PO-010017,130,23,1,2025-08-05,2025-08-17,2025-08-16,125,125,0,,6.52,6.92,1
PO-010018,130,23,1,2025-08-26,2025-09-07,2025-09-06,100,100,0,,6.52,6.87,1
PO-010019,130,23,1,2025-09-09,2025-09-21,2025-09-20,103,103,0,,6.52,6.97,1
PO-010020,130,23,1,2025-09-23,2025-10-05,2025-10-05,100,100,0,,6.52,6.99,1
PO-010021,130,23,10,2025-10-07,2025-10-19,2025-10-18,123,123,0,,6.52,6.95,1
PO-010022,130,23,5,2025-10-14,2025-10-26,2025-10-25,100,100,0,,6.52,6.95,1
PO-010023,130,23,7,2025-10-21,2025-11-02,2025-10-31,108,108,0,,6.52,6.99,1
PO-010024,130,23,5,2025-11-11,2025-11-23,2025-11-23,118,118,0,,6.52,6.91,1
PO-010025,130,23,9,2025-11-18,2025-11-30,2025-11-29,101,101,0,,6.52,6.95,1
PO-010026,130,23,10,2025-11-25,2025-12-07,2025-12-07,100,100,0,,6.52,6.92,1
PO-010027,130,23,5,2025-12-23,2026-01-04,2026-01-03,103,103,0,,6.52,7.1,1
PO-010028,130,23,9,2025-12-30,2026-01-11,2026-01-11,100,100,0,,6.52,6.95,1
PO-010029,130,23,10,2026-01-06,2026-01-18,2026-01-18,100,100,0,,6.52,6.93,1
PO-010030,130,23,9,2026-01-13,2026-01-25,2026-02-04,132,132,0,,6.52,6.97,1
PO-010031,130,23,4,2026-01-27,2026-02-08,2026-02-07,100,100,0,,6.52,6.96,1
PO-010032,130,23,5,2026-02-03,2026-02-15,2026-02-13,104,104,0,,6.52,6.97,1
PO-010033,130,23,10,2026-02-24,2026-03-08,2026-03-06,100,85,0,,6.52,6.96,1
PO-010034,130,23,9,2026-03-03,2026-03-15,2026-03-14,111,111,0,,6.52,6.97,1
PO-010035,130,23,3,2026-03-10,2026-03-22,2026-03-21,114,114,0,,6.52,7.0,1
PO-010036,130,23,5,2026-04-14,2026-04-26,2026-04-26,100,100,0,,6.52,6.92,1
PO-010037,130,23,3,2026-04-28,2026-05-10,2026-05-10,100,100,0,,6.52,7.03,1
PO-010038,130,23,1,2026-05-05,2026-05-17,2026-05-21,100,100,0,,6.52,6.77,1
PO-010039,130,23,9,2026-05-12,2026-05-24,2026-05-23,151,151,0,,6.52,7.01,1
PO-010040,130,23,9,2026-05-19,2026-05-31,2026-05-31,100,100,0,,6.52,6.89,1
PO-010041,130,23,3,2026-05-26,2026-06-07,2026-06-05,100,100,0,,6.52,6.93,1
PO-010042,130,23,5,2026-06-09,2026-06-21,2026-06-21,100,100,0,,6.52,7.01,1
PO-010043,130,23,9,2026-06-23,2026-07-05,2026-07-04,127,127,0,,6.52,7.1,1
PO-010044,130,23,7,2026-06-30,2026-07-12,2026-07-12,100,100,0,,6.52,6.99,1
PO-010045,131,1,2,2025-01-07,2025-01-23,2025-01-20,266,266,0,,31.24,31.76,1
PO-010046,131,1,6,2025-01-21,2025-02-06,2025-02-05,296,296,0,,31.24,31.55,1
PO-010047,131,1,8,2025-01-28,2025-02-13,2025-02-15,287,287,0,,31.24,31.21,1
PO-010048,131,1,2,2025-02-11,2025-02-27,2025-02-26,237,237,0,,31.24,31.36,1
PO-010049,131,1,8,2025-02-18,2025-03-06,2025-03-07,203,203,0,,31.24,31.47,1
PO-010050,131,1,6,2025-03-04,2025-03-20,2025-04-09,275,275,0,,31.24,31.27,1
PO-010051,131,1,4,2025-03-11,2025-03-27,2025-03-29,230,230,0,,31.24,32.4,1
PO-010052,131,1,1,2025-03-18,2025-04-03,2025-04-09,248,248,0,,31.24,31.86,1
PO-010053,131,1,7,2025-03-25,2025-04-10,2025-04-10,212,212,0,,31.24,31.16,1
PO-010054,131,1,8,2025-04-08,2025-04-24,2025-04-27,288,288,0,,31.24,31.2,1
PO-010055,131,1,5,2025-04-15,2025-05-01,2025-05-11,301,301,0,,31.24,31.92,1
PO-010056,131,1,4,2025-04-22,2025-05-08,2025-05-04,302,302,0,,31.24,31.24,1
PO-010057,131,1,7,2025-04-29,2025-05-15,2025-05-13,272,272,0,,31.24,31.69,1
PO-010058,131,1,1,2025-05-06,2025-05-22,2025-05-21,275,275,0,,31.24,31.97,1
PO-010059,131,1,5,2025-05-13,2025-05-29,2025-05-28,291,291,0,,31.24,31.31,1
PO-010060,131,1,4,2025-06-10,2025-06-26,2025-06-30,143,143,0,,31.24,31.52,1
PO-010061,131,1,8,2025-07-01,2025-07-17,2025-07-15,159,159,0,,31.24,30.94,1
PO-010062,131,1,10,2025-07-15,2025-07-31,2025-08-03,209,209,0,,31.24,31.84,1
PO-010063,131,1,5,2025-07-29,2025-08-14,2025-08-21,231,231,0,,31.24,31.71,1
PO-010064,131,1,2,2025-08-12,2025-08-28,2025-08-24,297,297,0,,31.24,31.4,1
PO-010065,131,1,5,2025-08-26,2025-09-11,2025-09-07,286,286,0,,31.24,31.29,1
PO-010066,131,1,10,2025-09-02,2025-09-18,2025-09-22,329,329,0,,31.24,31.65,1
PO-010067,131,1,2,2025-09-30,2025-10-16,2025-10-25,295,295,0,,31.24,31.71,1
PO-010068,131,1,1,2025-10-07,2025-10-23,2025-10-21,172,172,0,,31.24,31.61,1
PO-010069,131,1,2,2025-10-14,2025-10-30,2025-10-29,263,263,0,,31.24,31.33,1
PO-010070,131,1,4,2025-11-11,2025-11-27,2025-11-25,168,168,0,,31.24,31.65,1
PO-010071,131,1,8,2025-12-16,2026-01-01,2026-01-05,224,224,0,,31.24,31.35,1
PO-010072,131,1,10,2025-12-23,2026-01-08,2026-01-06,176,176,0,,31.24,31.51,1
PO-010073,131,1,2,2026-01-06,2026-01-22,2026-01-21,319,319,0,,31.24,30.95,1
PO-010074,131,1,5,2026-02-10,2026-02-26,2026-02-24,144,144,0,,31.24,31.99,1
PO-010075,131,1,7,2026-03-03,2026-03-19,2026-03-16,262,262,0,,31.24,30.58,1
PO-010076,131,1,5,2026-03-31,2026-04-16,2026-04-12,277,277,0,,31.24,32.02,1
PO-010077,131,1,8,2026-04-07,2026-04-23,2026-04-24,252,252,0,,31.24,31.5,1
PO-010078,131,1,2,2026-04-21,2026-05-07,2026-05-15,254,254,0,,31.24,31.14,1
PO-010079,131,1,4,2026-04-28,2026-05-14,2026-05-10,177,177,0,,31.24,31.37,1
PO-010080,131,1,10,2026-05-05,2026-05-21,2026-05-26,299,299,0,,31.24,31.42,1
PO-010081,131,1,2,2026-05-12,2026-05-28,2026-05-23,239,239,0,,31.24,30.94,1
PO-010082,131,1,2,2026-05-19,2026-06-04,2026-06-18,294,283,0,,31.24,31.68,1
PO-010083,131,1,6,2026-06-02,2026-06-18,2026-06-17,184,184,0,,31.24,31.07,1
PO-010084,131,1,6,2026-06-09,2026-06-25,2026-06-23,265,265,0,,31.24,30.92,1
PO-010085,131,1,1,2026-06-16,2026-07-02,2026-07-02,312,302,0,,31.24,31.39,1
PO-010086,131,1,2,2026-06-30,2026-07-16,2026-07-29,186,186,0,,31.24,31.41,1
PO-010087,131,5,2,2025-01-07,2025-02-04,2025-02-10,324,315,0,,31.59,31.65,0
PO-010088,131,5,2,2025-01-14,2025-02-11,2025-02-07,198,198,0,,31.59,31.84,0
PO-010089,131,5,4,2025-01-28,2025-02-25,2025-02-20,229,229,0,,31.59,31.83,0
PO-010090,131,5,5,2025-02-04,2025-03-04,2025-02-28,200,200,0,,31.59,31.52,0
PO-010091,131,5,4,2025-02-11,2025-03-11,2025-03-01,239,229,9,Temperature excursion in transit,31.59,31.83,0
PO-010092,131,5,5,2025-02-18,2025-03-18,2025-02-19,256,256,0,,31.59,31.56,0
PO-010093,131,5,5,2025-03-25,2025-04-22,2025-05-06,336,336,12,Temperature excursion in transit,31.59,31.22,0
PO-010094,131,5,8,2025-04-01,2025-04-29,2025-04-27,268,253,0,,31.59,31.87,0
PO-010095,131,5,10,2025-04-22,2025-05-20,2025-05-19,205,205,0,,31.59,31.66,0
PO-010096,131,5,8,2025-05-06,2025-06-03,2025-05-28,326,326,0,,31.59,32.24,0
PO-010097,131,5,4,2025-05-13,2025-06-10,2025-06-16,289,289,0,,31.59,31.55,0
PO-010098,131,5,10,2025-05-20,2025-06-17,2025-06-16,189,183,0,,31.59,31.81,0
PO-010099,131,5,1,2025-06-10,2025-07-08,2025-06-28,110,104,0,,31.59,31.48,0
PO-010100,131,5,5,2025-06-17,2025-07-15,2025-07-15,187,187,0,,31.59,32.27,0
PO-010101,131,5,4,2025-07-08,2025-08-05,2025-08-03,367,367,0,,31.59,31.79,0
PO-010102,131,5,7,2025-07-22,2025-08-19,2025-08-12,327,327,19,Failed spec check,31.59,32.26,0
PO-010103,131,5,4,2025-07-29,2025-08-26,2025-08-16,347,347,0,,31.59,31.9,0
PO-010104,131,5,5,2025-08-12,2025-09-09,2025-09-09,326,326,0,,31.59,31.47,0
PO-010105,131,5,8,2025-08-26,2025-09-23,2025-09-22,205,205,6,Temperature excursion in transit,31.59,32.25,0
PO-010106,131,5,1,2025-09-23,2025-10-21,2025-10-22,311,311,0,,31.59,31.39,0
PO-010107,131,5,1,2025-09-30,2025-10-28,2025-10-26,100,100,0,,31.59,31.58,0
PO-010108,131,5,2,2025-10-28,2025-11-25,2025-11-12,297,297,0,,31.59,31.52,0
PO-010109,131,5,4,2025-11-04,2025-12-02,2025-11-30,323,308,0,,31.59,30.78,0
PO-010110,131,5,7,2025-11-18,2025-12-16,2025-12-12,309,309,0,,31.59,32.17,0
PO-010111,131,5,4,2025-12-16,2026-01-13,2026-01-05,238,238,0,,31.59,32.25,0
PO-010112,131,5,2,2026-01-06,2026-02-03,2026-02-02,247,247,0,,31.59,31.87,0
PO-010113,131,5,5,2026-01-13,2026-02-10,2026-02-04,240,240,9,Failed spec check,31.59,31.65,0
PO-010114,131,5,8,2026-01-27,2026-02-24,2026-02-15,290,290,0,,31.59,31.98,0
PO-010115,131,5,10,2026-02-03,2026-03-03,2026-03-06,314,314,11,Temperature excursion in transit,31.59,31.37,0
PO-010116,131,5,2,2026-02-17,2026-03-17,2026-03-26,185,185,0,,31.59,31.83,0
PO-010117,131,5,6,2026-02-24,2026-03-24,2026-03-16,286,276,0,,31.59,31.26,0
PO-010118,131,5,7,2026-04-14,2026-05-12,2026-05-08,272,272,0,,31.59,31.41,0
PO-010119,131,5,1,2026-04-21,2026-05-19,2026-05-19,242,242,15,Damaged packaging,31.59,31.84,0
PO-010120,131,5,4,2026-05-05,2026-06-02,2026-06-03,207,207,9,Failed spec check,31.59,32.15,0
PO-010121,131,5,10,2026-06-02,2026-06-30,2026-06-21,270,270,0,,31.59,31.3,0
PO-010122,131,5,4,2026-06-16,2026-07-14,2026-07-07,267,267,18,Short shelf life on arrival,31.59,31.56,0
PO-010123,132,11,7,2025-01-21,2025-02-01,2025-02-01,500,500,0,,4.4,4.41,1
PO-010124,132,11,5,2025-01-28,2025-02-08,2025-02-07,500,500,0,,4.4,4.47,1
PO-010125,132,11,5,2025-03-25,2025-04-05,2025-04-05,500,500,0,,4.4,4.5,1
PO-010126,132,11,2,2025-04-15,2025-04-26,2025-04-25,500,500,0,,4.4,4.41,1
PO-010127,132,11,8,2025-04-22,2025-05-03,2025-05-02,500,500,0,,4.4,4.47,1
PO-010128,132,11,10,2025-05-06,2025-05-17,2025-05-17,500,500,0,,4.4,4.39,1
PO-010129,132,11,2,2025-05-20,2025-05-31,2025-05-31,500,500,0,,4.4,4.41,1
PO-010130,132,11,8,2025-06-03,2025-06-14,2025-06-14,500,500,0,,4.4,4.41,1
PO-010131,132,11,7,2025-06-10,2025-06-21,2025-06-20,500,500,0,,4.4,4.37,1
PO-010132,132,11,4,2025-06-17,2025-06-28,2025-06-26,500,500,0,,4.4,4.47,1
PO-010133,132,11,10,2025-06-24,2025-07-05,2025-07-04,500,500,0,,4.4,4.45,1
PO-010134,132,11,6,2025-07-01,2025-07-12,2025-07-12,500,500,0,,4.4,4.4,1
PO-010135,132,11,5,2025-07-08,2025-07-19,2025-07-18,500,500,0,,4.4,4.49,1
PO-010136,132,11,8,2025-07-22,2025-08-02,2025-08-02,500,500,0,,4.4,4.37,1
PO-010137,132,11,5,2025-08-12,2025-08-23,2025-09-15,500,500,0,,4.4,4.48,1
PO-010138,132,11,1,2025-08-19,2025-08-30,2025-08-29,500,500,0,,4.4,4.45,1
PO-010139,132,11,6,2025-08-26,2025-09-06,2025-09-05,500,500,0,,4.4,4.43,1
PO-010140,132,11,8,2025-09-16,2025-09-27,2025-09-26,500,500,15,Documentation incomplete,4.4,4.42,1
PO-010141,132,11,8,2025-09-23,2025-10-04,2025-10-04,500,500,0,,4.4,4.45,1
PO-010142,132,11,10,2025-10-14,2025-10-25,2025-10-25,500,500,0,,4.4,4.49,1
PO-010143,132,11,6,2025-11-04,2025-11-15,2025-11-14,500,500,0,,4.4,4.47,1
PO-010144,132,11,10,2025-11-11,2025-11-22,2025-11-20,500,500,15,Temperature excursion in transit,4.4,4.45,1
PO-010145,132,11,2,2025-12-02,2025-12-13,2025-12-13,500,500,0,,4.4,4.38,1
PO-010146,132,11,8,2025-12-09,2025-12-20,2025-12-19,500,500,16,Temperature excursion in transit,4.4,4.37,1
PO-010147,132,11,6,2025-12-16,2025-12-27,2025-12-26,500,500,0,,4.4,4.49,1
PO-010148,132,11,4,2025-12-23,2026-01-03,2026-01-02,500,500,0,,4.4,4.44,1
PO-010149,132,11,4,2026-01-06,2026-01-17,2026-01-17,500,500,0,,4.4,4.37,1
PO-010150,132,11,6,2026-01-13,2026-01-24,2026-01-24,500,500,0,,4.4,4.39,1
PO-010151,132,11,4,2026-01-20,2026-01-31,2026-02-03,500,500,0,,4.4,4.46,1
PO-010152,132,11,8,2026-01-27,2026-02-07,2026-02-06,500,500,0,,4.4,4.43,1
PO-010153,132,11,4,2026-02-03,2026-02-14,2026-02-14,500,500,0,,4.4,4.48,1
PO-010154,132,11,6,2026-02-10,2026-02-21,2026-02-21,500,500,0,,4.4,4.49,1
PO-010155,132,11,7,2026-02-17,2026-02-28,2026-02-26,500,500,0,,4.4,4.45,1
PO-010156,132,11,2,2026-02-24,2026-03-07,2026-03-06,500,500,0,,4.4,4.4,1
PO-010157,132,11,2,2026-03-03,2026-03-14,2026-03-14,500,500,0,,4.4,4.33,1
PO-010158,132,11,6,2026-03-17,2026-03-28,2026-03-28,500,500,0,,4.4,4.37,1
PO-010159,132,11,5,2026-03-24,2026-04-04,2026-04-03,500,500,0,,4.4,4.41,1
PO-010160,132,11,1,2026-04-07,2026-04-18,2026-04-17,500,500,0,,4.4,4.45,1
PO-010161,132,11,1,2026-04-14,2026-04-25,2026-04-24,500,500,0,,4.4,4.38,1
PO-010162,132,11,7,2026-04-21,2026-05-02,2026-05-01,500,500,0,,4.4,4.55,1
PO-010163,132,11,7,2026-05-12,2026-05-23,2026-05-23,500,500,0,,4.4,4.45,1
PO-010164,132,11,5,2026-05-19,2026-05-30,2026-05-29,500,500,0,,4.4,4.47,1
PO-010165,132,11,7,2026-06-02,2026-06-13,2026-06-12,500,500,0,,4.4,4.42,1
PO-010166,132,11,8,2026-06-23,2026-07-04,2026-07-01,500,500,0,,4.4,4.47,1
PO-010167,132,11,6,2026-06-30,2026-07-11,2026-07-10,500,500,0,,4.4,4.47,1
PO-010168,132,16,10,2025-01-28,2025-02-28,2025-02-25,131,131,5,Documentation incomplete,3.57,3.51,0
PO-010169,132,16,10,2025-02-04,2025-03-07,2025-02-28,67,67,0,,3.57,3.47,0
PO-010170,132,16,8,2025-02-18,2025-03-21,2025-03-21,94,94,0,,3.57,3.5,0
PO-010171,132,16,1,2025-04-08,2025-05-09,2025-04-28,138,138,0,,3.57,3.51,0
PO-010172,132,16,6,2025-04-29,2025-05-30,2025-05-27,71,71,0,,3.57,3.45,0
PO-010173,132,16,4,2025-05-27,2025-06-27,2025-06-19,90,90,0,,3.57,3.51,0
PO-010174,132,16,1,2025-07-15,2025-08-15,2025-08-08,104,104,12,Damaged packaging,3.57,3.49,0
PO-010175,132,16,6,2025-08-19,2025-09-19,2025-09-09,129,129,0,,3.57,3.47,0
PO-010176,132,16,10,2025-10-07,2025-11-07,2025-11-06,95,95,0,,3.57,3.48,0
PO-010177,132,16,10,2025-10-21,2025-11-21,2025-11-17,60,60,0,,3.57,3.4,0
PO-010178,132,16,5,2025-10-28,2025-11-28,2025-11-27,70,70,0,,3.57,3.47,0
PO-010179,132,16,4,2025-11-25,2025-12-26,2025-12-14,127,127,0,,3.57,3.5,0
PO-010180,132,16,7,2025-12-09,2026-01-09,2026-01-01,152,152,0,,3.57,3.5,0
PO-010181,132,16,1,2025-12-16,2026-01-16,2026-01-10,109,109,0,,3.57,3.5,0
PO-010182,132,16,5,2026-01-06,2026-02-06,2026-02-02,77,77,0,,3.57,3.43,0
PO-010183,132,16,1,2026-02-10,2026-03-13,2026-02-26,91,91,0,,3.57,3.49,0
PO-010184,132,19,10,2025-01-14,2025-02-18,2025-02-14,122,122,4,Temperature excursion in transit,3.71,3.7,0
PO-010185,132,19,10,2025-01-28,2025-03-04,2025-03-07,134,134,0,,3.71,3.69,0
PO-010186,132,19,4,2025-02-25,2025-04-01,2025-04-01,123,123,0,,3.71,3.73,0
PO-010187,132,19,5,2025-03-11,2025-04-15,2025-04-14,121,121,0,,3.71,3.72,0
PO-010188,132,19,4,2025-04-01,2025-05-06,2025-04-27,140,140,0,,3.71,3.74,0
PO-010189,132,19,8,2025-05-13,2025-06-17,2025-06-08,156,156,0,,3.71,3.71,0
PO-010190,132,19,6,2025-06-17,2025-07-22,2025-07-17,100,100,0,,3.71,3.77,0
PO-010191,132,19,7,2025-06-24,2025-07-29,2025-07-15,126,126,0,,3.71,3.71,0
PO-010192,132,19,5,2025-07-22,2025-08-26,2025-09-16,155,142,0,,3.71,3.73,0
PO-010193,132,19,1,2025-08-19,2025-09-23,2025-09-19,129,129,0,,3.71,3.72,0
PO-010194,132,19,6,2025-08-26,2025-09-30,2025-09-23,100,100,0,,3.71,3.63,0
PO-010195,132,19,10,2025-10-28,2025-12-02,2025-12-01,108,108,0,,3.71,3.72,0
PO-010196,132,19,10,2025-11-25,2025-12-30,2025-12-03,156,156,0,,3.71,3.68,0
PO-010197,132,19,5,2026-01-06,2026-02-10,2026-02-09,100,100,0,,3.71,3.68,0
PO-010198,132,19,6,2026-02-17,2026-03-24,2026-03-22,100,100,0,,3.71,3.81,0
PO-010199,132,19,2,2026-03-17,2026-04-21,2026-04-11,161,161,0,,3.71,3.72,0
PO-010200,132,19,7,2026-03-31,2026-05-05,2026-05-01,139,139,0,,3.71,3.71,0
PO-010201,132,19,4,2026-04-28,2026-06-02,2026-05-30,133,133,0,,3.71,3.71,0
PO-010202,132,19,6,2026-05-19,2026-06-23,2026-06-10,104,104,0,,3.71,3.72,0
PO-010203,132,19,6,2026-06-16,2026-07-21,2026-07-18,120,120,0,,3.71,3.67,0
PO-010204,133,12,7,2025-01-07,2025-01-16,2025-01-15,500,500,0,,6.65,6.5,1
PO-010205,133,12,7,2025-01-14,2025-01-23,2025-01-19,621,621,0,,6.65,6.43,1
PO-010206,133,12,9,2025-01-28,2025-02-06,2025-02-06,500,500,0,,6.65,6.34,1
PO-010207,133,12,9,2025-02-11,2025-02-20,2025-02-19,500,500,0,,6.65,6.53,1
PO-010208,133,12,7,2025-02-25,2025-03-06,2025-03-06,665,665,0,,6.65,6.48,1
PO-010209,133,12,4,2025-03-04,2025-03-13,2025-03-12,500,500,0,,6.65,6.45,1
PO-010210,133,12,7,2025-03-11,2025-03-20,2025-03-16,669,669,0,,6.65,6.42,1
PO-010211,133,12,1,2025-03-18,2025-03-27,2025-03-24,520,520,0,,6.65,6.39,1
PO-010212,133,12,4,2025-03-25,2025-04-03,2025-04-02,648,648,0,,6.65,6.47,1
PO-010213,133,12,7,2025-04-01,2025-04-10,2025-04-08,595,595,0,,6.65,6.44,1
PO-010214,133,12,5,2025-04-29,2025-05-08,2025-05-02,500,500,0,,6.65,6.46,1
PO-010215,133,12,4,2025-05-13,2025-05-22,2025-05-20,583,583,0,,6.65,6.47,1
PO-010216,133,12,4,2025-05-27,2025-06-05,2025-06-08,704,704,0,,6.65,6.41,1
PO-010217,133,12,9,2025-06-10,2025-06-19,2025-06-18,538,538,0,,6.65,6.47,1
PO-010218,133,12,5,2025-06-17,2025-06-26,2025-06-25,500,500,0,,6.65,6.47,1
PO-010219,133,12,1,2025-06-24,2025-07-03,2025-07-05,626,626,0,,6.65,6.39,1
PO-010220,133,12,7,2025-07-01,2025-07-10,2025-07-09,500,500,0,,6.65,6.39,1
PO-010221,133,12,1,2025-07-08,2025-07-17,2025-07-18,638,638,0,,6.65,6.33,1
PO-010222,133,12,7,2025-07-22,2025-07-31,2025-07-29,527,527,0,,6.65,6.52,1
PO-010223,133,12,5,2025-07-29,2025-08-07,2025-08-05,670,670,0,,6.65,6.55,1
PO-010224,133,12,7,2025-08-05,2025-08-14,2025-08-12,741,741,0,,6.65,6.44,1
PO-010225,133,12,3,2025-08-12,2025-08-21,2025-08-25,593,593,0,,6.65,6.38,1
PO-010226,133,12,1,2025-08-19,2025-08-28,2025-08-23,500,500,0,,6.65,6.4,1
PO-010227,133,12,10,2025-08-26,2025-09-04,2025-09-01,780,780,0,,6.65,6.44,1
PO-010228,133,12,9,2025-09-02,2025-09-11,2025-09-08,500,500,0,,6.65,6.42,1
PO-010229,133,12,1,2025-09-09,2025-09-18,2025-09-17,535,535,0,,6.65,6.52,1
PO-010230,133,12,1,2025-09-16,2025-09-25,2025-09-24,558,558,0,,6.65,6.35,1
PO-010231,133,12,1,2025-09-23,2025-10-02,2025-10-02,744,744,0,,6.65,6.44,1
PO-010232,133,12,1,2025-09-30,2025-10-09,2025-10-06,653,653,0,,6.65,6.45,1
PO-010233,133,12,9,2025-10-07,2025-10-16,2025-10-16,653,653,0,,6.65,6.43,1
PO-010234,133,12,7,2025-10-21,2025-10-30,2025-10-30,767,767,0,,6.65,6.37,1
PO-010235,133,12,4,2025-11-18,2025-11-27,2025-11-24,555,555,0,,6.65,6.55,1
PO-010236,133,12,3,2025-11-25,2025-12-04,2025-12-02,685,685,0,,6.65,6.4,1
PO-010237,133,12,5,2025-12-02,2025-12-11,2025-12-08,500,500,0,,6.65,6.48,1
PO-010238,133,12,1,2025-12-23,2026-01-01,2025-12-30,516,516,0,,6.65,6.53,1
PO-010239,133,12,1,2025-12-30,2026-01-08,2026-01-04,589,589,0,,6.65,6.35,1
PO-010240,133,12,4,2026-01-13,2026-01-22,2026-01-15,500,500,0,,6.65,6.42,1
PO-010241,133,12,7,2026-01-20,2026-01-29,2026-01-25,517,517,0,,6.65,6.42,1
PO-010242,133,12,4,2026-01-27,2026-02-05,2026-02-04,828,828,0,,6.65,6.43,1
PO-010243,133,12,10,2026-02-03,2026-02-12,2026-02-06,500,500,0,,6.65,6.33,1
PO-010244,133,12,4,2026-02-10,2026-02-19,2026-02-17,500,500,0,,6.65,6.47,1
PO-010245,133,12,3,2026-02-24,2026-03-05,2026-03-03,763,763,0,,6.65,6.42,1
PO-010246,133,12,10,2026-03-10,2026-03-19,2026-03-19,500,500,0,,6.65,6.42,1
PO-010247,133,12,10,2026-03-17,2026-03-26,2026-03-25,500,500,0,,6.65,6.54,1
PO-010248,133,12,7,2026-03-24,2026-04-02,2026-03-31,564,564,0,,6.65,6.5,1
PO-010249,133,12,3,2026-03-31,2026-04-09,2026-04-09,618,618,0,,6.65,6.51,1
PO-010250,133,12,7,2026-04-14,2026-04-23,2026-04-18,560,560,0,,6.65,6.43,1
PO-010251,133,12,10,2026-04-21,2026-04-30,2026-04-25,785,785,0,,6.65,6.44,1
PO-010252,133,12,10,2026-05-05,2026-05-14,2026-05-12,623,623,0,,6.65,6.43,1
PO-010253,133,12,9,2026-05-19,2026-05-28,2026-05-29,783,783,0,,6.65,6.44,1
PO-010254,133,12,4,2026-05-26,2026-06-04,2026-06-03,983,983,0,,6.65,6.47,1
PO-010255,133,12,9,2026-06-02,2026-06-11,2026-06-11,600,600,0,,6.65,6.52,1
PO-010256,133,12,10,2026-06-09,2026-06-18,2026-06-16,728,728,0,,6.65,6.49,1
PO-010257,133,12,10,2026-06-23,2026-07-02,2026-07-09,500,500,0,,6.65,6.42,1
PO-010258,133,12,10,2026-06-30,2026-07-09,2026-07-06,510,510,0,,6.65,6.49,1
PO-010259,133,23,7,2025-10-21,2025-10-31,2025-10-30,432,432,0,,6.12,6.57,0
PO-010260,133,23,4,2025-10-28,2025-11-07,2025-11-05,400,400,0,,6.12,6.54,0
PO-010261,133,23,9,2026-01-20,2026-01-30,2026-01-29,431,431,0,,6.12,6.49,0
PO-010262,133,23,4,2026-02-17,2026-02-27,2026-02-26,398,398,0,,6.12,6.47,0
PO-010263,133,23,7,2026-06-09,2026-06-19,2026-06-18,589,589,0,,6.12,6.54,0
PO-010264,133,11,4,2025-01-07,2025-01-14,2025-01-13,681,681,0,,6.91,6.99,0
PO-010265,133,11,7,2025-04-01,2025-04-08,2025-04-08,619,619,0,,6.91,6.8,0
PO-010266,133,11,10,2025-04-22,2025-04-29,2025-04-28,358,358,0,,6.91,7.0,0
PO-010267,133,11,1,2025-10-14,2025-10-21,2025-10-21,571,571,0,,6.91,6.96,0
PO-010268,133,11,7,2025-10-21,2025-10-28,2025-10-27,540,540,0,,6.91,7.01,0
PO-010269,133,11,7,2025-10-28,2025-11-04,2025-11-04,645,645,0,,6.91,6.9,0
PO-010270,133,11,7,2025-11-18,2025-11-25,2025-11-24,422,422,0,,6.91,7.03,0
PO-010271,133,11,10,2025-12-02,2025-12-09,2025-12-09,726,726,0,,6.91,6.9,0
PO-010272,133,11,9,2025-12-23,2025-12-30,2025-12-30,519,519,0,,6.91,6.97,0
PO-010273,133,11,10,2026-01-27,2026-02-03,2026-02-03,694,694,0,,6.91,6.99,0
PO-010274,133,11,10,2026-03-24,2026-03-31,2026-03-30,343,343,0,,6.91,6.99,0
PO-010275,133,11,3,2026-04-21,2026-04-28,2026-04-27,692,692,0,,6.91,6.99,0
PO-010276,133,11,4,2026-05-26,2026-06-02,2026-06-01,619,619,0,,6.91,6.98,0
PO-010277,133,11,10,2026-06-02,2026-06-09,2026-06-09,858,858,0,,6.91,7.05,0
PO-010278,133,11,5,2026-06-16,2026-06-23,2026-06-21,478,478,0,,6.91,7.01,0
PO-010279,134,5,2,2025-01-07,2025-02-02,2025-01-25,274,274,0,,12.95,12.95,0
PO-010280,134,5,7,2025-01-21,2025-02-16,2025-02-14,235,235,11,Documentation incomplete,12.95,13.1,0
PO-010281,134,5,10,2025-01-28,2025-02-23,2025-02-17,215,215,0,,12.95,12.82,0
PO-010282,134,5,8,2025-02-11,2025-03-09,2025-03-08,266,266,0,,12.95,13.09,0
PO-010283,134,5,10,2025-03-04,2025-03-30,2025-04-15,335,335,12,Short shelf life on arrival,12.95,12.88,0
PO-010284,134,5,5,2025-04-01,2025-04-27,2025-04-18,235,235,7,Temperature excursion in transit,12.95,12.98,0
PO-010285,134,5,5,2025-04-15,2025-05-11,2025-05-09,320,320,0,,12.95,13.0,0
PO-010286,134,5,8,2025-04-29,2025-05-25,2025-05-18,203,203,0,,12.95,13.01,0
PO-010287,134,5,6,2025-05-13,2025-06-08,2025-06-07,293,293,0,,12.95,12.8,0
PO-010288,134,5,10,2025-05-20,2025-06-15,2025-06-11,151,151,0,,12.95,12.97,0
PO-010289,134,5,7,2025-06-10,2025-07-06,2025-07-05,313,313,0,,12.95,13.1,0
PO-010290,134,5,2,2025-07-01,2025-07-27,2025-07-23,382,382,0,,12.95,13.03,0
PO-010291,134,5,2,2025-07-08,2025-08-03,2025-07-27,245,245,0,,12.95,12.74,0
PO-010292,134,5,8,2025-07-29,2025-08-24,2025-08-20,339,339,0,,12.95,13.15,0
PO-010293,134,5,5,2025-08-05,2025-08-31,2025-10-09,245,245,0,,12.95,12.87,0
PO-010294,134,5,7,2025-08-12,2025-09-07,2025-09-02,133,133,0,,12.95,12.97,0
PO-010295,134,5,1,2025-08-26,2025-09-21,2025-09-23,335,335,0,,12.95,13.2,0
PO-010296,134,5,8,2025-09-16,2025-10-12,2025-10-07,313,313,0,,12.95,13.37,0
PO-010297,134,5,2,2025-09-30,2025-10-26,2025-10-21,219,207,0,,12.95,13.0,0
PO-010298,134,5,5,2025-10-07,2025-11-02,2025-11-07,302,302,0,,12.95,12.99,0
PO-010299,134,5,8,2025-11-25,2025-12-21,2025-12-10,178,171,0,,12.95,12.88,0
PO-010300,134,5,2,2025-12-02,2025-12-28,2025-12-22,296,296,0,,12.95,13.22,0
PO-010301,134,5,7,2025-12-09,2026-01-04,2026-01-14,354,335,0,,12.95,12.84,0
PO-010302,134,5,1,2025-12-23,2026-01-18,2026-01-15,233,233,0,,12.95,12.9,0
PO-010303,134,5,7,2026-01-06,2026-02-01,2026-01-29,282,282,12,Temperature excursion in transit,12.95,12.86,0
PO-010304,134,5,7,2026-01-13,2026-02-08,2026-02-08,393,393,0,,12.95,13.03,0
PO-010305,134,5,1,2026-01-20,2026-02-15,2026-03-30,237,237,0,,12.95,12.95,0
PO-010306,134,5,4,2026-02-24,2026-03-22,2026-03-15,266,266,0,,12.95,12.99,0
PO-010307,134,5,5,2026-03-03,2026-03-29,2026-03-16,240,240,0,,12.95,13.01,0
PO-010308,134,5,7,2026-03-10,2026-04-05,2026-03-31,334,334,0,,12.95,12.79,0
PO-010309,134,5,4,2026-03-31,2026-04-26,2026-04-09,427,427,0,,12.95,13.01,0
PO-010310,134,5,1,2026-04-21,2026-05-17,2026-05-06,323,323,0,,12.95,13.15,0
PO-010311,134,5,5,2026-05-19,2026-06-14,2026-06-15,369,369,0,,12.95,12.99,0
PO-010312,134,5,7,2026-06-02,2026-06-28,2026-06-13,303,303,12,Failed spec check,12.95,13.11,0
PO-010313,134,5,1,2026-06-09,2026-07-05,2026-06-25,188,188,0,,12.95,12.89,0
PO-010314,134,5,10,2026-06-30,2026-07-26,2026-07-19,304,304,21,Failed spec check,12.95,12.89,0
PO-010315,134,23,8,2025-01-07,2025-01-17,2025-01-16,369,369,0,,12.41,13.22,1
PO-010316,134,23,5,2025-01-14,2025-01-24,2025-01-23,607,539,0,,12.41,13.15,1
PO-010317,134,23,7,2025-01-28,2025-02-07,2025-02-05,383,383,0,,12.41,13.05,1
PO-010318,134,23,5,2025-02-04,2025-02-14,2025-02-14,250,250,0,,12.41,13.13,1
PO-010319,134,23,1,2025-02-11,2025-02-21,2025-02-20,256,256,0,,12.41,13.36,1
PO-010320,134,23,8,2025-02-25,2025-03-07,2025-03-05,395,395,0,,12.41,13.1,1
PO-010321,134,23,7,2025-03-04,2025-03-14,2025-03-14,250,250,0,,12.41,13.43,1
PO-010322,134,23,2,2025-03-11,2025-03-21,2025-03-19,307,307,0,,12.41,13.45,1
PO-010323,134,23,10,2025-03-25,2025-04-04,2025-04-04,480,480,0,,12.41,13.36,1
PO-010324,134,23,6,2025-04-01,2025-04-11,2025-04-10,366,350,0,,12.41,13.09,1
PO-010325,134,23,1,2025-04-15,2025-04-25,2025-04-25,404,404,0,,12.41,13.13,1
PO-010326,134,23,4,2025-04-29,2025-05-09,2025-05-08,505,505,0,,12.41,13.37,1
PO-010327,134,23,1,2025-05-20,2025-05-30,2025-05-29,375,375,0,,12.41,13.33,1
PO-010328,134,23,2,2025-05-27,2025-06-06,2025-06-06,337,337,0,,12.41,13.09,1
PO-010329,134,23,7,2025-06-10,2025-06-20,2025-06-18,415,415,0,,12.41,13.38,1
PO-010330,134,23,2,2025-07-01,2025-07-11,2025-07-10,269,269,0,,12.41,13.3,1
PO-010331,134,23,6,2025-08-05,2025-08-15,2025-08-14,524,524,0,,12.41,13.03,1
PO-010332,134,23,5,2025-08-12,2025-08-22,2025-08-22,393,393,0,,12.41,13.43,1
PO-010333,134,23,8,2025-09-02,2025-09-12,2025-09-11,560,560,0,,12.41,13.22,1
PO-010334,134,23,4,2025-09-23,2025-10-03,2025-10-02,382,382,0,,12.41,13.3,1
PO-010335,134,23,7,2025-11-18,2025-11-28,2025-12-02,330,330,0,,12.41,13.39,1
PO-010336,134,23,4,2025-11-25,2025-12-05,2025-12-03,409,409,0,,12.41,13.26,1
PO-010337,134,23,5,2025-12-02,2025-12-12,2025-12-11,345,345,0,,12.41,13.36,1
PO-010338,134,23,5,2025-12-09,2025-12-19,2025-12-18,415,415,0,,12.41,13.32,1
PO-010339,134,23,1,2025-12-16,2025-12-26,2025-12-24,432,432,0,,12.41,13.17,1
PO-010340,134,23,7,2025-12-30,2026-01-09,2026-01-08,415,415,0,,12.41,13.16,1
PO-010341,134,23,5,2026-01-06,2026-01-16,2026-01-14,409,409,0,,12.41,13.19,1
PO-010342,134,23,5,2026-01-13,2026-01-23,2026-01-23,379,379,0,,12.41,13.43,1
PO-010343,134,23,10,2026-03-03,2026-03-13,2026-03-12,310,310,0,,12.41,13.24,1
PO-010344,134,23,5,2026-04-07,2026-04-17,2026-04-15,363,363,0,,12.41,13.12,1
PO-010345,134,23,8,2026-04-21,2026-05-01,2026-05-01,477,477,0,,12.41,13.05,1
PO-010346,134,23,5,2026-05-05,2026-05-15,2026-05-14,321,321,0,,12.41,13.28,1
PO-010347,134,23,7,2026-05-12,2026-05-22,2026-05-21,422,422,0,,12.41,13.26,1
PO-010348,134,23,1,2026-05-19,2026-05-29,2026-06-02,514,514,0,,12.41,13.35,1
PO-010349,135,3,5,2025-01-07,2025-01-16,2025-01-16,500,500,0,,1.21,1.22,1
PO-010350,135,3,5,2025-01-14,2025-01-23,2025-01-22,500,500,0,,1.21,1.25,1
PO-010351,135,3,4,2025-01-21,2025-01-30,2025-01-29,500,500,0,,1.21,1.24,1
PO-010352,135,3,3,2025-01-28,2025-02-06,2025-02-06,500,500,0,,1.21,1.24,1
PO-010353,135,3,4,2025-02-04,2025-02-13,2025-02-12,500,500,0,,1.21,1.23,1
PO-010354,135,3,4,2025-02-11,2025-02-20,2025-02-19,500,500,0,,1.21,1.24,1
PO-010355,135,3,4,2025-02-18,2025-02-27,2025-02-26,500,500,0,,1.21,1.27,1
PO-010356,135,3,1,2025-02-25,2025-03-06,2025-03-05,500,500,0,,1.21,1.24,1
PO-010357,135,3,4,2025-03-04,2025-03-13,2025-03-13,500,500,0,,1.21,1.23,1
PO-010358,135,3,4,2025-03-11,2025-03-20,2025-03-19,500,500,0,,1.21,1.23,1
PO-010359,135,3,5,2025-03-18,2025-03-27,2025-03-26,500,500,80,Damaged packaging,1.21,1.25,1
PO-010360,135,3,3,2025-03-25,2025-04-03,2025-04-03,500,500,0,,1.21,1.25,1
PO-010361,135,3,3,2025-04-01,2025-04-10,2025-04-08,500,500,0,,1.21,1.24,1
PO-010362,135,3,10,2025-04-08,2025-04-17,2025-04-16,500,500,0,,1.21,1.25,1
PO-010363,135,3,10,2025-04-15,2025-04-24,2025-04-24,500,500,0,,1.21,1.24,1
PO-010364,135,3,4,2025-04-22,2025-05-01,2025-04-30,500,500,0,,1.21,1.24,1
PO-010365,135,3,4,2025-04-29,2025-05-08,2025-05-07,500,500,0,,1.21,1.22,1
PO-010366,135,3,5,2025-05-06,2025-05-15,2025-05-14,500,500,0,,1.21,1.23,1
PO-010367,135,3,4,2025-05-13,2025-05-22,2025-05-21,500,500,0,,1.21,1.22,1
PO-010368,135,3,5,2025-05-20,2025-05-29,2025-05-29,500,500,0,,1.21,1.23,1
PO-010369,135,3,10,2025-05-27,2025-06-05,2025-06-05,500,500,0,,1.21,1.23,1
PO-010370,135,3,9,2025-06-03,2025-06-12,2025-06-11,500,500,0,,1.21,1.22,1
PO-010371,135,3,1,2025-06-10,2025-06-19,2025-06-18,500,500,0,,1.21,1.24,1
PO-010372,135,3,5,2025-06-17,2025-06-26,2025-06-24,500,500,0,,1.21,1.23,1
PO-010373,135,3,4,2025-06-24,2025-07-03,2025-07-02,500,500,0,,1.21,1.22,1
PO-010374,135,3,9,2025-07-01,2025-07-10,2025-07-10,500,500,0,,1.21,1.24,1
PO-010375,135,3,1,2025-07-08,2025-07-17,2025-07-15,500,500,0,,1.21,1.23,1
PO-010376,135,3,4,2025-07-15,2025-07-24,2025-07-22,500,500,0,,1.21,1.21,1
PO-010377,135,3,7,2025-07-22,2025-07-31,2025-07-30,500,500,0,,1.21,1.25,1
PO-010378,135,3,3,2025-07-29,2025-08-07,2025-08-07,500,500,0,,1.21,1.25,1
PO-010379,135,3,7,2025-08-05,2025-08-14,2025-08-12,500,500,0,,1.21,1.23,1
PO-010380,135,3,10,2025-08-12,2025-08-21,2025-08-20,500,500,0,,1.21,1.23,1
PO-010381,135,3,4,2025-08-19,2025-08-28,2025-08-27,500,500,0,,1.21,1.24,1
PO-010382,135,3,7,2025-08-26,2025-09-04,2025-09-03,500,500,0,,1.21,1.22,1
PO-010383,135,3,9,2025-09-02,2025-09-11,2025-09-11,500,500,0,,1.21,1.23,1
PO-010384,135,3,7,2025-09-09,2025-09-18,2025-09-18,500,500,0,,1.21,1.23,1
PO-010385,135,3,7,2025-09-16,2025-09-25,2025-09-24,500,500,0,,1.21,1.22,1
PO-010386,135,3,7,2025-09-23,2025-10-02,2025-10-02,500,500,0,,1.21,1.24,1
PO-010387,135,3,9,2025-09-30,2025-10-09,2025-10-08,500,500,0,,1.21,1.25,1
PO-010388,135,3,3,2025-10-07,2025-10-16,2025-10-16,500,500,0,,1.21,1.24,1
PO-010389,135,3,7,2025-10-14,2025-10-23,2025-10-23,500,500,0,,1.21,1.25,1
PO-010390,135,3,10,2025-10-21,2025-10-30,2025-10-28,500,500,0,,1.21,1.23,1
PO-010391,135,3,1,2025-10-28,2025-11-06,2025-11-05,500,500,0,,1.21,1.25,1
PO-010392,135,3,9,2025-11-04,2025-11-13,2025-11-13,500,430,0,,1.21,1.24,1
PO-010393,135,3,4,2025-11-11,2025-11-20,2025-11-20,500,500,0,,1.21,1.23,1
PO-010394,135,3,10,2025-11-18,2025-11-27,2025-11-26,500,500,0,,1.21,1.24,1
PO-010395,135,3,7,2025-11-25,2025-12-04,2025-12-04,500,500,0,,1.21,1.24,1
PO-010396,135,3,3,2025-12-02,2025-12-11,2025-12-10,500,500,0,,1.21,1.23,1
PO-010397,135,3,3,2025-12-09,2025-12-18,2025-12-17,500,500,0,,1.21,1.25,1
PO-010398,135,3,10,2025-12-16,2025-12-25,2025-12-24,500,500,0,,1.21,1.23,1
PO-010399,135,3,1,2025-12-23,2026-01-01,2026-01-01,500,500,0,,1.21,1.25,1
PO-010400,135,3,4,2025-12-30,2026-01-08,2026-01-08,500,500,0,,1.21,1.23,1
PO-010401,135,3,7,2026-01-06,2026-01-15,2026-01-15,500,500,0,,1.21,1.25,1
PO-010402,135,3,10,2026-01-13,2026-01-22,2026-01-22,500,500,0,,1.21,1.25,1
PO-010403,135,3,9,2026-01-20,2026-01-29,2026-01-27,500,500,0,,1.21,1.21,1
PO-010404,135,3,10,2026-01-27,2026-02-05,2026-02-04,500,500,0,,1.21,1.21,1
PO-010405,135,3,4,2026-02-03,2026-02-12,2026-02-12,500,500,0,,1.21,1.24,1
PO-010406,135,3,10,2026-02-10,2026-02-19,2026-02-18,500,500,0,,1.21,1.25,1
PO-010407,135,3,5,2026-02-17,2026-02-26,2026-02-28,500,500,0,,1.21,1.24,1
PO-010408,135,3,5,2026-02-24,2026-03-05,2026-03-05,500,500,0,,1.21,1.24,1
PO-010409,135,3,10,2026-03-03,2026-03-12,2026-03-12,500,500,0,,1.21,1.22,1
PO-010410,135,3,4,2026-03-10,2026-03-19,2026-03-16,500,500,0,,1.21,1.23,1
PO-010411,135,3,7,2026-03-17,2026-03-26,2026-03-25,500,500,0,,1.21,1.25,1
PO-010412,135,3,10,2026-03-24,2026-04-02,2026-04-01,500,500,0,,1.21,1.23,1
PO-010413,135,3,7,2026-03-31,2026-04-09,2026-04-09,500,500,0,,1.21,1.25,1
PO-010414,135,3,7,2026-04-07,2026-04-16,2026-04-15,500,500,0,,1.21,1.25,1
PO-010415,135,3,9,2026-04-14,2026-04-23,2026-04-22,500,500,0,,1.21,1.24,1
PO-010416,135,3,4,2026-04-21,2026-04-30,2026-04-29,500,500,51,Temperature excursion in transit,1.21,1.25,1
PO-010417,135,3,1,2026-04-28,2026-05-07,2026-05-07,500,500,0,,1.21,1.24,1
PO-010418,135,3,5,2026-05-05,2026-05-14,2026-05-13,500,500,0,,1.21,1.23,1
PO-010419,135,3,9,2026-05-12,2026-05-21,2026-05-20,500,500,0,,1.21,1.25,1
PO-010420,135,3,5,2026-05-19,2026-05-28,2026-05-27,500,500,0,,1.21,1.25,1
PO-010421,135,3,4,2026-05-26,2026-06-04,2026-06-04,500,500,0,,1.21,1.23,1
PO-010422,135,3,3,2026-06-02,2026-06-11,2026-06-11,500,500,0,,1.21,1.24,1
PO-010423,135,3,1,2026-06-09,2026-06-18,2026-06-17,500,500,0,,1.21,1.24,1
PO-010424,135,3,5,2026-06-16,2026-06-25,2026-06-25,500,500,0,,1.21,1.25,1
PO-010425,135,3,9,2026-06-23,2026-07-02,2026-07-02,500,500,0,,1.21,1.24,1
PO-010426,135,3,7,2026-06-30,2026-07-09,2026-07-08,500,462,0,,1.21,1.24,1
PO-010427,136,11,7,2025-01-07,2025-01-17,2025-01-16,418,418,0,,7.13,7.28,1
PO-010428,136,11,7,2025-01-14,2025-01-24,2025-01-22,311,311,0,,7.13,7.22,1
PO-010429,136,11,6,2025-01-21,2025-01-31,2025-01-30,339,339,0,,7.13,7.28,1
PO-010430,136,11,8,2025-01-28,2025-02-07,2025-02-06,312,312,0,,7.13,7.18,1
PO-010431,136,11,2,2025-02-04,2025-02-14,2025-02-13,280,280,0,,7.13,7.17,1
PO-010432,136,11,8,2025-02-11,2025-02-21,2025-02-20,412,412,0,,7.13,7.22,1
PO-010433,136,11,4,2025-02-18,2025-02-28,2025-02-27,299,299,0,,7.13,7.26,1
PO-010434,136,11,1,2025-02-25,2025-03-07,2025-03-05,263,263,0,,7.13,7.25,1
PO-010435,136,11,4,2025-03-04,2025-03-14,2025-03-13,411,411,0,,7.13,7.19,1
PO-010436,136,11,7,2025-03-18,2025-03-28,2025-03-27,323,323,0,,7.13,7.23,1
PO-010437,136,11,10,2025-03-25,2025-04-04,2025-04-03,204,204,0,,7.13,7.17,1
PO-010438,136,11,10,2025-04-29,2025-05-09,2025-05-07,360,360,0,,7.13,7.21,1
PO-010439,136,11,2,2025-05-20,2025-05-30,2025-05-30,202,202,0,,7.13,7.1,1
PO-010440,136,11,8,2025-05-27,2025-06-06,2025-06-05,322,322,0,,7.13,7.29,1
PO-010441,136,11,4,2025-06-03,2025-06-13,2025-06-11,323,323,0,,7.13,7.18,1
PO-010442,136,11,1,2025-06-10,2025-06-20,2025-06-19,419,419,0,,7.13,7.25,1
PO-010443,136,11,8,2025-06-17,2025-06-27,2025-06-26,309,309,0,,7.13,7.23,1
PO-010444,136,11,4,2025-07-01,2025-07-11,2025-07-10,253,253,0,,7.13,7.05,1
PO-010445,136,11,4,2025-07-15,2025-07-25,2025-07-23,315,315,0,,7.13,7.18,1
PO-010446,136,11,4,2025-07-22,2025-08-01,2025-08-01,302,302,0,,7.13,7.27,1
PO-010447,136,11,6,2025-08-05,2025-08-15,2025-08-15,352,352,0,,7.13,7.2,1
PO-010448,136,11,1,2025-08-19,2025-08-29,2025-08-28,284,284,0,,7.13,7.13,1
PO-010449,136,11,5,2025-08-26,2025-09-05,2025-09-04,330,330,0,,7.13,7.17,1
PO-010450,136,11,10,2025-09-02,2025-09-12,2025-09-11,351,351,0,,7.13,7.14,1
PO-010451,136,11,4,2025-09-09,2025-09-19,2025-09-19,401,401,12,Damaged packaging,7.13,7.16,1
PO-010452,136,11,8,2025-09-16,2025-09-26,2025-09-25,172,172,0,,7.13,7.05,1
PO-010453,136,11,7,2025-09-23,2025-10-03,2025-10-06,346,346,0,,7.13,7.16,1
PO-010454,136,11,1,2025-10-14,2025-10-24,2025-10-23,349,349,0,,7.13,7.15,1
PO-010455,136,11,10,2025-11-04,2025-11-14,2025-11-13,221,221,0,,7.13,7.33,1
PO-010456,136,11,5,2025-11-18,2025-11-28,2025-11-26,375,375,0,,7.13,7.13,1
PO-010457,136,11,1,2025-12-02,2025-12-12,2025-12-11,368,368,0,,7.13,7.11,1
PO-010458,136,11,4,2025-12-09,2025-12-19,2025-12-16,320,320,0,,7.13,7.13,1
PO-010459,136,11,5,2025-12-16,2025-12-26,2025-12-26,277,277,0,,7.13,7.08,1
PO-010460,136,11,1,2025-12-23,2026-01-02,2025-12-31,341,341,0,,7.13,7.19,1
PO-010461,136,11,7,2025-12-30,2026-01-09,2026-01-08,442,442,0,,7.13,7.2,1
PO-010462,136,11,1,2026-01-06,2026-01-16,2026-01-15,223,223,0,,7.13,7.27,1
PO-010463,136,11,6,2026-01-20,2026-01-30,2026-01-31,427,427,0,,7.13,7.15,1
PO-010464,136,11,8,2026-01-27,2026-02-06,2026-02-06,478,478,0,,7.13,7.11,1
PO-010465,136,11,8,2026-02-24,2026-03-06,2026-03-06,341,341,0,,7.13,7.21,1
PO-010466,136,11,4,2026-03-03,2026-03-13,2026-03-12,401,401,0,,7.13,7.19,1
PO-010467,136,11,8,2026-03-10,2026-03-20,2026-03-19,351,351,0,,7.13,7.12,1
PO-010468,136,11,4,2026-03-17,2026-03-27,2026-03-27,318,318,0,,7.13,7.03,1
PO-010469,136,11,4,2026-03-31,2026-04-10,2026-04-10,328,328,0,,7.13,7.22,1
PO-010470,136,11,10,2026-04-07,2026-04-17,2026-04-16,248,248,0,,7.13,7.22,1
PO-010471,136,11,1,2026-04-21,2026-05-01,2026-04-30,286,286,0,,7.13,7.25,1
PO-010472,136,11,8,2026-05-12,2026-05-22,2026-05-22,436,436,0,,7.13,7.06,1
PO-010473,136,11,4,2026-05-26,2026-06-05,2026-06-13,304,304,0,,7.13,7.14,1
PO-010474,136,11,1,2026-06-23,2026-07-03,2026-07-02,281,281,0,,7.13,7.19,1
PO-010475,136,11,10,2026-06-30,2026-07-10,2026-07-10,353,353,0,,7.13,7.16,1
PO-010476,136,14,2,2025-01-07,2025-02-08,2025-01-16,219,219,0,,5.65,5.91,0
PO-010477,136,14,7,2025-01-21,2025-02-22,2025-02-14,322,322,0,,5.65,5.86,0
PO-010478,136,14,8,2025-02-18,2025-03-22,2025-03-10,375,375,0,,5.65,5.89,0
PO-010479,136,14,10,2025-03-04,2025-04-05,2025-03-23,257,257,0,,5.65,5.9,0
PO-010480,136,14,2,2025-03-11,2025-04-12,2025-03-21,350,350,0,,5.65,5.94,0
PO-010481,136,14,6,2025-03-18,2025-04-19,2025-04-16,307,307,0,,5.65,6.01,0
PO-010482,136,14,8,2025-03-25,2025-04-26,2025-04-25,465,465,0,,5.65,5.94,0
PO-010483,136,14,5,2025-04-08,2025-05-10,2025-04-30,381,381,0,,5.65,5.86,0
PO-010484,136,14,4,2025-04-22,2025-05-24,2025-05-13,302,302,0,,5.65,5.97,0
PO-010485,136,14,8,2025-04-29,2025-05-31,2025-05-31,353,353,13,Failed spec check,5.65,5.97,0
PO-010486,136,14,10,2025-05-06,2025-06-07,2025-05-19,314,314,0,,5.65,5.94,0
PO-010487,136,14,7,2025-05-20,2025-06-21,2025-06-08,190,190,0,,5.65,5.98,0
PO-010488,136,14,5,2025-06-24,2025-07-26,2025-07-23,207,207,0,,5.65,5.92,0
PO-010489,136,14,5,2025-07-15,2025-08-16,2025-08-22,393,393,0,,5.65,5.95,0
PO-010490,136,14,6,2025-07-29,2025-08-30,2025-08-30,266,266,0,,5.65,5.92,0
PO-010491,136,14,6,2025-08-05,2025-09-06,2025-09-04,397,397,0,,5.65,5.94,0
PO-010492,136,14,10,2025-08-12,2025-09-13,2025-09-03,199,199,5,Failed spec check,5.65,5.89,0
PO-010493,136,14,4,2025-09-02,2025-10-04,2025-09-13,313,313,0,,5.65,5.96,0
PO-010494,136,14,5,2025-09-30,2025-11-01,2025-11-03,374,374,12,Failed spec check,5.65,5.98,0
PO-010495,136,14,1,2025-10-21,2025-11-22,2025-11-22,346,346,0,,5.65,5.89,0
PO-010496,136,14,1,2025-10-28,2025-11-29,2025-11-25,380,380,0,,5.65,5.82,0
PO-010497,136,14,2,2025-11-25,2025-12-27,2026-01-29,342,342,0,,5.65,5.9,0
PO-010498,136,14,1,2025-12-30,2026-01-31,2026-01-29,347,347,0,,5.65,5.87,0
PO-010499,136,14,1,2026-01-13,2026-02-14,2026-02-15,341,341,0,,5.65,5.91,0
PO-010500,136,14,6,2026-02-17,2026-03-21,2026-03-16,285,285,0,,5.65,5.82,0
PO-010501,136,14,5,2026-03-17,2026-04-18,2026-03-22,293,293,0,,5.65,5.96,0
PO-010502,136,14,4,2026-04-07,2026-05-09,2026-04-30,385,385,0,,5.65,5.94,0
PO-010503,136,14,5,2026-04-14,2026-05-16,2026-05-11,253,253,0,,5.65,5.98,0
PO-010504,136,14,8,2026-04-28,2026-05-30,2026-05-08,295,295,10,Failed spec check,5.65,5.93,0
PO-010505,136,14,2,2026-05-05,2026-06-06,2026-05-29,386,386,0,,5.65,5.98,0
PO-010506,136,14,1,2026-05-19,2026-06-20,2026-06-12,267,267,0,,5.65,5.9,0
PO-010507,136,14,6,2026-05-26,2026-06-27,2026-06-25,474,474,0,,5.65,5.89,0
PO-010508,136,14,10,2026-06-09,2026-07-11,2026-07-04,452,452,0,,5.65,6.04,0
PO-010509,136,14,1,2026-06-30,2026-08-01,2026-07-20,186,186,5,Documentation incomplete,5.65,5.99,0
PO-010510,137,3,7,2025-01-07,2025-01-18,2025-01-17,312,312,0,,1.5,1.54,1
PO-010511,137,3,10,2025-01-14,2025-01-25,2025-01-25,388,388,0,,1.5,1.53,1
PO-010512,137,3,9,2025-01-28,2025-02-08,2025-02-07,399,399,0,,1.5,1.54,1
PO-010513,137,3,9,2025-02-11,2025-02-22,2025-02-22,504,504,0,,1.5,1.52,1
PO-010514,137,3,7,2025-02-25,2025-03-08,2025-03-08,349,349,0,,1.5,1.53,1
PO-010515,137,3,9,2025-03-04,2025-03-15,2025-03-15,348,348,0,,1.5,1.51,1
PO-010516,137,3,5,2025-03-11,2025-03-22,2025-03-21,406,406,0,,1.5,1.54,1
PO-010517,137,3,10,2025-03-18,2025-03-29,2025-03-28,274,274,0,,1.5,1.52,1
PO-010518,137,3,1,2025-03-25,2025-04-05,2025-04-04,328,328,0,,1.5,1.54,1
PO-010519,137,3,7,2025-04-01,2025-04-12,2025-04-12,323,323,0,,1.5,1.53,1
PO-010520,137,3,4,2025-04-08,2025-04-19,2025-04-17,408,408,0,,1.5,1.53,1
PO-010521,137,3,10,2025-04-29,2025-05-10,2025-05-08,471,471,0,,1.5,1.53,1
PO-010522,137,3,7,2025-05-06,2025-05-17,2025-05-17,435,435,0,,1.5,1.52,1
PO-010523,137,3,10,2025-05-20,2025-05-31,2025-05-30,279,279,0,,1.5,1.56,1
PO-010524,137,3,1,2025-06-10,2025-06-21,2025-06-20,434,434,0,,1.5,1.54,1
PO-010525,137,3,1,2025-06-24,2025-07-05,2025-07-04,368,368,0,,1.5,1.52,1
PO-010526,137,3,5,2025-07-15,2025-07-26,2025-07-26,374,374,0,,1.5,1.53,1
PO-010527,137,3,9,2025-07-22,2025-08-02,2025-07-31,339,339,0,,1.5,1.55,1
PO-010528,137,3,3,2025-08-12,2025-08-23,2025-08-23,484,402,0,,1.5,1.52,1
PO-010529,137,3,5,2025-08-19,2025-08-30,2025-08-29,283,283,0,,1.5,1.53,1
PO-010530,137,3,5,2025-08-26,2025-09-06,2025-09-05,258,258,0,,1.5,1.53,1
PO-010531,137,3,4,2025-09-09,2025-09-20,2025-09-19,446,446,0,,1.5,1.52,1
PO-010532,137,3,1,2025-09-23,2025-10-04,2025-10-04,272,272,0,,1.5,1.54,1
PO-010533,137,3,7,2025-10-07,2025-10-18,2025-10-17,365,365,0,,1.5,1.53,1
PO-010534,137,3,1,2025-10-28,2025-11-08,2025-11-07,273,273,0,,1.5,1.52,1
PO-010535,137,3,9,2025-11-04,2025-11-15,2025-11-14,506,506,0,,1.5,1.53,1
PO-010536,137,3,10,2025-11-11,2025-11-22,2025-11-22,284,284,0,,1.5,1.53,1
PO-010537,137,3,1,2025-11-18,2025-11-29,2025-11-29,347,347,0,,1.5,1.53,1
PO-010538,137,3,10,2025-12-02,2025-12-13,2025-12-12,250,250,0,,1.5,1.53,1
PO-010539,137,3,5,2025-12-09,2025-12-20,2025-12-19,486,486,0,,1.5,1.52,1
PO-010540,137,3,7,2025-12-16,2025-12-27,2025-12-27,332,332,0,,1.5,1.55,1
PO-010541,137,3,5,2025-12-23,2026-01-03,2026-01-02,429,429,0,,1.5,1.52,1
PO-010542,137,3,4,2025-12-30,2026-01-10,2026-01-09,251,251,0,,1.5,1.52,1
PO-010543,137,3,10,2026-01-06,2026-01-17,2026-01-17,447,447,0,,1.5,1.53,1
PO-010544,137,3,10,2026-01-13,2026-01-24,2026-01-24,453,453,0,,1.5,1.52,1
PO-010545,137,3,4,2026-01-20,2026-01-31,2026-01-30,323,323,0,,1.5,1.52,1
PO-010546,137,3,9,2026-01-27,2026-02-07,2026-02-05,372,372,0,,1.5,1.54,1
PO-010547,137,3,10,2026-02-10,2026-02-21,2026-02-20,409,409,0,,1.5,1.55,1
PO-010548,137,3,3,2026-02-17,2026-02-28,2026-02-26,340,340,0,,1.5,1.53,1
PO-010549,137,3,10,2026-02-24,2026-03-07,2026-03-06,593,593,0,,1.5,1.52,1
PO-010550,137,3,4,2026-03-10,2026-03-21,2026-03-20,484,484,0,,1.5,1.5,1
PO-010551,137,3,3,2026-03-17,2026-03-28,2026-03-27,282,282,0,,1.5,1.53,1
PO-010552,137,3,10,2026-03-24,2026-04-04,2026-04-04,479,479,0,,1.5,1.55,1
PO-010553,137,3,5,2026-03-31,2026-04-11,2026-04-11,460,460,0,,1.5,1.53,1
PO-010554,137,3,4,2026-04-07,2026-04-18,2026-04-17,404,404,0,,1.5,1.53,1
PO-010555,137,3,9,2026-04-14,2026-04-25,2026-04-25,421,421,0,,1.5,1.56,1
PO-010556,137,3,3,2026-04-28,2026-05-09,2026-05-09,389,389,0,,1.5,1.54,1
PO-010557,137,3,3,2026-05-05,2026-05-16,2026-05-15,538,538,0,,1.5,1.53,1
PO-010558,137,3,4,2026-05-12,2026-05-23,2026-05-23,476,476,0,,1.5,1.52,1
PO-010559,137,3,3,2026-05-19,2026-05-30,2026-05-30,334,334,0,,1.5,1.52,1
PO-010560,137,3,3,2026-05-26,2026-06-06,2026-06-06,322,322,0,,1.5,1.53,1
PO-010561,137,3,9,2026-06-02,2026-06-13,2026-06-13,538,538,0,,1.5,1.52,1
PO-010562,137,4,3,2025-02-04,2025-02-15,2025-02-19,503,503,0,,1.36,1.4,0
PO-010563,137,4,9,2025-02-11,2025-02-22,2025-02-19,500,500,0,,1.36,1.4,0
PO-010564,137,4,3,2025-02-18,2025-03-01,2025-02-27,500,500,0,,1.36,1.41,0
PO-010565,137,4,5,2025-02-25,2025-03-08,2025-03-08,500,500,0,,1.36,1.38,0
PO-010566,137,4,1,2025-04-01,2025-04-12,2025-04-10,577,577,0,,1.36,1.39,0
PO-010567,137,4,9,2025-04-29,2025-05-10,2025-05-07,500,500,0,,1.36,1.39,0
PO-010568,137,4,5,2025-05-27,2025-06-07,2025-06-05,500,500,0,,1.36,1.4,0
PO-010569,137,4,10,2025-06-10,2025-06-21,2025-06-21,582,582,0,,1.36,1.39,0
PO-010570,137,4,9,2025-06-17,2025-06-28,2025-06-28,512,484,0,,1.36,1.38,0
PO-010571,137,4,5,2025-07-08,2025-07-19,2025-07-23,500,500,0,,1.36,1.41,0
PO-010572,137,4,5,2025-08-12,2025-08-23,2025-08-20,589,589,0,,1.36,1.41,0
PO-010573,137,4,9,2025-09-23,2025-10-04,2025-10-01,500,500,0,,1.36,1.4,0
PO-010574,137,4,5,2025-09-30,2025-10-11,2025-11-01,500,500,0,,1.36,1.39,0
PO-010575,137,4,9,2025-10-07,2025-10-18,2025-10-18,541,541,0,,1.36,1.4,0
PO-010576,137,4,7,2025-10-14,2025-10-25,2025-10-24,516,516,0,,1.36,1.41,0
PO-010577,137,4,10,2025-10-28,2025-11-08,2025-11-17,500,470,0,,1.36,1.4,0
PO-010578,137,4,9,2026-02-03,2026-02-14,2026-02-11,509,509,0,,1.36,1.37,0
PO-010579,137,4,3,2026-02-24,2026-03-07,2026-03-04,639,639,0,,1.36,1.39,0
PO-010580,137,4,10,2026-03-31,2026-04-11,2026-04-09,536,536,0,,1.36,1.38,0
PO-010581,137,4,10,2026-04-14,2026-04-25,2026-04-24,653,653,0,,1.36,1.4,0
PO-010582,137,4,4,2026-04-28,2026-05-09,2026-05-08,589,589,0,,1.36,1.42,0
PO-010583,137,4,3,2026-05-19,2026-05-30,2026-06-07,500,500,0,,1.36,1.41,0
PO-010584,137,4,7,2026-06-09,2026-06-20,2026-06-30,576,576,0,,1.36,1.39,0
PO-010585,137,4,4,2026-06-23,2026-07-04,2026-07-15,500,500,0,,1.36,1.4,0
PO-010586,138,23,1,2025-02-11,2025-02-21,2025-02-21,500,500,0,,1.88,2.01,0
PO-010587,138,23,4,2025-04-22,2025-05-02,2025-05-02,500,500,0,,1.88,2.0,0
PO-010588,138,23,1,2025-07-01,2025-07-11,2025-07-11,500,500,0,,1.88,1.99,0
PO-010589,138,23,4,2025-07-22,2025-08-01,2025-08-01,500,500,0,,1.88,2.02,0
PO-010590,138,23,9,2025-08-05,2025-08-15,2025-08-15,500,500,0,,1.88,1.99,0
PO-010591,138,23,10,2025-09-09,2025-09-19,2025-09-18,500,500,0,,1.88,1.99,0
PO-010592,138,23,4,2025-12-09,2025-12-19,2025-12-17,500,500,0,,1.88,2.01,0
PO-010593,138,23,7,2026-05-26,2026-06-05,2026-06-05,500,500,0,,1.88,2.0,0
PO-010594,138,12,4,2025-01-07,2025-01-17,2025-01-15,61,61,0,,1.86,1.78,1
PO-010595,138,12,10,2025-01-14,2025-01-24,2025-01-20,96,96,0,,1.86,1.81,1
PO-010596,138,12,3,2025-01-21,2025-01-31,2025-01-30,85,85,0,,1.86,1.79,1
PO-010597,138,12,9,2025-01-28,2025-02-07,2025-02-09,89,89,0,,1.86,1.84,1
PO-010598,138,12,9,2025-02-11,2025-02-21,2025-02-21,81,81,0,,1.86,1.82,1
PO-010599,138,12,7,2025-02-25,2025-03-07,2025-03-01,56,56,0,,1.86,1.82,1
PO-010600,138,12,4,2025-03-04,2025-03-14,2025-03-13,98,98,0,,1.86,1.81,1
PO-010601,138,12,5,2025-03-11,2025-03-21,2025-03-18,88,88,0,,1.86,1.85,1
PO-010602,138,12,3,2025-03-18,2025-03-28,2025-03-25,78,78,0,,1.86,1.83,1
PO-010603,138,12,5,2025-03-25,2025-04-04,2025-04-03,69,69,0,,1.86,1.81,1
PO-010604,138,12,3,2025-04-08,2025-04-18,2025-04-17,50,50,0,,1.86,1.82,1
PO-010605,138,12,1,2025-04-15,2025-04-25,2025-04-23,94,94,0,,1.86,1.83,1
PO-010606,138,12,3,2025-04-22,2025-05-02,2025-05-02,100,100,0,,1.86,1.76,1
PO-010607,138,12,4,2025-05-06,2025-05-16,2025-05-13,119,119,0,,1.86,1.81,1
PO-010608,138,12,10,2025-05-13,2025-05-23,2025-05-22,78,78,0,,1.86,1.78,1
PO-010609,138,12,3,2025-05-27,2025-06-06,2025-06-06,120,120,0,,1.86,1.78,1
PO-010610,138,12,1,2025-06-03,2025-06-13,2025-06-11,84,84,0,,1.86,1.84,1
PO-010611,138,12,4,2025-06-10,2025-06-20,2025-06-17,116,116,0,,1.86,1.8,1
PO-010612,138,12,4,2025-06-17,2025-06-27,2025-06-27,99,99,0,,1.86,1.82,1
PO-010613,138,12,4,2025-07-01,2025-07-11,2025-07-07,98,98,0,,1.86,1.83,1
PO-010614,138,12,7,2025-07-08,2025-07-18,2025-07-16,103,103,0,,1.86,1.83,1
PO-010615,138,12,4,2025-07-15,2025-07-25,2025-07-26,79,79,0,,1.86,1.78,1
PO-010616,138,12,7,2025-07-22,2025-08-01,2025-07-31,90,90,0,,1.86,1.8,1
PO-010617,138,12,7,2025-07-29,2025-08-08,2025-08-02,91,91,0,,1.86,1.79,1
PO-010618,138,12,1,2025-08-05,2025-08-15,2025-08-14,87,87,0,,1.86,1.79,1
PO-010619,138,12,1,2025-08-12,2025-08-22,2025-08-21,93,93,0,,1.86,1.81,1
PO-010620,138,12,1,2025-08-19,2025-08-29,2025-09-06,124,124,0,,1.86,1.86,1
PO-010621,138,12,4,2025-08-26,2025-09-05,2025-09-03,112,112,0,,1.86,1.81,1
PO-010622,138,12,10,2025-09-02,2025-09-12,2025-09-12,80,80,0,,1.86,1.78,1
PO-010623,138,12,3,2025-09-09,2025-09-19,2025-09-17,73,73,0,,1.86,1.84,1
PO-010624,138,12,5,2025-09-23,2025-10-03,2025-10-01,120,120,0,,1.86,1.81,1
PO-010625,138,12,10,2025-09-30,2025-10-10,2025-10-09,86,86,0,,1.86,1.81,1
PO-010626,138,12,4,2025-10-14,2025-10-24,2025-10-23,96,96,0,,1.86,1.79,1
PO-010627,138,12,1,2025-10-21,2025-10-31,2025-10-30,66,66,0,,1.86,1.79,1
PO-010628,138,12,10,2025-10-28,2025-11-07,2025-11-02,106,106,0,,1.86,1.8,1
PO-010629,138,12,3,2025-11-04,2025-11-14,2025-11-10,106,106,0,,1.86,1.79,1
PO-010630,138,12,10,2025-11-18,2025-11-28,2025-11-26,90,90,0,,1.86,1.82,1
PO-010631,138,12,3,2025-11-25,2025-12-05,2025-11-30,111,111,0,,1.86,1.81,1
PO-010632,138,12,3,2025-12-02,2025-12-12,2025-12-09,88,88,0,,1.86,1.8,1
PO-010633,138,12,3,2025-12-09,2025-12-19,2025-12-17,124,124,0,,1.86,1.83,1
PO-010634,138,12,10,2025-12-16,2025-12-26,2025-12-23,104,104,0,,1.86,1.8,1
PO-010635,138,12,10,2025-12-23,2026-01-02,2026-01-01,63,63,0,,1.86,1.83,1
PO-010636,138,12,1,2025-12-30,2026-01-09,2026-01-07,98,98,0,,1.86,1.8,1
PO-010637,138,12,9,2026-01-13,2026-01-23,2026-01-30,102,102,0,,1.86,1.81,1
PO-010638,138,12,10,2026-01-20,2026-01-30,2026-01-28,77,77,0,,1.86,1.78,1
PO-010639,138,12,3,2026-01-27,2026-02-06,2026-02-03,82,82,0,,1.86,1.79,1
PO-010640,138,12,5,2026-02-17,2026-02-27,2026-02-24,71,71,0,,1.86,1.79,1
PO-010641,138,12,7,2026-03-03,2026-03-13,2026-03-11,98,98,0,,1.86,1.82,1
PO-010642,138,12,9,2026-03-10,2026-03-20,2026-03-17,92,92,0,,1.86,1.79,1
PO-010643,138,12,4,2026-03-17,2026-03-27,2026-03-25,103,103,0,,1.86,1.82,1
PO-010644,138,12,10,2026-03-24,2026-04-03,2026-03-31,87,87,0,,1.86,1.81,1
PO-010645,138,12,5,2026-04-07,2026-04-17,2026-04-15,116,116,0,,1.86,1.82,1
PO-010646,138,12,1,2026-04-14,2026-04-24,2026-04-21,114,114,0,,1.86,1.81,1
PO-010647,138,12,3,2026-04-28,2026-05-08,2026-05-07,84,84,0,,1.86,1.79,1
PO-010648,138,12,10,2026-05-05,2026-05-15,2026-05-11,86,86,0,,1.86,1.81,1
PO-010649,138,12,7,2026-05-12,2026-05-22,2026-05-26,50,50,0,,1.86,1.78,1
PO-010650,138,12,3,2026-05-19,2026-05-29,2026-05-27,71,71,0,,1.86,1.81,1
PO-010651,138,12,1,2026-05-26,2026-06-05,2026-06-02,99,99,0,,1.86,1.79,1
PO-010652,138,12,9,2026-06-02,2026-06-12,2026-06-12,82,82,0,,1.86,1.82,1
PO-010653,138,12,10,2026-06-09,2026-06-19,2026-06-18,107,107,0,,1.86,1.81,1
PO-010654,138,12,3,2026-06-16,2026-06-26,2026-06-22,111,111,0,,1.86,1.82,1
PO-010655,138,12,7,2026-06-23,2026-07-03,2026-07-01,76,76,0,,1.86,1.81,1
PO-010656,138,12,1,2026-06-30,2026-07-10,2026-07-08,79,79,0,,1.86,1.82,1
PO-010657,138,24,3,2025-01-07,2025-01-18,2025-01-15,112,112,0,,2.01,1.97,0
PO-010658,138,24,7,2025-01-14,2025-01-25,2025-01-23,152,152,0,,2.01,1.97,0
PO-010659,138,24,10,2025-01-28,2025-02-08,2025-02-07,152,146,0,,2.01,2.0,0
PO-010660,138,24,3,2025-04-22,2025-05-03,2025-05-03,84,84,0,,2.01,1.94,0
PO-010661,138,24,7,2025-06-10,2025-06-21,2025-06-19,108,108,0,,2.01,1.96,0
PO-010662,138,24,5,2025-07-01,2025-07-12,2025-07-11,119,119,0,,2.01,1.93,0
PO-010663,138,24,7,2025-08-12,2025-08-23,2025-08-23,74,71,0,,2.01,1.95,0
PO-010664,138,24,3,2025-08-26,2025-09-06,2025-09-06,108,108,0,,2.01,1.94,0
PO-010665,138,24,7,2025-11-04,2025-11-15,2025-11-14,109,109,0,,2.01,1.96,0
PO-010666,138,24,4,2025-12-23,2026-01-03,2026-01-14,87,87,0,,2.01,1.97,0
PO-010667,138,24,1,2026-02-03,2026-02-14,2026-02-13,127,127,0,,2.01,1.98,0
PO-010668,138,24,1,2026-02-17,2026-02-28,2026-02-27,66,66,0,,2.01,1.97,0
PO-010669,138,24,1,2026-04-21,2026-05-02,2026-04-30,161,161,0,,2.01,1.96,0
PO-010670,138,24,5,2026-04-28,2026-05-09,2026-05-07,134,134,6,Temperature excursion in transit,2.01,1.97,0
PO-010671,138,24,3,2026-05-26,2026-06-06,2026-06-04,116,116,0,,2.01,1.95,0
PO-010672,139,12,8,2025-05-06,2025-05-15,2025-05-12,1126,1126,0,,5.21,4.98,0
PO-010673,139,12,8,2025-06-10,2025-06-19,2025-06-17,1531,1531,0,,5.21,5.12,0
PO-010674,139,12,4,2025-07-01,2025-07-10,2025-07-08,1269,1269,0,,5.21,4.99,0
PO-010675,139,12,6,2025-09-16,2025-09-25,2025-09-24,961,961,0,,5.21,5.08,0
PO-010676,139,12,6,2025-09-23,2025-10-02,2025-10-02,452,452,0,,5.21,5.08,0
PO-010677,139,12,8,2025-11-18,2025-11-27,2025-11-25,1074,1074,0,,5.21,5.03,0
PO-010678,139,12,5,2025-11-25,2025-12-04,2025-12-02,1292,1292,0,,5.21,5.07,0
PO-010679,139,12,5,2025-12-16,2025-12-25,2025-12-24,1155,1155,0,,5.21,5.02,0
PO-010680,139,12,1,2025-12-23,2026-01-01,2025-12-24,809,809,0,,5.21,5.07,0
PO-010681,139,12,6,2026-03-24,2026-04-02,2026-03-31,1424,1424,0,,5.21,5.04,0
PO-010682,139,12,7,2026-03-31,2026-04-09,2026-04-07,1245,1245,0,,5.21,5.07,0
PO-010683,139,10,10,2025-01-07,2025-02-09,2025-02-04,816,816,0,,4.73,4.69,1
PO-010684,139,10,1,2025-01-14,2025-02-16,2025-02-02,1058,1058,0,,4.73,4.68,1
PO-010685,139,10,7,2025-01-21,2025-02-23,2025-03-05,1516,1516,0,,4.73,4.72,1
PO-010686,139,10,8,2025-01-28,2025-03-02,2025-02-27,1257,1257,0,,4.73,4.69,1
PO-010687,139,10,6,2025-02-04,2025-03-09,2025-02-25,1047,1047,0,,4.73,4.67,1
PO-010688,139,10,10,2025-02-11,2025-03-16,2025-03-09,981,981,0,,4.73,4.67,1
PO-010689,139,10,2,2025-02-18,2025-03-23,2025-03-12,1168,1168,0,,4.73,4.68,1
PO-010690,139,10,2,2025-02-25,2025-03-30,2025-03-15,1343,1343,0,,4.73,4.64,1
PO-010691,139,10,1,2025-03-04,2025-04-06,2025-04-07,1117,1117,0,,4.73,4.64,1
PO-010692,139,10,7,2025-03-11,2025-04-13,2025-04-01,1325,1325,0,,4.73,4.73,1
PO-010693,139,10,6,2025-03-18,2025-04-20,2025-04-19,1111,1111,0,,4.73,4.66,1
PO-010694,139,10,6,2025-04-01,2025-05-04,2025-04-20,1303,1125,0,,4.73,4.71,1
PO-010695,139,10,4,2025-04-08,2025-05-11,2025-05-09,1083,924,0,,4.73,4.72,1
PO-010696,139,10,10,2025-04-22,2025-05-25,2025-05-16,1015,1015,0,,4.73,4.63,1
PO-010697,139,10,7,2025-04-29,2025-06-01,2025-06-30,1224,1177,0,,4.73,4.67,1
PO-010698,139,10,4,2025-05-06,2025-06-08,2025-06-10,1513,1513,0,,4.73,4.6,1
PO-010699,139,10,1,2025-05-27,2025-06-29,2025-06-27,1044,1044,0,,4.73,4.65,1
PO-010700,139,10,4,2025-06-03,2025-07-06,2025-06-28,1012,1012,0,,4.73,4.7,1
PO-010701,139,10,1,2025-06-10,2025-07-13,2025-07-04,1122,1122,0,,4.73,4.66,1
PO-010702,139,10,1,2025-07-01,2025-08-03,2025-07-24,1075,1075,33,Documentation incomplete,4.73,4.65,1
PO-010703,139,10,1,2025-07-08,2025-08-10,2025-07-29,651,601,0,,4.73,4.63,1
PO-010704,139,10,4,2025-07-15,2025-08-17,2025-08-19,644,644,0,,4.73,4.72,1
PO-010705,139,10,7,2025-07-22,2025-08-24,2025-08-09,1056,1056,0,,4.73,4.65,1
PO-010706,139,10,8,2025-08-05,2025-09-07,2025-09-02,1122,1122,0,,4.73,4.69,1
PO-010707,139,10,6,2025-08-12,2025-09-14,2025-09-10,795,692,0,,4.73,4.7,1
PO-010708,139,10,5,2025-08-19,2025-09-21,2025-09-16,709,709,0,,4.73,4.69,1
PO-010709,139,10,10,2025-08-26,2025-09-28,2025-09-25,1285,1285,0,,4.73,4.62,1
PO-010710,139,10,2,2025-09-02,2025-10-05,2025-10-04,1072,1072,0,,4.73,4.76,1
PO-010711,139,10,5,2025-09-09,2025-10-12,2025-10-25,981,981,0,,4.73,4.68,1
PO-010712,139,10,5,2025-09-16,2025-10-19,2025-10-08,1230,1230,0,,4.73,4.64,1
PO-010713,139,10,10,2025-09-23,2025-10-26,2025-10-25,1237,1237,0,,4.73,4.72,1
PO-010714,139,10,6,2025-10-07,2025-11-09,2025-11-09,1060,1060,0,,4.73,4.64,1
PO-010715,139,10,2,2025-10-14,2025-11-16,2025-11-07,732,732,0,,4.73,4.75,1
PO-010716,139,10,2,2025-10-21,2025-11-23,2025-11-17,1068,1068,0,,4.73,4.67,1
PO-010717,139,10,10,2025-10-28,2025-11-30,2025-11-16,939,939,0,,4.73,4.8,1
PO-010718,139,10,7,2025-11-04,2025-12-07,2025-11-28,1263,1076,0,,4.73,4.54,1
PO-010719,139,10,2,2025-11-11,2025-12-14,2025-12-21,713,713,0,,4.73,4.7,1
PO-010720,139,10,8,2025-11-18,2025-12-21,2025-12-15,722,722,0,,4.73,4.72,1
PO-010721,139,10,7,2025-11-25,2025-12-28,2026-01-10,1220,1220,0,,4.73,4.68,1
PO-010722,139,10,8,2025-12-02,2026-01-04,2025-12-25,970,970,0,,4.73,4.7,1
PO-010723,139,10,8,2025-12-09,2026-01-11,2026-01-07,1237,1237,0,,4.73,4.68,1
PO-010724,139,10,1,2025-12-16,2026-01-18,2026-01-06,1345,1185,0,,4.73,4.6,1
PO-010725,139,10,10,2025-12-23,2026-01-25,2026-01-22,1143,1143,0,,4.73,4.78,1
PO-010726,139,10,2,2026-01-13,2026-02-15,2026-01-26,1491,1491,0,,4.73,4.65,1
PO-010727,139,10,6,2026-01-20,2026-02-22,2026-02-10,723,723,0,,4.73,4.63,1
PO-010728,139,10,7,2026-02-03,2026-03-08,2026-03-05,730,730,0,,4.73,4.67,1
PO-010729,139,10,2,2026-02-17,2026-03-22,2026-03-23,1422,1422,0,,4.73,4.67,1
PO-010730,139,10,4,2026-02-24,2026-03-29,2026-04-06,1471,1471,0,,4.73,4.66,1
PO-010731,139,10,1,2026-03-10,2026-04-12,2026-04-08,1389,1389,0,,4.73,4.66,1
PO-010732,139,10,5,2026-03-17,2026-04-19,2026-04-16,1244,1244,0,,4.73,4.63,1
PO-010733,139,10,8,2026-03-31,2026-05-03,2026-04-13,990,990,0,,4.73,4.7,1
PO-010734,139,10,10,2026-04-07,2026-05-10,2026-05-19,750,750,0,,4.73,4.63,1
PO-010735,139,10,5,2026-04-14,2026-05-17,2026-05-09,1069,1069,0,,4.73,4.65,1
PO-010736,139,10,7,2026-04-21,2026-05-24,2026-06-14,782,782,0,,4.73,4.7,1
PO-010737,139,10,10,2026-04-28,2026-05-31,2026-05-26,1169,1169,0,,4.73,4.69,1
PO-010738,139,10,10,2026-05-12,2026-06-14,2026-06-13,1101,1061,0,,4.73,4.71,1
PO-010739,139,10,6,2026-05-19,2026-06-21,2026-06-19,710,710,0,,4.73,4.67,1
PO-010740,139,10,4,2026-05-26,2026-06-28,2026-06-20,842,842,0,,4.73,4.59,1
PO-010741,139,10,1,2026-06-02,2026-07-05,2026-06-23,831,745,0,,4.73,4.74,1
PO-010742,139,10,2,2026-06-16,2026-07-19,2026-07-06,1141,1141,0,,4.73,4.68,1
PO-010743,139,10,2,2026-06-30,2026-08-02,2026-07-20,1043,1043,0,,4.73,4.65,1
PO-010744,140,1,5,2025-01-07,2025-01-24,2025-02-19,500,500,0,,22.09,21.92,1
PO-010745,140,1,8,2025-01-14,2025-01-31,2025-01-31,500,500,0,,22.09,22.19,1
PO-010746,140,1,2,2025-01-21,2025-02-07,2025-02-17,500,477,0,,22.09,22.2,1
PO-010747,140,1,8,2025-01-28,2025-02-14,2025-02-20,500,500,0,,22.09,22.33,1
PO-010748,140,1,10,2025-02-04,2025-02-21,2025-02-18,500,500,0,,22.09,22.26,1
PO-010749,140,1,4,2025-02-11,2025-02-28,2025-02-26,500,500,0,,22.09,22.24,1
PO-010750,140,1,5,2025-02-18,2025-03-07,2025-03-13,500,500,0,,22.09,22.02,1
PO-010751,140,1,10,2025-02-25,2025-03-14,2025-03-09,500,500,0,,22.09,22.09,1
PO-010752,140,1,6,2025-03-04,2025-03-21,2025-04-15,500,500,0,,22.09,22.24,1
PO-010753,140,1,10,2025-03-11,2025-03-28,2025-03-26,500,500,0,,22.09,22.29,1
PO-010754,140,1,8,2025-03-18,2025-04-04,2025-04-01,500,500,0,,22.09,22.01,1
PO-010755,140,1,2,2025-03-25,2025-04-11,2025-04-08,500,500,0,,22.09,22.18,1
PO-010756,140,1,7,2025-04-01,2025-04-18,2025-04-10,500,500,0,,22.09,22.07,1
PO-010757,140,1,1,2025-04-08,2025-04-25,2025-04-24,500,500,0,,22.09,22.33,1
PO-010758,140,1,4,2025-04-15,2025-05-02,2025-04-30,500,500,0,,22.09,22.67,1
PO-010759,140,1,1,2025-04-22,2025-05-09,2025-05-06,500,500,0,,22.09,22.26,1
PO-010760,140,1,10,2025-04-29,2025-05-16,2025-05-29,500,500,0,,22.09,22.18,1
PO-010761,140,1,4,2025-05-06,2025-05-23,2025-05-19,500,500,0,,22.09,21.97,1
PO-010762,140,1,10,2025-05-13,2025-05-30,2025-05-26,500,500,0,,22.09,22.61,1
PO-010763,140,1,4,2025-05-20,2025-06-06,2025-06-05,500,500,0,,22.09,22.5,1
PO-010764,140,1,4,2025-05-27,2025-06-13,2025-06-16,500,500,0,,22.09,22.35,1
PO-010765,140,1,6,2025-06-03,2025-06-20,2025-06-21,500,500,0,,22.09,22.23,1
PO-010766,140,1,4,2025-06-10,2025-06-27,2025-06-26,500,500,0,,22.09,21.95,1
PO-010767,140,1,10,2025-06-17,2025-07-04,2025-07-01,500,500,0,,22.09,21.93,1
PO-010768,140,1,7,2025-06-24,2025-07-11,2025-07-07,500,500,0,,22.09,22.26,1
PO-010769,140,1,6,2025-07-01,2025-07-18,2025-07-16,500,500,0,,22.09,22.14,1
PO-010770,140,1,2,2025-07-08,2025-07-25,2025-07-24,500,500,0,,22.09,21.99,1
PO-010771,140,1,4,2025-07-15,2025-08-01,2025-08-15,500,500,0,,22.09,22.37,1
PO-010772,140,1,7,2025-07-22,2025-08-08,2025-08-03,500,487,0,,22.09,22.3,1
PO-010773,140,1,4,2025-07-29,2025-08-15,2025-08-13,500,486,0,,22.09,22.09,1
PO-010774,140,1,4,2025-08-05,2025-08-22,2025-09-12,500,478,0,,22.09,22.05,1
PO-010775,140,1,4,2025-08-12,2025-08-29,2025-09-07,500,500,0,,22.09,22.18,1
PO-010776,140,1,4,2025-08-19,2025-09-05,2025-09-13,500,500,0,,22.09,22.27,1
PO-010777,140,1,5,2025-08-26,2025-09-12,2025-09-25,500,500,0,,22.09,22.58,1
PO-010778,140,1,4,2025-09-02,2025-09-19,2025-09-15,500,500,0,,22.09,22.31,1
PO-010779,140,1,8,2025-09-09,2025-09-26,2025-09-30,500,489,0,,22.09,22.15,1
PO-010780,140,1,10,2025-09-16,2025-10-03,2025-10-10,500,500,0,,22.09,22.3,1
PO-010781,140,1,1,2025-09-23,2025-10-10,2025-10-12,500,500,0,,22.09,22.12,1
PO-010782,140,1,1,2025-09-30,2025-10-17,2025-10-16,500,500,36,Short shelf life on arrival,22.09,22.13,1
PO-010783,140,1,5,2025-10-07,2025-10-24,2025-11-07,500,500,0,,22.09,22.35,1
PO-010784,140,1,7,2025-10-14,2025-10-31,2025-10-28,500,500,0,,22.09,22.32,1
PO-010785,140,1,5,2025-10-21,2025-11-07,2025-11-04,500,500,0,,22.09,22.11,1
PO-010786,140,1,2,2025-10-28,2025-11-14,2025-11-13,500,500,0,,22.09,22.0,1
PO-010787,140,1,6,2025-11-04,2025-11-21,2025-11-19,500,500,0,,22.09,22.24,1
PO-010788,140,1,2,2025-11-11,2025-11-28,2025-12-01,500,500,0,,22.09,22.34,1
PO-010789,140,1,2,2025-11-18,2025-12-05,2025-12-09,500,500,0,,22.09,22.36,1
PO-010790,140,1,4,2025-11-25,2025-12-12,2025-12-20,500,500,0,,22.09,22.51,1
PO-010791,140,1,1,2025-12-02,2025-12-19,2025-12-18,500,488,0,,22.09,22.45,1
PO-010792,140,1,2,2025-12-09,2025-12-26,2025-12-29,500,500,0,,22.09,22.16,1
PO-010793,140,1,2,2025-12-16,2026-01-02,2026-01-01,500,488,0,,22.09,22.33,1
PO-010794,140,1,1,2025-12-23,2026-01-09,2026-01-03,500,500,0,,22.09,21.85,1
PO-010795,140,1,10,2025-12-30,2026-01-16,2026-01-28,500,500,0,,22.09,22.38,1
PO-010796,140,1,6,2026-01-06,2026-01-23,2026-01-24,500,500,0,,22.09,21.63,1
PO-010797,140,1,6,2026-01-13,2026-01-30,2026-01-27,500,500,0,,22.09,22.23,1
PO-010798,140,1,1,2026-01-20,2026-02-06,2026-02-04,500,480,0,,22.09,21.82,1
PO-010799,140,1,8,2026-01-27,2026-02-13,2026-02-08,500,500,0,,22.09,22.36,1
PO-010800,140,1,1,2026-02-03,2026-02-20,2026-02-23,500,500,0,,22.09,22.46,1
PO-010801,140,1,7,2026-02-10,2026-02-27,2026-02-26,500,476,0,,22.09,22.52,1
PO-010802,140,1,10,2026-02-17,2026-03-06,2026-03-03,500,500,0,,22.09,22.22,1
PO-010803,140,1,2,2026-02-24,2026-03-13,2026-03-12,500,500,0,,22.09,21.68,1
PO-010804,140,1,8,2026-03-03,2026-03-20,2026-03-15,500,500,0,,22.09,22.23,1
PO-010805,140,1,5,2026-03-10,2026-03-27,2026-03-25,500,500,0,,22.09,22.46,1
PO-010806,140,1,8,2026-03-17,2026-04-03,2026-03-27,500,479,0,,22.09,22.34,1
PO-010807,140,1,10,2026-03-24,2026-04-10,2026-04-13,500,500,0,,22.09,22.44,1
PO-010808,140,1,10,2026-03-31,2026-04-17,2026-04-29,500,500,0,,22.09,22.57,1
PO-010809,140,1,10,2026-04-07,2026-04-24,2026-04-23,500,487,0,,22.09,22.47,1
PO-010810,140,1,5,2026-04-14,2026-05-01,2026-04-29,500,500,0,,22.09,22.2,1
PO-010811,140,1,6,2026-04-21,2026-05-08,2026-05-16,500,500,0,,22.09,22.43,1
PO-010812,140,1,8,2026-04-28,2026-05-15,2026-05-09,500,489,0,,22.09,22.01,1
PO-010813,140,1,5,2026-05-05,2026-05-22,2026-05-22,500,500,0,,22.09,22.37,1
PO-010814,140,1,1,2026-05-12,2026-05-29,2026-05-28,500,500,0,,22.09,22.14,1
PO-010815,140,1,10,2026-05-19,2026-06-05,2026-06-02,500,500,0,,22.09,22.09,1
PO-010816,140,1,4,2026-05-26,2026-06-12,2026-06-22,500,500,0,,22.09,22.37,1
PO-010817,140,1,2,2026-06-02,2026-06-19,2026-06-29,500,500,0,,22.09,22.15,1
PO-010818,140,1,7,2026-06-09,2026-06-26,2026-06-24,500,500,0,,22.09,22.21,1
PO-010819,140,1,1,2026-06-16,2026-07-03,2026-06-29,500,500,0,,22.09,22.19,1
PO-010820,140,1,10,2026-06-23,2026-07-10,2026-07-16,500,500,0,,22.09,21.79,1
PO-010821,140,1,10,2026-06-30,2026-07-17,2026-07-16,500,500,0,,22.09,22.03,1
PO-010822,141,9,10,2025-01-07,2025-01-17,2025-01-15,94,94,0,,9.75,9.75,0
PO-010823,141,9,4,2025-01-14,2025-01-24,2025-01-23,91,91,0,,9.75,9.58,0
PO-010824,141,9,9,2025-01-21,2025-01-31,2025-01-28,64,64,0,,9.75,9.49,0
PO-010825,141,9,5,2025-03-04,2025-03-14,2025-03-13,123,123,0,,9.75,9.78,0
PO-010826,141,9,1,2025-03-11,2025-03-21,2025-03-23,126,126,0,,9.75,9.69,0
PO-010827,141,9,3,2025-03-18,2025-03-28,2025-03-27,131,131,0,,9.75,9.73,0
PO-010828,141,9,5,2025-04-01,2025-04-11,2025-04-09,152,152,6,Documentation incomplete,9.75,9.7,0
PO-010829,141,9,9,2025-04-15,2025-04-25,2025-04-24,103,103,0,,9.75,9.65,0
PO-010830,141,9,5,2025-04-22,2025-05-02,2025-05-01,154,154,0,,9.75,9.69,0
PO-010831,141,9,3,2025-04-29,2025-05-09,2025-05-05,122,122,0,,9.75,9.69,0
PO-010832,141,9,4,2025-05-20,2025-05-30,2025-05-30,180,180,0,,9.75,9.71,0
PO-010833,141,9,5,2025-06-24,2025-07-04,2025-07-04,96,96,0,,9.75,9.75,0
PO-010834,141,9,7,2025-07-01,2025-07-11,2025-07-09,154,154,0,,9.75,9.86,0
PO-010835,141,9,9,2025-07-15,2025-07-25,2025-07-24,142,142,5,Temperature excursion in transit,9.75,9.74,0
PO-010836,141,9,9,2025-07-22,2025-08-01,2025-07-30,180,180,0,,9.75,9.75,0
PO-010837,141,9,7,2025-08-12,2025-08-22,2025-08-21,94,94,0,,9.75,9.69,0
PO-010838,141,9,4,2025-08-19,2025-08-29,2025-08-27,178,162,0,,9.75,9.71,0
PO-010839,141,9,7,2025-08-26,2025-09-05,2025-09-05,174,174,0,,9.75,9.9,0
PO-010840,141,9,7,2025-09-02,2025-09-12,2025-09-10,189,189,0,,9.75,9.8,0
PO-010841,141,9,4,2025-09-30,2025-10-10,2025-10-08,152,152,0,,9.75,9.71,0
PO-010842,141,9,5,2025-10-07,2025-10-17,2025-10-16,123,123,0,,9.75,9.73,0
PO-010843,141,9,5,2025-10-14,2025-10-24,2025-10-23,137,137,0,,9.75,9.77,0
PO-010844,141,9,5,2025-10-21,2025-10-31,2025-10-29,157,157,0,,9.75,9.79,0
PO-010845,141,9,7,2025-10-28,2025-11-07,2025-11-06,176,176,0,,9.75,9.79,0
PO-010846,141,9,9,2025-11-18,2025-11-28,2025-11-27,119,119,0,,9.75,9.43,0
PO-010847,141,9,3,2025-11-25,2025-12-05,2025-12-03,133,133,0,,9.75,9.83,0
PO-010848,141,9,10,2025-12-02,2025-12-12,2025-12-12,110,110,0,,9.75,9.71,0
PO-010849,141,9,4,2026-01-06,2026-01-16,2026-01-15,157,157,0,,9.75,9.55,0
PO-010850,141,9,5,2026-02-10,2026-02-20,2026-02-18,96,96,0,,9.75,9.6,0
PO-010851,141,9,1,2026-02-17,2026-02-27,2026-02-26,133,133,0,,9.75,9.77,0
PO-010852,141,9,9,2026-02-24,2026-03-06,2026-03-04,147,147,0,,9.75,9.79,0
PO-010853,141,9,1,2026-03-17,2026-03-27,2026-03-25,105,105,0,,9.75,9.74,0
PO-010854,141,9,9,2026-03-24,2026-04-03,2026-04-03,140,140,0,,9.75,9.63,0
PO-010855,141,9,3,2026-03-31,2026-04-10,2026-04-09,131,131,0,,9.75,9.77,0
PO-010856,141,9,1,2026-04-28,2026-05-08,2026-05-07,154,154,0,,9.75,9.7,0
PO-010857,141,9,3,2026-05-05,2026-05-15,2026-05-14,117,117,0,,9.75,9.72,0
PO-010858,141,9,1,2026-05-12,2026-05-22,2026-05-21,151,151,0,,9.75,9.61,0
PO-010859,141,9,3,2026-05-19,2026-05-29,2026-05-28,126,126,0,,9.75,9.61,0
PO-010860,141,9,5,2026-06-02,2026-06-12,2026-06-11,124,117,0,,9.75,9.82,0
PO-010861,141,9,10,2026-06-23,2026-07-03,2026-06-30,149,149,0,,9.75,9.37,0
PO-010862,141,17,5,2025-01-07,2025-01-21,2025-01-19,174,168,0,,8.33,8.41,1
PO-010863,141,17,3,2025-01-21,2025-02-04,2025-01-31,161,161,0,,8.33,8.43,1
PO-010864,141,17,5,2025-01-28,2025-02-11,2025-02-07,182,167,0,,8.33,8.59,1
PO-010865,141,17,1,2025-02-04,2025-02-18,2025-03-08,168,168,0,,8.33,8.44,1
PO-010866,141,17,5,2025-02-11,2025-02-25,2025-02-21,85,85,0,,8.33,8.33,1
PO-010867,141,17,3,2025-02-18,2025-03-04,2025-03-03,181,176,0,,8.33,8.39,1
PO-010868,141,17,9,2025-03-04,2025-03-18,2025-03-17,112,112,0,,8.33,8.28,1
PO-010869,141,17,9,2025-03-25,2025-04-08,2025-04-05,89,83,6,Temperature excursion in transit,8.33,8.21,1
PO-010870,141,17,10,2025-04-08,2025-04-22,2025-04-16,131,131,0,,8.33,8.4,1
PO-010871,141,17,9,2025-04-29,2025-05-13,2025-05-22,128,128,0,,8.33,8.31,1
PO-010872,141,17,3,2025-05-06,2025-05-20,2025-05-14,155,155,0,,8.33,8.32,1
PO-010873,141,17,9,2025-06-03,2025-06-17,2025-06-20,127,127,0,,8.33,8.46,1
PO-010874,141,17,5,2025-06-17,2025-07-01,2025-06-29,101,97,0,,8.33,8.41,1
PO-010875,141,17,5,2025-07-01,2025-07-15,2025-07-24,127,127,0,,8.33,8.22,1
PO-010876,141,17,4,2025-07-15,2025-07-29,2025-07-28,135,135,0,,8.33,8.3,1
PO-010877,141,17,9,2025-07-22,2025-08-05,2025-08-02,139,139,0,,8.33,8.33,1
PO-010878,141,17,10,2025-07-29,2025-08-12,2025-08-09,146,146,0,,8.33,8.46,1
PO-010879,141,17,7,2025-08-12,2025-08-26,2025-08-22,166,166,0,,8.33,8.42,1
PO-010880,141,17,3,2025-08-26,2025-09-09,2025-09-04,125,125,0,,8.33,8.38,1
PO-010881,141,17,4,2025-09-09,2025-09-23,2025-10-05,140,140,0,,8.33,8.51,1
PO-010882,141,17,7,2025-09-16,2025-09-30,2025-11-01,147,147,0,,8.33,8.38,1
PO-010883,141,17,9,2025-09-23,2025-10-07,2025-10-06,130,130,0,,8.33,8.3,1
PO-010884,141,17,7,2025-10-07,2025-10-21,2025-10-17,113,113,9,Temperature excursion in transit,8.33,8.48,1
PO-010885,141,17,3,2025-10-14,2025-10-28,2025-10-23,152,152,0,,8.33,8.25,1
PO-010886,141,17,1,2025-10-28,2025-11-11,2025-11-11,189,189,0,,8.33,8.19,1
PO-010887,141,17,7,2025-11-11,2025-11-25,2025-11-14,171,171,0,,8.33,8.44,1
PO-010888,141,17,7,2025-11-18,2025-12-02,2025-12-02,161,161,0,,8.33,8.4,1
PO-010889,141,17,3,2025-11-25,2025-12-09,2025-12-07,112,101,0,,8.33,8.29,1
PO-010890,141,17,5,2025-12-02,2025-12-16,2025-12-12,122,122,0,,8.33,8.21,1
PO-010891,141,17,10,2025-12-09,2025-12-23,2025-12-27,126,126,0,,8.33,8.41,1
PO-010892,141,17,3,2025-12-16,2025-12-30,2026-01-01,159,159,0,,8.33,8.21,1
PO-010893,141,17,9,2025-12-23,2026-01-06,2026-01-09,138,138,0,,8.33,8.34,1
PO-010894,141,17,10,2026-01-06,2026-01-20,2026-01-17,130,130,0,,8.33,8.42,1
PO-010895,141,17,3,2026-01-20,2026-02-03,2026-02-12,126,126,0,,8.33,8.44,1
PO-010896,141,17,5,2026-01-27,2026-02-10,2026-02-07,139,139,0,,8.33,8.23,1
PO-010897,141,17,4,2026-02-24,2026-03-10,2026-03-03,142,142,0,,8.33,8.32,1
PO-010898,141,17,5,2026-03-17,2026-03-31,2026-04-09,116,116,0,,8.33,8.41,1
PO-010899,141,17,4,2026-03-31,2026-04-14,2026-04-07,156,156,0,,8.33,8.24,1
PO-010900,141,17,4,2026-04-07,2026-04-21,2026-04-14,178,178,0,,8.33,8.48,1
PO-010901,141,17,10,2026-04-14,2026-04-28,2026-04-28,207,207,0,,8.33,8.57,1
PO-010902,141,17,4,2026-04-21,2026-05-05,2026-06-15,147,147,0,,8.33,8.4,1
PO-010903,141,17,10,2026-04-28,2026-05-12,2026-05-29,101,101,0,,8.33,8.3,1
PO-010904,141,17,7,2026-05-12,2026-05-26,2026-05-20,163,163,0,,8.33,8.4,1
PO-010905,141,17,5,2026-05-19,2026-06-02,2026-06-01,144,144,13,Damaged packaging,8.33,8.34,1
PO-010906,141,17,1,2026-05-26,2026-06-09,2026-06-06,137,137,0,,8.33,8.32,1
PO-010907,141,17,1,2026-06-16,2026-06-30,2026-06-28,133,133,0,,8.33,8.51,1
PO-010908,141,17,1,2026-06-30,2026-07-14,2026-07-06,124,124,0,,8.33,8.32,1
PO-010909,142,24,7,2025-02-04,2025-02-13,2025-02-11,250,250,0,,8.6,8.5,0
PO-010910,142,24,1,2025-02-11,2025-02-20,2025-02-20,250,250,0,,8.6,8.38,0
PO-010911,142,24,3,2025-04-01,2025-04-10,2025-04-07,250,250,0,,8.6,8.54,0
PO-010912,142,24,3,2025-06-10,2025-06-19,2025-06-18,250,250,0,,8.6,8.54,0
PO-010913,142,24,10,2025-07-15,2025-07-24,2025-07-24,250,250,0,,8.6,8.49,0
PO-010914,142,24,5,2025-08-12,2025-08-21,2025-08-20,250,250,0,,8.6,8.26,0
PO-010915,142,24,1,2025-08-19,2025-08-28,2025-08-28,250,250,0,,8.6,8.47,0
PO-010916,142,24,10,2025-08-26,2025-09-04,2025-09-02,250,250,0,,8.6,8.35,0
PO-010917,142,24,9,2025-09-16,2025-09-25,2025-09-24,250,250,0,,8.6,8.28,0
PO-010918,142,24,1,2025-09-23,2025-10-02,2025-10-02,250,250,0,,8.6,8.38,0
PO-010919,142,24,4,2025-10-07,2025-10-16,2025-10-16,250,250,51,Damaged packaging,8.6,8.27,0
PO-010920,142,24,7,2025-11-04,2025-11-13,2025-11-12,250,250,0,,8.6,8.34,0
PO-010921,142,24,4,2025-11-18,2025-11-27,2025-11-24,250,250,0,,8.6,8.36,0
PO-010922,142,24,7,2025-11-25,2025-12-04,2025-12-03,250,250,0,,8.6,8.33,0
PO-010923,142,24,10,2025-12-23,2026-01-01,2026-01-01,250,250,0,,8.6,8.41,0
PO-010924,142,24,3,2025-12-30,2026-01-08,2026-01-07,250,250,0,,8.6,8.35,0
PO-010925,142,24,9,2026-01-06,2026-01-15,2026-01-14,250,250,0,,8.6,8.58,0
PO-010926,142,24,5,2026-03-03,2026-03-12,2026-03-12,250,250,0,,8.6,8.48,0
PO-010927,142,24,9,2026-03-24,2026-04-02,2026-03-30,250,250,0,,8.6,8.44,0
PO-010928,142,24,5,2026-03-31,2026-04-09,2026-04-08,250,250,0,,8.6,8.23,0
PO-010929,142,24,9,2026-05-12,2026-05-21,2026-05-21,250,250,0,,8.6,8.44,0
PO-010930,142,24,10,2026-05-19,2026-05-28,2026-05-26,250,250,0,,8.6,8.31,0
PO-010931,142,13,9,2025-01-07,2025-01-24,2025-01-25,250,250,0,,7.31,7.56,1
PO-010932,142,13,1,2025-01-14,2025-01-31,2025-01-29,250,250,0,,7.31,7.54,1
PO-010933,142,13,9,2025-01-21,2025-02-07,2025-02-04,250,250,0,,7.31,7.56,1
PO-010934,142,13,5,2025-01-28,2025-02-14,2025-02-07,250,250,0,,7.31,7.52,1
PO-010935,142,13,1,2025-02-04,2025-02-21,2025-02-17,250,250,0,,7.31,7.57,1
PO-010936,142,13,7,2025-02-11,2025-02-28,2025-03-07,250,250,0,,7.31,7.64,1
PO-010937,142,13,9,2025-02-18,2025-03-07,2025-03-05,250,250,15,Failed spec check,7.31,7.56,1
PO-010938,142,13,9,2025-02-25,2025-03-14,2025-03-13,250,250,0,,7.31,7.49,1
PO-010939,142,13,7,2025-03-04,2025-03-21,2025-03-15,250,250,7,Temperature excursion in transit,7.31,7.6,1
PO-010940,142,13,4,2025-03-11,2025-03-28,2025-03-27,250,250,0,,7.31,7.53,1
PO-010941,142,13,3,2025-03-18,2025-04-04,2025-04-02,250,250,0,,7.31,7.57,1
PO-010942,142,13,3,2025-04-08,2025-04-25,2025-04-23,250,250,0,,7.31,7.6,1
PO-010943,142,13,5,2025-04-22,2025-05-09,2025-05-02,250,250,0,,7.31,7.57,1
PO-010944,142,13,3,2025-04-29,2025-05-16,2025-05-13,250,250,23,Short shelf life on arrival,7.31,7.7,1
PO-010945,142,13,7,2025-05-06,2025-05-23,2025-05-17,250,216,0,,7.31,7.51,1
PO-010946,142,13,4,2025-05-13,2025-05-30,2025-05-26,250,250,0,,7.31,7.67,1
PO-010947,142,13,7,2025-05-20,2025-06-06,2025-06-04,250,250,0,,7.31,7.6,1
PO-010948,142,13,9,2025-06-03,2025-06-20,2025-06-19,250,231,28,Short shelf life on arrival,7.31,7.58,1
PO-010949,142,13,10,2025-06-10,2025-06-27,2025-06-29,250,236,0,,7.31,7.63,1
PO-010950,142,13,3,2025-06-24,2025-07-11,2025-07-09,250,250,0,,7.31,7.61,1
PO-010951,142,13,10,2025-07-08,2025-07-25,2025-07-22,250,250,0,,7.31,7.6,1
PO-010952,142,13,9,2025-07-22,2025-08-08,2025-08-15,250,250,0,,7.31,7.61,1
PO-010953,142,13,4,2025-07-29,2025-08-15,2025-08-13,250,250,0,,7.31,7.57,1
PO-010954,142,13,4,2025-08-05,2025-08-22,2025-08-22,250,250,0,,7.31,7.64,1
PO-010955,142,13,4,2025-08-12,2025-08-29,2025-08-26,250,239,0,,7.31,7.67,1
PO-010956,142,13,4,2025-08-26,2025-09-12,2025-09-07,250,250,0,,7.31,7.5,1
PO-010957,142,13,4,2025-09-02,2025-09-19,2025-09-13,250,250,0,,7.31,7.75,1
PO-010958,142,13,7,2025-09-09,2025-09-26,2025-09-25,250,250,0,,7.31,7.68,1
PO-010959,142,13,7,2025-09-16,2025-10-03,2025-09-29,250,250,0,,7.31,7.7,1
PO-010960,142,13,3,2025-09-23,2025-10-10,2025-10-07,250,250,26,Short shelf life on arrival,7.31,7.59,1
PO-010961,142,13,7,2025-09-30,2025-10-17,2025-10-19,250,250,0,,7.31,7.7,1
PO-010962,142,13,10,2025-10-07,2025-10-24,2025-10-23,250,250,0,,7.31,7.58,1
PO-010963,142,13,1,2025-10-14,2025-10-31,2025-10-24,250,250,0,,7.31,7.53,1
PO-010964,142,13,3,2025-10-21,2025-11-07,2025-11-01,250,250,0,,7.31,7.66,1
PO-010965,142,13,10,2025-10-28,2025-11-14,2025-11-10,250,250,0,,7.31,7.71,1
PO-010966,142,13,1,2025-11-18,2025-12-05,2025-12-04,250,250,0,,7.31,7.38,1
PO-010967,142,13,7,2025-11-25,2025-12-12,2025-12-08,250,250,0,,7.31,7.58,1
PO-010968,142,13,5,2025-12-02,2025-12-19,2025-12-18,250,250,0,,7.31,7.71,1
PO-010969,142,13,3,2025-12-09,2025-12-26,2025-12-25,250,250,0,,7.31,7.67,1
PO-010970,142,13,10,2025-12-16,2026-01-02,2025-12-28,250,250,36,Failed spec check,7.31,7.49,1
PO-010971,142,13,9,2025-12-23,2026-01-09,2026-01-02,250,250,0,,7.31,7.52,1
PO-010972,142,13,4,2026-01-06,2026-01-23,2026-01-20,250,250,0,,7.31,7.81,1
PO-010973,142,13,10,2026-01-13,2026-01-30,2026-01-23,250,250,43,Failed spec check,7.31,7.73,1
PO-010974,142,13,1,2026-01-20,2026-02-06,2026-01-30,250,250,0,,7.31,7.49,1
PO-010975,142,13,10,2026-01-27,2026-02-13,2026-02-09,250,250,0,,7.31,7.67,1
PO-010976,142,13,5,2026-02-03,2026-02-20,2026-02-16,250,250,0,,7.31,7.45,1
PO-010977,142,13,10,2026-02-10,2026-02-27,2026-03-05,250,250,0,,7.31,7.58,1
PO-010978,142,13,7,2026-02-17,2026-03-06,2026-03-02,250,250,0,,7.31,7.56,1
PO-010979,142,13,1,2026-02-24,2026-03-13,2026-03-12,250,250,0,,7.31,7.57,1
PO-010980,142,13,5,2026-03-03,2026-03-20,2026-03-26,250,250,0,,7.31,7.61,1
PO-010981,142,13,1,2026-03-10,2026-03-27,2026-03-22,250,250,0,,7.31,7.4,1
PO-010982,142,13,1,2026-03-17,2026-04-03,2026-03-28,250,250,0,,7.31,7.67,1
PO-010983,142,13,1,2026-03-24,2026-04-10,2026-04-08,250,250,0,,7.31,7.58,1
PO-010984,142,13,10,2026-03-31,2026-04-17,2026-04-13,250,250,0,,7.31,7.5,1
PO-010985,142,13,1,2026-04-07,2026-04-24,2026-04-25,250,250,0,,7.31,7.38,1
PO-010986,142,13,3,2026-04-14,2026-05-01,2026-04-29,250,250,0,,7.31,7.61,1
PO-010987,142,13,1,2026-04-28,2026-05-15,2026-05-09,250,250,0,,7.31,7.47,1
PO-010988,142,13,7,2026-05-05,2026-05-22,2026-05-21,250,250,31,Failed spec check,7.31,7.59,1
PO-010989,142,13,1,2026-05-12,2026-05-29,2026-05-23,250,250,0,,7.31,7.69,1
PO-010990,142,13,5,2026-05-19,2026-06-05,2026-06-09,250,250,0,,7.31,7.68,1
PO-010991,142,13,4,2026-06-09,2026-06-26,2026-06-23,250,250,24,Failed spec check,7.31,7.81,1
PO-010992,142,13,10,2026-06-23,2026-07-10,2026-07-06,250,250,0,,7.31,7.5,1
PO-010993,142,13,10,2026-06-30,2026-07-17,2026-07-13,250,250,0,,7.31,7.6,1
PO-010994,143,12,3,2025-01-07,2025-01-20,2025-01-19,328,328,0,,17.26,16.33,0
PO-010995,143,12,7,2025-02-04,2025-02-17,2025-02-16,550,550,0,,17.26,16.64,0
PO-010996,143,12,3,2025-02-11,2025-02-24,2025-02-20,450,450,0,,17.26,16.92,0
PO-010997,143,12,5,2025-03-04,2025-03-17,2025-03-16,387,387,0,,17.26,16.47,0
PO-010998,143,12,5,2025-03-18,2025-03-31,2025-03-25,371,371,0,,17.26,16.6,0
PO-010999,143,12,7,2025-03-25,2025-04-07,2025-04-06,594,594,0,,17.26,16.68,0
PO-011000,143,12,1,2025-04-08,2025-04-21,2025-04-19,450,450,0,,17.26,16.66,0
PO-011001,143,12,3,2025-05-13,2025-05-26,2025-05-23,319,319,0,,17.26,16.43,0
PO-011002,143,12,4,2025-05-20,2025-06-02,2025-05-28,339,339,0,,17.26,17.02,0
PO-011003,143,12,3,2025-05-27,2025-06-09,2025-06-04,443,443,0,,17.26,16.83,0
PO-011004,143,12,7,2025-06-03,2025-06-16,2025-06-14,409,409,0,,17.26,16.45,0
PO-011005,143,12,10,2025-06-17,2025-06-30,2025-06-26,371,371,0,,17.26,16.45,0
PO-011006,143,12,9,2025-06-24,2025-07-07,2025-07-05,368,368,0,,17.26,16.63,0
PO-011007,143,12,5,2025-07-29,2025-08-11,2025-08-11,344,344,0,,17.26,16.7,0
PO-011008,143,12,5,2025-08-05,2025-08-18,2025-08-16,463,463,0,,17.26,16.83,0
PO-011009,143,12,9,2025-09-02,2025-09-15,2025-09-12,447,447,0,,17.26,16.93,0
PO-011010,143,12,1,2025-09-09,2025-09-22,2025-09-20,259,259,0,,17.26,16.75,0
PO-011011,143,12,5,2025-09-23,2025-10-06,2025-10-02,407,407,0,,17.26,16.65,0
PO-011012,143,12,9,2025-10-21,2025-11-03,2025-10-26,323,323,0,,17.26,16.76,0
PO-011013,143,12,4,2025-10-28,2025-11-10,2025-11-03,435,435,0,,17.26,16.8,0
PO-011014,143,12,10,2025-11-18,2025-12-01,2025-11-30,406,406,0,,17.26,17.02,0
PO-011015,143,12,4,2025-12-16,2025-12-29,2025-12-28,145,145,0,,17.26,16.79,0
PO-011016,143,12,7,2026-02-10,2026-02-23,2026-02-23,352,352,0,,17.26,16.8,0
PO-011017,143,12,3,2026-04-14,2026-04-27,2026-04-26,406,406,0,,17.26,16.38,0
PO-011018,143,12,7,2026-04-21,2026-05-04,2026-05-02,411,411,0,,17.26,17.19,0
PO-011019,143,12,10,2026-05-19,2026-06-01,2026-05-31,316,316,23,Documentation incomplete,17.26,16.63,0
PO-011020,143,12,7,2026-05-26,2026-06-08,2026-06-07,326,326,0,,17.26,16.71,0
PO-011021,143,12,3,2026-06-09,2026-06-22,2026-06-18,437,437,0,,17.26,16.71,0
PO-011022,143,23,10,2025-01-21,2025-02-03,2025-02-03,661,661,0,,18.12,19.34,0
PO-011023,143,23,10,2025-02-11,2025-02-24,2025-02-24,754,754,0,,18.12,19.6,0
PO-011024,143,23,4,2025-02-25,2025-03-10,2025-03-10,310,310,0,,18.12,19.53,0
PO-011025,143,23,1,2025-06-24,2025-07-07,2025-07-07,446,446,0,,18.12,19.1,0
PO-011026,143,23,5,2025-08-05,2025-08-18,2025-08-17,514,514,0,,18.12,19.34,0
PO-011027,143,23,7,2026-01-06,2026-01-19,2026-01-21,124,124,0,,18.12,19.68,0
PO-011028,143,23,9,2026-03-10,2026-03-23,2026-03-22,339,339,0,,18.12,19.46,0
PO-011029,143,23,7,2026-03-31,2026-04-13,2026-04-11,579,579,0,,18.12,19.33,0
PO-011030,143,23,4,2026-04-21,2026-05-04,2026-05-03,699,699,0,,18.12,19.12,0
PO-011031,143,23,1,2026-05-19,2026-06-01,2026-05-31,287,287,0,,18.12,19.4,0
PO-011032,143,24,1,2025-01-07,2025-01-15,2025-01-21,459,459,0,,17.55,17.06,1
PO-011033,143,24,1,2025-01-21,2025-01-29,2025-01-29,456,456,0,,17.55,16.96,1
PO-011034,143,24,3,2025-01-28,2025-02-05,2025-02-04,622,622,0,,17.55,17.26,1
PO-011035,143,24,4,2025-02-11,2025-02-19,2025-03-10,317,317,0,,17.55,17.27,1
PO-011036,143,24,3,2025-02-25,2025-03-05,2025-03-03,415,415,42,Failed spec check,17.55,16.94,1
PO-011037,143,24,1,2025-03-18,2025-03-26,2025-03-24,611,611,0,,17.55,17.3,1
PO-011038,143,24,3,2025-03-25,2025-04-02,2025-04-02,361,361,0,,17.55,17.02,1
PO-011039,143,24,3,2025-04-15,2025-04-23,2025-04-22,603,603,116,Temperature excursion in transit,17.55,16.97,1
PO-011040,143,24,4,2025-04-22,2025-04-30,2025-04-29,535,535,0,,17.55,17.17,1
PO-011041,143,24,9,2025-05-06,2025-05-14,2025-05-13,182,182,0,,17.55,17.01,1
PO-011042,143,24,4,2025-05-13,2025-05-21,2025-05-24,513,513,0,,17.55,17.1,1
PO-011043,143,24,7,2025-05-27,2025-06-04,2025-06-02,812,812,0,,17.55,17.01,1
PO-011044,143,24,7,2025-06-03,2025-06-11,2025-06-11,732,732,0,,17.55,16.99,1
PO-011045,143,24,7,2025-06-10,2025-06-18,2025-06-18,575,575,0,,17.55,17.26,1
PO-011046,143,24,3,2025-06-17,2025-06-25,2025-06-24,270,270,0,,17.55,17.07,1
PO-011047,143,24,9,2025-07-01,2025-07-09,2025-07-08,485,485,0,,17.55,17.28,1
PO-011048,143,24,5,2025-07-22,2025-07-30,2025-07-27,534,534,0,,17.55,17.29,1
PO-011049,143,24,1,2025-07-29,2025-08-06,2025-08-05,651,651,0,,17.55,17.28,1
PO-011050,143,24,7,2025-08-05,2025-08-13,2025-08-13,528,528,0,,17.55,17.09,1
PO-011051,143,24,9,2025-08-26,2025-09-03,2025-09-01,666,666,0,,17.55,17.19,1
PO-011052,143,24,5,2025-09-02,2025-09-10,2025-09-09,614,583,0,,17.55,17.33,1
PO-011053,143,24,4,2025-09-30,2025-10-08,2025-10-07,644,644,0,,17.55,17.18,1
PO-011054,143,24,3,2025-10-14,2025-10-22,2025-10-21,473,473,0,,17.55,17.34,1
PO-011055,143,24,5,2025-10-28,2025-11-05,2025-11-04,708,708,0,,17.55,17.25,1
PO-011056,143,24,5,2025-11-11,2025-11-19,2025-11-18,393,393,0,,17.55,17.25,1
PO-011057,143,24,10,2025-12-02,2025-12-10,2025-12-10,688,688,0,,17.55,16.95,1
PO-011058,143,24,9,2026-01-06,2026-01-14,2026-01-13,275,275,0,,17.55,17.21,1
PO-011059,143,24,10,2026-01-27,2026-02-04,2026-02-03,532,532,0,,17.55,17.23,1
PO-011060,143,24,4,2026-02-03,2026-02-11,2026-02-09,481,481,0,,17.55,16.98,1
PO-011061,143,24,4,2026-02-10,2026-02-18,2026-02-17,658,658,0,,17.55,17.05,1
PO-011062,143,24,5,2026-02-24,2026-03-04,2026-03-03,638,638,0,,17.55,17.26,1
PO-011063,143,24,9,2026-03-10,2026-03-18,2026-03-17,490,490,0,,17.55,16.87,1
PO-011064,143,24,1,2026-03-17,2026-03-25,2026-04-06,710,710,0,,17.55,17.16,1
PO-011065,143,24,5,2026-03-24,2026-04-01,2026-03-30,443,443,0,,17.55,17.21,1
PO-011066,143,24,7,2026-03-31,2026-04-08,2026-04-07,614,614,0,,17.55,17.0,1
PO-011067,143,24,4,2026-04-14,2026-04-22,2026-04-20,355,355,0,,17.55,16.95,1
PO-011068,143,24,3,2026-04-21,2026-04-29,2026-04-28,576,560,0,,17.55,16.81,1
PO-011069,143,24,4,2026-04-28,2026-05-06,2026-05-06,683,683,0,,17.55,16.88,1
PO-011070,143,24,10,2026-05-05,2026-05-13,2026-05-13,801,801,0,,17.55,17.33,1
PO-011071,143,24,9,2026-05-12,2026-05-20,2026-05-18,486,486,0,,17.55,17.23,1
PO-011072,143,24,4,2026-05-26,2026-06-03,2026-06-03,505,505,0,,17.55,17.03,1
PO-011073,143,24,9,2026-06-02,2026-06-10,2026-06-07,483,483,0,,17.55,16.95,1
PO-011074,143,24,7,2026-06-30,2026-07-08,2026-07-15,326,326,0,,17.55,17.24,1
PO-011075,144,1,1,2025-01-28,2025-02-14,2025-02-12,206,206,0,,2.81,2.79,0
PO-011076,144,1,7,2025-02-11,2025-02-28,2025-02-28,148,142,0,,2.81,2.86,0
PO-011077,144,1,10,2025-05-06,2025-05-23,2025-05-27,249,249,0,,2.81,2.84,0
PO-011078,144,1,10,2025-06-10,2025-06-27,2025-06-26,144,144,0,,2.81,2.85,0
PO-011079,144,1,5,2025-07-15,2025-08-01,2025-07-30,209,209,0,,2.81,2.81,0
PO-011080,144,1,1,2025-09-16,2025-10-03,2025-10-02,209,209,0,,2.81,2.87,0
PO-011081,144,1,9,2025-10-21,2025-11-07,2025-11-07,193,193,0,,2.81,2.85,0
PO-011082,144,1,1,2025-10-28,2025-11-14,2025-12-29,240,240,0,,2.81,2.79,0
PO-011083,144,1,4,2025-11-11,2025-11-28,2025-12-04,235,235,0,,2.81,2.84,0
PO-011084,144,1,1,2025-12-02,2025-12-19,2025-12-24,190,190,0,,2.81,2.84,0
PO-011085,144,1,10,2026-02-03,2026-02-20,2026-02-17,222,222,0,,2.81,2.86,0
PO-011086,144,1,5,2026-03-24,2026-04-10,2026-04-09,195,185,0,,2.81,2.81,0
PO-011087,144,1,4,2026-04-07,2026-04-24,2026-04-28,195,195,0,,2.81,2.84,0
PO-011088,144,13,10,2025-01-21,2025-02-07,2025-02-02,277,277,0,,2.9,2.95,0
PO-011089,144,13,1,2025-02-18,2025-03-07,2025-03-05,250,250,0,,2.9,3.09,0
PO-011090,144,13,10,2025-03-25,2025-04-11,2025-04-10,341,341,0,,2.9,2.98,0
PO-011091,144,13,1,2025-04-22,2025-05-09,2025-05-07,250,250,45,Damaged packaging,2.9,3.06,0
PO-011092,144,13,7,2025-05-27,2025-06-13,2025-06-11,277,277,0,,2.9,2.99,0
PO-011093,144,13,9,2025-07-29,2025-08-15,2025-08-07,268,268,0,,2.9,3.08,0
PO-011094,144,13,10,2025-08-26,2025-09-12,2025-09-10,297,297,36,Temperature excursion in transit,2.9,3.04,0
PO-011095,144,13,7,2025-09-23,2025-10-10,2025-10-10,250,250,0,,2.9,3.02,0
PO-011096,144,13,10,2025-11-11,2025-11-28,2025-11-27,307,307,0,,2.9,2.99,0
PO-011097,144,13,3,2026-02-03,2026-02-20,2026-02-19,254,254,0,,2.9,3.03,0
PO-011098,144,13,7,2026-02-17,2026-03-06,2026-03-02,250,250,0,,2.9,3.0,0
PO-011099,144,13,1,2026-03-03,2026-03-20,2026-03-28,296,275,0,,2.9,3.03,0
PO-011100,144,13,1,2026-04-14,2026-05-01,2026-04-25,250,250,21,Failed spec check,2.9,3.06,0
PO-011101,144,17,3,2025-01-14,2025-01-31,2025-01-31,152,152,0,,2.99,2.91,1
PO-011102,144,17,10,2025-01-21,2025-02-07,2025-02-02,253,253,10,Short shelf life on arrival,2.99,2.99,1
PO-011103,144,17,7,2025-02-04,2025-02-21,2025-02-19,294,294,0,,2.99,3.04,1
PO-011104,144,17,5,2025-02-11,2025-02-28,2025-02-28,243,243,0,,2.99,3.0,1
PO-011105,144,17,1,2025-02-25,2025-03-14,2025-03-18,196,196,0,,2.99,3.02,1
PO-011106,144,17,1,2025-03-04,2025-03-21,2025-03-20,260,260,0,,2.99,2.98,1
PO-011107,144,17,3,2025-03-11,2025-03-28,2025-03-21,102,102,0,,2.99,3.0,1
PO-011108,144,17,7,2025-03-25,2025-04-11,2025-04-10,156,147,0,,2.99,3.01,1
PO-011109,144,17,7,2025-04-08,2025-04-25,2025-04-20,198,181,0,,2.99,2.96,1
PO-011110,144,17,5,2025-04-22,2025-05-09,2025-05-01,192,192,0,,2.99,3.0,1
PO-011111,144,17,5,2025-04-29,2025-05-16,2025-05-09,257,257,0,,2.99,3.0,1
PO-011112,144,17,7,2025-05-06,2025-05-23,2025-05-21,222,222,0,,2.99,3.0,1
PO-011113,144,17,7,2025-05-13,2025-05-30,2025-05-28,269,269,0,,2.99,2.95,1
PO-011114,144,17,5,2025-05-20,2025-06-06,2025-05-29,224,224,0,,2.99,3.0,1
PO-011115,144,17,7,2025-05-27,2025-06-13,2025-07-03,291,291,0,,2.99,2.95,1
PO-011116,144,17,1,2025-06-10,2025-06-27,2025-06-26,219,219,0,,2.99,2.96,1
PO-011117,144,17,9,2025-06-17,2025-07-04,2025-06-29,198,198,0,,2.99,2.97,1
PO-011118,144,17,4,2025-06-24,2025-07-11,2025-07-05,302,272,0,,2.99,3.04,1
PO-011119,144,17,7,2025-07-08,2025-07-25,2025-07-22,206,206,15,Damaged packaging,2.99,3.04,1
PO-011120,144,17,7,2025-07-15,2025-08-01,2025-08-06,256,245,0,,2.99,3.0,1
PO-011121,144,17,4,2025-08-05,2025-08-22,2025-08-24,214,214,0,,2.99,3.07,1
PO-011122,144,17,3,2025-08-12,2025-08-29,2025-09-02,247,247,0,,2.99,3.0,1
PO-011123,144,17,9,2025-08-26,2025-09-12,2025-09-12,157,157,0,,2.99,3.03,1
PO-011124,144,17,7,2025-09-09,2025-09-26,2025-09-25,205,205,0,,2.99,2.96,1
PO-011125,144,17,4,2025-09-16,2025-10-03,2025-09-29,253,253,0,,2.99,2.99,1
PO-011126,144,17,10,2025-09-23,2025-10-10,2025-10-09,221,221,0,,2.99,3.01,1
PO-011127,144,17,1,2025-09-30,2025-10-17,2025-10-16,198,198,0,,2.99,2.94,1
PO-011128,144,17,5,2025-10-07,2025-10-24,2025-10-23,261,255,0,,2.99,3.01,1
PO-011129,144,17,4,2025-10-21,2025-11-07,2025-11-14,273,273,0,,2.99,2.97,1
PO-011130,144,17,5,2025-10-28,2025-11-14,2025-11-09,183,183,0,,2.99,3.04,1
PO-011131,144,17,9,2025-11-04,2025-11-21,2025-11-20,193,193,8,Short shelf life on arrival,2.99,3.03,1
PO-011132,144,17,9,2025-11-11,2025-11-28,2025-11-27,203,203,13,Failed spec check,2.99,2.95,1
PO-011133,144,17,4,2025-11-25,2025-12-12,2025-12-05,281,281,0,,2.99,2.98,1
PO-011134,144,17,1,2025-12-16,2026-01-02,2026-01-02,237,237,0,,2.99,3.01,1
PO-011135,144,17,1,2025-12-23,2026-01-09,2026-01-05,274,274,0,,2.99,3.01,1
PO-011136,144,17,9,2026-01-06,2026-01-23,2026-01-20,319,319,0,,2.99,2.97,1
PO-011137,144,17,10,2026-01-13,2026-01-30,2026-02-01,174,174,0,,2.99,3.02,1
PO-011138,144,17,7,2026-01-20,2026-02-06,2026-02-05,149,136,0,,2.99,3.01,1
PO-011139,144,17,1,2026-01-27,2026-02-13,2026-02-11,316,316,21,Short shelf life on arrival,2.99,2.98,1
PO-011140,144,17,10,2026-02-10,2026-02-27,2026-02-24,209,209,0,,2.99,3.03,1
PO-011141,144,17,7,2026-02-17,2026-03-06,2026-03-04,208,208,0,,2.99,3.03,1
PO-011142,144,17,5,2026-03-17,2026-04-03,2026-03-31,180,180,0,,2.99,2.98,1
PO-011143,144,17,5,2026-03-24,2026-04-10,2026-04-07,245,245,0,,2.99,3.03,1
PO-011144,144,17,3,2026-03-31,2026-04-17,2026-04-13,111,111,0,,2.99,2.97,1
PO-011145,144,17,5,2026-04-07,2026-04-24,2026-04-23,204,204,0,,2.99,2.98,1
PO-011146,144,17,10,2026-04-14,2026-05-01,2026-04-28,233,233,0,,2.99,3.05,1
PO-011147,144,17,4,2026-04-21,2026-05-08,2026-05-06,152,152,0,,2.99,2.98,1
PO-011148,144,17,4,2026-04-28,2026-05-15,2026-05-08,242,242,0,,2.99,2.96,1
PO-011149,144,17,7,2026-05-05,2026-05-22,2026-05-22,258,258,0,,2.99,3.04,1
PO-011150,144,17,9,2026-06-02,2026-06-19,2026-06-14,251,251,0,,2.99,3.02,1
PO-011151,144,17,10,2026-06-09,2026-06-26,2026-06-26,241,241,0,,2.99,3.04,1
PO-011152,144,17,4,2026-06-16,2026-07-03,2026-06-30,275,275,0,,2.99,3.04,1
PO-011153,144,17,1,2026-06-23,2026-07-10,2026-07-11,266,266,0,,2.99,2.96,1
PO-011154,144,17,1,2026-06-30,2026-07-17,2026-07-15,214,214,0,,2.99,2.97,1
PO-011155,145,4,1,2025-01-14,2025-01-24,2025-01-21,1307,1307,0,,10.41,10.82,1
PO-011156,145,4,5,2025-01-21,2025-01-31,2025-01-30,2392,2392,0,,10.41,10.98,1
PO-011157,145,4,5,2025-01-28,2025-02-07,2025-02-16,648,621,0,,10.41,10.7,1
PO-011158,145,4,6,2025-02-04,2025-02-14,2025-02-13,2327,2327,0,,10.41,10.84,1
PO-011159,145,4,8,2025-02-11,2025-02-21,2025-02-18,1991,1991,0,,10.41,10.77,1
PO-011160,145,4,6,2025-02-18,2025-02-28,2025-02-28,2061,2061,0,,10.41,10.69,1
PO-011161,145,4,6,2025-03-11,2025-03-21,2025-03-21,915,915,0,,10.41,10.7,1
PO-011162,145,4,7,2025-03-18,2025-03-28,2025-03-24,1508,1508,0,,10.41,10.66,1
PO-011163,145,4,6,2025-04-01,2025-04-11,2025-04-11,1121,1121,0,,10.41,10.84,1
PO-011164,145,4,2,2025-04-08,2025-04-18,2025-04-18,1912,1912,0,,10.41,10.78,1
PO-011165,145,4,2,2025-04-15,2025-04-25,2025-04-22,1921,1921,0,,10.41,10.71,1
PO-011166,145,4,8,2025-04-22,2025-05-02,2025-05-01,2027,2027,0,,10.41,10.79,1
PO-011167,145,4,6,2025-04-29,2025-05-09,2025-05-03,1855,1855,0,,10.41,10.79,1
PO-011168,145,4,7,2025-05-06,2025-05-16,2025-05-15,2035,2035,0,,10.41,10.7,1
PO-011169,145,4,1,2025-05-20,2025-05-30,2025-06-01,1667,1667,0,,10.41,10.88,1
PO-011170,145,4,7,2025-05-27,2025-06-06,2025-06-04,1673,1598,0,,10.41,10.49,1
PO-011171,145,4,7,2025-06-03,2025-06-13,2025-06-15,1874,1874,0,,10.41,10.64,1
PO-011172,145,4,8,2025-06-10,2025-06-20,2025-06-30,2561,2419,0,,10.41,10.64,1
PO-011173,145,4,6,2025-06-17,2025-06-27,2025-07-16,1516,1516,0,,10.41,10.69,1
PO-011174,145,4,7,2025-06-24,2025-07-04,2025-07-08,1640,1640,0,,10.41,10.89,1
PO-011175,145,4,4,2025-07-08,2025-07-18,2025-07-16,2420,2319,0,,10.41,10.77,1
PO-011176,145,4,7,2025-07-22,2025-08-01,2025-08-01,2047,2047,0,,10.41,10.9,1
PO-011177,145,4,5,2025-09-02,2025-09-12,2025-09-12,1317,1317,0,,10.41,10.77,1
PO-011178,145,4,2,2025-09-16,2025-09-26,2025-10-03,2129,2129,0,,10.41,10.48,1
PO-011179,145,4,5,2025-09-30,2025-10-10,2025-10-08,2073,2073,0,,10.41,10.78,1
PO-011180,145,4,1,2025-10-07,2025-10-17,2025-10-15,1850,1850,0,,10.41,10.69,1
PO-011181,145,4,7,2025-10-14,2025-10-24,2025-10-21,1480,1392,0,,10.41,10.75,1
PO-011182,145,4,1,2025-10-21,2025-10-31,2025-11-01,1166,1166,0,,10.41,10.56,1
PO-011183,145,4,6,2025-10-28,2025-11-07,2025-11-05,1278,1278,54,Damaged packaging,10.41,10.6,1
PO-011184,145,4,2,2025-11-04,2025-11-14,2025-11-16,1653,1653,0,,10.41,10.79,1
PO-011185,145,4,5,2025-11-11,2025-11-21,2025-11-20,2584,2584,0,,10.41,10.62,1
PO-011186,145,4,8,2025-11-18,2025-11-28,2025-11-26,1108,1108,0,,10.41,10.73,1
PO-011187,145,4,5,2025-11-25,2025-12-05,2025-12-02,1576,1576,0,,10.41,10.73,1
PO-011188,145,4,6,2025-12-09,2025-12-19,2025-12-15,1569,1569,0,,10.41,10.42,1
PO-011189,145,4,8,2025-12-23,2026-01-02,2026-01-01,1631,1631,50,Damaged packaging,10.41,10.57,1
PO-011190,145,4,2,2026-02-03,2026-02-13,2026-02-13,2140,2140,0,,10.41,10.55,1
PO-011191,145,4,1,2026-02-17,2026-02-27,2026-02-23,2200,2200,0,,10.41,10.52,1
PO-011192,145,4,1,2026-03-03,2026-03-13,2026-03-13,2023,2023,0,,10.41,10.47,1
PO-011193,145,4,6,2026-03-24,2026-04-03,2026-03-28,2095,2017,0,,10.41,10.58,1
PO-011194,145,4,10,2026-03-31,2026-04-10,2026-05-06,2166,2166,0,,10.41,10.54,1
PO-011195,145,4,10,2026-04-07,2026-04-17,2026-04-22,1905,1905,0,,10.41,10.84,1
PO-011196,145,4,10,2026-04-28,2026-05-08,2026-05-06,2099,2099,0,,10.41,10.81,1
PO-011197,145,4,4,2026-05-05,2026-05-15,2026-05-15,1441,1441,0,,10.41,10.73,1
PO-011198,145,4,6,2026-05-19,2026-05-29,2026-06-11,1379,1379,0,,10.41,10.85,1
PO-011199,145,4,10,2026-06-30,2026-07-10,2026-07-07,1546,1546,77,Temperature excursion in transit,10.41,10.62,1
PO-011200,145,11,1,2025-01-14,2025-01-22,2025-01-21,866,866,0,,11.76,12.1,0
PO-011201,145,11,2,2025-01-28,2025-02-05,2025-02-04,1947,1947,0,,11.76,11.69,0
PO-011202,145,11,6,2025-02-18,2025-02-26,2025-02-25,1321,1321,0,,11.76,11.77,0
PO-011203,145,11,10,2025-03-04,2025-03-12,2025-03-12,1735,1735,0,,11.76,11.84,0
PO-011204,145,11,2,2025-03-25,2025-04-02,2025-04-02,1228,1228,0,,11.76,11.8,0
PO-011205,145,11,5,2025-04-01,2025-04-09,2025-04-09,1408,1408,0,,11.76,11.88,0
PO-011206,145,11,5,2025-05-13,2025-05-21,2025-05-20,2174,2174,0,,11.76,11.85,0
PO-011207,145,11,4,2025-05-20,2025-05-28,2025-05-28,1665,1665,50,Damaged packaging,11.76,12.03,0
PO-011208,145,11,6,2025-05-27,2025-06-04,2025-06-02,1921,1921,0,,11.76,11.68,0
PO-011209,145,11,8,2025-06-17,2025-06-25,2025-06-24,1937,1937,61,Failed spec check,11.76,11.66,0
PO-011210,145,11,4,2025-06-24,2025-07-02,2025-07-02,1422,1422,0,,11.76,11.97,0
PO-011211,145,11,8,2025-07-22,2025-07-30,2025-07-28,1823,1823,0,,11.76,11.75,0
PO-011212,145,11,1,2025-08-12,2025-08-20,2025-08-20,2861,2861,0,,11.76,11.87,0
PO-011213,145,11,10,2025-08-26,2025-09-03,2025-09-02,1619,1619,0,,11.76,11.63,0
PO-011214,145,11,5,2025-09-09,2025-09-17,2025-09-16,1665,1665,0,,11.76,11.82,0
PO-011215,145,11,6,2025-11-25,2025-12-03,2025-12-03,1705,1705,54,Temperature excursion in transit,11.76,11.96,0
PO-011216,145,11,5,2025-12-02,2025-12-10,2025-12-09,2118,2118,0,,11.76,12.05,0
PO-011217,145,11,1,2025-12-09,2025-12-17,2025-12-17,1617,1617,0,,11.76,11.83,0
PO-011218,145,11,7,2025-12-16,2025-12-24,2025-12-24,1420,1420,0,,11.76,11.83,0
PO-011219,145,11,8,2025-12-23,2025-12-31,2025-12-30,1758,1758,0,,11.76,11.99,0
PO-011220,145,11,8,2025-12-30,2026-01-07,2026-01-07,1272,1272,0,,11.76,11.71,0
PO-011221,145,11,6,2026-01-06,2026-01-14,2026-01-14,1617,1617,0,,11.76,11.53,0
PO-011222,145,11,4,2026-01-13,2026-01-21,2026-01-20,1218,1218,0,,11.76,11.83,0
PO-011223,145,11,1,2026-01-27,2026-02-04,2026-02-03,1450,1450,0,,11.76,11.72,0
PO-011224,145,11,8,2026-02-10,2026-02-18,2026-02-17,1517,1517,0,,11.76,11.83,0
PO-011225,145,11,10,2026-04-07,2026-04-15,2026-04-14,1151,1151,0,,11.76,11.83,0
PO-011226,145,11,8,2026-04-14,2026-04-22,2026-04-21,1728,1728,0,,11.76,11.76,0
PO-011227,145,11,8,2026-04-21,2026-04-29,2026-04-28,1903,1903,0,,11.76,11.96,0
PO-011228,145,11,8,2026-05-05,2026-05-13,2026-05-12,2035,2035,61,Short shelf life on arrival,11.76,11.74,0
PO-011229,145,11,1,2026-05-19,2026-05-27,2026-05-27,1859,1859,0,,11.76,11.82,0
PO-011230,145,11,1,2026-06-23,2026-07-01,2026-07-01,1301,1301,0,,11.76,11.59,0
PO-011231,146,12,9,2025-01-07,2025-01-19,2025-01-19,500,500,0,,5.36,5.23,1
PO-011232,146,12,4,2025-01-28,2025-02-09,2025-02-08,500,500,0,,5.36,5.21,1
PO-011233,146,12,5,2025-03-04,2025-03-16,2025-03-16,500,500,0,,5.36,5.18,1
PO-011234,146,12,9,2025-04-01,2025-04-13,2025-04-09,500,500,0,,5.36,5.23,1
PO-011235,146,12,7,2025-04-15,2025-04-27,2025-04-25,500,500,0,,5.36,5.13,1
PO-011236,146,12,5,2025-04-29,2025-05-11,2025-05-09,500,500,0,,5.36,5.18,1
PO-011237,146,12,1,2025-05-06,2025-05-18,2025-05-14,500,500,0,,5.36,5.25,1
PO-011238,146,12,10,2025-05-13,2025-05-25,2025-05-19,500,500,0,,5.36,5.11,1
PO-011239,146,12,1,2025-05-20,2025-06-01,2025-05-31,500,500,0,,5.36,5.27,1
PO-011240,146,12,5,2025-05-27,2025-06-08,2025-06-03,500,500,0,,5.36,5.16,1
PO-011241,146,12,10,2025-06-03,2025-06-15,2025-06-15,500,500,0,,5.36,5.29,1
PO-011242,146,12,4,2025-06-10,2025-06-22,2025-06-19,500,500,0,,5.36,5.23,1
PO-011243,146,12,5,2025-06-24,2025-07-06,2025-07-04,500,500,0,,5.36,5.22,1
PO-011244,146,12,10,2025-07-01,2025-07-13,2025-07-09,500,500,0,,5.36,5.2,1
PO-011245,146,12,3,2025-07-15,2025-07-27,2025-07-21,500,500,0,,5.36,5.15,1
PO-011246,146,12,3,2025-07-22,2025-08-03,2025-08-03,500,500,0,,5.36,5.29,1
PO-011247,146,12,1,2025-08-05,2025-08-17,2025-08-14,500,500,0,,5.36,5.13,1
PO-011248,146,12,7,2025-08-12,2025-08-24,2025-08-27,500,500,0,,5.36,5.26,1
PO-011249,146,12,10,2025-08-19,2025-08-31,2025-08-27,500,500,0,,5.36,5.18,1
PO-011250,146,12,3,2025-08-26,2025-09-07,2025-09-06,500,500,0,,5.36,5.12,1
PO-011251,146,12,4,2025-09-02,2025-09-14,2025-09-12,500,500,0,,5.36,5.18,1
PO-011252,146,12,4,2025-09-23,2025-10-05,2025-10-03,500,500,0,,5.36,5.23,1
PO-011253,146,12,3,2025-09-30,2025-10-12,2025-10-14,500,500,0,,5.36,5.21,1
PO-011254,146,12,4,2025-11-04,2025-11-16,2025-11-15,500,500,0,,5.36,5.2,1
PO-011255,146,12,5,2025-12-30,2026-01-11,2026-01-11,500,500,0,,5.36,5.13,1
PO-011256,146,12,4,2026-01-06,2026-01-18,2026-01-11,500,500,0,,5.36,5.26,1
PO-011257,146,12,9,2026-01-20,2026-02-01,2026-01-29,500,500,0,,5.36,5.24,1
PO-011258,146,12,1,2026-02-10,2026-02-22,2026-02-19,500,500,0,,5.36,5.22,1
PO-011259,146,12,10,2026-02-17,2026-03-01,2026-03-04,500,500,0,,5.36,5.17,1
PO-011260,146,12,9,2026-02-24,2026-03-08,2026-03-04,500,500,0,,5.36,5.22,1
PO-011261,146,12,7,2026-03-03,2026-03-15,2026-03-10,500,500,0,,5.36,5.14,1
PO-011262,146,12,5,2026-03-17,2026-03-29,2026-03-29,500,500,0,,5.36,5.17,1
PO-011263,146,12,5,2026-03-24,2026-04-05,2026-04-02,500,500,0,,5.36,5.23,1
PO-011264,146,12,7,2026-05-05,2026-05-17,2026-05-16,500,500,0,,5.36,5.22,1
PO-011265,146,12,10,2026-05-12,2026-05-24,2026-05-19,500,500,0,,5.36,5.2,1
PO-011266,146,12,9,2026-05-19,2026-05-31,2026-06-07,500,500,0,,5.36,5.22,1
PO-011267,146,12,7,2026-06-02,2026-06-14,2026-06-14,500,500,0,,5.36,5.15,1
PO-011268,146,12,10,2026-06-16,2026-06-28,2026-06-29,500,500,0,,5.36,5.08,1
PO-011269,146,12,1,2026-06-30,2026-07-12,2026-07-11,500,500,0,,5.36,5.03,1
PO-011270,146,9,4,2025-01-21,2025-02-04,2025-02-03,208,208,0,,5.92,5.87,0
PO-011271,146,9,7,2025-01-28,2025-02-11,2025-02-10,217,217,0,,5.92,5.84,0
PO-011272,146,9,10,2025-03-18,2025-04-01,2025-03-30,172,172,6,Damaged packaging,5.92,5.83,0
PO-011273,146,9,4,2025-03-25,2025-04-08,2025-04-07,137,137,0,,5.92,5.91,0
PO-011274,146,9,3,2025-06-03,2025-06-17,2025-06-17,201,201,0,,5.92,5.91,0
PO-011275,146,9,9,2025-06-17,2025-07-01,2025-06-30,154,145,0,,5.92,5.92,0
PO-011276,146,9,1,2025-07-01,2025-07-15,2025-07-14,162,162,7,Documentation incomplete,5.92,5.94,0
PO-011277,146,9,1,2025-08-05,2025-08-19,2025-08-18,182,182,0,,5.92,5.91,0
PO-011278,146,9,1,2025-08-19,2025-09-02,2025-08-30,169,169,0,,5.92,5.99,0
PO-011279,146,9,1,2025-08-26,2025-09-09,2025-09-17,181,181,0,,5.92,5.86,0
PO-011280,146,9,10,2025-09-16,2025-09-30,2025-09-28,203,203,0,,5.92,5.96,0
PO-011281,146,9,1,2025-09-23,2025-10-07,2025-10-04,156,156,0,,5.92,5.72,0
PO-011282,146,9,9,2025-10-14,2025-10-28,2025-10-29,206,206,0,,5.92,5.84,0
PO-011283,146,9,5,2025-11-25,2025-12-09,2025-12-07,127,127,0,,5.92,5.87,0
PO-011284,146,9,5,2025-12-09,2025-12-23,2025-12-21,202,202,0,,5.92,5.85,0
PO-011285,146,9,10,2025-12-23,2026-01-06,2026-01-05,126,126,0,,5.92,5.86,0
PO-011286,146,9,5,2026-01-06,2026-01-20,2026-01-18,118,111,0,,5.92,5.86,0
PO-011287,146,9,3,2026-01-20,2026-02-03,2026-02-03,148,148,0,,5.92,5.94,0
PO-011288,146,9,1,2026-02-24,2026-03-10,2026-03-10,213,213,0,,5.92,5.88,0
PO-011289,146,9,5,2026-03-17,2026-03-31,2026-03-30,132,132,0,,5.92,5.87,0
PO-011290,146,9,3,2026-04-28,2026-05-12,2026-05-09,150,150,6,Damaged packaging,5.92,5.91,0
PO-011291,146,9,9,2026-05-05,2026-05-19,2026-05-17,206,206,0,,5.92,5.96,0
PO-011292,146,9,9,2026-06-16,2026-06-30,2026-06-27,192,192,0,,5.92,5.76,0
PO-011293,146,9,1,2026-06-30,2026-07-14,2026-07-13,134,122,0,,5.92,5.82,0
PO-011294,147,14,5,2025-02-11,2025-03-14,2025-03-02,250,244,0,,15.77,16.85,0
PO-011295,147,14,4,2025-03-11,2025-04-11,2025-04-07,250,250,0,,15.77,16.47,0
PO-011296,147,14,2,2025-07-22,2025-08-22,2025-08-06,250,250,8,Damaged packaging,15.77,16.59,0
PO-011297,147,14,8,2025-08-12,2025-09-12,2025-09-07,250,250,0,,15.77,16.72,0
PO-011298,147,14,5,2025-08-19,2025-09-19,2025-09-05,250,250,0,,15.77,16.49,0
PO-011299,147,14,8,2025-09-23,2025-10-24,2025-10-14,250,250,0,,15.77,16.62,0
PO-011300,147,14,8,2025-10-28,2025-11-28,2025-11-26,250,250,0,,15.77,16.66,0
PO-011301,147,14,4,2025-11-25,2025-12-26,2025-12-16,250,250,0,,15.77,16.47,0
PO-011302,147,14,6,2025-12-09,2026-01-09,2025-12-21,250,250,0,,15.77,16.74,0
PO-011303,147,14,4,2025-12-23,2026-01-23,2026-01-20,250,250,0,,15.77,16.53,0
PO-011304,147,14,4,2026-03-03,2026-04-03,2026-04-02,250,250,0,,15.77,16.56,0
PO-011305,147,14,2,2026-03-17,2026-04-17,2026-03-30,250,250,0,,15.77,16.65,0
PO-011306,147,13,7,2025-01-14,2025-01-31,2025-01-27,250,250,29,Short shelf life on arrival,19.29,20.17,1
PO-011307,147,13,8,2025-01-28,2025-02-14,2025-02-11,250,250,0,,19.29,20.26,1
PO-011308,147,13,1,2025-02-18,2025-03-07,2025-03-03,250,250,0,,19.29,19.82,1
PO-011309,147,13,4,2025-03-25,2025-04-11,2025-04-10,250,250,0,,19.29,20.27,1
PO-011310,147,13,7,2025-04-15,2025-05-02,2025-04-26,250,250,0,,19.29,20.07,1
PO-011311,147,13,1,2025-04-22,2025-05-09,2025-05-07,250,250,0,,19.29,20.31,1
PO-011312,147,13,10,2025-04-29,2025-05-16,2025-05-11,250,250,0,,19.29,20.0,1
PO-011313,147,13,8,2025-06-03,2025-06-20,2025-06-17,250,250,0,,19.29,19.94,1
PO-011314,147,13,6,2025-06-24,2025-07-11,2025-07-06,250,250,14,Failed spec check,19.29,19.98,1
PO-011315,147,13,2,2025-07-22,2025-08-08,2025-08-03,250,250,0,,19.29,20.24,1
PO-011316,147,13,7,2025-08-05,2025-08-22,2025-08-30,250,250,0,,19.29,20.06,1
PO-011317,147,13,5,2025-10-07,2025-10-24,2025-10-20,250,250,0,,19.29,20.08,1
PO-011318,147,13,4,2025-10-28,2025-11-14,2025-11-12,250,250,0,,19.29,20.13,1
PO-011319,147,13,8,2025-11-11,2025-11-28,2025-11-26,250,250,0,,19.29,20.05,1
PO-011320,147,13,8,2025-12-30,2026-01-16,2026-01-10,250,250,0,,19.29,20.06,1
PO-011321,147,13,2,2026-01-13,2026-01-30,2026-01-26,250,250,0,,19.29,19.93,1
PO-011322,147,13,7,2026-01-20,2026-02-06,2026-02-04,250,250,0,,19.29,20.23,1
PO-011323,147,13,5,2026-02-03,2026-02-20,2026-02-18,250,250,0,,19.29,20.2,1
PO-011324,147,13,2,2026-02-24,2026-03-13,2026-03-10,250,211,0,,19.29,20.13,1
PO-011325,147,13,4,2026-03-17,2026-04-03,2026-04-07,250,250,0,,19.29,19.88,1
PO-011326,147,13,4,2026-04-21,2026-05-08,2026-05-08,250,250,21,Failed spec check,19.29,20.42,1
PO-011327,147,13,2,2026-05-19,2026-06-05,2026-05-27,250,250,0,,19.29,20.08,1
PO-011328,147,13,4,2026-06-09,2026-06-26,2026-06-15,250,239,0,,19.29,20.03,1
PO-011329,147,13,2,2026-06-16,2026-07-03,2026-07-02,250,250,0,,19.29,19.82,1
PO-011330,147,13,5,2026-06-30,2026-07-17,2026-07-13,250,250,0,,19.29,19.55,1
PO-011331,147,17,6,2025-04-15,2025-04-30,2025-04-28,500,500,0,,18.35,18.4,0
PO-011332,147,17,4,2025-04-22,2025-05-07,2025-05-06,500,449,0,,18.35,18.32,0
PO-011333,147,17,2,2025-05-06,2025-05-21,2025-05-17,500,500,0,,18.35,18.43,0
PO-011334,147,17,1,2025-05-13,2025-05-28,2025-05-27,500,500,18,Short shelf life on arrival,18.35,18.24,0
PO-011335,147,17,7,2025-06-10,2025-06-25,2025-06-23,500,451,0,,18.35,18.45,0
PO-011336,147,17,5,2025-06-24,2025-07-09,2025-07-10,500,500,0,,18.35,18.36,0
PO-011337,147,17,7,2025-07-29,2025-08-13,2025-08-12,500,500,0,,18.35,18.23,0
PO-011338,147,17,2,2025-08-26,2025-09-10,2025-09-11,500,500,0,,18.35,18.54,0
PO-011339,147,17,4,2025-10-14,2025-10-29,2025-10-30,500,500,0,,18.35,18.09,0
PO-011340,147,17,8,2025-11-04,2025-11-19,2025-11-18,500,500,0,,18.35,18.65,0
PO-011341,147,17,2,2025-12-02,2025-12-17,2025-12-24,500,500,0,,18.35,18.43,0
PO-011342,147,17,4,2026-01-13,2026-01-28,2026-01-28,500,500,0,,18.35,18.31,0
PO-011343,147,17,1,2026-03-10,2026-03-25,2026-03-23,500,500,0,,18.35,18.62,0
PO-011344,147,17,1,2026-03-17,2026-04-01,2026-03-29,500,500,0,,18.35,18.32,0
PO-011345,147,17,1,2026-03-24,2026-04-08,2026-03-30,500,500,0,,18.35,18.43,0
PO-011346,147,17,5,2026-05-26,2026-06-10,2026-06-09,500,500,28,Documentation incomplete,18.35,18.64,0
PO-011347,147,17,4,2026-06-09,2026-06-24,2026-06-21,500,500,0,,18.35,18.11,0
PO-011348,147,22,7,2025-01-14,2025-02-28,2025-02-22,500,500,0,,14.29,14.59,0
PO-011349,147,22,8,2025-01-28,2025-03-14,2025-03-10,500,500,0,,14.29,14.32,0
PO-011350,147,22,4,2025-02-11,2025-03-28,2025-03-22,500,500,0,,14.29,14.27,0
PO-011351,147,22,7,2025-02-18,2025-04-04,2025-03-23,500,500,0,,14.29,14.41,0
PO-011352,147,22,2,2025-02-25,2025-04-11,2025-04-08,500,500,0,,14.29,14.25,0
PO-011353,147,22,5,2025-03-18,2025-05-02,2025-04-11,500,500,0,,14.29,14.35,0
PO-011354,147,22,10,2025-04-08,2025-05-23,2025-05-19,500,500,0,,14.29,14.59,0
PO-011355,147,22,4,2025-04-22,2025-06-06,2025-05-17,500,500,0,,14.29,14.42,0
PO-011356,147,22,6,2025-05-20,2025-07-04,2025-06-28,500,500,0,,14.29,14.5,0
PO-011357,147,22,2,2025-05-27,2025-07-11,2025-07-02,500,500,0,,14.29,14.18,0
PO-011358,147,22,8,2025-06-03,2025-07-18,2025-06-12,500,500,0,,14.29,14.65,0
PO-011359,147,22,2,2025-07-08,2025-08-22,2025-08-18,500,500,0,,14.29,14.37,0
PO-011360,147,22,1,2025-07-15,2025-08-29,2025-08-15,500,500,46,Damaged packaging,14.29,14.62,0
PO-011361,147,22,2,2025-08-05,2025-09-19,2025-09-16,500,500,0,,14.29,14.33,0
PO-011362,147,22,2,2025-08-12,2025-09-26,2025-10-14,500,500,0,,14.29,14.11,0
PO-011363,147,22,7,2025-08-19,2025-10-03,2025-11-06,500,500,0,,14.29,14.37,0
PO-011364,147,22,10,2025-08-26,2025-10-10,2025-10-31,500,500,0,,14.29,14.53,0
PO-011365,147,22,6,2025-09-30,2025-11-14,2025-11-05,500,500,0,,14.29,14.38,0
PO-011366,147,22,5,2025-10-21,2025-12-05,2025-11-27,500,500,19,Damaged packaging,14.29,14.73,0
PO-011367,147,22,7,2025-10-28,2025-12-12,2025-12-06,500,500,0,,14.29,14.35,0
PO-011368,147,22,8,2025-12-09,2026-01-23,2026-01-22,500,500,0,,14.29,14.35,0
PO-011369,147,22,2,2025-12-30,2026-02-13,2026-03-23,500,500,0,,14.29,14.59,0
PO-011370,147,22,1,2026-01-27,2026-03-13,2026-03-07,500,500,0,,14.29,14.52,0
PO-011371,147,22,5,2026-02-10,2026-03-27,2026-03-18,500,500,74,Failed spec check,14.29,14.63,0
PO-011372,147,22,4,2026-02-17,2026-04-03,2026-03-10,500,500,0,,14.29,14.46,0
PO-011373,147,22,8,2026-02-24,2026-04-10,2026-04-17,500,500,0,,14.29,14.03,0
PO-011374,147,22,2,2026-03-10,2026-04-24,2026-04-18,500,500,0,,14.29,14.3,0
PO-011375,147,22,5,2026-04-14,2026-05-29,2026-05-29,500,500,0,,14.29,14.42,0
PO-011376,147,22,5,2026-05-26,2026-07-10,2026-07-07,500,500,0,,14.29,14.39,0
PO-011377,148,24,4,2025-01-21,2025-02-01,2025-02-01,148,148,0,,7.16,7.01,0
PO-011378,148,24,1,2025-03-04,2025-03-15,2025-03-12,101,101,0,,7.16,6.94,0
PO-011379,148,24,1,2025-05-20,2025-05-31,2025-05-30,134,134,0,,7.16,7.03,0
PO-011380,148,24,6,2025-08-26,2025-09-06,2025-09-04,104,104,0,,7.16,7.08,0
PO-011381,148,24,6,2025-09-09,2025-09-20,2025-09-19,146,146,0,,7.16,7.08,0
PO-011382,148,24,8,2025-10-07,2025-10-18,2025-10-27,104,104,0,,7.16,7.13,0
PO-011383,148,24,4,2025-12-16,2025-12-27,2025-12-27,94,94,0,,7.16,6.92,0
PO-011384,148,24,7,2026-01-06,2026-01-17,2026-01-17,50,50,0,,7.16,6.98,0
PO-011385,148,24,8,2026-01-13,2026-01-24,2026-01-24,101,101,0,,7.16,7.1,0
PO-011386,148,24,5,2026-02-10,2026-02-21,2026-02-20,127,127,0,,7.16,6.96,0
PO-011387,148,24,1,2026-03-03,2026-03-14,2026-03-10,129,129,0,,7.16,7.0,0
PO-011388,148,24,5,2026-03-10,2026-03-21,2026-03-19,165,165,0,,7.16,6.95,0
PO-011389,148,24,4,2026-03-17,2026-03-28,2026-03-25,133,133,0,,7.16,7.04,0
PO-011390,148,24,10,2026-04-28,2026-05-09,2026-05-08,148,148,0,,7.16,7.09,0
PO-011391,148,24,10,2026-05-12,2026-05-23,2026-05-22,181,181,0,,7.16,7.06,0
PO-011392,148,24,6,2026-06-02,2026-06-13,2026-06-12,127,127,0,,7.16,6.99,0
PO-011393,148,24,5,2026-06-09,2026-06-20,2026-06-20,161,161,0,,7.16,7.02,0
PO-011394,148,12,8,2025-01-07,2025-01-17,2025-01-15,80,80,0,,7.24,7.02,1
PO-011395,148,12,2,2025-01-14,2025-01-24,2025-01-22,203,203,0,,7.24,7.16,1
PO-011396,148,12,6,2025-01-21,2025-01-31,2025-01-27,166,166,0,,7.24,7.18,1
PO-011397,148,12,8,2025-01-28,2025-02-07,2025-02-11,116,116,0,,7.24,7.06,1
PO-011398,148,12,10,2025-02-18,2025-02-28,2025-02-24,142,142,0,,7.24,7.05,1
PO-011399,148,12,6,2025-02-25,2025-03-07,2025-03-04,140,140,0,,7.24,7.04,1
PO-011400,148,12,2,2025-03-11,2025-03-21,2025-03-19,153,153,0,,7.24,6.97,1
PO-011401,148,12,8,2025-03-25,2025-04-04,2025-04-04,95,95,0,,7.24,6.96,1
PO-011402,148,12,10,2025-04-01,2025-04-11,2025-04-10,174,174,0,,7.24,7.01,1
PO-011403,148,12,7,2025-04-08,2025-04-18,2025-04-15,168,168,0,,7.24,7.02,1
PO-011404,148,12,8,2025-04-29,2025-05-09,2025-05-14,115,115,0,,7.24,7.08,1
PO-011405,148,12,6,2025-06-03,2025-06-13,2025-06-07,140,140,0,,7.24,6.97,1
PO-011406,148,12,6,2025-07-15,2025-07-25,2025-07-24,118,118,0,,7.24,7.24,1
PO-011407,148,12,10,2025-08-12,2025-08-22,2025-08-20,170,170,0,,7.24,7.07,1
PO-011408,148,12,8,2025-08-19,2025-08-29,2025-08-29,117,117,0,,7.24,6.99,1
PO-011409,148,12,8,2025-09-09,2025-09-19,2025-09-16,177,177,0,,7.24,7.14,1
PO-011410,148,12,7,2025-09-23,2025-10-03,2025-10-03,177,177,0,,7.24,7.04,1
PO-011411,148,12,1,2025-09-30,2025-10-10,2025-10-13,99,99,0,,7.24,6.99,1
PO-011412,148,12,8,2025-10-14,2025-10-24,2025-10-24,164,164,0,,7.24,7.05,1
PO-011413,148,12,6,2025-10-21,2025-10-31,2025-10-26,140,140,0,,7.24,6.89,1
PO-011414,148,12,10,2025-10-28,2025-11-07,2025-11-05,167,167,0,,7.24,7.14,1
PO-011415,148,12,5,2025-11-04,2025-11-14,2025-11-13,164,164,0,,7.24,6.98,1
PO-011416,148,12,2,2025-11-18,2025-11-28,2025-11-27,168,168,0,,7.24,6.95,1
PO-011417,148,12,7,2025-11-25,2025-12-05,2025-12-05,220,220,0,,7.24,7.05,1
PO-011418,148,12,5,2025-12-02,2025-12-12,2025-12-12,137,137,0,,7.24,7.03,1
PO-011419,148,12,1,2025-12-16,2025-12-26,2025-12-25,113,113,0,,7.24,7.03,1
PO-011420,148,12,10,2025-12-30,2026-01-09,2026-01-03,92,92,0,,7.24,7.08,1
PO-011421,148,12,2,2026-01-20,2026-01-30,2026-01-29,170,170,0,,7.24,7.0,1
PO-011422,148,12,2,2026-02-03,2026-02-13,2026-02-18,176,176,0,,7.24,6.97,1
PO-011423,148,12,1,2026-02-10,2026-02-20,2026-02-20,142,142,0,,7.24,6.97,1
PO-011424,148,12,4,2026-03-03,2026-03-13,2026-03-13,172,172,0,,7.24,7.11,1
PO-011425,148,12,6,2026-03-10,2026-03-20,2026-03-28,63,63,0,,7.24,6.95,1
PO-011426,148,12,8,2026-03-17,2026-03-27,2026-03-26,106,106,0,,7.24,7.01,1
PO-011427,148,12,8,2026-03-31,2026-04-10,2026-04-09,183,183,0,,7.24,7.1,1
PO-011428,148,12,1,2026-05-19,2026-05-29,2026-05-26,121,121,0,,7.24,6.99,1
PO-011429,148,12,5,2026-05-26,2026-06-05,2026-06-04,124,124,0,,7.24,6.95,1
PO-011430,148,12,4,2026-06-02,2026-06-12,2026-06-10,132,132,0,,7.24,7.1,1
PO-011431,148,12,10,2026-06-09,2026-06-19,2026-06-17,153,153,0,,7.24,6.95,1
PO-011432,148,12,6,2026-06-30,2026-07-10,2026-07-08,162,162,0,,7.24,6.97,1
PO-011433,148,6,4,2025-08-05,2025-08-14,2025-08-12,282,282,0,,7.78,7.65,0
PO-011434,148,6,7,2025-08-19,2025-08-28,2025-08-26,264,264,0,,7.78,7.56,0
PO-011435,148,6,4,2025-11-11,2025-11-20,2025-11-20,232,232,0,,7.78,7.63,0
PO-011436,148,6,1,2025-12-09,2025-12-18,2025-12-15,143,143,0,,7.78,7.62,0
PO-011437,148,6,4,2025-12-23,2026-01-01,2025-12-29,204,204,0,,7.78,7.62,0
PO-011438,148,6,10,2026-02-03,2026-02-12,2026-02-10,244,244,0,,7.78,7.57,0
PO-011439,148,6,6,2026-02-24,2026-03-05,2026-03-04,271,271,0,,7.78,7.62,0
PO-011440,148,6,10,2026-03-10,2026-03-19,2026-03-19,296,296,0,,7.78,7.35,0
PO-011441,148,6,8,2026-04-28,2026-05-07,2026-05-07,300,300,0,,7.78,7.69,0
PO-011442,148,6,4,2026-06-23,2026-07-02,2026-07-02,203,203,0,,7.78,7.68,0
PO-011443,149,1,1,2025-01-07,2025-01-24,2025-01-21,250,250,0,,15.85,15.9,1
PO-011444,149,1,7,2025-01-14,2025-01-31,2025-02-02,250,250,0,,15.85,16.12,1
PO-011445,149,1,9,2025-01-21,2025-02-07,2025-02-05,250,250,0,,15.85,15.87,1
PO-011446,149,1,5,2025-02-04,2025-02-21,2025-02-19,250,250,0,,15.85,16.09,1
PO-011447,149,1,1,2025-02-11,2025-02-28,2025-02-25,250,250,0,,15.85,15.89,1
PO-011448,149,1,9,2025-02-18,2025-03-07,2025-03-12,250,250,0,,15.85,15.64,1
PO-011449,149,1,1,2025-02-25,2025-03-14,2025-03-23,250,250,0,,15.85,15.9,1
PO-011450,149,1,1,2025-03-11,2025-03-28,2025-03-22,250,250,0,,15.85,15.83,1
PO-011451,149,1,10,2025-03-18,2025-04-04,2025-04-04,250,250,0,,15.85,15.68,1
PO-011452,149,1,7,2025-03-25,2025-04-11,2025-04-10,250,250,0,,15.85,15.74,1
PO-011453,149,1,5,2025-04-01,2025-04-18,2025-04-18,250,250,0,,15.85,16.1,1
PO-011454,149,1,9,2025-04-15,2025-05-02,2025-05-02,250,250,0,,15.85,16.29,1
PO-011455,149,1,4,2025-05-06,2025-05-23,2025-05-22,250,250,0,,15.85,16.08,1
PO-011456,149,1,4,2025-05-13,2025-05-30,2025-05-30,250,239,0,,15.85,15.68,1
PO-011457,149,1,9,2025-05-20,2025-06-06,2025-06-04,250,250,0,,15.85,15.82,1
PO-011458,149,1,4,2025-05-27,2025-06-13,2025-07-02,250,250,0,,15.85,16.18,1
PO-011459,149,1,10,2025-06-03,2025-06-20,2025-06-15,250,244,0,,15.85,15.77,1
PO-011460,149,1,1,2025-06-10,2025-06-27,2025-06-27,250,250,0,,15.85,16.01,1
PO-011461,149,1,7,2025-06-17,2025-07-04,2025-07-08,250,250,0,,15.85,15.87,1
PO-011462,149,1,7,2025-07-01,2025-07-18,2025-07-24,250,250,0,,15.85,16.12,1
PO-011463,149,1,5,2025-07-08,2025-07-25,2025-07-22,250,250,0,,15.85,15.75,1
PO-011464,149,1,7,2025-07-15,2025-08-01,2025-08-05,250,250,0,,15.85,16.01,1
PO-011465,149,1,10,2025-07-29,2025-08-15,2025-08-14,250,250,0,,15.85,15.99,1
PO-011466,149,1,1,2025-08-05,2025-08-22,2025-08-18,250,250,0,,15.85,15.86,1
PO-011467,149,1,10,2025-08-12,2025-08-29,2025-08-25,250,250,0,,15.85,16.01,1
PO-011468,149,1,4,2025-08-19,2025-09-05,2025-09-03,250,250,0,,15.85,15.91,1
PO-011469,149,1,4,2025-09-16,2025-10-03,2025-10-02,250,250,0,,15.85,15.84,1
PO-011470,149,1,7,2025-09-23,2025-10-10,2025-10-07,250,250,0,,15.85,16.05,1
PO-011471,149,1,1,2025-09-30,2025-10-17,2025-10-12,250,241,0,,15.85,16.09,1
PO-011472,149,1,7,2025-10-07,2025-10-24,2025-10-23,250,250,0,,15.85,15.74,1
PO-011473,149,1,10,2025-10-14,2025-10-31,2025-11-10,250,243,0,,15.85,15.98,1
PO-011474,149,1,9,2025-10-28,2025-11-14,2025-11-14,250,250,0,,15.85,16.16,1
PO-011475,149,1,4,2025-11-11,2025-11-28,2025-12-02,250,250,0,,15.85,16.02,1
PO-011476,149,1,1,2025-11-18,2025-12-05,2025-12-25,250,250,0,,15.85,16.0,1
PO-011477,149,1,9,2025-11-25,2025-12-12,2025-12-17,250,250,0,,15.85,15.96,1
PO-011478,149,1,10,2025-12-02,2025-12-19,2025-12-19,250,250,51,Temperature excursion in transit,15.85,15.96,1
PO-011479,149,1,7,2025-12-16,2026-01-02,2025-12-31,250,250,0,,15.85,15.96,1
PO-011480,149,1,7,2025-12-23,2026-01-09,2026-01-11,250,250,0,,15.85,16.08,1
PO-011481,149,1,9,2025-12-30,2026-01-16,2026-01-25,250,250,0,,15.85,16.11,1
PO-011482,149,1,5,2026-01-06,2026-01-23,2026-01-22,250,250,0,,15.85,15.86,1
PO-011483,149,1,5,2026-01-13,2026-01-30,2026-01-28,250,250,0,,15.85,15.92,1
PO-011484,149,1,4,2026-01-20,2026-02-06,2026-02-04,250,250,0,,15.85,15.78,1
PO-011485,149,1,10,2026-01-27,2026-02-13,2026-02-12,250,250,0,,15.85,15.92,1
PO-011486,149,1,3,2026-02-03,2026-02-20,2026-02-15,250,250,0,,15.85,15.93,1
PO-011487,149,1,4,2026-03-10,2026-03-27,2026-04-03,250,250,0,,15.85,16.06,1
PO-011488,149,1,5,2026-03-17,2026-04-03,2026-04-02,250,250,0,,15.85,16.07,1
PO-011489,149,1,1,2026-03-24,2026-04-10,2026-04-06,250,250,0,,15.85,15.81,1
PO-011490,149,1,7,2026-03-31,2026-04-17,2026-04-16,250,250,0,,15.85,15.78,1
PO-011491,149,1,7,2026-04-07,2026-04-24,2026-04-23,250,250,0,,15.85,16.02,1
PO-011492,149,1,4,2026-04-14,2026-05-01,2026-04-30,250,250,0,,15.85,16.09,1
PO-011493,149,1,9,2026-04-21,2026-05-08,2026-05-08,250,250,0,,15.85,15.66,1
PO-011494,149,1,1,2026-04-28,2026-05-15,2026-05-13,250,250,0,,15.85,15.75,1
PO-011495,149,1,4,2026-05-05,2026-05-22,2026-05-20,250,250,0,,15.85,15.9,1
PO-011496,149,1,4,2026-05-12,2026-05-29,2026-05-27,250,250,0,,15.85,15.98,1
PO-011497,149,1,5,2026-05-19,2026-06-05,2026-06-03,250,250,0,,15.85,15.65,1
PO-011498,149,1,5,2026-05-26,2026-06-12,2026-06-27,250,250,0,,15.85,15.92,1
PO-011499,149,1,7,2026-06-02,2026-06-19,2026-06-18,250,250,0,,15.85,15.94,1
PO-011500,149,1,5,2026-06-09,2026-06-26,2026-06-26,250,250,0,,15.85,16.11,1
PO-011501,149,1,3,2026-06-23,2026-07-10,2026-07-09,250,250,0,,15.85,15.84,1
PO-011502,149,1,3,2026-06-30,2026-07-17,2026-07-13,250,250,0,,15.85,16.21,1
PO-011503,149,9,9,2025-01-07,2025-01-16,2025-01-13,250,250,0,,18.17,17.81,0
PO-011504,149,9,10,2025-02-04,2025-02-13,2025-02-11,250,250,0,,18.17,17.79,0
PO-011505,149,9,10,2025-02-25,2025-03-06,2025-03-04,250,250,0,,18.17,18.32,0
PO-011506,149,9,1,2025-03-04,2025-03-13,2025-03-10,250,237,0,,18.17,18.16,0
PO-011507,149,9,5,2025-04-29,2025-05-08,2025-05-06,250,250,0,,18.17,17.97,0
PO-011508,149,9,4,2025-05-27,2025-06-05,2025-06-04,250,250,0,,18.17,18.05,0
PO-011509,149,9,9,2025-06-03,2025-06-12,2025-06-11,250,250,0,,18.17,17.87,0
PO-011510,149,9,4,2025-06-17,2025-06-26,2025-06-26,250,250,0,,18.17,17.92,0
PO-011511,149,9,1,2025-07-22,2025-07-31,2025-07-31,250,250,0,,18.17,17.88,0
PO-011512,149,9,5,2025-07-29,2025-08-07,2025-08-07,250,250,0,,18.17,18.01,0
PO-011513,149,9,4,2025-09-16,2025-09-25,2025-09-24,250,250,0,,18.17,18.12,0
PO-011514,149,9,5,2025-10-14,2025-10-23,2025-10-22,250,250,0,,18.17,17.75,0
PO-011515,149,9,1,2025-10-21,2025-10-30,2025-10-28,250,250,0,,18.17,17.85,0
PO-011516,149,9,10,2025-11-04,2025-11-13,2025-11-13,250,250,0,,18.17,18.45,0
PO-011517,149,9,7,2025-11-18,2025-11-27,2025-11-26,250,250,0,,18.17,18.33,0
PO-011518,149,9,5,2025-12-23,2026-01-01,2025-12-31,250,250,0,,18.17,18.31,0
PO-011519,149,9,3,2026-01-13,2026-01-22,2026-01-21,250,250,0,,18.17,18.03,0
PO-011520,149,9,4,2026-01-27,2026-02-05,2026-02-05,250,250,0,,18.17,18.09,0
PO-011521,149,9,4,2026-02-03,2026-02-12,2026-02-11,250,243,0,,18.17,18.29,0
PO-011522,149,9,1,2026-02-10,2026-02-19,2026-02-17,250,250,0,,18.17,17.99,0
PO-011523,149,9,3,2026-04-07,2026-04-16,2026-04-16,250,250,0,,18.17,18.09,0
PO-011524,149,9,1,2026-05-12,2026-05-21,2026-05-21,250,250,0,,18.17,18.08,0
PO-011525,149,9,10,2026-06-23,2026-07-02,2026-07-01,250,250,0,,18.17,17.97,0
PO-011526,149,9,7,2026-06-30,2026-07-09,2026-07-08,250,250,0,,18.17,17.71,0
PO-011527,150,23,1,2025-01-28,2025-02-09,2025-02-09,412,412,0,,2.87,3.04,0
PO-011528,150,23,4,2025-03-18,2025-03-30,2025-03-30,628,628,0,,2.87,3.02,0
PO-011529,150,6,4,2025-01-07,2025-01-17,2025-01-14,656,656,0,,2.77,2.7,1
PO-011530,150,6,3,2025-01-14,2025-01-24,2025-01-22,667,667,0,,2.77,2.71,1
PO-011531,150,6,5,2025-01-21,2025-01-31,2025-01-30,598,598,0,,2.77,2.7,1
PO-011532,150,6,7,2025-01-28,2025-02-07,2025-02-07,405,405,0,,2.77,2.73,1
PO-011533,150,6,1,2025-02-04,2025-02-14,2025-02-13,565,565,0,,2.77,2.72,1
PO-011534,150,6,10,2025-02-11,2025-02-21,2025-02-20,498,479,0,,2.77,2.67,1
PO-011535,150,6,4,2025-02-18,2025-02-28,2025-02-27,419,419,0,,2.77,2.68,1
PO-011536,150,6,3,2025-02-25,2025-03-07,2025-03-07,547,547,0,,2.77,2.69,1
PO-011537,150,6,1,2025-03-04,2025-03-14,2025-03-14,797,797,0,,2.77,2.67,1
PO-011538,150,6,7,2025-03-11,2025-03-21,2025-03-20,647,623,0,,2.77,2.7,1
PO-011539,150,6,10,2025-03-18,2025-03-28,2025-03-25,546,546,0,,2.77,2.66,1
PO-011540,150,6,9,2025-03-25,2025-04-04,2025-04-03,750,750,0,,2.77,2.75,1
PO-011541,150,6,4,2025-04-01,2025-04-11,2025-04-08,557,557,0,,2.77,2.64,1
PO-011542,150,6,1,2025-04-08,2025-04-18,2025-04-17,713,713,0,,2.77,2.72,1
PO-011543,150,6,10,2025-04-15,2025-04-25,2025-04-24,167,167,0,,2.77,2.64,1
PO-011544,150,6,3,2025-04-22,2025-05-02,2025-05-01,818,818,0,,2.77,2.67,1
PO-011545,150,6,3,2025-04-29,2025-05-09,2025-05-09,656,656,0,,2.77,2.72,1
PO-011546,150,6,1,2025-05-06,2025-05-16,2025-05-16,748,724,0,,2.77,2.7,1
PO-011547,150,6,1,2025-05-13,2025-05-23,2025-05-22,615,615,0,,2.77,2.68,1
PO-011548,150,6,5,2025-05-20,2025-05-30,2025-05-30,323,323,0,,2.77,2.69,1
PO-011549,150,6,5,2025-05-27,2025-06-06,2025-06-06,953,953,0,,2.77,2.65,1
PO-011550,150,6,10,2025-06-03,2025-06-13,2025-06-12,431,431,0,,2.77,2.71,1
PO-011551,150,6,1,2025-06-10,2025-06-20,2025-06-18,703,703,0,,2.77,2.69,1
PO-011552,150,6,10,2025-06-17,2025-06-27,2025-06-26,513,513,0,,2.77,2.69,1
PO-011553,150,6,4,2025-06-24,2025-07-04,2025-07-04,689,689,0,,2.77,2.72,1
PO-011554,150,6,3,2025-07-01,2025-07-11,2025-07-10,579,579,0,,2.77,2.7,1
PO-011555,150,6,1,2025-07-08,2025-07-18,2025-07-17,508,508,0,,2.77,2.68,1
PO-011556,150,6,5,2025-07-15,2025-07-25,2025-07-24,608,608,0,,2.77,2.69,1
PO-011557,150,6,3,2025-07-22,2025-08-01,2025-08-01,673,673,0,,2.77,2.73,1
PO-011558,150,6,7,2025-07-29,2025-08-08,2025-08-07,405,405,0,,2.77,2.68,1
PO-011559,150,6,5,2025-08-05,2025-08-15,2025-08-15,549,549,0,,2.77,2.71,1
PO-011560,150,6,1,2025-08-12,2025-08-22,2025-08-22,433,433,0,,2.77,2.68,1
PO-011561,150,6,7,2025-08-19,2025-08-29,2025-08-28,663,663,0,,2.77,2.71,1
PO-011562,150,6,5,2025-08-26,2025-09-05,2025-09-04,804,804,0,,2.77,2.69,1
PO-011563,150,6,9,2025-09-02,2025-09-12,2025-09-09,606,606,0,,2.77,2.7,1
PO-011564,150,6,3,2025-09-09,2025-09-19,2025-09-17,491,491,0,,2.77,2.66,1
PO-011565,150,6,7,2025-09-16,2025-09-26,2025-09-26,454,454,0,,2.77,2.63,1
PO-011566,150,6,10,2025-09-23,2025-10-03,2025-10-01,394,394,0,,2.77,2.68,1
PO-011567,150,6,9,2025-09-30,2025-10-10,2025-10-09,387,363,0,,2.77,2.66,1
PO-011568,150,6,3,2025-10-07,2025-10-17,2025-10-14,474,474,0,,2.77,2.65,1
PO-011569,150,6,1,2025-10-14,2025-10-24,2025-10-24,585,585,0,,2.77,2.67,1
PO-011570,150,6,7,2025-10-21,2025-10-31,2025-10-30,673,673,0,,2.77,2.66,1
PO-011571,150,6,9,2025-10-28,2025-11-07,2025-11-06,601,601,0,,2.77,2.67,1
PO-011572,150,6,10,2025-11-04,2025-11-14,2025-11-13,612,568,0,,2.77,2.73,1
PO-011573,150,6,1,2025-11-11,2025-11-21,2025-11-21,680,680,0,,2.77,2.66,1
PO-011574,150,6,5,2025-11-18,2025-11-28,2025-11-28,306,306,0,,2.77,2.69,1
PO-011575,150,6,9,2025-11-25,2025-12-05,2025-12-05,329,329,13,Documentation incomplete,2.77,2.65,1
PO-011576,150,6,10,2025-12-02,2025-12-12,2025-12-11,712,712,0,,2.77,2.72,1
PO-011577,150,6,10,2025-12-09,2025-12-19,2025-12-17,458,458,0,,2.77,2.64,1
PO-011578,150,6,7,2025-12-16,2025-12-26,2025-12-26,697,697,0,,2.77,2.7,1
PO-011579,150,6,10,2025-12-23,2026-01-02,2025-12-31,622,622,0,,2.77,2.69,1
PO-011580,150,6,10,2025-12-30,2026-01-09,2026-01-09,395,395,0,,2.77,2.69,1
PO-011581,150,6,7,2026-01-06,2026-01-16,2026-01-14,779,779,0,,2.77,2.71,1
PO-011582,150,6,10,2026-01-13,2026-01-23,2026-01-23,534,534,0,,2.77,2.69,1
PO-011583,150,6,3,2026-01-20,2026-01-30,2026-01-25,512,512,0,,2.77,2.72,1
PO-011584,150,6,1,2026-02-03,2026-02-13,2026-02-09,839,839,0,,2.77,2.72,1
PO-011585,150,6,1,2026-02-17,2026-02-27,2026-02-26,601,601,0,,2.77,2.69,1
PO-011586,150,6,5,2026-02-24,2026-03-06,2026-03-12,490,490,0,,2.77,2.69,1
PO-011587,150,6,3,2026-03-03,2026-03-13,2026-03-11,633,633,0,,2.77,2.7,1
PO-011588,150,6,10,2026-03-10,2026-03-20,2026-03-19,676,676,0,,2.77,2.68,1
PO-011589,150,6,10,2026-03-17,2026-03-27,2026-03-26,750,750,0,,2.77,2.7,1
PO-011590,150,6,4,2026-03-24,2026-04-03,2026-04-01,458,458,0,,2.77,2.66,1
PO-011591,150,6,7,2026-03-31,2026-04-10,2026-04-08,576,576,0,,2.77,2.71,1
PO-011592,150,6,4,2026-04-07,2026-04-17,2026-04-16,831,831,0,,2.77,2.71,1
PO-011593,150,6,7,2026-04-14,2026-04-24,2026-04-20,581,581,0,,2.77,2.74,1
PO-011594,150,6,1,2026-04-21,2026-05-01,2026-04-28,776,776,0,,2.77,2.73,1
PO-011595,150,6,10,2026-04-28,2026-05-08,2026-05-08,676,676,0,,2.77,2.74,1
PO-011596,150,6,3,2026-05-05,2026-05-15,2026-05-14,417,417,42,Temperature excursion in transit,2.77,2.69,1
PO-011597,150,6,5,2026-05-12,2026-05-22,2026-05-20,657,657,0,,2.77,2.69,1
PO-011598,150,6,10,2026-05-19,2026-05-29,2026-05-29,570,570,0,,2.77,2.7,1
PO-011599,150,6,4,2026-05-26,2026-06-05,2026-06-03,757,757,0,,2.77,2.69,1
PO-011600,150,6,5,2026-06-02,2026-06-12,2026-06-11,914,914,0,,2.77,2.72,1
PO-011601,150,6,9,2026-06-09,2026-06-19,2026-06-18,599,599,0,,2.77,2.7,1
PO-011602,150,6,5,2026-06-16,2026-06-26,2026-06-25,778,778,0,,2.77,2.71,1
PO-011603,150,6,4,2026-06-23,2026-07-03,2026-07-02,847,847,0,,2.77,2.76,1
PO-011604,150,6,10,2026-06-30,2026-07-10,2026-07-09,425,425,0,,2.77,2.7,1
